#{"t_start": 1789360542.891872, "env_id": "None"}
r,l,t
-2.643237,52,1.014063
-2.672097,51,1.045676
-2.717441,51,1.075737
-2.78362,51,1.106106
-2.687133,51,1.135194
-2.660779,51,1.167178
-2.713498,51,1.196758
-2.937456,51,1.226169
-2.767077,51,1.255665
-2.604944,51,1.285066
-2.981045,51,1.316527
-2.564005,51,1.345937
-2.817552,51,1.379567
-2.761963,51,1.412361
-2.690222,51,1.444217
-2.856351,51,1.476313
-2.686743,51,1.505783
-2.724274,51,1.535149
-2.781629,51,1.565044
-2.684521,51,1.597009
-2.810273,51,1.629124
-2.669656,51,1.66218
-2.73946,51,1.692705
-2.663055,51,1.723293
-2.662938,52,1.753312
-2.740293,52,1.785352
-2.715118,51,1.81458
-2.798505,51,1.843854
-2.759392,51,1.873014
-2.817006,51,1.903276
-2.687425,51,1.933025
-2.679483,51,1.96495
-2.801007,51,1.994472
-2.684061,51,2.024081
-2.655724,51,2.05375
-2.763631,51,2.083333
-2.676089,51,2.114157
-2.669135,51,2.143705
-2.697071,51,2.173046
-2.721127,51,2.202427
-2.493723,51,2.232347
-2.802471,51,2.264169
-2.773024,51,2.293551
-2.676904,51,2.323867
-2.749597,52,2.352935
-2.5633,52,2.38331
-2.700625,51,2.415401
-2.751993,51,2.444784
-2.708674,51,2.47421
-2.696575,51,2.503686
-2.614673,51,2.533116
-2.740944,51,2.565879
-2.530147,51,2.596434
-2.968689,51,2.62587
-2.604974,51,2.656586
-2.611895,51,2.686861
-2.629268,51,2.716966
-2.702012,52,2.751302
-2.626128,51,2.786845
-2.638218,51,2.819269
-2.721878,51,2.85176
-2.641132,52,2.888316
-2.634363,51,2.92137
-2.678439,51,2.95508
-2.808671,51,2.988722
-2.641901,51,3.021069
-2.955343,51,3.053407
-2.592621,51,3.088496
-2.750749,51,3.119864
-2.665881,51,3.151103
-2.683343,51,3.183069
-2.681467,52,3.215321
-2.704831,51,3.248899
-2.703012,51,3.279847
-2.688791,51,3.310737
-2.515798,51,3.341224
-2.584932,51,3.372911
-2.74309,51,3.406446
-2.628356,51,3.437233
-2.564774,51,3.468043
-2.716477,51,3.498579
-2.74244,51,3.529169
-2.95624,51,3.562128
-2.851321,51,3.593734
-2.771877,51,3.623513
-2.702616,51,3.653652
-2.679325,51,3.68632
-2.590714,51,3.714981
-2.593976,51,3.747123
-2.557414,51,3.77705
-2.856401,52,3.808321
-2.56437,51,3.837988
-2.701709,51,3.86764
-2.831558,51,3.899652
-2.933999,51,3.928939
-2.55835,51,3.957649
-2.77148,51,3.987073
-2.517178,51,4.016538
-2.817685,51,4.047362
-2.733043,52,4.077707
-3.000522,51,4.10652
-2.713831,51,4.135857
-2.536388,51,4.164918
-3.165965,51,4.196211
-2.696302,51,4.225344
-2.73004,51,4.254545
-2.704253,51,4.284195
-2.663341,51,4.31617
-2.843614,51,4.349118
-2.680921,51,4.37916
-2.691256,51,4.408925
-2.849515,51,4.439396
-2.636236,51,4.470342
-2.676474,51,4.500057
-2.648761,52,4.534042
-2.743515,51,4.564563
-2.703259,51,4.593791
-2.702326,51,4.623104
-2.741516,51,4.652146
-2.805059,51,4.683492
-2.67599,51,4.712603
-2.792566,51,4.741611
-2.685059,51,4.770656
-2.668936,52,4.800006
-2.806551,51,4.831176
-2.662302,51,4.860613
-2.693681,51,4.889737
-2.931679,51,4.918507
-2.666077,52,4.948426
-2.779995,51,4.980522
-2.56172,51,5.00971
-2.605587,51,5.038796
-2.849069,51,5.0691
-2.563752,51,5.098401
-2.726573,51,5.130203
-2.714624,51,5.159604
-2.49352,51,5.189937
-2.970329,51,5.219489
-2.63204,51,5.250097
-2.709348,51,5.282205
-2.678235,51,5.313219
-2.538889,51,5.344022
-2.771604,52,5.374022
-2.621522,51,5.407081
-2.742398,51,5.443087
-2.582005,51,5.474992
-2.419488,51,5.505903
-2.910144,51,5.536305
-2.632512,51,5.566308
-2.668554,51,5.595818
-2.637305,51,5.628036
-2.691607,51,5.657963
-2.706558,52,5.690788
-2.839874,51,5.719473
-2.572489,51,5.748952
-2.618106,52,5.780284
-2.574398,51,5.809684
-2.68423,51,5.83877
-2.714331,51,5.868028
-2.82339,51,5.901371
-2.639413,51,5.937161
-2.9,51,5.97083
-2.760981,51,6.002586
-2.748284,51,6.03557
-2.595745,51,6.067746
-2.806616,51,6.098619
-2.782738,51,6.128037
-2.952971,52,6.157347
-2.923032,51,6.18647
-2.864867,51,6.215574
-2.625716,51,6.247093
-2.734948,51,6.27707
-2.643335,51,6.306537
-2.671921,51,6.335775
-2.745111,51,6.364958
-2.747932,52,6.396834
-2.83828,51,6.426098
-2.754764,52,6.456508
-2.70839,52,6.485766
-2.758987,52,6.517588
-2.635691,51,6.546991
-2.7749,51,6.576271
-2.745918,51,6.605548
-2.823974,51,6.633853
-2.639125,52,6.66581
-2.664322,51,6.695136
-2.634465,51,6.723756
-2.694362,51,6.752879
-2.724285,51,6.781822
-2.670649,51,6.810751
-2.749308,51,6.841968
-2.640535,51,6.87077
-2.59079,51,6.898942
-2.692556,51,6.927655
-2.679495,51,6.95611
-2.857872,51,6.988063
-2.761445,51,7.017234
-2.549617,51,7.046926
-2.502704,51,7.076532
-2.743844,51,7.105579
-2.733675,52,7.139155
-2.702904,51,7.168844
-2.734303,51,7.197498
-3.051939,51,7.227123
-2.802157,52,7.257516
-2.786777,51,7.288374
-2.731569,51,7.317861
-2.704068,51,7.34803
-2.763338,51,7.378692
-2.780143,51,7.408105
-2.893024,52,7.439735
-2.750006,52,7.467875
-2.547892,51,7.494788
-2.710018,51,7.519873
-2.588243,51,7.544966
-2.550582,51,7.571985
-2.785573,52,7.597416
-2.617593,51,7.622457
-2.833123,51,7.647765
-2.771812,51,7.672835
-2.871728,51,7.700082
-2.975388,51,7.725239
-2.624822,51,7.74989
-2.782489,51,7.773552
-2.651331,51,7.79798
-2.584376,51,7.823293
-2.644477,51,7.84864
-2.713293,52,7.875174
-2.797555,52,7.902134
-2.569017,52,7.929892
-2.575012,51,7.961642
-2.741763,52,7.990367
-2.649012,51,8.018358
-2.765807,51,8.046394
-2.637896,51,8.074343
-2.615723,51,8.10505
-2.764361,51,8.136971
-2.57999,51,8.17038
-2.822236,51,8.216146
-2.735376,51,8.25112
-2.643565,51,8.288966
-2.952662,52,8.322042
-2.881888,51,8.353312
-2.601682,51,8.384918
-2.765034,52,8.417466
-2.854767,51,8.450953
-2.719002,51,8.479668
-2.739118,52,8.510243
-2.875617,51,8.539484
-2.66543,51,8.56771
-2.767514,51,8.599679
-2.694616,51,8.629601
-3.225759,52,8.659996
-2.783065,51,8.689058
-2.669008,52,8.721957
-2.792968,51,8.752879
-2.694721,51,8.782872
-3.01642,51,8.812319
-2.75798,51,8.84059
-2.743521,51,8.869592
-2.655181,51,8.902805
-2.761982,52,8.937758
-2.839067,51,8.966702
-2.780928,51,8.996763
-2.659909,51,9.025666
-2.672332,51,9.057369
-2.685245,51,9.08698
-2.862284,51,9.117589
-2.761384,51,9.148317
-2.599529,51,9.17882
-2.712104,51,9.216038
-2.660466,51,9.248219
-2.61432,51,9.279533
-2.717945,51,9.310074
-2.715953,52,9.340202
-2.681823,51,9.37216
-2.746518,51,9.401724
-2.518245,51,9.435359
-2.638368,51,9.479003
-2.907018,52,9.512917
-2.667093,51,9.559663
-2.669282,51,9.593761
-2.672423,51,9.629139
-2.676002,51,9.670819
-2.782773,51,9.704676
-2.553523,51,9.741353
-2.865677,51,9.774721
-2.701052,51,9.806597
-2.760981,51,9.839004
-2.659794,51,9.874348
-2.644031,51,9.910142
-2.66391,51,9.948457
-2.781653,52,9.984163
-2.729249,51,10.016757
-2.667583,51,10.047838
-2.740475,51,10.080877
-2.798632,51,10.116319
-2.551295,51,10.150884
-2.757149,51,10.183847
-2.75464,51,10.221299
-2.684086,51,10.255311
-2.709105,51,10.292021
-2.728787,51,10.325292
-2.67727,52,10.360196
-2.633308,51,10.402512
-2.858489,51,10.445163
-2.875588,51,10.485425
-2.613574,51,10.5221
-2.489809,51,10.558661
-2.696553,51,10.594838
-2.716642,51,10.62897
-2.736241,51,10.663816
-2.574049,51,10.697801
-2.772122,51,10.732006
-2.777583,51,10.763603
-2.862412,52,10.796363
-2.834203,51,10.829783
-2.676456,52,10.862911
-2.680367,51,10.894648
-2.896339,52,10.92658
-2.739919,51,10.961084
-2.614615,51,10.998838
-2.56396,51,11.034296
-2.746137,51,11.071862
-2.647877,51,11.104731
-2.722855,51,11.138274
-2.787873,51,11.174855
-2.836877,51,11.209282
-2.628336,51,11.244493
-3.045078,51,11.283074
-2.689251,51,11.323131
-2.65141,51,11.361114
-2.883427,51,11.400106
-2.789665,51,11.434434
-2.826702,51,11.46777
-2.80531,51,11.500949
-2.597626,51,11.532448
-2.529451,51,11.567315
-2.702601,51,11.609182
-2.749504,51,11.643107
-2.777147,52,11.676315
-2.710304,51,11.709484
-2.806221,51,11.745227
-2.645774,52,11.784666
-2.777846,51,11.821188
-2.632918,51,11.855316
-2.749008,51,11.891455
-2.67996,51,11.926826
-2.65004,52,11.962071
-2.766028,51,11.995424
-2.556838,51,12.028518
-2.78878,51,12.060253
-2.878944,51,12.094962
-2.650078,52,12.127179
-2.751337,52,12.159191
-2.784993,51,12.190949
-2.654548,51,12.222138
-2.619792,52,12.255136
-2.743544,51,12.285538
-2.639191,51,12.316578
-2.843565,52,12.3516
-2.676716,51,12.387099
-2.746831,51,12.41763
-2.716802,51,12.447886
-2.648105,51,12.478455
-2.660018,51,12.508791
-2.721364,52,12.54172
-2.81583,52,12.573446
-2.704067,51,12.605412
-2.73465,51,12.636947
-2.704001,51,12.668221
-2.702136,51,12.701929
-2.857333,51,12.732053
-2.677049,51,12.763637
-2.744893,51,12.794315
-2.673161,51,12.824258
-2.75043,51,12.855045
-2.736667,52,12.887648
-2.740824,51,12.918831
-2.772706,51,12.948825
-2.740905,51,12.97833
-2.669522,51,13.008389
-2.562828,51,13.041018
-2.759253,51,13.071545
-2.613807,51,13.102254
-2.598169,51,13.1332
-2.757724,52,13.163938
-2.737187,51,13.196709
-2.746825,51,13.226678
-2.741068,52,13.25696
-2.66157,51,13.287269
-2.841521,52,13.321505
-2.661382,51,13.351972
-2.662872,51,13.38211
-2.630729,51,13.412181
-2.603306,51,13.442188
-2.799239,51,13.472492
-2.87167,52,13.505794
-2.630355,51,13.53652
-2.505134,51,13.568268
-2.611969,51,13.598454
-2.577468,51,13.628553
-2.929727,51,13.660727
-2.47662,51,13.690827
-2.676098,52,13.722279
-2.814253,51,13.752096
-2.701839,51,13.782718
-2.82172,52,13.815694
-2.588649,51,13.846919
-2.660971,51,13.878324
-2.688783,51,13.909652
-2.607813,51,13.941418
-2.554515,51,13.974788
-2.811328,51,14.00821
-2.603633,51,14.042775
-2.689565,51,14.076253
-2.598735,51,14.108109
-2.612242,51,14.141975
-2.650539,51,14.173933
-2.643218,51,14.205675
-2.639782,51,14.239399
-2.577779,51,14.27132
-2.634955,52,14.307572
-2.65933,51,14.341062
-2.61939,51,14.373236
-2.698941,52,14.405581
-2.776068,51,14.43997
-2.887047,51,14.480935
-2.771683,52,14.522531
-2.715425,51,14.559678
-2.812199,51,14.591807
-2.757838,51,14.623322
-2.811684,51,14.657865
-2.717907,51,14.690863
-2.577209,51,14.722622
-2.626408,51,14.754017
-2.626476,51,14.785382
-2.696328,51,14.819282
-2.664895,52,14.851197
-2.864632,52,14.882995
-2.643671,51,14.914361
-2.799461,51,14.944551
-2.949275,51,14.977653
-2.67499,51,15.007428
-2.689581,51,15.04014
-2.681141,51,15.072625
-2.705411,51,15.102575
-2.697238,51,15.135064
-2.647136,51,15.165388
-2.717307,51,15.195586
-2.946047,51,15.225787
-2.68683,51,15.25582
-2.736409,51,15.285635
-2.752641,52,15.318241
-2.775856,51,15.348746
-2.745449,51,15.382392
-2.727693,52,15.413968
-2.729569,51,15.446567
-2.99308,51,15.476718
-2.80567,51,15.506925
-2.694653,51,15.537299
-2.676469,51,15.567591
-2.662262,51,15.597801
-2.714459,51,15.630927
-2.730824,52,15.66294
-2.584368,51,15.69331
-2.788643,51,15.72458
-2.698991,51,15.754609
-2.583182,51,15.788535
-2.714539,51,15.819082
-2.815808,51,15.84912
-2.498078,51,15.879254
-2.726227,51,15.909352
-2.698178,51,15.942079
-2.734915,51,15.975508
-2.737871,52,16.006985
-2.677937,51,16.03744
-2.654522,51,16.067914
-2.657966,51,16.100779
-2.733512,51,16.130791
-2.76552,52,16.161123
-2.736629,51,16.191058
-2.895641,51,16.221505
-2.854889,52,16.254717
-2.811102,51,16.284931
-2.550532,51,16.315717
-2.846603,51,16.345557
-2.666143,51,16.375331
-2.650985,51,16.408223
-2.603576,51,16.438416
-2.612467,51,16.468552
-2.592522,51,16.498473
-2.6877,51,16.528485
-2.815129,51,16.562085
-2.77255,51,16.593298
-2.73101,52,16.623967
-2.714826,51,16.656191
-2.837911,52,16.687582
-2.777665,51,16.721912
-2.737001,51,16.753306
-2.731894,51,16.785719
-2.761852,51,16.820734
-2.741869,51,16.855113
-2.796033,52,16.88972
-2.762732,51,16.920037
-2.831673,51,16.95342
-2.776044,51,16.987376
-2.75348,51,17.021067
-2.789926,52,17.056329
-2.769135,51,17.086916
-2.907209,51,17.116244
-2.746471,51,17.147524
-2.833115,51,17.177364
-2.713549,51,17.209865
-2.720597,51,17.240106
-2.723508,51,17.270146
-2.614159,52,17.300455
-2.685116,51,17.332586
-2.641588,51,17.368137
-2.721601,51,17.398961
-2.682223,51,17.429163
-2.938236,51,17.459636
-2.721122,51,17.490496
-2.617885,51,17.520702
-2.72,51,17.552995
-2.578705,51,17.582856
-2.763828,51,17.612987
-2.645808,51,17.643294
-2.754764,51,17.673457
-2.762297,51,17.705864
-2.719796,51,17.735663
-2.805321,51,17.76576
-2.758904,51,17.795884
-2.608911,51,17.826874
-2.744977,51,17.859916
-2.743854,51,17.889883
-3.013162,51,17.919664
-2.581967,51,17.949614
-2.561539,51,17.979561
-2.816865,51,18.009636
-2.884698,51,18.042312
-2.565069,51,18.072504
-2.655769,51,18.103485
-2.695791,51,18.133433
-2.697136,51,18.163487
-2.69183,51,18.196427
-2.632684,51,18.226694
-2.70105,51,18.256907
-2.670556,51,18.286868
-2.741652,51,18.317012
-2.646452,51,18.349484
-3.119504,51,18.379829
-2.679073,51,18.409511
-2.633747,51,18.440433
-2.797168,52,18.471099
-2.513081,51,18.503637
-2.610538,51,18.534779
-2.74527,52,18.565946
-2.768651,51,18.596413
-2.92207,51,18.626606
-2.8758,51,18.658904
-2.657382,51,18.688948
-2.686916,51,18.71907
-2.543103,51,18.748994
-2.570929,51,18.778962
-2.662322,51,18.808968
-2.703492,51,18.841708
-2.819209,51,18.871882
-2.776965,51,18.901199
-3.01281,51,18.931428
-2.51743,51,18.961565
-2.747238,51,18.993927
-2.886559,52,19.024225
-2.81076,51,19.054167
-2.87317,51,19.083658
-2.949197,51,19.113323
-2.709234,51,19.145234
-2.768506,51,19.176081
-2.677082,51,19.206441
-2.622045,51,19.236564
-2.822593,51,19.265817
-2.805356,52,19.298816
-2.949766,52,19.329347
-2.72492,51,19.359568
-2.813176,52,19.390271
-2.717953,51,19.42003
-2.596302,51,19.453178
-2.808581,51,19.482243
-2.79833,51,19.51319
-2.65447,51,19.543072
-2.702091,51,19.573407
-2.639559,51,19.60571
-2.813267,51,19.635952
-2.829647,51,19.66515
-2.694928,51,19.695414
-2.686528,51,19.725217
-2.563284,51,19.757501
-2.745269,51,19.787779
-2.80642,51,19.817985
-2.792907,51,19.848078
-2.820852,51,19.878328
-2.868219,51,19.909097
-2.77117,51,19.941472
-2.655994,51,19.972859
-2.671167,51,20.003405
-2.677267,51,20.034574
-2.563309,52,20.070022
-2.637514,51,20.119258
-2.760757,51,20.164255
-2.571616,51,20.199903
-2.809073,51,20.23345
-2.710009,52,20.265815
-2.616547,51,20.300302
-2.621024,51,20.33186
-2.789492,51,20.363292
-2.832771,52,20.396013
-3.024103,51,20.4279
-2.666494,51,20.462629
-2.842757,51,20.494679
-2.661507,51,20.526245
-2.886809,51,20.557929
-2.832765,51,20.589237
-2.765227,51,20.623087
-2.830301,52,20.654887
-2.812603,51,20.686312
-2.806572,52,20.718316
-2.778862,51,20.750139
-2.873032,51,20.784425
-2.780782,51,20.815764
-2.922409,52,20.847437
-2.75777,52,20.87912
-2.671374,51,20.912917
-2.68007,51,20.944286
-2.764021,51,20.975539
-2.79969,51,21.006816
-2.91386,52,21.038822
-2.80836,51,21.071628
-2.72326,51,21.101855
-2.793981,52,21.132281
-2.585998,51,21.16212
-2.557467,51,21.192331
-2.7418,51,21.224522
-2.823697,51,21.25495
-2.572321,51,21.285388
-2.676147,51,21.31531
-2.735797,51,21.345047
-2.7049,51,21.375
-2.672085,51,21.407421
-2.858522,52,21.437355
-2.727034,51,21.467219
-2.65781,51,21.497313
-2.779225,51,21.527392
-2.600388,52,21.560415
-2.70119,51,21.590331
-2.783354,52,21.620538
-2.591313,51,21.650171
-2.599736,51,21.682381
-2.678702,51,21.712149
-2.610868,51,21.742034
-2.714764,52,21.772188
-2.751345,51,21.801908
-2.568005,51,21.833892
-2.639429,52,21.864329
-2.792053,51,21.894032
-2.689804,51,21.923831
-2.735718,52,21.954012
-2.742386,51,21.986584
-2.815057,51,22.021517
-2.657951,51,22.058242
-2.64039,52,22.091892
-2.721042,51,22.122155
-2.660735,51,22.154463
-2.612604,51,22.187486
-3.090698,51,22.220889
-2.735644,52,22.251606
-2.666613,51,22.28219
-2.464971,51,22.314815
-3.077389,51,22.344847
-2.76742,51,22.376137
-2.832719,51,22.406553
-2.878409,51,22.437838
-2.556669,51,22.470965
-2.892532,52,22.501564
-2.60169,51,22.531426
-2.691044,51,22.562
-2.663424,52,22.592668
-2.946449,51,22.625346
-2.749546,51,22.655242
-2.747913,51,22.685203
-2.751249,51,22.714963
-2.624831,51,22.74478
-2.613548,51,22.779025
-2.717983,51,22.809434
-2.525939,51,22.840523
-2.617222,51,22.870748
-2.616257,51,22.900687
-2.943599,51,22.930719
-2.790364,52,22.963641
-2.939978,51,22.993603
-2.676527,51,23.02351
-2.565519,51,23.053426
-2.647339,51,23.086088
-2.718023,51,23.120427
-2.494272,51,23.153428
-2.749914,51,23.185691
-2.553379,51,23.216361
-2.696452,51,23.246227
-2.608976,51,23.278337
-2.689178,51,23.308089
-2.567072,51,23.338028
-2.697125,51,23.368657
-2.68257,51,23.398888
-2.779486,51,23.431216
-2.656963,51,23.461122
-2.750881,51,23.491314
-2.806255,51,23.521262
-2.838302,51,23.551029
-2.524617,51,23.580941
-2.73714,51,23.612936
-2.726907,52,23.643508
-2.686227,51,23.673438
-2.76595,51,23.703134
-2.817927,51,23.732749
-2.670939,51,23.764814
-2.889345,51,23.794677
-3.039536,51,23.824606
-2.553661,51,23.854025
-2.559568,51,23.883754
-2.811164,51,23.915888
-2.626199,51,23.946005
-2.642262,51,23.976063
-2.637635,51,24.00607
-2.770519,51,24.035891
-2.703764,51,24.068003
-2.689181,52,24.098156
-2.698789,51,24.127986
-2.796684,52,24.158688
-2.577061,51,24.18907
-2.644209,51,24.221777
-2.760534,52,24.252431
-2.533062,51,24.281632
-2.565184,51,24.311504
-2.615357,51,24.341399
-2.764374,51,24.373919
-2.534566,51,24.40387
-2.809379,51,24.434499
-2.59784,51,24.464546
-2.598327,51,24.495389
-2.782786,51,24.532161
-2.688741,51,24.571335
-2.811885,52,24.614398
-2.67892,51,24.65229
-2.804358,52,24.685243
-2.785419,51,24.71957
-2.637926,51,24.751616
-2.690044,51,24.783794
-2.985723,51,24.815274
-2.580845,51,24.846559
-2.664728,51,24.880534
-2.817112,51,24.910983
-2.622043,51,24.942499
-2.52673,51,24.972939
-2.846297,52,25.004344
-2.668319,51,25.037815
-2.690712,51,25.068943
-2.742315,51,25.099785
-2.56374,51,25.130538
-2.708011,51,25.16155
-2.749837,51,25.191826
-2.664061,51,25.224713
-2.571045,51,25.255973
-2.768435,51,25.286671
-2.639009,51,25.316949
-2.519384,51,25.347784
-2.570951,51,25.380026
-2.547809,51,25.410195
-2.748269,52,25.440922
-2.747421,51,25.471243
-2.470753,52,25.50081
-2.902261,51,25.533687
-2.964605,51,25.564118
-2.747382,52,25.593884
-2.689534,52,25.624521
-2.502176,51,25.656216
-2.739767,51,25.68612
-2.456743,51,25.716211
-2.717443,51,25.745639
-2.587975,51,25.775474
-2.904634,51,25.806113
-2.656724,52,25.838309
-2.656488,51,25.868786
-2.732528,51,25.898943
-2.696558,51,25.928851
-2.606988,51,25.958366
-2.628111,51,25.990906
-2.60192,52,26.02082
-2.468482,51,26.052494
-2.484103,51,26.082735
-2.63391,51,26.112497
-2.492266,51,26.144682
-2.609214,51,26.174619
-2.781617,51,26.204493
-2.726422,51,26.234367
-2.622273,51,26.264238
-2.655896,51,26.296833
-2.752646,51,26.327537
-2.802689,51,26.357659
-2.715278,51,26.388703
-2.594537,51,26.420301
-2.623164,51,26.452993
-2.825791,51,26.482704
-2.790148,51,26.513253
-2.626465,51,26.542894
-2.768639,51,26.573839
-2.721343,51,26.603338
-2.686366,51,26.63589
-2.486923,51,26.665056
-2.639472,51,26.695211
-2.545709,51,26.725963
-2.763734,51,26.763482
-2.570839,51,26.801366
-2.616326,52,26.832234
-2.791765,51,26.862772
-2.638156,51,26.892879
-2.614723,51,26.922947
-2.692201,51,26.955329
-2.806468,51,26.985229
-2.699169,51,27.015018
-2.718366,51,27.044761
-2.801743,51,27.074757
-2.620698,51,27.10692
-2.545564,51,27.137059
-2.630253,51,27.166901
-2.676183,51,27.197033
-2.738163,51,27.227188
-2.711923,51,27.25675
-2.717512,51,27.289847
-2.451516,51,27.319885
-2.614349,51,27.349137
-2.73178,51,27.379397
-2.456142,51,27.409554
-2.59666,51,27.441025
-2.76901,52,27.471123
-2.508187,51,27.50113
-2.402393,51,27.531262
-2.6548,51,27.56135
-2.671895,51,27.593295
-2.681879,51,27.623329
-2.799861,51,27.653008
-2.788643,51,27.685052
-2.649078,51,27.715789
-2.57417,52,27.750042
-2.717478,51,27.78071
-3.062331,51,27.810763
-2.644599,51,27.840538
-2.646098,51,27.869773
-2.832769,51,27.902316
-2.432723,51,27.931946
-2.456547,51,27.961727
-2.487678,51,27.992141
-2.628176,51,28.021672
-2.844686,52,28.054333
-2.769227,51,28.084403
-2.664851,51,28.114323
-2.650836,51,28.144646
-2.501941,51,28.174435
-2.578908,51,28.204185
-2.684122,51,28.236287
-2.58739,51,28.266223
-2.564285,51,28.296063
-2.495679,51,28.32585
-2.451815,51,28.35572
-2.760383,51,28.387893
-2.580684,51,28.417808
-2.51546,51,28.447522
-2.531288,51,28.477513
-2.548312,51,28.508486
-2.627475,52,28.541433
-2.460175,51,28.572683
-2.590837,51,28.602587
-2.487251,52,28.632685
-2.430023,52,28.663676
-2.612399,52,28.696751
-2.439616,51,28.726565
-2.540753,51,28.756422
-2.44236,51,28.786226
-2.550468,51,28.815805
-2.508069,51,28.848298
-2.815708,51,28.878127
-2.60478,51,28.907819
-2.68216,51,28.937866
-2.624134,51,28.967541
-2.606798,52,29.000033
-2.50668,52,29.030179
-2.683153,51,29.059966
-2.477286,52,29.090168
-2.519764,51,29.122177
-2.416573,51,29.152074
-2.553431,51,29.181932
-2.716917,52,29.212176
-2.573724,51,29.241976
-2.573511,51,29.273885
-2.742246,51,29.303671
-2.594044,51,29.333563
-2.556379,51,29.363313
-2.550136,51,29.39314
-2.473378,51,29.423459
-2.501557,51,29.456504
-2.420061,51,29.486156
-2.62312,51,29.516051
-2.320242,51,29.545942
-2.548577,51,29.57558
-2.515531,51,29.607616
-2.448401,51,29.63722
-2.578659,51,29.66719
-2.41464,51,29.696865
-2.365617,51,29.726545
-2.656754,51,29.758632
-2.553139,52,29.788863
-2.587763,51,29.81862
-2.465695,51,29.84841
-2.46685,52,29.878568
-2.440542,51,29.910561
-2.570988,51,29.940087
-2.317664,51,29.969907
-2.395329,51,29.999896
-2.702865,51,30.029633
-2.500111,52,30.062153
-2.537178,51,30.091885
-2.320542,51,30.121538
-2.37393,52,30.151709
-2.384253,51,30.181344
-2.334292,52,30.213687
-2.421534,52,30.243784
-2.478353,51,30.273509
-2.481303,51,30.302716
-2.51828,51,30.332601
-2.531839,51,30.36386
-2.244146,51,30.395199
-2.447102,51,30.424809
-2.516067,51,30.455178
-2.427045,51,30.485335
-2.504067,51,30.517899
-2.584872,52,30.547419
-2.528299,52,30.579117
-2.442207,51,30.609473
-2.477425,51,30.639443
-2.550009,52,30.671726
-2.457462,51,30.701675
-2.516436,51,30.730692
-2.431411,51,30.760754
-2.288026,51,30.790667
-2.321579,51,30.822143
-2.483237,51,30.852247
-2.47072,51,30.882382
-2.274379,51,30.911529
-2.408038,51,30.941231
-2.132957,51,30.97373
-2.524003,51,31.003937
-2.586005,51,31.034684
-2.408593,51,31.066155
-2.40147,52,31.096557
-2.243169,51,31.128899
-2.310538,51,31.158632
-2.395543,51,31.188433
-2.41022,51,31.218456
-2.33057,51,31.247578
-2.355404,51,31.280084
-2.577801,51,31.310004
-2.480332,51,31.339125
-2.46196,51,31.369273
-2.33794,51,31.398441
-2.784316,51,31.428166
-2.348652,52,31.461029
-2.328192,51,31.490413
-2.212781,52,31.520593
-2.496917,52,31.550842
-2.364719,51,31.583002
-2.278912,51,31.61301
-2.17336,51,31.643128
-2.326104,52,31.674268
-2.470461,52,31.704903
-2.436338,52,31.736948
-2.157556,51,31.767168
-2.440213,51,31.797308
-2.160095,51,31.826445
-2.20451,51,31.856448
-2.415116,51,31.888171
-2.408708,51,31.919569
-2.379523,51,31.949374
-2.262936,51,31.97939
-2.300247,51,32.009145
-2.346208,51,32.041345
-2.590825,51,32.071185
-2.150249,51,32.101328
-2.11021,52,32.131018
-2.23922,51,32.161102
-2.291369,51,32.19257
-2.340207,51,32.222642
-2.339729,52,32.252626
-2.240111,51,32.282423
-2.265597,51,32.312376
-2.415572,51,32.344307
-2.392681,51,32.374969
-2.407842,51,32.405509
-2.227035,52,32.436204
-2.38076,51,32.466563
-2.249294,51,32.498952
-2.402006,52,32.529444
-2.168214,51,32.559478
-2.284625,51,32.589633
-2.40477,51,32.619734
-2.37641,52,32.651817
-2.201231,51,32.681677
-2.465039,51,32.713255
-2.456188,51,32.743155
-2.259044,51,32.773152
-2.458742,51,32.805409
-2.292065,52,32.836179
-2.186518,51,32.86531
-2.45276,51,32.895048
-2.227944,51,32.924935
-2.191145,51,32.957154
-2.258621,51,32.9872
-2.391857,51,33.016872
-2.020974,51,33.04657
-2.393279,51,33.076103
-2.315562,52,33.110178
-2.058977,51,33.139758
-2.282297,51,33.170131
-2.030973,51,33.200399
-2.207477,51,33.230302
-2.033135,51,33.262332
-2.299521,51,33.292309
-2.281302,51,33.322145
-2.453428,51,33.352144
-2.24567,51,33.3818
-2.20072,51,33.411426
-2.112222,51,33.443896
-2.246839,52,33.473547
-2.224936,51,33.503327
-2.296115,51,33.53336
-2.176443,52,33.566353
-2.250904,51,33.596325
-2.057311,51,33.625708
-2.216394,51,33.655783
-1.959661,51,33.685739
-2.148603,51,33.715181
-2.13573,52,33.747726
-2.164424,52,33.777967
-1.848337,51,33.807967
-1.898893,51,33.837722
-1.981711,51,33.869679
-2.038637,52,33.900104
-2.312346,51,33.929844
-2.019661,52,33.960111
-1.939272,52,33.989855
-1.746607,51,34.022694
-1.837023,52,34.052432
-1.769011,51,34.083481
-1.759146,51,34.113085
-1.781766,51,34.14299
-2.061694,51,34.175425
-1.734861,51,34.205566
-1.863777,51,34.235492
-1.990248,51,34.26541
-1.682818,51,34.294801
-1.840537,52,34.326946
-1.920387,51,34.356963
-1.92692,51,34.387033
-1.839622,51,34.416207
-1.86498,51,34.446418
-1.974045,51,34.478819
-1.823929,51,34.5089
-1.790227,51,34.538878
-1.723419,51,34.568614
-1.806575,51,34.598308
-1.868614,52,34.630771
-1.844082,51,34.65969
-1.624942,51,34.689295
-1.735994,51,34.719109
-1.838876,51,34.748718
-1.986559,51,34.780883
-1.895067,52,34.810818
-2.111801,51,34.840834
-1.686991,51,34.869747
-2.084474,51,34.899094
-1.741561,51,34.931155
-1.755395,51,34.960891
-1.916151,51,34.990668
-1.941576,51,35.020255
-1.942935,51,35.049228
-1.830601,51,35.078995
-1.70017,51,35.110919
-1.970154,51,35.140571
-1.916312,51,35.170401
-1.800568,51,35.200118
-1.662965,51,35.229358
-1.653701,51,35.260883
-1.812271,51,35.290671
-1.837307,51,35.320309
-1.804891,52,35.350543
-1.80852,51,35.380347
-1.623023,51,35.412363
-1.902491,51,35.441768
-1.672578,51,35.47094
-1.76661,51,35.500896
-1.97468,52,35.53096
-1.586057,51,35.562923
-1.840778,51,35.592614
-1.696957,51,35.622251
-1.725755,51,35.651391
-1.800569,51,35.680582
-1.872779,51,35.712646
-1.87239,51,35.742163
-1.893447,51,35.771876
-1.793135,51,35.801372
-1.870892,51,35.830132
-1.61313,51,35.859868
-1.890377,51,35.892488
-1.702784,51,35.921213
-1.717389,51,35.951197
-1.688004,52,35.981235
-1.868156,51,36.010922
-1.638838,51,36.044154
-1.718917,51,36.074569
-1.660497,51,36.104565
-1.661801,51,36.133778
-1.572816,51,36.163908
-1.567781,51,36.195574
-1.482538,51,36.225413
-1.593457,52,36.255926
-1.563765,51,36.285753
-1.552133,51,36.315507
-1.554449,51,36.347689
-1.65539,51,36.37703
-1.774378,51,36.407281
-1.630663,51,36.438018
-1.539775,51,36.467785
-1.416511,51,36.501742
-1.689615,51,36.530862
-1.672656,52,36.561892
-1.836254,51,36.592044
-1.998919,51,36.621904
-1.608593,51,36.653396
-1.890505,51,36.682525
-1.545111,51,36.712242
-1.478191,51,36.741925
-1.382459,52,36.772097
-1.510842,52,36.804481
-1.548941,51,36.834175
-1.386984,51,36.863839
-1.552802,51,36.893455
-1.626504,51,36.923407
-1.514385,51,36.954723
-1.580822,51,36.984851
-1.464166,52,37.014215
-1.830068,51,37.044698
-1.615371,51,37.074208
-1.525733,51,37.106163
-1.634376,52,37.136414
-1.740562,51,37.166048
-1.487143,51,37.195415
-1.532374,51,37.22556
-1.782128,51,37.256794
-1.494595,51,37.286853
-1.80927,52,37.316214
-2.126909,51,37.346108
-1.502161,51,37.375864
-1.574423,51,37.40775
-1.440032,51,37.437572
-1.507424,51,37.467598
-1.430404,51,37.497808
-1.493776,51,37.52815
-1.467922,51,37.557169
-1.51304,51,37.589178
-1.419639,51,37.618825
-1.752044,51,37.64864
-1.549434,51,37.678466
-1.336413,51,37.707712
-1.525961,51,37.739115
-1.679651,51,37.76878
-1.640129,51,37.798503
-1.633668,51,37.827899
-1.518971,51,37.85804
-1.336187,51,37.890691
-1.69322,51,37.920579
-1.607825,51,37.95071
-1.641986,51,37.980728
-1.54386,51,38.010836
-1.508058,51,38.040558
-1.412372,52,38.072887
-1.518305,51,38.103918
-1.570383,51,38.133941
-1.424271,51,38.164012
-1.415456,51,38.193898
-1.504121,51,38.226268
-1.596711,51,38.255662
-1.609977,51,38.285604
-1.397009,52,38.31566
-1.654884,51,38.345068
-1.282889,51,38.377928
-1.352402,51,38.408056
-1.756129,51,38.4379
-1.641304,51,38.467147
-1.435852,51,38.497204
-1.701407,51,38.529466
-1.207141,51,38.559768
-1.748793,51,38.58951
-1.543137,51,38.619061
-1.474302,51,38.648176
-1.284947,51,38.680585
-1.313817,51,38.710702
-1.61634,51,38.741042
-1.356959,51,38.770235
-1.545988,51,38.800044
-1.684222,52,38.832653
-1.461426,51,38.862592
-1.529735,52,38.892785
-1.429677,51,38.922641
-1.535968,51,38.952137
-1.385843,52,38.984817
-1.575557,51,39.01459
-1.518971,51,39.044617
-1.497372,51,39.074436
-1.472807,51,39.103637
-1.4884,51,39.135204
-1.506737,51,39.164887
-1.373135,51,39.19464
-1.355837,51,39.223862
-1.696629,51,39.253783
-1.415539,51,39.282565
-1.486833,51,39.314514
-1.462452,51,39.344338
-1.407327,51,39.374088
-1.439648,51,39.403046
-1.357998,51,39.432879
-1.491169,52,39.465549
-1.489482,51,39.495828
-1.563423,52,39.526517
-1.522612,51,39.555948
-1.449243,51,39.585867
-1.857689,51,39.619121
-1.317405,51,39.648928
-1.350274,51,39.679038
-1.843308,51,39.708291
-1.540193,51,39.737804
-1.402696,51,39.770021
-1.545265,52,39.800283
-1.752671,51,39.829803
-1.556692,51,39.859076
-1.462198,52,39.889484
-1.530324,51,39.921537
-1.5866,51,39.951289
-1.558222,51,39.982144
-1.551285,51,40.01222
-1.606563,51,40.041965
-1.505429,51,40.073481
-1.610596,52,40.104039
-1.877962,51,40.133414
-1.732256,51,40.162996
-1.663587,51,40.193103
-1.705627,52,40.22585
-1.694013,52,40.256213
-1.494411,51,40.285275
-1.484435,51,40.315408
-1.844856,51,40.344761
-1.507266,52,40.377573
-1.399715,51,40.40749
-1.452093,51,40.437301
-1.7783,51,40.466842
-1.434595,51,40.497035
-1.612298,51,40.529328
-1.545465,51,40.558365
-1.444943,51,40.58928
-1.464656,51,40.618069
-1.428475,51,40.647839
-1.704133,51,40.679879
-1.476183,51,40.708881
-1.575327,51,40.738869
-1.55151,51,40.767893
-1.685379,51,40.797559
-1.614176,52,40.830083
-1.462531,52,40.860128
-1.412313,51,40.890535
-1.117095,51,40.920501
-1.528577,51,40.950175
-1.501041,51,40.981955
-1.496182,52,41.012506
-1.322209,51,41.04291
-1.314313,51,41.072981
-1.301642,51,41.103057
-1.233336,52,41.135761
-1.511503,51,41.164674
-1.330956,51,41.194572
-1.289587,51,41.224329
-1.287422,51,41.25507
-1.615904,51,41.28646
-1.41793,51,41.316366
-1.386288,52,41.346684
-2.049093,52,41.37582
-1.491238,51,41.40537
-1.485274,51,41.437532
-1.586007,51,41.468222
-1.377298,52,41.497988
-1.614224,51,41.52811
-1.349447,51,41.557771
-1.322791,51,41.589283
-1.364493,51,41.619696
-1.445445,52,41.650139
-1.592044,51,41.680113
-1.17492,51,41.709068
-1.159658,51,41.741485
-1.439876,51,41.771328
-1.563798,51,41.800595
-1.315718,51,41.830453
-2.002058,51,41.860367
-1.301238,51,41.891747
-1.38905,51,41.921953
-1.384851,51,41.951653
-1.211674,51,41.981581
-1.510373,51,42.010948
-1.333485,51,42.043495
-1.328965,51,42.073288
-1.693566,51,42.103079
-1.52723,51,42.133628
-1.390134,52,42.164251
-1.255557,51,42.19644
-1.357548,51,42.225865
-1.359648,51,42.255214
-1.51408,51,42.284995
-1.236021,51,42.314878
-1.212791,51,42.343916
-1.51231,51,42.375837
-1.626018,51,42.405718
-1.398583,51,42.435453
-1.375979,52,42.46526
-1.207343,51,42.494514
-1.808554,51,42.526693
-1.351934,51,42.556611
-1.549449,52,42.586807
-1.72006,51,42.616601
-1.334608,51,42.646492
-1.479178,51,42.678449
-1.467387,51,42.708792
-1.39312,51,42.738842
-1.330825,51,42.769002
-1.326462,51,42.799086
-1.23993,51,42.830694
-1.426306,51,42.860968
-1.707373,51,42.891001
-1.412023,51,42.920386
-1.292055,51,42.94984
-1.23932,51,42.981928
-1.319509,51,43.01213
-1.092382,51,43.040995
-1.49366,51,43.070828
-1.3425,51,43.100666
-1.375516,51,43.130649
-1.521727,51,43.163622
-1.349441,51,43.192897
-1.417605,51,43.223199
-1.340261,52,43.253708
-1.338284,51,43.28295
-1.251086,51,43.315804
-1.303726,51,43.345222
-1.207677,51,43.375859
-1.453654,51,43.405807
-1.170676,51,43.435725
-1.498972,52,43.46758
-1.345055,51,43.497349
-1.418062,52,43.529139
-1.287661,51,43.558981
-1.527679,51,43.588645
-1.575717,51,43.62156
-1.26078,52,43.65181
-1.553095,51,43.68131
-1.395319,51,43.711466
-1.263373,51,43.741247
-1.457162,51,43.773693
-1.353417,51,43.802713
-1.287236,51,43.832796
-1.180122,51,43.862558
-1.487866,51,43.891291
-1.173792,51,43.923375
-1.241638,51,43.953407
-1.458277,52,43.98331
-1.504245,51,44.012687
-1.261635,51,44.042882
-1.195299,51,44.075377
-1.27955,52,44.105021
-1.312767,52,44.135028
-1.406139,51,44.165441
-1.516176,51,44.19477
-1.21239,51,44.227077
-1.352976,52,44.257873
-1.084864,51,44.287111
-1.543447,51,44.317197
-1.339473,52,44.350092
-1.27041,51,44.379213
-1.456158,51,44.409389
-1.339029,51,44.439295
-1.378854,51,44.469077
-1.10988,51,44.499428
-1.267948,51,44.532065
-1.627161,51,44.562047
-1.431818,51,44.592503
-1.413631,51,44.622328
-1.271778,51,44.652334
-1.36037,51,44.684579
-1.324213,51,44.714488
-1.358172,51,44.744077
-1.239749,51,44.773818
-1.390231,51,44.803215
-1.317076,51,44.835972
-1.454048,51,44.865918
-1.430647,52,44.895926
-1.560209,51,44.925543
-1.398141,51,44.955396
-1.310827,51,44.987715
-1.185324,51,45.017798
-1.12167,51,45.047694
-1.627411,51,45.077427
-1.37099,51,45.10626
-1.39428,51,45.136013
-1.26352,51,45.16777
-1.18427,52,45.197169
-1.571288,52,45.227141
-1.428484,51,45.257001
-1.325287,51,45.288534
-1.333219,51,45.318597
-1.440676,51,45.348096
-1.322111,51,45.377533
-1.136406,51,45.407484
-1.433566,52,45.439569
-1.410196,51,45.469506
-1.271444,51,45.498441
-1.191186,52,45.529547
-1.061083,51,45.55914
-1.225707,51,45.591026
-1.187517,51,45.620973
-1.36951,52,45.651206
-1.141663,52,45.680392
-1.247136,51,45.710165
-1.425132,51,45.742543
-1.360037,51,45.771256
-1.215503,51,45.800964
-1.687583,51,45.830695
-1.221359,51,45.859442
-1.201151,51,45.891587
-1.309067,51,45.921435
-1.504138,51,45.950421
-0.968155,51,45.980052
-1.400396,51,46.009825
-1.065998,51,46.040576
-1.365406,51,46.073611
-1.27801,52,46.103681
-1.501147,52,46.134021
-1.492328,51,46.163317
-1.777189,51,46.195155
-1.747058,51,46.225009
-1.519258,51,46.254906
-1.348702,52,46.284597
-1.122655,51,46.313947
-1.205775,51,46.346039
-1.10581,51,46.375075
-1.494949,51,46.404511
-1.865136,51,46.434363
-1.394207,52,46.464776
-1.292504,51,46.496921
-1.245294,51,46.526861
-1.206585,51,46.556749
-1.278875,51,46.586755
-1.322937,51,46.616161
-1.371026,51,46.646995
-1.349021,51,46.67929
-1.287654,51,46.708857
-1.178724,52,46.739266
-1.495699,51,46.769208
-1.190332,51,46.799346
-1.404235,51,46.831045
-1.388166,52,46.862557
-1.252754,52,46.893089
-1.233809,52,46.923452
-1.363795,51,46.955747
-1.414465,51,46.985342
-1.369721,51,47.015155
-1.205886,51,47.044905
-1.396929,51,47.075219
-1.561357,51,47.106573
-1.40178,51,47.142293
-1.457394,51,47.176631
-1.343639,51,47.208144
-1.466022,51,47.237691
-1.529501,51,47.267715
-1.525218,51,47.301061
-1.262621,51,47.33018
-1.049582,51,47.359897
-1.119577,51,47.388863
-1.456691,52,47.418687
-1.301306,51,47.451247
-1.136116,52,47.4807
-1.447386,51,47.510631
-1.347725,51,47.540951
-1.335967,52,47.573132
-1.610493,51,47.603106
-1.282843,51,47.632257
-1.311678,51,47.662297
-1.533251,51,47.692213
-1.302153,51,47.721946
-1.599676,51,47.754382
-1.236024,51,47.783484
-1.290561,51,47.813608
-1.410471,51,47.842642
-1.152097,52,47.87252
-1.277137,52,47.905393
-1.478675,51,47.934632
-1.230154,51,47.964486
-1.227105,52,47.994699
-1.267955,51,48.025931
-1.279022,52,48.056595
-1.210444,52,48.087198
-1.197426,51,48.11697
-1.564054,51,48.14691
-1.292678,51,48.178637
-1.157724,51,48.208205
-1.41236,51,48.238078
-1.391389,51,48.267957
-1.212101,51,48.297078
-1.275209,51,48.329982
-1.431252,51,48.359907
-1.310548,51,48.390251
-1.347411,51,48.419629
-1.076738,51,48.449498
-1.453929,51,48.47936
-1.277609,51,48.511293
-1.255657,51,48.541456
-1.522596,52,48.571259
-1.452822,51,48.601201
-1.179543,51,48.631285
-1.142665,52,48.663217
-1.488047,51,48.692869
-1.379789,52,48.723106
-1.44191,51,48.752801
-1.241027,51,48.783961
-1.394826,51,48.813786
-1.330587,51,48.84332
-1.222371,52,48.872657
-1.311846,51,48.902586
-1.36107,51,48.934285
-1.537513,51,48.964128
-1.320553,51,48.992982
-1.103698,51,49.02256
-1.573761,51,49.052276
-1.326407,51,49.082041
-1.209966,51,49.113075
-1.076477,51,49.142654
-1.312524,51,49.173066
-1.107714,51,49.20232
-1.220874,51,49.232212
-1.216204,51,49.26415
-1.291818,51,49.293234
-1.427236,51,49.323102
-1.053658,51,49.352963
-1.035492,51,49.381805
-1.565935,51,49.413915
-1.21051,52,49.444216
-1.271113,51,49.47311
-1.092963,51,49.503045
-1.335471,51,49.532841
-1.182849,51,49.564078
-1.081328,51,49.594922
-1.110163,51,49.6248
-1.253339,51,49.653884
-1.215154,51,49.683494
-1.556764,52,49.716325
-1.272999,51,49.74625
-1.083391,51,49.776011
-1.195839,51,49.805821
-1.104429,51,49.835847
-1.299877,51,49.865044
-1.365245,51,49.897087
-1.274837,51,49.927003
-1.51353,51,49.95603
-1.160274,51,49.985924
-1.330752,51,50.015972
-1.100107,51,50.048215
-1.279753,51,50.077188
-1.408241,51,50.106748
-1.292642,52,50.136822
-1.336421,51,50.165602
-1.145606,51,50.197486
-1.147964,51,50.227096
-1.115762,52,50.257286
-1.149732,51,50.28697
-1.162033,51,50.316341
-1.383953,51,50.347699
-1.342014,51,50.377313
-1.223495,51,50.4071
-1.370693,51,50.436489
-1.217368,51,50.46562
-1.364513,51,50.497773
-1.517677,51,50.527497
-1.312825,51,50.557185
-1.218178,51,50.586889
-1.556044,52,50.616955
-1.422169,51,50.647941
-1.170834,51,50.677619
-1.28661,51,50.707204
-1.739173,51,50.736163
-1.040478,51,50.765158
-1.439805,52,50.797552
-1.327035,52,50.827909
-1.370682,51,50.857641
-1.318895,51,50.887541
-1.237384,51,50.916682
-1.104581,51,50.948732
-1.149031,51,50.978282
-1.109216,51,51.007417
-1.248817,52,51.038658
-1.287294,51,51.069896
-1.361027,51,51.101669
-1.421711,51,51.131477
-1.21488,51,51.161267
-1.263544,51,51.191282
-1.32191,52,51.220511
-1.250312,51,51.252538
-1.305911,52,51.282751
-1.264019,52,51.311942
-1.207456,51,51.34169
-1.346239,51,51.370853
-1.246743,51,51.402247
-1.438057,51,51.432056
-1.186078,51,51.462009
-1.063886,51,51.491781
-1.706088,51,51.522018
-1.162703,51,51.554208
-1.145324,51,51.584445
-1.325426,51,51.613279
-1.251711,51,51.643168
-1.230272,51,51.673175
-1.328894,51,51.702954
-1.268356,51,51.734343
-1.292211,51,51.763896
-1.114873,51,51.793905
-1.304457,51,51.822588
-1.248982,51,51.852305
-1.377114,52,51.884937
-1.443167,51,51.914521
-1.3067,52,51.943895
-0.995323,51,51.973612
-1.234885,51,52.003355
-1.33281,51,52.035412
-1.565928,51,52.065235
-1.376037,51,52.09454
-1.206413,51,52.123768
-1.240938,51,52.15361
-1.088256,51,52.185789
-1.20788,51,52.214537
-1.246381,51,52.244511
-1.106305,51,52.274887
-0.992465,51,52.304814
-1.061099,51,52.336598
-1.328177,51,52.366359
-1.462332,51,52.396303
-1.32101,51,52.426072
-1.096134,51,52.455233
-1.537931,51,52.485469
-1.191243,51,52.51753
-1.168948,51,52.54717
-1.251623,51,52.576411
-1.341672,51,52.606753
-1.202364,51,52.636181
-1.069043,51,52.668471
-1.094916,52,52.698705
-1.127518,51,52.727409
-1.357536,51,52.757268
-1.347191,51,52.785951
-1.092461,51,52.818155
-1.183285,51,52.847832
-1.319859,51,52.87721
-1.167669,51,52.907145
-1.320637,51,52.935824
-1.21662,51,52.96796
-1.101702,51,52.996933
-1.069056,52,53.027004
-1.180781,51,53.056262
-1.138931,51,53.087652
-1.376518,51,53.123481
-1.38009,51,53.154377
-1.376206,51,53.183493
-1.389488,51,53.213672
-1.204972,51,53.242327
-1.352342,51,53.272097
-1.291855,51,53.303761
-1.041578,51,53.334066
-1.20692,51,53.364028
-1.455507,51,53.393038
-1.305929,51,53.422994
-1.471475,51,53.454184
-1.135467,51,53.484159
-1.359721,51,53.51349
-1.110706,51,53.543301
-1.146874,51,53.572842
-1.235289,51,53.603986
-1.391638,51,53.633813
-1.493182,51,53.663076
-1.227005,51,53.691984
-1.107481,51,53.721476
-1.263176,52,53.754545
-1.300187,52,53.784695
-1.037923,51,53.813676
-0.968721,51,53.843391
-1.241715,51,53.873043
-1.149601,51,53.905024
-1.052603,51,53.934986
-1.230258,51,53.963637
-1.11589,51,53.993498
-1.242157,51,54.022765
-1.230445,52,54.055589
-1.123644,51,54.084684
-1.174493,51,54.114533
-1.239233,51,54.143344
-1.474025,51,54.17343
-1.230679,51,54.202586
-1.127213,51,54.235144
-1.402762,51,54.2641
-1.291867,52,54.294445
-1.558095,51,54.323425
-1.098512,52,54.356475
-1.510707,51,54.38519
-1.024553,51,54.415064
-1.090303,52,54.445177
-1.249414,51,54.474249
-1.197949,51,54.50638
-1.325771,51,54.536174
-1.120988,51,54.566136
-1.30546,52,54.596768
-1.360513,51,54.626186
-1.044006,51,54.658473
-1.140491,51,54.687712
-1.362725,52,54.717772
-1.253901,51,54.747544
-1.190396,51,54.776535
-1.089779,51,54.808511
-0.946802,51,54.838111
-1.133567,51,54.867229
-1.158699,51,54.896983
-0.974623,51,54.926178
-1.197374,51,54.955335
-1.180837,51,54.987416
-1.266213,51,55.016384
-1.488569,51,55.046121
-1.267481,51,55.075817
-1.256743,51,55.104742
-1.163327,52,55.137456
-1.292536,51,55.166368
-1.163734,51,55.196166
-1.215607,51,55.225991
-1.294295,51,55.255146
-1.167811,51,55.286988
-1.127206,51,55.316709
-1.282104,51,55.345621
-1.303793,51,55.375009
-1.392106,51,55.4048
-1.167821,51,55.436603
-1.321444,51,55.466738
-1.304052,51,55.495742
-1.364848,52,55.526044
-1.32596,51,55.555021
-0.992814,51,55.587349
-1.447939,51,55.616261
-1.161319,51,55.646077
-1.10891,51,55.675129
-1.301158,51,55.704741
-1.565511,51,55.733498
-1.367026,51,55.765676
-1.249203,51,55.7949
-1.493396,51,55.824282
-1.166757,51,55.853754
-1.188992,51,55.882698
-1.46629,51,55.915011
-1.422844,51,55.94457
-1.347297,51,55.973686
-1.369849,51,56.002738
-1.396229,51,56.032395
-0.988123,51,56.065762
-1.456661,51,56.095055
-1.128449,51,56.125395
-1.291076,52,56.15469
-1.119635,51,56.184405
-1.375427,51,56.215709
-1.262172,51,56.24537
-1.154424,51,56.274694
-1.296123,51,56.303647
-1.61521,51,56.333377
-1.139444,52,56.365162
-1.204591,51,56.395334
-0.971711,51,56.425004
-1.385412,51,56.454169
-1.172362,51,56.484041
-1.235757,51,56.513483
-1.341722,51,56.546029
-1.2091,51,56.57584
-1.06304,51,56.605987
-1.016448,52,56.635173
-1.231047,51,56.664774
-1.143345,51,56.696794
-1.354349,51,56.725943
-1.81264,51,56.755941
-1.05124,52,56.785299
-1.01631,51,56.815473
-1.034127,51,56.847092
-1.365117,51,56.876722
-1.04823,51,56.905655
-1.23636,51,56.935597
-1.83467,51,56.964754
-1.503339,51,56.997147
-1.325119,51,57.026172
-1.360509,51,57.056025
-1.166411,51,57.091534
-1.244779,51,57.121292
-1.265564,51,57.153602
-1.037961,51,57.183094
-1.447355,51,57.213273
-1.260886,51,57.242177
-1.316278,52,57.272458
-1.142993,51,57.303357
-1.381517,51,57.333131
-1.126464,52,57.363264
-1.173305,51,57.391941
-1.5014,51,57.42177
-1.109263,52,57.453507
-1.194399,52,57.483447
-1.230048,52,57.513274
-1.445998,52,57.54437
-1.190233,51,57.576934
-1.192457,51,57.605858
-1.250178,51,57.635816
-1.302829,51,57.664905
-1.408983,51,57.694458
-0.990076,51,57.724451
-1.249147,52,57.756126
-1.3274,51,57.785681
-1.271045,51,57.815426
-1.139579,51,57.844743
-1.235444,51,57.875448
-1.459966,51,57.907334
-1.425888,51,57.936453
-1.362136,51,57.966266
-1.187174,51,57.995291
-1.232086,51,58.024619
-1.344004,51,58.057
-1.430589,51,58.086959
-1.31629,52,58.116919
-1.415991,51,58.145945
-1.228223,52,58.176119
-1.171055,51,58.207518
-1.136505,51,58.23671
-1.144819,51,58.267059
-1.235748,51,58.297536
-1.232218,52,58.329824
-1.149001,51,58.362788
-1.014792,51,58.394232
-1.235965,51,58.424543
-1.158981,51,58.453417
-1.155414,52,58.483353
-1.469026,51,58.51541
-1.232588,51,58.544144
-1.197088,52,58.57429
-1.214236,51,58.604314
-1.436848,51,58.635082
-1.140665,51,58.666822
-1.206451,51,58.696179
-1.402604,51,58.726027
-1.385359,51,58.754661
-1.09886,51,58.784274
-1.28522,51,58.816106
-1.161393,51,58.844914
-1.521501,51,58.874587
-1.270924,52,58.904148
-1.028157,51,58.933295
-1.269866,51,58.965499
-1.391664,51,58.994573
-1.08059,51,59.023971
-1.238671,51,59.053575
-1.417338,51,59.082242
-1.248009,51,59.114198
-1.384021,51,59.144062
-1.281756,51,59.17263
-1.23818,52,59.202659
-1.477664,51,59.231736
-1.337517,51,59.263386
-1.253773,51,59.293161
-1.261399,51,59.322181
-1.260278,51,59.351562
-1.51731,51,59.380853
-1.077593,51,59.409815
-1.182401,51,59.441247
-1.251559,51,59.471818
-0.925491,51,59.501467
-1.225812,52,59.531949
-1.194388,51,59.560904
-0.957625,51,59.593278
-1.213781,51,59.62226
-1.228634,51,59.652858
-1.168642,52,59.682253
-1.204046,51,59.712534
-1.038348,51,59.743945
-1.296251,52,59.773973
-1.253862,51,59.803681
-1.163287,52,59.833318
-1.420163,51,59.865194
-1.173208,51,59.895181
-1.220726,51,59.924432
-0.964214,51,59.954571
-1.0407,52,59.983504
-1.118133,51,60.015979
-1.612314,51,60.045049
-1.409136,51,60.074388
-1.143907,51,60.104304
-1.101972,52,60.133683
-1.20381,51,60.165974
-1.10433,51,60.195064
-1.690736,51,60.224853
-0.986252,51,60.254241
-1.103673,51,60.283411
-1.102599,51,60.313436
-1.168412,51,60.344725
-1.177599,51,60.374763
-1.260273,51,60.40379
-1.212605,52,60.434053
-1.134634,51,60.463553
-1.043169,51,60.495699
-1.218068,52,60.525306
-0.950601,51,60.555318
-0.953183,51,60.584284
-1.236573,51,60.613997
-1.308098,52,60.646464
-1.235596,51,60.675065
-1.294658,51,60.704769
-1.028921,51,60.733519
-1.296055,51,60.762764
-1.146481,51,60.794448
-1.111354,51,60.823158
-1.095306,51,60.852782
-1.140489,51,60.881385
-1.202285,51,60.910974
-1.376114,51,60.942924
-1.220841,51,60.97144
-1.269074,51,61.001077
-1.470086,51,61.029689
-1.090716,51,61.060501
-1.022381,51,61.091801
-1.098545,51,61.121646
-1.145788,51,61.150756
-1.181202,51,61.180593
-1.283,51,61.209879
-1.152417,51,61.239095
-1.345537,51,61.271036
-1.177891,51,61.299671
-1.237356,51,61.329472
-1.022936,52,61.359228
-0.961004,51,61.388086
-1.146088,51,61.420073
-1.102456,51,61.448618
-1.396118,51,61.478145
-1.121234,51,61.506779
-1.104653,51,61.536222
-1.035996,51,61.568101
-1.1696,52,61.597683
-1.331672,51,61.626911
-1.452735,51,61.65679
-1.075333,51,61.685507
-1.353481,51,61.717849
-1.288971,51,61.746799
-1.129824,51,61.77639
-1.224826,51,61.804959
-1.158596,52,61.834746
-1.436535,51,61.866336
-1.302566,51,61.895503
-1.179287,51,61.924901
-1.224104,51,61.954549
-1.125758,51,61.983132
-1.37657,51,62.015442
-1.315748,51,62.045352
-1.248925,51,62.075727
-1.119948,51,62.104998
-1.260259,51,62.134536
-1.309271,51,62.163228
-1.249416,51,62.195244
-1.319442,51,62.2245
-1.361781,52,62.254424
-1.85763,51,62.283121
-1.241415,52,62.315612
-1.028437,51,62.344829
-1.278217,51,62.373904
-1.243059,51,62.40358
-1.138421,51,62.43217
-1.050944,51,62.462572
-1.025506,52,62.494717
-1.092008,51,62.524694
-1.264491,51,62.554764
-1.463069,52,62.584223
-1.484196,51,62.616451
-1.335466,51,62.646461
-1.100019,51,62.675109
-1.106935,52,62.704325
-1.281359,51,62.734093
-1.368339,52,62.766069
-1.192674,51,62.795328
-1.205735,51,62.823896
-1.134179,52,62.854054
-1.021419,51,62.882952
-1.288842,51,62.914662
-1.189429,51,62.944396
-1.293191,51,62.973063
-1.186289,51,63.002195
-0.995584,51,63.031298
-1.277778,51,63.063201
-1.312111,51,63.091914
-1.071893,51,63.121622
-1.229688,51,63.150316
-1.317087,51,63.17982
-1.259717,51,63.208346
-1.282862,51,63.240186
-1.173262,51,63.268659
-1.15111,51,63.2982
-1.202503,52,63.327253
-1.228138,52,63.359458
-1.353607,51,63.388886
-1.204499,51,63.417626
-1.025535,51,63.447305
-0.927599,51,63.476292
-1.242041,51,63.50567
-0.965301,51,63.537524
-1.035862,51,63.566031
-1.394548,51,63.595585
-0.972267,51,63.624012
-1.027938,51,63.653819
-1.086838,51,63.684866
-1.145281,51,63.714254
-0.962268,51,63.742868
-1.147863,51,63.772378
-1.3987,52,63.801464
-1.336051,51,63.833356
-0.947686,51,63.861896
-1.52335,51,63.891342
-1.205433,51,63.920163
-1.325707,51,63.949507
-1.129283,51,63.980681
-1.070348,51,64.010238
-1.269307,51,64.039193
-1.369145,51,64.06841
-1.157507,51,64.097767
-1.256008,51,64.126419
-1.083896,51,64.158794
-1.355625,51,64.187754
-1.270291,51,64.217598
-1.070334,52,64.246981
-1.305784,51,64.275915
-0.970511,51,64.307855
-0.991329,51,64.337107
-1.102465,51,64.366232
-1.189275,51,64.39486
-1.393004,51,64.424265
-1.153817,51,64.455895
-1.038886,51,64.484692
-0.994038,51,64.51443
-1.33422,51,64.543284
-1.183153,51,64.572543
-0.990111,51,64.60432
-0.999122,51,64.632879
-1.329087,51,64.663511
-1.185297,51,64.693379
-0.943291,51,64.722538
-1.267432,52,64.754375
-1.063494,51,64.783997
-1.076645,52,64.813355
-1.142731,51,64.843308
-1.209615,51,64.872219
-1.039652,51,64.903815
-0.899031,51,64.932629
-1.364402,52,64.962908
-1.087675,51,64.992058
-1.409018,51,65.021496
-1.41216,51,65.053473
-1.146445,52,65.082719
-1.16284,52,65.112465
-1.039144,51,65.141661
-1.221771,51,65.171366
-1.06983,51,65.202318
-1.28695,51,65.232111
-1.069195,51,65.260895
-1.356601,51,65.2907
-1.569538,51,65.31963
-1.042518,52,65.351783
-1.060336,51,65.381544
-1.464143,51,65.410359
-1.149016,51,65.440072
-1.094642,51,65.468668
-0.998364,51,65.501429
-1.020606,51,65.53089
-1.11687,51,65.560714
-0.97859,51,65.589431
-1.467515,51,65.619355
-1.117355,51,65.648123
-1.187667,51,65.68045
-1.207498,51,65.709293
-1.559239,51,65.73912
-1.034846,51,65.768021
-1.199542,51,65.796547
-1.046727,51,65.829107
-1.442837,51,65.858015
-1.061929,51,65.887991
-1.139618,51,65.91756
-1.079405,51,65.947404
-1.313764,51,65.97864
-1.190694,51,66.008557
-1.259419,51,66.03725
-1.222868,51,66.067507
-1.147017,51,66.096504
-1.572165,51,66.126073
-1.146872,51,66.157809
-1.340258,51,66.186432
-0.97005,51,66.216698
-1.016326,51,66.245995
-1.223305,51,66.275796
-1.280611,51,66.307713
-1.118911,51,66.336652
-1.222764,51,66.366245
-1.18307,51,66.395651
-1.416514,52,66.42523
-1.129198,51,66.45727
-1.192109,51,66.4869
-1.030846,51,66.516068
-1.153132,51,66.545778
-1.202106,51,66.574538
-1.21602,51,66.606588
-1.35676,51,66.636568
-1.203284,52,66.665872
-1.205621,51,66.695144
-1.147407,51,66.724542
-1.26241,51,66.755837
-1.251036,51,66.785689
-1.248725,52,66.81495
-1.478392,51,66.844728
-1.091242,51,66.873388
-1.198019,52,66.906664
-1.122854,51,66.935916
-1.006001,51,66.965679
-1.151225,51,66.994364
-1.094766,51,67.023792
-1.21931,52,67.055653
-1.078676,51,67.085646
-1.144892,52,67.11489
-1.314975,51,67.143701
-1.053499,51,67.173999
-1.262643,52,67.205383
-1.104301,51,67.235009
-1.256022,51,67.264043
-1.177866,52,67.294455
-1.259997,51,67.323304
-1.131349,51,67.354367
-1.130622,51,67.384081
-1.153009,51,67.412777
-1.342652,51,67.442393
-1.210893,51,67.471128
-1.086192,51,67.502947
-1.205861,51,67.53177
-1.367626,51,67.560803
-0.813051,51,67.590145
-1.121873,51,67.619498
-1.351141,51,67.65046
-1.158819,51,67.679418
-1.150117,51,67.708822
-1.184159,51,67.738694
-1.275777,51,67.768736
-1.41243,51,67.797628
-1.303573,51,67.829519
-1.140416,51,67.859299
-1.15094,51,67.888205
-1.340229,51,67.918061
-1.383104,51,67.946813
-1.083469,51,67.978807
-1.116398,51,68.007693
-1.188101,52,68.038011
-1.085719,51,68.066722
-1.349373,51,68.096413
-1.185138,51,68.12895
-1.367525,51,68.158646
-1.164831,51,68.187516
-0.870795,51,68.217474
-0.96699,51,68.246247
-1.246632,52,68.278325
-1.016629,51,68.307451
-0.96067,51,68.336266
-0.937119,51,68.365887
-0.948698,51,68.394631
-1.649192,51,68.426669
-1.092016,51,68.455586
-1.121566,51,68.485135
-1.0947,51,68.514497
-1.352649,52,68.544649
-1.155188,51,68.576634
-1.67741,51,68.606288
-1.051167,51,68.636075
-1.000538,51,68.664711
-1.24877,51,68.694478
-1.109713,51,68.72326
-1.156563,51,68.755316
-1.051579,51,68.784025
-0.947882,51,68.813711
-1.192768,51,68.842493
-1.154714,51,68.871881
-1.17696,51,68.903034
-1.224445,51,68.932797
-1.154325,51,68.961469
-1.146859,51,68.990982
-0.918552,51,69.019935
-1.217822,51,69.051525
-1.165362,51,69.080953
-1.266131,51,69.110436
-1.113617,51,69.139238
-1.123668,51,69.168047
-1.10688,51,69.197594
-1.469575,51,69.228417
-1.2861,51,69.258074
-1.120105,51,69.287122
-1.205001,51,69.316583
-1.041401,51,69.34602
-0.968577,51,69.377294
-1.082138,51,69.407049
-1.012372,51,69.435842
-1.186327,52,69.465666
-1.299398,51,69.495642
-1.191173,52,69.527623
-1.211117,51,69.5576
-1.107098,51,69.586814
-1.283069,51,69.615465
-1.106959,51,69.645016
-1.031664,51,69.676331
-1.168617,51,69.70636
-1.036345,51,69.735565
-1.139124,51,69.764688
-1.02737,51,69.793212
-1.20165,51,69.825566
-1.158907,51,69.854607
-1.034577,51,69.883682
-1.193861,51,69.912833
-1.171103,51,69.941535
-0.95841,51,69.970311
-1.261076,52,70.002906
-1.042344,51,70.032568
-1.006918,51,70.062673
-1.357302,51,70.091616
-1.030563,52,70.124126
-1.352245,51,70.153229
-1.256337,51,70.18217
-1.246216,51,70.21174
-1.219682,51,70.240848
-1.172042,51,70.270618
-1.151344,51,70.301532
-1.62552,51,70.331277
-1.16982,51,70.359765
-1.079695,52,70.389752
-1.219504,52,70.421287
-1.324232,51,70.451332
-1.227708,51,70.481286
-1.131901,51,70.511423
-1.0897,52,70.540787
-1.116847,51,70.572921
-1.319492,51,70.602777
-1.209909,51,70.631494
-1.065167,51,70.660105
-1.160072,51,70.689898
-1.173914,51,70.718573
-1.017313,51,70.750487
-1.100352,51,70.779084
-1.149868,51,70.808697
-1.363128,51,70.837321
-1.084893,51,70.8669
-1.144369,51,70.898004
-1.119168,52,70.927732
-1.043105,51,70.956751
-1.147531,51,70.985319
-1.00301,51,71.015211
-1.110377,51,71.046219
-1.089778,51,71.076313
-1.387192,51,71.105077
-1.045619,51,71.133833
-1.131152,52,71.164313
-1.187263,51,71.196227
-1.387638,52,71.225706
-1.102839,51,71.255551
-1.110069,51,71.284293
-1.253727,51,71.313132
-1.19611,51,71.345208
-1.030583,51,71.373878
-1.192349,51,71.403546
-1.143416,52,71.43268
-0.936122,51,71.46156
-1.311472,51,71.493461
-1.30844,51,71.522352
-0.973035,51,71.55502
-1.230866,51,71.588594
-1.08278,52,71.620317
-0.934664,52,71.65219
-1.070011,51,71.682314
-1.413641,51,71.711538
-1.144739,51,71.740922
-1.120012,51,71.770452
-1.101944,52,71.802249
-1.045331,51,71.832193
-1.18982,51,71.860888
-1.12037,51,71.890395
-1.160236,51,71.919484
-1.114119,51,71.950863
-1.128792,51,71.98041
-1.265139,52,72.009497
-1.142995,51,72.03922
-1.052148,51,72.068044
-1.053731,51,72.100055
-1.338031,51,72.12963
-1.098481,51,72.159578
-1.028371,51,72.188677
-1.223866,52,72.218559
-1.103924,52,72.250557
-0.988182,51,72.279573
-1.086425,51,72.309062
-1.032505,51,72.337921
-1.234081,51,72.367631
-0.985238,51,72.398904
-1.106781,51,72.427588
-1.027493,52,72.457752
-0.934926,51,72.4865
-1.194952,51,72.516348
-1.061663,51,72.547601
-1.192064,52,72.57796
-0.954574,51,72.607238
-1.143518,51,72.636973
-1.278893,51,72.66581
-1.044111,52,72.699025
-1.169197,51,72.728901
-1.087451,51,72.758024
-1.177908,51,72.78789
-1.144119,51,72.817035
-1.096071,51,72.84836
-1.15714,51,72.877803
-1.03499,51,72.907096
-0.994386,51,72.935878
-1.269958,51,72.965692
-1.212007,51,72.996803
-0.996796,51,73.025522
-1.177841,51,73.055291
-1.234991,51,73.083838
-1.130319,51,73.113376
-1.165666,51,73.14277
-1.100223,51,73.173822
-1.216145,51,73.203016
-1.375194,51,73.232534
-1.206349,52,73.261702
-1.069223,51,73.291337
-1.058822,51,73.322705
-1.098643,51,73.351857
-1.198287,51,73.381007
-1.041737,51,73.410951
-1.759284,51,73.440076
-1.023377,51,73.471513
-1.024015,51,73.501401
-1.222066,51,73.530386
-1.195061,51,73.559476
-1.223321,51,73.588769
-1.154568,51,73.620372
-1.247587,52,73.649756
-1.076552,51,73.679172
-1.087458,51,73.708764
-1.418845,52,73.738155
-1.290663,51,73.769616
-1.228598,51,73.798777
-1.340537,52,73.829087
-1.179667,51,73.858212
-1.209309,51,73.887325
-1.110825,51,73.918951
-1.272986,51,73.949323
-1.319801,51,73.979218
-1.070164,51,74.008632
-1.013587,51,74.038454
-1.368566,51,74.070236
-0.98654,51,74.099411
-1.168396,51,74.128498
-1.161742,51,74.158496
-1.025488,51,74.187326
-1.071076,52,74.219989
-1.064188,51,74.249756
-1.302002,51,74.278912
-0.954582,51,74.30763
-1.158609,51,74.337536
-1.155453,51,74.366345
-1.006309,51,74.397644
-1.267784,51,74.427397
-1.094592,51,74.456341
-1.209352,51,74.485355
-1.227699,51,74.515295
-1.095632,51,74.546745
-0.994235,51,74.576313
-0.998721,52,74.606626
-1.041363,52,74.635976
-1.181159,51,74.665022
-1.294714,51,74.696995
-1.145746,51,74.725903
-1.132354,51,74.754798
-1.178697,51,74.784603
-1.18451,51,74.813249
-1.016617,52,74.846848
-1.198814,51,74.875846
-1.199032,52,74.905112
-1.163572,51,74.934899
-1.323167,51,74.963695
-1.229421,51,74.995282
-1.20283,51,75.024811
-1.401948,51,75.053553
-1.172243,51,75.083421
-0.974522,51,75.112203
-1.175226,51,75.14353
-1.083123,51,75.173268
-1.296447,51,75.202137
-1.084409,52,75.232476
-1.058676,51,75.261184
-1.19677,51,75.292288
-1.04175,52,75.322506
-0.97837,51,75.351221
-1.178946,51,75.379927
-1.211395,51,75.409318
-1.143257,51,75.440559
-1.039741,51,75.469307
-1.024763,51,75.498847
-1.141716,52,75.528078
-1.225128,51,75.557041
-1.155301,52,75.589165
-0.999732,51,75.619073
-1.140706,52,75.648481
-1.131064,51,75.678267
-1.129397,51,75.708545
-1.063377,51,75.739934
-1.03237,51,75.768783
-0.973423,51,75.798707
-1.051963,51,75.827445
-1.128933,51,75.856816
-1.451104,51,75.88823
-1.037005,51,75.91726
-1.038489,51,75.947177
-1.202749,51,75.97619
-1.45081,51,76.005048
-0.938444,51,76.037642
-1.155366,51,76.067453
-1.118428,51,76.096652
-1.297799,51,76.125737
-0.987226,51,76.155471
-1.167212,51,76.184165
-1.065352,51,76.216527
-1.015351,52,76.245902
-1.031348,51,76.27474
-1.197094,52,76.305071
-1.045083,51,76.336123
-1.202792,51,76.364913
-1.186253,51,76.394907
-0.826122,51,76.423414
-0.995842,52,76.452645
-1.120017,52,76.485155
-1.15482,51,76.515051
-1.27451,51,76.544803
-1.065989,51,76.573892
-1.291373,51,76.60314
-1.178017,51,76.635405
-1.128515,51,76.664251
-1.08419,51,76.693043
-1.026833,51,76.721832
-1.167244,51,76.751603
-0.84952,51,76.780322
-1.035904,51,76.811782
-1.156158,51,76.841415
-1.217116,51,76.870234
-1.187219,51,76.899788
-1.190197,52,76.930044
-1.032537,51,76.961472
-1.027192,51,76.991029
-1.062576,51,77.020101
-1.128936,52,77.049239
-1.276521,51,77.078208
-1.019691,51,77.110007
-0.949023,52,77.140452
-0.988871,51,77.169441
-1.290493,51,77.198246
-1.047558,51,77.228234
-1.194829,51,77.259352
-1.062794,51,77.28825
-1.189695,51,77.317672
-1.242706,52,77.347061
-0.908169,52,77.379014
-1.031792,51,77.408716
-1.06921,52,77.438037
-1.049412,51,77.467098
-1.180721,51,77.497072
-0.979724,51,77.528684
-1.093181,51,77.558337
-1.00316,51,77.587704
-1.184702,51,77.617472
-1.197363,51,77.646394
-1.025962,52,77.679175
-1.092865,52,77.70835
-1.04741,52,77.738124
-1.225365,51,77.768106
-0.997617,52,77.797616
-1.222131,51,77.829918
-1.102458,51,77.859494
-0.990645,51,77.888341
-1.084287,51,77.916997
-0.950284,51,77.946991
-1.258534,51,77.978606
-1.04184,51,78.007476
-1.151067,51,78.037131
-0.963741,51,78.065965
-1.174122,52,78.095072
-1.202813,52,78.127509
-1.083914,51,78.156782
-1.361718,51,78.185923
-1.163697,51,78.215744
-1.044806,51,78.244625
-1.061235,51,78.27611
-1.152037,51,78.306101
-1.178363,51,78.335416
-1.398234,51,78.364475
-1.087707,52,78.393803
-1.094976,51,78.425799
-1.267054,51,78.454685
-1.259183,51,78.483883
-1.122723,51,78.513307
-1.044733,51,78.542956
-1.099276,51,78.573936
-1.047051,51,78.604047
-1.125133,52,78.63392
-1.038264,51,78.662927
-1.280326,51,78.691751
-1.04035,51,78.723449
-1.261954,51,78.752247
-0.988057,51,78.781778
-1.167372,51,78.811464
-1.079028,51,78.840909
-1.463438,51,78.870181
-0.997705,52,78.901981
-1.020313,51,78.93182
-1.032006,51,78.960734
-0.955285,51,78.989469
-1.314424,51,79.019196
-1.12898,51,79.050399
-1.407888,51,79.079141
-1.150504,51,79.10899
-1.062582,51,79.137635
-1.219212,51,79.166295
-1.202485,51,79.198491
-1.195607,51,79.227595
-1.171028,52,79.256858
-1.394878,51,79.285747
-1.125871,51,79.315229
-1.188622,51,79.346402
-1.069752,51,79.376154
-1.36416,51,79.404901
-1.158655,51,79.434419
-1.205548,51,79.464291
-0.984351,51,79.495422
-0.967496,51,79.524464
-1.174137,51,79.553792
-1.211524,51,79.582769
-1.049445,51,79.612894
-1.177856,52,79.644839
-1.059798,51,79.673428
-1.080959,51,79.702974
-1.082037,51,79.731597
-1.097335,51,79.760222
-1.15313,51,79.789772
-1.334431,51,79.821839
-1.172604,51,79.850668
-1.01426,51,79.879647
-1.123801,52,79.909671
-1.236582,51,79.939031
-1.076212,51,79.970453
-1.24891,51,79.999267
-1.16965,51,80.029391
-1.091217,51,80.058419
-0.995152,51,80.087253
-1.073791,51,80.119253
-1.016852,52,80.151007
-0.928926,51,80.181459
-1.255467,51,80.216728
-1.17766,51,80.260249
-1.029203,51,80.30308
-0.960408,51,80.34509
-1.253119,51,80.377099
-0.931798,51,80.406164
-0.943554,51,80.435011
-1.107248,51,80.46714
-0.903279,52,80.496291
-1.401552,51,80.525685
-1.399881,51,80.554874
-1.002566,51,80.584835
-1.255868,52,80.617955
-1.006426,51,80.646874
-1.043073,51,80.676941
-0.999601,51,80.705795
-1.278437,51,80.735251
-0.974021,51,80.766922
-1.161871,51,80.795689
-1.000189,51,80.825483
-1.327373,51,80.854265
-1.018262,51,80.88304
-1.091896,51,80.912512
-1.026626,51,80.944006
-1.011147,51,80.973039
-1.300222,51,81.001963
-0.898524,51,81.031927
-1.062086,52,81.062834
-1.071086,51,81.094733
-0.998748,51,81.123794
-1.178077,52,81.154217
-1.031435,52,81.183447
-1.207616,52,81.215107
-1.095872,51,81.245161
-1.101558,51,81.274132
-1.123121,52,81.304396
-0.881891,51,81.333382
-1.371377,51,81.364702
-1.456869,51,81.394065
-1.099695,51,81.422651
-1.174202,51,81.451527
-1.327165,51,81.480641
-1.125114,51,81.512958
-1.058493,51,81.542155
-1.511326,52,81.571704
-0.936747,51,81.600575
-1.051699,51,81.629495
-0.998591,51,81.661801
-1.290596,51,81.691548
-1.283157,51,81.72049
-1.059529,51,81.749265
-1.131378,52,81.779517
-1.013304,52,81.811166
-0.985902,51,81.840853
-1.245385,51,81.869586
-1.079849,51,81.898268
-1.046285,51,81.928051
-1.084982,51,81.958965
-0.967481,51,81.988086
-1.068142,51,82.017292
-1.14451,51,82.046121
-1.126679,52,82.07614
-1.126369,51,82.107262
-0.942939,51,82.136754
-0.909007,51,82.165643
-1.175931,52,82.194818
-0.846076,51,82.224342
-1.260204,51,82.255466
-1.231551,51,82.284189
-1.207874,51,82.314321
-1.008973,51,82.343348
-1.08645,51,82.37221
-1.051317,51,82.401332
-1.265714,51,82.433972
-1.080041,51,82.46318
-1.105812,51,82.492482
-1.065389,51,82.523316
-1.311282,51,82.552618
-0.980919,51,82.584074
-1.076203,51,82.614036
-1.06304,51,82.642903
-1.04926,51,82.672524
-1.188008,51,82.701298
-1.081829,51,82.732944
-1.105571,51,82.762775
-0.996458,51,82.79229
-1.077,51,82.821827
-1.026156,52,82.851359
-1.132486,52,82.883228
-1.043946,51,82.912465
-0.927409,51,82.941951
-1.13386,51,82.971958
-1.088411,51,83.000949
-1.097919,51,83.032673
-1.162408,51,83.061903
-0.960629,51,83.092324
-1.111493,51,83.125796
-1.047291,51,83.155515
-1.103543,52,83.187772
-1.039691,52,83.217626
-1.042336,51,83.246687
-1.124378,51,83.275548
-1.209177,51,83.305106
-1.234127,51,83.336012
-1.038273,51,83.365879
-1.040155,51,83.394401
-1.105194,51,83.423449
-1.154773,51,83.452849
-0.94846,51,83.481406
-1.045386,51,83.513313
-1.042525,51,83.541939
-1.104721,51,83.571317
-1.027393,52,83.601435
-1.268766,51,83.630503
-1.35005,51,83.662738
-1.025167,51,83.691458
-1.106783,51,83.720371
-1.180367,51,83.750108
-1.095951,52,83.779175
-1.080836,51,83.810085
-1.146249,51,83.838565
-1.030317,51,83.868255
-1.047151,51,83.896927
-1.081397,51,83.926041
-1.106717,51,83.957629
-0.978065,51,83.986217
-1.076451,52,84.016298
-1.084951,51,84.044971
-1.066655,51,84.073601
-1.018659,51,84.105632
-1.080026,52,84.134745
-1.097711,51,84.16328
-1.229391,51,84.192864
-1.030034,51,84.22141
-1.024329,51,84.252623
-1.200247,51,84.282188
-1.408126,51,84.310773
-1.148342,51,84.340244
-1.293019,51,84.368979
-1.026573,52,84.401186
-0.951623,51,84.431337
-1.071693,52,84.460794
-1.121774,51,84.490351
-1.087519,51,84.519825
-1.13716,51,84.551944
-1.124652,51,84.580629
-1.184237,52,84.611607
-1.047092,52,84.64084
-1.324138,51,84.670654
-1.253411,51,84.701593
-0.928682,51,84.731192
-1.076076,51,84.759864
-0.94576,51,84.789102
-1.174601,51,84.818979
-1.194536,51,84.849954
-1.054481,51,84.879577
-1.267427,51,84.908444
-0.924857,52,84.937816
-1.027938,51,84.967082
-1.10063,51,84.998123
-1.35789,51,85.027735
-1.156942,51,85.056593
-1.076524,51,85.085015
-1.125563,51,85.114404
-1.128389,51,85.145592
-0.994563,51,85.174326
-1.327093,51,85.203407
-1.205022,52,85.233141
-1.177727,51,85.261792
-1.093465,51,85.292828
-1.136944,51,85.322323
-1.14834,51,85.350942
-0.972082,51,85.379562
-1.431225,51,85.409252
-1.040912,51,85.437834
-1.130822,51,85.469387
-1.450782,52,85.498917
-0.946149,52,85.528066
-1.294658,51,85.557029
-0.984102,51,85.588811
-0.976093,51,85.617356
-1.173035,51,85.647194
-1.230749,52,85.676243
-1.095218,51,85.704865
-1.332334,51,85.736615
-1.134322,51,85.765235
-1.066732,51,85.793996
-1.018857,51,85.823577
-1.060306,51,85.852333
-0.954636,52,85.883702
-1.064786,51,85.913472
-1.171797,51,85.942103
-1.220838,51,85.970738
-0.912598,51,86.000519
-1.14614,51,86.029223
-1.271719,51,86.060544
-1.065577,51,86.091272
-1.213887,51,86.120348
-1.219692,51,86.149406
-1.047742,51,86.179056
-1.323398,51,86.209909
-1.464368,51,86.239644
-1.164621,51,86.268154
-1.349366,51,86.297132
-0.978738,51,86.326348
-1.142446,51,86.357846
-1.223977,51,86.386584
-1.056927,51,86.416028
-1.190181,51,86.444657
-1.234602,51,86.474066
-1.019976,52,86.505574
-0.947107,51,86.534569
-1.219705,51,86.563846
-1.119048,52,86.592815
-1.175559,51,86.622564
-1.264163,52,86.654484
-1.185097,51,86.683491
-0.939934,51,86.712213
-1.059486,51,86.741765
-1.04435,51,86.770377
-1.064177,52,86.801538
-1.098565,51,86.831245
-1.035424,52,86.860229
-1.056623,51,86.889095
-1.007827,51,86.918423
-1.124469,51,86.949278
-1.055347,51,86.979009
-1.192818,51,87.007473
-1.045237,51,87.036777
-1.122254,51,87.065824
-1.054642,51,87.096638
-1.029717,51,87.126416
-1.118391,51,87.154953
-1.248958,51,87.183595
-1.285994,51,87.213128
-1.046374,52,87.244525
-1.063983,51,87.273222
-1.129608,51,87.302368
-1.074905,51,87.3312
-0.898588,51,87.359776
-1.227361,51,87.389303
-0.991462,51,87.421775
-1.227435,51,87.450645
-1.194045,51,87.479465
-1.278642,51,87.50945
-1.151752,51,87.538275
-1.189431,51,87.570307
-1.089491,51,87.601314
-1.065632,51,87.630254
-1.237049,51,87.659051
-1.305036,51,87.68788
-1.197856,51,87.720047
-1.372974,51,87.748881
-1.179317,51,87.777611
-1.104014,51,87.807393
-1.177399,52,87.836766
-1.052999,51,87.867894
-1.124689,51,87.896741
-0.987952,52,87.927065
-1.114168,52,87.95648
-1.190998,52,87.985616
-1.077128,51,88.016812
-1.188958,51,88.04654
-1.229632,51,88.075542
-1.122653,51,88.104239
-1.229942,51,88.133011
-1.246152,51,88.164538
-1.17951,51,88.194641
-1.032173,51,88.223623
-1.173262,51,88.252828
-1.077604,51,88.281523
-1.312037,51,88.313066
-1.039551,51,88.342192
-1.326926,51,88.370948
-0.898283,51,88.402181
-0.97959,51,88.431286
-1.262006,51,88.461239
-0.945179,51,88.492788
-1.013504,51,88.52157
-1.063526,51,88.552489
-1.102826,51,88.581483
-0.996958,51,88.610737
-1.0534,51,88.643029
-1.050194,51,88.67177
-1.206125,51,88.700544
-0.991567,52,88.730875
-1.170103,51,88.759779
-1.075355,51,88.790955
-1.17227,51,88.819726
-1.029178,51,88.849319
-1.120135,51,88.877867
-1.100612,51,88.906439
-1.054954,51,88.937255
-1.046236,52,88.967472
-0.976101,52,88.99654
-0.916958,51,89.025211
-1.18658,52,89.054863
-1.107109,51,89.086363
-0.926079,51,89.115099
-1.243816,51,89.144864
-0.990746,51,89.173539
-1.199635,52,89.202474
-1.02762,51,89.236
-0.923522,51,89.265261
-1.017506,51,89.295142
-1.101098,51,89.324386
-1.054364,51,89.352923
-0.839158,51,89.384842
-1.129465,52,89.413926
-1.38658,51,89.442463
-1.020299,51,89.471488
-0.919815,51,89.500815
-0.912171,51,89.531908
-1.136656,51,89.560631
-1.428753,51,89.590346
-0.98383,51,89.619256
-1.137326,51,89.647803
-0.897119,51,89.679825
-0.932739,51,89.708387
-1.000852,51,89.737003
-1.136597,52,89.76666
-1.32184,51,89.795733
-0.962235,51,89.826731
-1.130976,51,89.855472
-0.907803,51,89.884718
-1.094235,51,89.913745
-1.044561,51,89.942411
-0.964317,52,89.973806
-1.139134,51,90.002537
-1.165069,51,90.032194
-1.26937,51,90.061119
-1.179621,51,90.089875
-1.182448,51,90.118269
-1.101731,52,90.15086
-0.975327,52,90.180364
-1.180286,51,90.208981
-1.0317,51,90.237719
-0.821995,51,90.268852
-1.003088,51,90.298865
-1.120955,51,90.32761
-1.251833,52,90.357031
-1.202584,51,90.385964
-1.112558,51,90.41717
-1.243917,51,90.446267
-1.348741,51,90.479089
-0.915462,51,90.509274
-0.984842,51,90.539395
-0.976787,51,90.568107
-1.149582,51,90.599555
-1.189709,51,90.629445
-0.981171,51,90.658236
-1.028567,51,90.686846
-0.966138,52,90.716926
-1.099537,51,90.747824
-0.956146,51,90.776405
-0.953059,51,90.805638
-1.065162,51,90.834809
-1.203421,52,90.863854
-1.187083,51,90.895061
-1.316357,51,90.924461
-1.365422,51,90.953121
-0.982525,51,90.981911
-1.087076,51,91.011381
-1.032891,51,91.042235
-1.118543,51,91.071754
-0.992181,51,91.101727
-1.118921,51,91.131957
-1.143238,51,91.160765
-1.168679,51,91.191955
-1.219815,51,91.2218
-1.035418,52,91.251142
-1.120289,51,91.280099
-0.958587,51,91.309388
-1.046737,51,91.340663
-1.032684,52,91.369804
-1.061836,51,91.399002
-1.235304,51,91.428403
-1.085701,51,91.457086
-1.039118,51,91.490836
-0.993347,52,91.528661
-1.072703,51,91.559442
-1.055458,51,91.58848
-1.00803,51,91.617302
-1.143868,51,91.648984
-1.167902,52,91.678659
-0.826864,51,91.708043
-1.149908,51,91.737313
-1.135165,51,91.766904
-1.019965,52,91.79868
-0.975626,51,91.827572
-1.03146,52,91.857844
-1.107531,52,91.88724
-1.190235,51,91.916157
-1.046938,52,91.947964
-1.148566,52,91.977418
-1.097387,51,92.006876
-0.935503,51,92.03552
-0.958592,51,92.06644
-0.987392,52,92.09607
-1.20772,51,92.126269
-1.126055,51,92.15546
-0.980206,51,92.1845
-1.012899,51,92.216194
-1.026899,51,92.24566
-1.056567,51,92.27464
-1.055278,52,92.303981
-1.231792,52,92.33421
-0.943664,52,92.365678
-0.902673,51,92.394377
-0.910697,51,92.423066
-1.218104,51,92.451951
-0.86505,51,92.481717
-1.346627,51,92.512722
-0.964388,51,92.542674
-1.381901,51,92.571327
-1.051672,51,92.600056
-1.276477,51,92.629711
-1.193352,52,92.66134
-1.137742,51,92.691008
-1.174588,51,92.720417
-1.085695,51,92.74918
-1.176514,51,92.778961
-1.10122,51,92.810227
-1.007727,51,92.839953
-1.187415,51,92.868663
-1.075343,51,92.898466
-1.077345,51,92.927234
-1.078678,51,92.955997
-1.213605,51,92.988048
-0.981677,51,93.016695
-1.212426,51,93.045387
-1.051785,52,93.074587
-0.982237,51,93.104518
-1.067917,51,93.13656
-1.201654,52,93.165893
-0.970107,51,93.195566
-0.914956,51,93.224528
-1.043437,51,93.253337
-1.135839,52,93.285275
-1.185672,51,93.314429
-1.176645,51,93.343258
-1.2141,51,93.37208
-1.08285,51,93.401712
-1.116875,51,93.432864
-1.068654,51,93.461571
-1.047157,51,93.491455
-1.072554,51,93.520093
-1.093669,51,93.549395
-1.075306,51,93.58069
-1.086517,51,93.609419
-1.089156,51,93.638462
-1.006615,51,93.667653
-0.988674,51,93.696252
-1.093628,51,93.727064
-1.080586,51,93.756753
-1.146673,51,93.786278
-0.895699,51,93.815144
-0.948214,52,93.844501
-1.197025,51,93.876754
-0.97716,51,93.905785
-1.072628,52,93.934921
-1.194745,51,93.963751
-0.990972,52,93.993146
-1.312016,51,94.025311
-1.069472,51,94.054021
-1.043915,51,94.082558
-1.260668,51,94.11111
-1.197476,51,94.140349
-0.979603,51,94.172341
-1.105105,51,94.201363
-1.19851,51,94.230086
-1.141673,51,94.259089
-1.24912,51,94.288098
-1.172809,51,94.317811
-1.118273,51,94.348937
-1.104728,51,94.377514
-0.960426,51,94.406275
-1.059618,52,94.436415
-1.017039,51,94.465262
-1.214482,51,94.496154
-1.025334,51,94.525656
-0.969422,51,94.554925
-1.11266,51,94.583643
-0.84278,51,94.613439
-1.105152,51,94.644303
-1.001903,52,94.674592
-1.1614,51,94.703297
-1.026886,51,94.73186
-1.013249,52,94.761903
-0.976205,52,94.7942
-1.101761,51,94.823181
-1.080474,52,94.85236
-1.076903,51,94.882074
-0.914142,51,94.913018
-1.210934,51,94.94174
-0.987156,52,94.97094
-0.890302,51,94.999563
-1.026819,51,95.029113
-1.097045,51,95.060003
-1.127564,52,95.089051
-0.947475,51,95.118429
-0.81283,51,95.147518
-1.016746,51,95.17605
-1.119453,52,95.208111
-0.922839,52,95.237794
-0.958467,51,95.266396
-0.909125,51,95.29539
-0.957281,51,95.325115
-1.072431,52,95.356618
-0.953974,52,95.386597
-0.926302,51,95.415928
-1.225494,51,95.44565
-1.010425,51,95.474499
-0.836614,51,95.505789
-1.114757,51,95.535029
-1.055165,51,95.564646
-0.986472,51,95.593829
-1.093502,51,95.622923
-1.039697,51,95.654241
-1.22774,52,95.683715
-1.138342,51,95.712467
-1.467164,51,95.742193
-1.183349,51,95.770655
-1.200026,51,95.801909
-1.356368,51,95.830823
-0.972245,51,95.859704
-1.260626,52,95.88914
-1.08014,51,95.919034
-1.036391,51,95.950516
-1.067474,51,95.979328
-1.070223,52,96.008545
-0.924135,51,96.03734
-0.914089,51,96.067676
-0.852984,51,96.099808
-1.214628,51,96.128945
-1.07166,51,96.158213
-1.095421,52,96.187801
-1.010516,51,96.216937
-1.234616,51,96.248496
-1.051244,51,96.277793
-1.080416,51,96.306476
-0.905188,52,96.335587
-1.351405,51,96.364266
-0.99789,51,96.395834
-0.985353,51,96.425405
-1.051988,51,96.454361
-1.017415,51,96.484299
-1.128809,52,96.513629
-0.99934,51,96.544973
-1.110686,51,96.574726
-0.828903,52,96.603881
-0.981762,52,96.634053
-1.065651,51,96.663211
-1.034653,52,96.694728
-1.102554,51,96.723309
-1.033958,51,96.752564
-1.066883,51,96.781473
-1.01355,51,96.810087
-1.048056,51,96.841059
-1.101263,51,96.869686
-1.291556,51,96.89918
-1.008584,51,96.928008
-0.970658,52,96.957099
-1.104738,51,96.988198
-1.010432,51,97.016897
-0.833178,51,97.04662
-1.157404,51,97.0754
-0.973016,51,97.103894
-1.173652,51,97.135014
-1.130715,51,97.163974
-0.943882,51,97.19398
-0.914282,51,97.222863
-1.140271,51,97.251454
-1.028634,51,97.282371
-0.894199,51,97.311128
-1.21812,51,97.339819
-1.209562,52,97.368981
-1.055368,51,97.398282
-0.93807,51,97.429939
-1.051056,51,97.459376
-1.037735,52,97.488962
-1.34208,51,97.518078
-1.551898,51,97.546835
-1.108923,52,97.57852
-0.992734,51,97.607532
-1.042728,51,97.63656
-0.946966,51,97.665792
-0.948045,51,97.694596
-0.941668,51,97.726003
-1.054811,51,97.75525
-0.881913,51,97.78439
-1.096965,51,97.813389
-1.058633,51,97.842408
-1.157685,51,97.871418
-1.067454,51,97.902401
-1.06661,51,97.931512
-1.089218,51,97.960605
-1.331445,51,97.989621
-0.94313,51,98.019069
-1.071742,51,98.050672
-0.968688,51,98.079724
-1.019668,51,98.108349
-1.032882,51,98.13701
-1.20613,51,98.165566
-1.169611,51,98.197276
-1.158629,51,98.225956
-1.030215,52,98.255122
-1.248758,51,98.28362
-1.087463,51,98.313415
-1.135478,51,98.345709
-0.838435,51,98.3747
-0.924088,51,98.403919
-1.106604,51,98.432725
-1.141245,51,98.461392
-0.949547,52,98.492905
-1.653439,51,98.523242
-1.269222,51,98.552512
-1.157131,51,98.581333
-1.197264,52,98.611169
-1.014703,51,98.643595
-1.022011,51,98.672584
-1.065489,51,98.701431
-0.954212,52,98.730968
-1.361041,51,98.759736
-1.323544,51,98.790832
-1.251015,52,98.819857
-1.03263,51,98.849554
-1.142748,51,98.878165
-1.004292,52,98.907279
-1.01345,52,98.938784
-1.155861,51,98.967983
-1.244591,51,98.997138
-1.054796,51,99.02621
-0.99604,52,99.055509
-0.977458,51,99.087251
-1.066185,51,99.116313
-1.157431,51,99.145447
-1.168825,51,99.174418
-1.103824,51,99.203378
-0.994054,51,99.234792
-1.012625,51,99.264034
-1.069829,52,99.293373
-1.031687,52,99.32275
-1.104323,51,99.352596
-1.283501,51,99.384139
-1.540046,51,99.414039
-1.085472,51,99.442932
-1.077312,52,99.472205
-1.071515,51,99.501288
-1.047676,51,99.532793
-1.330932,51,99.562453
-1.107427,52,99.591869
-1.093355,51,99.621044
-1.224881,51,99.649629
-1.308246,51,99.680783
-0.960155,51,99.709762
-1.175308,51,99.738793
-0.868026,51,99.767971
-1.188944,51,99.796746
-1.189101,51,99.828171
-1.010756,51,99.857445
-1.278082,52,99.887017
-1.232589,51,99.915914
-1.235563,51,99.944821
-1.051782,51,99.976294
-0.964364,51,100.005257
-1.266185,51,100.034186
-0.993945,51,100.063277
-1.082666,51,100.091942
-1.043529,51,100.123261
-0.922728,51,100.152379
-0.927392,51,100.181198
-1.080798,52,100.211156
-0.883956,51,100.239876
-1.024731,51,100.270789
-1.188137,51,100.299412
-1.075043,51,100.328093
-1.33122,51,100.357614
-1.226952,51,100.386417
-1.129661,52,100.417959
-1.171145,51,100.448012
-1.030332,52,100.479864
-1.038183,51,100.5177
-1.324556,51,100.551916
-1.121617,52,100.587292
-1.122618,51,100.61989
-1.04923,51,100.651375
-1.255742,51,100.682353
-1.049873,51,100.714303
-1.02104,51,100.749586
-1.204716,51,100.780722
-1.059117,51,100.811909
-1.013555,51,100.842548
-1.131464,51,100.873731
-0.855276,51,100.903782
-1.108821,51,100.936552
-1.072559,51,100.96758
-0.869503,51,100.998622
-0.936994,51,101.027824
-1.042295,51,101.057715
-1.037196,51,101.09049
-0.85897,51,101.120191
-1.114177,51,101.149818
-1.087103,51,101.179515
-1.042762,52,101.209642
-0.907689,51,101.242379
-1.133481,51,101.271286
-1.029297,51,101.301377
-0.977948,51,101.331321
-1.124651,51,101.359939
-1.115534,52,101.392319
-1.055143,51,101.421202
-1.057047,51,101.449688
-1.003529,52,101.479205
-1.038549,51,101.508626
-1.088695,51,101.540142
-1.056969,51,101.569205
-1.070077,51,101.598814
-1.131894,51,101.627766
-1.043164,51,101.657464
-1.03063,51,101.68877
-1.14795,51,101.717734
-1.087085,51,101.747628
-1.004302,51,101.776542
-1.009723,52,101.805657
-0.968417,51,101.837759
-0.96313,51,101.866579
-1.048348,52,101.895814
-1.033275,51,101.924526
-1.229056,51,101.953986
-1.026763,51,101.985542
-0.819845,51,102.014348
-1.217752,51,102.043125
-0.985592,51,102.071792
-0.910037,51,102.100642
-1.199466,51,102.130459
-0.93159,51,102.161837
-1.014318,51,102.191386
-0.991234,51,102.220479
-1.075262,51,102.249692
-0.809593,51,102.279233
-1.01562,51,102.31117
-0.995174,51,102.340058
-1.085996,51,102.368696
-1.215854,51,102.398945
-0.956101,52,102.429105
-0.930494,52,102.461758
-0.926482,51,102.49156
-0.99745,51,102.521294
-0.906843,51,102.551158
-0.971285,51,102.581177
-1.327725,51,102.613816
-0.87227,51,102.643585
-1.04557,51,102.673363
-0.992785,52,102.703198
-0.991785,51,102.732985
-0.957717,51,102.765073
-1.100004,51,102.793843
-1.027331,51,102.822459
-0.902219,51,102.852017
-0.91481,51,102.882058
-0.981828,51,102.913375
-1.012107,51,102.943153
-1.001425,51,102.972181
-1.162244,51,103.000941
-1.193192,51,103.029931
-1.163483,52,103.06252
-1.017088,51,103.09135
-1.002397,51,103.12016
-0.932819,52,103.150305
-1.097831,51,103.179052
-1.059072,51,103.210209
-1.042896,51,103.240274
-1.046238,51,103.269755
-1.05157,51,103.298264
-1.01513,51,103.327109
-1.175835,52,103.358693
-1.055393,51,103.388578
-1.020967,51,103.418429
-0.954972,51,103.447353
-0.98253,51,103.477499
-1.078178,51,103.507533
-1.05272,51,103.538867
-1.357719,51,103.56877
-1.100099,52,103.599956
-0.891565,52,103.630499
-0.993159,51,103.662449
-1.109387,51,103.694001
-0.999311,51,103.727811
-0.901669,51,103.758827
-1.094892,51,103.788906
-1.08513,51,103.817817
-1.166705,52,103.849636
-0.998159,51,103.878501
-0.910662,51,103.909387
-1.220652,51,103.942326
-0.91829,51,103.975522
-1.005454,51,104.008504
-1.101956,51,104.03868
-1.01935,51,104.068232
-1.029206,51,104.09704
-1.060168,51,104.125906
-0.88453,51,104.156968
-0.896588,52,104.187235
-1.063548,51,104.215987
-0.977508,51,104.244619
-1.077218,52,104.275308
-0.839646,52,104.309757
-1.247334,52,104.339597
-1.004868,51,104.36845
-0.881481,51,104.397179
-0.956112,52,104.428552
-1.111058,51,104.457324
-0.988968,51,104.486312
-0.941791,51,104.51586
-1.015373,52,104.545131
-1.180761,51,104.576334
-1.421343,51,104.605127
-1.08542,51,104.635121
-0.930153,51,104.663857
-0.961623,52,104.694137
-1.112816,51,104.72539
-1.081941,51,104.753977
-1.044988,51,104.783844
-0.994068,52,104.812938
-1.023949,52,104.842035
-0.902275,51,104.872995
-0.996991,51,104.901685
-1.033543,51,104.930385
-0.955375,51,104.959812
-1.036603,52,104.989054
-0.930886,51,105.019958
-1.379113,52,105.048947
-1.039599,51,105.078743
-1.125588,52,105.107809
-1.002716,51,105.138689
-1.019481,51,105.167949
-1.012348,51,105.197009
-1.072062,51,105.22667
-0.95769,51,105.255228
-0.993964,51,105.284853
-1.033561,51,105.315708
-1.167034,52,105.344885
-1.083686,51,105.374756
-1.06723,51,105.404629
-1.04877,52,105.436229
-0.900864,51,105.464864
-0.892307,51,105.493852
-1.002345,51,105.523701
-1.16162,51,105.552492
-1.173315,51,105.58111
-0.978149,51,105.613456
-1.187436,51,105.643027
-0.980077,51,105.671849
-1.062988,51,105.700708
-1.008461,52,105.729855
-0.951741,52,105.761427
-0.908701,51,105.791117
-0.980159,51,105.820197
-0.877056,52,105.849468
-1.082263,51,105.880729
-0.894587,51,105.910825
-1.164136,51,105.939625
-1.063022,52,105.968806
-1.20547,51,105.997422
-1.08224,52,106.028885
-0.927823,51,106.057542
-0.966093,51,106.087732
-0.98607,51,106.116947
-1.157204,51,106.146935
-1.233005,51,106.178152
-1.087342,51,106.207702
-0.964928,51,106.236645
-0.928517,51,106.265547
-0.941616,52,106.295855
-1.191484,51,106.326839
-0.905502,51,106.355611
-1.21326,51,106.384064
-0.949706,51,106.412817
-1.028064,51,106.44184
-1.02637,51,106.471237
-1.193203,51,106.50225
-0.973486,51,106.530891
-1.068582,51,106.560566
-1.040116,51,106.58926
-0.846191,51,106.617996
-0.854131,51,106.651286
-0.965093,51,106.681172
-1.033371,51,106.710195
-1.01754,51,106.739001
-1.113336,51,106.768882
-0.970187,51,106.800188
-0.949263,51,106.828924
-1.119554,51,106.85776
-1.053202,52,106.886918
-1.057998,51,106.916057
-1.071184,51,106.947839
-0.981399,51,106.976538
-1.078364,51,107.005249
-1.069091,51,107.034707
-1.393604,51,107.063712
-1.216996,51,107.093615
-0.94114,51,107.12507
-1.004006,51,107.153754
-1.162072,51,107.182419
-1.072383,51,107.211341
-1.056778,52,107.241477
-1.007638,52,107.272886
-0.942163,52,107.302025
-1.073812,51,107.330695
-1.095974,51,107.35946
-1.12775,52,107.390803
-1.137558,51,107.420626
-0.913679,51,107.449269
-0.969895,51,107.477821
-0.944967,51,107.50657
-0.972227,51,107.537559
-0.856818,51,107.566885
-0.982015,51,107.595944
-1.02212,51,107.624781
-1.043781,51,107.654412
-1.051685,51,107.683454
-0.857694,51,107.715545
-1.275608,51,107.744683
-1.027042,52,107.773963
-1.128227,51,107.802826
-1.342793,51,107.832828
-1.079527,51,107.863889
-0.980456,51,107.892508
-0.990993,51,107.921717
-0.892307,51,107.950864
-1.014694,51,107.979948
-1.027093,51,108.01104
-1.100853,51,108.039811
-1.034798,51,108.069899
-0.964908,52,108.099084
-1.154176,51,108.127976
-1.008002,51,108.158825
-1.145493,51,108.18868
-1.150313,51,108.217237
-1.021566,51,108.246028
-1.015146,52,108.275067
-1.134964,51,108.30696
-1.03717,51,108.335789
-1.109401,52,108.366236
-1.10693,51,108.397039
-1.047069,51,108.427661
-1.218401,51,108.460102
-1.246507,51,108.492605
-1.103912,51,108.525046
-1.12648,51,108.556279
-0.913147,51,108.587996
-1.196937,51,108.622512
-1.027572,52,108.655381
-1.06668,52,108.687042
-1.095189,51,108.718612
-1.060302,51,108.749478
-1.090973,51,108.78254
-1.027185,51,108.814218
-0.964566,52,108.84641
-1.101256,51,108.876524
-1.231158,52,108.908581
-1.063024,52,108.942351
-0.991361,51,108.976553
-1.028958,52,109.009954
-1.242664,52,109.040928
-1.154047,51,109.074831
-1.130701,51,109.105139
-1.060579,51,109.134714
-0.895127,51,109.163626
-1.221618,51,109.193414
-1.198245,51,109.224712
-0.978583,51,109.253426
-1.082202,51,109.283242
-1.071837,51,109.312051
-1.104608,52,109.341206
-0.904417,51,109.37204
-0.907594,52,109.402306
-0.908,51,109.430779
-0.842822,51,109.459151
-0.974503,51,109.488562
-1.017617,51,109.520208
-1.064211,51,109.54883
-1.03487,51,109.577789
-1.038746,51,109.606199
-1.217502,51,109.634928
-0.912245,51,109.664714
-1.146053,51,109.696132
-0.985196,51,109.725197
-1.098487,51,109.754746
-0.955751,51,109.784947
-1.185114,51,109.814966
-1.252086,51,109.84875
-1.023898,52,109.880264
-0.892355,51,109.912636
-1.027986,52,109.945159
-1.186219,52,109.980102
-1.100988,51,110.010785
-1.211427,51,110.043192
-1.160304,51,110.075313
-1.066989,51,110.107143
-1.174759,51,110.138662
-1.058309,51,110.171736
-0.806012,51,110.203946
-0.993663,51,110.234331
-0.876417,51,110.265292
-1.078743,52,110.29593
-1.058964,52,110.329156
-1.167664,51,110.358847
-0.865282,51,110.387863
-1.15269,51,110.416557
-0.949724,51,110.446387
-1.079995,51,110.478581
-1.070466,51,110.507205
-1.024999,51,110.537077
-1.289235,52,110.568399
-0.887944,51,110.598302
-1.025654,51,110.630151
-1.152761,51,110.660137
-0.865763,51,110.68908
-0.873653,51,110.71887
-1.064735,51,110.747803
-0.967162,52,110.77958
-0.964554,51,110.809105
-1.033376,52,110.83905
-1.004859,52,110.868239
-1.099061,52,110.900729
-1.18745,51,110.929854
-0.884653,51,110.958564
-0.914015,51,110.988504
-1.088968,51,111.019465
-1.202029,51,111.051926
-0.957569,51,111.083353
-1.047591,51,111.118251
-0.903441,51,111.156544
-0.913426,51,111.189541
-1.049939,51,111.22204
-1.033934,52,111.256393
-1.095964,51,111.286041
-0.866382,51,111.314849
-1.081743,51,111.345032
-1.07379,51,111.375859
-0.934283,51,111.407236
-1.06553,51,111.437081
-0.992223,52,111.466901
-0.826162,51,111.496448
-1.062555,51,111.526649
-0.803173,51,111.558332
-0.913745,51,111.586757
-0.886538,52,111.617034
-1.190574,51,111.646179
-0.842456,51,111.675993
-0.957927,51,111.70719
-1.017908,52,111.736481
-1.123911,51,111.766305
-0.932273,51,111.794978
-1.039767,51,111.824643
-0.935614,51,111.860412
-0.930857,51,111.890283
-0.891269,51,111.919288
-1.060251,51,111.949167
-1.130596,51,111.978121
-1.017557,51,112.010186
-1.080804,52,112.040486
-0.921492,51,112.070517
-1.102812,51,112.100528
-0.972691,51,112.131206
-0.948994,51,112.162655
-1.110684,51,112.192567
-1.007551,51,112.22342
-0.981252,51,112.253521
-0.951524,51,112.283025
-0.931846,51,112.315893
-1.009887,51,112.346293
-0.944881,51,112.380243
-1.081854,51,112.41047
-0.904711,51,112.44115
-1.030291,52,112.472945
-1.014404,52,112.502174
-0.8844,51,112.531932
-0.986585,51,112.561059
-0.792931,51,112.590948
-0.966587,51,112.622009
-0.915055,51,112.654415
-1.169347,51,112.688323
-0.982988,51,112.720248
-1.231635,51,112.750374
-1.067644,51,112.780205
-0.965679,51,112.811553
-0.987357,51,112.840552
-0.957414,51,112.870526
-0.851928,51,112.899198
-1.017686,51,112.92794
-1.03676,51,112.959027
-0.993042,51,112.987928
-1.157218,51,113.01824
-1.055867,51,113.051037
-0.89746,51,113.080394
-1.040883,51,113.118288
-0.981324,51,113.147758
-0.951193,51,113.176743
-0.996693,51,113.206717
-1.017895,51,113.235615
-1.012071,51,113.264323
-0.95383,51,113.295291
-0.997391,51,113.32455
-0.916117,51,113.353803
-1.011832,51,113.382619
-1.031572,51,113.411351
-1.051312,51,113.443298
-1.03953,51,113.471947
-0.971336,51,113.501609
-0.992608,51,113.530657
-1.036,51,113.559489
-1.206544,51,113.590502
-0.915144,51,113.620116
-0.980348,51,113.64886
-1.01124,51,113.677698
-1.081378,51,113.706374
-1.05259,52,113.737708
-0.98734,52,113.767721
-1.024384,52,113.797072
-0.81454,51,113.826338
-0.991558,51,113.855269
-1.076857,51,113.886394
-0.988741,52,113.916149
-1.116583,51,113.944901
-0.900823,51,113.973547
-1.041432,51,114.002165
-0.991766,51,114.034032
-0.915802,51,114.063388
-1.072246,51,114.092516
-0.790113,52,114.121665
-0.936374,51,114.150851
-0.961183,51,114.182748
-1.09633,51,114.211751
-0.961535,51,114.240401
-1.042937,52,114.269768
-1.059818,51,114.299708
-1.096536,51,114.331516
-0.830718,51,114.360553
-0.991264,51,114.389392
-0.938618,52,114.418651
-1.053037,51,114.447431
-0.946313,51,114.478753
-1.10953,51,114.507874
-0.981493,51,114.537767
-0.935202,51,114.566344
-0.926916,52,114.595682
-0.960634,51,114.62683
-1.069018,52,114.657333
-1.139985,52,114.686391
-1.009517,51,114.714967
-0.910555,52,114.746764
-1.178976,51,114.775651
-1.045413,51,114.804645
-1.394063,51,114.833439
-0.904363,51,114.863142
-1.021298,51,114.891823
-1.105744,51,114.922638
-1.039878,52,114.951753
-1.277302,51,114.980217
-1.056706,51,115.008634
-0.937504,51,115.037044
-0.938868,51,115.068004
-1.004536,51,115.097508
-0.97387,51,115.125993
-0.891912,51,115.155767
-0.912238,51,115.18476
-1.275807,51,115.215919
-1.003524,51,115.245968
-0.901154,51,115.274683
-0.935531,52,115.303964
-1.031874,51,115.332744
-0.981123,51,115.363778
-1.139125,51,115.392499
-0.994064,51,115.421102
-0.935481,51,115.450798
-0.925239,51,115.479429
-0.891107,51,115.510263
-1.047988,51,115.539048
-1.145149,51,115.568956
-1.243923,51,115.597855
-0.894626,51,115.627573
-0.96859,51,115.656262
-1.17199,51,115.687294
-1.106949,51,115.71611
-1.005154,51,115.745169
-0.979341,51,115.775316
-1.029575,51,115.804363
-1.000177,51,115.835399
-1.297643,51,115.864257
-1.080623,51,115.892997
-0.928973,52,115.922164
-1.056416,52,115.951491
-1.14751,51,115.984305
-1.542596,51,116.01326
-0.951956,51,116.042026
-1.00262,51,116.071135
-1.1172,51,116.100017
-1.152995,51,116.131292
-1.020349,52,116.160549
-1.250139,51,116.190126
-0.995598,51,116.219049
-1.056835,51,116.24765
-1.111663,52,116.27924
-1.009899,51,116.30795
-0.991202,51,116.336659
-1.013328,51,116.366331
-1.111804,51,116.39515
-0.907556,52,116.42668
-0.966544,51,116.455241
-0.977363,51,116.483941
-1.014784,51,116.512605
-0.996324,51,116.542198
-1.171606,51,116.573584
-0.93188,51,116.602259
-1.021032,51,116.630894
-1.039538,52,116.66097
-1.352082,51,116.689784
-1.093476,51,116.720682
-1.116579,51,116.749591
-1.005137,51,116.778257
-1.197036,51,116.808643
-1.191616,51,116.837527
-1.129593,51,116.868773
-1.152915,51,116.897334
-1.061529,51,116.925915
-1.05327,52,116.955229
-1.302088,52,116.984653
-1.220388,51,117.015585
-1.269724,52,117.044677
-1.217599,51,117.073314
-1.321594,52,117.10242
-0.99881,52,117.133968
-1.096046,52,117.163267
-1.054186,51,117.193004
-1.099559,51,117.221561
-1.129564,51,117.250243
-1.057241,51,117.281287
-1.011142,51,117.310184
-1.051436,51,117.338716
-1.002929,51,117.367343
-1.197777,51,117.395847
-1.096448,51,117.424489
-1.067675,51,117.456416
-1.05416,52,117.48571
-1.067229,51,117.514323
-1.058926,51,117.542911
-1.157642,51,117.571375
-1.103011,51,117.602222
-1.0305,51,117.631001
-0.954821,51,117.659535
-1.155573,51,117.68889
-1.02302,52,117.71804
-1.304862,51,117.748887
-1.014719,52,117.777933
-0.987484,51,117.806535
-0.955254,52,117.835541
-0.92366,51,117.867654
-1.021192,51,117.896883
-1.128003,51,117.925782
-0.986698,51,117.954366
-1.002193,51,117.983129
-0.964097,51,118.011931
-1.175624,51,118.04341
-1.01472,51,118.072455
-0.889916,51,118.101331
-1.111872,52,118.130823
-1.126316,51,118.159587
-0.960822,52,118.191353
-0.944066,51,118.220352
-1.053201,52,118.249494
-1.005888,51,118.277972
-0.941028,51,118.308891
-1.056747,51,118.337707
-0.944174,51,118.36622
-1.135694,51,118.394829
-0.883463,51,118.423559
-1.063222,52,118.454819
-1.148818,51,118.483562
-1.000994,51,118.512123
-0.986351,51,118.540777
-1.074816,51,118.570412
-1.051998,51,118.598973
-1.164361,52,118.630352
-0.930637,51,118.659335
-0.936979,51,118.688645
-1.163946,51,118.717073
-0.806921,51,118.745632
-1.046061,51,118.776307
-0.901156,52,118.805545
-1.134972,51,118.834051
-1.031723,51,118.863483
-0.946942,51,118.892808
-0.978613,51,118.925619
-1.223841,51,118.957113
-1.052635,51,118.988679
-0.891772,51,119.018895
-1.107442,51,119.048946
-0.980842,51,119.079663
-1.025686,51,119.108377
-0.926348,51,119.136971
-1.26901,51,119.165544
-1.009,51,119.194079
-1.138752,51,119.226151
-0.923972,51,119.255073
-0.933654,51,119.285069
-1.065163,51,119.314136
-1.125307,51,119.342681
-1.263516,51,119.371181
-1.008829,51,119.402979
-0.933357,51,119.431792
-1.059684,51,119.460347
-1.155111,51,119.488702
-0.973202,51,119.51787
-0.93649,51,119.549435
-0.8999,51,119.578332
-0.91846,51,119.607153
-1.114685,51,119.635983
-1.060987,51,119.664837
-0.949894,51,119.695865
-1.04937,51,119.724789
-1.082811,52,119.753968
-0.960871,51,119.782485
-1.00372,51,119.812095
-1.045744,51,119.842769
-0.965813,51,119.871509
-1.207437,51,119.899991
-1.082306,51,119.928509
-1.198768,51,119.957456
-1.155046,52,119.988831
-1.06842,51,120.017466
-0.939105,51,120.046215
-0.924177,51,120.07499
-0.989135,51,120.103635
-1.026784,51,120.132355
-1.109827,51,120.164402
-0.959784,51,120.193082
-0.938515,51,120.221862
-0.952355,51,120.25055
-0.939633,51,120.279188
-0.933571,52,120.310627
-0.96207,51,120.339964
-0.973858,51,120.369359
-0.942451,52,120.398473
-1.052134,52,120.430064
-0.849911,51,120.458794
-1.020276,51,120.487439
-0.994953,52,120.516457
-0.872657,51,120.546674
-0.929098,51,120.578659
-0.97123,51,120.607614
-0.932884,52,120.636842
-1.014823,51,120.665571
-0.966266,51,120.694305
-0.915091,51,120.725281
-1.112989,51,120.75509
-1.033822,51,120.784193
-1.103015,52,120.813581
-1.038161,51,120.842274
-1.050088,51,120.873341
-0.913537,51,120.901993
-0.99275,51,120.930625
-1.04983,51,120.959425
-0.97043,51,120.988277
-1.124443,51,121.017044
-1.276971,51,121.04801
-1.006053,51,121.077212
-1.058025,52,121.106687
-0.95718,51,121.135485
-1.096699,51,121.164197
-0.959031,51,121.195101
-1.016292,51,121.223954
-0.941814,51,121.252881
-1.037563,51,121.282419
-1.158632,51,121.311171
-1.274535,51,121.342054
-1.003016,52,121.371402
-1.154599,52,121.401386
-1.038699,51,121.430327
-1.082695,51,121.459318
-0.985632,51,121.49068
-1.050783,52,121.519718
-1.082755,51,121.548274
-1.174795,51,121.577246
-0.937589,51,121.606113
-1.020193,51,121.637324
-1.085106,51,121.666122
-1.073654,51,121.695129
-1.049083,51,121.723885
-1.168841,51,121.752693
-1.11283,52,121.78438
-1.168368,51,121.813103
-0.974527,51,121.841808
-1.07663,51,121.870602
-1.000366,51,121.899361
-1.001173,52,121.931188
-1.104412,51,121.960155
-0.972096,51,121.989312
-1.114599,51,122.018308
-0.93963,52,122.047802
-1.283746,51,122.079024
-0.937845,51,122.10785
-1.025303,51,122.13657
-1.139347,52,122.165671
-0.939676,51,122.194309
-0.936677,51,122.225321
-1.086517,52,122.25463
-0.917212,51,122.283384
-1.129961,51,122.312141
-0.831369,51,122.340965
-0.948871,51,122.372269
-1.047619,51,122.401663
-1.07491,51,122.430982
-0.914127,51,122.459953
-0.900795,52,122.489236
-0.763353,51,122.520413
-1.041645,51,122.549352
-1.2427,51,122.578174
-1.151132,51,122.606862
-0.876899,51,122.635705
-1.099616,51,122.667009
-0.864538,51,122.695984
-1.121007,51,122.724605
-1.23641,51,122.753311
-0.96666,51,122.781975
-1.092976,51,122.812988
-1.008717,51,122.842301
-0.996355,52,122.871708
-0.879486,52,122.90091
-0.982224,52,122.930321
-0.949753,51,122.96186
-1.079789,51,122.990982
-0.899827,51,123.019895
-0.802566,51,123.048955
-1.026724,52,123.078438
-0.941804,52,123.110571
-0.946431,51,123.139342
-1.063007,51,123.167889
-1.058855,51,123.196664
-1.043668,51,123.225392
-0.966966,51,123.256595
-1.14813,51,123.285268
-0.839813,51,123.313874
-0.904316,51,123.342632
-1.032688,51,123.371279
-1.05634,51,123.402451
-0.909209,51,123.431069
-1.003659,51,123.460078
-0.891827,51,123.488684
-1.003664,51,123.517336
-0.988762,52,123.548921
-0.859555,51,123.577492
-1.086464,52,123.606551
-1.038597,51,123.635071
-1.037,51,123.663673
-1.147016,51,123.694613
-1.094891,51,123.723414
-1.044336,51,123.752006
-0.989734,51,123.78062
-1.165061,51,123.809265
-1.054742,51,123.840153
-1.128435,52,123.869364
-1.1633,52,123.898271
-1.139179,52,123.927244
-1.030008,52,123.958538
-1.148576,51,123.987568
-1.04916,51,124.016328
-0.964231,51,124.045147
-1.145486,51,124.074038
-0.938884,51,124.102988
-1.09478,51,124.134741
-1.067459,51,124.163938
-1.026202,51,124.193108
-0.919471,51,124.2222
-1.078849,51,124.251258
-1.121004,51,124.282826
-1.087336,52,124.312484
-1.126074,52,124.341739
-0.933726,51,124.370849
-0.989548,51,124.399861
-1.262499,51,124.431184
-0.930596,51,124.459896
-1.038792,51,124.48889
-1.054642,51,124.517786
-0.969406,51,124.54668
-0.922272,52,124.578954
-1.04708,51,124.608003
-1.097332,52,124.637442
-0.898177,51,124.666682
-1.150383,52,124.6987
-1.0682,51,124.727712
-0.853608,51,124.756403
-1.023611,51,124.784914
-0.894679,51,124.813653
-1.045882,52,124.84506
-1.094371,51,124.873875
-1.023676,52,124.903065
-1.056903,51,124.93161
-0.97005,51,124.960155
-0.866046,51,124.990928
-0.977851,51,125.019733
-0.957217,51,125.04974
-0.889113,51,125.078668
-0.960064,51,125.107655
-0.89954,51,125.136735
-0.92158,51,125.169016
-1.007228,51,125.198001
-0.889709,51,125.226849
-1.022809,51,125.255578
-0.951757,51,125.284345
-0.892581,51,125.315543
-0.891238,51,125.344264
-1.151521,51,125.37304
-1.057814,51,125.401712
-1.018542,51,125.430573
-1.151145,51,125.46147
-1.010483,52,125.49074
-1.050831,51,125.519357
-0.919107,52,125.54855
-0.863506,51,125.577253
-1.018585,51,125.608225
-0.848834,51,125.637139
-1.033844,51,125.665984
-0.903642,51,125.69503
-0.967949,51,125.724248
-0.978351,52,125.756212
-0.883913,51,125.78605
-1.048547,51,125.817065
-0.909505,51,125.848923
-0.989598,51,125.879635
-1.039355,51,125.913645
-0.871124,51,125.943956
-0.869166,51,125.974118
-0.975258,51,126.00463
-0.899221,52,126.033832
-0.989363,51,126.064808
-0.885899,51,126.094525
-0.864994,51,126.123416
-0.872154,51,126.152071
-0.980847,52,126.181391
-1.021356,51,126.213194
-1.070124,51,126.242465
-1.096527,51,126.271069
-0.862735,51,126.29986
-0.896338,51,126.328383
-0.885866,51,126.357034
-0.959174,51,126.388003
-1.022557,51,126.417994
-0.994036,51,126.446605
-1.209022,51,126.47626
-1.26492,51,126.505205
-0.959484,51,126.537246
-1.07642,51,126.566084
-0.937021,51,126.594639
-1.135533,51,126.623153
-0.938574,52,126.652332
-1.030009,51,126.684446
-0.93966,51,126.71315
-1.128896,51,126.741801
-0.955718,51,126.7705
-0.934326,51,126.799008
-1.264488,51,126.830688
-0.898853,51,126.859885
-1.00343,51,126.888717
-0.998486,51,126.917356
-0.984873,52,126.946411
-0.898802,51,126.977566
-1.346992,51,127.006516
-0.835231,51,127.035378
-1.056193,52,127.064398
-0.978936,51,127.092838
-0.872396,52,127.124308
-0.956317,51,127.152995
-0.991547,51,127.181824
-0.899057,51,127.21034
-0.918342,51,127.238708
-0.925318,52,127.270345
-1.109844,51,127.298972
-0.822075,52,127.328117
-0.921544,51,127.356813
-0.845278,51,127.385429
-0.876678,51,127.416585
-1.145641,51,127.445315
-0.968178,52,127.474355
-0.931197,51,127.502972
-1.127701,51,127.531434
-0.993723,51,127.562451
-1.01074,51,127.591155
-1.059701,51,127.61974
-0.947723,51,127.648405
-0.88913,51,127.677913
-0.822321,51,127.70923
-1.045594,51,127.738188
-0.891848,51,127.766953
-1.011825,51,127.795644
-0.914984,51,127.824288
-1.007047,51,127.853197
-0.982559,52,127.884645
-0.927311,51,127.913547
-0.967497,51,127.942037
-1.039105,51,127.970704
-1.098005,52,128.002192
-0.876349,51,128.030684
-1.009215,51,128.059325
-0.98526,51,128.088995
-0.836607,51,128.118133
-0.901082,52,128.149971
-0.892494,51,128.178792
-1.10852,51,128.207638
-0.995967,51,128.236228
-1.043871,51,128.26484
-0.90051,51,128.29342
-1.112637,52,128.324726
-0.922869,51,128.353396
-0.868655,51,128.382104
-0.890983,51,128.410834
-0.925157,51,128.440445
-1.132402,51,128.471345
-0.919682,52,128.500357
-0.893113,51,128.529013
-1.015788,51,128.557653
-1.093289,51,128.586276
-1.019044,51,128.617176
-1.051462,51,128.646506
-0.862135,51,128.675558
-0.838174,52,128.704821
-0.928741,51,128.73357
-0.902792,51,128.764365
-0.93201,52,128.793341
-1.017883,51,128.821842
-0.876599,51,128.850445
-0.899211,51,128.879084
-1.174079,51,128.910024
-1.013142,51,128.939534
-0.924338,51,128.968067
-0.940273,51,128.996617
-0.952226,51,129.025199
-0.919985,51,129.056083
-0.893173,51,129.084596
-0.931864,51,129.113142
-0.940053,52,129.142056
-0.923082,51,129.17063
-0.880163,51,129.201441
-1.207492,51,129.229939
-0.981495,51,129.258582
-0.919161,51,129.286971
-0.907122,51,129.315467
-1.011341,52,129.346948
-1.005951,51,129.375594
-0.947494,51,129.404145
-0.925471,51,129.432702
-1.091019,51,129.461138
-0.800101,51,129.492401
-0.999815,51,129.521016
-0.986724,52,129.550179
-1.158926,51,129.578719
-1.048797,51,129.607258
-1.027681,51,129.638093
-1.05141,51,129.666658
-0.995877,52,129.695574
-1.002647,52,129.724459
-0.903971,51,129.753171
-1.053988,52,129.784499
-1.046482,52,129.813664
-1.093439,51,129.842078
-1.053305,51,129.870501
-0.975228,51,129.898783
-0.91835,51,129.929801
-1.019723,51,129.958137
-0.952302,51,129.986666
-1.000596,51,130.015069
-0.975012,51,130.043382
-0.822491,51,130.074602
-0.903795,51,130.102984
-0.9956,51,130.131732
-0.954794,51,130.160435
-0.911236,51,130.18907
-0.901311,52,130.220615
-0.92947,51,130.24944
-1.121705,51,130.277985
-0.929923,51,130.306741
-1.100792,51,130.336076
-1.073062,51,130.367284
-0.98614,51,130.396032
-1.12173,52,130.425283
-1.040151,51,130.454036
-0.849466,51,130.48313
-0.874626,51,130.514196
-1.098696,51,130.54285
-0.925366,51,130.57148
-1.100468,51,130.600134
-0.948033,51,130.628673
-0.904266,51,130.657441
-1.126632,51,130.688196
-1.056535,51,130.716663
-0.98377,51,130.745212
-0.925528,51,130.773714
-0.943362,51,130.802126
-1.074442,52,130.833574
-1.116835,52,130.862629
-1.035954,51,130.891181
-1.061072,51,130.919715
-1.022948,52,130.951735
-1.060288,51,130.980487
-1.002177,51,131.009059
-1.029628,51,131.037522
-0.97858,51,131.066095
-0.969612,52,131.098733
-1.097413,51,131.127701
-1.018521,51,131.156485
-1.012729,52,131.185671
-0.902366,51,131.214328
-1.190518,51,131.245402
-1.057137,51,131.274063
-1.056313,51,131.302618
-1.087783,52,131.331619
-0.911979,51,131.360256
-1.040128,52,131.391733
-1.032097,51,131.420331
-1.066413,51,131.448953
-1.032306,51,131.477543
-1.058494,52,131.50715
-1.068969,51,131.543637
-0.918863,51,131.574198
-0.924181,51,131.603796
-0.964783,51,131.632588
-0.978127,51,131.661286
-0.966069,51,131.692311
-1.039348,51,131.72096
-0.922048,51,131.74961
-1.00173,51,131.778255
-0.995317,51,131.806847
-0.911142,51,131.835476
-0.923467,51,131.866211
-0.901066,51,131.894931
-0.830677,51,131.923707
-1.045397,51,131.952462
-1.098043,51,131.981234
-0.925403,51,132.012274
-1.012451,52,132.041387
-0.901063,51,132.070392
-1.078077,52,132.1002
-0.958746,51,132.128951
-1.106244,51,132.16017
-1.121604,51,132.18878
-0.984392,51,132.21754
-1.035941,51,132.246098
-0.814401,51,132.274808
-0.923165,51,132.305879
-0.867841,51,132.334455
-0.914687,51,132.363123
-0.945853,51,132.392239
-1.04883,51,132.421595
-1.01021,51,132.452995
-1.000865,51,132.481675
-1.003844,52,132.510961
-0.953411,51,132.539679
-0.880627,51,132.568316
-1.111865,51,132.59923
-0.955424,51,132.627745
-0.946482,51,132.656623
-1.023608,51,132.685374
-0.972622,51,132.713902
-0.971089,51,132.742405
-0.892845,51,132.773546
-0.94932,51,132.802299
-0.938643,51,132.830914
-1.058541,51,132.859627
-1.072732,51,132.88795
-1.109034,51,132.918863
-0.973445,51,132.947714
-0.959604,51,132.976318
-1.066493,51,133.005104
-1.154947,51,133.033677
-1.09903,51,133.064684
-0.953719,52,133.09407
-1.045059,51,133.122984
-1.026306,51,133.151777
-1.184347,51,133.180903
-0.900136,51,133.212483
-1.221485,51,133.241397
-0.946529,51,133.270196
-0.882082,51,133.298962
-0.880811,51,133.327793
-0.864608,51,133.356587
-1.017134,51,133.387619
-1.137348,51,133.416893
-0.92988,51,133.446522
-0.92123,51,133.475532
-0.90187,51,133.504702
-0.934771,51,133.535675
-0.978626,51,133.564428
-1.094455,51,133.592991
-1.198064,51,133.621727
-0.887128,51,133.650389
-1.05957,52,133.681891
-0.846746,51,133.710494
-1.201228,51,133.739043
-0.877502,51,133.76758
-1.115768,51,133.796237
-0.935742,51,133.826984
-0.941815,51,133.855667
-0.913519,51,133.884346
-0.979734,51,133.912934
-0.918599,51,133.941572
-0.973741,51,133.970132
-0.992751,51,134.001072
-1.040116,51,134.029628
-1.225592,51,134.058187
-0.921961,51,134.086803
-1.011187,51,134.115355
-1.061242,51,134.146284
-1.088226,51,134.174975
-0.89422,51,134.203672
-1.118935,51,134.232424
-0.968625,51,134.260982
-0.805719,51,134.291963
-0.958471,51,134.32058
-1.205066,52,134.349497
-0.901107,51,134.378038
-0.928325,51,134.406545
-1.132215,51,134.437566
-0.783528,51,134.466235
-0.947972,51,134.495046
-0.883354,51,134.523635
-0.971243,51,134.552111
-1.018916,52,134.583569
-0.894121,51,134.612142
-0.946167,52,134.641004
-0.816821,51,134.669563
-0.940482,51,134.697884
-1.042434,51,134.728801
-0.982133,51,134.757265
-0.997661,51,134.78565
-1.121094,51,134.813976
-1.088163,51,134.84291
-0.941489,51,134.871807
-1.120491,51,134.903177
-1.139877,51,134.931146
-1.000939,51,134.959899
-0.917299,52,134.988993
-0.967014,51,135.017555
-1.026627,51,135.048913
-1.274231,51,135.076392
-0.865921,51,135.104948
-1.014799,51,135.133495
-0.851133,51,135.162011
-0.971742,51,135.192959
-1.003244,51,135.222825
-0.845094,51,135.251717
-0.994715,51,135.280513
-1.013754,51,135.308744
-0.863874,51,135.339401
-0.913322,51,135.367984
-1.1816,51,135.396395
-0.777467,51,135.424996
-0.880453,51,135.453822
-0.955729,51,135.4826
-0.794519,51,135.513815
-0.931291,51,135.541707
-1.062622,51,135.570605
-0.86465,51,135.59929
-1.049042,51,135.6281
-1.010411,51,135.658404
-0.982798,51,135.687328
-0.955717,51,135.716143
-0.901729,51,135.744887
-0.959007,51,135.773383
-0.9476,51,135.80328
-0.934162,51,135.831899
-0.893742,52,135.860867
-0.907503,51,135.889469
-0.965683,51,135.917894
-1.008461,51,135.948816
-0.953377,51,135.977421
-1.187827,51,136.006093
-0.987497,51,136.03457
-1.088052,51,136.063182
-1.011302,51,136.092313
-0.957488,52,136.123642
-0.992592,51,136.151792
-0.863628,51,136.180497
-0.963443,51,136.209107
-1.0519,51,136.237571
-1.02983,52,136.268802
-0.933805,51,136.297423
-0.885487,52,136.326517
-0.890894,51,136.355109
-1.239453,51,136.385855
-1.005192,51,136.414392
-0.963702,51,136.442959
-1.454814,51,136.471484
-1.075977,51,136.500416
-1.015273,52,136.531558
-0.873957,51,136.560184
-0.83547,51,136.588844
-1.008053,51,136.617344
-0.995935,51,136.645924
-0.848175,51,136.67462
-0.904484,51,136.705433
-0.872427,51,136.73378
-0.957847,51,136.762438
-1.121118,51,136.79189
-0.85501,51,136.820875
-0.974781,51,136.852148
-0.940308,51,136.880834
-1.05863,51,136.909579
-0.969457,51,136.938314
-1.015543,51,136.966992
-0.972678,51,136.997962
-1.020843,51,137.026756
-0.932852,51,137.055511
-0.874639,52,137.084822
-0.883382,51,137.114578
-0.979155,51,137.146276
-0.915875,51,137.175129
-1.114916,52,137.204264
-1.012526,51,137.232794
-0.927021,51,137.261546
-1.021604,51,137.292133
-0.807397,51,137.321139
-0.842344,52,137.350502
-0.986329,51,137.379494
-0.895327,51,137.40839
-0.979175,51,137.439367
-0.890508,51,137.467679
-1.037779,52,137.497146
-0.878404,51,137.525854
-1.035891,51,137.55477
-0.872775,51,137.586134
-1.139048,51,137.614506
-1.06073,51,137.642963
-0.982548,52,137.672373
-1.077493,51,137.701122
-0.924396,51,137.732543
-0.955672,51,137.761701
-1.033477,51,137.790443
-0.870959,51,137.819489
-0.931578,51,137.848252
-0.851121,51,137.877964
-1.075924,51,137.908703
-0.94005,51,137.937425
-0.900935,51,137.966035
-0.967204,51,137.994646
-1.036557,51,138.02334
-0.930725,51,138.054352
-0.937579,51,138.083905
-0.83377,51,138.112953
-1.021855,51,138.141858
-1.06754,51,138.170699
-0.977143,51,138.201806
-1.181035,51,138.231094
-0.954088,52,138.260369
-0.991872,51,138.289261
-1.040531,51,138.318322
-0.993758,51,138.349343
-1.048989,51,138.378048
-0.980595,51,138.40655
-0.853041,51,138.435498
-1.023771,51,138.46389
-0.919261,51,138.492366
-0.954039,51,138.523455
-0.850487,51,138.552232
-0.975733,51,138.580963
-1.0233,51,138.609624
-0.830214,51,138.638259
-1.183562,51,138.669103
-0.973281,51,138.697801
-0.957375,52,138.726763
-0.839473,51,138.755843
-0.952204,51,138.784498
-1.10717,51,138.815442
-0.928865,51,138.843937
-0.957387,51,138.87364
-1.099299,52,138.903102
-1.001837,51,138.931993
-0.822729,51,138.962954
-0.911359,51,138.991842
-0.900735,51,139.020654
-0.940649,51,139.049293
-0.96348,51,139.07797
-1.11538,51,139.109002
-0.957008,51,139.13779
-0.914509,51,139.16638
-0.937685,52,139.195542
-0.815759,51,139.224009
-0.975213,51,139.254915
-0.93894,51,139.283555
-1.044307,52,139.31275
-0.946127,51,139.341537
-0.972474,51,139.370103
-0.880434,51,139.401031
-0.956127,51,139.429741
-1.059693,51,139.458415
-0.905892,51,139.487074
-1.113286,51,139.515642
-0.922651,51,139.544309
-0.865001,51,139.575296
-0.929583,51,139.603935
-0.909389,51,139.632547
-0.794884,51,139.66118
-1.038439,51,139.689929
-1.041219,51,139.721054
-1.030966,51,139.749782
-0.99094,51,139.778467
-0.839188,51,139.807161
-0.970087,51,139.835857
-1.035745,51,139.866818
-0.928272,52,139.896112
-1.009243,52,139.925312
-1.068364,51,139.954072
-0.939462,51,139.982527
-0.967426,51,140.013547
-0.881439,51,140.042224
-1.064685,51,140.070883
-1.130915,51,140.099451
-0.995552,51,140.128011
-1.044509,51,140.158933
-1.045822,51,140.187878
-0.914424,51,140.216591
-0.925411,51,140.245077
-1.023331,51,140.274811
-0.893185,51,140.303695
-0.892177,51,140.335058
-1.139435,51,140.364496
-1.099071,51,140.397499
-1.136075,51,140.437549
-1.100075,51,140.474337
-1.233552,51,140.512383
-1.088462,51,140.542669
-0.919938,51,140.572246
-0.997965,51,140.601592
-0.932716,51,140.630808
-0.845185,51,140.662109
-1.10331,51,140.691961
-1.118468,51,140.720639
-0.993665,51,140.749592
-1.042284,51,140.778502
-1.089696,51,140.807327
-1.068915,51,140.838427
-1.227991,51,140.867129
-1.113897,51,140.895843
-1.004232,51,140.924651
-0.872993,51,140.953547
-1.056455,52,140.985237
-0.998911,51,141.013932
-1.053267,51,141.042449
-0.979401,51,141.07118
-0.849777,51,141.100958
-0.914377,51,141.132589
-0.974409,51,141.161712
-1.004635,52,141.191113
-1.056287,51,141.219721
-0.939164,51,141.248304
-1.006833,51,141.279672
-1.029056,51,141.308501
-1.053009,51,141.33701
-1.160968,51,141.36614
-0.976516,51,141.395173
-0.964393,51,141.426354
-0.967166,51,141.455026
-1.000411,52,141.484273
-1.154251,51,141.512876
-1.164345,52,141.542058
-1.06888,51,141.573915
-1.069319,52,141.603379
-0.99369,51,141.632115
-0.938683,51,141.660821
-1.139194,51,141.689636
-1.095636,51,141.720575
-0.98532,51,141.749252
-0.939876,51,141.777889
-1.091382,51,141.806459
-0.948735,51,141.835072
-0.903409,51,141.866029
-0.944898,51,141.894816
-0.833665,51,141.923454
-0.936085,51,141.952105
-1.201545,51,141.98078
-0.935714,51,142.009554
-0.960027,51,142.040526
-0.977344,51,142.069195
-0.899469,51,142.097905
-1.044858,51,142.126614
-1.038817,51,142.155566
-1.035102,51,142.186541
-1.156735,51,142.215246
-1.021272,51,142.24394
-0.990444,51,142.272596
-1.209079,51,142.301236
-0.979327,51,142.332256
-1.203887,51,142.360946
-0.957002,51,142.389625
-1.001144,51,142.418434
-1.017645,51,142.447177
-0.936777,51,142.475865
-1.02664,51,142.50709
-1.005251,51,142.535702
-1.109263,51,142.564489
-0.858251,51,142.593262
-0.986137,51,142.621955
-1.00377,51,142.65313
-1.150729,51,142.681924
-1.030942,51,142.710517
-1.053363,52,142.739573
-1.018768,52,142.768658
-0.967429,51,142.79956
-0.872344,51,142.82823
-0.844781,51,142.856792
-0.958557,51,142.885302
-0.940937,51,142.913898
-1.00383,51,142.944995
-0.897571,51,142.973476
-0.863137,51,143.002157
-1.128222,51,143.031415
-0.877309,51,143.060255
-1.001022,51,143.091212
-1.142046,51,143.125269
-1.152015,51,143.154575
-1.20164,51,143.183899
-1.073747,51,143.212507
-0.974595,51,143.241108
-0.795509,51,143.271962
-1.087415,52,143.301003
-1.162611,51,143.329751
-0.981223,51,143.358455
-1.173382,51,143.387089
-1.061485,51,143.418012
-1.071528,51,143.446602
-1.117309,52,143.475416
-1.171824,51,143.503867
-1.083333,52,143.535229
-0.884743,51,143.563996
-1.28226,51,143.592594
-1.052857,52,143.62149
-0.931652,51,143.649863
-1.283895,52,143.68152
-1.002283,52,143.710492
-1.1973,52,143.739624
-1.065997,51,143.768287
-0.951631,52,143.799753
-1.042326,51,143.828644
-0.975507,51,143.857125
-0.910797,51,143.885859
-1.199161,51,143.914522
-0.867819,51,143.943215
-0.977482,51,143.974202
-0.914409,51,144.002859
-0.848475,51,144.031389
-0.996938,51,144.059897
-1.014821,51,144.088604
-1.014401,52,144.119853
-1.0907,51,144.148435
-0.963111,52,144.177113
-1.197758,51,144.20573
-0.929956,51,144.234357
-0.983096,51,144.266172
-0.973297,51,144.295233
-0.828901,51,144.323918
-1.018444,52,144.353289
-1.053345,51,144.382293
-1.037673,51,144.413666
-1.191288,51,144.442265
-1.170002,52,144.470644
-0.826887,51,144.499486
-0.885542,51,144.528693
-0.955419,51,144.559982
-0.982384,51,144.587752
-0.95958,51,144.616213
-0.984158,51,144.644636
-1.107525,51,144.673358
-1.01033,51,144.704494
-0.842954,51,144.73299
-0.919062,51,144.761566
-0.960738,52,144.790486
-0.808177,51,144.818816
-0.851113,51,144.849932
-0.974214,51,144.878751
-0.907631,51,144.906453
-0.998019,51,144.935407
-0.99659,51,144.963847
-1.079671,51,144.994849
-0.977433,51,145.023708
-1.001924,51,145.051439
-1.025119,51,145.080207
-0.9021,51,145.108975
-0.964347,51,145.137517
-0.861829,52,145.16905
-0.830789,51,145.196941
-0.923631,51,145.225706
-1.001977,51,145.254326
-1.040452,51,145.282905
-1.127534,51,145.314058
-0.937477,51,145.341757
-0.881074,52,145.370733
-0.896568,51,145.399244
-1.021412,51,145.427691
-1.033804,52,145.45915
-0.962242,51,145.487852
-1.030012,51,145.516821
-0.910362,51,145.545767
-0.892987,51,145.574301
-1.228815,51,145.605458
-0.994728,51,145.634213
-0.952277,52,145.663391
-0.892015,51,145.691185
-0.787494,52,145.722383
-1.023467,51,145.751278
-0.959611,51,145.780075
-1.08604,51,145.808532
-0.932083,51,145.836045
-1.011114,51,145.864275
-0.843318,51,145.895572
-0.847581,51,145.923967
-0.86169,51,145.952838
-0.985047,51,145.981586
-0.98918,52,146.009841
-0.996669,51,146.040885
-0.96184,51,146.069602
-0.989023,51,146.099024
-0.984427,51,146.127289
-1.01959,51,146.155884
-0.961507,52,146.187251
-0.868116,52,146.216246
-1.186494,51,146.244489
-0.913826,51,146.272592
-1.007025,51,146.301265
-0.952678,51,146.332182
-0.953123,51,146.360894
-0.791646,52,146.390022
-0.97476,51,146.418639
-0.952548,51,146.447189
-0.907307,51,146.478153
-0.899988,51,146.506873
-1.085934,51,146.535353
-0.946815,51,146.564045
-1.077154,51,146.593958
-1.127968,51,146.625577
-0.944634,51,146.654428
-0.983724,51,146.683279
-1.067787,51,146.711838
-0.992553,52,146.74084
-0.911679,52,146.771103
-0.988918,51,146.799708
-0.876268,51,146.82824
-0.939025,51,146.857001
-1.079467,51,146.885343
-1.012581,52,146.915798
-0.977504,51,146.94424
-0.890888,51,146.972747
-0.902742,51,147.001296
-1.014936,51,147.029778
-0.951807,51,147.060532
-0.904838,51,147.088482
-1.126738,51,147.116881
-0.905573,51,147.145424
-0.967361,51,147.173979
-1.012386,52,147.206256
-0.965982,51,147.235106
-1.009781,51,147.262837
-0.920268,51,147.29149
-1.14723,51,147.320207
-1.05745,51,147.35124
-0.900426,51,147.379957
-0.956765,51,147.408612
-1.081448,51,147.437183
-0.966513,51,147.46566
-1.037391,51,147.494155
-1.04717,51,147.524137
-0.907898,52,147.553046
-0.944659,51,147.581711
-1.040275,51,147.610238
-0.96322,52,147.641459
-0.873232,51,147.670416
-1.022776,51,147.699301
-0.829763,51,147.726888
-1.046569,51,147.755737
-1.063054,52,147.78705
-1.058888,51,147.815717
-1.022892,51,147.844256
-1.028801,51,147.873
-1.052843,51,147.900785
-0.968311,51,147.929322
-0.871876,51,147.960567
-1.160671,51,147.989173
-0.965829,51,148.017911
-0.963767,51,148.046517
-1.053382,51,148.074989
-0.972452,51,148.105478
-0.957239,51,148.134352
-1.131026,51,148.163337
-0.975819,51,148.192128
-0.921951,51,148.220993
-1.166536,51,148.251005
-1.013348,51,148.279803
-0.80862,51,148.308422
-0.907426,51,148.337153
-1.134251,52,148.366109
-0.989222,51,148.397096
-1.033487,51,148.426182
-0.794101,52,148.454194
-1.036942,51,148.483113
-0.833996,51,148.511783
-0.865769,51,148.542956
-0.91647,52,148.571953
-0.944493,51,148.601062
-0.950977,51,148.62933
-0.950776,51,148.658568
-0.899728,51,148.690082
-0.917867,51,148.719022
-0.91847,51,148.747753
-0.973616,51,148.776582
-0.96307,52,148.80586
-0.890872,51,148.836935
-0.991907,51,148.865634
-0.915357,51,148.894292
-0.957189,51,148.922099
-0.9527,52,148.951135
-0.960941,51,148.982035
-1.016033,51,149.01058
-0.836177,51,149.039235
-1.159048,51,149.0679
-0.972025,51,149.096423
-0.923431,52,149.127802
-1.183964,51,149.156338
-0.898381,51,149.184489
-1.09815,51,149.212694
-0.997989,51,149.241218
-0.935036,51,149.269741
-0.978719,51,149.301153
-0.906334,51,149.330184
-0.868354,51,149.358891
-0.920926,51,149.387626
-1.243323,51,149.416221
-0.966041,51,149.446827
-0.953114,51,149.475004
-1.223044,51,149.503974
-1.033236,51,149.533255
-1.114164,51,149.563125
-0.95536,51,149.59431
-1.249332,51,149.623108
-0.98306,51,149.651812
-1.057619,51,149.680469
-0.903327,51,149.710751
-0.931549,51,149.738699
-0.941798,51,149.769887
-0.925858,51,149.79864
-1.068229,51,149.827405
-1.009213,52,149.856617
-1.135047,51,149.885219
-0.870698,51,149.916239
-0.901063,51,149.945007
-0.975841,51,149.97369
-1.010257,51,150.001548
-1.053343,51,150.030434
-0.913539,52,150.061879
-1.060046,51,150.090412
-0.99952,51,150.119062
-1.038733,51,150.147722
-1.147946,52,150.176881
-1.164909,51,150.207814
-1.091399,52,150.23679
-0.991452,51,150.265462
-1.041169,51,150.294209
-0.950698,51,150.323641
-0.978101,51,150.354816
-1.009257,51,150.383658
-0.97242,51,150.412298
-1.053703,52,150.44323
-0.967944,51,150.472293
-0.943927,51,150.503683
-1.116716,51,150.533908
-1.028687,51,150.56275
-0.916616,51,150.591635
-1.001961,51,150.620354
-1.239829,51,150.651231
-1.04891,52,150.680347
-0.921127,51,150.709173
-1.039808,51,150.737791
-1.077811,51,150.766303
-1.031974,51,150.797174
-1.0518,51,150.825612
-1.009847,51,150.854278
-0.999258,51,150.882892
-1.020394,51,150.910852
-1.021449,51,150.941248
-0.847376,51,150.970796
-0.987068,51,150.999599
-0.909535,51,151.028352
-1.005347,51,151.056775
-1.002311,51,151.085542
-0.867758,51,151.11694
-1.057836,52,151.146271
-0.96166,51,151.175017
-0.977976,51,151.204068
-1.117532,51,151.232969
-0.955844,52,151.26454
-0.918602,51,151.293313
-0.985326,52,151.322451
-0.995948,51,151.351205
-1.060276,51,151.382152
-1.07263,51,151.410833
-0.97614,51,151.43939
-0.937628,51,151.467725
-1.29255,51,151.496573
-0.973351,51,151.525593
-1.049283,51,151.556575
-1.11897,51,151.584649
-0.967006,52,151.613667
-0.880514,52,151.642692
-0.897202,51,151.673647
-0.898609,51,151.702435
-0.902691,51,151.731112
-0.993276,51,151.759904
-1.031814,51,151.787539
-1.216956,51,151.81609
-1.119379,51,151.846802
-0.956407,51,151.875358
-0.83938,51,151.903837
-0.912442,51,151.93214
-0.950972,51,151.960597
-0.964284,51,151.991382
-0.904127,52,152.020582
-1.07251,51,152.049209
-0.935932,52,152.078306
-1.144584,51,152.106852
-1.027325,51,152.137673
-1.097938,51,152.166079
-0.963507,52,152.195099
-0.99482,51,152.223672
-1.127926,51,152.252158
-0.976665,52,152.282419
-0.93088,52,152.311378
-0.991306,51,152.339769
-1.062468,51,152.368493
-0.91928,51,152.399193
-0.913476,51,152.429014
-0.98944,51,152.457872
-1.119491,51,152.486904
-1.340305,51,152.515434
-1.372893,51,152.543331
-1.009705,51,152.57442
-1.135793,51,152.603177
-1.012441,51,152.632068
-1.007337,52,152.661086
-0.913076,51,152.690108
-1.033106,52,152.721803
-1.181935,51,152.750621
-1.037857,51,152.779433
-0.971829,51,152.808152
-1.078396,51,152.837834
-0.982741,51,152.86925
-0.961368,51,152.898102
-1.168181,51,152.926876
-1.090198,51,152.955727
-0.908392,51,152.984477
-0.957691,51,153.015423
-0.902855,51,153.044177
-0.929627,51,153.072756
-0.968758,52,153.101147
-1.099403,52,153.129834
-0.985554,51,153.160967
-0.94929,51,153.18962
-1.030612,51,153.218257
-1.109041,51,153.247416
-1.225989,51,153.276643
-1.236733,51,153.307988
-1.131405,51,153.336824
-1.116315,51,153.365687
-0.950845,51,153.394543
-1.164718,51,153.422341
-1.036629,51,153.453563
-1.115455,51,153.4824
-0.908167,51,153.511025
-0.8407,51,153.539663
-1.011939,52,153.568713
-1.004899,51,153.599674
-1.043841,51,153.628329
-0.935107,51,153.656887
-0.86243,51,153.685627
-0.979086,51,153.713225
-1.002106,51,153.741833
-0.992831,51,153.772716
-0.951297,51,153.801191
-0.894641,51,153.829803
-0.947262,51,153.858234
-1.044596,51,153.886839
-1.048579,51,153.917759
-1.13109,51,153.946339
-0.992879,51,153.975019
-0.841632,51,154.00253
-1.053567,51,154.031239
-1.027835,51,154.062072
-0.894175,51,154.090678
-1.105884,51,154.119253
-1.102825,51,154.147728
-0.873804,51,154.176324
-1.018561,52,154.208641
-0.98968,51,154.23753
-1.222262,51,154.266526
-0.855184,52,154.295703
-0.992479,51,154.324317
-0.88905,51,154.355192
-1.160708,52,154.385291
-0.949719,51,154.4141
-1.005347,52,154.442597
-1.068327,51,154.471297
-0.91868,51,154.50232
-1.058191,51,154.53155
-0.951354,51,154.560189
-1.088227,52,154.589422
-1.051782,51,154.617959
-0.875641,52,154.649453
-0.888332,51,154.678371
-0.995928,51,154.706864
-0.940053,51,154.735511
-1.022384,51,154.76406
-0.856253,51,154.794842
-0.977461,51,154.823496
-0.965866,51,154.851975
-0.919507,51,154.880508
-0.974013,51,154.908949
-0.911379,51,154.939605
-1.017365,51,154.968193
-1.007606,52,154.997053
-1.199049,51,155.025812
-0.965771,51,155.054357
-0.889369,51,155.085212
-1.141958,51,155.113699
-1.039315,51,155.142305
-0.985601,51,155.170854
-0.926415,51,155.19933
-0.873236,51,155.227874
-1.07405,51,155.258542
-0.945379,51,155.287148
-0.933417,51,155.315739
-0.872593,51,155.344221
-1.013491,51,155.373017
-0.942772,51,155.403835
-0.981542,51,155.432538
-0.943582,51,155.46107
-1.052131,51,155.489715
-1.023163,51,155.517204
-1.015775,52,155.548487
-1.153697,51,155.578474
-0.871279,51,155.607426
-0.956893,51,155.63621
-1.009033,51,155.664976
-1.030171,51,155.696083
-1.078143,51,155.725057
-0.958464,51,155.753771
-1.078972,51,155.781605
-1.123844,52,155.810729
-1.137832,51,155.841763
-1.081874,51,155.870609
-0.954377,51,155.899159
-0.999563,51,155.927718
-0.890595,51,155.956226
-0.97447,52,155.987545
-1.081907,51,156.016393
-0.820645,51,156.043937
-1.088787,51,156.072661
-0.912642,51,156.102413
-1.078003,51,156.131694
-1.090141,51,156.162814
-1.002087,51,156.191556
-1.059618,51,156.220165
-1.145277,51,156.248126
-0.994403,51,156.277054
-1.068515,51,156.308031
-0.977955,51,156.336645
-1.034807,51,156.365446
-1.118702,51,156.394078
-0.861856,51,156.422112
-1.037038,51,156.453234
-0.99396,52,156.482375
-0.86953,51,156.510742
-0.886982,51,156.539368
-0.995546,51,156.567766
-0.887409,51,156.599166
-1.036731,51,156.627703
-1.039864,51,156.656151
-0.981452,51,156.684774
-1.004463,52,156.713656
-0.912919,51,156.744938
-0.906551,51,156.773444
-0.905204,51,156.802127
-0.931245,51,156.830076
-0.914584,51,156.858536
-0.830513,51,156.887317
-1.041865,51,156.91836
-0.969858,51,156.947156
-0.973148,51,156.975976
-1.130933,51,157.003877
-0.92825,51,157.03252
-0.863553,52,157.06391
-0.926808,51,157.092468
-1.013675,51,157.121277
-0.89901,51,157.149824
-0.871718,51,157.177943
-0.971875,51,157.209047
-1.085119,51,157.237501
-0.95539,52,157.26646
-0.981416,51,157.29532
-0.966958,52,157.324326
-1.078475,51,157.355338
-1.037375,51,157.383508
-1.201881,52,157.412523
-0.977685,51,157.441158
-0.842487,51,157.469624
-0.92771,51,157.500768
-0.936844,51,157.53933
-0.832006,51,157.574188
-1.024388,51,157.603584
-1.04318,51,157.632831
-1.149198,51,157.664865
-0.918308,52,157.694157
-1.089146,51,157.721812
-0.984751,51,157.750442
-0.990598,51,157.779334
-0.999157,51,157.817906
-0.936523,52,157.847752
-0.978021,51,157.877083
-1.049414,51,157.905887
-0.958595,51,157.934634
-0.95931,51,157.965799
-1.168604,51,157.994413
-0.878301,51,158.023018
-0.998169,52,158.051973
-1.157749,51,158.080262
-0.91469,51,158.110646
-1.164498,51,158.139483
-1.211531,51,158.168161
-1.016079,51,158.196914
-0.926592,52,158.226104
-0.883817,51,158.25714
-0.988569,51,158.284921
-1.018589,51,158.313671
-0.984034,51,158.342213
-0.909688,52,158.371365
-0.987134,51,158.402356
-0.933971,52,158.430819
-1.113988,51,158.459365
-0.946871,51,158.488269
-0.970408,51,158.517732
-0.895283,51,158.549125
-0.932079,51,158.578161
-0.93494,51,158.6072
-1.007724,51,158.63593
-1.094149,51,158.664766
-0.959224,51,158.696364
-1.156831,52,158.726062
-1.021875,51,158.754297
-1.116982,51,158.782373
-0.92572,52,158.811463
-1.143163,52,158.842879
-0.9971,51,158.871264
-1.009579,52,158.900123
-0.879529,51,158.928787
-0.828295,51,158.95638
-0.903075,51,158.991193
-0.841496,51,159.020323
-0.872944,51,159.049609
-0.977312,51,159.077187
-1.155474,51,159.106215
-1.020998,51,159.137767
-1.057343,51,159.166728
-0.811274,51,159.195516
-1.045593,51,159.224222
-1.122484,51,159.252865
-1.031239,52,159.284765
-0.96732,51,159.313523
-1.009558,51,159.34198
-1.072764,51,159.370728
-1.14537,51,159.399911
-1.113395,51,159.431456
-1.002877,52,159.460792
-1.031569,51,159.489683
-1.110588,51,159.518402
-0.946934,51,159.548432
-0.949245,51,159.580043
-1.000903,51,159.60908
-0.946902,51,159.638374
-0.879067,51,159.667068
-0.942225,52,159.696228
-0.959527,51,159.727465
-1.046565,51,159.756285
-0.867866,51,159.785214
-1.214921,51,159.814036
-1.079226,51,159.842915
-1.021885,51,159.87369
-1.050038,52,159.907447
-1.122213,51,159.939995
-1.093002,51,159.971995
-0.926437,51,160.003046
-0.966691,51,160.033434
-1.040415,52,160.066743
-1.109449,52,160.096606
-1.002904,51,160.127078
-1.145304,51,160.156469
-1.140448,52,160.188883
-1.06678,52,160.218802
-0.954966,52,160.248699
-1.009245,51,160.277705
-1.129172,51,160.307599
-0.991859,51,160.339934
-0.98339,51,160.370269
-1.114586,51,160.399117
-0.916654,52,160.429335
-0.933498,52,160.460788
-0.982141,51,160.489513
-0.893547,52,160.518636
-0.859676,52,160.547856
-1.019574,52,160.576998
-1.022469,51,160.608957
-0.992328,51,160.63787
-1.04303,52,160.666995
-1.158532,52,160.697352
-1.018941,51,160.728414
-1.153062,51,160.757111
-1.048909,51,160.785663
-0.946236,51,160.815067
-0.932178,51,160.843891
-1.014648,51,160.872491
-0.87122,51,160.904358
-1.167314,51,160.933095
-0.969235,52,160.962371
-1.013291,51,160.991028
-0.99747,51,161.020783
-1.017647,51,161.052
-1.117789,51,161.081129
-1.053619,51,161.110454
-0.887928,51,161.140124
-0.946383,51,161.169544
-1.06092,51,161.200747
-1.120469,51,161.230727
-0.938318,52,161.260215
-0.954564,51,161.289143
-0.948621,51,161.318316
-1.10541,51,161.349618
-0.931845,51,161.378293
-1.013444,51,161.406691
-0.812158,51,161.435631
-0.841518,51,161.464198
-0.921377,51,161.495128
-0.956778,51,161.523828
-0.85364,52,161.553057
-0.807052,51,161.582072
-1.136562,51,161.610999
-0.915928,51,161.642477
-0.942993,51,161.671416
-0.821892,51,161.700349
-1.026403,51,161.729188
-0.914982,51,161.757979
-0.862319,51,161.787049
-1.037126,51,161.818436
-0.985619,51,161.847464
-0.953238,51,161.87633
-0.861714,51,161.905171
-0.938066,51,161.934289
-0.956432,51,161.965691
-0.990263,52,161.995077
-1.222901,51,162.023979
-0.927589,51,162.052918
-0.853832,52,162.082245
-0.999872,51,162.113765
-1.032636,51,162.142671
-1.120791,52,162.17164
-0.88433,51,162.200548
-0.983032,51,162.230124
-0.997135,51,162.261342
-1.046753,51,162.290001
-1.036846,52,162.319087
-1.072602,51,162.347754
-0.925658,51,162.375352
-0.861318,51,162.406512
-0.978997,51,162.435066
-1.073244,51,162.463527
-0.860353,51,162.492272
-0.968741,51,162.520308
-0.813332,51,162.55184
-0.9709,51,162.5807
-0.952978,51,162.609584
-1.149696,52,162.638911
-0.989763,51,162.667972
-1.046883,51,162.699519
-0.944188,51,162.728433
-0.966399,51,162.757209
-1.062342,51,162.785876
-0.980263,51,162.813612
-1.084519,51,162.844535
-0.94414,51,162.87319
-0.88505,51,162.901823
-0.822949,51,162.930492
-1.117562,51,162.959113
-1.008523,51,162.987728
-0.860822,51,163.018685
-0.952565,51,163.046284
-0.907427,51,163.074868
-0.825316,51,163.103311
-0.820958,51,163.132162
-0.85535,51,163.162957
-0.86162,52,163.191943
-0.918677,51,163.220674
-0.879203,51,163.249379
-0.983054,51,163.277973
-1.04146,51,163.308733
-0.985352,51,163.336402
-0.891451,51,163.364863
-0.849454,51,163.393667
-0.889379,51,163.422269
-0.906925,51,163.453054
-0.956192,51,163.481754
-0.975221,51,163.510365
-0.940176,51,163.538997
-0.863494,52,163.567909
-0.832619,51,163.598765
-0.927903,52,163.627638
-0.875658,51,163.656127
-0.832825,51,163.684648
-0.969539,51,163.713054
-1.069354,51,163.745172
-0.943642,51,163.773988
-0.911672,52,163.803289
-0.91943,51,163.832079
-0.983953,51,163.860998
-1.0384,51,163.892187
-1.049444,51,163.921015
-0.922377,51,163.949751
-0.921243,52,163.97869
-0.940199,51,164.007443
-1.259999,52,164.038956
-0.971916,51,164.067675
-0.985333,51,164.096358
-0.910677,51,164.124992
-0.912693,51,164.153646
-0.809448,51,164.184434
-0.930063,51,164.214099
-1.016528,52,164.243619
-1.015593,52,164.272788
-1.006643,52,164.302114
-0.933712,51,164.333364
-0.891852,51,164.362484
-1.074659,51,164.391278
-0.895117,51,164.419875
-1.167085,51,164.447548
-1.081392,51,164.478755
-1.026612,51,164.507504
-0.93646,51,164.536245
-0.894586,52,164.565367
-0.925217,51,164.594092
-0.929546,51,164.62511
-1.024342,51,164.653732
-1.311214,51,164.683142
-1.067946,51,164.712249
-0.951907,51,164.741021
-0.926,51,164.772377
-0.935692,51,164.801053
-1.243094,51,164.829747
-0.928119,51,164.858563
-0.864792,51,164.887098
-1.060922,51,164.915645
-0.883602,51,164.946374
-0.948228,52,164.975595
-1.067913,51,165.003264
-0.941623,52,165.03227
-0.805258,51,165.063151
-1.01106,51,165.091731
-0.994629,51,165.120361
-0.865199,51,165.148883
-1.126119,51,165.177595
-1.067114,51,165.206244
-0.952963,51,165.237284
-0.91593,51,165.266693
-1.018969,51,165.296435
-1.047327,51,165.324415
-0.825707,51,165.353145
-0.924889,51,165.384287
-0.972741,51,165.413001
-0.847048,51,165.441509
-0.988986,51,165.469525
-0.853605,51,165.497973
-0.987741,51,165.529237
-0.990912,51,165.558357
-0.987067,51,165.586366
-0.954095,51,165.614603
-0.853733,51,165.643201
-1.113506,51,165.672094
-1.202734,51,165.702816
-1.049123,52,165.731606
-0.909217,51,165.760165
-0.910731,52,165.789273
-1.052671,52,165.820691
-1.180195,51,165.84876
-1.0632,51,165.877635
-1.147875,51,165.907721
-0.870621,52,165.936337
-1.027462,51,165.967717
-0.917495,51,165.996791
-0.815301,51,166.024677
-1.158235,51,166.053525
-1.01113,51,166.082397
-0.998794,51,166.114069
-0.991896,51,166.141773
-0.908904,51,166.170599
-0.905886,51,166.199418
-0.982825,51,166.228324
-0.998131,51,166.257128
-0.956702,51,166.287594
-0.87178,51,166.316139
-0.992808,51,166.344856
-0.840596,51,166.373702
-0.829275,51,166.402472
-1.095699,51,166.432893
-0.996239,51,166.462288
-0.963462,51,166.491179
-0.890054,52,166.520259
-0.86825,51,166.549044
-1.016278,51,166.580212
-0.926083,51,166.608948
-0.999023,52,166.63802
-0.957397,51,166.666654
-0.996364,51,166.695522
-0.85032,51,166.726522
-0.723064,51,166.755116
-0.950104,51,166.783719
-0.907385,51,166.812433
-0.874489,51,166.841
-1.005616,51,166.872071
-0.895407,51,166.900775
-0.851274,51,166.929353
-0.957745,51,166.95702
-0.920514,51,166.98562
-0.831492,51,167.01427
-0.902089,52,167.045488
-0.852064,51,167.074518
-0.933997,51,167.103877
-0.905297,51,167.132615
-0.923083,52,167.164131
-0.826074,51,167.192596
-1.053337,51,167.220766
-1.064323,51,167.248996
-0.924967,51,167.277541
-0.977807,51,167.307285
-1.289426,51,167.338497
-0.867276,51,167.367329
-0.907801,51,167.395957
-0.995601,51,167.423532
-0.988643,51,167.451987
-0.969076,51,167.483668
-0.962043,51,167.512941
-0.978421,51,167.541801
-1.05724,51,167.570559
-0.954099,51,167.59921
-1.003404,51,167.629859
-0.92789,51,167.658845
-1.051175,51,167.688175
-1.002271,51,167.716567
-0.884064,51,167.744231
-0.957566,52,167.775777
-1.005331,52,167.805261
-1.005115,51,167.83429
-0.820004,52,167.863275
-1.038964,51,167.89194
-1.036092,51,167.92221
-0.982876,51,167.951081
-1.25865,52,167.980367
-0.939452,51,168.009491
-0.913636,51,168.038551
-1.012124,52,168.069139
-0.831375,51,168.097785
-0.924509,51,168.126506
-0.880199,52,168.155801
-1.077422,51,168.184721
-0.968758,51,168.215049
-1.017036,51,168.243609
-1.070325,52,168.272478
-0.841303,51,168.301437
-0.975072,51,168.330202
-1.462572,51,168.361624
-0.972537,51,168.388988
-0.988218,51,168.417334
-0.871079,51,168.446645
-0.955612,52,168.475821
-0.940748,52,168.507717
-1.198252,51,168.535585
-1.021804,51,168.564451
-1.036015,51,168.593415
-0.868775,51,168.622627
-0.931566,51,168.653958
-1.044827,51,168.682833
-1.031644,51,168.71221
-0.808136,51,168.741308
-0.984247,51,168.770486
-0.929717,51,168.801583
-1.001634,51,168.829295
-0.983945,51,168.857995
-0.917328,51,168.886709
-0.864732,51,168.915478
-0.98231,51,168.946407
-0.941912,51,168.975119
-0.85507,51,169.003684
-0.976559,51,169.032259
-0.982211,51,169.061009
-0.855161,51,169.088564
-1.005015,51,169.11947
-1.034439,51,169.148629
-0.88004,51,169.177512
-1.156198,51,169.206222
-0.881482,51,169.23487
-0.890642,51,169.265874
-0.958033,51,169.29461
-1.065071,51,169.32332
-0.824536,51,169.351875
-0.92452,51,169.380361
-1.034673,52,169.41169
-0.952982,51,169.439184
-0.905859,51,169.467873
-1.197233,51,169.496699
-1.024654,52,169.525759
-0.901963,51,169.55684
-0.910911,51,169.585548
-0.841661,51,169.614195
-0.754941,51,169.64292
-0.892588,51,169.671402
-0.960442,51,169.702335
-1.162063,51,169.730957
-0.910136,51,169.759685
-1.22041,51,169.787247
-1.034703,51,169.815875
-1.010214,51,169.844416
-0.91155,51,169.875342
-0.945208,51,169.904145
-1.147476,51,169.932812
-0.921859,51,169.962143
-0.960482,51,169.989951
-1.105214,51,170.021117
-0.955665,52,170.050236
-1.115557,51,170.078742
-0.956937,51,170.107385
-0.988459,51,170.136025
-0.8678,51,170.167795
-1.102075,52,170.197537
-1.164741,51,170.226363
-0.844593,51,170.255188
-0.978401,51,170.284028
-0.926375,51,170.315199
-0.887733,51,170.344261
-0.951277,52,170.37421
-0.83067,51,170.403011
-1.021314,51,170.431646
-0.902796,51,170.462821
-0.914503,51,170.491639
-1.042999,52,170.520877
-0.899975,51,170.549581
-0.999538,51,170.578079
-1.012341,52,170.609711
-1.165673,51,170.63845
-1.007839,51,170.667303
-0.81002,52,170.696854
-0.952081,51,170.725649
-0.897974,51,170.757067
-0.874914,52,170.786202
-1.035371,51,170.814764
-0.803035,51,170.843534
-0.937483,51,170.872478
-0.909067,52,170.903928
-1.02021,51,170.932692
-1.115015,51,170.961604
-1.080446,51,170.990267
-0.858675,51,171.019689
-0.922617,51,171.050332
-0.993428,51,171.079023
-0.917963,51,171.108194
-0.969097,52,171.137226
-0.996024,51,171.164845
-0.933667,51,171.195965
-1.039959,51,171.224499
-1.035441,52,171.253605
-1.057219,51,171.280971
-0.914979,51,171.309434
-0.867811,51,171.341013
-0.983021,51,171.36984
-0.949277,51,171.39872
-1.011059,51,171.426132
-0.986937,51,171.454525
-0.842453,51,171.485853
-1.178173,51,171.514896
-0.936169,51,171.543837
-0.94695,51,171.57171
-1.044513,51,171.59999
-1.209242,51,171.630905
-1.196835,51,171.659539
-0.970548,51,171.688118
-1.165356,51,171.716678
-0.933661,51,171.744216
-0.863164,51,171.772845
-0.913972,51,171.803576
-0.984471,51,171.833038
-0.987882,52,171.862584
-0.835607,51,171.891401
-0.874459,51,171.920424
-0.814149,51,171.951416
-1.030687,51,171.979041
-0.764676,51,172.007751
-1.044737,51,172.037525
-1.003639,51,172.066478
-0.878325,51,172.097654
-0.885247,51,172.126364
-1.032732,51,172.155309
-0.944778,51,172.18384
-0.989001,51,172.211916
-1.133091,51,172.242446
-0.767806,51,172.27118
-0.909166,51,172.299836
-0.923805,51,172.328488
-1.019412,51,172.357015
-1.014523,51,172.386516
-0.897184,51,172.417096
-1.076895,51,172.447025
-1.017389,51,172.475859
-0.951547,51,172.504585
-0.982391,51,172.533211
-0.9701,51,172.564255
-0.892921,51,172.592868
-1.04681,51,172.621748
-0.94636,51,172.65036
-0.82514,51,172.678989
-0.880015,51,172.709046
-1.056893,51,172.737953
-0.924366,51,172.766326
-1.061105,51,172.794874
-0.928512,51,172.82353
-1.154894,51,172.852174
-1.029978,51,172.882989
-1.062745,51,172.911751
-1.039648,52,172.939737
-1.189419,51,172.968272
-0.881927,52,172.999464
-0.931607,51,173.027982
-0.92142,51,173.056568
-1.040468,51,173.085121
-0.942857,52,173.113469
-0.947635,51,173.148834
-1.181428,51,173.177908
-1.00945,51,173.206577
-1.087459,51,173.235107
-0.943776,51,173.263818
-1.229256,51,173.292422
-0.861069,51,173.323162
-0.951483,51,173.3517
-1.112237,51,173.380319
-1.09149,52,173.409273
-1.075359,52,173.440507
-0.957032,52,173.468502
-0.994368,51,173.497961
-0.962567,51,173.526991
-0.861207,51,173.555811
-1.037825,51,173.586889
-1.201206,51,173.615807
-1.011122,51,173.644696
-0.973601,51,173.673421
-1.060737,52,173.702514
-0.8589,51,173.73329
-0.966513,51,173.760852
-0.945834,51,173.789557
-0.844796,51,173.818268
-0.881676,51,173.846904
-1.027913,51,173.875538
-0.972447,51,173.906478
-1.059004,52,173.93568
-0.858382,51,173.964161
-1.073857,52,173.993327
-0.955928,52,174.024609
-0.967441,51,174.052648
-1.056489,51,174.081204
-0.922248,52,174.110338
-0.846892,51,174.139043
-0.954085,51,174.170065
-0.991973,51,174.198868
-0.878014,51,174.227512
-1.07867,51,174.256406
-0.865305,52,174.285496
-0.84216,51,174.316458
-0.887652,51,174.344761
-0.879726,51,174.373508
-0.83492,51,174.402414
-0.915536,51,174.430043
-0.999054,51,174.461345
-0.896017,51,174.490114
-1.028763,52,174.519411
-0.905477,51,174.547258
-0.788693,51,174.575865
-0.95265,51,174.607282
-0.922424,51,174.636366
-0.943225,51,174.665376
-0.890889,51,174.693431
-0.963508,51,174.722092
-1.028282,51,174.750871
-0.801238,51,174.781622
-0.81249,51,174.810431
-0.940759,52,174.839434
-0.814748,51,174.868079
-1.042632,51,174.895977
-0.882434,52,174.927786
-0.914591,51,174.956936
-0.835831,51,174.987508
-0.970881,51,175.016445
-1.095931,51,175.045356
-1.013982,51,175.076562
-0.918294,51,175.105252
-0.944856,51,175.133813
-0.882596,51,175.162514
-1.156568,51,175.191393
-0.946228,51,175.222468
-0.945383,52,175.251514
-0.932927,51,175.280399
-0.808822,51,175.309216
-0.865831,51,175.337922
-0.871211,51,175.369147
-0.997694,51,175.397938
-0.85844,51,175.426598
-0.81129,51,175.455347
-1.003507,51,175.483949
-0.985545,51,175.51385
-0.869957,51,175.542611
-0.878662,51,175.571168
-0.95056,51,175.599584
-1.100584,51,175.628239
-0.93637,51,175.656932
-0.975229,51,175.687968
-0.935429,51,175.716761
-0.820745,51,175.745265
-0.966655,51,175.772941
-0.964482,52,175.802881
-0.909961,51,175.834358
-0.834973,51,175.863174
-0.909454,52,175.892125
-0.835466,51,175.920583
-0.874273,51,175.948381
-0.980948,51,175.979641
-0.858379,51,176.008317
-0.974956,51,176.036426
-0.915743,51,176.065031
-0.819159,52,176.094196
-0.890914,51,176.12643
-0.921986,51,176.154554
-1.065211,51,176.183557
-0.894368,52,176.213017
-1.110273,52,176.244274
-0.879344,51,176.272447
-0.923983,51,176.30104
-0.903023,51,176.329801
-0.89751,51,176.358674
-0.901228,51,176.386263
-1.200723,51,176.418017
-0.907083,51,176.447143
-0.935081,51,176.47599
-0.994931,51,176.50474
-0.861174,51,176.532386
-0.981532,52,176.564033
-0.997577,51,176.592759
-1.079059,51,176.6215
-1.116672,51,176.650253
-0.952447,52,176.679457
-0.85634,51,176.710553
-1.006559,52,176.739538
-0.988702,51,176.768179
-0.831611,51,176.796756
-1.042478,52,176.828037
-0.890293,51,176.857675
-1.00715,51,176.886451
-0.968701,51,176.915265
-1.101119,51,176.94322
-0.956736,51,176.971351
-0.980365,51,177.002256
-0.940221,51,177.030951
-0.91137,51,177.059718
-0.897735,51,177.088081
-0.891769,51,177.116583
-0.939351,51,177.147318
-0.969759,51,177.176001
-0.874873,51,177.204743
-0.937521,51,177.23327
-0.975391,52,177.262178
-0.858994,51,177.292983
-0.918622,51,177.321486
-0.944967,52,177.34959
-0.919322,51,177.378286
-0.950015,52,177.407489
-1.073215,51,177.438452
-1.255535,51,177.467209
-1.094599,51,177.495831
-0.936928,51,177.52438
-0.976764,51,177.55213
-0.823692,51,177.582918
-0.850619,51,177.61159
-1.122273,51,177.640111
-0.886522,52,177.669379
-1.149656,51,177.698265
-0.844217,51,177.729307
-0.906713,51,177.757002
-1.002003,52,177.786045
-0.868013,51,177.814629
-1.12208,52,177.843486
-0.924845,51,177.874542
-1.174206,51,177.903467
-0.952723,51,177.932088
-0.987079,51,177.960718
-0.978714,51,177.988339
-1.033397,51,178.019466
-0.869646,51,178.048517
-0.956268,51,178.077703
-0.9875,52,178.106838
-1.128311,51,178.134824
-0.914177,51,178.165828
-0.900145,51,178.19482
-1.025074,51,178.223764
-1.020859,51,178.251778
-0.993552,51,178.280666
-1.111462,51,178.311446
-0.953216,51,178.33964
-0.926615,51,178.367694
-0.960546,51,178.396311
-1.007272,51,178.424856
-0.985898,52,178.456195
-1.141966,51,178.4846
-0.991822,52,178.513112
-0.926753,51,178.541823
-1.034735,51,178.570571
-0.97096,52,178.601863
-1.118543,51,178.630479
-1.080637,52,178.659407
-0.896595,51,178.687966
-0.994368,51,178.717899
-1.054161,51,178.748984
-0.947304,51,178.776535
-1.016384,51,178.805175
-0.957933,51,178.833611
-1.127628,52,178.86263
-0.884228,51,178.893389
-1.107366,51,178.922015
-0.99605,51,178.949835
-0.929883,51,178.978279
-0.973325,51,179.006925
-0.930245,52,179.038113
-1.072115,51,179.06693
-1.008362,51,179.095583
-0.989905,51,179.123039
-1.146167,51,179.151772
-0.844864,52,179.182943
-0.850785,51,179.211608
-1.051481,51,179.240222
-0.846167,51,179.267944
-1.067229,52,179.296994
-0.940034,51,179.328517
-1.064072,51,179.358249
-0.996256,51,179.386233
-1.021258,52,179.415695
-1.041741,51,179.4444
-0.9269,52,179.476282
-0.96191,51,179.505148
-1.0124,52,179.534038
-1.00526,51,179.560512
-0.924079,51,179.586449
-1.0212,51,179.617466
-0.920253,51,179.646232
-0.932547,51,179.674942
-1.182394,51,179.710645
-1.026427,51,179.746235
-0.974965,52,179.786025
-0.817233,51,179.819136
-0.846865,51,179.850251
-1.071337,51,179.881728
-0.915301,51,179.911296
-0.923013,51,179.941523
-1.001871,51,179.973475
-0.858208,51,180.005196
-0.938633,51,180.035461
-1.048394,51,180.064356
-1.039566,51,180.097176
-0.926247,51,180.126738
-0.890941,52,180.155155
-0.983681,51,180.182374
-1.004828,51,180.212605
-0.81928,51,180.24102
-0.836472,51,180.266846
-0.997963,52,180.293021
-1.203768,51,180.318867
-0.915425,51,180.344281
-0.865382,51,180.371106
-1.133781,51,180.395596
-1.017787,52,180.420332
-0.775259,51,180.444722
-0.843013,51,180.469523
-0.935265,51,180.49634
-1.140266,51,180.520767
-0.960113,51,180.545018
-0.941133,51,180.56924
-1.048755,52,180.594163
-0.826129,51,180.622444
-1.005957,51,180.649
-0.870917,51,180.675971
-0.950509,51,180.712488
-1.142073,51,180.746031
-0.901417,52,180.778289
-0.862624,52,180.807983
-0.953164,51,180.836919
-0.973466,51,180.867033
-0.888335,51,180.896012
-1.037587,51,180.927886
-0.962194,51,180.956644
-1.024718,51,180.985897
-0.858215,52,181.015378
-0.921754,51,181.044461
-1.141377,51,181.078133
-1.125893,51,181.109517
-1.033582,51,181.139213
-0.950724,51,181.168537
-0.948517,51,181.198063
-0.9916,51,181.227272
-1.188035,51,181.259223
-0.951548,52,181.289003
-1.07414,51,181.318731
-0.909305,51,181.348056
-0.83707,52,181.380569
-0.879743,51,181.409566
-0.940398,51,181.439075
-0.962319,51,181.468303
-1.019507,51,181.497543
-0.965464,51,181.526402
-0.940687,51,181.55748
-1.011151,51,181.587849
-0.866734,51,181.616907
-0.817338,51,181.646178
-0.875992,51,181.675435
-1.187247,51,181.706528
-0.951047,51,181.735572
-0.978966,51,181.764009
-0.881703,51,181.79258
-0.899583,51,181.821725
-0.987241,51,181.853038
-1.041886,51,181.882083
-1.011644,51,181.910623
-0.863207,51,181.940461
-0.954369,51,181.970525
-1.005406,51,181.999927
-0.961507,51,182.035115
-0.833222,51,182.065669
-0.885002,51,182.0956
-1.026008,51,182.131022
-1.096212,51,182.163075
-0.985467,52,182.195913
-1.118892,51,182.225145
-1.103357,51,182.255407
-0.881254,51,182.284961
-0.828034,51,182.314174
-0.873102,51,182.345641
-0.815804,51,182.374649
-1.164958,51,182.403768
-0.811735,51,182.432926
-0.821078,51,182.461978
-0.828714,51,182.495419
-1.007902,52,182.529662
-1.080133,51,182.560709
-0.908601,51,182.591807
-0.998437,51,182.623102
-0.936134,51,182.654964
-1.117802,51,182.684153
-0.842923,51,182.714254
-0.900468,51,182.743478
-0.843695,51,182.773411
-0.990695,51,182.805537
-0.955702,51,182.839712
-0.844135,51,182.869116
-0.82342,51,182.898492
-1.035242,51,182.927678
-0.983357,52,182.957839
-0.892019,51,182.988902
-0.89869,51,183.018221
-1.185164,51,183.047597
-0.940938,51,183.076528
-0.952106,51,183.105928
-0.997674,51,183.138718
-1.079313,51,183.167943
-0.916777,51,183.197639
-1.15068,51,183.226903
-0.888151,51,183.256084
-1.026215,52,183.288625
-1.097287,51,183.318364
-0.905946,52,183.3483
-1.034958,51,183.378196
-1.013664,51,183.407512
-0.826963,51,183.439355
-0.837605,52,183.469172
-0.912551,51,183.500625
-1.064847,51,183.530932
-0.811041,51,183.561416
-0.879594,51,183.593287
-0.932238,51,183.624253
-1.088548,51,183.655678
-0.871979,51,183.685744
-1.026437,51,183.7215
-1.1092,51,183.761726
-0.88722,51,183.79422
-0.956384,52,183.826556
-1.021152,51,183.858145
-0.976943,51,183.888805
-0.937377,51,183.921481
-0.923391,52,183.952433
-0.871136,52,183.982678
-0.826313,52,184.016911
-0.832616,51,184.051972
-0.850929,51,184.086853
-1.231346,52,184.1178
-0.929294,51,184.14755
-1.151861,51,184.177905
-1.02883,51,184.208623
-1.070121,51,184.243524
-1.129935,52,184.275978
-0.900452,51,184.306828
-1.152826,52,184.33799
-1.089416,51,184.37083
-0.861357,51,184.40212
-1.147273,51,184.432708
-1.044054,51,184.463217
-1.213013,51,184.493167
-1.102661,51,184.523952
-0.947683,51,184.556925
-1.040058,51,184.5881
-1.101847,52,184.619043
-0.989857,52,184.650459
-0.941664,52,184.683934
-1.088392,51,184.71484
-1.390145,51,184.746587
-0.875973,51,184.776933
-0.956851,51,184.807165
-1.007379,51,184.84053
-1.069586,52,184.873983
-1.210108,51,184.905067
-0.970667,51,184.935603
-1.043528,51,184.966343
-1.028485,51,184.998831
-0.855136,51,185.029488
-0.995117,52,185.060388
-0.95335,51,185.091231
-0.794961,51,185.121324
-0.840646,52,185.155017
-1.034709,51,185.185123
-0.947729,52,185.2163
-1.156647,51,185.245842
-0.966332,51,185.275966
-0.935973,51,185.309113
-0.887511,51,185.339269
-0.923439,51,185.370262
-0.908872,52,185.401308
-0.933985,51,185.431463
-1.016274,51,185.464701
-0.959089,51,185.495549
-1.118578,51,185.526067
-0.879567,51,185.556239
-1.028464,51,185.586456
-1.071686,51,185.61938
-0.92966,51,185.649593
-0.826931,51,185.679595
-0.898271,52,185.710165
-0.948895,51,185.74065
-0.994611,52,185.774213
-0.948644,51,185.804372
-1.018958,51,185.834052
-0.992442,51,185.8643
-0.929493,51,185.894394
-0.886859,51,185.92696
-0.999261,51,185.956735
-1.159795,51,185.986739
-1.022008,51,186.016875
-1.055276,51,186.047155
-0.976351,51,186.077724
-0.88784,52,186.111314
-0.832269,51,186.141449
-1.249401,51,186.174054
-0.906381,51,186.211071
-0.925002,51,186.246715
-1.132035,51,186.282695
-1.136918,51,186.313464
-0.883661,52,186.344285
-0.950787,52,186.374843
-0.940808,51,186.407675
-0.898672,51,186.439122
-0.899667,51,186.468971
-0.912252,51,186.498667
-1.138005,52,186.534219
-0.918767,51,186.570284
-1.166557,51,186.602067
-0.935073,51,186.632474
-0.922546,51,186.662817
-1.104273,51,186.693132
-0.887354,51,186.723745
-1.070291,51,186.756274
-0.927068,51,186.786329
-0.900895,51,186.816614
-1.009131,51,186.846433
-1.076665,51,186.876144
-0.966473,51,186.912788
-0.823985,51,186.944016
-0.882347,51,186.973806
-0.87833,51,187.003597
-0.803537,51,187.033257
-0.973228,51,187.065917
-1.13475,51,187.096498
-0.936303,51,187.126851
-1.111315,51,187.157136
-0.926484,52,187.188161
-0.951469,52,187.222188
-0.886082,51,187.252745
-0.957109,51,187.282378
-0.950334,51,187.313529
-1.043201,52,187.343826
-0.915817,51,187.376673
-0.976841,51,187.407003
-0.96073,51,187.436641
-0.918967,51,187.466594
-1.055897,52,187.497017
-0.951775,51,187.529793
-1.072619,51,187.560272
-1.037754,51,187.590962
-0.904424,51,187.621576
-1.10733,52,187.652849
-1.047999,51,187.686241
-1.011996,51,187.715723
-0.967741,51,187.746027
-1.127079,51,187.775642
-1.001914,51,187.806154
-0.93726,52,187.83904
-1.02723,51,187.868558
-1.051842,51,187.898266
-0.994286,51,187.927974
-1.024506,51,187.958842
-1.133009,52,187.991734
-1.005124,51,188.020941
-0.847366,51,188.051815
-0.972026,51,188.081428
-1.131708,51,188.111854
-0.980427,51,188.144555
-0.883462,51,188.174677
-0.917261,52,188.205335
-0.903876,51,188.235647
-1.074031,51,188.265028
-0.881441,52,188.298446
-0.932483,52,188.3283
-0.966682,51,188.359248
-1.01604,51,188.389091
-0.913996,51,188.419522
-0.920926,51,188.451927
-0.85403,51,188.482447
-0.831091,51,188.512464
-1.00949,51,188.541874
-0.859988,51,188.571726
-0.923471,51,188.604349
-0.844406,51,188.635237
-0.984693,51,188.665139
-0.907175,51,188.695398
-0.979574,51,188.724616
-1.090559,51,188.75522
-0.952327,51,188.788843
-1.002288,51,188.819026
-1.001485,51,188.849
-0.979843,51,188.879019
-0.95327,51,188.909312
-0.993533,51,188.941639
-1.05887,51,188.971512
-0.97911,51,189.001878
-0.990827,51,189.031925
-0.98714,51,189.062
-0.973772,52,189.095347
-0.938743,51,189.125506
-0.966662,51,189.155555
-0.91817,52,189.185693
-0.935929,51,189.21605
-0.943406,51,189.248726
-0.9098,52,189.279574
-1.15372,51,189.309421
-0.976715,51,189.339336
-1.123026,51,189.369607
-1.229715,51,189.402669
-0.923177,51,189.432627
-0.872092,51,189.462196
-0.94947,51,189.492488
-0.931072,51,189.522705
-0.932007,52,189.555288
-0.964848,52,189.586666
-0.96037,52,189.616842
-0.928552,51,189.646808
-0.950514,51,189.676558
-0.94961,51,189.709173
-0.946553,51,189.738555
-0.878208,51,189.76895
-1.057277,52,189.800216
-1.070128,51,189.829817
-0.840289,51,189.863268
-0.903602,51,189.893462
-0.90097,51,189.923605
-0.923113,51,189.953682
-0.93677,51,189.983564
-0.856602,51,190.017016
-1.08108,51,190.046748
-1.013416,51,190.077144
-1.030529,51,190.107602
-0.9825,51,190.13729
-0.784799,52,190.171088
-1.025974,51,190.200776
-0.84546,51,190.231486
-1.158576,52,190.262034
-0.914599,51,190.292048
-0.966359,51,190.325082
-0.873367,51,190.353613
-0.978739,51,190.384547
-0.937111,51,190.414518
-0.861703,51,190.445072
-0.973735,52,190.477713
-1.035815,51,190.508055
-0.981145,51,190.538058
-0.849824,51,190.568586
-0.994407,51,190.597743
-0.999041,51,190.63143
-1.100975,51,190.661502
-0.935981,52,190.691862
-0.971766,51,190.721461
-0.947435,51,190.751748
-0.918035,51,190.785027
-0.937495,51,190.815298
-0.822158,51,190.845308
-0.94083,51,190.875487
-0.903744,51,190.905316
-1.011102,52,190.938595
-0.873019,51,190.969445
-0.968822,52,191.000044
-1.169446,51,191.029782
-0.843535,51,191.059248
-0.930256,51,191.092083
-0.95896,51,191.123183
-1.028883,51,191.153357
-1.073694,51,191.183861
-0.963989,51,191.214031
-1.058338,51,191.244079
-0.887157,51,191.278417
-0.817085,51,191.309717
-1.063457,51,191.340121
-1.065642,52,191.371087
-0.886942,51,191.400888
-1.056668,51,191.43385
-0.895872,51,191.46407
-0.920208,52,191.495051
-0.943479,51,191.524799
-1.132772,51,191.554667
-0.832693,52,191.592476
-1.163689,51,191.625294
-0.78455,51,191.657056
-0.898329,51,191.687798
-0.966468,52,191.722143
-1.014531,51,191.752464
-0.905947,51,191.783848
-0.933699,51,191.814617
-0.881345,51,191.844795
-0.732649,51,191.874614
-0.896648,51,191.90676
-0.904138,51,191.937168
-1.003957,51,191.967425
-0.971985,51,191.997655
-0.969223,51,192.027799
-0.909985,51,192.060683
-0.880206,52,192.090542
-0.900138,51,192.1216
-0.971649,51,192.151921
-0.848181,51,192.18236
-0.896487,52,192.21556
-0.890988,51,192.244907
-1.181899,51,192.275593
-0.891264,51,192.305547
-0.972084,52,192.335736
-0.900275,51,192.368029
-0.958733,51,192.398751
-1.038763,52,192.429176
-0.88025,51,192.459187
-0.861313,51,192.489347
-0.858747,51,192.521235
-0.957548,52,192.551862
-0.941419,52,192.582631
-0.854576,51,192.613742
-0.942623,51,192.645853
-0.839273,51,192.676183
-0.907594,51,192.705929
-0.834411,52,192.737649
-0.818946,51,192.768025
-0.946862,51,192.801362
-0.960545,51,192.830983
-0.925439,52,192.861055
-0.824869,51,192.891818
-1.002469,51,192.922057
-0.894052,51,192.954446
-1.04506,52,192.984765
-1.088234,51,193.013776
-0.994118,51,193.044773
-0.940791,51,193.074829
-0.970275,51,193.107147
-0.99076,51,193.138013
-1.020113,52,193.168506
-0.884283,51,193.197316
-0.828821,51,193.227044
-1.016247,51,193.259536
-0.948175,51,193.289991
-0.937454,51,193.319399
-0.945282,51,193.349492
-0.923741,51,193.378761
-1.022425,52,193.411495
-0.887348,52,193.442405
-0.968979,51,193.472161
-0.881502,52,193.503011
-0.982569,51,193.534077
-1.051649,51,193.565864
-0.8353,51,193.595623
-1.062884,51,193.625317
-0.987501,51,193.655793
-0.889301,51,193.685491
-0.963466,52,193.719005
-1.092307,51,193.748916
-0.98645,51,193.779028
-1.132742,51,193.80972
-0.932057,52,193.840229
-0.880882,52,193.873324
-0.891075,51,193.902909
-1.068987,51,193.933221
-1.000953,51,193.963155
-1.057552,51,193.993406
-1.019648,51,194.026245
-0.972432,52,194.056247
-0.927776,51,194.086767
-0.976489,52,194.117247
-0.876653,51,194.147581
-1.002073,51,194.180811
-0.905016,51,194.210685
-0.826642,51,194.240651
-1.091819,51,194.270328
-1.111099,51,194.3004
-0.956691,51,194.333423
-1.120224,51,194.363157
-0.935245,51,194.393085
-0.955465,51,194.422886
-1.170905,51,194.453237
-0.96078,51,194.485359
-0.922389,51,194.51558
-0.874831,51,194.544963
-0.794685,52,194.576111
-1.090275,51,194.606226
-0.950353,51,194.638778
-0.949595,51,194.66847
-0.87989,51,194.698001
-0.844208,51,194.7291
-1.004372,51,194.759198
-0.975585,51,194.789704
-0.857891,51,194.822202
-0.927582,51,194.851927
-0.896182,51,194.881947
-0.976828,51,194.911987
-0.951909,51,194.941313
-0.81913,51,194.974042
-0.873655,52,195.003931
-0.940121,51,195.034417
-0.968536,51,195.064507
-0.910129,51,195.094378
-0.863868,51,195.1268
-1.148546,51,195.156997
-0.915875,52,195.187636
-0.853598,51,195.217563
-0.920425,51,195.247983
-0.807364,51,195.28045
-1.14071,51,195.310222
-0.9125,51,195.340236
-0.816442,51,195.370226
-0.81216,51,195.399999
-0.829752,51,195.432876
-0.853296,51,195.462445
-0.915462,51,195.492896
-0.90922,51,195.523113
-0.830026,51,195.553081
-0.960954,51,195.582674
-1.174616,51,195.615085
-0.847631,52,195.645909
-0.873563,51,195.67559
-1.044589,51,195.705079
-0.965426,51,195.735125
-0.937287,51,195.768177
-0.870466,51,195.798421
-0.951463,51,195.828707
-0.841578,52,195.859217
-0.887552,51,195.889248
-0.921186,51,195.92234
-0.829601,51,195.951842
-0.982562,51,195.982849
-0.905194,52,196.012304
-0.981614,51,196.042168
-1.020959,52,196.074721
-0.866041,51,196.10529
-0.903192,51,196.1356
-1.030317,52,196.164794
-0.942346,51,196.198238
-0.77868,51,196.227681
-1.022054,51,196.257368
-0.903062,52,196.288139
-0.936342,51,196.318477
-1.015082,51,196.351109
-0.909864,51,196.381306
-1.012453,51,196.4113
-1.058866,51,196.440184
-0.991345,51,196.471254
-0.847303,52,196.504315
-1.086147,52,196.534113
-0.971525,51,196.564631
-0.864405,51,196.594894
-0.768781,51,196.624974
-0.909628,51,196.656502
-1.025831,51,196.686782
-0.945361,51,196.717237
-1.011181,51,196.747646
-0.799686,51,196.777479
-0.957287,51,196.807565
-0.924807,51,196.84023
-0.879164,52,196.870806
-1.129973,51,196.901464
-0.945334,51,196.931382
-1.094119,51,196.961566
-0.887362,51,196.994317
-1.11109,52,197.02512
-1.009954,51,197.055208
-0.910042,51,197.085259
-1.151834,51,197.115333
-0.925807,51,197.148262
-0.823753,51,197.178965
-0.998823,51,197.209133
-1.112755,51,197.239366
-0.794404,51,197.269838
-1.029919,51,197.301732
-0.991982,51,197.33246
-1.295046,51,197.362635
-0.909705,51,197.391841
-0.9133,51,197.422018
-1.038568,51,197.454629
-0.889456,51,197.48531
-0.996559,52,197.516413
-1.052123,51,197.546469
-1.178737,51,197.5761
-0.869727,51,197.60943
-0.832423,52,197.640239
-1.015298,51,197.670346
-0.892596,51,197.700257
-0.951881,52,197.730674
-0.933267,51,197.763937
-0.866077,51,197.794652
-0.836704,51,197.825273
-0.949671,51,197.855954
-0.902582,51,197.885384
-0.924415,52,197.918967
-0.856669,51,197.948576
-0.851045,52,197.979104
-0.957215,52,198.008622
-0.912975,51,198.03882
-0.858434,51,198.071641
-1.048592,52,198.101107
-0.887068,51,198.131059
-0.913335,51,198.161081
-0.86461,51,198.19058
-0.92507,51,198.222951
-0.805165,51,198.253693
-0.825059,51,198.28378
-0.791005,51,198.314472
-0.829727,52,198.344608
-0.808333,52,198.378127
-0.957233,52,198.409385
-0.770003,51,198.439216
-0.810398,52,198.470172
-0.954764,51,198.502801
-0.958155,51,198.533197
-0.838311,51,198.563366
-1.090546,51,198.593506
-0.819562,51,198.623999
-1.097246,51,198.657604
-0.869487,51,198.687801
-0.843372,52,198.718128
-0.755987,51,198.748561
-0.873521,51,198.777901
-0.928569,51,198.810483
-0.91994,51,198.840768
-0.895082,51,198.870384
-0.838111,51,198.900985
-0.917875,51,198.931453
-0.769023,51,198.961561
-0.853554,52,198.994675
-0.969586,51,199.024685
-0.840074,51,199.054989
-0.953353,51,199.085689
-1.135911,51,199.115974
-0.973953,51,199.148054
-1.110917,51,199.178143
-0.984363,51,199.207644
-1.000743,51,199.238222
-0.933244,51,199.268415
-1.090835,51,199.300688
-0.839867,51,199.330793
-1.048278,51,199.3597
-0.92489,51,199.389906
-0.862627,51,199.420659
-0.834802,51,199.452909
-1.051997,51,199.482069
-1.008718,51,199.511701
-0.846516,51,199.542586
-0.83859,51,199.572753
-0.807994,51,199.601724
-0.871367,51,199.635013
-0.97497,51,199.664498
-0.814735,52,199.695244
-0.963114,51,199.725921
-0.719678,51,199.755189
-0.892408,51,199.78873
-0.926119,51,199.817957
-0.883975,52,199.849197
-0.834267,51,199.879179
-0.829252,51,199.909336
-0.96037,51,199.94212
-1.001278,51,199.972133
-0.93629,52,200.001731
-0.893953,51,200.032127
-0.971867,51,200.062552
-1.080517,51,200.095209
-0.824359,51,200.125296
-0.982386,52,200.156882
-0.887973,52,200.187659
-0.958365,51,200.220632
-0.877479,51,200.250582
-1.003072,51,200.280604
-0.914753,51,200.310633
-0.901395,51,200.34206
-0.82809,51,200.372615
-0.826703,51,200.405543
-0.866315,51,200.436956
-0.882955,51,200.468333
-0.913278,51,200.499252
-0.830739,51,200.53129
-0.856027,51,200.577741
-0.906564,51,200.614964
-0.781574,52,200.658567
-0.897985,51,200.691083
-0.897052,51,200.722577
-0.802871,51,200.755907
-1.103468,51,200.786501
-1.057776,51,200.816902
-0.9191,51,200.847607
-1.17319,52,200.878515
-0.909668,52,200.912213
-0.854877,51,200.942637
-0.748574,51,200.973141
-0.793279,51,201.003634
-0.976818,52,201.03428
-0.913607,51,201.067706
-0.90376,51,201.098106
-0.828126,51,201.128384
-0.866858,51,201.158454
-0.886516,51,201.188997
-0.841856,51,201.222157
-0.87683,51,201.253061
-0.895014,52,201.284086
-0.889895,51,201.31349
-0.920908,51,201.343309
-0.824022,51,201.377177
-0.92893,51,201.405938
-0.850884,52,201.436459
-0.971859,51,201.465679
-0.912488,51,201.496029
-0.837987,51,201.528646
-0.892866,51,201.558981
-1.044483,51,201.588632
-1.093174,51,201.619174
-0.82169,51,201.64771
-0.832564,51,201.680907
-0.920218,51,201.711127
-1.066749,51,201.740717
-1.002226,51,201.77078
-0.971797,51,201.79983
-1.573989,52,201.832787
-0.808628,51,201.862178
-0.92695,51,201.892581
-1.041423,51,201.921987
-0.970322,51,201.951956
-0.968348,51,201.981452
-0.866133,51,202.014795
-0.768197,51,202.044115
-0.904472,51,202.074077
-0.974318,51,202.104638
-0.981315,51,202.133978
-0.909178,51,202.166516
-0.852464,51,202.196195
-1.019933,51,202.225813
-0.896263,51,202.255271
-0.833991,51,202.285136
-1.051391,51,202.318285
-0.843683,52,202.348167
-0.921667,52,202.378466
-0.969586,51,202.408319
-1.263999,51,202.439346
-0.90988,51,202.472826
-0.844559,51,202.50296
-0.937241,51,202.532902
-1.002036,51,202.562886
-0.909816,51,202.59283
-0.887219,51,202.624191
-0.852885,51,202.654677
-0.919917,51,202.684153
-1.116541,51,202.713445
-0.769317,51,202.744583
-0.891011,51,202.774883
-0.937826,51,202.807653
-0.853003,51,202.839644
-0.812061,51,202.869205
-0.845471,51,202.899393
-0.831185,51,202.929697
-0.97291,51,202.961666
-0.797452,51,202.991454
-0.855503,51,203.021328
-1.013155,52,203.051984
-0.951726,51,203.081378
-0.831629,51,203.114346
-0.914679,51,203.148952
-0.987407,51,203.179329
-0.870181,51,203.20925
-0.830368,51,203.23907
-0.861396,51,203.271573
-0.844014,52,203.300987
-0.961419,51,203.330947
-0.752462,51,203.360427
-0.938515,51,203.390002
-1.137248,51,203.423176
-0.86201,52,203.453295
-0.980775,51,203.483334
-0.780633,51,203.512927
-0.863725,52,203.542791
-0.883889,52,203.576179
-1.061389,51,203.605833
-0.866713,51,203.636055
-0.899488,51,203.664761
-1.20047,51,203.695014
-0.848239,51,203.72804
-1.018412,51,203.75715
-0.828467,51,203.787437
-0.824551,51,203.817077
-0.876999,51,203.846648
-1.052404,52,203.879498
-0.849657,51,203.909034
-1.111943,51,203.938824
-0.947172,52,203.969231
-0.94171,51,203.998425
-1.177528,51,204.031578
-0.908103,51,204.060843
-0.942421,51,204.091026
-1.081349,51,204.120384
-0.977901,51,204.150229
-0.911241,51,204.182988
-1.086884,51,204.212374
-0.865139,51,204.242619
-1.009032,51,204.271278
-1.217571,51,204.30214
-0.81956,51,204.332427
-1.047335,51,204.364914
-0.934763,51,204.395198
-0.898912,51,204.424312
-0.936514,51,204.454387
-0.898681,51,204.484492
-1.103952,51,204.517344
-0.938756,51,204.546493
-0.874312,51,204.576913
-0.95793,51,204.606338
-1.099731,51,204.63661
-0.960335,51,204.669052
-0.972683,51,204.699385
-1.005556,51,204.729013
-1.191672,51,204.75915
-1.058447,51,204.789309
-0.929301,51,204.819216
-1.097962,52,204.852724
-0.981159,51,204.881911
-1.020909,51,204.91208
-1.08681,52,204.941657
-0.826661,51,204.974632
-0.976745,51,205.004017
-0.84762,51,205.033933
-1.058979,51,205.064054
-1.097496,51,205.093953
-0.95707,51,205.123297
-0.946547,51,205.15612
-1.019779,51,205.185469
-0.929792,51,205.21479
-1.060129,51,205.244783
-1.0591,51,205.274161
-1.193908,51,205.307231
-0.960086,51,205.336028
-1.153592,51,205.365755
-0.998161,51,205.395194
-1.026268,51,205.424326
-0.974811,51,205.456845
-1.219838,51,205.486729
-1.05156,51,205.515764
-1.015914,51,205.545018
-1.02286,51,205.575056
-1.103931,51,205.60449
-0.990367,51,205.63708
-0.960027,51,205.666553
-0.935689,51,205.696079
-1.241991,51,205.725318
-1.137725,51,205.755342
-0.990492,51,205.78736
-1.218366,51,205.817632
-0.945518,51,205.846788
-1.036505,51,205.877283
-1.224276,51,205.906735
-1.144483,51,205.939874
-1.003853,51,205.968579
-0.973183,51,205.999186
-0.979746,52,206.029254
-1.04958,51,206.059088
-0.89326,51,206.091745
-0.888685,51,206.122327
-0.958364,51,206.152711
-1.017483,51,206.182465
-0.903477,51,206.21308
-1.046137,52,206.246325
-1.057619,52,206.276742
-1.126115,51,206.305432
-0.959428,51,206.335095
-0.78979,51,206.365198
-0.878917,51,206.398446
-1.001585,51,206.427654
-0.960149,51,206.457021
-0.977002,52,206.487005
-1.065922,51,206.516822
-1.084568,51,206.548753
-0.960649,51,206.578572
-1.364998,51,206.608327
-1.105337,51,206.638398
-1.140929,51,206.668475
-0.930532,51,206.698839
-0.94217,51,206.731034
-1.111899,52,206.761517
-1.007792,51,206.791078
-0.96452,51,206.820459
-1.094577,51,206.850628
-1.179438,51,206.883085
-0.949062,51,206.913046
-1.056807,51,206.942756
-1.11208,51,206.972919
-0.944785,51,207.002523
-0.83417,51,207.034559
-0.939529,51,207.064425
-0.904662,51,207.094495
-1.067466,51,207.124526
-1.052056,51,207.154361
-0.970041,51,207.186911
-0.963811,51,207.216363
-0.924024,51,207.245549
-0.938557,51,207.275162
-0.975467,51,207.305429
-0.770893,51,207.334783
-1.02653,51,207.368152
-1.052198,51,207.397224
-0.919652,51,207.427756
-0.940238,51,207.456716
-0.883204,51,207.486912
-1.045084,51,207.51924
-0.977329,51,207.54882
-0.990435,51,207.578786
-0.977318,51,207.608222
-1.065139,51,207.638166
-0.916228,51,207.670121
-0.951577,51,207.701067
-1.010731,52,207.731262
-0.85378,51,207.760857
-0.884256,51,207.789933
-1.096839,51,207.82293
-1.174233,51,207.852899
-0.919141,51,207.882175
-1.193415,52,207.913117
-1.225457,51,207.943229
-1.050263,51,207.97547
-0.976024,51,208.005717
-1.024575,51,208.035904
-1.137067,51,208.066038
-1.033648,51,208.095996
-0.915877,51,208.125395
-1.116053,52,208.160168
-1.000722,51,208.190245
-1.266349,52,208.220367
-1.060957,51,208.250907
-0.962709,52,208.283093
-0.947606,51,208.313604
-1.008124,51,208.343501
-1.052723,51,208.373258
-1.061793,51,208.403837
-1.07756,52,208.436719
-1.098827,51,208.466695
-1.085951,51,208.496447
-0.914274,51,208.526051
-1.064118,51,208.556402
-1.114293,51,208.589134
-1.137476,51,208.619363
-0.961867,51,208.648799
-0.975347,51,208.679318
-0.828953,51,208.70881
-0.913,51,208.739613
-0.975732,52,208.77301
-0.895704,51,208.802485
-0.894772,51,208.832116
-0.890012,51,208.861743
-0.945925,51,208.891953
-1.143852,52,208.92528
-1.026757,51,208.954581
-0.803347,51,208.984162
-0.959706,51,209.014408
-1.005124,51,209.044166
-0.763813,51,209.077147
-0.850453,51,209.106995
-1.020395,52,209.136867
-0.865167,51,209.166768
-0.975505,51,209.196307
-0.883552,52,209.229843
-0.895254,51,209.259222
-0.858449,51,209.289375
-0.803095,51,209.318314
-0.943704,51,209.348515
-0.775412,52,209.381404
-0.851978,51,209.411868
-1.011533,51,209.441581
-0.818344,52,209.471964
-0.923979,51,209.508321
-0.994772,51,209.537722
-1.078487,51,209.567986
-0.950192,51,209.598649
-1.225326,51,209.628633
-0.957283,52,209.662179
-0.875285,51,209.692214
-0.801847,51,209.722686
-0.855248,51,209.752175
-0.911124,51,209.782381
-0.962827,51,209.812596
-0.832885,51,209.84493
-0.867569,52,209.875383
-1.05688,51,209.905293
-0.891375,51,209.935264
-0.84052,51,209.9655
-0.992028,52,209.998922
-0.918992,51,210.029084
-0.928168,51,210.058948
-0.826526,52,210.089388
-0.915716,51,210.121551
-0.896173,51,210.152075
-0.888448,51,210.181806
-0.80513,51,210.211414
-0.834952,51,210.241696
-0.917178,51,210.271772
-1.012917,51,210.304716
-0.839348,51,210.334358
-0.902058,51,210.363947
-0.997754,51,210.394305
-0.958164,51,210.423865
-0.86251,51,210.456263
-0.991789,52,210.48663
-1.051199,51,210.515993
-0.993338,51,210.545979
-0.884449,51,210.576032
-0.872785,51,210.608539
-1.012933,52,210.638984
-0.966564,51,210.66885
-0.988724,51,210.699329
-0.984833,52,210.729614
-0.865746,51,210.762583
-0.978179,51,210.792048
-1.029359,51,210.822115
-0.868626,51,210.852325
-0.856489,51,210.881851
-0.843752,51,210.914656
-0.930481,51,210.944554
-0.81953,51,210.974503
-0.873099,51,211.004867
-0.815259,52,211.034933
-1.072569,51,211.067215
-0.993519,51,211.09729
-0.945807,51,211.128329
-0.848576,51,211.158477
-1.055665,51,211.188473
-0.791754,51,211.220573
-1.049226,51,211.251
-1.0979,51,211.281392
-0.914147,51,211.311435
-0.982627,51,211.341718
-0.837753,51,211.371508
-0.882125,51,211.4049
-0.899516,51,211.43468
-0.940811,52,211.465078
-0.894659,51,211.495251
-1.013285,51,211.525003
-0.903376,51,211.559178
-0.971497,51,211.589678
-0.963405,52,211.620789
-0.988015,51,211.650701
-0.95329,52,211.683613
-0.803076,51,211.714042
-0.972475,51,211.743493
-0.80299,51,211.773529
-1.033319,51,211.804027
-0.764605,51,211.834213
-0.816151,51,211.867222
-1.004166,51,211.896763
-1.116475,52,211.927687
-0.950018,51,211.956979
-0.875231,51,211.987035
-0.866699,51,212.020183
-0.927409,52,212.049335
-1.080339,51,212.079929
-0.847564,51,212.109158
-1.121276,51,212.139266
-1.019691,51,212.17231
-0.963304,52,212.202677
-0.910932,51,212.232229
-0.904405,51,212.262394
-0.886139,51,212.291491
-0.930366,52,212.32555
-0.891928,51,212.354685
-0.887238,51,212.385474
-0.796723,51,212.414464
-0.985766,51,212.445238
-0.840545,51,212.478258
-0.833564,51,212.508187
-0.884415,51,212.538305
-1.005012,52,212.569112
-0.88341,52,212.60206
-0.868264,51,212.631721
-0.870012,51,212.661722
-1.025935,51,212.692354
-0.927892,51,212.722065
-0.958362,52,212.756062
-0.870646,51,212.785421
-1.003159,51,212.815849
-0.803731,51,212.845762
-1.117505,51,212.874483
-0.9007,51,212.904671
-1.003975,51,212.937145
-0.784421,51,212.966183
-0.930456,51,212.995939
-1.060454,51,213.025844
-0.858817,51,213.054984
-1.073044,51,213.087894
-0.927702,51,213.117423
-0.938738,51,213.147487
-1.169721,51,213.177125
-0.830426,51,213.205981
-1.021863,51,213.238811
-0.855569,51,213.267848
-0.817939,52,213.29876
-0.836745,51,213.328677
-0.882864,51,213.357529
-0.931164,51,213.389622
-0.978962,51,213.420153
-0.951337,51,213.450218
-1.010874,51,213.479885
-0.868346,52,213.51068
-1.143957,51,213.542592
-0.937079,51,213.572381
-0.911961,51,213.602155
-1.015494,51,213.632305
-1.06225,51,213.661289
-0.965597,51,213.691666
-1.012456,52,213.724006
-1.002915,51,213.75406
-0.889136,51,213.783319
-0.965753,51,213.813877
-1.017724,51,213.843612
-0.984337,51,213.876145
-0.863891,51,213.911388
-1.034458,52,213.944277
-0.904744,51,213.975425
-1.212222,51,214.006559
-0.939886,51,214.038487
-0.968777,51,214.068661
-0.877575,51,214.099055
-0.861386,51,214.130469
-0.963225,51,214.16006
-0.990467,51,214.192404
-1.094168,51,214.22257
-0.930254,51,214.252362
-0.834816,51,214.28145
-0.943545,52,214.311714
-0.896703,51,214.344111
-0.966039,51,214.373891
-0.993254,52,214.403266
-0.96572,51,214.433198
-0.939257,51,214.462798
-0.830654,51,214.494874
-0.909147,51,214.524966
-0.882334,51,214.553992
-0.938418,51,214.583825
-0.943044,51,214.613541
-1.019597,51,214.645572
-1.181275,51,214.675477
-1.002169,52,214.705616
-0.957892,51,214.735824
-1.018811,51,214.765713
-0.991972,51,214.798019
-0.899437,51,214.8285
-0.916703,51,214.858416
-0.960937,51,214.888316
-1.033887,51,214.918186
-1.042027,51,214.948763
-1.003766,51,214.981336
-0.924456,51,215.010909
-0.932239,51,215.039936
-0.73556,51,215.069712
-0.941189,52,215.099896
-0.918611,51,215.131841
-1.052804,51,215.161032
-0.925755,51,215.19093
-0.929191,51,215.220865
-1.013283,51,215.250427
-0.959676,51,215.282539
-0.901873,51,215.312293
-1.07654,51,215.34209
-1.024003,51,215.3713
-1.038337,51,215.401178
-1.04232,51,215.433658
-0.942231,51,215.462729
-1.002706,51,215.492804
-0.837229,51,215.522573
-0.837461,51,215.552499
-1.009588,51,215.581355
-0.892003,51,215.613596
-0.907059,52,215.644087
-1.05915,51,215.674036
-1.169593,51,215.703318
-1.064604,51,215.732941
-1.036303,51,215.765876
-0.867865,51,215.79571
-0.933603,51,215.824515
-0.967013,51,215.855159
-0.995392,51,215.885793
-0.894805,51,215.918277
-0.887858,51,215.947694
-0.909272,51,215.976898
-0.854281,52,216.007076
-0.964233,51,216.036765
-1.064358,51,216.069256
-1.074074,51,216.099029
-0.819976,51,216.129274
-0.820626,51,216.159101
-0.95991,51,216.189057
-0.920631,51,216.220453
-0.950156,51,216.249861
-0.852253,52,216.28013
-0.900632,51,216.312751
-1.05228,51,216.349295
-0.968988,51,216.382675
-0.881085,51,216.411695
-0.8855,51,216.441809
-0.875983,51,216.471903
-0.972081,52,216.501811
-0.917287,51,216.533292
-0.874703,51,216.563336
-0.887387,51,216.593067
-0.852065,51,216.62297
-0.991984,51,216.653078
-0.981589,51,216.68233
-1.016377,51,216.714107
-1.002048,51,216.744058
-0.78471,51,216.773987
-0.994227,51,216.803489
-0.864519,51,216.832126
-0.996777,51,216.864526
-1.023319,52,216.894406
-0.927164,51,216.924279
-1.064195,51,216.954584
-0.837243,51,216.984464
-1.024708,51,217.016913
-1.042563,51,217.047463
-1.000306,52,217.077487
-0.993218,51,217.107409
-0.916754,51,217.13732
-0.868737,51,217.170674
-1.036793,52,217.200841
-1.020217,51,217.230871
-1.120338,51,217.26084
-0.944151,51,217.290514
-0.886517,51,217.323881
-1.039587,51,217.353618
-0.885303,52,217.384289
-0.868229,52,217.415589
-0.813797,51,217.445262
-1.112435,51,217.47849
-1.10598,51,217.508718
-0.881857,52,217.539818
-1.251418,51,217.569404
-0.945647,51,217.600022
-0.930481,51,217.632053
-0.859636,51,217.662638
-0.917729,51,217.691976
-0.911053,51,217.722269
-1.190492,51,217.751968
-0.963698,51,217.78442
-0.996666,52,217.814871
-0.99746,52,217.845588
-0.973944,51,217.876228
-0.947844,51,217.905332
-0.846653,51,217.937974
-0.864844,51,217.96752
-1.080116,51,217.997806
-0.927787,51,218.027529
-1.024974,51,218.058013
-0.747524,51,218.090009
-0.894312,51,218.120403
-0.997498,52,218.150787
-0.991901,51,218.181435
-0.944587,51,218.211263
-0.98398,52,218.244248
-0.88208,51,218.27409
-0.835324,51,218.303836
-0.849881,52,218.334661
-0.939367,51,218.364692
-0.978342,51,218.397253
-1.014369,51,218.427029
-1.083815,51,218.457517
-1.018565,51,218.486567
-1.024603,51,218.516924
-0.934829,51,218.549519
-0.914827,51,218.579523
-0.912102,51,218.609059
-0.843763,51,218.639511
-0.854798,51,218.669638
-1.065535,51,218.702559
-0.988897,51,218.731915
-1.006262,51,218.761868
-0.947926,51,218.791981
-1.052356,51,218.822141
-0.896482,51,218.851655
-0.988095,51,218.88326
-0.99858,51,218.913756
-0.963189,51,218.943701
-0.981073,51,218.97362
-0.899955,52,219.004371
-1.152009,51,219.036975
-0.881374,51,219.066819
-0.809394,51,219.097061
-1.031387,51,219.127196
-1.016565,51,219.15691
-0.923932,51,219.189066
-0.91661,51,219.219438
-0.999261,51,219.249008
-0.936716,51,219.279376
-0.946746,51,219.308776
-0.909045,51,219.341039
-1.162104,51,219.371438
-0.970519,51,219.40083
-1.017979,51,219.430595
-0.931889,51,219.461259
-1.157262,51,219.490602
-0.906039,51,219.522557
-0.997614,52,219.553361
-1.031306,51,219.582974
-0.987468,51,219.613229
-0.980355,51,219.643372
-0.958144,51,219.675534
-0.959601,51,219.705128
-1.011603,51,219.735278
-0.938496,51,219.765562
-1.037814,51,219.795364
-1.019459,51,219.828012
-1.144328,51,219.858638
-1.004499,51,219.88848
-1.053669,51,219.917482
-1.065925,51,219.948259
-1.004089,51,219.980605
-0.886468,51,220.009224
-1.114313,51,220.039801
-1.121153,51,220.069495
-1.101973,51,220.099707
-0.996779,51,220.129577
-1.042523,51,220.162156
-0.90305,51,220.192305
-1.033108,51,220.222066
-1.064662,51,220.251766
-1.000671,51,220.281609
-1.065019,51,220.313772
-1.004057,51,220.343668
-0.999542,51,220.373437
-0.879051,51,220.402763
-1.033766,51,220.431952
-0.884628,52,220.465329
-0.96513,52,220.495582
-1.000725,51,220.525189
-1.112017,51,220.555237
-1.009484,51,220.584471
-0.870286,51,220.617079
-1.045571,51,220.64694
-0.82217,51,220.67677
-0.895369,51,220.706308
-0.855768,51,220.735503
-0.91441,51,220.769005
-1.14946,51,220.7987
-0.919887,51,220.828273
-0.87455,51,220.858811
-0.944483,51,220.88819
-1.116079,51,220.918276
-0.983201,51,220.950493
-0.960137,51,220.980805
-1.016773,52,221.010315
-0.795341,51,221.040996
-1.266763,51,221.070228
-0.874604,51,221.102423
-0.988346,51,221.134505
-1.008094,51,221.164453
-1.110062,52,221.19474
-0.839437,51,221.224842
-0.905667,51,221.257907
-0.848995,51,221.287957
-0.778772,51,221.318026
-0.899845,51,221.348147
-0.770728,51,221.378383
-0.849037,51,221.410982
-0.959448,51,221.440522
-0.998411,51,221.470091
-0.961193,52,221.501057
-0.82866,51,221.530822
-0.863925,51,221.563267
-1.05241,52,221.593524
-0.974793,51,221.623875
-1.118724,51,221.653766
-1.018268,52,221.684037
-0.940451,51,221.717173
-0.966472,52,221.747509
-0.962866,51,221.776751
-0.954411,51,221.807058
-0.923845,51,221.835703
-0.947949,51,221.868501
-0.968428,51,221.898514
-0.842044,51,221.928789
-0.947595,51,221.958233
-0.926535,51,221.987515
-0.915469,51,222.020429
-0.777869,51,222.050207
-1.146706,51,222.079767
-0.996101,51,222.110239
-0.991549,51,222.138757
-0.985255,51,222.171432
-0.96001,51,222.201972
-0.954266,51,222.23157
-0.97045,51,222.261747
-0.923124,51,222.291771
-0.837911,51,222.32088
-0.990094,51,222.353606
-0.905289,51,222.383936
-0.875837,51,222.413356
-0.946354,51,222.443274
-0.967169,51,222.47292
-1.012117,51,222.50593
-1.004792,51,222.535682
-0.876994,51,222.565953
-0.831463,51,222.595547
-0.891808,51,222.624756
-0.945986,51,222.658106
-0.905832,51,222.688127
-1.029461,51,222.718567
-0.918708,51,222.747776
-0.923776,51,222.777471
-1.162154,51,222.806834
-0.844583,51,222.839672
-1.014336,51,222.869371
-0.91693,51,222.8992
-0.879549,51,222.928282
-0.832526,52,222.959036
-0.956034,51,222.99154
-1.053514,51,223.022037
-1.08903,51,223.051678
-1.069877,51,223.080843
-0.860207,51,223.110279
-0.83074,51,223.14267
-0.834024,51,223.172075
-0.869026,52,223.201724
-1.057718,51,223.231951
-0.941931,51,223.260947
-0.997171,51,223.294286
-1.144002,51,223.323572
-0.937434,51,223.353485
-0.917202,51,223.383167
-1.008217,51,223.412595
-0.976347,51,223.445555
-0.953956,52,223.475283
-0.965962,51,223.504927
-0.829406,51,223.534717
-0.942949,51,223.563756
-1.037537,51,223.596813
-0.999241,51,223.625933
-0.981249,51,223.655491
-0.905575,51,223.685608
-0.84938,52,223.715508
-1.001516,51,223.747592
-0.894663,51,223.777764
-0.958856,51,223.807746
-0.819359,52,223.837271
-0.923549,51,223.867124
-0.833218,51,223.898795
-0.926545,51,223.929217
-0.982044,51,223.958823
-0.903958,51,223.988958
-0.946752,51,224.018673
-0.913939,51,224.048415
-0.876022,51,224.081796
-0.953703,51,224.111221
-0.89636,51,224.140863
-1.059083,51,224.169691
-0.792166,51,224.199979
-1.064058,51,224.23222
-1.133905,51,224.262667
-0.890261,51,224.291862
-0.867698,51,224.321747
-1.081916,52,224.351271
-0.933868,51,224.384243
-0.753075,51,224.41364
-0.942604,51,224.443578
-0.850383,51,224.472237
-0.842717,51,224.502239
-0.99588,51,224.534919
-0.829971,51,224.565214
-1.05093,51,224.594155
-1.020788,51,224.624051
-1.098738,51,224.653801
-0.952074,52,224.68746
-0.928173,51,224.716312
-0.827662,51,224.746404
-1.147602,51,224.775966
-0.958883,51,224.80596
-0.97648,51,224.83582
-0.991321,51,224.868326
-0.91613,51,224.897752
-0.839629,51,224.927276
-0.904277,51,224.957404
-0.858947,52,224.986804
-0.929259,51,225.020106
-0.967734,51,225.049814
-0.92972,51,225.079718
-1.00339,51,225.108549
-0.939903,51,225.138707
-0.841686,52,225.171416
-0.999567,51,225.201831
-0.976271,51,225.230997
-0.849919,51,225.260657
-0.85914,51,225.28998
-1.03969,51,225.322262
-0.909736,51,225.351972
-0.817209,52,225.382282
-1.043227,51,225.411037
-0.943424,51,225.441145
-1.041419,52,225.473909
-0.930101,51,225.503715
-1.024847,51,225.532937
-0.930715,51,225.562603
-0.927316,51,225.591684
-0.877367,51,225.625078
-0.873482,51,225.654096
-0.874556,51,225.683869
-0.932402,51,225.713661
-0.824518,51,225.742885
-0.86916,51,225.775125
-1.06506,51,225.805116
-0.974493,52,225.834375
-1.021797,51,225.864289
-0.830017,51,225.894278
-0.941862,51,225.925825
-0.8397,51,225.956417
-0.966791,51,225.98588
-1.086631,51,226.015996
-0.934059,51,226.045623
-0.992972,52,226.078514
-1.016992,51,226.107897
-0.984818,51,226.138011
-0.875781,51,226.167393
-0.917233,51,226.19664
-0.939677,51,226.226469
-1.005865,51,226.258858
-1.017002,52,226.289234
-1.200627,52,226.319848
-0.967315,51,226.349747
-0.896051,51,226.381772
-0.839309,51,226.411561
-1.00197,51,226.441401
-1.041902,51,226.471055
-1.061065,51,226.499855
-1.028634,51,226.52935
-1.115914,51,226.561306
-1.081937,51,226.590992
-1.044835,51,226.620767
-1.189709,51,226.649877
-0.960932,52,226.680916
-0.974632,51,226.713995
-0.977695,51,226.744006
-0.907497,51,226.773898
-0.845157,51,226.803102
-1.025488,51,226.833437
-1.040316,51,226.865881
-0.894973,51,226.894917
-1.154725,51,226.925095
-0.928266,51,226.954723
-1.107425,51,226.984329
-1.190957,51,227.016674
-1.024198,51,227.046215
-0.893136,51,227.075976
-0.991098,51,227.10505
-0.918007,51,227.135327
-0.922444,51,227.164935
-0.905045,51,227.197671
-0.922111,51,227.227338
-0.837509,51,227.256869
-0.934474,51,227.28628
-1.069835,52,227.317138
-0.9958,51,227.349539
-1.03594,51,227.378881
-0.933953,51,227.409451
-0.973179,51,227.439001
-0.945058,51,227.468957
-1.091103,51,227.501941
-0.945542,51,227.533389
-0.986924,51,227.563908
-0.966379,51,227.593301
-1.000436,51,227.622927
-0.947746,51,227.655928
-1.030572,51,227.685687
-0.999971,51,227.715429
-0.892898,51,227.744818
-1.001126,51,227.775295
-1.146561,51,227.804795
-1.015503,52,227.838448
-1.062275,51,227.8679
-1.129591,51,227.897858
-1.054391,51,227.926828
-0.972534,52,227.960334
-1.106111,51,227.989987
-1.003421,51,228.019996
-1.029292,51,228.049017
-1.082915,51,228.078983
-1.036263,51,228.108472
-1.030281,51,228.141565
-1.18489,51,228.171298
-0.947089,51,228.200731
-0.837857,51,228.230448
-0.959512,51,228.259976
-0.939624,51,228.292965
-0.831706,51,228.322414
-1.034019,51,228.352097
-0.895102,51,228.381905
-1.024439,51,228.411706
-1.010173,52,228.444784
-0.940473,51,228.474687
-0.947153,51,228.504666
-1.029236,51,228.533996
-0.923948,51,228.563604
-0.803492,51,228.596976
-0.97001,51,228.625866
-1.190709,51,228.656129
-0.862521,51,228.685949
-0.974401,51,228.715947
-0.932089,51,228.745635
-0.881774,51,228.779028
-0.995347,51,228.808268
-0.955931,51,228.838065
-1.031919,51,228.8673
-0.997193,51,228.897744
-0.977357,51,228.930114
-1.079268,52,228.959926
-0.975303,51,228.989626
-1.081678,51,229.019671
-0.979866,51,229.049044
-1.064855,51,229.08164
-1.003559,51,229.111149
-1.063812,51,229.140426
-1.033093,51,229.170451
-0.957312,52,229.200083
-1.06641,51,229.233135
-0.945515,51,229.262394
-0.875693,51,229.292029
-1.051437,51,229.322115
-0.956836,51,229.351301
-0.883908,51,229.383926
-0.981824,51,229.41313
-0.890182,51,229.4429
-0.913416,51,229.472309
-0.842279,51,229.502627
-1.01586,51,229.532079
-1.019092,51,229.564113
-0.895729,52,229.594357
-1.043331,51,229.623643
-1.026196,51,229.653653
-0.933972,51,229.682907
-1.011165,51,229.716026
-0.930309,51,229.744976
-1.018456,51,229.775109
-0.90282,51,229.806112
-0.917113,51,229.835974
-0.891406,51,229.868611
-0.899331,52,229.899278
-1.078827,51,229.928431
-1.028679,52,229.958501
-0.962888,51,229.988169
-0.891406,52,230.021072
-1.105667,51,230.051272
-0.97801,51,230.080371
-1.105746,51,230.110334
-0.938989,51,230.139703
-1.020947,51,230.173558
-0.80365,51,230.202501
-1.053337,51,230.232023
-0.928015,51,230.261846
-0.943607,51,230.291822
-0.790836,51,230.324464
-0.869736,51,230.354628
-0.899521,51,230.383999
-0.83307,52,230.4149
-0.790777,51,230.444436
-0.95114,51,230.476855
-0.889827,51,230.506768
-0.931159,51,230.536015
-1.146582,51,230.566302
-0.971765,51,230.595778
-0.923097,51,230.62821
-1.065513,51,230.658344
-0.877853,52,230.688503
-1.116684,51,230.718481
-1.059146,51,230.747971
-1.091717,51,230.781401
-1.089117,51,230.811115
-1.151348,51,230.840389
-0.961873,51,230.87079
-0.94302,51,230.900023
-1.057568,52,230.933545
-1.010787,51,230.962459
-1.042258,51,230.992358
-0.881816,52,231.021631
-0.871432,51,231.051592
-0.84634,51,231.083589
-1.06634,51,231.113073
-1.039303,51,231.143724
-0.915597,52,231.174309
-0.929816,51,231.204548
-0.928891,51,231.236244
-0.849785,51,231.266234
-1.025032,51,231.295589
-0.997951,51,231.325228
-0.912598,51,231.355654
-0.992697,51,231.385293
-1.030493,51,231.41772
-0.84156,51,231.447915
-0.897105,51,231.477288
-0.908437,51,231.506864
-0.936561,52,231.537177
-0.929304,51,231.568909
-1.15975,51,231.598763
-1.118347,51,231.628363
-0.994697,51,231.657389
-0.998146,51,231.687828
-1.045421,51,231.719943
-0.891199,51,231.749658
-1.025029,51,231.778762
-1.026491,51,231.808719
-0.998696,51,231.838651
-0.907103,51,231.871446
-0.869591,51,231.900934
-0.938784,51,231.931362
-1.060515,51,231.96032
-1.098009,51,231.990384
-0.932143,52,232.023686
-0.984337,51,232.054879
-0.912274,51,232.084938
-1.050622,51,232.114965
-0.828634,52,232.145653
-0.909377,51,232.177762
-0.930217,52,232.207995
-0.907114,51,232.23774
-0.872271,51,232.266588
-0.951852,51,232.297041
-0.95414,51,232.329335
-0.996739,51,232.358965
-0.903983,51,232.388006
-1.026028,51,232.418554
-1.048533,51,232.448662
-1.045091,51,232.47822
-0.985056,52,232.512505
-0.907855,51,232.542918
-0.951817,52,232.572942
-0.866176,51,232.602726
-0.949356,52,232.635292
-0.814932,51,232.665323
-0.953949,52,232.695595
-1.068305,51,232.725781
-1.021412,51,232.755635
-1.010931,51,232.78889
-1.03197,51,232.818003
-1.02319,51,232.848727
-0.83325,51,232.877966
-0.934474,51,232.908019
-1.168954,51,232.940906
-0.915376,51,232.97154
-1.077022,51,233.000996
-1.028078,51,233.031104
-1.086091,51,233.060456
-0.880374,51,233.090417
-1.004453,51,233.124863
-0.887482,51,233.15784
-0.886126,51,233.188184
-1.075245,51,233.217185
-1.069922,51,233.247573
-1.060209,51,233.279373
-0.903974,52,233.310171
-0.977491,51,233.340656
-0.952889,51,233.370305
-1.075419,51,233.399833
-1.101632,51,233.432496
-0.892943,51,233.461825
-1.016246,51,233.492139
-1.002587,51,233.521163
-1.074851,51,233.551758
-1.180966,51,233.584485
-0.949329,51,233.61375
-0.87952,51,233.643982
-0.903042,51,233.672485
-0.895394,51,233.702298
-0.884309,51,233.731919
-0.869476,51,233.764563
-1.030189,51,233.794071
-1.077578,51,233.823913
-0.985176,51,233.853988
-0.954241,52,233.883903
-0.94159,51,233.915907
-0.978219,51,233.945733
-0.994033,51,233.974526
-0.981488,52,234.005009
-1.052035,52,234.038845
-0.956141,51,234.067756
-0.96965,51,234.098158
-0.959568,51,234.127979
-1.203196,51,234.157777
-1.060308,51,234.187526
-1.008126,51,234.219682
-0.943057,51,234.249192
-0.769602,51,234.277985
-1.076585,51,234.307715
-0.936417,51,234.338274
-0.988379,52,234.370582
-1.097157,52,234.400345
-1.053424,51,234.430789
-0.907143,51,234.460712
-0.930504,51,234.490235
-1.01421,52,234.523219
-0.952433,51,234.553206
-1.02184,51,234.582585
-1.020736,51,234.612716
-1.025926,51,234.642754
-0.876941,51,234.67482
-0.887276,51,234.705231
-0.949696,51,234.734719
-0.851145,51,234.765214
-0.850677,51,234.794917
-0.906174,52,234.827957
-0.890295,51,234.857393
-1.063743,51,234.88755
-1.070397,51,234.916719
-0.948952,51,234.946469
-0.94611,51,234.979309
-0.918377,51,235.008834
-0.929368,51,235.038468
-1.085533,51,235.068508
-1.165649,51,235.098302
-0.919328,51,235.130866
-0.94694,51,235.160657
-0.947445,51,235.19005
-0.921395,52,235.220057
-1.016112,52,235.250896
-0.928437,51,235.283232
-0.897282,51,235.312136
-0.930338,51,235.341755
-0.973522,51,235.372143
-0.946428,51,235.401531
-0.820361,51,235.434192
-0.954312,52,235.464002
-0.922936,51,235.494071
-0.841339,51,235.523507
-1.165127,51,235.553793
-0.942247,51,235.586099
-0.887072,51,235.615698
-0.865291,51,235.644765
-1.010615,51,235.674429
-0.923377,51,235.703293
-1.029993,51,235.733114
-0.903786,51,235.765915
-0.893606,51,235.795272
-0.885957,51,235.825544
-0.985335,52,235.855386
-1.066014,51,235.885439
-0.998105,51,235.917811
-0.959187,51,235.946783
-0.911916,51,235.977036
-0.938563,51,236.006625
-1.149599,51,236.036409
-0.988531,51,236.068899
-1.171674,51,236.098899
-0.994448,51,236.12983
-1.08246,51,236.15975
-1.008347,52,236.190318
-1.100527,52,236.22353
-0.976399,51,236.252819
-0.944812,51,236.282954
-1.085234,51,236.31241
-0.974987,51,236.342199
-1.080638,51,236.374882
-1.229563,51,236.403578
