#{"t_start": 1789361508.947318, "env_id": "None"}
r,l,t
-4.932529,52,1.721055
-4.866593,51,1.867742
-4.801545,52,2.017938
-4.75,51,2.172452
-5.140041,51,2.372168
-4.994441,51,2.538908
-4.888861,51,2.718411
-4.992857,51,2.894407
-4.67188,51,3.063597
-5.330103,52,3.256666
-4.801963,51,3.436841
-5.157478,51,3.609225
-4.699843,51,3.781174
-5.181064,51,3.95058
-4.976855,51,4.120301
-4.893821,51,4.314986
-5.056084,51,4.487447
-4.913787,51,4.65725
-5.002445,51,4.826664
-5.04783,51,4.996182
-5.0261,52,5.193478
-4.950024,51,5.374333
-5.133015,52,5.545962
-5.23491,51,5.730864
-5.094449,51,5.892266
-4.876802,51,6.056151
-5.096443,51,6.200756
-5.114534,51,6.343597
-4.700595,51,6.489382
-4.964132,51,6.635553
-5.009067,51,6.796353
-5.022214,51,6.956529
-5.065662,51,7.106171
-4.867067,51,7.252184
-4.93724,51,7.400542
-4.731878,51,7.566658
-5.008352,51,7.714727
-4.934415,51,7.857813
-5.10827,52,8.005042
-5.026059,51,8.149823
-5.109915,51,8.308776
-5.090813,51,8.455244
-4.976221,51,8.599545
-5.111365,51,8.757483
-4.893776,51,8.915749
-4.807087,51,9.073686
-4.88371,51,9.245112
-4.900385,51,9.39575
-5.056212,51,9.543277
-5.016055,52,9.697668
-5.090398,51,9.851404
-5.000087,51,10.029876
-4.912574,51,10.18637
-4.99999,51,10.338821
-5.133866,51,10.486626
-5.23,51,10.636916
-4.750686,51,10.82694
-5.001872,51,10.994496
-4.811642,51,11.177043
-4.96,51,11.349025
-5.033177,51,11.505906
-5.060726,51,11.674428
-5.24814,52,11.826972
-4.923916,51,11.975256
-5.001303,51,12.125559
-4.965118,51,12.272453
-4.777007,51,12.449715
-5.291398,51,12.601869
-4.823067,51,12.763249
-4.954962,51,12.924778
-5.382949,52,13.087067
-5.080076,52,13.275568
-4.833236,51,13.441299
-4.87,52,13.613237
-5.142078,51,13.792447
-5.121439,51,13.970533
-5.406178,51,14.164998
-5.045934,51,14.329594
-5.279119,52,14.499397
-5.140045,51,14.6689
-5.110874,51,14.836617
-4.980037,51,15.022876
-5.073651,52,15.174453
-5.117934,52,15.325749
-5.160236,51,15.485795
-4.880023,51,15.654509
-5.183857,51,15.840944
-4.829822,51,16.002262
-4.510711,51,16.174352
-4.97809,51,16.337525
-4.758273,51,16.505262
-4.840561,51,16.689584
-5.125044,51,16.864004
-5.140235,51,17.025901
-5.132905,51,17.190894
-4.822469,51,17.351225
-4.790065,51,17.525921
-4.63,51,17.710953
-5.008732,52,17.891023
-5.204295,51,18.0798
-4.798557,51,18.236105
-5.012069,51,18.419604
-4.750003,51,18.590556
-5.084597,52,18.752892
-4.9,52,18.913585
-4.96,51,19.08225
-5.043168,51,19.274775
-4.733106,51,19.440162
-5.02234,51,19.596928
-4.915642,52,19.74974
-5.182708,51,19.899997
-4.908115,51,20.062123
-5.281468,51,20.212588
-4.495373,51,20.364695
-5.210084,51,20.537817
-5.17,52,20.716198
-4.870547,51,20.913471
-5.011404,51,21.07437
-4.88717,52,21.233746
-4.845246,51,21.393906
-4.989603,51,21.558895
-4.906843,51,21.744885
-5.137434,51,21.905517
-4.850102,51,22.049849
-4.977263,51,22.200754
-5.153753,51,22.355272
-4.933898,51,22.528648
-4.902195,51,22.682972
-4.984151,51,22.833945
-5.180138,52,22.986573
-5.051653,51,23.136212
-5.046089,52,23.306079
-4.947566,51,23.45698
-4.900006,51,23.606015
-4.945882,51,23.758152
-5.073544,51,23.906743
-4.950767,52,24.100797
-4.81141,52,24.281431
-5.019148,51,24.456234
-5.012632,51,24.628621
-4.897346,51,24.785943
-4.870861,51,24.982871
-4.992536,51,25.159191
-4.940199,51,25.33343
-4.889491,51,25.490989
-5.269667,51,25.638724
-4.763863,51,25.799267
-5.13,52,25.9445
-4.619574,51,26.09206
-5.273285,52,26.267327
-5.1,51,26.441937
-5.12,51,26.643059
-4.896181,51,26.82061
-4.850345,51,26.973935
-4.886819,51,27.137529
-4.800505,51,27.314757
-4.832397,51,27.498311
-4.955998,51,27.655986
-4.901248,51,27.823244
-5.02,51,27.985013
-5.220562,51,28.143865
-5.091123,51,28.300422
-4.896454,51,28.477515
-4.958023,51,28.648654
-4.90093,52,28.819606
-4.954792,51,28.990089
-4.93034,51,29.160262
-4.910964,51,29.338435
-5.02747,51,29.486221
-4.905423,51,29.635909
-5.025558,51,29.793074
-4.956224,51,29.950229
-4.926767,51,30.152674
-5.253327,51,30.340329
-5.199492,51,30.545386
-4.826366,52,30.729369
-4.82,51,30.920247
-4.999412,52,31.099841
-4.910095,51,31.262459
-4.880123,51,31.415148
-5.283761,52,31.570942
-4.833321,51,31.736417
-4.990483,51,31.939045
-4.956944,51,32.111979
-5.115085,52,32.287195
-4.96317,51,32.442448
-5.027857,51,32.643278
-4.902928,51,32.831451
-4.742392,51,32.996347
-5.270651,52,33.175257
-5.025879,51,33.329601
-4.849461,51,33.498889
-5.191285,51,33.688567
-5.050112,51,33.850118
-4.826294,51,34.002574
-4.924404,51,34.163818
-4.821876,51,34.321454
-4.920803,51,34.493307
-5.018312,51,34.645926
-4.971866,51,34.795345
-4.951899,51,34.944022
-4.964802,51,35.098706
-4.753145,51,35.279495
-4.867308,52,35.443355
-5.09299,51,35.606379
-4.959752,52,35.775197
-5.097662,52,35.955937
-5.197027,52,36.15984
-4.98734,51,36.330274
-4.987778,51,36.501727
-4.852008,52,36.673846
-5.031033,52,36.864571
-5.22307,52,37.016465
-4.925512,51,37.157688
-4.701757,51,37.308625
-4.876706,51,37.474274
-5.122545,51,37.674727
-4.936764,51,37.847227
-5.226097,51,38.005008
-4.902046,52,38.168757
-4.981234,51,38.319566
-4.828946,51,38.483177
-4.900567,51,38.634992
-5.143684,51,38.786385
-4.95,52,38.942371
-4.892089,51,39.100483
-4.78263,51,39.289169
-4.900066,51,39.448163
-4.709607,51,39.615776
-4.901525,51,39.777202
-5.069186,51,39.945005
-4.886328,51,40.137309
-5.294658,51,40.304387
-4.977234,51,40.472248
-4.960834,51,40.640025
-5.080421,51,40.80808
-4.790407,51,40.976388
-4.903593,51,41.169276
-5.129819,51,41.337331
-5.069256,51,41.500898
-5.22898,51,41.650767
-4.95,51,41.802923
-4.92347,51,41.977473
-4.865416,51,42.1301
-4.975983,51,42.288373
-4.957122,51,42.450302
-5.130424,51,42.618811
-5.069003,51,42.812021
-5.251325,52,42.982762
-5.002056,51,43.150834
-4.918142,51,43.318763
-5.043118,51,43.486648
-5.157018,51,43.678986
-5.070291,51,43.846956
-5.106927,51,44.014758
-5.130165,51,44.184268
-4.914103,51,44.351836
-4.960095,51,44.519288
-4.992665,51,44.712682
-4.978927,51,44.880786
-5.118208,51,45.034906
-4.86,51,45.181176
-4.628855,51,45.323028
-4.928134,51,45.481946
-5.192687,51,45.629058
-5.071033,51,45.794695
-5.105228,52,45.964643
-5.020703,51,46.13341
-4.701205,51,46.326479
-5.225743,51,46.495185
-5.173282,51,46.663561
-5.057436,51,46.833285
-4.882453,51,47.001178
-4.820128,51,47.191661
-4.96378,52,47.347058
-5.194326,52,47.499028
-4.963224,51,47.6464
-4.848626,51,47.789148
-4.941883,51,47.956862
-5.10398,52,48.114598
-4.807887,51,48.275337
-5.05,51,48.443642
-5.05,51,48.611582
-4.957845,52,48.80685
-4.912496,51,48.973259
-5.109927,51,49.141858
-4.96,52,49.315398
-4.833782,51,49.483881
-4.919705,51,49.652064
-5.288351,52,49.796726
-4.972389,51,49.937429
-4.954453,51,50.094372
-4.87075,51,50.262198
-4.935568,51,50.454655
-4.964148,51,50.62255
-4.86,51,50.790889
-5.006117,51,50.959065
-4.936779,51,51.127666
-4.92,51,51.320302
-5.013835,51,51.488313
-4.900811,52,51.66184
-4.920173,51,51.822278
-4.950078,51,51.994518
-5.114494,51,52.183928
-4.882631,51,52.343466
-5.048013,51,52.496736
-5.276584,51,52.640609
-4.765415,51,52.786392
-4.960247,51,52.945111
-5.011404,51,53.098862
-4.827671,52,53.264224
-5.01,52,53.426562
-4.988818,51,53.589735
-4.848244,51,53.783714
-5.090332,51,53.952799
-4.800796,51,54.102763
-4.759642,52,54.260644
-4.667682,51,54.418927
-5.077881,51,54.614914
-5.000757,51,54.7805
-4.8,51,54.926457
-5.095247,51,55.079174
-4.924193,51,55.240508
-5.020222,51,55.421795
-4.956084,51,55.581927
-4.80692,51,55.741752
-5.17143,51,55.904071
-5.096139,51,56.065393
-5.094949,51,56.226873
-4.850167,51,56.407477
-4.822151,51,56.56968
-5.062416,52,56.731354
-5.190749,51,56.894684
-4.918577,51,57.06477
-4.868166,51,57.240567
-4.865167,51,57.394161
-5.012477,51,57.551328
-5.250076,52,57.707338
-4.802283,51,57.851925
-5.057078,52,58.01805
-5.056726,51,58.165332
-4.958403,51,58.325224
-4.960975,51,58.492084
-5.244169,51,58.652785
-4.811206,51,58.831999
-4.890009,51,58.994951
-4.695448,51,59.155302
-4.999321,52,59.317663
-5.108407,52,59.504406
-4.870416,51,59.662488
-5.047373,52,59.814064
-5.244853,51,59.961713
-5.263684,52,60.121476
-4.850019,51,60.290575
-5.123739,51,60.437612
-4.820437,51,60.58632
-4.934111,51,60.730668
-5.259546,51,60.876318
-5.06,51,61.045399
-4.87015,51,61.210003
-4.960946,51,61.378655
-4.563986,51,61.547415
-4.786371,51,61.716423
-5.156128,51,61.885552
-5.001027,52,62.073303
-4.741334,51,62.22244
-5.276333,52,62.375439
-4.96671,51,62.534432
-5.091032,51,62.726167
-4.885387,51,62.89569
-4.853878,51,63.056392
-5.03,51,63.204965
-4.87951,51,63.36166
-4.858176,51,63.514623
-4.732502,51,63.699277
-5.114652,52,63.868113
-4.863373,51,64.026917
-5.120065,51,64.183368
-5.170161,51,64.342517
-5.261352,52,64.527794
-4.793757,51,64.687591
-4.838376,51,64.849532
-5.032425,51,65.010191
-4.910867,51,65.171451
-4.786507,51,65.353398
-4.803191,51,65.509352
-4.983146,51,65.681494
-4.881196,52,65.843797
-4.9,51,66.004871
-4.940871,51,66.181856
-5.2,52,66.344661
-4.747615,52,66.514379
-4.897351,51,66.674771
-4.998989,51,66.852338
-4.935781,51,67.017383
-5.132287,51,67.186034
-5.052392,51,67.355117
-4.820466,51,67.518238
-4.93546,52,67.700563
-5.090179,52,67.869558
-5.077436,52,68.040843
-4.888156,51,68.209178
-5.011068,52,68.370454
-5.110989,51,68.547591
-5.052919,51,68.697468
-4.87,51,68.858459
-4.84921,51,69.026953
-5.041059,51,69.194658
-4.972149,51,69.38771
-4.900566,51,69.556016
-5.025958,52,69.725336
-5.14297,51,69.893136
-4.930249,51,70.061041
-4.833677,51,70.253602
-5.184658,51,70.411649
-4.62418,51,70.568872
-5.177944,51,70.729289
-5.056185,51,70.876294
-4.862676,51,71.033034
-5.061532,51,71.191297
-5.127379,51,71.333674
-5.150675,51,71.479793
-4.997746,52,71.632043
-5.057051,51,71.790033
-5.120587,52,71.939315
-4.785642,51,72.098862
-4.816098,51,72.26903
-4.864524,51,72.43795
-5.15315,51,72.631019
-4.893752,51,72.798857
-5.190788,52,72.96913
-5.21008,52,73.130735
-4.91236,51,73.273696
-4.835582,52,73.436212
-4.81107,51,73.589112
-5.188219,51,73.75863
-5.03,51,73.927981
-4.990064,51,74.096535
-5.19,51,74.289149
-5.13,51,74.457306
-5.001532,51,74.62589
-4.870847,51,74.793297
-4.78,52,74.961642
-4.940108,51,75.140306
-5.020586,51,75.285853
-5.024144,51,75.424621
-4.944283,51,75.567523
-5.04447,51,75.724287
-4.963165,52,75.918913
-4.951723,51,76.087158
-4.870632,52,76.257408
-4.586446,51,76.42589
-5.130758,51,76.591203
-5.018072,51,76.777184
-4.810156,51,76.937038
-5.166799,52,77.098672
-4.972063,51,77.268208
-4.880872,51,77.439395
-5.027669,51,77.632425
-5.132779,51,77.800237
-4.611731,51,77.987805
-5.2929,51,78.142276
-5.000435,51,78.290314
-4.970896,51,78.451018
-4.896173,51,78.598714
-4.969286,51,78.75042
-4.681566,51,78.897619
-4.940525,51,79.053063
-5.027817,52,79.234265
-5.002736,51,79.393037
-5.266149,51,79.555078
-5.080082,51,79.705142
-5.03915,51,79.847778
-4.970628,51,79.994725
-5.027569,51,80.154858
-4.89,51,80.297913
-5.062239,51,80.440352
-5.095806,51,80.585778
-4.852167,51,80.727692
-5.062203,51,80.892841
-4.786958,51,81.036627
-4.944841,51,81.184893
-4.850398,51,81.330013
-4.836303,51,81.474464
-4.763129,51,81.635067
-5.104455,51,81.779988
-4.800291,51,81.927737
-4.723202,51,82.07009
-4.914936,51,82.216066
-5.049992,51,82.364154
-4.99878,51,82.52713
-4.990023,51,82.674469
-4.903183,51,82.821628
-4.913735,51,82.966972
-4.969242,51,83.11231
-4.759848,51,83.274601
-4.686707,51,83.419419
-4.82,51,83.574494
-4.82,52,83.737281
-5.162452,51,83.905824
-4.861121,51,84.098154
-4.928884,51,84.266217
-5.044797,51,84.433083
-4.821242,51,84.590709
-4.943151,51,84.750574
-4.859851,51,84.937453
-5.070353,51,85.105914
-4.910062,51,85.264166
-4.872294,52,85.425931
-5.014261,52,85.592275
-4.745312,51,85.785396
-5.170939,52,85.956038
-4.954876,51,86.124135
-5.076479,51,86.293578
-4.86841,51,86.462214
-4.780887,51,86.655232
-4.948023,51,86.823537
-4.604142,51,86.993046
-5.060599,51,87.161941
-5.047814,51,87.333529
-5.050961,51,87.527056
-4.78,51,87.6933
-5.068892,51,87.84897
-5.081057,51,87.998417
-5.167289,51,88.157733
-4.945315,52,88.350445
-4.830976,51,88.518675
-4.830372,51,88.687015
-5.080037,51,88.845961
-5.062605,51,88.989578
-5.183638,52,89.16145
-4.860972,51,89.319221
-4.791983,51,89.47786
-5.014164,51,89.6463
-5.184508,52,89.816055
-4.942884,51,90.008643
-4.964362,51,90.176716
-5.185439,51,90.345044
-4.958707,51,90.512526
-4.973748,51,90.679319
-4.770792,51,90.846737
-5.132448,51,91.03807
-4.53571,51,91.205188
-4.960208,52,91.373976
-5.091244,51,91.541335
-4.422202,51,91.709338
-4.980003,51,91.900242
-4.860997,51,92.067823
-5.04,51,92.235565
-4.95,51,92.403034
-4.87,51,92.584922
-4.872256,51,92.797747
-4.781461,51,92.9762
-4.755918,51,93.125773
-4.828859,51,93.271326
-4.99714,52,93.420539
-4.98,51,93.596338
-5.120036,51,93.760582
-4.525017,51,93.929758
-5.030534,51,94.098342
-4.968209,51,94.266546
-4.94,51,94.459108
-5.22001,52,94.627537
-4.938908,51,94.794257
-4.936104,51,94.955911
-4.933779,51,95.105706
-4.876,52,95.267818
-4.735947,51,95.416012
-4.855623,51,95.583273
-4.952989,51,95.740599
-5.046169,51,95.901877
-4.94,51,96.096458
-5.075073,51,96.268681
-4.741019,51,96.435162
-4.780062,51,96.591365
-4.845476,51,96.73829
-5.215398,51,96.893811
-5.200824,51,97.069322
-4.867835,51,97.218804
-5.160544,51,97.363438
-5.070903,51,97.506575
-4.767355,51,97.662657
-5.230811,52,97.858809
-4.733527,51,98.029986
-5.220693,51,98.204589
-4.95,51,98.366276
-5.096191,51,98.524729
-4.958956,51,98.708382
-4.843547,51,98.877859
-4.982509,51,99.046877
-5.069059,51,99.215346
-4.985099,52,99.385771
-5.094436,51,99.578414
-5.152234,51,99.746844
-5.070044,52,99.916973
-4.965601,51,100.085646
-4.847691,51,100.252588
-4.922242,51,100.445291
-4.950354,51,100.612121
-4.9,51,100.782157
-4.692205,51,100.945651
-5.334199,51,101.101507
-5.025136,51,101.272782
-4.83,51,101.430103
-5.112363,51,101.573319
-5.139127,51,101.721468
-4.910258,51,101.864694
-4.867699,51,102.007382
-4.777984,51,102.16532
-5.039763,51,102.307978
-5.052419,51,102.453773
-4.955579,51,102.597916
-5.137564,51,102.740594
-4.842483,51,102.90193
-4.960458,51,103.045504
-4.951662,51,103.191054
-5.022496,52,103.340885
-5.051239,52,103.491665
-5.131908,52,103.660934
-4.981264,51,103.81223
-5.24013,51,103.959795
-5.067382,51,104.115485
-4.815165,51,104.267521
-5.017702,51,104.439728
-4.817724,51,104.599634
-4.972922,51,104.766964
-4.750094,51,104.927
-4.751697,51,105.086338
-5.036407,51,105.272126
-4.96,51,105.430551
-5.161979,51,105.579367
-4.780236,51,105.728634
-5.206319,51,105.880447
-4.933498,51,106.069346
-5.184408,51,106.238325
-4.768823,51,106.406233
-4.812186,51,106.574748
-4.932672,51,106.74327
-4.98193,51,106.902527
-4.99,51,107.064406
-5.055777,51,107.223574
-4.874796,51,107.38613
-4.741273,51,107.554586
-4.98205,52,107.725644
-4.867389,51,107.918837
-4.960028,51,108.085223
-5.032162,51,108.253584
-4.848407,51,108.419274
-4.937984,51,108.56628
-4.8975,51,108.721471
-5.013629,51,108.867485
-4.97179,51,109.01491
-5.100563,51,109.160621
-4.969997,51,109.30833
-4.924963,51,109.47138
-5.061163,51,109.621381
-4.926258,51,109.769616
-4.852242,51,109.914004
-5.144169,51,110.058972
-5.040833,52,110.217996
-5.090012,51,110.360774
-4.94321,51,110.504097
-4.859085,51,110.645301
-4.880981,51,110.787559
-5.03001,51,110.935349
-5.042977,51,111.1007
-4.696487,51,111.246948
-4.955698,51,111.391665
-5.336393,51,111.537038
-5.054386,51,111.685171
-4.883288,51,111.847908
-5.200019,51,111.990339
-5.026384,51,112.132507
-4.96,51,112.275249
-5.07677,51,112.416965
-4.698087,51,112.57847
-5.18,51,112.719417
-5.276334,51,112.86239
-5.081071,51,113.009223
-4.837144,51,113.152786
-4.916386,51,113.296974
-4.97,51,113.461257
-5.236283,51,113.610604
-4.983303,51,113.760463
-4.921394,51,113.919711
-4.866257,51,114.084693
-4.792226,51,114.27747
-4.968557,51,114.447199
-4.943249,51,114.616744
-4.804372,51,114.784924
-4.93,51,114.953141
-5.13,52,115.147108
-4.933644,51,115.315362
-4.90375,51,115.482416
-5.063534,51,115.649294
-5.198628,51,115.817291
-4.987889,51,116.008383
-5.134334,52,116.177632
-5.2,52,116.346645
-5.21016,51,116.514814
-4.891358,51,116.677002
-5.042578,51,116.868125
-5.138984,51,117.03433
-5.150885,51,117.203833
-4.855971,51,117.371141
-4.91299,51,117.538525
-5.010768,51,117.716931
-5.182057,52,117.863374
-5.100994,51,118.006166
-5.182437,52,118.152946
-5.060667,51,118.321444
-5.097576,51,118.515001
-4.956486,51,118.683347
-4.82313,51,118.850542
-5.023773,51,119.021461
-4.913324,51,119.192228
-4.821016,51,119.383764
-4.857242,51,119.552636
-4.948081,51,119.721336
-4.98907,51,119.888225
-5.19,51,120.054575
-4.88997,51,120.224662
-5.051366,52,120.419474
-5.173165,51,120.586283
-5.100156,51,120.740929
-5.03,51,120.884676
-5.263012,51,121.022165
-5.106042,52,121.189792
-5.182175,51,121.332962
-4.709446,51,121.470514
-4.963155,51,121.620423
-4.970284,51,121.776219
-5.35544,51,121.930341
-5.019115,52,122.077178
-4.946018,51,122.227411
-4.840715,51,122.373133
-4.989682,51,122.515361
-5.136277,51,122.690361
-5.009348,52,122.864513
-5.181243,52,123.035598
-4.877436,51,123.195934
-4.981539,51,123.362692
-4.870908,52,123.521572
-4.930841,51,123.674973
-4.822029,51,123.827608
-5.140372,52,123.97668
-4.912108,51,124.154847
-4.893081,51,124.302421
-4.86271,51,124.449348
-5.071601,51,124.602266
-5.223115,52,124.759896
-5.125121,51,124.950652
-5.180852,51,125.119652
-5.079765,52,125.290215
-5.079823,51,125.444642
-4.876316,51,125.588641
-5.134112,51,125.748822
-4.987211,51,125.909985
-5.004993,51,126.079558
-4.870778,51,126.248072
-4.901201,51,126.416194
-5.31952,51,126.608356
-4.961031,51,126.774596
-4.535691,51,126.940519
-5.105697,51,127.106676
-4.944481,51,127.274116
-4.941454,52,127.467364
-4.88329,52,127.636037
-5.073256,52,127.805199
-4.769164,51,127.971059
-4.919153,51,128.136918
-4.96046,51,128.327666
-4.966704,52,128.495836
-5.116473,51,128.661907
-4.934032,51,128.828339
-4.773503,51,128.985733
-4.740341,51,129.141999
-5.074606,51,129.282864
-4.900294,51,129.426534
-4.792739,51,129.573741
-4.873405,51,129.720742
-5.032696,52,129.892385
-4.93,51,130.046203
-4.999118,51,130.189954
-5.065657,51,130.345253
-4.981334,51,130.502924
-4.945212,51,130.691732
-5.138934,51,130.859931
-5.110469,51,131.027577
-5.367923,52,131.183659
-4.996978,51,131.342125
-4.798889,51,131.521319
-5.20736,51,131.688462
-5.028081,52,131.860223
-4.8995,51,132.028813
-4.767045,51,132.197442
-5.05109,51,132.390652
-4.815657,51,132.556992
-5.320066,52,132.725732
-4.853509,51,132.892272
-5.05621,51,133.05951
-4.878824,51,133.250162
-5.090769,52,133.418603
-4.964906,51,133.585437
-5.038707,51,133.751602
-5.052044,51,133.917654
-4.980111,51,134.104451
-4.825885,51,134.260524
-5.170993,51,134.414869
-5.030516,51,134.568673
-4.951177,52,134.738062
-4.91,51,134.930299
-4.966705,51,135.090344
-4.941541,51,135.246824
-5.021226,51,135.408233
-5.150218,51,135.577616
-4.831119,51,135.745842
-4.795014,51,135.938142
-4.879797,51,136.098916
-4.860434,51,136.274413
-4.861378,51,136.450563
-4.887534,51,136.616399
-4.794693,51,136.790387
-5.021095,51,136.942345
-4.659009,51,137.092465
-4.911545,51,137.24678
-4.74512,52,137.402744
-5.070208,51,137.57162
-4.938993,51,137.74803
-5.097937,52,137.926746
-4.927744,51,138.117035
-5.030823,51,138.294253
-4.908656,52,138.485766
-5.174687,51,138.646123
-4.944442,51,138.809759
-4.897282,51,138.974899
-5.054822,51,139.13412
-4.96112,51,139.305984
-4.98,51,139.46037
-4.652044,51,139.618365
-4.920175,51,139.769375
-4.791393,51,139.926131
-4.890715,51,140.103927
-4.969011,51,140.258795
-5.27,52,140.417198
-4.932335,51,140.585746
-5.242829,51,140.754093
-5.063915,51,140.946362
-4.798196,51,141.114343
-4.962582,51,141.280685
-5.21,52,141.449213
-4.985854,52,141.618262
-4.96,51,141.810171
-4.744506,51,141.976069
-5.23,52,142.14432
-5.314517,51,142.31235
-4.805097,51,142.479711
-5.014646,52,142.672818
-4.7,51,142.839708
-4.883866,52,143.008345
-5.026907,51,143.174962
-4.939094,51,143.341336
-4.819062,51,143.53151
-4.906257,51,143.698647
-5.154635,51,143.8651
-4.890256,51,144.033525
-4.894753,51,144.200367
-5.117397,51,144.391109
-4.971545,51,144.557
-4.798907,51,144.72319
-4.75,51,144.889568
-4.896882,51,145.055789
-5.317127,52,145.248187
-5.350677,51,145.413607
-4.605816,51,145.579998
-5.064543,52,145.747908
-4.88,51,145.913569
-4.706384,51,146.104744
-5.025929,51,146.268073
-4.943519,51,146.424427
-5.147878,51,146.57969
-5.025749,51,146.744359
-5.172327,52,146.937956
-4.998139,52,147.106644
-4.94,51,147.274379
-5.130088,51,147.440826
-4.75,52,147.608717
-4.910206,51,147.798818
-4.98163,51,147.964999
-4.958978,51,148.130935
-5.04,51,148.29665
-4.810618,52,148.46409
-4.927469,52,148.655967
-5.15289,52,148.823623
-5.003862,51,148.989548
-4.972766,52,149.149387
-4.796527,51,149.309945
-5.04,51,149.454813
-5.095263,51,149.600454
-4.986604,51,149.755645
-4.99235,52,149.912523
-4.814509,52,150.081506
-5.159075,52,150.240846
-5.197398,52,150.409233
-5.201666,52,150.572651
-4.955103,51,150.729941
-4.744558,51,150.870843
-4.972469,51,151.023766
-4.713739,51,151.17029
-5.199209,52,151.313183
-5.091101,51,151.469166
-4.835979,51,151.629779
-4.944109,51,151.798992
-5.004083,51,151.967554
-4.977848,51,152.130005
-4.85,51,152.299307
-4.800331,51,152.453261
-5.227704,51,152.612298
-5.238418,52,152.781444
-5.131745,52,152.951314
-5.018645,52,153.144592
-5.082994,51,153.310245
-4.971091,51,153.476014
-4.851098,51,153.642422
-5.179839,51,153.808815
-4.750244,52,154.001358
-4.780742,51,154.167261
-4.968931,51,154.333194
-4.91,51,154.499631
-4.679946,51,154.659926
-4.770829,51,154.836451
-5.147754,51,154.995443
-4.656038,51,155.160514
-4.810867,51,155.328006
-4.83518,52,155.495767
-5.053749,51,155.686822
-4.996422,51,155.853025
-4.999559,51,156.018979
-4.952444,51,156.185314
-5.034756,51,156.353053
-5.038404,51,156.544454
-4.842464,51,156.710797
-5.11166,52,156.878716
-5.2307,51,157.044054
-5.194142,52,157.210497
-4.991946,51,157.371885
-4.670027,51,157.510483
-4.872883,51,157.653392
-5.09181,51,157.801391
-4.790352,52,157.953135
-4.900232,51,158.143885
-5.089699,51,158.311942
-4.731961,52,158.480745
-5.090465,51,158.645703
-5.124121,51,158.805426
-5.023978,51,158.981878
-5.060202,52,159.143915
-4.981306,51,159.296248
-4.84201,51,159.454045
-4.993135,51,159.60962
-4.892445,51,159.782288
-5.156472,51,159.939339
-5.039647,51,160.107893
-4.890388,51,160.278048
-4.893788,52,160.444229
-5.188326,51,160.6216
-4.752989,51,160.772836
-5.002542,52,160.928557
-5.118542,51,161.082648
-5.060592,51,161.231968
-4.765489,51,161.398723
-4.947319,51,161.564301
-4.685971,51,161.733259
-4.952743,51,161.903381
-5.026411,52,162.07433
-4.879438,51,162.268091
-4.763627,51,162.437316
-4.955259,51,162.604145
-4.940709,51,162.771136
-4.83,51,162.938457
-4.91,52,163.136749
-4.793621,52,163.300302
-4.858676,52,163.460385
-4.814414,51,163.619612
-4.950261,51,163.771159
-4.885837,51,163.938936
-4.831756,51,164.082365
-4.996684,51,164.225826
-5.244949,52,164.386026
-4.986284,51,164.543425
-4.925073,51,164.727943
-4.992417,51,164.895585
-4.98937,51,165.053602
-4.841264,52,165.212556
-5.180915,51,165.356409
-5.004162,51,165.516231
-4.861283,51,165.667484
-4.971868,51,165.811454
-5.12034,51,165.955882
-4.892454,51,166.100492
-4.960419,51,166.268219
-5.150264,52,166.418317
-5.013422,51,166.56571
-4.879056,51,166.70314
-4.883667,51,166.849438
-5.07,51,167.012783
-4.91195,51,167.156929
-5.211799,51,167.301136
-4.974198,51,167.448961
-5.021049,51,167.592677
-4.910055,51,167.751937
-5.140254,51,167.892858
-4.860142,51,168.033999
-5.240416,51,168.179247
-5.107223,51,168.324575
-4.930004,51,168.469855
-5.017447,51,168.631139
-5.022954,51,168.775133
-4.575568,51,168.919387
-5.092095,51,169.062986
-5.042797,51,169.206436
-5.002214,51,169.372977
-5.18234,51,169.518642
-4.943611,51,169.665519
-4.777984,51,169.81562
-4.850629,51,169.966123
-5.213777,51,170.130343
-4.872107,52,170.282641
-4.878691,51,170.422019
-4.738282,51,170.565243
-5.049666,51,170.721473
-5.18,51,170.904431
-5.071962,51,171.05994
-5.050795,51,171.222385
-5.162919,51,171.390328
-5.01,51,171.558817
-4.93958,51,171.727113
-5.16597,51,171.916934
-4.750405,51,172.082991
-5.347389,51,172.235261
-4.580528,51,172.392947
-4.991331,51,172.55073
-5.186086,52,172.742342
-4.764427,51,172.900393
-4.633857,51,173.056947
-5.174105,51,173.217954
-4.990441,51,173.378417
-5.047238,51,173.555779
-4.889188,51,173.723592
-5.248561,52,173.883908
-4.748154,51,174.041328
-5.008314,52,174.20352
-4.732343,52,174.384892
-5.14,51,174.540422
-5.156569,51,174.698446
-5.050741,52,174.868376
-5.148846,51,175.060974
-4.832297,51,175.217476
-4.98,51,175.357379
-4.86,51,175.503533
-4.993902,51,175.65045
-4.91,51,175.801111
-4.970757,51,175.964321
-5.104648,51,176.116474
-5.005862,51,176.262456
-4.830026,51,176.406986
-5.300335,52,176.562532
-4.911309,51,176.751877
-4.84622,51,176.919968
-4.737104,51,177.087854
-5.010415,51,177.247287
-4.95,51,177.406068
-4.980263,51,177.583353
-4.811165,51,177.736809
-5.110071,51,177.884637
-4.965188,51,178.025072
-5.069963,51,178.16261
-5.22,52,178.333382
-4.751103,51,178.501329
-4.993569,51,178.660378
-4.683605,51,178.818164
-5.137203,52,178.973602
-4.933966,51,179.156699
-4.835894,51,179.313311
-4.685298,51,179.475223
-4.806069,51,179.64304
-5.114014,51,179.80234
-4.981417,51,179.979486
-4.837161,51,180.143916
-5.126383,51,180.31065
-4.763728,51,180.468908
-5.21458,52,180.62783
-5.124558,51,180.816272
-4.740844,51,180.970419
-5.295991,51,181.128378
-4.852012,51,181.27983
-5.160006,51,181.428644
-4.861398,51,181.585772
-4.870001,51,181.77395
-5.031799,51,181.940187
-4.936472,51,182.119886
-5.130631,51,182.278917
-4.871556,51,182.430507
-4.851008,51,182.598729
-4.849606,51,182.751143
-4.834266,51,182.908047
-5.056316,51,183.078306
-4.990682,51,183.247224
-5.031729,51,183.440993
-4.826833,51,183.609258
-4.891958,51,183.778121
-4.933619,51,183.945751
-5.059256,52,184.12026
-5.320052,52,184.317963
-5.119169,51,184.486658
-5.14,51,184.656083
-5.011658,52,184.806053
-5.141874,51,184.955386
-5.068523,52,185.122418
-5.052759,52,185.267872
-4.869879,51,185.415239
-4.99,51,185.561846
-5.172187,51,185.720257
-4.864623,51,185.88548
-5.005009,51,186.029349
-4.933687,51,186.1727
-5.13,51,186.316462
-4.728073,51,186.465181
-4.738589,51,186.633534
-4.830009,51,186.792924
-4.741162,51,186.963514
-5.086494,51,187.137763
-4.987961,51,187.300783
-4.972743,51,187.484871
-5.222912,51,187.649076
-5.33,52,187.81687
-4.84,51,187.976236
-4.724734,51,188.135144
-5.042853,51,188.320054
-4.949781,51,188.485394
-4.937089,51,188.641834
-4.840117,51,188.800247
-5.059634,51,188.967359
-4.768018,51,189.135203
-4.645711,52,189.337359
-4.817939,51,189.50266
-5.064661,51,189.66251
-5.043852,51,189.821191
-4.826832,51,189.986431
-5.00654,51,190.181466
-5.102662,52,190.341427
-5.20339,51,190.492728
-4.873,51,190.639115
-5.052986,51,190.787283
-4.852137,52,190.95686
-5.080005,51,191.121979
-5.050253,51,191.290092
-5.049237,51,191.458436
-5.123791,51,191.625945
-4.867372,51,191.817711
-4.880148,51,191.984608
-4.971185,51,192.150806
-4.911053,51,192.318287
-4.955562,51,192.484541
-5.057964,51,192.675435
-5.022423,51,192.842042
-4.899647,51,193.000797
-5.008208,51,193.157762
-4.837116,51,193.307134
-5.067412,51,193.479057
-5.011923,51,193.646769
-4.97,51,193.81495
-4.930783,51,193.974658
-4.810074,51,194.131353
-4.724607,51,194.279736
-5.024415,52,194.465918
-4.626702,51,194.63465
-4.885104,51,194.801574
-5.101575,51,194.959923
-5.035161,51,195.117857
-5.258022,51,195.290785
-4.935152,51,195.438709
-5.04121,51,195.603908
-5.002513,51,195.762045
-4.628859,51,195.917996
-4.670042,51,196.10474
-5.11312,51,196.25692
-5.04339,51,196.408484
-5.058195,51,196.565806
-4.923759,51,196.723228
-5.183518,51,196.913178
-4.858738,51,197.081489
-4.939418,52,197.240775
-4.96875,51,197.403568
-4.93,52,197.551576
-4.889286,51,197.722159
-5.10038,51,197.87914
-5.101246,51,198.039009
-5.004642,51,198.20153
-4.664317,51,198.391297
-5.12378,51,198.565116
-4.941869,51,198.70936
-4.926093,51,198.848522
-4.941471,51,199.008201
-4.75,51,199.176214
-4.99,51,199.343997
-4.733596,51,199.533814
-5.14,52,199.702554
-4.905191,51,199.869092
-5.048758,51,200.037152
-4.871272,51,200.215361
-4.770796,51,200.409987
-4.973175,51,200.564831
-5.143005,51,200.704079
-5.156823,51,200.842385
-4.778446,51,200.998981
-4.941014,51,201.19127
-4.935077,51,201.357559
-5.089929,52,201.52537
-5.091653,51,201.691951
-4.873094,52,201.850574
-4.871768,51,202.008019
-4.974999,51,202.149821
-4.838862,51,202.289223
-4.662142,51,202.447769
-4.954651,51,202.615028
-5.189401,52,202.802661
-5.047289,51,202.948452
-5.100347,51,203.083441
-4.96,51,203.227933
-4.793538,51,203.395755
-5.173115,51,203.585284
-5.009274,52,203.75338
-4.85,51,203.919369
-5.034741,51,204.085517
-4.801679,51,204.252002
-4.703449,51,204.441143
-5.071541,52,204.608428
-4.769815,51,204.774598
-5.19322,51,204.942233
-4.851653,51,205.09554
-5.071496,51,205.248237
-4.998814,51,205.389185
-4.942212,51,205.547188
-5.182784,51,205.714232
-4.837579,51,205.87991
-5.150303,51,206.069594
-4.923769,51,206.235747
-5.068491,51,206.400939
-4.88,52,206.560962
-4.981495,51,206.704542
-4.98726,51,206.859296
-5.069321,52,207.013083
-4.985065,51,207.159682
-4.607653,51,207.29876
-4.994283,52,207.441253
-5.052547,52,207.605086
-5.025759,51,207.77432
-5.031101,51,207.942717
-4.876783,51,208.108495
-5.214506,52,208.276165
-5.003994,51,208.466415
-4.848918,51,208.632048
-5.03178,51,208.797786
-4.735804,51,208.949397
-5.186504,51,209.08812
-5.15,51,209.248854
-4.981577,51,209.407848
-5.05,51,209.573472
-4.955941,51,209.739
-5.049847,51,209.906266
-4.999044,51,210.096348
-4.912709,51,210.260867
-5.030482,51,210.426519
-5.16101,52,210.593736
-4.734854,51,210.768483
-5.0781,51,210.970492
-4.867204,51,211.140276
-4.911488,51,211.311452
-4.860315,51,211.520309
-4.749991,51,211.690291
-4.584329,51,211.859328
-5.114526,51,212.050832
-5.099713,51,212.215934
-4.828363,51,212.383201
-5.082563,51,212.549923
-4.893237,51,212.716556
-5.244953,51,212.908812
-4.798919,51,213.074141
-5.041139,52,213.241633
-5.125529,51,213.406878
-5.114556,51,213.566813
-4.886997,51,213.743922
-5.155396,51,213.900253
-4.807402,51,214.066525
-5.090429,51,214.232563
-4.359551,51,214.397901
-4.741285,51,214.588022
-4.800767,51,214.753728
-4.71,51,214.919207
-5.180279,51,215.084985
-4.97,51,215.250657
-5.158954,51,215.416125
-4.626695,51,215.60616
-5.27,52,215.774408
-5.191739,51,215.940004
-4.96,51,216.105878
-4.967927,51,216.270961
-5.066933,51,216.460549
-5.059986,51,216.625966
-4.637229,51,216.791471
-4.840711,52,216.950085
-4.966327,52,217.112875
-5.030579,51,217.254478
-5.111557,51,217.397865
-5.052367,51,217.538705
-5.429852,52,217.696662
-4.733481,51,217.88977
-4.907064,51,218.055783
-4.98,51,218.22053
-4.92644,52,218.388614
-4.760798,51,218.555812
-4.934599,51,218.745552
-4.933896,51,218.91179
-4.85,51,219.077074
-5.245666,51,219.242189
-4.972009,51,219.402345
-4.910003,51,219.567784
-5.196964,52,219.759368
-5.042528,51,219.925283
-4.90945,51,220.091
-5.060224,51,220.248228
-5.152642,52,220.412878
-5.174514,51,220.552605
-4.962092,51,220.693312
-5.05162,51,220.858064
-4.986862,51,221.024661
-4.977499,51,221.18985
-5.308433,51,221.379524
-4.840035,51,221.544637
-5.454433,52,221.71247
-4.720631,51,221.879917
-4.879203,51,222.04489
-4.880288,51,222.234651
-5.100387,51,222.401117
-5.06,51,222.5677
-5.230692,51,222.733586
-4.739601,51,222.899026
-4.867702,51,223.088868
-4.85028,51,223.254739
-4.903459,51,223.419518
-5.153798,51,223.585061
-5.024029,51,223.742181
-5.105333,52,223.903245
-4.95,52,224.045457
-4.781261,51,224.187993
-5.106417,51,224.331783
-4.663452,51,224.494281
-5.216428,51,224.678855
-5.039249,51,224.827597
-4.773313,51,224.984225
-4.889311,52,225.135234
-4.777872,51,225.284678
-5.129562,51,225.463602
-4.972328,51,225.617637
-4.986568,51,225.765311
-5.119239,52,225.917078
-5.03,51,226.068138
-4.65,51,226.240986
-5.20666,52,226.385937
-4.8591,51,226.54366
-4.888921,52,226.693091
-4.921543,51,226.834624
-4.97,51,227.017806
-4.827197,51,227.186701
-4.911856,51,227.35844
-4.916336,51,227.525069
-5.083954,51,227.691594
-4.975833,51,227.882649
-4.7958,51,228.045165
-5.154191,51,228.191342
-5.181144,51,228.336496
-5.000857,51,228.493193
-4.750911,51,228.680813
-4.927758,51,228.849639
-4.947602,52,229.026367
-5.256489,52,229.201992
-4.972771,51,229.373867
-4.783513,51,229.571459
-4.885189,51,229.746504
-5.05,52,229.922498
-4.982184,51,230.075889
-4.705731,51,230.228968
-4.948397,51,230.385555
-5.033511,51,230.527269
-4.76902,51,230.686005
-4.841266,51,230.853739
-4.996491,51,231.020582
-4.840216,51,231.208688
-4.836242,51,231.363441
-4.952096,51,231.507232
-4.949301,51,231.657547
-4.720962,51,231.809201
-5.150467,51,231.976192
-5.330176,52,232.171667
-4.922134,51,232.34024
-4.880869,52,232.508026
-4.81,51,232.672885
-4.97781,51,232.862285
-5.071351,51,233.028179
-5.167229,52,233.196267
-4.954272,51,233.361728
-5.055554,51,233.5271
-4.974224,51,233.717084
-5.015832,51,233.883435
-5.166524,52,234.050965
-4.807073,51,234.212034
-4.784491,51,234.367987
-4.93,51,234.536715
-4.737285,51,234.680442
-5.0381,51,234.824746
-5.161469,51,234.967735
-4.961958,51,235.113225
-5.240381,51,235.254097
-5.291754,51,235.412383
-5.071848,51,235.556627
-5.230692,51,235.698354
-4.727938,51,235.842847
-4.901735,51,235.985194
-4.830983,51,236.144803
-4.988515,51,236.291468
-4.97753,51,236.436949
-5.136889,51,236.596093
-5.002091,52,236.746791
-4.917342,51,236.935874
-4.921676,51,237.104302
-4.909984,51,237.271541
-4.982445,51,237.438423
-5.223166,51,237.598814
-5.025617,51,237.773445
-4.94,51,237.934467
-4.80256,51,238.102856
-5.198797,52,238.270617
-4.77722,51,238.418359
-5.07826,51,238.570487
-4.972373,51,238.713795
-5.147475,52,238.875094
-4.79198,51,239.042689
-5.102908,51,239.208458
-4.91,51,239.398506
-5.320968,52,239.565748
-5.043341,51,239.731756
-5.049904,52,239.900126
-4.969979,51,240.065667
-4.934987,51,240.255111
-4.976672,52,240.422481
-4.783044,51,240.587601
-5.149684,52,240.755354
-4.740778,51,240.920958
-4.820236,51,241.111334
-4.716366,51,241.277103
-4.849071,51,241.426466
-5.366076,51,241.565802
-4.934102,51,241.709946
-4.918843,51,241.883404
-4.715727,51,242.03525
-5.072411,51,242.186812
-4.931889,51,242.371689
-4.496795,51,242.515224
-4.735482,51,242.692161
-5.10102,51,242.843834
-5.094145,51,242.996731
-4.820391,51,243.158777
-5.137663,52,243.306596
-4.853006,51,243.461353
-5.063711,52,243.611104
-5.132891,51,243.779432
-4.81235,51,243.933041
-5.129296,51,244.070315
-4.821999,51,244.229746
-5.048051,51,244.383978
-5.027473,51,244.524901
-5.06095,52,244.668487
-4.927555,51,244.814861
-5.113548,51,245.006949
-4.854167,51,245.172423
-4.845243,51,245.338012
-5.105355,52,245.512655
-4.870275,51,245.670037
-5.317736,51,245.846128
-4.884916,51,245.997969
-4.801435,51,246.162792
-5.01,51,246.330866
-4.955912,51,246.498305
-5.032148,51,246.663467
-4.96,51,246.853389
-5.004611,51,247.018657
-5.12,51,247.184453
-4.66,51,247.351363
-4.817398,51,247.517763
-4.780424,51,247.708929
-5.30969,52,247.876759
-4.77002,51,248.04306
-5.108751,51,248.208821
-5.089463,51,248.375869
-4.987066,51,248.565476
-5.04,51,248.730706
-4.716575,52,248.898572
-4.94129,51,249.064117
-5.007435,51,249.229922
-5.103746,51,249.419142
-4.834887,51,249.584357
-4.943219,51,249.749946
-5.207929,52,249.917517
-4.941935,51,250.082743
-4.900424,52,250.273863
-4.756177,51,250.439363
-5.013637,52,250.606493
-4.934227,51,250.771979
-5.014832,51,250.936519
-5.025035,51,251.129834
-5.207212,51,251.296301
-4.834731,51,251.462807
-5.062795,52,251.630364
-4.842008,51,251.797492
-4.618215,51,251.988461
-5.13,51,252.154166
-5.262699,52,252.321244
-4.843176,51,252.48722
-5.02014,51,252.653508
-5.171642,52,252.84753
-4.793232,52,253.015855
-4.768657,51,253.181144
-5.012031,51,253.347101
-4.941996,51,253.536711
-5.010134,51,253.702646
-4.790015,51,253.868687
-4.990378,51,254.033893
-4.732446,51,254.199445
-4.993238,52,254.38594
-4.96661,51,254.534193
-5.013754,51,254.691683
-4.860002,51,254.858545
-4.912178,51,255.0233
-4.972047,51,255.188095
-5.03482,51,255.378975
-4.643202,51,255.544963
-5.037757,51,255.711109
-4.940828,51,255.877166
-4.850402,51,256.042188
-4.651082,51,256.232439
-4.893626,51,256.402189
-5.323488,51,256.575316
-4.72,51,256.7485
-5.136175,51,256.914219
-4.973649,51,257.103479
-5.262434,51,257.267598
-4.965,51,257.419419
-5.114879,51,257.569927
-4.684106,51,257.718626
-5.110287,51,257.858024
-5.117834,51,258.011514
-4.73633,51,258.153335
-4.900159,51,258.321139
-4.541173,51,258.499266
-4.911842,51,258.673663
-4.985549,51,258.84885
-5.12221,51,259.006639
-4.943285,51,259.171564
-4.936849,51,259.340024
-4.981313,51,259.506265
-4.9,51,259.695227
-4.850699,51,259.860636
-5.058842,51,260.025334
-5.132694,51,260.190471
-4.977117,52,260.357888
-4.972554,51,260.54747
-5.288977,52,260.715217
-5.096063,52,260.888214
-4.736808,51,261.043327
-4.89,52,261.197904
-4.858462,51,261.380514
-5.196205,51,261.549758
-4.923078,51,261.719227
-5.179187,51,261.886172
-4.838757,51,262.05175
-4.743335,51,262.242157
-5.06253,51,262.407942
-5.005362,51,262.573117
-5.04,51,262.738829
-5.085229,51,262.904134
-4.840089,51,263.094085
-5.047175,51,263.25952
-4.876493,51,263.424655
-4.8534,51,263.589978
-5.063692,52,263.757647
-5.090981,51,263.948644
-5.013287,51,264.117344
-4.941763,51,264.282248
-4.980094,51,264.443768
-5.062802,51,264.601976
-4.954982,51,264.750796
-5.000679,51,264.914158
-4.858404,52,265.078483
-5.031309,51,265.238915
-4.949878,51,265.382549
-4.742477,51,265.523132
-4.983911,51,265.678595
-4.743507,51,265.836249
-4.986306,51,266.004473
-4.995638,52,266.17203
-4.898925,51,266.337718
-4.760001,51,266.52684
-4.977473,51,266.692188
-4.981333,51,266.858777
-4.877449,51,267.02363
-4.939296,51,267.188725
-5.036346,51,267.379612
-4.866492,51,267.54509
-4.935197,52,267.711809
-4.891323,51,267.877179
-4.719582,51,268.03627
-5.260002,52,268.20512
-4.744028,51,268.361125
-5.04,51,268.512304
-4.954435,51,268.679778
-4.817012,51,268.844219
-4.742122,51,269.033415
-4.84633,52,269.200123
-4.832734,51,269.365518
-4.940202,51,269.523075
-5.110016,51,269.664949
-5.153982,51,269.818782
-4.736555,51,269.975421
-5.03005,51,270.141029
-5.019461,52,270.30766
-5.189876,51,270.470237
-4.961686,51,270.627772
-4.960992,51,270.768404
-5.052014,51,270.917528
-5.274274,52,271.084042
-4.975187,51,271.248833
-5.002399,51,271.433182
-4.930039,51,271.586119
-5.16686,51,271.744575
-4.944892,51,271.910332
-4.908064,51,272.075873
-5.181614,52,272.268315
-5.041299,51,272.433952
-4.962422,51,272.598942
-4.693991,51,272.76423
-4.977451,51,272.929072
-4.72769,51,273.119258
-4.793195,51,273.284559
-5.04495,51,273.4461
-4.755144,51,273.611665
-4.997151,51,273.777259
-4.874169,51,273.942713
-5.133872,51,274.13178
-4.799955,52,274.298254
-4.8,51,274.462221
-4.872673,51,274.626551
-5.028035,51,274.791758
-4.923394,51,274.981031
-5.109827,51,275.146239
-4.979128,51,275.3116
-4.95,51,275.477908
-5.131898,51,275.642614
-4.96,51,275.832312
-4.741819,51,275.991319
-5.003808,51,276.148058
-4.905942,52,276.293073
-4.964553,51,276.441807
-4.84108,51,276.631328
-5.104063,51,276.796366
-4.864407,51,276.953277
-4.844769,51,277.108157
-5.000622,51,277.267487
-4.90657,51,277.446261
-4.76025,51,277.594155
-5.098453,51,277.752415
-4.95191,51,277.918386
-4.829262,51,278.077941
-5.142846,51,278.236055
-5.045077,51,278.420456
-4.68387,51,278.579933
-5.1,52,278.73816
-4.77,51,278.898902
-5.075493,52,279.07973
-5.118286,52,279.237473
-5.2667,51,279.391656
-4.904404,51,279.541856
-4.803508,51,279.681662
-4.990602,51,279.833978
-5.18608,51,279.972173
-5.232922,51,280.112736
-4.94,51,280.257308
-4.920581,51,280.402252
-5.153896,51,280.570164
-4.853766,51,280.762853
-4.892998,51,280.928389
-4.694928,51,281.093068
-5.002104,51,281.258329
-4.951838,51,281.423835
-5.038317,51,281.613103
-5.089948,51,281.779122
-4.930383,51,281.946352
-5.13022,51,282.111332
-4.862797,51,282.277108
-5.205277,51,282.467719
-5.365491,52,282.635754
-5.030813,52,282.802946
-4.934138,51,282.968038
-5.14,52,283.135436
-5.010631,51,283.32794
-5.003649,51,283.488033
-5.092332,51,283.653825
-4.798235,51,283.818707
-5.008283,51,283.984055
-5.093451,51,284.173104
-4.737882,51,284.338214
-5.015662,51,284.492771
-4.891574,51,284.634008
-4.651423,52,284.773475
-4.906748,52,284.927861
-4.961511,51,285.071126
-4.712138,51,285.238705
-5.005,51,285.40655
-5.056158,52,285.573862
-4.5489,51,285.763651
-5.123206,51,285.928363
-4.902966,51,286.093228
-4.992072,52,286.260235
-4.921724,51,286.42468
-5.141906,52,286.615404
-4.946141,51,286.777614
-4.835003,51,286.934372
-4.834569,51,287.090986
-5.056454,51,287.255397
-4.990487,51,287.433361
-4.980041,51,287.586308
-4.810348,51,287.737014
-5.130078,52,287.884083
-4.994223,51,288.034622
-4.92583,51,288.21073
-5.008354,51,288.373848
-4.945047,51,288.542373
-4.995848,51,288.709293
-4.925326,51,288.873644
-5.13,51,289.062638
-4.838503,51,289.227471
-5.260656,51,289.393263
-4.960825,51,289.558452
-4.956923,51,289.72375
-5.111793,51,289.913068
-5.110005,51,290.078711
-4.806641,51,290.243488
-4.820217,51,290.408437
-4.848987,51,290.572868
-4.956764,51,290.738027
-5.079678,51,290.916617
-4.939456,51,291.066803
-5.2041,52,291.22453
-4.931382,51,291.376172
-4.876872,51,291.515992
-4.960255,51,291.67008
-4.976828,51,291.834763
-5.033763,51,291.99931
-5.006916,51,292.1643
-4.905925,51,292.330007
-5.252111,51,292.510677
-5.251855,52,292.654551
-5.01,51,292.797256
-4.813123,51,292.942228
-5.02822,51,293.104872
-4.917839,51,293.294867
-4.903575,51,293.460823
-4.988916,51,293.626425
-5.2,52,293.785943
-4.870513,51,293.943246
-5.155845,51,294.126898
-4.548491,51,294.284706
-4.910654,51,294.44189
-4.762081,52,294.603712
-4.745648,51,294.769327
-5.027043,51,294.959433
-4.637062,52,295.126414
-4.942743,51,295.29163
-4.723109,51,295.442776
-4.985386,51,295.588182
-4.840101,52,295.75993
-5.117038,51,295.906108
-4.83,51,296.049851
-5.061468,51,296.204674
-4.841128,51,296.371692
-5.121593,52,296.547477
-4.780373,51,296.696463
-4.964798,51,296.839673
-5.064006,51,296.97623
-5.132869,52,297.126317
-5.062559,51,297.31696
-5.213124,51,297.483292
-4.97857,52,297.650692
-5.030568,51,297.816819
-4.727334,51,297.982391
-5.048594,51,298.171836
-4.942809,51,298.337364
-5.012689,51,298.502646
-4.893107,51,298.668081
-4.766832,51,298.83308
-5.128915,51,299.022288
-4.917688,51,299.18682
-4.786998,51,299.351738
-4.693755,51,299.509599
-4.773436,51,299.666267
-5.382585,52,299.847824
-4.871924,51,300.015449
-4.931865,51,300.179607
-4.751766,51,300.344166
-4.859778,52,300.511575
-4.954028,51,300.700175
-4.92591,51,300.86575
-5.091318,51,301.030841
-4.8,51,301.196253
-5.119268,51,301.361413
-4.802432,51,301.550399
-5.072516,51,301.709145
-4.941731,51,301.864172
-4.911573,51,302.014453
-4.71032,51,302.164537
-5.24,51,302.316679
-4.969896,52,302.506514
-5.490441,51,302.672126
-4.845677,51,302.837412
-4.905462,51,303.002787
-5.029402,51,303.168899
-4.949151,51,303.35824
-4.61131,51,303.523671
-4.993823,51,303.688516
-4.980242,51,303.853584
-4.775037,51,304.019035
-4.786342,51,304.20842
-4.910788,51,304.373379
-4.900115,51,304.526098
-5.078956,51,304.667327
-4.75347,51,304.803288
-4.8947,51,304.959726
-5.162068,51,305.103366
-4.884164,51,305.253366
-5.001061,51,305.421142
-5.05791,51,305.591436
-5.034088,51,305.760305
-4.83389,51,305.950283
-5.249724,52,306.117047
-5.084694,51,306.281938
-5.168609,52,306.44896
-5.15872,51,306.635968
-5.075914,52,306.79843
-4.790067,51,306.954061
-4.71,51,307.111408
-4.857377,51,307.278179
-5.028653,51,307.46035
-4.879864,51,307.609762
-4.707706,51,307.766281
-4.836361,51,307.927561
-4.990734,51,308.096299
-5.0029,51,308.26225
-5.132633,51,308.451538
-4.9,51,308.598316
-5.062327,51,308.745062
-4.954246,51,308.881479
-4.852495,51,309.018236
-4.886189,51,309.204157
-5.094332,51,309.370074
-4.780876,51,309.521771
-4.97168,51,309.658325
-4.86,51,309.799006
-4.851417,52,309.970825
-5.158392,51,310.1125
-5.053444,51,310.252472
-4.686813,51,310.403435
-4.960684,51,310.548349
-5.11,51,310.70099
-4.898087,51,310.850238
-4.835336,51,311.015994
-4.99,51,311.170999
-5.092392,51,311.309611
-5.231502,52,311.470679
-4.891062,51,311.622626
-4.914272,51,311.759567
-4.74,51,311.90481
-5.202793,51,312.061943
-4.700577,51,312.208682
-4.986801,51,312.362337
-4.868285,51,312.511738
-5.174686,51,312.665168
-4.829466,51,312.805273
-4.949156,51,312.94438
-5.131227,51,313.111448
-5.030839,51,313.252908
-5.101328,51,313.395737
-4.907139,52,313.546321
-4.964769,51,313.712954
-4.759786,51,313.873308
-5.288776,51,314.013467
-5.064286,52,314.164363
-4.750645,51,314.3171
-4.957526,51,314.457389
-4.895289,51,314.612439
-4.92,51,314.764863
-4.701707,52,314.908549
-4.944569,52,315.050422
-4.97,51,315.187548
-4.930356,51,315.3596
-4.906627,51,315.503147
-4.973463,51,315.640816
-5.109264,51,315.793409
-5.26039,51,315.960139
-4.917807,51,316.126498
-4.842573,52,316.267561
-5.096665,51,316.409755
-4.893912,51,316.562283
-5.012371,51,316.704144
-4.945697,51,316.860629
-5.101772,51,317.020042
-5.141851,51,317.188212
-4.985634,51,317.351583
-5.082436,51,317.504346
-5.057025,51,317.668129
-4.889216,51,317.810909
-4.955619,51,317.960367
-5.192557,51,318.109965
-4.600658,51,318.256086
-5.10067,51,318.402767
-4.840216,51,318.570614
-4.833271,51,318.737658
-4.81,51,318.89788
-4.770742,51,319.038154
-4.902698,51,319.178015
-4.961803,52,319.346884
-4.79072,51,319.50657
-4.924306,51,319.651649
-5.055061,51,319.794084
-4.62753,51,319.94191
-4.730188,51,320.104562
-4.861727,51,320.254172
-4.670156,51,320.401723
-5.042255,51,320.545579
-4.95137,51,320.68149
-4.971988,52,320.854785
-4.842002,51,321.022974
-4.795198,52,321.193326
-4.894097,51,321.359081
-5.07662,51,321.524399
-5.094256,52,321.715534
-5.121314,51,321.882178
-4.845332,52,322.049683
-4.822726,51,322.21487
-4.850479,51,322.381023
-5.079538,51,322.57154
-4.650857,51,322.736979
-5.075492,51,322.904414
-5.024288,52,323.074972
-5.008932,51,323.242093
-5.052379,51,323.437113
-4.836074,51,323.589803
-4.556803,51,323.739329
-4.886062,51,323.882839
-4.702374,51,324.023942
-5.004119,51,324.19652
-4.643189,51,324.364915
-4.955048,52,324.534129
-5.044994,51,324.696768
-4.983428,51,324.85141
-5.045277,51,325.021141
-4.796382,51,325.168334
-4.799759,51,325.332495
-5.158016,51,325.492416
-4.920001,51,325.645126
-4.889876,51,325.799768
-4.823199,51,325.947214
-5.09714,51,326.109984
-5.022088,51,326.269281
-4.653944,51,326.425918
-5.056855,51,326.584451
-5.110362,51,326.774667
-4.98,51,326.93958
-4.866696,51,327.104527
-4.919682,51,327.270514
-4.762163,51,327.43686
-5.076333,51,327.61277
-5.038388,51,327.756228
-4.936862,51,327.898495
-5.093572,51,328.036922
-4.87,51,328.180008
-4.670445,51,328.367759
-4.970825,52,328.536606
-5.028834,51,328.70218
-4.840288,51,328.866832
-4.957682,51,329.031512
-4.901645,52,329.222401
-4.941828,51,329.387154
-5.144852,51,329.554042
-4.973037,51,329.711989
-4.920921,51,329.868698
-4.877725,51,330.044822
-5.028331,51,330.195145
-4.913479,51,330.344968
-4.996613,51,330.501244
-4.966257,51,330.657593
-4.714337,51,330.824439
-5.191373,51,331.014922
-4.769776,51,331.179878
-5.171259,52,331.346755
-4.941573,51,331.511496
-4.959188,52,331.692833
-5.071071,52,331.860765
-4.872967,51,332.026625
-4.810815,51,332.191866
-5.020786,51,332.357858
-4.954353,51,332.547412
-5.266411,52,332.704397
-4.784955,51,332.861299
-5.058613,51,333.017417
-4.897206,51,333.184552
-4.769928,51,333.374754
-4.840499,51,333.518658
-4.945588,51,333.657414
-4.854021,51,333.794864
-5.05,51,333.931424
-5.035749,51,334.078128
-5.069937,51,334.246819
-5.063501,52,334.404179
-4.847373,51,334.559373
-4.861671,51,334.714475
-4.964769,51,334.881504
-4.901489,51,335.07414
-4.89,51,335.239284
-5.18,52,335.405792
-4.810612,51,335.567095
-4.941771,51,335.722673
-5.029368,51,335.884322
-5.130584,52,336.032628
-5.110595,51,336.180437
-5.024008,51,336.341261
-5.18159,52,336.530091
-4.683922,51,336.689393
-4.820682,51,336.832359
-4.724719,51,336.971754
-5.220789,51,337.118962
-4.825749,51,337.270966
-4.81,51,337.426817
-5.127639,51,337.57431
-4.790024,52,337.728612
-4.963016,51,337.879323
-4.94,51,338.024152
-4.996254,51,338.199014
-5.146121,52,338.354445
-5.217396,51,338.519174
-5.08,51,338.687441
-5.055811,51,338.860236
-4.882514,51,339.052411
-5.013599,52,339.219616
-5.065346,51,339.376378
-4.651291,51,339.534217
-4.931661,51,339.679171
-4.73,51,339.84858
-4.730001,51,339.998116
-5.31899,52,340.148987
-5.200217,51,340.307391
-4.99936,52,340.478214
-5.1852,51,340.63679
-4.831993,51,340.807281
-4.862345,51,340.975552
-4.860051,51,341.1438
-4.990887,51,341.312196
-5.053319,51,341.506151
-4.691654,51,341.672898
-4.727791,51,341.846319
-4.94736,51,341.997642
-4.947242,51,342.149111
-5.16,51,342.305731
-5.05502,51,342.454357
-4.894936,51,342.598307
-4.919943,51,342.740799
-5.067682,52,342.886419
-5.354512,51,343.064296
-5.105406,51,343.232798
-4.610194,51,343.401292
-4.836995,51,343.567125
-4.790491,51,343.732683
-4.760068,51,343.923954
-4.861253,51,344.097177
-5.269525,52,344.258514
-4.982884,51,344.404216
-5.000795,51,344.559272
-4.940312,51,344.725135
-4.497508,51,344.869026
-4.859468,51,345.014334
-5.260013,52,345.159203
-4.882116,51,345.305505
-4.862129,51,345.47276
-5.103465,52,345.623156
-5.0,52,345.76853
-5.00764,51,345.915878
-4.697966,51,346.062446
-4.777591,51,346.226379
-5.123552,51,346.370103
-4.92206,51,346.523161
-5.011416,51,346.691998
-5.013296,51,346.846183
-5.035788,51,347.009029
-4.90328,51,347.166682
-4.67,51,347.33518
-4.868669,51,347.50635
-4.950735,51,347.674902
-5.208212,52,347.870065
-4.837322,51,348.036278
-5.100155,51,348.202174
-5.270526,51,348.368388
-4.902592,51,348.534093
-4.917346,51,348.700129
-4.996619,51,348.895355
-4.803776,51,349.071777
-4.970024,51,349.238959
-5.081162,52,349.408737
-5.044665,51,349.573919
-4.988694,52,349.741071
-4.908152,52,349.889385
-5.008454,52,350.032595
-5.045747,52,350.177557
-5.001035,51,350.342303
-5.230897,51,350.511016
-4.692437,51,350.679587
-4.890118,51,350.847252
-5.032563,52,351.01715
-5.120745,52,351.209463
-4.968735,51,351.380218
-4.766699,52,351.556442
-5.182709,52,351.734431
-4.780001,51,351.927899
-4.902113,51,352.099221
-5.050653,51,352.268211
-4.971655,51,352.43543
-5.053745,51,352.60147
-4.804165,51,352.791539
-4.934311,51,352.957294
-4.780758,51,353.122467
-4.778638,51,353.288326
-4.610338,51,353.454168
-5.069025,51,353.619912
-5.216819,51,353.813331
-4.942113,51,353.986902
-4.542171,51,354.155718
-4.710429,51,354.321552
-5.149775,51,354.481991
-5.036022,51,354.669889
-4.64,51,354.838266
-5.340579,51,355.006121
-5.199335,51,355.171484
-4.887933,51,355.339276
-5.23,52,355.533432
-5.050151,51,355.699696
-5.132005,52,355.867391
-5.141818,51,356.034906
-5.02,51,356.200459
-4.783142,51,356.360101
-4.967811,51,356.507508
-4.835765,52,356.663162
-5.150561,51,356.824011
-5.035656,51,356.974777
-5.045325,51,357.156175
-4.73,52,357.322704
-4.896968,51,357.491576
-5.060229,51,357.659329
-4.879937,52,357.826567
-4.923245,52,358.018391
-4.833423,51,358.183891
-5.019248,51,358.349044
-5.057182,51,358.514431
-5.083052,51,358.683717
-5.35197,51,358.880678
-4.83,51,359.045906
-5.067603,51,359.214806
-5.187535,51,359.378525
-4.649734,51,359.548028
-4.944843,51,359.724632
-5.021319,51,359.875357
-5.150239,51,360.01345
-4.908752,52,360.160785
-4.99,52,360.304842
-4.804795,51,360.461365
-4.973159,51,360.604727
-4.769199,51,360.74637
-4.893252,51,360.890216
-4.951908,51,361.046025
-5.116147,52,361.231891
-4.80665,51,361.392983
-4.952185,51,361.541613
-5.199456,52,361.703047
-4.95589,51,361.875702
-5.104817,51,362.068903
-4.696255,51,362.236643
-5.033542,51,362.402239
-5.231479,52,362.568464
-4.91462,51,362.72232
-4.893741,52,362.896859
-4.834508,51,363.044811
-5.034416,51,363.200297
-5.000716,52,363.359466
-5.014881,51,363.52568
-4.79,51,363.674549
-4.806564,51,363.82375
-4.909913,51,363.966557
-4.99,51,364.10543
-4.804522,51,364.257505
-5.041413,51,364.450095
-4.886071,51,364.617563
-5.049765,51,364.782351
-5.077427,51,364.947544
-4.8,51,365.11222
-5.073577,51,365.277003
-5.161578,51,365.41909
-5.055732,51,365.562947
-5.001619,51,365.71724
-4.831214,51,365.868665
-5.087477,51,366.038337
-4.995017,51,366.181475
-5.232962,52,366.323332
-4.918729,51,366.474703
-5.295708,51,366.643004
-5.037192,51,366.835571
-5.07663,52,367.003554
-4.596311,51,367.16928
-5.099508,51,367.334133
-4.753864,51,367.481388
-4.66162,51,367.636846
-4.934905,51,367.77699
-4.967841,51,367.932889
-4.643059,51,368.100737
-4.950509,51,368.266287
-5.162306,52,368.457614
-4.896034,51,368.622849
-5.133872,52,368.790272
-5.07182,51,368.948532
-4.866599,51,369.100297
-4.865767,51,369.25934
-5.16,51,369.405146
-5.234702,51,369.558567
-4.834683,51,369.726487
-5.05,51,369.894354
-4.862258,52,370.086527
-5.010006,51,370.251642
-4.913635,51,370.416393
-5.065059,51,370.582204
-4.925358,51,370.747162
-4.820839,51,370.911988
-5.102682,52,371.104123
-4.891809,52,371.272199
-4.911688,51,371.437859
-4.855984,51,371.604626
-5.04256,51,371.795736
-5.088959,51,371.963765
-5.172821,51,372.128846
-5.082857,51,372.294184
-5.213765,52,372.462374
-4.86473,51,372.652258
-5.068521,51,372.81852
-4.90219,51,372.984452
-5.15039,51,373.149365
-5.002432,51,373.314522
-5.050814,51,373.479896
-5.048306,51,373.669394
-4.952959,51,373.834867
-4.79245,51,374.00028
-4.984321,51,374.165559
-4.906594,51,374.330139
-4.920968,51,374.51933
-5.100997,51,374.68117
-4.53,51,374.832239
-5.33297,52,374.99047
-5.258705,51,375.136341
-5.18017,52,375.301735
-4.841753,52,375.463676
-4.907651,51,375.631916
-4.546271,51,375.799565
-5.028369,51,375.964715
-4.9,51,376.154184
-4.755651,52,376.321091
-5.070314,52,376.487754
-5.024634,51,376.653561
-4.91286,51,376.843758
-5.188785,51,377.009411
-5.045654,51,377.169053
-4.761099,51,377.318264
-4.489012,51,377.459511
-4.940874,51,377.597935
-5.022457,51,377.78351
-4.707344,52,377.931407
-5.076474,51,378.074683
-4.79143,51,378.217032
-4.993903,51,378.368526
-4.82022,51,378.526825
-5.034871,51,378.668412
-5.112776,51,378.819167
-4.708188,51,378.989423
-4.69025,51,379.132619
-4.968084,51,379.293442
-4.872323,51,379.460127
-5.02,51,379.606219
-4.870481,51,379.742198
-4.852479,51,379.883586
-4.935042,51,380.053253
-4.973737,51,380.206858
-4.833971,51,380.362493
-5.110064,52,380.518493
-5.208197,51,380.681665
-5.22279,51,380.874128
-4.935769,51,381.040536
-4.808277,51,381.204672
-4.987238,51,381.369796
-4.884687,51,381.535157
-5.054887,51,381.700339
-4.992882,52,381.891546
-4.910607,52,382.058972
-4.887584,51,382.224326
-5.008503,51,382.391454
-4.716121,51,382.58146
-4.776289,51,382.74713
-5.084912,51,382.912567
-5.257478,51,383.079082
-4.92269,51,383.244425
-4.924196,51,383.410078
-4.940261,51,383.599629
-5.295853,51,383.764874
-4.953658,51,383.930259
-5.17823,52,384.09811
-4.965315,52,384.290069
-4.743004,51,384.455943
-4.868081,51,384.621166
-4.853388,51,384.78459
-4.617085,51,384.941998
-5.000174,51,385.092078
-4.587998,51,385.274102
-5.100142,51,385.441084
-4.804398,52,385.608365
-4.870255,51,385.773307
-5.006123,51,385.938826
-4.721365,51,386.128664
-4.730433,51,386.293919
-4.84557,51,386.459326
-4.881813,51,386.625088
-4.770006,51,386.790315
-4.847867,51,386.980854
-4.712226,51,387.146007
-4.900533,52,387.299483
-5.18099,51,387.448026
-4.994899,51,387.588679
-5.090141,51,387.743515
-4.934476,51,387.884723
-4.761586,51,388.027012
-4.644729,51,388.190118
-4.963874,51,388.358105
-5.116445,51,388.541775
-5.030149,51,388.696209
-5.024297,51,388.855751
-5.104637,52,389.023179
-5.147291,51,389.188445
-4.874547,51,389.378617
-5.130181,51,389.543719
-5.364665,52,389.71142
-4.833928,51,389.870541
-5.023974,51,390.02428
-4.871982,51,390.199645
-4.775526,51,390.367008
-4.850725,52,390.526729
-4.923512,51,390.680301
-4.892455,51,390.841085
-4.713748,51,391.03171
-4.96,51,391.197107
-5.000002,52,391.364023
-4.88,51,391.529112
-5.064288,52,391.696203
-5.145394,52,391.88261
-4.97,51,392.034877
-4.810081,51,392.184608
-5.01,51,392.339041
-4.977604,51,392.504477
-5.111695,51,392.697117
-4.734521,51,392.862627
-4.85,51,393.024423
-4.745406,52,393.17385
-5.048446,51,393.321525
-5.041842,51,393.501691
-4.979778,51,393.669555
-5.03634,51,393.834675
-4.888411,51,394.009802
-5.22208,51,394.179685
-5.045773,51,394.372737
-5.051226,51,394.538653
-5.000086,51,394.698991
-4.659551,51,394.846927
-4.747985,51,394.991458
-5.03458,51,395.133115
-5.140119,51,395.292413
-4.93269,52,395.438954
-4.94,51,395.584146
-4.994492,52,395.732836
-4.63,51,395.894365
-4.793176,51,396.043467
-5.182686,51,396.191056
-4.908587,52,396.332267
-5.05,51,396.47348
-5.166279,51,396.6309
-4.866055,52,396.776188
-4.944886,51,396.923326
-4.983197,52,397.092767
-5.11,51,397.261107
-5.066774,51,397.428859
-4.675108,51,397.575566
-4.952015,52,397.71965
-4.836,51,397.85753
-5.052802,51,398.003229
-4.827375,51,398.193458
-4.88,51,398.361733
-4.74,51,398.528409
-4.83,51,398.693912
-5.14736,51,398.860404
-4.87,51,399.050664
-4.965564,51,399.216478
-4.956833,51,399.382561
-5.02,51,399.547579
-5.144045,51,399.712541
-5.143814,52,399.904295
-4.816863,51,400.070059
-4.777457,51,400.234424
-5.094368,51,400.399937
-4.903421,51,400.565207
-4.84,52,400.756401
-4.782354,51,400.921356
-4.974155,52,401.088627
-5.151284,52,401.254775
-4.826453,51,401.420709
-4.692557,51,401.609746
-4.930029,51,401.77546
-4.831228,51,401.940446
-5.170035,51,402.097327
-4.853924,51,402.254018
-4.901976,51,402.440682
-4.871014,51,402.60656
-5.179859,51,402.772105
-5.147314,51,402.927918
-4.716316,51,403.072425
-5.037119,51,403.230761
-4.763027,51,403.420007
-4.886072,51,403.587221
-4.914186,51,403.752918
-4.896556,51,403.903837
-5.031057,52,404.067332
-4.768652,51,404.246606
-5.084878,51,404.40216
-5.110001,51,404.559376
-4.764213,51,404.727218
-5.099567,51,404.895263
-4.93,51,405.085958
-4.850461,51,405.251223
-4.728854,51,405.409787
-5.04004,51,405.557109
-4.834032,51,405.695008
-4.697035,51,405.859238
-4.91346,51,406.026916
-4.766139,51,406.195081
-5.126677,51,406.360188
-5.003103,51,406.5258
-5.040051,51,406.692173
-4.966953,51,406.88196
-4.662418,51,407.040151
-5.186712,51,407.196393
-5.070825,51,407.351822
-5.021303,51,407.512361
-4.876687,51,407.688824
-5.040228,51,407.846557
-4.880306,51,408.013291
-4.986317,51,408.181056
-5.172732,51,408.333762
-5.220498,51,408.489642
-5.188145,51,408.628885
-5.07,51,408.768362
-4.989795,51,408.914857
-4.822027,51,409.074025
-5.07872,51,409.216925
-5.000441,52,409.373011
-4.854389,51,409.524712
-4.961566,51,409.670642
-4.797397,51,409.807188
-4.933926,51,409.952912
-5.016361,52,410.120055
-4.991441,51,410.262671
-4.804745,51,410.402384
-4.975864,51,410.544604
-4.853065,51,410.704615
-5.204783,51,410.8654
-5.109964,51,411.004339
-5.090225,51,411.151199
-4.818939,51,411.294544
-4.759056,51,411.432572
-4.873149,51,411.601808
-4.992144,52,411.772139
-5.199794,51,411.943773
-4.922088,51,412.110596
-5.085625,51,412.275657
-5.127223,51,412.466969
-5.020477,51,412.610967
-4.65,51,412.749104
-5.095403,51,412.890404
-4.905358,51,413.048816
-5.048451,51,413.208724
-5.16241,51,413.348866
-5.17052,51,413.49901
-4.501975,51,413.665683
-4.840161,51,413.827001
-4.956364,52,413.989018
-4.840008,51,414.129709
-4.951636,51,414.275656
-5.191866,51,414.443096
-5.154012,51,414.586875
-5.134484,51,414.726699
-4.7,51,414.885136
-5.020001,51,415.034383
-4.843292,51,415.170968
-5.040205,52,415.310809
-4.92733,51,415.454619
-5.070523,51,415.613699
-4.956621,52,415.755912
-4.840244,51,415.897114
-4.893572,51,416.046548
-5.021338,51,416.202201
-5.095885,51,416.381641
-5.072069,52,416.541557
-4.668707,51,416.708038
-5.149428,51,416.875212
-4.80105,51,417.03503
-4.910881,51,417.210166
-4.73365,51,417.371663
-4.840767,51,417.53988
-4.791835,51,417.705245
-4.99,51,417.867502
-4.838309,51,418.05744
-4.95789,51,418.223326
-4.660398,51,418.388859
-4.934124,51,418.532976
-4.925054,51,418.671505
-4.880071,51,418.830783
-4.785231,51,418.969279
-4.970587,51,419.111732
-4.974348,52,419.275854
-4.908393,51,419.443323
-4.956105,51,419.635399
-4.74045,51,419.80002
-4.96109,51,419.966094
-4.94,51,420.128679
-4.624583,51,420.277695
-4.480371,51,420.430788
-4.736767,51,420.590154
-4.680133,51,420.728849
-5.069496,51,420.872776
-4.830779,51,421.016012
-5.085951,51,421.166245
-5.052553,51,421.346612
-5.145933,51,421.514771
-5.07,51,421.682716
-4.790961,51,421.849777
-4.840297,51,422.01553
-5.069025,51,422.204974
-4.824778,51,422.370913
-5.310009,52,422.538661
-4.75587,52,422.706334
-4.791159,51,422.870891
-4.621036,51,423.060922
-4.927606,51,423.226119
-5.066822,52,423.393305
-4.972342,52,423.560871
-5.07,51,423.727631
-5.170142,51,423.904416
-4.83718,51,424.0603
-5.037659,51,424.207757
-5.196501,51,424.361693
-5.045148,51,424.528283
-4.82,51,424.719472
-5.08565,51,424.873184
-4.737477,51,425.018132
-5.009362,52,425.158245
-4.893459,51,425.300428
-5.072129,51,425.461085
-4.803927,51,425.616485
-5.059424,51,425.760836
-4.893368,51,425.903545
-4.942574,51,426.044938
-4.925719,51,426.20041
-4.830671,51,426.343545
-5.001045,51,426.487234
-5.003864,51,426.639069
-4.769612,51,426.798152
-5.061959,51,426.954808
-5.17166,51,427.137842
-4.883032,51,427.305985
-4.855625,51,427.467977
-5.094962,51,427.626241
-4.814467,51,427.78676
-5.31,52,427.98216
-4.911449,51,428.142118
-5.05,51,428.299392
-4.863187,51,428.462271
-4.920771,51,428.622992
-4.900868,51,428.800441
-4.953281,51,428.967149
-4.803391,51,429.125937
-5.001204,51,429.283446
-5.01,52,429.444947
-4.723485,51,429.627485
-5.10242,51,429.783734
-5.040829,52,429.947549
-4.89,51,430.106128
-4.860133,51,430.263666
-4.790696,51,430.449574
-4.760565,51,430.608025
-4.722221,51,430.766167
-4.997543,51,430.926215
-5.150107,52,431.097657
-4.787044,51,431.278615
-4.880404,51,431.436536
-4.871673,51,431.600394
-4.714459,51,431.75996
-4.998977,51,431.918864
-4.844356,51,432.102437
-5.220476,52,432.27283
-4.861766,51,432.428044
-5.016751,51,432.585406
-4.864107,51,432.741945
-5.188445,51,432.930654
-5.008375,52,433.076392
-4.73386,51,433.213341
-4.980351,52,433.356622
-5.023103,51,433.508472
-4.970558,51,433.661888
-4.988627,51,433.805437
-4.830001,51,433.962233
-4.824909,51,434.109837
-5.185641,51,434.245832
-4.902575,51,434.40916
-4.999295,51,434.555187
-4.935573,52,434.694507
-5.036372,51,434.835956
-5.04729,52,434.992563
-4.795523,51,435.149483
-4.938642,52,435.291842
-5.051918,52,435.44937
-4.670231,52,435.595203
-4.790162,51,435.751358
-5.055887,52,435.906746
-4.99,51,436.067136
-4.705271,51,436.21129
-4.708398,51,436.345847
-4.844558,51,436.51717
-4.66,51,436.660891
-5.1,51,436.797417
-4.848044,51,436.943917
-5.011457,51,437.109232
-5.355413,52,437.303774
-5.051329,51,437.474027
-4.802116,51,437.639675
-4.957208,52,437.808175
-4.610536,51,437.974141
-4.911633,51,438.164837
-4.929374,51,438.330977
-4.735034,51,438.484973
-4.992702,51,438.634111
-4.801424,51,438.777281
-5.251673,52,438.940346
-4.762113,51,439.104023
-4.973624,51,439.255799
-5.105325,51,439.401871
-4.611706,52,439.557657
-4.983273,51,439.732201
-4.703001,51,439.899106
-4.850525,52,440.056746
-5.168873,51,440.212471
-4.773424,51,440.370502
-4.991592,51,440.561262
-5.02,51,440.728836
-4.699572,51,440.893917
-4.849551,51,441.059098
-5.012654,51,441.224351
-5.08898,52,441.415946
-5.164879,52,441.582891
-4.640062,51,441.74767
-4.944577,52,441.915958
-4.851026,51,442.07666
-4.682435,51,442.253821
-5.122504,52,442.422279
-5.01,51,442.580646
-4.887541,51,442.731385
-4.752405,51,442.875724
-4.751022,51,443.05844
-4.988569,51,443.222508
-5.091579,52,443.381847
-4.970235,51,443.539224
-4.826111,51,443.684171
-5.215281,51,443.866319
-5.110224,51,444.03511
-4.92,51,444.195572
-4.862551,51,444.351977
-4.978947,51,444.51183
-5.094081,51,444.701964
-4.92,51,444.860249
-5.138124,51,445.016229
-4.599662,51,445.171677
-5.054631,51,445.337197
-4.701403,51,445.496413
-4.880314,51,445.672414
-4.963596,51,445.834402
-5.045833,51,445.993249
-4.92,52,446.151546
-4.894604,51,446.31089
-5.035304,51,446.501972
-4.881743,51,446.661106
-4.552402,51,446.818345
-5.110665,52,446.980096
-4.888321,51,447.139441
-4.920688,51,447.308713
-4.825456,51,447.467206
-4.940202,51,447.635405
-4.896787,52,447.796694
-4.692115,51,447.952365
-4.953278,51,448.138503
-4.64375,51,448.307418
-4.759604,51,448.47516
-4.811896,51,448.621709
-4.880785,51,448.785138
-4.938887,51,448.974691
-5.026757,51,449.140439
-4.987454,51,449.305257
-4.733461,51,449.449012
-4.850343,51,449.584352
-5.080127,52,449.751118
-5.074774,51,449.916291
-5.010286,51,450.06978
-5.201432,52,450.216746
-4.758304,51,450.350422
-5.041551,52,450.521288
-4.625644,51,450.663272
-4.82181,51,450.801448
-4.979268,51,450.945576
-4.782548,51,451.106013
-4.883251,51,451.293738
-4.969587,52,451.441141
-5.033207,51,451.574972
-4.921027,51,451.718469
-4.601789,51,451.871563
-4.874246,51,452.02446
-4.800771,51,452.164835
-4.682572,51,452.323017
-4.903036,51,452.480204
-4.885345,51,452.640723
-5.146899,52,452.820025
-5.122127,52,452.970581
-5.135331,51,453.120913
-5.075629,51,453.287933
-4.911667,51,453.456554
-4.874505,51,453.647169
-4.953266,51,453.812107
-5.019747,52,453.975529
-5.068498,52,454.142803
-5.017667,51,454.307999
-4.92,51,454.497532
-4.643878,51,454.662598
-4.892491,51,454.827809
-5.028698,51,454.991565
-5.06758,51,455.15726
-5.260066,51,455.346644
-4.917691,52,455.513185
-4.711488,51,455.677982
-5.120118,51,455.840667
-5.061601,51,455.999485
-4.86,51,456.162578
-5.142093,52,456.319512
-4.88,51,456.465529
-4.67618,51,456.625628
-5.167502,52,456.795156
-4.85797,51,456.985106
-4.766231,51,457.149649
-4.773992,51,457.314259
-4.855358,51,457.481614
-5.229361,51,457.643382
-4.856547,51,457.812004
-5.243509,51,457.954285
-4.694944,51,458.104842
-5.111003,51,458.249328
-4.766737,51,458.401346
-4.997418,51,458.593881
-4.663954,51,458.76189
-5.260737,51,458.912331
-5.014607,51,459.058
-4.740208,51,459.194398
-4.65443,51,459.337163
-4.871038,51,459.526952
-4.79,51,459.692184
-4.716103,51,459.857166
-4.880197,51,460.019112
-4.720635,52,460.186285
-5.06274,51,460.375302
-4.90578,51,460.539542
-4.946553,52,460.699497
-5.02266,51,460.853904
-4.941984,51,460.998408
-4.902063,51,461.180818
-5.045719,51,461.347515
-4.851957,51,461.512434
-4.787785,52,461.672718
-5.051171,51,461.829412
-4.889671,51,462.011158
-4.601815,51,462.176878
-4.912233,51,462.342822
-4.953384,51,462.508442
-4.880007,51,462.674119
-5.057325,51,462.861895
-4.986191,51,463.026827
-5.03004,51,463.191674
-5.061802,51,463.357096
-4.753385,51,463.52265
-5.072197,51,463.712174
-5.195807,51,463.877741
-4.758617,52,464.04523
-5.044288,51,464.210329
-4.934168,52,464.376858
-4.871216,51,464.565717
-4.943086,51,464.730606
-5.023382,52,464.897522
-5.131119,51,465.064316
-5.082567,51,465.219779
-5.08432,51,465.389761
-5.043372,51,465.553426
-5.081919,51,465.708739
-4.82231,51,465.855192
-5.128003,51,466.001269
-5.011053,51,466.172761
-4.880126,51,466.329844
-4.842065,51,466.478001
-4.872362,51,466.631417
-5.139904,51,466.79835
-5.240936,52,466.992453
-4.93,51,467.157478
-4.617388,51,467.322523
-5.035728,51,467.488868
-4.61,51,467.645643
-4.998385,51,467.790979
-5.052846,51,467.970588
-5.02,51,468.139292
-4.991203,51,468.307473
-4.832899,51,468.472597
-4.841958,51,468.634389
-4.766575,51,468.804508
-4.750215,51,468.947409
-4.932081,51,469.097191
-5.089212,51,469.265028
-4.813888,51,469.432351
-4.540675,51,469.620563
-4.848386,51,469.785249
-4.880439,51,469.950335
-4.814097,51,470.115879
-4.974805,51,470.280776
-5.041134,52,470.472853
-4.884064,51,470.637768
-4.948925,51,470.803041
-4.923096,51,470.967864
-4.915545,52,471.134696
-4.990549,51,471.323956
-4.805924,51,471.489433
-5.242376,51,471.649697
-4.962468,51,471.802184
-5.084249,52,471.958304
-5.041679,51,472.126758
-5.03292,51,472.285587
-4.770047,51,472.441315
-4.912217,51,472.598055
-4.813439,51,472.764673
-4.845421,51,472.931905
-4.902434,51,473.120738
-4.682597,51,473.285145
-4.75036,51,473.450677
-4.702554,51,473.616762
-4.826208,51,473.776087
-5.032805,51,473.935942
-5.100138,51,474.0832
-4.828467,51,474.236288
-4.71,52,474.38512
-4.601746,51,474.537017
-4.703458,52,474.726657
-4.97,51,474.894703
-4.762134,51,475.057397
-4.902971,51,475.22029
-5.00437,51,475.385156
-4.882484,51,475.574922
-4.82,51,475.739459
-5.017924,51,475.905567
-4.945736,51,476.063867
-4.904547,51,476.208639
-4.683021,52,476.379333
-4.890608,51,476.534718
-4.723059,51,476.685699
-4.744,51,476.832325
-4.650215,51,476.972097
-4.601583,51,477.13276
-5.001138,51,477.277142
-5.070465,51,477.421762
-4.882443,51,477.582681
-5.423678,51,477.736247
-5.00017,51,477.888784
-4.85,51,478.079782
-4.580241,51,478.227183
-4.761386,51,478.367742
-4.95699,51,478.521439
-4.688411,51,478.662271
-5.023316,52,478.84
-4.738897,51,479.007424
-5.04022,51,479.175572
-5.107423,52,479.341809
-4.862203,51,479.507432
-5.042948,51,479.696329
-4.945426,51,479.8619
-4.760112,51,480.027318
-4.95,51,480.193227
-4.959374,51,480.353726
-5.062222,51,480.535107
-5.038763,51,480.684756
-4.883905,51,480.835382
-5.038696,51,480.996958
-4.934325,51,481.16475
-4.98108,51,481.35468
-4.807946,51,481.52092
-4.907,51,481.686554
-5.389975,51,481.850894
-5.122858,51,482.016653
-5.018594,51,482.181895
-4.766159,51,482.37137
-5.020929,52,482.538498
-4.72,51,482.702894
-5.03203,51,482.86763
-4.950882,51,483.032732
-4.87417,51,483.222639
-4.65152,51,483.387435
-4.956731,52,483.555338
-5.065353,51,483.719937
-5.150234,51,483.884915
-4.677975,51,484.075707
-4.93674,51,484.240331
-4.733416,51,484.405058
-4.865506,51,484.570676
-4.78352,51,484.735194
-4.983135,51,484.924479
-5.0,51,485.089249
-5.229664,51,485.255074
-5.258603,51,485.420303
-4.915945,51,485.588532
-5.021648,51,485.758583
-4.756024,51,485.91039
-5.001757,52,486.081035
-4.921374,52,486.248323
-4.573771,51,486.413083
-4.868624,51,486.603255
-4.950203,51,486.769727
-4.900361,51,486.934346
-4.589298,51,487.098611
-4.711065,51,487.249969
-4.776828,51,487.402781
-5.018533,52,487.548826
-4.796171,51,487.687476
-4.8129,51,487.843533
-5.110567,52,488.00145
-4.979913,51,488.184512
-4.741275,51,488.350995
-4.920035,51,488.516561
-4.803293,51,488.681653
-4.762179,51,488.825128
-4.875704,51,488.981275
-4.897216,51,489.125893
-5.11874,51,489.277729
-4.9267,51,489.415099
-4.563666,51,489.554187
-4.842529,51,489.709262
-4.800345,51,489.868319
-4.821438,51,490.006199
-4.955249,51,490.159156
-5.221864,51,490.324683
-4.752726,51,490.49057
-4.617691,51,490.655344
-4.738574,51,490.794786
-4.760178,51,490.937812
-4.710288,51,491.089516
-4.99,51,491.236749
-4.751157,51,491.392563
-5.035327,51,491.532558
-5.064262,51,491.676835
-5.141637,51,491.820817
-4.776648,51,491.963365
-4.781916,51,492.104128
-5.003894,51,492.289555
-4.890403,52,492.459813
-4.785009,51,492.626184
-4.906887,51,492.791118
-4.952169,51,492.953715
-4.835883,51,493.112599
-4.97024,51,493.252403
-5.161134,52,493.402351
-4.827032,51,493.547339
-4.876892,51,493.686905
-4.784947,51,493.849236
-4.880355,51,494.015818
-4.751519,51,494.18443
-4.714375,51,494.336153
-5.052428,51,494.476455
-4.519271,51,494.630973
-4.810737,51,494.785835
-4.778411,51,494.928085
-4.688343,51,495.062196
-4.758845,51,495.205158
-5.090851,52,495.399646
-5.125499,51,495.564939
-4.710502,51,495.73018
-5.198325,51,495.895184
-4.615631,51,496.052076
-4.831463,51,496.218372
-5.097293,51,496.36902
-5.12,51,496.507482
-5.131617,51,496.650308
-4.685104,51,496.805305
-4.531504,51,496.958486
-5.31,51,497.114814
-5.170984,51,497.256787
-5.007813,51,497.420472
-4.87,51,497.565876
-5.052073,52,497.705343
-4.590001,51,497.870463
-4.7,51,498.039159
-4.957894,51,498.205014
-5.01,52,498.353968
-5.274646,52,498.507913
-5.111186,51,498.657974
-4.933115,51,498.823007
-4.888686,51,498.988065
-4.932107,51,499.154086
-4.891591,51,499.335684
-4.886324,51,499.513253
-4.785166,52,499.672389
-4.926926,51,499.828903
-4.878074,51,499.984767
-4.95201,51,500.155957
-5.057444,51,500.362095
-4.911076,51,500.530907
-4.797045,51,500.69681
-4.91,51,500.861324
-4.763273,52,501.027439
-4.621432,51,501.216561
-5.100229,51,501.381415
-5.00406,51,501.546586
-4.850909,52,501.7121
-4.700604,51,501.870825
-4.753141,51,502.041298
-5.072667,51,502.205523
-4.93651,51,502.371331
-4.821639,51,502.536345
-4.964617,51,502.699965
-4.875953,51,502.881343
-4.933924,51,503.022608
-4.752078,51,503.160717
-5.033852,51,503.311714
-4.773309,52,503.465463
-4.996605,51,503.617167
-5.00505,51,503.760067
-4.79445,51,503.910437
-4.774428,52,504.049026
-4.894121,51,504.187802
-4.986398,51,504.370675
-4.918153,51,504.536409
-5.04,51,504.701338
-5.000505,51,504.866186
-4.763816,51,505.031061
-4.967119,52,505.222472
-4.943353,51,505.387961
-4.720896,51,505.551028
-4.752409,51,505.709085
-5.242734,51,505.863437
-4.874198,51,506.023698
-4.895634,51,506.173159
-4.771756,51,506.318832
-4.785735,51,506.456767
-4.89,52,506.602386
-5.07051,51,506.760925
-4.756492,51,506.907715
-4.827876,51,507.060626
-5.036388,51,507.216479
-5.039355,51,507.372683
-4.782701,51,507.530426
-4.902536,52,507.717732
-4.782079,52,507.888494
-5.115021,51,508.04654
-4.925404,51,508.205857
-4.973163,52,508.393175
-4.949956,51,508.552006
-4.78,51,508.708173
-4.59,52,508.871411
-5.235201,51,509.034207
-4.967985,52,509.211503
-4.793722,51,509.371921
-4.860282,52,509.539775
-4.690351,51,509.705212
-4.779291,51,509.870722
-5.123651,51,510.060697
-4.903213,51,510.227289
-4.798625,51,510.392491
-4.740137,51,510.558117
-4.91565,51,510.723595
-4.583729,51,510.913008
-4.807752,51,511.068755
-4.836905,51,511.225805
-4.828931,51,511.384168
-4.950184,51,511.54865
-5.114038,51,511.727451
-4.970127,51,511.87755
-4.834136,52,512.036678
-4.59,51,512.187963
-4.9786,51,512.354213
-4.78,51,512.546105
-4.941714,51,512.711406
-4.99625,51,512.868847
-5.076888,52,513.021593
-4.847142,51,513.166599
-5.044543,51,513.322575
-4.943744,51,513.465693
-5.143962,52,513.611656
-4.619388,51,513.754325
-5.027485,52,513.899086
-4.863622,51,514.056936
-4.630033,51,514.206036
-4.844496,51,514.35274
-5.038435,51,514.499796
-4.657215,52,514.649007
-5.07778,51,514.806711
-4.67003,51,514.951405
-4.670363,51,515.092089
-4.921436,51,515.236271
-4.61859,51,515.389859
-4.819746,51,515.565224
-4.860042,51,515.72003
-4.932431,51,515.881051
-4.548496,51,516.047748
-5.000493,52,516.21752
-4.853487,51,516.407426
-4.87423,51,516.572008
-4.865591,51,516.736817
-4.969486,51,516.902014
-4.965291,51,517.066499
-4.84,51,517.231747
-4.934741,51,517.422449
-5.130019,51,517.589377
-4.663874,51,517.75511
-4.951546,51,517.920535
-5.070988,51,518.079376
-4.994055,51,518.252354
-5.060286,51,518.400376
-4.853386,51,518.549568
-4.630233,52,518.703284
-4.962773,52,518.853267
-4.724884,51,519.023941
-4.865556,51,519.170216
-5.052144,51,519.309788
-5.050262,51,519.454845
-4.845253,51,519.613378
-4.72629,51,519.805669
-4.912562,52,519.974403
-4.771706,51,520.139897
-4.72,51,520.304185
-5.20068,52,520.471581
-4.869732,51,520.660816
-4.921148,52,520.827835
-4.940581,51,520.993523
-4.780012,51,521.15782
-4.63173,51,521.32354
-4.637002,51,521.513469
-4.793719,51,521.679131
-4.458662,51,521.845163
-4.915284,51,522.010691
-5.087304,52,522.178372
-4.775022,51,522.354379
-5.037023,51,522.499512
-4.82,51,522.641709
-4.80152,51,522.781382
-4.70901,51,522.924751
-4.942752,52,523.114178
-4.799183,52,523.281724
-5.033342,51,523.447181
-4.96,51,523.612604
-4.88,51,523.77767
-4.906395,51,523.967591
-4.678596,51,524.131167
-4.778395,52,524.298115
-4.973874,51,524.463095
-4.895672,51,524.628544
-4.918383,51,524.818282
-4.699848,51,524.983333
-4.920192,52,525.150192
-5.126839,51,525.315539
-4.983535,51,525.480526
-5.115686,51,525.669525
-4.823361,51,525.833991
-4.967785,51,525.999544
-4.709432,51,526.157682
-4.781154,51,526.303722
-4.781067,51,526.472781
-4.836258,52,526.628011
-4.817879,52,526.781489
-5.062385,51,526.927878
-4.818757,51,527.075294
-4.69,51,527.244119
-5.131444,51,527.40214
-4.629771,51,527.558789
-4.872644,51,527.709233
-5.092094,51,527.848924
-4.91111,51,528.005316
-4.501179,51,528.150521
-4.830385,51,528.30882
-4.807096,51,528.479789
-4.706013,51,528.650266
-4.75,51,528.852017
-4.687507,51,529.020619
-4.450855,51,529.189279
-4.765122,51,529.358915
-4.910859,51,529.524913
-4.772294,51,529.690564
-4.918417,51,529.880149
-5.046784,51,530.045803
-4.639596,51,530.205156
-5.058201,51,530.361249
-4.741194,51,530.5188
-5.074305,51,530.708355
-5.213648,51,530.865624
-4.573665,51,531.023182
-4.79036,51,531.181205
-4.84193,52,531.348992
-4.590671,51,531.539181
-4.818185,51,531.704684
-4.919672,52,531.874462
-5.087958,51,532.036857
-4.8583,51,532.19208
-4.389442,51,532.368722
-4.963978,51,532.526964
-4.521226,51,532.683172
-4.728039,51,532.836426
-4.799777,51,532.985135
-4.933827,52,533.156867
-4.750435,51,533.323294
-4.861832,51,533.492132
-4.55,51,533.658962
-4.770588,51,533.823725
-5.060551,51,533.983353
-5.065184,51,534.123054
-4.828302,51,534.262541
-4.829895,51,534.404411
-4.787167,51,534.560874
-4.931995,51,534.728949
-4.59009,52,534.92214
-4.350189,52,535.08929
-4.754488,51,535.254377
-4.686377,51,535.419029
-5.063828,51,535.60919
-5.103647,51,535.774632
-4.735037,51,535.937894
-4.721907,51,536.080379
-4.593971,51,536.222221
-4.49,51,536.362238
-4.78751,51,536.53438
-4.980614,51,536.702386
-4.914681,51,536.86769
-4.8,51,537.033231
-4.714575,52,537.198507
-4.928492,51,537.388725
-4.707325,51,537.555541
-4.717884,51,537.720661
-4.453395,51,537.886482
-4.88163,51,538.052742
-5.168778,51,538.241587
-4.71652,51,538.408255
-4.9,51,538.572728
-4.382607,51,538.737889
-4.981296,51,538.906677
-4.742297,51,539.09031
-4.990634,51,539.236377
-4.859743,51,539.37621
-4.873003,52,539.528405
-4.975495,51,539.691667
-5.058104,51,539.884795
-4.893037,51,540.051601
-5.010023,51,540.216521
-4.743018,51,540.382078
-5.13,51,540.547038
-4.787797,51,540.71246
-4.76046,51,540.899555
-4.865749,51,541.046781
-4.650137,51,541.184575
-4.660723,51,541.322776
-4.704127,51,541.475459
-4.954664,51,541.666513
-5.083347,51,541.830835
-4.842441,51,541.996807
-4.805177,51,542.162752
-4.86,51,542.327742
-4.678691,51,542.530607
-4.915764,51,542.764698
-4.581518,51,543.003753
-4.609103,51,543.208247
-4.471036,51,543.36908
-4.931288,52,543.556541
-4.621269,51,543.724646
-5.202252,51,543.891427
-4.726176,51,544.057073
-4.79419,51,544.222792
-5.089709,51,544.389925
-4.589997,51,544.579887
-4.712412,51,544.747455
-4.601471,51,544.918331
-4.813395,51,545.088907
-4.924165,51,545.23701
-4.832851,51,545.400932
-4.894689,51,545.558602
-4.855642,51,545.720632
-4.975794,51,545.885333
-4.823522,51,546.053281
-4.864034,51,546.244296
-4.630033,51,546.409239
-4.891002,51,546.574215
-4.652384,51,546.739667
-4.690881,51,546.907583
-4.850752,51,547.063704
-4.622726,51,547.224158
-4.793638,51,547.382046
-4.966964,51,547.531887
-4.79132,51,547.690706
-4.69691,51,547.849761
-4.574219,51,548.017286
-5.010922,52,548.171479
-4.508449,51,548.33286
-4.722679,51,548.501714
-4.921084,51,548.679277
-4.657739,52,548.879874
-4.641384,52,549.049823
-4.420145,51,549.211352
-4.695017,51,549.36647
-4.765959,51,549.513047
-4.600205,51,549.680243
-4.73982,51,549.832618
-4.647038,52,549.995077
-5.171079,52,550.165286
-4.830874,51,550.358084
-4.660849,51,550.52368
-5.010009,51,550.688759
-4.826679,51,550.855775
-4.525988,51,551.021373
-4.412502,51,551.189019
-4.529023,51,551.379165
-4.592765,51,551.550553
-4.305856,51,551.719015
-4.85068,51,551.86948
-4.765556,51,552.01735
-4.491875,51,552.180952
-4.458982,51,552.329154
-4.790946,52,552.472808
-4.415853,51,552.621606
-4.646898,51,552.787228
-4.691324,51,552.98018
-4.761196,51,553.146263
-4.964447,51,553.311038
-4.780003,51,553.486609
-4.697021,51,553.689757
-4.795023,51,553.876951
-4.973013,51,554.034931
-4.68,51,554.21217
-4.590547,51,554.406535
-5.112222,52,554.590032
-5.035744,52,554.777753
-4.699685,51,554.945628
-4.673989,51,555.111757
-4.590103,51,555.279974
-4.686707,51,555.448374
-4.326617,51,555.631153
-4.483909,51,555.799202
-4.706033,52,555.991023
-4.77937,51,556.190206
-4.326355,51,556.385809
-4.29208,51,556.585012
-4.314376,51,556.738622
-4.388909,52,556.897881
-4.587676,51,557.062686
-4.543276,52,557.232331
-4.503451,52,557.42939
-3.918522,51,557.608974
-4.057898,51,557.795159
-4.762823,51,557.971024
-4.268742,52,558.140865
-4.577477,51,558.333722
-4.259095,51,558.494743
-4.660337,51,558.672523
-4.451038,51,558.839598
-4.704152,51,559.018012
-4.90803,51,559.20883
-4.588014,51,559.379881
-4.842787,51,559.608903
-4.521607,51,559.78684
-4.508982,51,559.951038
-4.496157,51,560.140609
-4.630803,51,560.305921
-4.457115,51,560.460318
-4.765015,52,560.617247
-4.74297,51,560.775478
-4.735583,51,560.963609
-4.780532,51,561.12528
-4.422231,51,561.285942
-4.747256,51,561.442507
-4.534698,51,561.641733
-4.607209,51,561.796344
-4.68505,51,561.983445
-4.833904,51,562.227294
-4.618746,51,562.38655
-4.683251,51,562.551525
-4.747055,52,562.715788
-5.007958,52,562.894843
-4.664297,51,563.051398
-4.568567,51,563.220078
-4.99,51,563.378378
-4.456653,51,563.533843
-4.623585,51,563.720583
-4.936634,51,563.901493
-4.87,51,564.071486
-4.62,51,564.244215
-4.635082,51,564.402441
-4.911832,51,564.603328
-4.385086,51,564.780028
-4.557795,51,564.946303
-4.492317,51,565.116908
-4.472436,51,565.284057
-5.087986,51,565.45796
-4.662374,51,565.639849
-4.428361,51,565.80756
-4.504216,51,565.964824
-4.367858,51,566.119706
-4.512494,51,566.277567
-4.702172,51,566.452099
-4.479812,51,566.609336
-4.45712,51,566.766675
-4.736446,51,566.930878
-4.570808,51,567.093407
-4.90013,52,567.292713
-4.69,51,567.463907
-4.66242,51,567.643574
-4.760184,52,567.813341
-4.728338,51,567.981606
-4.555811,51,568.171344
-4.769394,52,568.331338
-4.477798,52,568.500041
-4.645672,51,568.678252
-4.745568,52,568.861353
-4.885099,52,569.029751
-4.63263,51,569.201453
-4.785125,51,569.388442
-4.905764,51,569.571528
-4.345285,51,569.756956
-4.664958,51,569.918153
-4.688209,52,570.082619
-4.417139,51,570.246655
-4.852078,52,570.408885
-4.640044,52,570.59293
-4.621418,51,570.758572
-4.564346,51,570.931586
-3.986049,52,571.096251
-4.551118,51,571.277648
-4.694577,52,571.44055
-4.08342,51,571.603767
-4.670445,51,571.767598
-4.516481,51,571.930029
-4.777092,51,572.140494
-4.407697,51,572.302985
-4.362611,52,572.465241
-4.335753,51,572.630464
-4.10326,51,572.789654
-4.486339,51,572.96508
-4.381221,51,573.126316
-4.760414,51,573.285912
-4.375192,51,573.448893
-4.190661,51,573.620428
-4.217707,51,573.784895
-4.413405,51,573.975657
-4.351564,51,574.140714
-4.752399,51,574.301557
-4.307574,51,574.463383
-4.673931,51,574.622214
-4.411545,51,574.802648
-4.247061,51,574.968942
-4.531562,51,575.151811
-4.429484,51,575.326016
-4.702547,51,575.499041
-4.801902,51,575.671494
-4.710307,52,575.832523
-4.595471,52,576.002055
-4.214264,51,576.181806
-4.691275,52,576.378645
-4.173329,51,576.602709
-4.782663,51,576.776855
-3.924891,51,576.955662
-4.522322,52,577.142666
-4.468366,51,577.306624
-4.268684,51,577.494381
-4.537576,52,577.680616
-4.397853,51,577.84276
-4.462917,51,578.004367
-4.099309,51,578.169382
-4.712346,51,578.356273
-4.882366,51,578.52065
-4.622901,51,578.688504
-4.414547,51,578.859653
-3.956545,51,579.044929
-4.382181,51,579.24836
-4.417003,51,579.412255
-4.751708,51,579.577528
-4.427096,51,579.741435
-4.675965,51,579.903989
-4.751889,51,580.083071
-4.509319,52,580.249635
-4.456557,51,580.418208
-4.746718,51,580.583183
-4.419789,51,580.746378
-4.138324,51,580.931168
-4.400892,51,581.094344
-4.06801,51,581.261938
-4.315734,51,581.431868
-4.550348,52,581.597263
-4.460224,51,581.782286
-4.289274,51,581.952381
-4.512858,51,582.120141
-4.367707,51,582.289994
-4.353711,52,582.458614
-4.534724,52,582.652215
-4.285602,52,582.818238
-4.46864,51,582.980632
-4.224983,51,583.154486
-4.382255,51,583.316112
-4.271432,51,583.499108
-4.085194,52,583.660773
-4.160149,51,583.824274
-4.192211,51,583.996927
-4.418169,51,584.177544
-4.125949,51,584.37874
-4.49349,51,584.554254
-4.355503,52,584.739646
-4.106963,51,584.920524
-4.376139,51,585.093196
-4.556918,51,585.283539
-4.372275,51,585.461892
-4.2246,51,585.643199
-4.467741,52,585.826286
-4.251234,51,586.001426
-4.28,51,586.193055
-4.450904,51,586.370244
-4.767032,51,586.558745
-4.338942,52,586.737389
-4.22025,51,586.91229
-4.420991,51,587.110395
-4.228206,52,587.287273
-4.294179,52,587.478822
-3.750068,51,587.665348
-3.894993,51,587.860794
-4.657464,52,588.071911
-4.41493,51,588.252778
-4.384271,51,588.427167
-4.36238,51,588.626105
-4.108177,51,588.811519
-3.877872,51,589.025879
-4.331295,52,589.220703
-4.474738,51,589.413671
-4.630137,51,589.604105
-4.098371,52,589.828243
-4.434855,51,590.030939
-4.466262,51,590.235123
-4.329387,51,590.417681
-4.385599,51,590.61025
-4.198711,51,590.811742
-4.751837,52,591.053671
-4.356427,51,591.243353
-4.461547,51,591.421342
-4.513952,52,591.614401
-4.186852,51,591.856745
-4.457151,52,592.075629
-4.39078,51,592.290792
-4.261282,51,592.495299
-4.625741,51,592.68337
-4.357098,51,592.885709
-4.871845,52,593.070569
-4.557683,51,593.258919
-4.809776,51,593.448017
-4.281645,52,593.63526
-4.274689,52,593.847558
-4.383324,51,594.039356
-4.75,51,594.248966
-4.03703,51,594.443696
-4.236179,51,594.632415
-4.533877,52,594.838751
-4.599452,51,595.033732
-4.563737,51,595.207847
-4.3279,51,595.386371
-4.610025,52,595.559166
-4.53694,51,595.752162
-4.424935,52,595.925647
-4.420428,51,596.089321
-4.310082,51,596.252163
-4.532797,52,596.442198
-4.493564,51,596.592898
-4.171132,51,596.74995
-4.701371,51,596.905548
-4.589937,51,597.061976
-4.440426,51,597.205259
-4.54655,51,597.36459
-4.403244,51,597.517872
-4.471,51,597.687169
-4.007663,51,597.855768
-4.390791,52,598.027665
-4.839391,52,598.203874
-4.795772,51,598.346977
-4.521542,52,598.489019
-4.040415,51,598.639334
-4.48038,51,598.800415
-4.533774,51,598.941674
-4.609346,51,599.086468
-4.228257,52,599.24497
-4.410352,52,599.393742
-4.357368,51,599.548669
-4.788995,51,599.694977
-4.261691,51,599.857542
-4.542749,51,600.005311
-4.10444,51,600.145527
-4.341863,52,600.307558
-4.259124,52,600.463066
-4.424828,51,600.614317
-4.173254,52,600.773768
-4.532563,51,600.938741
-4.096508,51,601.131335
-4.342288,51,601.297539
-4.438042,52,601.467493
-4.641527,51,601.634119
-4.136434,52,601.827077
-4.099966,51,601.993829
-4.189897,51,602.160424
-4.291319,51,602.334144
-4.147844,51,602.505958
-4.463186,51,602.666888
-4.393862,51,602.841251
-3.926711,51,602.99131
-4.007054,51,603.151889
-4.33141,51,603.308722
-4.657257,52,603.467166
-4.195856,51,603.663577
-4.430175,51,603.834127
-4.418122,51,604.004996
-4.400133,51,604.174058
-4.520367,51,604.340937
-4.014429,51,604.516521
-4.529115,51,604.661746
-4.271639,51,604.808261
-4.292527,52,604.956867
-4.509708,51,605.09937
-4.151436,51,605.261307
-3.903894,51,605.405377
-3.930104,51,605.55184
-4.191742,51,605.709181
-4.362498,51,605.854264
-4.318676,52,606.01696
-4.147816,51,606.178143
-4.063216,51,606.33391
-4.268377,51,606.502253
-4.396796,51,606.670671
-4.484041,52,606.865437
-4.574352,51,607.032181
-4.501993,52,607.199972
-4.566955,51,607.362542
-4.188142,51,607.530083
-4.3756,52,607.726457
-4.546028,51,607.894773
-4.587729,51,608.061782
-4.362576,51,608.227027
-4.082425,51,608.381728
-4.590803,51,608.555018
-3.910238,51,608.726577
-4.09054,51,608.896021
-4.306075,51,609.078809
-4.283841,51,609.229809
-4.264812,51,609.393961
-4.30913,52,609.541772
-4.186304,51,609.684225
-4.316178,51,609.826505
-3.952429,51,609.970346
-4.34743,51,610.126974
-4.337611,51,610.27066
-4.613811,51,610.412002
-4.543686,51,610.55346
-4.348312,51,610.696829
-3.978344,51,610.839059
-4.317619,51,610.999729
-4.19277,51,611.153394
-4.331359,52,611.310878
-4.179877,51,611.45789
-4.609499,51,611.611866
-4.226733,51,611.793859
-4.377502,51,611.958719
-4.129303,51,612.114305
-4.400309,51,612.2651
-4.228455,51,612.415252
-4.443564,52,612.582085
-4.390397,51,612.741715
-4.164205,52,612.897281
-4.330599,52,613.052859
-4.730701,52,613.21903
-4.59715,51,613.367552
-4.338665,51,613.514246
-4.446095,51,613.661685
-4.215366,51,613.812148
-4.385645,51,613.975786
-4.285852,51,614.123483
-4.534384,51,614.274135
-4.383626,51,614.427005
-4.38549,51,614.572953
-4.197661,51,614.717186
-3.956078,51,614.881356
-4.317001,51,615.026687
-4.375709,51,615.172818
-4.296096,52,615.31703
-4.311221,51,615.462374
-3.962627,51,615.622451
-4.150151,51,615.765755
-4.253938,51,615.912276
-4.271153,52,616.06093
-4.189567,51,616.209146
-4.691742,51,616.383447
-4.159051,51,616.526658
-4.154612,51,616.672721
-3.841305,51,616.822082
-4.420587,51,616.968035
-4.31353,51,617.132893
-3.978945,52,617.281398
-4.465032,51,617.435344
-4.7363,51,617.601913
-4.352779,51,617.778512
-4.510097,51,617.976091
-4.178011,51,618.137401
-4.212978,51,618.30003
-4.265312,51,618.470706
-4.360736,51,618.619412
-4.331606,52,618.797871
-4.036477,52,618.956148
-4.468561,51,619.106146
-4.180531,51,619.256966
-4.610944,51,619.425733
-4.22105,51,619.603051
-4.464017,51,619.79197
-4.276597,51,619.958888
-4.208736,51,620.110828
-4.397887,51,620.256604
-4.192191,51,620.417031
-4.270755,51,620.560788
-4.409971,51,620.705499
-4.088349,51,620.851825
-4.329762,51,620.998504
-4.038395,51,621.171853
-4.343663,51,621.363582
-3.475982,51,621.519888
-4.118343,51,621.661493
-4.269494,51,621.804724
-4.195035,51,621.959064
-4.126618,51,622.141241
-4.263441,51,622.285221
-3.94597,52,622.433751
-4.142221,51,622.604505
-4.175713,51,622.782267
-4.010636,52,622.949152
-4.295887,52,623.101566
-4.330283,51,623.244384
-4.498305,52,623.387646
-4.310295,51,623.553669
-4.053131,51,623.721739
-4.046025,51,623.889899
-4.107361,51,624.058117
-4.128501,52,624.234274
-4.061634,51,624.442639
-3.870551,51,624.613624
-3.741283,51,624.785732
-3.599766,51,624.958654
-3.788989,52,625.123746
-3.596975,51,625.295194
-3.331064,51,625.439114
-3.061743,52,625.585646
-2.896022,51,625.73759
-3.006622,51,625.90636
-2.931414,51,626.100017
-3.099144,52,626.271538
-2.844835,51,626.43951
-3.240965,51,626.608064
-2.964064,51,626.767152
-2.880494,51,626.951056
-3.581191,51,627.117585
-2.876287,51,627.289503
-3.004704,51,627.465897
-3.156287,51,627.636193
-3.576285,51,627.810479
-2.84788,52,628.016184
-3.207628,51,628.179989
-3.099428,51,628.332772
-3.006153,51,628.494602
-3.346526,51,628.652132
-3.109015,51,628.84665
-3.125408,52,629.008763
-3.466114,51,629.169922
-3.122212,51,629.331076
-3.043181,51,629.492606
-3.297199,51,629.672938
-3.23338,51,629.841726
-3.15905,51,630.013362
-3.293118,51,630.172413
-3.538031,51,630.333726
-3.570741,51,630.523799
-3.299831,51,630.696039
-3.459398,51,630.856733
-3.325162,51,631.021212
-3.410451,51,631.170965
-3.577008,51,631.34993
-3.32082,51,631.521478
-3.194599,51,631.675156
-3.287043,51,631.819247
-3.080332,51,631.970157
-3.402962,51,632.130183
-2.846838,52,632.319875
-3.122831,52,632.489109
-3.349273,51,632.66219
-3.156949,51,632.834617
-3.191703,52,633.031195
-3.486927,51,633.202199
-3.499468,51,633.3828
-3.093008,52,633.554789
-3.624655,51,633.725655
-3.474249,51,633.922126
-3.413295,51,634.101514
-3.29352,51,634.283113
-3.74979,51,634.473646
-3.534187,51,634.647222
-3.330329,51,634.82863
-3.210962,52,635.002498
-3.516375,51,635.168617
-3.825751,52,635.334287
-3.478606,51,635.501951
-3.677126,51,635.700024
-3.386441,51,635.868599
-3.761669,51,636.032647
-3.780956,52,636.197004
-3.684293,51,636.359792
-3.820021,52,636.543351
-3.899493,51,636.706405
-3.574523,51,636.871811
-3.878286,51,637.037471
-4.012667,51,637.220609
-3.875598,52,637.426365
-4.41445,51,637.616882
-4.150247,51,637.807221
-4.448458,51,637.991591
-4.209209,51,638.174922
-4.294289,51,638.377445
-3.916708,51,638.548387
-4.238937,51,638.732954
-4.360464,51,638.913542
-4.718683,51,639.082264
-4.156289,51,639.271404
-4.278186,51,639.427613
-3.636742,51,639.572794
-4.196521,51,639.722243
-4.218169,51,639.874756
-4.077275,51,640.033066
-4.278638,52,640.215786
-4.361944,51,640.375999
-3.789952,51,640.524781
-4.03512,51,640.687041
-4.081363,51,640.857523
-3.708507,51,641.048748
-3.991802,51,641.196821
-4.212557,51,641.338177
-3.259384,52,641.49279
-3.926729,51,641.647949
-3.919505,51,641.809145
-3.864389,51,641.955814
-3.413839,51,642.105225
-3.787129,51,642.2472
-3.814733,51,642.396066
-3.67261,51,642.566966
-3.856204,52,642.723707
-3.738017,51,642.877228
-3.297385,51,643.036087
-3.668588,51,643.190271
-3.537506,51,643.361191
-3.438805,51,643.511172
-3.060772,51,643.661673
-3.566913,51,643.808539
-3.726262,51,643.954006
-3.484036,51,644.117828
-3.761767,51,644.273006
-3.174477,51,644.422945
-3.636906,51,644.570081
-3.67515,52,644.714216
-3.45439,51,644.879937
-3.973294,51,645.03769
-3.574327,52,645.189771
-4.210551,51,645.339218
-3.981884,51,645.492314
-3.812593,52,645.694379
-3.655701,51,645.863138
-3.552673,51,646.031512
-3.979936,51,646.203795
-3.590251,51,646.382104
-3.815995,52,646.573244
-3.869684,51,646.724846
-3.655322,51,646.863024
-4.108596,52,647.008708
-3.831289,51,647.161423
-4.065885,51,647.348123
-3.592035,51,647.500605
-4.122819,51,647.65296
-3.795491,51,647.804798
-3.811196,51,647.952259
-3.60794,51,648.137018
-3.95719,51,648.326314
-3.839491,51,648.511774
-4.038215,51,648.674075
-3.857014,52,648.839055
-3.839731,51,649.010554
-3.744453,51,649.165819
-3.982529,51,649.32408
-3.986751,51,649.484857
-3.994723,51,649.646454
-3.899663,51,649.810307
-3.81522,51,649.981624
-3.972775,51,650.124898
-3.635791,51,650.269198
-4.15433,52,650.432644
-4.074812,52,650.620248
-4.186869,51,650.770569
-4.13615,51,650.921458
-4.032205,51,651.088514
-4.139063,51,651.257136
-4.322909,52,651.452165
-4.233595,51,651.62016
-4.080318,51,651.792803
-3.98803,52,651.958434
-4.225733,51,652.115451
-4.091174,51,652.30629
-4.055577,51,652.476376
-4.301731,51,652.644668
-4.297719,51,652.813131
-3.560631,51,652.98179
-4.124993,51,653.150221
-3.948696,51,653.343536
-3.701476,51,653.513804
-4.230634,51,653.689069
-3.812718,51,653.865921
-3.872823,51,654.036536
-3.61735,51,654.212266
-3.702467,51,654.370112
-3.745982,51,654.524366
-3.635503,51,654.670319
-3.642828,51,654.812237
-3.752883,51,654.981386
-4.156507,51,655.131204
-4.197986,51,655.298556
-3.860152,51,655.45688
-3.774317,51,655.615775
-3.629411,51,655.782163
-3.875944,51,655.990244
-3.762801,52,656.188231
-3.700409,51,656.376023
-4.294288,51,656.545103
-4.03841,51,656.749029
-3.964785,51,656.947493
-3.826737,51,657.112214
-3.985747,51,657.364695
-4.125602,51,657.528986
-4.146838,51,657.691526
-3.868157,51,657.873878
-4.171238,51,658.040831
-4.044997,51,658.207027
-3.768455,51,658.381257
-4.289601,51,658.55859
-4.320246,51,658.75294
-3.580639,52,658.921133
-3.964238,51,659.100524
-3.847902,51,659.267656
-3.801383,51,659.433748
-3.846183,51,659.639459
-3.856577,51,659.814943
-3.550264,51,659.997566
-3.582242,52,660.163902
-3.860583,51,660.337184
-3.840397,51,660.546244
-3.549592,51,660.720331
-3.393237,51,660.889288
-3.784732,51,661.053617
-3.579676,51,661.22733
-3.877941,51,661.396935
-3.352919,51,661.592777
-3.998499,51,661.757846
-3.656653,51,661.913722
-3.673635,51,662.079763
-4.166402,51,662.240777
-3.556433,51,662.415463
-3.6823,51,662.578737
-3.901637,51,662.737405
-3.685642,51,662.915627
-3.847781,51,663.078539
-3.456244,51,663.271789
-3.642355,51,663.43114
-3.798608,51,663.60122
-3.763746,51,663.764755
-4.120308,51,663.924008
-3.752878,51,664.088064
-3.749607,51,664.269347
-3.830506,51,664.445807
-4.066417,52,664.618573
-4.29766,51,664.776467
-3.947211,51,664.940801
-3.928442,51,665.122101
-4.627942,52,665.283436
-4.035054,51,665.438225
-3.747819,51,665.600799
-3.993322,51,665.769611
-3.665595,51,665.966612
-3.45042,51,666.139554
-4.199352,51,666.308135
-3.90638,51,666.481649
-3.371371,51,666.648954
-3.569584,51,666.837998
-4.018822,51,667.015364
-3.5415,51,667.177636
-4.011453,51,667.340119
-3.511568,52,667.503701
-3.48372,51,667.683588
-3.774235,51,667.847123
-3.909051,51,668.011554
-3.63982,52,668.188058
-4.194983,52,668.373326
-3.72771,51,668.57411
-3.745388,51,668.733143
-3.376559,51,668.889679
-3.576212,51,669.046267
-3.781325,51,669.227644
-3.443364,51,669.417019
-3.657773,51,669.579974
-3.839774,51,669.738331
-3.547916,51,669.895422
-3.348367,51,670.0554
-3.990717,51,670.231341
-3.230443,51,670.399045
-3.741694,51,670.562633
-3.515206,51,670.71929
-3.586607,51,670.880053
-3.295507,51,671.04569
-3.42782,51,671.233533
-3.161193,52,671.409724
-3.625339,51,671.575341
-3.257813,52,671.750474
-3.541645,51,671.950498
-3.26856,51,672.11508
-3.584508,51,672.27735
-3.442067,51,672.441826
-2.989735,51,672.608088
-3.204778,51,672.773242
-2.886476,52,672.972882
-3.026391,51,673.146581
-3.420167,51,673.312227
-3.658126,51,673.481224
-3.304493,51,673.648453
-2.97694,51,673.825839
-3.124893,51,673.986259
-3.218053,51,674.152285
-3.493433,51,674.31481
-3.366167,51,674.476219
-3.199719,51,674.673657
-3.231041,51,674.845456
-2.958801,51,675.008765
-2.919024,51,675.17268
-3.29424,51,675.339446
-3.266462,51,675.537029
-2.944616,51,675.705365
-3.112964,51,675.877307
-3.018469,51,676.03929
-2.754047,51,676.200035
-3.88503,51,676.36158
-3.109854,51,676.550125
-3.188929,51,676.71915
-3.052341,51,676.88914
-2.889422,51,677.059753
-3.469954,51,677.223597
-3.205487,51,677.413829
-3.100581,51,677.595294
-2.973033,51,677.766539
-2.890853,51,677.936199
-2.884821,51,678.117154
-2.742581,51,678.309131
-2.962345,51,678.478819
-3.511279,51,678.646698
-2.808634,51,678.828075
-3.043508,52,678.99529
-3.063755,51,679.18365
-3.108381,52,679.357811
-3.313148,51,679.528633
-3.036375,52,679.699348
-2.822833,51,679.886156
-3.047283,51,680.14825
-3.133785,51,680.319557
-2.982177,51,680.496862
-2.64302,51,680.684143
-3.573965,51,680.861705
-2.924269,51,681.053026
-3.073357,51,681.221782
-3.455365,51,681.390163
-3.017056,51,681.560044
-3.390922,51,681.741514
-3.077134,52,681.932061
-3.181367,52,682.101023
-3.142127,51,682.269529
-2.915093,51,682.435135
-2.900396,51,682.603242
-2.898107,51,682.789973
-3.054116,51,682.955271
-3.360495,51,683.123451
-2.740703,52,683.294202
-2.913871,52,683.46
-3.155558,51,683.639947
-3.073444,51,683.804089
-2.874224,52,683.9765
-2.917606,52,684.1395
-3.041628,51,684.304649
-2.933335,51,684.494576
-3.235176,51,684.660395
-3.165257,51,684.825211
-2.972568,51,684.992499
-2.97153,51,685.163103
-3.278631,51,685.348116
-3.181508,51,685.511039
-2.930301,52,685.675149
-3.331078,51,685.84322
-3.030816,51,686.036094
-2.822329,52,686.253569
-3.248386,51,686.437297
-2.999292,52,686.625858
-3.166307,51,686.806115
-3.209275,51,686.983144
-3.456062,52,687.186989
-2.892809,51,687.388362
-3.027809,51,687.585563
-3.316766,51,687.773363
-3.565102,51,687.96047
-3.397729,51,688.176111
-3.376133,51,688.381231
-3.346056,51,688.572392
-2.951003,51,688.769022
-3.19259,51,688.943889
-3.070768,51,689.131408
-3.287131,51,689.307945
-3.183196,52,689.494574
-3.101652,52,689.683554
-2.958118,51,689.877817
-3.52886,51,690.087747
-2.711497,51,690.269134
-3.543983,52,690.476515
-3.005673,51,690.676177
-3.12344,51,690.856201
-3.325552,52,691.054523
-3.177297,51,691.234305
-3.353367,52,691.407238
-3.218062,51,691.597863
-3.206385,51,691.825883
-3.137501,51,692.013878
-2.733857,51,692.211153
-2.877367,51,692.416169
-2.780095,51,692.628091
-3.116514,51,692.833999
-2.91656,52,693.051812
-2.983955,51,693.256724
-2.746694,51,693.468559
-3.00018,51,693.687316
-2.975348,51,693.913163
-2.816902,51,694.17995
-2.921517,51,694.401892
-2.855573,51,694.599127
-3.033407,52,694.793284
-2.920917,52,695.013361
-2.703526,51,695.212974
-2.887489,51,695.402492
-3.051614,51,695.591554
-2.815443,51,695.783482
-2.810926,51,695.973509
-2.851971,51,696.180098
-3.236029,51,696.369564
-3.253073,51,696.555884
-2.831152,51,696.742917
-3.124817,51,696.932613
-2.800511,51,697.127584
-3.300387,51,697.286093
-2.690945,51,697.447461
-2.915986,51,697.607499
-2.798788,51,697.772084
-2.858409,51,697.954648
-3.213445,52,698.12821
-2.99795,51,698.293764
-3.146658,51,698.466692
-3.068038,51,698.639678
-3.407637,51,698.827644
-3.187508,51,698.984028
-3.028105,51,699.143088
-3.474461,51,699.304498
-3.203777,51,699.469013
-3.255295,51,699.650489
-3.377969,51,699.852809
-2.622159,51,700.020058
-3.65724,51,700.175131
-2.980004,52,700.345081
-2.764557,51,700.502894
-2.946091,51,700.691761
-2.544583,51,700.875581
-2.980419,51,701.036454
-2.722149,51,701.194036
-2.917863,51,701.351457
-2.721604,51,701.529976
-2.706761,51,701.694635
-3.025785,51,701.868285
-2.831142,51,702.026523
-2.974551,52,702.186109
-3.177565,51,702.363244
-2.715383,51,702.537288
-2.943119,51,702.710941
-2.694958,51,702.902721
-3.070321,51,703.091239
-2.782527,51,703.298482
-3.529209,51,703.484049
-3.037157,51,703.653606
-2.865607,52,703.848033
-2.977356,51,704.021823
-3.043294,51,704.223448
-2.929579,51,704.40754
-3.169654,51,704.572201
-3.106144,51,704.751865
-3.053543,51,704.914675
-2.968954,52,705.097404
-2.712743,51,705.266104
-3.045866,51,705.42679
-3.366266,51,705.589671
-3.199799,51,705.740874
-2.943507,51,705.901078
-3.0492,51,706.094251
-3.30675,51,706.263539
-2.660783,51,706.433826
-2.611653,52,706.606316
-2.95572,51,706.776993
-3.120525,52,706.981277
-2.648151,51,707.161126
-2.344776,51,707.343759
-2.802099,51,707.534432
-2.64876,51,707.711601
-2.680331,52,707.89534
-2.93377,51,708.056863
-2.663518,51,708.22003
-2.484981,51,708.396837
-3.007258,52,708.585527
-2.636646,51,708.755985
-2.886442,51,708.92874
-2.602971,51,709.095314
-2.646399,51,709.25553
-2.731257,51,709.419896
-2.410554,52,709.605736
-2.911137,51,709.768306
-2.502728,51,709.930807
-2.861162,51,710.089745
-3.140549,51,710.248257
-2.998803,51,710.433002
-3.068057,51,710.592989
-2.895148,51,710.752329
-2.592913,51,710.914418
-2.839001,51,711.073792
-2.85937,51,711.260011
-2.747782,51,711.417931
-2.713591,51,711.574144
-2.828917,51,711.727442
-3.202175,52,711.873133
-3.029995,51,712.046422
-2.613955,51,712.196398
-3.022761,52,712.363581
-2.968739,52,712.534937
-3.026499,52,712.729621
-2.611108,52,712.899282
-2.864311,51,713.067112
-2.534056,51,713.239912
-3.037151,51,713.415772
-2.814565,51,713.585435
-2.537667,51,713.74763
-2.618194,51,713.916126
-2.249695,51,714.084358
-2.684838,51,714.252707
-2.66288,51,714.420448
-2.559493,51,714.599782
-2.525176,51,714.750606
-2.751092,51,714.911683
-2.420271,51,715.079606
-2.872604,52,715.249578
-2.711026,51,715.44312
-2.874609,51,715.612633
-2.630296,51,715.7835
-2.824551,52,715.958325
-2.09004,51,716.133042
-2.622712,51,716.321357
-2.463945,51,716.474257
-2.521678,51,716.636653
-2.608744,52,716.794488
-2.760206,51,717.004241
-2.855158,51,717.196554
-3.121537,51,717.355013
-2.754693,51,717.516033
-3.040319,52,717.68261
-3.031651,51,717.840134
-2.597707,51,718.008873
-3.023573,51,718.159756
-2.537241,51,718.320284
-2.635706,52,718.510236
-2.626141,52,718.681057
-2.7865,51,718.828149
-3.228489,51,718.974422
-2.811733,51,719.126414
-2.948152,51,719.276101
-2.581742,51,719.426395
-3.096996,51,719.588397
-2.659757,51,719.744273
-3.059214,51,719.896123
-3.134575,51,720.04799
-2.744304,52,720.203574
-2.752287,52,720.37184
-2.918921,51,720.520165
-2.82139,51,720.670539
-2.662791,51,720.817638
-2.900106,51,720.961292
-2.474911,51,721.122332
-2.91905,51,721.277595
-2.748966,51,721.434518
-2.883392,52,721.60108
-2.706359,52,721.795606
-2.426074,51,721.951466
-2.604786,51,722.109032
-2.708403,51,722.254641
-3.023608,51,722.413503
-2.633413,51,722.577099
-2.639834,51,722.769207
-2.711623,51,722.938154
-3.113671,52,723.108455
-2.615267,51,723.269833
-2.835508,51,723.423283
-2.943354,51,723.58926
-2.810354,51,723.74022
-3.012095,52,723.888214
-2.772218,51,724.030502
-2.898669,52,724.210767
-2.631127,51,724.384922
-2.859589,51,724.559071
-2.519975,51,724.711289
-2.591807,51,724.853635
-2.713567,51,724.997267
-2.459159,51,725.182224
-2.951951,51,725.354268
-2.672663,51,725.5281
-2.66473,51,725.70909
-2.47622,51,725.871616
-1.975129,51,726.029452
-2.743688,51,726.171976
-2.791179,51,726.336867
-2.889009,51,726.506084
-2.681996,51,726.663494
-2.308564,51,726.834923
-2.820372,51,726.979279
-3.19824,52,727.126164
-2.576729,51,727.278118
-2.833273,52,727.438426
-2.9032,51,727.617772
-3.024731,51,727.781146
-3.125403,52,727.940411
-2.845978,51,728.09492
-2.485913,51,728.254339
-2.671226,51,728.448267
-2.630837,51,728.617497
-2.482438,52,728.788461
-2.881091,51,728.957397
-3.033012,51,729.124786
-2.182035,51,729.288322
-2.889166,51,729.444485
-2.537908,51,729.597329
-2.616115,51,729.748397
-2.46158,52,729.921259
-2.73573,51,730.114886
-2.678614,52,730.291694
-2.737887,51,730.464061
-2.951515,51,730.63402
-2.913422,51,730.801745
-2.481652,51,730.99552
-2.606231,51,731.164389
-2.270532,51,731.333976
-2.944119,51,731.497506
-2.330755,51,731.652982
-2.944519,52,731.825999
-3.097695,51,731.992019
-2.718737,52,732.161823
-2.711206,52,732.336193
-2.343979,51,732.508862
-2.85745,51,732.690702
-2.878575,51,732.847948
-2.748298,51,732.999736
-2.682367,51,733.154216
-2.885617,51,733.310767
-2.679009,51,733.501946
-2.503378,51,733.65027
-2.954742,51,733.799733
-2.5538,51,733.942846
-3.031856,51,734.100562
-2.64278,51,734.294362
-2.818969,51,734.463233
-2.516733,51,734.631326
-2.894244,52,734.8027
-3.071705,51,734.972076
-2.729171,52,735.16137
-2.671728,52,735.319706
-2.824842,52,735.480952
-2.589379,52,735.63407
-3.011771,51,735.820324
-3.275312,51,735.988307
-2.682542,51,736.156481
-3.11711,52,736.326687
-2.799099,51,736.494672
-2.960323,51,736.68658
-2.528726,52,736.85641
-2.761644,51,737.02305
-2.75634,51,737.191382
-2.929304,51,737.357747
-2.600819,51,737.55408
-2.785198,51,737.71454
-2.859411,52,737.875394
-2.748142,51,738.031105
-2.409091,51,738.197211
-2.842341,52,738.391763
-2.690133,51,738.555129
-2.775174,51,738.700555
-2.844598,51,738.852827
-2.511899,51,739.001128
-2.355266,51,739.166004
-2.521571,51,739.313619
-2.657843,51,739.460793
-2.259235,51,739.61295
-2.60624,51,739.769288
-2.495291,51,739.91991
-2.566715,51,740.106557
-2.901892,51,740.292334
-2.932123,51,740.462554
-2.441851,52,740.631913
-3.010037,51,740.78903
-2.291186,51,740.964547
-2.617365,52,741.118056
-2.544964,51,741.282894
-2.5231,52,741.453265
-2.690249,51,741.621012
-2.920218,51,741.761912
-2.594503,51,741.904222
-2.509768,51,742.049867
-2.651787,51,742.205765
-2.18858,51,742.379723
-2.875512,51,742.603403
-2.880514,51,742.763377
-2.456711,51,742.940065
-2.525747,51,743.120208
-2.567257,52,743.308849
-2.79954,51,743.511738
-2.603447,51,743.676114
-2.343041,51,743.840834
-2.672628,51,744.011082
-2.881646,51,744.182052
-2.761417,51,744.378412
-2.651958,51,744.554668
-2.779061,51,744.733777
-2.788437,51,744.92414
-2.811157,51,745.119202
-2.646058,51,745.370676
-2.646272,52,745.549309
-2.686243,51,745.731307
-2.792035,51,745.906642
-2.619769,51,746.091823
-2.677616,51,746.2864
-3.128875,51,746.45118
-2.113157,51,746.631997
-2.415391,52,746.813903
-2.328656,52,746.98716
-2.853117,51,747.184651
-2.910823,51,747.358699
-2.479188,51,747.541901
-2.410345,52,747.730831
-2.687684,51,747.921276
-2.26653,51,748.128335
-2.754423,51,748.31364
-2.934213,52,748.495269
-2.906667,51,748.667851
-2.846782,51,748.841582
-2.867691,51,749.025355
-2.822221,51,749.190416
-2.672462,51,749.349261
-2.917559,51,749.510691
-2.399896,51,749.670224
-2.697849,52,749.864983
-2.248977,52,750.02424
-2.654989,51,750.184579
-2.461664,51,750.341384
-2.733557,51,750.503555
-2.774805,51,750.716539
-3.231618,51,750.877415
-2.546153,51,751.068391
-2.297046,51,751.249711
-2.551507,51,751.424701
-2.363812,51,751.614567
-2.281256,51,751.781238
-2.322604,51,751.954017
-2.054971,51,752.118332
-2.966779,52,752.280064
-2.434397,51,752.461656
-2.486572,51,752.625868
-2.350711,51,752.787646
-2.437511,51,752.947798
-2.253911,51,753.109506
-2.407068,51,753.274756
-2.333967,51,753.469357
-2.305644,52,753.658233
-2.106022,51,753.817885
-2.383078,51,753.972826
-2.15322,51,754.129345
-2.255491,51,754.311317
-2.319826,51,754.47366
-2.392168,51,754.641355
-2.343835,51,754.839895
-2.714254,51,755.026585
-2.381024,51,755.242289
-2.267885,51,755.423732
-2.405188,52,755.607635
-2.251209,51,755.775467
-2.238211,51,755.957462
-2.338389,51,756.181226
-2.286264,51,756.345283
-2.408737,51,756.52639
-2.36988,51,756.687384
-2.103692,51,756.846225
-2.564484,51,757.032781
-2.236514,51,757.196001
-1.936154,51,757.363803
-2.34914,51,757.525478
-2.299413,51,757.68585
-2.055339,51,757.861802
-2.227247,51,758.06178
-1.94083,51,758.227287
-2.23874,51,758.392137
-2.104128,51,758.55268
-2.329174,51,758.721531
-2.138813,52,758.90286
-2.228148,51,759.067325
-2.541826,51,759.224646
-2.230533,51,759.381614
-2.43011,51,759.546359
-2.044289,51,759.7346
-2.348529,51,759.907158
-2.080714,51,760.074763
-2.777633,51,760.243413
-2.431041,51,760.400859
-2.156702,52,760.57504
-2.183327,52,760.733098
-2.561547,52,760.899665
-2.420677,51,761.073343
-2.387389,52,761.282673
-2.132158,52,761.456671
-2.254599,51,761.65265
-2.054936,51,761.863872
-2.367666,52,762.178056
-2.275356,51,762.443784
-2.176547,51,762.608661
-2.184566,51,762.768117
-2.142982,51,762.929909
-2.82723,51,763.088465
-2.336794,51,763.268101
-2.541071,51,763.431191
-2.468096,51,763.597958
-2.612367,51,763.75929
-2.206056,52,763.916552
-2.608781,51,764.098977
-2.712544,51,764.26073
-2.280738,51,764.44728
-2.400736,51,764.607064
-2.268149,52,764.778367
-2.743911,51,764.963815
-2.405287,51,765.123886
-2.339268,52,765.28842
-2.661928,52,765.446428
-2.654443,52,765.605424
-2.792601,52,765.785077
-2.488084,51,765.946966
-2.579456,52,766.106422
-2.62394,51,766.2728
-2.775264,51,766.458532
-2.727147,51,766.658406
-2.906821,51,766.839325
-2.570053,51,767.025035
-2.541283,51,767.20463
-2.36573,51,767.381351
-2.805329,51,767.577139
-2.761401,51,767.735285
-2.871993,51,767.891283
-2.5689,52,768.056217
-2.546139,51,768.234479
-2.710921,51,768.407503
-2.789699,51,768.567024
-2.394689,52,768.743575
-2.312062,51,768.919536
-2.617979,51,769.081132
-2.680207,51,769.26863
-2.796276,51,769.443671
-2.737695,52,769.606152
-2.946288,51,769.775475
-2.333784,51,769.931853
-2.459512,51,770.116995
-2.160059,51,770.277417
-2.709122,52,770.438275
-2.810705,51,770.60199
-2.572116,52,770.801751
-2.545726,51,770.963169
-2.455871,52,771.133783
-2.446523,52,771.301005
-2.027664,51,771.467782
-2.792128,51,771.683006
-2.785656,51,771.860772
-2.46455,51,772.03914
-2.077992,51,772.205938
-2.218889,52,772.367325
-2.221912,51,772.547339
-2.257277,51,772.7039
-2.711085,51,772.863589
-2.247827,52,773.027071
-2.759981,51,773.185316
-2.268325,51,773.356898
-2.630271,51,773.515734
-2.286799,51,773.673183
-2.517721,51,773.84099
-2.516834,51,774.019572
-2.257656,52,774.203729
-2.338316,51,774.364544
-2.561858,51,774.523069
-2.289245,51,774.684366
-2.520094,51,774.843195
-2.786722,51,775.018984
-2.517081,51,775.181146
-2.335976,51,775.337398
-2.538823,51,775.494491
-2.296199,52,775.654575
-2.268737,51,775.832509
-2.259164,51,775.990054
-2.407796,51,776.151377
-2.347554,51,776.312905
-2.11318,51,776.473875
-2.454749,51,776.633794
-2.662112,51,776.824844
-2.511299,51,776.996532
-2.455632,51,777.160046
-2.286243,51,777.322221
-2.135576,51,777.483848
-2.339877,51,777.679976
-2.42598,51,777.84677
-2.254334,51,778.012814
-2.293027,51,778.178231
-2.518986,51,778.33729
-2.162987,51,778.514082
-2.160349,52,778.676099
-2.302772,52,778.835664
-2.148555,51,779.005446
-2.413036,51,779.170826
-2.410906,51,779.351311
-2.237153,51,779.509583
-2.542387,51,779.663845
-2.397699,51,779.823072
-2.349244,51,779.986021
-2.743382,51,780.166448
-2.473759,51,780.329474
-2.498536,51,780.487299
-2.155557,51,780.639697
-2.528988,51,780.798262
-2.826284,51,780.96366
-2.213514,51,781.149718
-2.304426,51,781.322754
-2.116351,51,781.505591
-2.75791,51,781.671039
-2.091323,51,781.828594
-1.749183,51,782.021698
-2.410416,51,782.197362
-2.410013,51,782.356715
-2.084512,51,782.517976
-2.345244,52,782.679681
-2.403744,52,782.855949
-2.107874,51,783.019288
-2.252803,51,783.183116
-2.31811,51,783.346286
-2.169665,51,783.517606
-2.350326,51,783.698902
-2.110553,51,783.871689
-2.318767,51,784.037433
-2.126613,51,784.199231
-2.110222,51,784.354925
-1.917017,51,784.533066
-2.454415,51,784.688669
-2.113657,51,784.843144
-2.178908,52,785.002194
-2.443995,51,785.159419
-2.49828,51,785.357625
-2.425204,52,785.551079
-2.256991,52,785.711829
-2.272601,51,785.875753
-2.0895,51,786.029697
-2.412702,51,786.211477
-2.360732,51,786.382314
-2.151534,51,786.547016
-2.480807,51,786.719
-1.915571,51,786.896904
-2.109973,51,787.080532
-2.457716,52,787.243566
-2.273875,51,787.396591
-2.246157,51,787.558138
-2.385564,51,787.712493
-2.232772,51,787.888169
-2.088291,51,788.048634
-2.230938,52,788.209214
-2.070134,51,788.3698
-2.087818,51,788.5396
-1.952371,51,788.741382
-2.242396,51,788.906043
-1.874567,51,789.059135
-1.811108,51,789.214717
-2.293232,51,789.369509
-2.13395,51,789.531257
-2.180931,51,789.724362
-2.030423,51,789.89625
-2.16531,52,790.066767
-2.147642,51,790.226465
-2.241029,51,790.381459
-2.330539,51,790.55321
-2.384115,52,790.712195
-1.854623,51,790.868346
-2.428456,51,791.027071
-2.098883,51,791.186891
-2.081962,51,791.368822
-2.530801,51,791.550497
-2.25036,51,791.718236
-2.487209,51,791.876342
-2.754294,51,792.029334
-2.067763,51,792.205154
-2.740977,51,792.375211
-2.524075,51,792.53503
-2.550575,51,792.70765
-2.502095,51,792.881435
-2.353616,51,793.094341
-2.169045,51,793.282655
-2.507167,51,793.447164
-2.276738,51,793.607713
-2.429803,51,793.770309
-2.432331,51,793.945617
-2.509195,51,794.139059
-2.027915,51,794.308996
-2.341084,51,794.472851
-2.05218,51,794.633796
-2.100489,51,794.797195
-2.16953,51,794.984748
-2.336026,51,795.156659
-2.016735,51,795.336851
-2.503102,51,795.513801
-2.354787,51,795.673882
-2.117046,51,795.85667
-2.219459,51,796.02645
-2.588044,51,796.189681
-2.351846,51,796.351233
-2.321128,51,796.528195
-2.316905,51,796.715943
-2.685994,51,796.929039
-1.913114,51,797.10051
-2.269197,51,797.260429
-2.37418,51,797.421629
-2.226363,51,797.58475
-2.501357,51,797.755168
-2.134137,51,797.911185
-1.966499,51,798.084114
-2.188262,51,798.242972
-2.110681,52,798.42667
-2.216758,51,798.607902
-2.039384,51,798.780935
-2.189548,51,798.958251
-1.957028,51,799.161462
-2.275352,51,799.337099
-2.133361,51,799.534299
-2.458583,51,799.704935
-2.055099,51,799.872349
-2.29576,51,800.03231
-2.31693,51,800.189444
-2.22839,51,800.370528
-2.50829,51,800.574714
-2.233783,51,800.737581
-1.856299,51,800.902277
-2.043233,52,801.069107
-2.394878,51,801.241313
-1.917524,51,801.421827
-2.121784,51,801.582145
-2.144403,51,801.743134
-2.373023,51,801.907974
-1.953311,51,802.072781
-1.98691,52,802.267159
-2.065373,51,802.426446
-2.260993,51,802.591207
-2.363305,51,802.766102
-2.136097,51,802.932407
-2.372988,51,803.14505
-2.040203,51,803.332741
-1.794543,51,803.510045
-1.861644,51,803.681759
-1.954717,52,803.857698
-2.070722,51,804.052371
-2.284849,51,804.232665
-2.312619,52,804.403004
-2.341406,51,804.575151
-2.25113,51,804.742319
-2.143255,51,804.929361
-2.02728,52,805.083889
-2.094761,52,805.241934
-2.00646,51,805.399784
-2.139537,51,805.556829
-2.181951,51,805.733713
-2.215801,51,805.903889
-2.112941,51,806.071602
-2.001831,52,806.239373
-2.093684,51,806.40299
-2.190695,51,806.594942
-2.265402,51,806.762861
-2.036837,52,806.935791
-1.930434,51,807.11173
-2.058838,51,807.287197
-1.893037,51,807.479137
-1.974283,51,807.648385
-2.013066,51,807.806027
-1.995442,51,807.965527
-1.910397,52,808.124807
-2.001844,51,808.307894
-1.739288,51,808.474316
-1.991158,51,808.643757
-1.820852,51,808.805032
-2.124008,51,808.956981
-1.821454,52,809.139208
-2.038651,51,809.312198
-1.861292,51,809.483926
-1.939907,51,809.641202
-1.793132,51,809.799685
-1.891161,51,809.981471
-2.152303,51,810.144524
-1.817422,51,810.315531
-1.898604,51,810.492094
-1.601271,51,810.666653
-1.664961,51,810.851453
-2.29,51,811.022824
-2.113063,51,811.19755
-2.06338,51,811.377933
-1.967967,51,811.552363
-1.809981,51,811.717327
-1.902662,51,811.904526
-2.167355,51,812.092582
-1.816007,51,812.268295
-1.829213,51,812.442355
-2.260991,51,812.617988
-2.13988,51,812.809027
-2.014551,51,812.987407
-1.83069,51,813.148869
-1.95597,51,813.305143
-2.140252,51,813.468497
-2.150797,51,813.647268
-1.814683,52,813.807349
-2.039714,51,813.973054
-1.912394,51,814.162204
-1.770238,51,814.342268
-2.113888,51,814.541662
-2.033502,51,814.710776
-2.091198,51,814.899954
-2.140561,51,815.074974
-2.256363,51,815.239306
-2.17893,51,815.405582
-1.838097,51,815.596372
-2.124462,51,815.768528
-1.986311,51,815.943046
-2.20268,51,816.10237
-2.112389,51,816.255936
-2.067382,51,816.427981
-1.827453,51,816.583242
-1.996156,51,816.74014
-1.912342,51,816.89646
-2.052694,52,817.064725
-1.783928,51,817.267184
-2.031763,51,817.436068
-2.005668,51,817.60272
-1.882809,51,817.770644
-1.797543,52,817.937493
-1.896524,51,818.121342
-1.978355,51,818.292403
-1.941,52,818.461656
-1.785292,51,818.633369
-1.905613,52,818.797574
-1.950343,51,818.975799
-2.154857,51,819.135351
-2.090906,51,819.295363
-1.88712,51,819.45885
-1.988461,52,819.622472
-2.065885,51,819.795938
-1.92245,51,819.95223
-1.969806,51,820.110174
-1.87502,51,820.268748
-1.576568,51,820.424084
-1.826988,51,820.597047
-1.875315,51,820.754553
-1.97147,51,820.910822
-2.190466,51,821.084545
-1.626164,52,821.275043
-1.877287,51,821.463369
-1.880427,51,821.619324
-1.865365,51,821.778864
-1.97281,51,821.936335
-1.939273,51,822.091955
-1.67783,51,822.26233
-1.752661,51,822.416887
-1.874238,51,822.577438
-1.964077,51,822.741081
-2.120165,51,822.904032
-1.783234,52,823.081916
-1.863753,51,823.238029
-1.999484,51,823.398158
-2.380586,51,823.554361
-1.856423,51,823.717588
-1.74783,51,823.872898
-2.386612,51,824.048519
-2.121063,51,824.209328
-2.123954,51,824.365856
-1.995813,51,824.524381
-1.753731,51,824.68909
-1.841987,51,824.86865
-1.806658,51,825.038339
-1.829867,51,825.20745
-1.769925,51,825.370758
-2.037929,51,825.537948
-1.774606,51,825.719237
-1.8798,51,825.889659
-1.903992,51,826.072407
-1.847946,51,826.260393
-1.971062,51,826.438414
-2.010263,51,826.598928
-1.692179,52,826.775088
-1.803682,51,826.937678
-1.852531,52,827.106094
-1.727305,51,827.278043
-1.965084,52,827.489113
-1.617291,51,827.663126
-1.640695,51,827.818972
-2.268097,52,827.986852
-1.745382,52,828.146283
-2.023572,51,828.327948
-1.736031,51,828.492842
-1.898384,51,828.659251
-1.794476,51,828.842211
-1.639085,51,829.023924
-1.921294,51,829.208734
-1.984764,51,829.366518
-1.877447,51,829.536233
-1.546545,51,829.709728
-1.862327,51,829.883238
-1.855596,51,830.058829
-1.889436,51,830.219583
-1.86893,51,830.373262
-2.08487,51,830.538974
-1.831966,51,830.705101
-2.180736,51,830.871928
-1.819587,51,831.059519
-1.765985,51,831.224649
-1.630862,51,831.39332
-1.813721,51,831.551481
-1.89648,51,831.711986
-1.805463,52,831.888853
-2.054466,51,832.047559
-1.681546,51,832.205169
-1.928676,52,832.371145
-1.908237,52,832.555478
-2.334512,51,832.719617
-1.705217,51,832.893185
-2.079874,51,833.0696
-1.954968,51,833.252781
-1.704721,51,833.434631
-2.116799,51,833.632249
-1.836902,51,833.851193
-1.939866,52,834.015573
-1.743957,51,834.18356
-1.722905,51,834.341858
-1.78004,51,834.523089
-1.976277,52,834.682109
-1.85447,51,834.857619
-1.863253,51,835.03149
-1.874532,51,835.206036
-2.105973,52,835.39106
-2.221562,51,835.551846
-2.084617,51,835.715649
-1.741154,51,835.876429
-1.968251,51,836.049134
-1.77552,51,836.235828
-1.805208,51,836.4149
-1.853951,51,836.584066
-1.898134,52,836.754603
-1.772411,52,836.955076
-1.824409,51,837.112264
-1.916122,51,837.274017
-1.931692,51,837.43241
-1.755698,51,837.593331
-1.79835,51,837.756546
-1.914428,51,837.936243
-1.884781,51,838.098361
-1.813015,51,838.270707
-1.979794,51,838.436207
-1.894344,51,838.604291
-2.156032,51,838.81834
-1.863833,51,838.996034
-1.568116,51,839.161617
-1.76159,51,839.333201
-1.74936,51,839.509338
-1.724053,51,839.699436
-1.62072,51,839.877996
-1.961138,52,840.054778
-1.719374,51,840.243353
-1.368835,51,840.412418
-1.596918,51,840.592442
-1.85741,51,840.754013
-1.556412,51,840.917533
-1.805515,51,841.090875
-1.652804,51,841.250984
-1.822111,51,841.418368
-1.710148,51,841.606021
-1.80524,51,841.765822
-1.651775,51,841.93301
-2.582887,51,842.109904
-1.832809,51,842.298967
-1.765998,51,842.506306
-1.952158,51,842.674457
-1.777661,51,842.837475
-1.872005,51,842.997218
-1.947859,51,843.163738
-1.788832,51,843.33488
-1.542821,51,843.49154
-1.774482,51,843.649023
-1.923589,51,843.808492
-1.787878,51,843.966639
-1.752968,51,844.136585
-1.854763,51,844.356863
-1.739604,51,844.526109
-2.06701,51,844.67737
-1.828526,51,844.830626
-1.727495,51,844.987906
-1.709794,51,845.164443
-1.929307,51,845.317757
-2.063949,51,845.473782
-2.093639,51,845.631049
-2.1055,51,845.841684
-1.94183,51,846.048836
-1.950841,51,846.210301
-1.537151,51,846.363804
-1.533188,51,846.525104
-1.707257,51,846.690335
-1.574597,51,846.849958
-1.819923,52,847.029966
-2.149433,52,847.192075
-2.009128,51,847.350875
-1.685201,51,847.526744
-1.846354,52,847.728501
-1.871519,51,847.887879
-1.818118,51,848.046162
-2.00538,51,848.219916
-1.457993,51,848.394335
-1.88354,51,848.605713
-1.438329,51,848.77901
-1.712681,51,848.937852
-1.827164,51,849.093287
-1.407564,52,849.257228
-1.518306,51,849.435922
-1.858769,51,849.608005
-1.71044,51,849.772207
-1.970361,51,849.958133
-1.693547,51,850.133987
-1.843405,51,850.292551
-1.830905,52,850.487417
-1.814764,51,850.655262
-1.759276,51,850.815648
-2.284694,52,850.973211
-1.912631,51,851.148392
-1.761779,51,851.302751
-2.052414,52,851.459628
-1.791329,51,851.615462
-1.353023,51,851.773579
-1.70283,51,851.953301
-1.517743,51,852.111891
-1.748501,51,852.272598
-1.661246,51,852.433213
-1.536848,52,852.59642
-1.72446,51,852.78458
-1.73184,51,852.94608
-1.659834,51,853.11861
-1.602788,51,853.276197
-1.517325,51,853.432801
-1.844065,52,853.619804
-1.523682,51,853.781492
-1.660885,51,853.947879
-2.07145,51,854.125808
-1.666311,52,854.289005
-1.76275,52,854.46064
-2.094578,52,854.618651
-1.609652,51,854.77612
-2.030878,52,854.939174
-1.55053,51,855.096481
-1.860591,52,855.271542
-1.639828,51,855.427821
-1.658412,52,855.58534
-1.80283,52,855.748355
-1.594268,51,855.924609
-1.800356,51,856.083783
-1.699464,51,856.244602
-1.473269,51,856.408378
-1.735434,51,856.570084
-1.545256,51,856.759173
-1.671317,51,856.937831
-1.73111,52,857.129696
-1.883304,51,857.305854
-1.914592,52,857.463038
-1.875276,51,857.640859
-1.780756,51,857.797044
-1.862645,51,857.955082
-1.52006,51,858.120214
-1.722781,51,858.308215
-1.655181,51,858.514077
-1.573574,51,858.676298
-1.965877,51,858.836681
-1.896485,51,859.002428
-1.804152,51,859.169528
-1.630483,51,859.332077
-1.681486,51,859.516495
-1.815272,51,859.690783
-1.843858,51,859.873025
-1.743562,51,860.045563
-1.852603,51,860.213983
-1.824189,51,860.390789
-1.676184,51,860.552368
-1.745496,51,860.749364
-1.759328,52,860.924272
-1.687623,51,861.080487
-1.981192,51,861.263665
-1.707677,51,861.424589
-1.755571,51,861.586194
-1.928241,51,861.749454
-2.062774,51,861.914602
-1.862846,51,862.096337
-1.542608,52,862.27285
-1.774595,51,862.45999
-1.882216,51,862.646225
-1.627297,51,862.825599
-1.876683,51,863.032414
-2.16946,51,863.208492
-1.838446,51,863.371173
-1.863922,51,863.524681
-1.866283,51,863.677509
-1.88549,51,863.83143
-1.590847,51,864.008866
-1.673183,51,864.17915
-1.86025,52,864.355382
-1.669951,52,864.526506
-1.817721,51,864.702189
-1.77279,51,864.862963
-1.68368,52,865.024374
-1.594937,52,865.187183
-1.548072,51,865.367272
-1.834782,52,865.586956
-1.466519,51,865.765177
-2.152004,52,865.930098
-1.819386,51,866.101393
-1.731521,52,866.292892
-1.758303,51,866.458745
-1.824147,51,866.62175
-1.651736,52,866.787945
-1.700523,51,866.955246
-1.660437,51,867.150547
-1.727807,52,867.322203
-1.690654,51,867.483935
-1.838239,51,867.637436
-1.683037,51,867.792588
-1.68981,51,867.979216
-1.970248,52,868.14917
-1.549563,51,868.303974
-1.624237,51,868.46189
-1.903313,52,868.631134
-1.514542,51,868.832219
-1.584508,51,869.012979
-1.854719,51,869.172736
-1.466628,51,869.337016
-1.738455,52,869.497919
-1.931619,52,869.67862
-1.795563,51,869.837571
-1.75094,51,870.00046
-1.619928,51,870.172002
-1.700268,51,870.339677
-1.913655,51,870.516128
-1.547759,51,870.671373
-1.610206,51,870.827393
-1.531689,51,870.987224
-1.572207,51,871.174832
-1.591124,51,871.379807
-1.615296,51,871.539598
-1.405171,51,871.694468
-1.664047,51,871.853131
-1.333975,51,872.02313
-1.730017,51,872.204551
-1.588272,51,872.404313
-2.055507,51,872.585402
-1.511521,51,872.75208
-1.712479,51,872.90713
-1.63073,51,873.059727
-1.780194,51,873.232258
-1.886637,51,873.388961
-2.233776,51,873.544091
-1.61359,51,873.703173
-1.817116,51,873.893059
-1.543096,51,874.078636
-1.891951,51,874.236628
-1.659008,51,874.391612
-1.707357,52,874.54946
-1.787712,51,874.720192
-1.597784,51,874.906411
-1.39139,51,875.067349
-1.695915,51,875.24011
-1.582758,51,875.418545
-1.925551,51,875.582742
-1.758889,51,875.739281
-1.619566,51,875.912001
-1.6653,51,876.067226
-1.495545,51,876.24888
-1.502478,51,876.429503
-1.672733,51,876.600806
-1.572233,51,876.779536
-1.612833,51,876.937938
-1.539717,51,877.100526
-2.03611,51,877.256728
-1.42964,51,877.411149
-1.565527,51,877.5933
-1.813367,51,877.756701
-1.509029,51,877.923085
-1.63598,51,878.091114
-1.697491,51,878.266218
-1.682855,51,878.435179
-1.650405,51,878.61716
-1.912639,51,878.77274
-1.584818,52,878.93929
-1.566892,51,879.098417
-1.767076,51,879.256159
-1.448468,51,879.451503
-1.589713,51,879.626392
-1.516344,51,879.798188
-1.717865,51,879.957434
-1.707538,51,880.132925
-1.610733,51,880.319315
-1.863581,51,880.473435
-1.689816,51,880.630677
-2.187554,52,880.794166
-1.808509,52,880.949177
-1.684757,51,881.122796
-1.6241,51,881.293833
-1.484625,52,881.45723
-1.706052,51,881.611967
-1.496736,51,881.776588
-1.45368,51,881.953808
-1.676944,52,882.117909
-1.575919,51,882.298925
-1.583856,51,882.487294
-1.555932,52,882.703695
-1.693058,51,882.884897
-1.531932,51,883.063908
-1.622611,51,883.239368
-1.47541,51,883.411227
-1.766826,51,883.567126
-1.496926,51,883.744339
-1.686817,51,883.897981
-1.752815,51,884.057726
-1.585968,51,884.218594
-1.659985,51,884.374941
-1.665942,51,884.552582
-1.91396,52,884.713989
-1.770864,51,884.872788
-1.561483,52,885.032785
-1.794717,52,885.209347
-1.680345,51,885.36721
-1.782935,51,885.52764
-1.474403,51,885.688227
-1.716628,51,885.846944
-1.797827,51,886.000443
-1.441724,51,886.177305
-1.86255,51,886.339193
-1.475938,51,886.500854
-1.556806,52,886.661288
-1.538003,51,886.823541
-1.945272,51,886.993836
-1.526341,51,887.150216
-1.497623,51,887.325185
-1.542877,51,887.494019
-1.646636,51,887.669114
-1.98856,51,887.858152
-1.794581,51,888.031084
-1.564015,51,888.21672
-1.483759,51,888.390605
-1.646689,51,888.551044
-1.509842,51,888.725912
-1.760365,51,888.882874
-1.613371,51,889.039628
-1.886157,51,889.216995
-1.517229,51,889.404912
-1.662712,51,889.579525
-2.21282,51,889.764172
-2.174571,51,889.935348
-1.536265,51,890.093196
-1.612716,51,890.260047
-1.588902,51,890.423018
-1.529027,51,890.604882
-1.522691,51,890.768426
-1.911562,51,890.92713
-1.780611,51,891.087231
-1.560185,51,891.243104
-1.426893,51,891.425804
-1.788812,51,891.589679
-1.457942,51,891.753993
-1.684702,51,891.918841
-1.629561,51,892.073917
-1.537322,51,892.229713
-1.843094,51,892.403384
-1.477791,51,892.576448
-1.538623,51,892.748326
-1.632142,51,892.916107
-1.5522,51,893.073038
-1.644281,51,893.250062
-1.558604,51,893.412634
-1.503017,52,893.568345
-1.82544,51,893.727543
-1.739268,52,893.893308
-1.504065,51,894.098805
-1.901005,51,894.286565
-1.665375,51,894.466407
-1.438339,51,894.641427
-1.451166,51,894.803619
-1.541727,51,894.985088
-1.79152,51,895.147018
-1.816959,51,895.306496
-1.779392,51,895.461039
-1.615245,51,895.614547
-1.639253,51,895.79969
-1.454791,52,895.969587
-1.55537,51,896.137637
-1.614785,51,896.308925
-1.770672,51,896.481488
-1.749467,52,896.690824
-1.52409,52,896.864181
-1.552249,51,897.025453
-1.580747,51,897.184308
-1.411621,51,897.35852
-1.459163,51,897.54845
-1.564849,52,897.713462
-1.462112,51,897.879162
-1.973913,51,898.050753
-1.409035,52,898.22213
-1.457346,51,898.394171
-1.509742,51,898.549816
-1.477231,52,898.710876
-1.618436,51,898.865594
-1.544163,51,899.026387
-1.942053,51,899.217657
-1.440348,51,899.385764
-1.626363,51,899.547877
-1.579311,51,899.715199
-1.467369,51,899.877128
-1.477985,51,900.064196
-1.530446,52,900.225649
-1.616298,51,900.395405
-1.559606,51,900.55906
-1.760963,51,900.739952
-1.541844,51,900.932304
-1.545672,51,901.093767
-1.657934,51,901.256131
-1.549529,52,901.422218
-1.536926,51,901.582952
-1.615025,51,901.751099
-1.357235,51,901.905738
-1.768736,51,902.069791
-1.535265,51,902.237526
-1.722606,51,902.403181
-1.487696,51,902.582399
-1.460269,51,902.756831
-1.405213,51,902.935506
-1.513652,51,903.093894
-1.386861,51,903.259004
-1.842609,51,903.422893
-1.403855,51,903.602876
-1.524779,51,903.758002
-1.638431,51,903.915618
-1.440758,51,904.069223
-1.565338,51,904.226501
-1.524787,51,904.399704
-1.706479,51,904.555307
-1.318987,51,904.710329
-1.664533,51,904.866056
-1.653343,51,905.025593
-1.896542,52,905.205242
-1.439997,51,905.36736
-1.610063,51,905.528699
-1.527832,52,905.707495
-1.733674,51,905.87513
-1.525047,51,906.063014
-1.633657,51,906.220701
-1.648277,51,906.379064
-1.779354,51,906.533026
-2.002498,51,906.686468
-1.748851,51,906.865745
-1.558647,51,907.030948
-1.492976,51,907.192194
-1.73934,52,907.3634
-1.658663,51,907.528427
-1.712464,52,907.728285
-1.499432,51,907.906564
-1.636804,51,908.088052
-1.568273,51,908.264789
-1.772397,51,908.437755
-1.686256,52,908.637315
-1.598643,51,908.801774
-1.485006,51,908.976679
-1.855785,51,909.155564
-1.752136,51,909.334144
-1.712448,51,909.518069
-1.551859,51,909.717498
-1.890681,51,909.887544
-1.469289,51,910.051948
-1.695229,51,910.214608
-1.55656,52,910.39996
-1.666659,52,910.564445
-1.635853,51,910.72431
-1.658897,51,910.883555
-1.699907,52,911.038996
-1.531606,51,911.220823
-1.697051,51,911.384263
-1.983011,51,911.542794
-1.710219,51,911.70357
-1.836957,51,911.863616
-1.540016,51,912.050301
-1.701735,51,912.209531
-1.908137,51,912.38176
-1.76466,51,912.564748
-1.656121,51,912.729677
-1.758765,51,912.897263
-1.623667,51,913.089999
-1.543618,51,913.271168
-1.906195,52,913.43847
-1.848693,51,913.592334
-1.565684,51,913.75177
-1.665034,51,913.921731
-1.618609,51,914.081859
-1.659483,51,914.237302
-1.593928,51,914.396073
-1.667139,51,914.549144
-1.584448,51,914.721159
-1.479608,51,914.877889
-1.605478,51,915.033079
-1.641684,51,915.198526
-1.736035,51,915.385716
-1.497893,51,915.587522
-1.691804,51,915.775954
-1.655995,51,915.952952
-1.836681,51,916.142523
-1.494894,51,916.314974
-1.815007,51,916.477321
-1.575693,51,916.668651
-1.54043,52,916.844215
-1.601981,51,917.03129
-1.503926,51,917.21805
-1.600857,51,917.390127
-1.601301,52,917.588205
-1.315207,51,917.752054
-1.513246,51,917.931737
-1.487356,52,918.100057
-1.473732,52,918.278695
-1.686215,52,918.445248
-1.766751,51,918.603954
-1.593517,51,918.767885
-1.593679,51,918.922209
-1.628477,51,919.094727
-1.60441,51,919.248886
-1.751874,51,919.404821
-1.585567,51,919.561334
-1.558923,51,919.71704
-1.78367,51,919.898943
-1.84649,51,920.076422
-1.610458,51,920.254286
-1.467568,51,920.418434
-1.719613,51,920.602989
-1.483649,51,920.768956
-1.766281,51,920.967315
-1.7303,52,921.124174
-1.708342,51,921.276926
-1.590593,51,921.434851
-1.55714,51,921.590678
-1.703828,51,921.763469
-1.589201,51,921.916042
-1.877312,51,922.074969
-1.468329,51,922.235418
-1.563402,51,922.391276
-1.817574,51,922.577929
-1.411034,51,922.755178
-1.405515,51,922.92669
-1.788996,51,923.110437
-1.587116,51,923.288791
-1.560971,51,923.460333
-1.464797,51,923.612654
-1.517756,52,923.768356
-1.507668,51,923.922528
-1.505084,51,924.079865
-1.546695,51,924.249527
-1.750746,51,924.403974
-1.700616,52,924.563077
-1.549639,52,924.738907
-1.601235,51,924.920975
-1.530024,52,925.119364
-1.537501,52,925.282616
-1.416027,51,925.440558
-1.504235,51,925.60767
-1.430789,52,925.792978
-1.501605,51,925.948182
-1.664336,51,926.104141
-1.554717,51,926.256186
-1.628676,51,926.412599
-1.580477,51,926.572063
-1.59823,51,926.745593
-1.431583,51,926.903494
-1.55842,51,927.05781
-1.429864,52,927.21598
-1.4869,51,927.372136
-1.561693,51,927.54374
-1.477185,51,927.703761
-1.568926,51,927.85897
-1.411524,51,928.015588
-1.471372,51,928.174575
-1.63294,51,928.353548
-1.574063,51,928.509119
-1.561668,51,928.66369
-1.455907,52,928.829232
-1.648398,51,928.990662
-1.433305,51,929.190835
-1.259208,51,929.378195
-1.591632,52,929.562089
-1.442435,51,929.741159
-1.482843,51,929.918806
-1.666684,51,930.115025
-1.839641,51,930.275533
-1.573401,51,930.440351
-1.926973,51,930.612321
-1.840847,51,930.776582
-1.574391,51,930.978762
-1.734535,51,931.153445
-1.677376,51,931.324368
-1.742453,51,931.495807
-1.714394,51,931.665153
-1.536998,51,931.836284
-1.73992,51,932.022306
-1.299718,51,932.185746
-1.417258,51,932.357362
-1.608936,51,932.536524
-1.317704,51,932.720219
-1.534165,51,932.917065
-1.736181,51,933.081678
-1.418156,51,933.243275
-1.768627,51,933.406759
-1.768005,51,933.563992
-1.35362,51,933.735565
-1.398591,51,933.891139
-1.475894,51,934.048997
-1.409298,51,934.20757
-1.458149,51,934.367431
-1.429078,51,934.524652
-1.382617,51,934.703672
-1.637051,51,934.858497
-1.561378,51,935.014361
-1.446523,51,935.170742
-1.68915,51,935.325757
-1.474401,51,935.498083
-1.58294,51,935.655857
-1.278804,51,935.815985
-1.474784,51,935.974266
-1.552497,52,936.137499
-1.700195,51,936.316932
-1.538781,51,936.473786
-1.567221,52,936.641096
-1.779768,51,936.802527
-1.445804,51,936.972113
-1.705022,51,937.183208
-1.246102,51,937.354005
-1.521282,51,937.50983
-1.7445,52,937.66675
-1.713702,51,937.826796
-1.498097,52,938.030639
-1.718858,51,938.211269
-1.556982,51,938.402347
-1.602209,51,938.566685
-1.713834,52,938.729903
-1.540986,51,938.904236
-1.354555,52,939.063773
-1.299589,51,939.22767
-1.485998,51,939.391437
-1.373003,51,939.550171
-1.572969,51,939.725269
-1.510693,51,939.882499
-1.506371,51,940.042926
-1.444172,51,940.198222
-1.364944,51,940.357496
-1.544013,51,940.538928
-1.562606,51,940.710497
-1.274756,51,940.89764
-1.354521,51,941.063551
-1.511464,51,941.21876
-1.57819,51,941.390215
-1.480188,51,941.549777
-1.598142,51,941.710588
-1.611151,51,941.874556
-1.466377,51,942.045331
-1.59838,51,942.211222
-1.487577,51,942.409405
-1.615064,51,942.573695
-1.624219,51,942.766586
-1.432531,51,942.992547
-1.382427,51,943.174656
-1.490652,51,943.373303
-1.541787,51,943.534219
-1.362573,51,943.693437
-1.325895,51,943.858938
-1.553265,51,944.026975
-1.488623,51,944.219572
-1.629251,51,944.393297
-1.492955,51,944.561006
-1.668814,52,944.730193
-1.472613,51,944.906416
-1.724352,52,945.115105
-1.805555,51,945.285491
-1.534341,51,945.441492
-1.696675,51,945.595125
-1.772014,51,945.76949
-1.627862,51,945.971161
-1.514595,51,946.16039
-2.003445,51,946.340359
-1.707304,51,946.515421
-1.565059,51,946.686654
-1.41446,51,946.848017
-1.566344,52,947.023772
-1.487466,51,947.183056
-1.385673,51,947.343252
-1.593634,51,947.523049
-1.432873,51,947.784283
-1.431292,51,947.956584
-1.559969,51,948.110137
-1.615131,51,948.266656
-1.563289,51,948.424872
-1.531131,51,948.583849
-1.402546,51,948.784333
-1.357919,51,948.961944
-1.574507,51,949.123251
-1.590904,51,949.284927
-1.538565,51,949.439843
-1.548963,51,949.62928
-1.287277,51,949.79189
-1.663755,51,949.956111
-1.724327,51,950.124221
-1.622022,51,950.294104
-1.550007,51,950.462294
-1.633305,51,950.64747
-1.611672,51,950.80508
-1.257231,51,950.960608
-1.603006,51,951.116175
-1.53264,51,951.271025
-1.507146,52,951.441817
-1.560542,51,951.598898
-1.71958,52,951.759482
-1.63144,52,951.92503
-1.544669,51,952.109378
-1.737082,52,952.282215
-1.614798,51,952.441213
-1.497842,51,952.603331
-1.645409,51,952.764173
-1.800719,51,952.958869
-1.372387,51,953.119622
-1.423934,51,953.29325
-1.572926,52,953.45784
-1.499077,51,953.616703
-1.562793,51,953.79643
-1.871226,52,953.957251
-1.538358,51,954.110771
-1.498845,52,954.285987
-1.705918,51,954.454138
-1.554938,51,954.639557
-1.510252,52,954.82067
-1.601503,51,954.984574
-1.522229,52,955.151367
-1.485455,52,955.33411
-1.477353,51,955.487303
-1.5668,51,955.639774
-1.537943,51,955.814871
-1.367781,51,955.984611
-1.492929,52,956.184689
-1.402952,51,956.349668
-1.219358,51,956.526968
-1.407856,52,956.689131
-1.650523,51,956.84669
-1.643595,51,957.025099
-1.766815,51,957.181596
-1.422264,51,957.339076
-1.754419,51,957.50105
-1.500451,51,957.663698
-1.585626,51,957.829113
-1.778001,51,958.021074
-1.492801,51,958.181834
-1.441829,51,958.336732
-1.473882,51,958.497598
-1.409444,52,958.665049
-1.440861,51,958.850481
-1.428775,51,959.011702
-1.576814,51,959.174386
-1.623997,51,959.336968
-1.335644,51,959.501092
-1.436375,51,959.692862
-1.453678,52,959.854033
-1.492606,51,960.019387
-1.306804,51,960.194305
-1.508141,51,960.354599
-1.422262,51,960.536218
-1.468975,51,960.690438
-1.30844,51,960.846026
-1.371083,52,961.003842
-1.826649,51,961.149935
-1.594086,51,961.313481
-1.594777,52,961.471871
-1.677997,51,961.615782
-1.440728,51,961.758031
-1.479147,51,961.906928
-1.482113,51,962.075809
-1.606032,51,962.223499
-1.392627,52,962.353468
-1.080458,51,962.480132
-1.410429,51,962.627539
-1.259229,51,962.8033
-1.922444,51,962.959848
-1.374793,51,963.119364
-1.224821,51,963.260722
-1.487073,51,963.410025
-1.389138,51,963.577075
-1.590437,51,963.721774
-1.690855,51,963.872094
-1.520105,51,964.018795
-1.697657,51,964.162381
-1.519485,51,964.299639
-1.48912,51,964.459196
-1.536312,51,964.605042
-1.58314,51,964.750513
-1.627629,51,964.891482
-1.568275,52,965.030423
-1.363273,52,965.189647
-1.527426,51,965.333023
-1.642665,51,965.478272
-1.4725,51,965.658927
-1.316367,51,965.868432
-1.39108,51,966.036087
-1.415668,52,966.195632
-1.376117,51,966.347931
-1.558813,51,966.511929
-1.456651,51,966.674314
-1.4146,51,966.909519
-1.606092,51,967.137622
-1.41626,51,967.378916
-1.319149,51,967.538928
-1.438439,51,967.696336
-1.504099,51,967.8547
-1.4213,51,967.994399
-1.543767,51,968.135871
-1.648165,51,968.273363
-1.652119,51,968.412143
-1.584428,51,968.573222
-1.340925,51,968.712868
-1.522121,51,968.853611
-1.576152,51,968.990905
-1.402451,51,969.12963
-1.502907,51,969.267781
-1.398576,51,969.419705
-1.391261,51,969.558903
-1.489852,51,969.705337
-1.678845,52,969.851478
-1.385998,51,970.003852
-1.713445,52,970.171557
-1.406229,51,970.327981
-1.69356,51,970.458982
-1.707067,51,970.584936
-1.342683,51,970.709358
-1.407973,51,970.847789
-1.412153,51,970.955726
-1.551765,51,971.065725
-1.585184,51,971.191914
-1.997117,52,971.305452
-1.670595,52,971.429578
-1.347965,51,971.536294
-1.548775,51,971.642646
-1.491108,51,971.749245
-1.38421,52,971.86938
-1.304957,51,971.973222
-1.388035,51,972.07953
-1.278464,51,972.19211
-1.404939,51,972.299958
-1.504126,51,972.406537
-1.495055,51,972.524935
-1.352618,51,972.649366
-1.283154,51,972.782148
-1.324072,51,972.905057
-1.753117,52,973.027065
-1.182943,51,973.165626
-1.653852,51,973.285245
-1.51439,51,973.420407
-1.488732,51,973.55916
-1.451101,51,973.682462
-1.369976,51,973.829723
-1.603153,51,973.95457
-1.280685,51,974.075833
-1.418609,52,974.203986
-1.485565,51,974.325661
-1.414115,51,974.475614
-1.323793,52,974.606796
-1.560162,52,974.740901
-1.263661,51,974.867625
-1.514949,51,974.997184
-1.536834,51,975.137648
-1.483438,52,975.261412
-1.283165,51,975.386793
-1.455103,51,975.510782
-1.553394,51,975.643637
-1.595185,51,975.793728
-1.438193,51,975.92577
-1.483073,51,976.061438
-1.425155,51,976.209158
-1.392575,51,976.347149
-1.467147,51,976.487055
-1.426757,51,976.618955
-1.353361,51,976.744877
-1.578835,51,976.864022
-1.530565,51,976.985286
-1.375835,51,977.122025
-1.552247,51,977.241993
-1.773792,51,977.365932
-1.456746,51,977.484866
-1.647859,51,977.61387
-1.516315,51,977.73168
-1.377252,51,977.8641
-1.338567,51,977.990226
-1.258427,51,978.146076
-1.448075,51,978.334742
-1.262951,51,978.482374
-1.445274,51,978.626446
-1.635011,52,978.751501
-1.466097,51,978.869879
-1.452649,51,978.988004
-1.467213,51,979.105991
-1.78681,51,979.238917
-1.406327,51,979.365589
-1.726426,52,979.484698
-1.474117,51,979.601931
-1.415096,52,979.728408
-1.478285,51,979.861629
-1.499358,51,979.980689
-1.429013,51,980.098575
-1.628808,51,980.218333
-1.307105,51,980.336289
-1.496662,51,980.469764
-1.519954,51,980.588253
-1.620956,51,980.715332
-1.492866,51,980.836787
-1.535862,51,980.966082
-1.562557,51,981.13797
-1.515605,51,981.28605
-1.644703,51,981.434134
-1.336324,51,981.573915
-1.372815,51,981.722893
-1.388725,51,981.84976
-1.800385,52,981.978317
-1.822461,51,982.094297
-1.34639,51,982.210835
-1.607101,52,982.331293
-1.492666,51,982.461617
-1.388716,52,982.578868
-1.416903,51,982.694612
-1.528176,51,982.808715
-1.355051,51,982.923474
-1.66914,51,983.052064
-1.442093,51,983.166054
-1.213299,51,983.280516
-1.432629,52,983.397127
-1.362614,51,983.511395
-1.50561,51,983.639552
-1.396609,51,983.75558
-1.434804,51,983.874101
-1.443325,51,984.001607
-1.488314,51,984.125743
-1.593341,51,984.251606
-1.327457,51,984.392637
-1.310396,51,984.51332
-1.477766,51,984.633161
-1.306291,52,984.754443
-1.277447,51,984.872749
-1.455156,51,985.004565
-1.592045,51,985.122792
-1.429095,51,985.23735
-1.560088,51,985.352654
-1.634917,51,985.467807
-1.539131,52,985.603934
-1.651687,51,985.724285
-1.490141,51,985.844109
-1.364029,51,985.959009
-1.302363,51,986.073909
-1.346811,51,986.202763
-1.497291,51,986.318269
-1.543484,51,986.436889
-1.815105,51,986.556472
-1.577783,52,986.684204
-1.28335,51,986.818084
-1.305066,51,986.937569
-1.360725,51,987.05432
-1.524593,51,987.179483
-1.284135,51,987.30556
-1.219281,51,987.435993
-1.548896,51,987.550329
-1.37712,51,987.682518
-1.335088,52,987.798312
-1.872758,51,987.913179
-1.391477,51,988.040107
-1.419652,51,988.154129
-1.332162,51,988.269471
-1.535495,51,988.387443
-1.778897,52,988.503749
-1.536726,51,988.631232
-1.416511,51,988.746329
-1.578637,51,988.864692
-1.628189,51,988.979862
-1.785681,51,989.096679
-1.535768,51,989.214475
-1.968458,51,989.364184
-1.644543,52,989.49715
-1.741592,51,989.618579
-1.399388,51,989.739448
-1.741933,51,989.860107
-1.635021,51,989.99241
-1.560902,51,990.110913
-1.508333,51,990.229706
-1.581937,51,990.347552
-1.491502,51,990.466669
-1.398446,51,990.594613
-1.629536,52,990.711714
-1.661329,51,990.830237
-1.456584,52,990.950627
-1.550649,51,991.067221
-1.51559,51,991.195303
-1.654988,51,991.310403
-1.570141,51,991.428559
-1.502535,51,991.544542
-1.512185,51,991.662734
-1.426258,51,991.79813
-1.443862,51,991.91839
-1.339222,51,992.036117
-1.473989,52,992.157001
-1.359284,51,992.279798
-1.424412,51,992.415588
-1.413904,51,992.534963
-1.462959,51,992.655033
-1.405471,51,992.771267
-1.529913,51,992.886726
-1.23424,51,993.015417
-1.247546,51,993.13207
-1.537702,51,993.245236
-1.32635,51,993.35991
-1.361367,51,993.474861
-1.595181,51,993.589815
-1.56762,51,993.718079
-1.497989,51,993.832352
-1.318563,51,993.946834
-1.266709,51,994.060328
-1.515894,51,994.174865
-1.497578,52,994.305748
-1.446794,51,994.434573
-1.420008,51,994.559772
-1.379208,51,994.681871
-1.571201,51,994.805591
-1.320703,51,994.941579
-1.240207,51,995.066105
-1.460522,51,995.191371
-1.493069,51,995.310668
-1.420498,51,995.431411
-1.52761,51,995.564799
-1.419181,51,995.683582
-1.485114,51,995.801541
-1.63446,51,995.922797
-1.367471,52,996.043666
-1.693412,52,996.179383
-1.475626,51,996.307154
-1.383408,51,996.424312
-1.43415,51,996.551108
-1.635809,51,996.669513
-1.442365,51,996.809311
-1.393574,51,996.928956
-1.441875,51,997.047084
-1.390739,51,997.170445
-1.591519,51,997.296971
-1.45814,51,997.416724
-1.423687,51,997.545638
-1.610552,51,997.667263
-1.583386,51,997.783351
-1.318318,51,997.896581
-1.466801,51,998.01249
-1.481383,51,998.140166
-1.515334,51,998.255405
-1.531783,52,998.371662
-1.286669,51,998.485629
-1.418539,51,998.602426
-1.628599,51,998.730825
-1.507812,51,998.84581
-1.585363,51,998.961158
-1.572621,51,999.07661
-1.418249,51,999.190629
-1.380918,51,999.318345
-1.444518,51,999.436217
-1.541993,51,999.553275
-1.351308,51,999.66932
-1.346395,51,999.7836
-1.310709,51,999.900854
-1.509079,52,1000.052795
-1.483282,51,1000.177535
-1.285191,51,1000.303424
-1.629208,52,1000.433569
-1.678683,52,1000.569652
-1.357555,51,1000.68941
-1.387332,51,1000.807653
-1.425904,51,1000.925754
-1.338845,51,1001.043039
-1.488947,51,1001.176484
-1.399006,51,1001.291675
-1.359409,51,1001.408112
-1.329491,51,1001.525927
-1.456931,51,1001.645391
-1.431873,52,1001.777911
-1.286712,51,1001.893759
-1.362709,51,1002.009216
-1.627434,51,1002.125266
-1.511569,52,1002.242652
-1.521131,51,1002.378678
-1.693479,51,1002.500985
-1.75089,51,1002.623379
-1.517855,52,1002.754622
-1.428266,51,1002.87568
-1.474653,51,1003.014755
-1.638405,51,1003.136761
-1.42611,51,1003.251799
-1.459451,51,1003.365125
-1.397935,51,1003.480892
-1.493465,51,1003.596207
-1.616344,51,1003.724588
-1.222274,51,1003.839945
-1.919779,51,1003.955215
-1.424534,51,1004.070515
-1.419232,52,1004.185783
-1.641108,52,1004.315647
-1.447853,51,1004.43194
-1.604159,51,1004.545603
-1.427221,51,1004.662243
-1.547221,51,1004.775878
-1.390461,51,1004.904204
-1.453431,51,1005.019211
-1.279801,51,1005.133635
-1.708439,52,1005.251637
-1.441439,51,1005.365296
-1.360925,51,1005.493466
-1.341316,51,1005.612058
-1.556367,51,1005.739174
-1.251089,51,1005.861774
-1.48075,51,1005.984162
-1.323725,51,1006.122182
-1.551978,51,1006.245226
-1.425678,51,1006.365501
-1.343231,52,1006.491019
-1.396996,51,1006.611555
-1.553931,51,1006.745092
-1.731823,51,1006.86392
-1.373406,51,1006.979319
-1.377515,51,1007.098209
-1.579614,51,1007.216738
-1.4794,51,1007.349091
-1.599335,51,1007.465236
-1.441787,51,1007.586283
-1.498181,52,1007.707042
-1.470499,51,1007.822323
-1.426064,51,1007.953893
-1.570878,51,1008.075164
-1.37971,51,1008.198163
-1.474182,51,1008.329517
-1.470457,51,1008.448368
-1.32749,51,1008.563856
-1.39025,51,1008.697119
-1.463161,52,1008.813108
-1.409293,51,1008.927921
-1.514851,51,1009.043014
-1.509387,51,1009.158467
-1.283357,51,1009.287379
-1.350696,51,1009.401678
-1.305827,51,1009.516003
-1.516174,51,1009.631725
-1.348184,51,1009.748509
-1.487282,51,1009.879205
-1.853822,51,1009.995507
-1.320993,51,1010.109664
-1.292742,51,1010.225083
-1.329962,51,1010.340858
-1.415274,51,1010.468827
-1.47704,51,1010.584761
-1.378842,51,1010.712656
-1.375145,51,1010.835719
-1.493525,51,1010.960354
-1.332761,51,1011.086182
-1.316962,51,1011.221441
-1.487212,52,1011.344821
-1.344044,51,1011.467012
-1.6142,51,1011.584856
-1.563221,51,1011.703999
-1.408113,51,1011.837779
-1.45635,52,1011.957656
-1.624197,51,1012.071554
-1.302193,52,1012.192019
-1.375273,51,1012.325361
-1.530064,51,1012.442653
-1.378441,51,1012.557726
-1.38653,51,1012.674329
-1.239557,51,1012.791042
-1.395301,51,1012.906083
-1.409779,51,1013.036399
-1.309559,51,1013.156473
-1.523169,51,1013.287864
-1.502966,51,1013.412468
-1.594679,51,1013.531558
-1.449552,51,1013.661215
-1.461801,51,1013.784411
-1.503028,51,1013.905836
-1.736092,52,1014.021411
-1.33619,51,1014.137155
-1.558628,52,1014.265825
-1.527508,51,1014.383335
-1.27181,51,1014.499388
-1.390154,52,1014.616412
-1.586962,51,1014.730927
-1.444813,51,1014.859411
-1.693958,51,1014.976567
-1.407364,51,1015.091526
-1.296632,51,1015.206708
-1.344055,51,1015.321925
-1.561125,51,1015.451573
-1.5136,51,1015.566074
-1.614637,51,1015.681306
-1.475797,51,1015.797012
-1.650226,51,1015.911393
-1.512797,51,1016.039235
-1.734708,51,1016.154507
-1.621137,51,1016.27241
-1.389995,51,1016.398272
-1.639466,51,1016.522838
-1.564048,51,1016.648382
-1.64544,52,1016.79203
-1.58177,52,1016.914195
-1.606756,51,1017.033551
-1.508243,51,1017.151785
-1.500636,51,1017.283951
-1.454911,51,1017.401398
-1.476123,51,1017.523096
-1.344762,51,1017.641674
-1.48991,51,1017.759898
-1.459985,51,1017.878289
-1.548018,51,1018.011868
-1.53689,51,1018.128451
-1.392361,51,1018.241794
-1.234216,52,1018.358024
-1.533858,51,1018.473559
-1.430194,51,1018.60316
-1.31681,51,1018.721892
-1.351437,52,1018.842488
-1.532707,51,1018.969436
-1.562973,51,1019.08804
-1.499897,52,1019.222832
-1.457911,51,1019.346698
-1.667368,51,1019.465247
-1.684299,51,1019.587133
-1.52887,52,1019.717388
-1.519394,51,1019.832627
-1.240215,52,1019.949589
-1.255325,52,1020.067214
-1.615454,51,1020.184739
-1.541658,52,1020.316443
-1.550756,52,1020.436964
-1.55598,51,1020.562363
-1.320662,51,1020.684916
-1.583566,51,1020.803638
-1.429973,51,1020.952205
-1.415672,52,1021.072992
-1.40853,52,1021.192201
-1.407861,52,1021.311353
-1.415059,52,1021.442026
-1.394805,51,1021.557403
-1.366562,51,1021.672271
-1.42468,51,1021.78946
-1.269498,51,1021.90927
-1.317155,51,1022.061503
-1.379834,51,1022.187316
-1.26774,51,1022.311324
-1.322129,51,1022.434332
-1.423736,51,1022.555841
-1.19069,51,1022.691667
-1.239294,51,1022.80963
-1.581369,51,1022.92742
-1.28259,51,1023.045616
-1.46191,51,1023.164476
-1.426451,51,1023.279017
-1.299043,52,1023.410765
-1.457973,51,1023.530195
-1.577377,51,1023.650195
-1.520487,52,1023.773571
-1.281598,51,1023.902561
-1.774935,51,1024.018115
-1.890689,51,1024.133177
-1.413496,52,1024.251379
-1.414518,51,1024.370827
-1.415709,52,1024.513202
-1.550557,51,1024.632167
-1.434679,51,1024.752328
-1.492213,51,1024.878812
-1.445467,51,1024.996381
-1.622355,51,1025.129021
-1.260675,51,1025.245623
-1.547109,51,1025.359639
-1.477369,51,1025.47605
-1.421089,51,1025.59164
-1.397778,51,1025.715552
-1.28834,51,1025.844808
-1.418146,51,1025.959215
-1.400866,51,1026.074458
-1.31961,51,1026.189961
-1.322609,51,1026.304693
-1.3731,51,1026.433547
-1.410836,51,1026.548003
-1.283593,51,1026.667092
-1.31266,52,1026.784649
-1.741913,51,1026.899916
-1.506639,51,1027.032941
-1.55711,51,1027.148707
-1.393073,51,1027.266652
-1.693856,51,1027.38177
-1.417926,51,1027.497176
-1.611472,51,1027.630946
-1.310956,51,1027.76076
-1.509099,51,1027.884708
-1.709435,51,1028.006041
-1.653015,51,1028.131015
-1.579987,51,1028.251763
-1.496954,51,1028.384483
-1.531354,51,1028.507812
-1.5234,51,1028.625936
-1.359987,51,1028.744891
-1.636587,51,1028.864174
-1.511777,51,1028.99609
-1.373407,51,1029.113324
-1.292147,51,1029.230868
-1.358258,51,1029.349459
-1.45249,51,1029.465855
-1.457795,51,1029.594148
-1.485845,51,1029.71045
-1.513313,52,1029.826789
-1.425585,51,1029.945269
-1.675861,51,1030.064971
-1.356268,51,1030.209699
-1.380193,51,1030.333432
-1.487517,51,1030.457653
-1.361854,51,1030.576198
-1.527441,52,1030.703027
-1.250178,51,1030.83248
-1.542733,51,1030.946407
-1.34388,51,1031.06218
-1.619335,51,1031.180031
-1.575218,51,1031.295865
-1.464534,51,1031.411447
-1.353695,51,1031.540755
-1.392356,51,1031.657577
-1.504273,51,1031.772352
-1.425019,51,1031.889119
-1.375923,52,1032.004745
-1.455325,51,1032.132944
-1.576815,51,1032.24909
-1.373255,51,1032.363645
-1.481075,51,1032.480924
-1.417034,51,1032.595905
-1.394341,51,1032.725751
-1.301594,51,1032.841124
-1.228447,52,1032.957961
-1.578557,51,1033.072298
-1.466013,52,1033.203971
-1.326767,51,1033.344193
-1.541403,51,1033.468944
-1.413353,52,1033.593967
-1.464179,51,1033.718259
-1.390991,51,1033.840214
-1.565532,51,1033.977218
-1.297978,51,1034.099488
-1.445155,51,1034.21892
-1.546939,51,1034.337031
-1.449687,51,1034.453085
-1.446906,51,1034.581275
-1.429674,51,1034.697102
-1.537637,52,1034.817147
-1.365689,51,1034.936304
-1.385868,51,1035.054035
-1.462976,51,1035.183269
-1.492554,51,1035.297424
-1.526524,52,1035.413963
-1.442023,51,1035.531156
-1.340414,51,1035.648882
-1.452031,51,1035.786747
-1.325353,51,1035.911883
-1.426812,51,1036.03097
-1.318739,51,1036.15005
-1.434842,51,1036.26577
-1.528806,51,1036.413465
-1.530587,51,1036.531837
-1.283339,51,1036.646877
-1.332454,52,1036.76396
-1.389108,51,1036.879841
-1.271451,51,1037.006964
-1.431001,52,1037.123367
-1.362961,51,1037.238811
-1.550554,51,1037.355649
-1.554549,52,1037.475014
-1.337601,51,1037.61324
-1.489539,51,1037.72755
-1.363111,51,1037.842761
-1.476508,52,1037.959139
-1.52856,51,1038.078565
-1.631096,52,1038.224384
-1.379943,51,1038.347675
-1.60578,51,1038.472901
-1.377098,51,1038.599914
-1.608231,51,1038.720002
-1.442838,52,1038.855161
-1.421276,51,1038.974719
-1.34852,51,1039.09393
-1.47546,52,1039.213396
-1.397502,51,1039.331672
-1.462237,52,1039.466191
-1.383276,51,1039.583775
-1.408627,52,1039.704525
-1.389555,51,1039.821935
-1.400749,51,1039.949333
-1.477933,51,1040.064355
-1.423067,51,1040.18088
-1.445922,51,1040.295131
-1.50352,51,1040.412535
-1.519314,51,1040.532071
-1.300534,51,1040.670651
-1.630535,51,1040.791943
-1.591479,51,1040.921874
-1.50582,51,1041.042525
-1.177726,52,1041.165321
-1.467108,51,1041.292662
-1.310807,52,1041.408607
-1.453757,52,1041.523746
-1.422447,51,1041.640857
-1.367539,51,1041.770216
-1.556191,51,1041.922957
-1.465782,51,1042.044794
-1.884203,51,1042.160103
-1.672096,51,1042.274636
-1.532944,52,1042.405196
-1.450674,51,1042.524343
-1.690768,51,1042.639671
-1.785378,51,1042.755922
-1.729593,51,1042.870052
-1.477688,51,1042.983799
-1.577665,52,1043.11143
-1.483797,51,1043.229459
-1.608228,51,1043.344826
-1.838527,51,1043.461455
-1.474722,51,1043.578151
-1.594096,51,1043.711907
-1.500269,51,1043.842087
-1.411143,52,1043.969679
-1.665284,51,1044.093031
-1.46799,51,1044.220785
-1.59975,51,1044.358007
-1.463813,51,1044.480254
-1.586218,51,1044.599971
-1.397104,51,1044.717183
-1.519825,52,1044.837151
-1.559127,52,1044.971801
-1.468866,51,1045.086698
-1.532885,51,1045.203242
-1.454624,51,1045.320437
-1.566966,52,1045.454719
-1.531609,51,1045.571764
-1.700155,52,1045.686703
-1.346285,51,1045.802741
-1.364585,51,1045.918905
-1.533258,52,1046.051877
-1.42846,51,1046.170825
-1.26262,51,1046.299391
-1.357404,51,1046.429433
-1.43751,51,1046.5505
-1.352662,51,1046.683151
-1.452932,51,1046.803939
-1.398408,51,1046.921102
-1.376668,51,1047.035228
-1.369239,52,1047.149182
-1.385605,51,1047.278803
-1.212999,52,1047.395313
-1.323817,51,1047.509419
-1.410411,51,1047.62649
-1.491071,52,1047.746683
-1.349908,51,1047.878365
-1.532662,51,1047.995715
-1.388347,51,1048.10947
-1.41622,51,1048.224615
-1.799791,51,1048.337859
-1.40748,51,1048.466157
-1.401397,51,1048.584889
-1.565666,52,1048.701395
-1.295733,51,1048.815658
-1.456748,51,1048.930553
-1.440538,51,1049.059344
-1.693464,51,1049.178233
-1.511796,52,1049.3102
-1.392174,51,1049.431519
-1.340549,51,1049.555141
-1.517457,51,1049.694923
-1.601235,51,1049.815328
-1.399358,51,1049.933474
-1.441237,51,1050.051955
-1.503813,51,1050.170247
-1.429261,51,1050.288196
-1.407459,51,1050.421322
-1.495304,51,1050.534981
-1.236203,51,1050.653057
-1.424873,51,1050.772053
-1.255347,51,1050.891515
-1.532,52,1051.021989
-1.29676,51,1051.136945
-1.412856,51,1051.253998
-1.369443,52,1051.372587
-1.254507,51,1051.491129
-1.362698,51,1051.623407
-1.52336,51,1051.754199
-1.475597,51,1051.882698
-1.325927,51,1052.005254
-1.453064,51,1052.120446
-1.368138,51,1052.254842
-1.356094,51,1052.370919
-1.376374,51,1052.486067
-1.293169,52,1052.602927
-1.28525,51,1052.724377
-1.541431,51,1052.85365
-1.498373,51,1052.968414
-1.541837,51,1053.082359
-1.707973,51,1053.196814
-1.412353,51,1053.312284
-1.630466,51,1053.441712
-1.350511,51,1053.55616
-1.581989,51,1053.671877
-1.643707,51,1053.785655
-1.473403,51,1053.905323
-1.626668,51,1054.047844
-1.642824,51,1054.184986
-1.412296,52,1054.307994
-1.67449,52,1054.43506
-1.601183,51,1054.55621
-1.505232,51,1054.691448
-1.479299,51,1054.812673
-1.545552,51,1054.932013
-1.628784,51,1055.051469
-1.582462,52,1055.171604
-1.465574,51,1055.301109
-1.364239,51,1055.418992
-1.426663,52,1055.537712
-1.590355,51,1055.656421
-1.461267,51,1055.77029
-1.456718,51,1055.900344
-1.562669,51,1056.015551
-1.478283,51,1056.130925
-1.501962,51,1056.246693
-1.474625,51,1056.364753
-1.430006,51,1056.49669
-1.506291,52,1056.630716
-1.440131,51,1056.748576
-1.361471,52,1056.875493
-1.61049,51,1056.997428
-1.28517,51,1057.130645
-1.492465,51,1057.244462
-1.441309,51,1057.359965
-1.425136,51,1057.475973
-1.393221,52,1057.592766
-1.35364,52,1057.724611
-1.357432,51,1057.838833
-1.306324,51,1057.95408
-1.61558,51,1058.070984
-1.388446,51,1058.189222
-1.27122,51,1058.319862
-1.428879,51,1058.434686
-1.339795,51,1058.549265
-1.586948,51,1058.664057
-1.484257,51,1058.780887
-1.369608,51,1058.895786
-1.26585,51,1059.023063
-1.373287,51,1059.138722
-1.338058,51,1059.253583
-1.259921,51,1059.368561
-1.471647,52,1059.495325
-1.389373,51,1059.636646
-1.426211,51,1059.759985
-1.414443,51,1059.884485
-1.572005,51,1060.005438
-1.745068,51,1060.125987
-1.647697,51,1060.258474
-1.423741,51,1060.376477
-1.20382,52,1060.495676
-1.348619,51,1060.615487
-1.80105,51,1060.733651
-1.642148,51,1060.863143
-1.188705,51,1060.981718
-1.430552,52,1061.101542
-1.280878,51,1061.217646
-1.596678,51,1061.33196
-1.383244,52,1061.464465
-1.223712,51,1061.582807
-1.751681,51,1061.700857
-1.516185,52,1061.82129
-1.472226,51,1061.941576
-1.461809,51,1062.07984
-1.480869,51,1062.198361
-1.376111,51,1062.31791
-1.367832,51,1062.445207
-1.551522,51,1062.568794
-1.270478,52,1062.699485
-1.358939,51,1062.813378
-1.258508,51,1062.930372
-1.328377,51,1063.045106
-1.569518,51,1063.160812
-1.347177,51,1063.289127
-1.44704,51,1063.403817
-1.385931,51,1063.518526
-1.459499,51,1063.632312
-1.474147,51,1063.747797
-1.389532,51,1063.875381
-1.362682,51,1063.990075
-1.511633,52,1064.106542
-1.513531,51,1064.220737
-1.265509,51,1064.335195
-1.320641,51,1064.463716
-1.51713,51,1064.598194
-1.396752,51,1064.72048
-1.295134,51,1064.843229
-1.507589,51,1064.970519
-1.462938,51,1065.092157
-1.354325,51,1065.229655
-1.393727,51,1065.347756
-1.354097,51,1065.466006
-1.334054,51,1065.586678
-1.548667,51,1065.704927
-1.498302,52,1065.838654
-1.169612,51,1065.954866
-1.638255,51,1066.073114
-1.57405,51,1066.191818
-1.322278,51,1066.309327
-1.278919,51,1066.438598
-1.735634,51,1066.55666
-1.381344,51,1066.67231
-1.478044,51,1066.789934
-1.158964,51,1066.907557
-1.404315,51,1067.046565
-1.339222,51,1067.166159
-1.231382,51,1067.285643
-1.327747,51,1067.410662
-1.345863,51,1067.538734
-1.286496,51,1067.661569
-1.270208,51,1067.789998
-1.595587,51,1067.903949
-1.381768,52,1068.021829
-1.585815,51,1068.136504
-1.49351,51,1068.250373
-1.535078,51,1068.380441
-1.439343,51,1068.496121
-1.312302,51,1068.614776
-1.43842,51,1068.729131
-1.424378,52,1068.846029
-1.16082,51,1068.973909
-1.429277,51,1069.090545
-1.508285,51,1069.205106
-1.418781,52,1069.321839
-1.35981,51,1069.449668
-1.430678,52,1069.591827
-1.368694,51,1069.713391
-1.358792,51,1069.836956
-1.581325,51,1069.956421
-1.345778,52,1070.093251
-1.528081,51,1070.211397
-1.44618,51,1070.330338
-1.297917,51,1070.448486
-1.485282,52,1070.569697
-1.407699,51,1070.6985
-1.549642,51,1070.817605
-1.445221,51,1070.935807
-1.349622,51,1071.05371
-1.531289,52,1071.169526
-1.263949,52,1071.29734
-1.314346,51,1071.414671
-1.326033,51,1071.529893
-1.229545,51,1071.645792
-1.171493,51,1071.767046
-1.493595,51,1071.91789
-1.498595,51,1072.04469
-1.437442,51,1072.164508
-1.622742,51,1072.281132
-1.43197,51,1072.406216
-1.372283,51,1072.519802
-1.352707,51,1072.649549
-1.651672,52,1072.765609
-1.464762,52,1072.883111
-1.402203,51,1072.999087
-1.270518,51,1073.125996
-1.313159,51,1073.239313
-1.37507,51,1073.352809
-1.512524,51,1073.46981
-1.454174,51,1073.586637
-1.405924,51,1073.700471
-1.376358,51,1073.830858
-1.325968,51,1073.945029
-1.567437,51,1074.060386
-1.441221,51,1074.174416
-1.380835,51,1074.291475
-1.443537,52,1074.445593
-1.378394,51,1074.570096
-1.296783,51,1074.692484
-1.325595,51,1074.817868
-1.376475,51,1074.936957
-1.227888,51,1075.073031
-1.44436,51,1075.193047
-1.515246,51,1075.313926
-1.275801,51,1075.434498
-1.192669,51,1075.554941
-1.454651,51,1075.685999
-1.579846,51,1075.800263
-1.698242,51,1075.91766
-1.278804,51,1076.035989
-1.48047,51,1076.155889
-1.600359,52,1076.284998
-1.338087,51,1076.400606
-1.432807,51,1076.516901
-1.52085,51,1076.633296
-1.421971,51,1076.751307
-1.499617,51,1076.872266
-1.308143,51,1077.02363
-1.366394,51,1077.144977
-1.509339,51,1077.258587
-1.358555,51,1077.374149
-1.513795,51,1077.492471
-1.315208,51,1077.622188
-1.375811,51,1077.736278
-1.726561,51,1077.849639
-1.21813,51,1077.963665
-1.262688,51,1078.076866
-1.285651,51,1078.20525
-1.415577,51,1078.318991
-1.896303,52,1078.435084
-1.305828,51,1078.550473
-1.272443,51,1078.668584
-1.339319,52,1078.801414
-1.505348,51,1078.915936
-1.391424,52,1079.032936
-1.287313,51,1079.146579
-1.296574,51,1079.26014
-1.555588,51,1079.387484
-1.332146,51,1079.503178
-1.446554,51,1079.617563
-1.481337,51,1079.730726
-1.520852,51,1079.844878
-1.499979,51,1079.971617
-1.483266,51,1080.086348
-1.517478,51,1080.200324
-1.372424,51,1080.313772
-1.529659,51,1080.429774
-1.36842,51,1080.543937
-1.454178,51,1080.673468
-1.606869,51,1080.789429
-1.526651,51,1080.904494
-1.349209,51,1081.017364
-1.334478,51,1081.131556
-1.510766,51,1081.258697
-1.39349,51,1081.371476
-1.375499,52,1081.489444
-1.292609,51,1081.621618
-1.414872,51,1081.752508
-1.42575,51,1081.889262
-1.316589,51,1082.011518
-1.22958,51,1082.133607
-1.281262,51,1082.25438
-1.559882,51,1082.373358
-1.345796,51,1082.507543
-1.270758,52,1082.637917
-1.280121,51,1082.768913
-1.128395,51,1082.890047
-1.444807,51,1083.012431
-1.251232,52,1083.148782
-1.178578,51,1083.267622
-1.329249,51,1083.38565
-1.310003,51,1083.503409
-1.307974,51,1083.623561
-1.168915,52,1083.755443
-1.321585,52,1083.892067
-1.273004,51,1084.011149
-1.409738,51,1084.128652
-1.31552,51,1084.250528
-1.59612,51,1084.381367
-1.36229,51,1084.504158
-1.617059,52,1084.623977
-1.350426,52,1084.744319
-1.389882,51,1084.863785
-1.326909,51,1084.997229
-1.325618,51,1085.122729
-1.37849,51,1085.247734
-1.253759,51,1085.366351
-1.364683,51,1085.481754
-1.432521,52,1085.613804
-1.341686,51,1085.743901
-1.59662,51,1085.859569
-1.348781,51,1085.972869
-1.321568,51,1086.087441
-1.270725,51,1086.214715
-1.370764,51,1086.328585
-1.408928,51,1086.4428
-1.547922,51,1086.5556
-1.473213,51,1086.670478
-1.424774,51,1086.797999
-1.288919,52,1086.914606
-1.595963,51,1087.028639
-1.488657,51,1087.142507
-1.442344,51,1087.256181
-1.352406,51,1087.383491
-1.431838,51,1087.497033
-1.619643,51,1087.610171
-1.30972,51,1087.726764
-1.346225,51,1087.85053
-1.362715,52,1087.979862
-1.320628,51,1088.09465
-1.64525,51,1088.208434
-1.458875,51,1088.322377
-1.36847,51,1088.436214
-1.514542,51,1088.551002
-1.413416,51,1088.678158
-1.232944,52,1088.795782
-1.329551,51,1088.910142
-1.34378,51,1089.024332
-1.260444,51,1089.138908
-1.402838,51,1089.265624
-1.394455,51,1089.379523
-1.301352,52,1089.494758
-1.201948,51,1089.609475
-1.338633,52,1089.739942
-1.319529,51,1089.852673
-1.583755,51,1089.965917
-1.234502,51,1090.077666
-1.39142,51,1090.192317
-1.627089,51,1090.305734
-1.469467,51,1090.433763
-1.332382,51,1090.54751
-1.385732,51,1090.65997
-1.301671,52,1090.775723
-1.304753,51,1090.888841
-1.24129,51,1091.015399
-1.30631,51,1091.132981
-1.371816,51,1091.247178
-1.291963,51,1091.360306
-1.414324,51,1091.474584
-1.459607,52,1091.604789
-1.343066,51,1091.719998
-1.587257,51,1091.835208
-1.383785,51,1091.951151
-1.529992,51,1092.065647
-1.259488,51,1092.196322
-1.286032,52,1092.313088
-1.347855,51,1092.42896
-1.343804,51,1092.542275
-1.441752,51,1092.655871
-1.278999,51,1092.783918
-1.427129,52,1092.899893
-1.366492,51,1093.013829
-1.251142,51,1093.127745
-1.641834,51,1093.241972
-1.677675,51,1093.368321
-1.395238,51,1093.483675
-1.430318,51,1093.597745
-1.668271,52,1093.713726
-1.464529,51,1093.826359
-1.284958,51,1093.953985
-1.265208,51,1094.067293
-1.355589,52,1094.182884
-1.408291,51,1094.296929
-1.368481,51,1094.410267
-1.527431,51,1094.536995
-1.347127,51,1094.650725
-1.35302,51,1094.767363
-1.285493,51,1094.880374
-1.428923,51,1094.99392
-1.366987,51,1095.120808
-1.227763,51,1095.23549
-1.349811,51,1095.348746
-1.293938,51,1095.464057
-1.596141,51,1095.579904
-1.31809,51,1095.695833
-1.332571,51,1095.832101
-1.518541,51,1095.945789
-1.270474,51,1096.058982
-1.521729,52,1096.175906
-1.149617,51,1096.288599
-1.34609,51,1096.415157
-1.260885,51,1096.52924
-1.240383,51,1096.643401
-1.562395,52,1096.759521
-1.175674,51,1096.87279
-1.225406,51,1096.999902
-1.304841,51,1097.113488
-1.366565,52,1097.229696
-1.209388,51,1097.344399
-1.249012,51,1097.456974
-1.286196,51,1097.587924
-1.30754,52,1097.703481
-1.342222,51,1097.817485
-1.372304,51,1097.930043
-1.538689,51,1098.043433
-1.632958,51,1098.169733
-1.328125,51,1098.286285
-1.416771,51,1098.405584
-1.410092,51,1098.528158
-1.475321,51,1098.647191
-1.209299,51,1098.780698
-1.494941,51,1098.895808
-1.448644,51,1099.011163
-1.596265,51,1099.127157
-1.25523,52,1099.243261
-1.324292,51,1099.370999
-1.448069,52,1099.486176
-1.607282,52,1099.600417
-1.453783,51,1099.714798
-1.366815,51,1099.828797
-1.786738,51,1099.954435
-1.431016,52,1100.068803
-1.391771,51,1100.182126
-1.295965,51,1100.295985
-1.66477,51,1100.409231
-1.397437,51,1100.535343
-1.374134,51,1100.648991
-1.5,51,1100.763757
-1.358731,51,1100.87765
-1.449558,51,1100.990156
-1.393432,51,1101.117309
-1.533534,51,1101.230604
-1.584064,51,1101.344272
-1.652073,51,1101.457668
-1.561565,51,1101.571819
-1.252539,52,1101.699287
-1.406462,52,1101.813605
-1.362987,51,1101.926723
-1.39524,52,1102.081434
-1.464811,51,1102.206119
-1.445782,52,1102.336576
-1.279098,51,1102.451586
-1.452509,51,1102.564742
-1.378128,51,1102.678601
-1.360233,51,1102.793447
-1.570559,52,1102.921169
-1.376228,51,1103.038907
-1.342405,51,1103.152494
-1.378256,51,1103.266522
-1.563369,51,1103.380232
-1.346209,51,1103.508485
-1.412431,51,1103.621696
-1.506991,51,1103.736286
-1.352926,51,1103.848477
-1.19682,51,1103.96176
-1.308882,52,1104.091027
-1.435645,51,1104.204834
-1.389624,51,1104.319114
-1.625066,51,1104.432566
-1.455752,51,1104.54604
-1.434101,51,1104.672922
-1.2701,52,1104.787477
-1.214683,51,1104.901753
-1.295624,52,1105.01585
-1.495045,51,1105.128891
-1.497154,51,1105.261328
-1.467072,51,1105.374428
-1.317295,52,1105.491915
-1.357099,51,1105.607334
-1.458792,51,1105.721745
-1.621965,51,1105.848972
-1.461372,51,1105.964104
-1.325492,51,1106.077594
-1.328078,51,1106.19196
-1.722431,51,1106.305471
-1.335309,51,1106.431629
-1.572505,51,1106.545573
-1.365926,51,1106.659227
-1.350094,51,1106.774184
-1.287548,51,1106.886424
-1.418668,52,1107.015019
-1.228043,51,1107.128791
-1.270703,51,1107.242997
-1.396794,51,1107.356563
-1.450797,52,1107.471519
-1.412214,51,1107.598504
-1.46045,51,1107.711716
-1.573494,51,1107.824653
-1.316128,52,1107.937954
-1.271329,51,1108.05258
-1.261164,51,1108.178924
-1.424827,51,1108.292011
-1.204736,51,1108.404842
-1.226812,52,1108.519337
-1.295184,52,1108.633689
-1.171658,51,1108.761058
-1.372205,51,1108.876642
-1.352269,51,1108.991837
-1.2816,51,1109.105087
-1.355293,51,1109.218542
-1.294326,51,1109.345098
-1.407071,51,1109.459149
-1.40162,51,1109.571418
-1.321745,51,1109.685298
-1.557713,51,1109.798574
-1.416641,51,1109.924998
-1.262092,51,1110.037636
-1.454158,51,1110.150063
-1.436535,51,1110.262988
-1.30872,52,1110.377313
-1.455742,51,1110.50582
-1.255264,52,1110.620284
-1.419702,51,1110.732209
-1.462489,52,1110.846671
-1.318645,52,1110.9606
-1.22675,51,1111.086673
-1.248728,51,1111.200561
-1.437501,51,1111.31416
-1.327497,51,1111.426911
-1.382514,51,1111.540529
-1.433661,51,1111.665811
-1.367752,51,1111.779726
-1.616539,51,1111.89263
-1.493859,51,1112.005025
-1.253944,51,1112.119962
-1.338048,51,1112.249458
-1.55364,51,1112.364432
-1.481217,51,1112.478077
-1.61619,51,1112.590711
-1.380794,52,1112.707958
-1.424701,51,1112.833548
-1.369265,51,1112.945256
-1.456715,52,1113.058932
-1.360341,51,1113.172663
-1.35866,52,1113.28708
-1.469528,52,1113.41525
-1.32329,51,1113.528645
-1.357772,51,1113.641553
-1.358831,51,1113.754528
-1.464196,51,1113.867421
-1.454492,51,1113.994503
-1.575948,51,1114.107744
-1.238874,51,1114.220605
-1.468451,51,1114.334728
-1.369839,51,1114.448728
-1.478006,51,1114.575557
-1.313703,51,1114.689985
-1.465747,52,1114.805075
-1.279148,52,1114.919306
-1.270157,51,1115.032218
-1.51397,51,1115.158026
-1.614981,51,1115.271141
-1.432119,51,1115.384122
-1.559333,51,1115.498857
-1.354497,51,1115.61319
-1.461881,51,1115.740656
-1.488739,52,1115.855604
-1.378523,51,1115.968316
-1.415803,51,1116.080266
-1.399889,51,1116.192354
-1.360951,51,1116.319493
-1.31398,51,1116.432429
-1.467936,51,1116.545524
-1.458886,52,1116.659954
-1.429694,51,1116.776072
-1.410701,52,1116.904637
-1.297269,51,1117.018072
-1.477041,51,1117.130967
-1.378623,51,1117.243126
-1.364909,51,1117.355867
-1.456271,51,1117.48272
-1.260737,52,1117.597028
-1.393498,51,1117.710253
-1.654959,51,1117.82223
-1.548417,51,1117.936336
-1.54249,51,1118.062638
-1.398987,51,1118.175756
-1.320094,51,1118.288257
-1.42784,51,1118.401766
-1.247387,51,1118.51678
-1.461488,51,1118.629795
-1.378205,51,1118.762668
-1.38063,51,1118.877195
-1.251672,51,1118.991626
-1.500562,51,1119.104885
-1.182402,51,1119.216476
-1.460894,52,1119.344935
-1.200123,51,1119.458349
-1.377207,51,1119.571014
-1.825542,51,1119.682345
-1.341318,51,1119.794944
-1.389709,51,1119.919823
-1.473388,51,1120.031932
-1.212378,52,1120.144994
-1.417981,51,1120.258609
-1.478006,52,1120.372577
-1.383073,51,1120.510073
-1.650559,51,1120.635378
-1.436523,51,1120.777624
-1.436121,51,1120.903205
-1.502848,51,1121.035866
-1.401433,51,1121.163949
-1.411069,51,1121.27778
-1.31831,52,1121.391832
-1.378529,51,1121.505006
-1.48886,51,1121.616611
-1.667037,51,1121.744926
-1.414733,52,1121.860224
-1.510924,51,1121.976218
-1.378561,51,1122.090613
-1.363181,51,1122.204958
-1.515506,51,1122.333215
-1.463497,51,1122.447921
-1.343866,51,1122.560214
-1.447466,51,1122.673825
-1.453298,51,1122.787398
-1.258315,51,1122.916817
-1.417341,51,1123.030682
-1.519036,51,1123.1434
-1.439428,51,1123.256878
-1.362101,51,1123.370806
-1.382918,52,1123.498782
-1.35934,51,1123.611488
-1.32871,51,1123.724474
-1.296955,51,1123.83883
-1.362969,51,1123.951199
-1.228363,51,1124.063751
-1.364,51,1124.190864
-1.351002,51,1124.304746
-1.307564,51,1124.41809
-1.382886,51,1124.531957
-1.443166,51,1124.645018
-1.32663,52,1124.773525
-1.319073,51,1124.886102
-1.335896,51,1124.999092
-1.425894,51,1125.111215
-1.187683,51,1125.224658
-1.247861,51,1125.350886
-1.427937,51,1125.466149
-1.328557,51,1125.581001
-1.404096,51,1125.694167
-1.264113,51,1125.807745
-1.43127,51,1125.935108
-1.296725,51,1126.047903
-1.756252,52,1126.162528
-1.412131,51,1126.275412
-1.332957,51,1126.38908
-1.473266,51,1126.514988
-1.496723,51,1126.628922
-1.442146,52,1126.744368
-1.551872,51,1126.856604
-1.507844,52,1126.970173
-1.506456,51,1127.096181
-1.325178,51,1127.209439
-1.431475,51,1127.321961
-1.379635,51,1127.43574
-1.325769,51,1127.552272
-1.317599,51,1127.681743
-1.434268,51,1127.794845
-1.537501,51,1127.907428
-1.408393,51,1128.019653
-1.452458,52,1128.132604
-1.36098,51,1128.259429
-1.269701,51,1128.371239
-1.483857,52,1128.485177
-1.568087,51,1128.596902
-1.313847,51,1128.711358
-1.369175,51,1128.839621
-1.661916,51,1128.953749
-1.288951,51,1129.068176
-1.592843,52,1129.181604
-1.253768,52,1129.294504
-1.447361,51,1129.421351
-1.25097,52,1129.534753
-1.412125,51,1129.647767
-1.362775,51,1129.759161
-1.410071,51,1129.872648
-1.455307,51,1129.998993
-1.457181,51,1130.117515
-1.308398,51,1130.230309
-1.303859,51,1130.342874
-1.431805,51,1130.455439
-1.551855,51,1130.580655
-1.515776,51,1130.693687
-1.421642,51,1130.807074
-1.462956,51,1130.920365
-1.549008,52,1131.033935
-1.35036,51,1131.160334
-1.594782,51,1131.273125
-1.281738,51,1131.387331
-1.658105,51,1131.506248
-1.463828,51,1131.619452
-1.466615,51,1131.732123
-1.209307,51,1131.857405
-1.501628,52,1131.971448
-1.539882,51,1132.08619
-1.337864,51,1132.201813
-1.390501,51,1132.316149
-1.324952,51,1132.443464
-1.450298,51,1132.55595
-1.346566,51,1132.67009
-1.459466,51,1132.784028
-1.383028,51,1132.897027
-1.383766,51,1133.023014
-1.34496,51,1133.135042
-1.376272,51,1133.248875
-1.417225,51,1133.361342
-1.497924,51,1133.473673
-1.412076,51,1133.600515
-1.357651,52,1133.716021
-1.488283,51,1133.828533
-1.523545,51,1133.941647
-1.400843,51,1134.053888
-1.358111,51,1134.1801
-1.267246,51,1134.292545
-1.409444,51,1134.405124
-1.501624,52,1134.520145
-1.295575,51,1134.632634
-1.513149,51,1134.760258
-1.413008,52,1134.874657
-1.305999,51,1134.986271
-1.416394,52,1135.099252
-1.650248,51,1135.211555
-1.339437,51,1135.339304
-1.405219,51,1135.453483
-1.448596,51,1135.568059
-1.2693,51,1135.681386
-1.3864,52,1135.794832
-1.284684,52,1135.922376
-1.301403,51,1136.035262
-1.465506,51,1136.146918
-1.385691,51,1136.259469
-1.345993,51,1136.371293
-1.250888,52,1136.498559
-1.31632,51,1136.611381
-1.242197,51,1136.723538
-1.340188,51,1136.83931
-1.210125,51,1136.950819
-1.518079,51,1137.07555
-1.346042,51,1137.189132
-1.415531,51,1137.301389
-1.477946,52,1137.415075
-1.37525,51,1137.527519
-1.526225,51,1137.653313
-1.514438,51,1137.766882
-1.413603,51,1137.879525
-1.447491,52,1137.993108
-1.493945,52,1138.106301
-1.353034,51,1138.232713
-1.288516,51,1138.345533
-1.273022,52,1138.459632
-1.234999,51,1138.572607
-1.437518,51,1138.685702
-1.271833,51,1138.817596
-1.484558,51,1138.93146
-1.306826,51,1139.044189
-1.495147,51,1139.155758
-1.419852,51,1139.268035
-1.363897,51,1139.394084
-1.320986,52,1139.509518
-1.370708,51,1139.623291
-1.606069,52,1139.736615
-1.18363,51,1139.849229
-1.381359,51,1139.973914
-1.447586,51,1140.086582
-1.442484,51,1140.199857
-1.486517,51,1140.313712
-1.391471,51,1140.425773
-1.464594,51,1140.553262
-1.465735,52,1140.666279
-1.305897,51,1140.781634
-1.385022,52,1140.895873
-1.534443,51,1141.008001
-1.412529,51,1141.133085
-1.446299,51,1141.246498
-1.290315,51,1141.358455
-1.394768,51,1141.469554
-1.449547,51,1141.582438
-1.392885,51,1141.707886
-1.341536,52,1141.821843
-1.343369,51,1141.93726
-1.389511,51,1142.051682
-1.488593,51,1142.167695
-1.619817,51,1142.292915
-1.665969,51,1142.405271
-1.509877,52,1142.518672
-1.520809,51,1142.631459
-1.466737,52,1142.74614
-1.554104,52,1142.872545
-1.421019,51,1142.984999
-1.374265,51,1143.096577
-1.527907,52,1143.209584
-1.590702,51,1143.334825
-1.418687,51,1143.447725
-1.592716,51,1143.559546
-1.408302,51,1143.670609
-1.6111,51,1143.78365
-1.425406,51,1143.895791
-1.526386,52,1144.022483
-1.364255,51,1144.13477
-1.525216,51,1144.247589
-1.369491,51,1144.359466
-1.546639,51,1144.471516
-1.521391,51,1144.597919
-1.444763,51,1144.709633
-1.452225,51,1144.825007
-1.480358,51,1144.935999
-1.306694,51,1145.047123
-1.325848,51,1145.174222
-1.526771,51,1145.288473
-1.629757,51,1145.401957
-1.409761,51,1145.514586
-1.420853,51,1145.642357
-1.583373,51,1145.768567
-1.326589,51,1145.881606
-1.369595,51,1145.994612
-1.410309,51,1146.107035
-1.337696,52,1146.220543
-1.53473,51,1146.345347
-1.306408,51,1146.458243
-1.528995,51,1146.570455
-1.508264,51,1146.682362
-1.446296,52,1146.796468
-1.680781,52,1146.923
-1.157222,52,1147.036886
-1.46049,51,1147.148878
-1.407682,51,1147.261068
-1.334881,51,1147.373042
-1.283705,51,1147.498718
-1.313837,51,1147.611555
-1.446857,51,1147.724713
-1.362039,51,1147.836416
-1.455652,51,1147.947851
-1.38438,52,1148.074156
-1.384632,51,1148.186565
-1.379727,52,1148.300811
-1.246675,51,1148.413055
-1.425019,51,1148.527927
-1.282437,51,1148.655764
-1.272372,51,1148.772084
-1.340265,51,1148.884377
-1.476444,51,1148.996558
-1.279929,51,1149.108231
-1.275151,51,1149.23304
-1.613518,51,1149.344646
-1.224922,51,1149.456585
-1.400804,51,1149.568578
-1.4663,51,1149.680017
-1.364564,51,1149.79315
-1.128368,51,1149.91788
-1.227393,51,1150.030769
-1.373939,51,1150.142365
-1.236127,51,1150.2551
-1.296808,51,1150.367056
-1.227104,51,1150.492094
-1.234223,51,1150.60447
-1.474821,51,1150.716011
-1.501184,52,1150.831346
-1.355114,51,1150.943177
-1.413621,52,1151.069421
-1.278643,52,1151.18587
-1.535862,51,1151.298052
-1.221185,51,1151.40989
-1.184646,51,1151.521762
-1.25784,51,1151.646698
-1.479677,51,1151.761317
-1.358966,51,1151.875115
-1.440206,51,1151.990664
-1.327881,51,1152.103905
-1.352045,51,1152.230082
-1.493024,52,1152.343782
-1.355438,51,1152.456103
-1.431028,51,1152.568097
-1.273822,51,1152.682672
-1.471591,51,1152.809906
-1.319428,51,1152.921959
-1.179422,51,1153.034395
-1.415202,51,1153.1461
-1.396512,52,1153.260031
-1.527344,51,1153.386141
-1.317118,51,1153.498373
-1.202511,52,1153.61125
-1.743457,51,1153.724288
-1.559982,51,1153.836202
-1.216839,51,1153.961963
-1.290067,51,1154.075174
-1.316193,51,1154.192457
-1.126255,51,1154.3037
-1.20568,51,1154.415847
-1.317764,52,1154.542778
-1.408887,51,1154.655645
-1.573084,51,1154.768003
-1.438838,51,1154.880415
-1.169758,51,1154.992171
-1.269672,52,1155.120601
-1.404508,51,1155.2346
-1.616295,51,1155.348894
-1.369588,51,1155.463261
-1.369329,51,1155.575674
-1.606017,51,1155.702271
-1.403079,52,1155.81582
-1.335225,51,1155.928321
-1.476648,52,1156.040806
-1.285742,51,1156.154125
-1.435754,51,1156.279558
-1.480549,51,1156.392248
-1.254973,51,1156.508777
-1.532704,52,1156.623625
-1.405123,51,1156.735977
-1.448814,51,1156.861983
-1.308597,51,1156.974088
-1.317796,51,1157.086161
-1.429801,51,1157.19842
-1.201806,51,1157.31075
-1.506072,51,1157.436853
-1.314986,51,1157.551456
-1.391035,51,1157.66778
-1.227104,51,1157.781438
-1.411572,51,1157.894471
-1.242099,51,1158.008191
-1.449146,51,1158.134849
-1.237463,51,1158.24901
-1.319704,52,1158.365418
-1.502114,51,1158.480066
-1.285031,51,1158.59575
-1.225155,51,1158.721766
-1.304264,51,1158.835868
-1.438407,51,1158.947357
-1.364143,52,1159.061449
-1.290626,52,1159.187079
-1.351708,51,1159.300109
-1.390762,51,1159.413309
-1.440465,51,1159.524575
-1.359939,51,1159.637019
-1.434381,51,1159.7484
-1.223868,51,1159.873582
-1.275639,51,1159.984528
-1.319992,51,1160.096207
-1.270995,51,1160.20815
-1.438174,51,1160.319785
-1.304776,51,1160.444192
-1.248686,51,1160.555373
-1.504771,52,1160.669387
-1.478511,51,1160.782208
-1.362548,52,1160.912588
-1.349576,51,1161.039221
-1.554545,52,1161.153809
-1.551032,51,1161.267418
-1.326603,51,1161.379628
-1.260195,52,1161.505744
-1.461934,51,1161.618041
-1.324263,51,1161.732991
-1.300067,51,1161.850438
-1.38896,51,1161.96315
-1.493463,51,1162.075991
-1.401506,51,1162.23302
-1.461736,51,1162.356506
-1.415479,51,1162.467639
-1.542444,51,1162.583729
-1.391966,51,1162.696977
-1.614379,51,1162.827574
-1.315815,51,1162.949321
-1.342839,51,1163.067725
-1.311919,51,1163.183675
-1.305128,52,1163.302221
-1.507717,51,1163.427518
-1.366417,51,1163.540531
-1.376516,51,1163.651842
-1.339357,52,1163.765969
-1.190501,51,1163.877665
-1.506464,52,1164.003413
-1.378088,51,1164.114987
-1.327175,51,1164.227297
-1.501836,51,1164.340253
-1.458408,51,1164.451368
-1.336177,51,1164.576403
-1.614229,51,1164.689463
-1.32814,52,1164.802868
-1.585146,51,1164.914323
-1.417829,52,1165.030486
-1.442473,51,1165.158812
-1.392585,51,1165.272731
-1.423895,51,1165.38374
-1.296227,51,1165.496751
-1.525731,51,1165.615914
-1.26604,52,1165.743851
-1.236123,51,1165.855866
-1.326138,51,1165.968129
-1.527868,51,1166.079671
-1.360556,52,1166.193345
-1.356841,51,1166.320168
-1.342878,52,1166.436251
-1.388361,51,1166.551967
-1.287585,52,1166.665019
-1.328173,51,1166.789972
-1.443809,51,1166.903545
-1.355473,52,1167.016507
-1.445118,51,1167.129994
-1.371612,51,1167.242099
-1.215408,51,1167.367354
-1.383271,51,1167.479153
-1.399568,51,1167.591351
-1.358191,51,1167.704355
-1.335261,51,1167.814646
-1.570621,51,1167.926758
-1.280103,51,1168.051404
-1.221398,51,1168.163291
-1.368415,51,1168.276183
-1.372426,51,1168.389998
-1.271672,51,1168.503775
-1.653449,51,1168.630097
-1.205148,51,1168.741451
-1.23401,51,1168.853402
-1.115952,51,1168.964612
-1.345084,51,1169.075558
-1.243339,51,1169.202057
-1.31601,51,1169.313481
-1.324375,52,1169.426121
-1.268007,51,1169.537579
-1.351558,52,1169.649594
-1.317154,51,1169.775601
-1.197326,51,1169.886326
-1.281514,51,1169.997806
-1.249545,52,1170.110159
-1.327797,51,1170.223235
-1.335359,51,1170.348206
-1.292209,52,1170.461514
-1.271749,52,1170.575011
-1.282063,52,1170.689237
-1.365358,51,1170.815513
-1.299603,52,1170.930193
-1.629472,51,1171.043319
-1.349624,51,1171.155473
-1.308885,51,1171.266176
-1.303495,52,1171.392549
-1.318624,52,1171.50722
-1.343676,51,1171.620921
-1.358841,51,1171.736249
-1.294753,51,1171.849662
-1.274915,51,1171.974936
-1.292755,51,1172.086573
-1.418722,51,1172.197226
-1.490505,51,1172.310344
-1.314038,51,1172.421538
-1.198708,52,1172.549907
-1.485407,51,1172.664069
-1.353327,51,1172.776766
-1.390749,52,1172.891193
-1.424383,51,1173.002704
-1.365392,51,1173.12751
-1.323143,51,1173.238454
-1.456522,51,1173.350645
-1.720059,51,1173.462488
-1.272115,51,1173.573704
-1.30784,51,1173.699342
-1.330854,51,1173.810858
-1.335702,51,1173.923931
-1.432928,51,1174.034673
-1.522391,51,1174.146928
-1.391852,51,1174.259212
-1.448422,51,1174.38418
-1.423428,51,1174.49569
-1.45103,51,1174.620049
-1.341229,51,1174.731333
-1.409371,52,1174.847486
-1.321304,51,1174.984846
-1.483362,51,1175.098639
-1.23344,51,1175.211334
-1.252153,51,1175.322964
-1.354227,51,1175.435354
-1.472048,51,1175.560548
-1.21462,51,1175.67231
-1.309959,51,1175.783952
-1.26277,51,1175.895871
-1.438146,51,1176.006752
-1.227834,51,1176.129898
-1.237162,52,1176.242699
-1.513715,51,1176.354981
-1.282856,52,1176.467612
-1.399312,52,1176.580924
-1.259451,51,1176.705912
-1.361986,52,1176.823318
-1.461221,51,1176.935428
-1.273135,51,1177.048018
-1.2311,51,1177.160143
-1.387846,51,1177.284365
-1.486503,51,1177.396452
-1.1277,51,1177.507628
-1.335894,52,1177.619763
-1.375918,51,1177.733778
-1.251405,51,1177.859374
-1.395094,52,1177.972242
-1.156588,51,1178.083755
-1.201963,51,1178.197319
-1.40179,51,1178.312454
-1.274537,52,1178.439317
-1.278136,51,1178.551262
-1.151975,51,1178.66264
-1.215922,51,1178.776512
-1.293653,51,1178.888126
-1.368496,51,1179.011867
-1.232276,51,1179.123566
-1.410499,51,1179.235002
-1.322339,51,1179.345405
-1.221714,51,1179.456746
-1.359088,52,1179.581931
-1.358126,51,1179.693342
-1.106244,51,1179.80538
-1.35502,51,1179.916616
-1.42401,51,1180.028141
-1.224353,51,1180.152802
-1.311907,51,1180.264643
-1.39966,51,1180.375755
-1.330905,51,1180.486836
-1.376177,51,1180.598925
-1.32192,51,1180.723071
-1.285431,51,1180.835711
-1.243052,51,1180.947433
-1.209229,51,1181.058757
-1.376261,51,1181.169921
-1.248379,51,1181.281027
-1.083032,51,1181.407799
-1.442559,52,1181.523738
-1.498327,52,1181.639666
-1.393858,52,1181.752745
-1.457474,51,1181.881416
-1.38465,51,1181.995559
-1.233828,51,1182.107306
-1.286732,51,1182.218722
-1.457805,51,1182.330426
-1.206747,51,1182.457131
-1.294856,52,1182.572124
-1.320291,51,1182.68582
-1.260985,51,1182.798289
-1.280905,51,1182.910538
-1.291362,51,1183.035783
-1.189851,52,1183.148787
-1.405175,52,1183.269457
-1.389395,51,1183.382061
-1.243362,51,1183.493909
-1.408627,51,1183.618465
-1.248098,51,1183.729652
-1.340024,51,1183.84174
-1.38511,51,1183.954829
-1.338883,51,1184.066461
-1.3384,51,1184.190803
-1.237389,51,1184.30248
-1.284968,51,1184.413842
-1.203195,51,1184.524491
-1.335684,51,1184.637095
-1.251553,51,1184.750744
-1.412106,51,1184.879591
-1.213526,51,1184.99267
-1.222934,51,1185.104279
-1.192875,51,1185.215665
-1.22471,51,1185.325647
-1.469504,51,1185.450927
-1.167792,52,1185.563248
-1.327633,51,1185.674703
-1.116978,51,1185.787375
-1.259782,51,1185.899454
-1.273582,51,1186.024433
-1.276728,51,1186.136119
-1.349509,51,1186.248391
-1.322342,51,1186.361846
-1.176481,51,1186.473341
-1.453325,51,1186.598652
-1.250135,51,1186.710463
-1.263034,51,1186.823066
-1.245172,51,1186.933898
-1.388911,51,1187.044377
-1.125697,51,1187.156021
-1.477552,51,1187.280584
-1.415619,51,1187.393996
-1.118796,51,1187.506293
-1.217489,51,1187.624235
-1.103255,51,1187.735747
-1.200919,52,1187.863651
-1.274944,51,1187.976216
-1.252678,51,1188.090965
-1.261936,51,1188.205767
-1.227265,51,1188.319889
-1.17845,51,1188.446494
-1.278173,51,1188.55904
-1.177828,51,1188.670818
-1.230603,51,1188.783468
-1.194078,51,1188.897532
-1.256551,51,1189.023423
-1.232364,51,1189.135157
-1.082828,51,1189.246346
-1.298299,51,1189.357704
-1.251974,51,1189.470435
-1.240406,51,1189.58166
-1.304005,51,1189.706204
-1.26127,51,1189.817649
-1.181389,51,1189.930321
-1.168934,51,1190.041595
-1.083072,51,1190.152422
-1.354625,51,1190.278529
-1.225365,51,1190.38896
-1.47301,52,1190.503635
-1.251608,51,1190.615097
-1.314541,51,1190.726539
-1.237111,52,1190.852621
-1.38027,51,1190.964781
-1.185556,52,1191.077175
-1.124401,51,1191.188648
-1.35409,51,1191.303394
-1.084356,51,1191.42974
-1.374828,51,1191.543525
-1.306541,51,1191.654925
-1.349153,51,1191.766908
-1.487642,51,1191.880026
-1.380631,51,1192.007217
-1.375021,51,1192.119862
-1.133351,51,1192.232166
-1.414438,51,1192.343847
-1.408706,51,1192.45477
-1.621749,51,1192.581364
-1.201828,51,1192.693755
-1.576651,51,1192.806099
-1.283554,51,1192.917842
-1.526497,51,1193.029529
-1.369714,51,1193.14101
-1.281265,51,1193.266407
-1.345111,51,1193.378332
-1.616724,51,1193.489858
-1.207109,51,1193.602575
-1.260988,51,1193.714118
-1.355879,51,1193.840666
-1.357418,51,1193.955023
-1.285511,51,1194.066019
-1.389493,52,1194.179004
-1.392902,52,1194.291732
-1.184861,51,1194.417284
-1.426763,51,1194.531607
-1.167995,52,1194.646548
-1.328025,51,1194.760914
-1.330866,51,1194.873461
-1.497229,52,1195.000442
-1.350729,51,1195.112073
-1.457703,51,1195.22437
-1.501803,51,1195.335849
-1.326702,51,1195.447131
-1.227508,51,1195.571491
-1.34689,51,1195.682786
-1.211119,51,1195.794582
-1.297458,51,1195.906327
-1.183028,51,1196.01817
-1.258008,51,1196.144225
-1.336575,51,1196.255754
-1.205576,51,1196.367424
-1.437773,52,1196.4805
-1.271095,51,1196.592461
-1.375089,51,1196.71854
-1.240942,51,1196.830903
-1.304802,51,1196.943742
-1.402305,51,1197.055058
-1.228424,52,1197.168109
-1.209649,51,1197.294164
-1.314186,51,1197.405792
-1.622465,51,1197.517196
-1.425676,51,1197.629145
-1.364816,51,1197.742473
-1.33177,51,1197.870134
-1.375419,51,1197.986768
-1.256217,51,1198.099719
-1.322214,51,1198.210271
-1.37484,52,1198.32508
-1.230212,52,1198.451113
-1.248085,51,1198.562342
-1.153216,52,1198.675105
-1.267683,51,1198.78781
-1.133245,51,1198.901199
-1.309497,52,1199.027095
-1.680938,51,1199.137799
-1.374939,52,1199.250649
-1.24402,51,1199.363664
-1.360973,51,1199.475662
-1.440592,51,1199.600802
-1.678971,51,1199.713094
-1.397575,51,1199.823678
-1.344068,51,1199.938958
-1.741535,51,1200.050423
-1.211606,52,1200.176595
-1.306969,51,1200.289454
-1.356801,51,1200.400181
-1.25444,51,1200.511265
-1.272943,51,1200.622353
-1.488272,51,1200.748196
-1.354076,51,1200.859589
-1.463819,51,1200.971214
-1.563645,51,1201.084257
-1.60272,51,1201.198392
-1.454025,51,1201.325305
-1.450832,51,1201.435886
-1.546845,51,1201.546761
-1.242649,51,1201.658119
-1.214524,51,1201.7698
-1.44773,52,1201.897605
-1.13939,51,1202.010928
-1.28928,51,1202.123438
-1.176476,51,1202.234701
-1.375718,51,1202.346323
-1.378096,51,1202.457318
-1.34344,51,1202.581783
-1.227562,51,1202.69456
-1.296139,51,1202.80731
-1.130169,51,1202.918581
-1.272779,51,1203.031568
-1.519903,52,1203.156995
-1.262755,52,1203.269786
-1.224937,52,1203.382151
-1.130259,51,1203.494582
-1.436954,51,1203.619318
-1.205771,51,1203.730668
-1.174942,51,1203.842665
-1.233485,52,1203.955618
-1.178744,51,1204.067925
-1.209184,51,1204.192874
-1.209726,51,1204.30611
-1.200524,52,1204.420837
-1.283993,51,1204.534674
-1.365348,51,1204.646214
-1.419824,51,1204.771515
-1.07667,51,1204.884183
-1.240426,51,1204.994606
-1.331172,51,1205.105906
-1.196672,52,1205.21857
-1.433857,51,1205.343583
-1.178829,51,1205.455437
-1.21163,52,1205.569482
-1.304959,52,1205.691878
-1.26946,51,1205.804053
-1.183441,51,1205.930192
-1.245775,52,1206.044377
-1.116967,51,1206.156642
-1.338032,51,1206.268412
-1.405234,51,1206.381004
-1.117511,51,1206.506254
-1.30261,51,1206.617456
-1.076787,52,1206.72963
-1.243899,51,1206.841111
-1.398129,52,1206.954247
