#{"t_start": 1789349970.636171, "env_id": "None"}
r,l,t
-1.885227,51,0.956966
-1.993096,51,0.974763
-2.17345,52,0.993299
-1.902997,52,1.012858
-1.938786,51,1.034858
-1.918534,51,1.05301
-2.14305,51,1.07092
-1.773073,51,1.089309
-1.880791,51,1.109063
-1.924279,51,1.128266
-2.150686,52,1.14734
-1.971373,51,1.166053
-1.927892,51,1.184622
-2.093555,51,1.203143
-2.098692,52,1.222632
-2.181358,51,1.241451
-1.865625,51,1.260716
-1.936032,51,1.279525
-1.986997,51,1.298759
-1.863534,51,1.318508
-1.850598,51,1.337739
-1.934233,51,1.356662
-1.860584,51,1.376325
-1.891327,51,1.395614
-1.871756,51,1.415115
-2.193928,51,1.43459
-1.932009,51,1.45297
-1.831881,51,1.471478
-2.208377,51,1.490177
-1.876337,51,1.508727
-2.130861,51,1.526669
-2.058773,51,1.544866
-1.89206,51,1.563366
-2.046765,51,1.581828
-1.840162,51,1.600299
-1.821002,51,1.618557
-1.820072,51,1.637577
-1.962649,51,1.6558
-2.160024,51,1.673689
-2.223,51,1.691526
-1.799558,51,2.024753
-1.965612,51,2.04341
-2.047915,51,2.061608
-2.255036,51,2.079733
-2.074114,51,2.097722
-1.876372,51,2.116147
-2.05777,51,2.134533
-1.930026,52,2.153327
-1.980447,51,2.171759
-2.102702,51,2.190113
-1.969526,51,2.20851
-1.891511,51,2.226915
-1.943831,51,2.24491
-2.080832,51,2.262603
-1.915755,51,2.280263
-2.220522,51,2.298411
-2.182342,51,2.316574
-2.046031,51,2.334481
-1.888921,51,2.352682
-2.000199,51,2.371387
-1.81394,51,2.390051
-1.93916,52,2.408624
-1.814268,51,2.427254
-2.19606,51,2.445446
-1.962022,51,2.463651
-2.0136,51,2.484886
-2.039524,51,2.504218
-1.985647,52,2.521987
-2.045686,51,2.540026
-2.173369,51,2.558292
-1.975458,51,2.576373
-1.824639,51,2.594512
-1.91049,51,2.612922
-2.146024,52,2.632236
-2.001752,52,2.651793
-2.215423,52,2.670291
-1.891274,51,2.688209
-1.973518,51,2.706411
-1.936612,51,2.72475
-1.749581,51,2.743083
-2.005927,51,3.059505
-1.986654,52,3.078547
-1.93701,51,3.09681
-1.89875,51,3.115768
-1.999802,51,3.134662
-1.866731,51,3.153167
-2.50822,51,3.171619
-1.893051,51,3.190064
-2.182746,51,3.2085
-1.795157,51,3.226888
-1.903969,51,3.245312
-2.199557,51,3.263213
-2.130352,52,3.281113
-1.95336,51,3.299547
-1.984287,51,3.317488
-1.847098,51,3.335873
-1.985787,51,3.354577
-1.997188,51,3.373886
-2.008793,51,3.392451
-1.982306,51,3.411203
-1.986713,51,3.429994
-2.122083,51,3.448771
-1.85952,51,3.467549
-2.077131,51,3.486258
-2.09624,51,3.50539
-1.976049,51,3.524138
-1.970187,51,3.542929
-2.035765,51,3.561735
-2.11375,51,3.58024
-1.933806,51,3.598694
-2.077585,51,3.617045
-1.921996,51,3.635543
-2.024048,51,3.653961
-2.131292,51,3.672323
-2.28937,51,3.690682
-1.905303,51,3.709097
-1.837662,51,3.727484
-1.93757,52,3.745812
-2.008623,51,3.763969
-1.794042,51,3.781807
-1.793188,51,4.095
-1.799082,51,4.1136
-1.789363,51,4.131861
-1.807579,52,4.15006
-1.973665,51,4.16718
-2.076259,51,4.184973
-1.890581,51,4.203079
-2.036491,51,4.220811
-1.953728,51,4.238606
-1.835989,51,4.255974
-2.034266,51,4.273078
-2.034166,51,4.29063
-1.89462,51,4.308701
-2.179548,51,4.327303
-1.866492,51,4.345759
-1.910838,51,4.363136
-1.933655,52,4.381689
-1.755947,51,4.400011
-1.811732,51,4.418717
-1.916758,51,4.437451
-2.407018,51,4.456315
-1.950471,51,4.478602
-1.927733,51,4.498064
-1.876814,51,4.517435
-2.029391,51,4.536429
-1.904654,51,4.555001
-1.80647,52,4.573822
-1.752769,51,4.592277
-2.059609,51,4.61114
-2.336586,51,4.631341
-1.742362,51,4.649392
-1.739094,51,4.667806
-2.223677,51,4.6859
-1.896291,52,4.70478
-1.977392,51,4.722931
-2.114614,51,4.741508
-2.02911,51,4.759949
-1.900591,52,4.77928
-2.060565,51,4.797547
-1.960253,51,4.816132
-1.891258,51,5.134498
-1.867427,52,5.153512
-2.075948,51,5.172096
-2.112802,51,5.189999
-1.873608,51,5.207498
-1.947704,51,5.225264
-2.118655,52,5.243512
-1.90934,51,5.2612
-1.881467,51,5.279928
-1.890021,51,5.297924
-2.267677,51,5.316189
-1.79418,51,5.33495
-1.998004,51,5.35369
-2.002879,51,5.37245
-1.97728,52,5.391568
-1.823852,51,5.40953
-1.861737,51,5.42833
-2.13402,51,5.447313
-2.079282,51,5.465701
-2.066169,51,5.484413
-1.86388,51,5.503545
-1.909388,51,5.522337
-1.847394,51,5.541064
-1.756449,51,5.559787
-1.854312,51,5.57846
-2.507931,52,5.597398
-1.854449,51,5.615849
-2.275981,51,5.634341
-1.944271,51,5.652765
-1.899173,51,5.671135
-1.92085,51,5.689845
-1.931825,51,5.708333
-1.941288,52,5.727147
-1.851955,51,5.745577
-2.035657,51,5.764011
-2.213471,51,5.782466
-1.921837,51,5.800964
-1.879253,51,5.819989
-2.008085,51,5.838533
-1.793235,51,5.856694
-1.969224,51,6.166528
-1.876988,51,6.185117
-1.995764,51,6.203365
-2.011159,52,6.222248
-1.919253,51,6.240954
-1.895209,52,6.259154
-1.813203,51,6.277302
-1.852516,51,6.295864
-1.899472,51,6.314002
-1.968272,51,6.33246
-2.096202,52,6.351338
-2.362743,51,6.370113
-1.768644,51,6.388841
-1.86918,51,6.407554
-1.949084,52,6.426676
-2.256513,51,6.445492
-2.157275,51,6.463788
-1.97776,51,6.483301
-1.764729,51,6.501339
-2.242388,52,6.520179
-1.976954,52,6.539466
-1.802096,51,6.557827
-1.991193,51,6.57655
-1.887469,51,6.595249
-2.08961,51,6.613812
-1.885455,51,6.632274
-1.899268,51,6.650711
-1.818787,51,6.669142
-1.971979,51,6.68757
-1.965741,51,6.70601
-1.858348,51,6.724508
-2.006697,51,6.742463
-1.869684,51,6.761009
-2.029095,51,6.778875
-2.01171,51,6.796694
-1.856459,52,6.815466
-1.89784,52,6.833901
-1.787875,51,6.85201
-1.909322,51,6.871245
-1.762507,51,6.889452
-1.73932,51,7.199072
-1.878884,51,7.217832
-2.024921,51,7.235945
-2.028318,51,7.254511
-1.844522,51,7.273025
-1.879963,51,7.291479
-2.050475,51,7.308837
-1.876731,51,7.326605
-2.091398,51,7.344597
-2.132109,51,7.362917
-1.922013,51,7.381014
-1.865981,51,7.39964
-2.071613,51,7.418315
-2.303043,51,7.436561
-1.794475,51,7.454773
-1.918995,51,7.473468
-1.855855,51,7.492734
-2.162146,51,7.510697
-1.861463,51,7.529531
-1.968946,51,7.548384
-2.099964,51,7.567164
-2.004181,51,7.585982
-1.82631,51,7.604787
-2.042315,51,7.623594
-2.407664,52,7.642487
-2.08302,52,7.661253
-2.003625,51,7.679274
-1.937457,51,7.697708
-1.843849,51,7.716156
-1.904432,51,7.734512
-2.251841,51,7.752934
-2.069852,51,7.771319
-1.777887,51,7.790582
-1.924113,51,7.809495
-2.02904,51,7.828078
-2.063094,51,7.846613
-1.969815,52,7.865498
-2.059022,51,7.883964
-2.129662,51,7.902482
-1.808682,51,7.920962
-1.955828,51,8.232583
-2.186471,51,8.251419
-1.819598,51,8.270189
-1.840699,51,8.288256
-1.926188,51,8.305464
-1.966743,52,8.323444
-2.16232,51,8.34054
-2.064546,51,8.358386
-1.857899,51,8.376624
-1.904216,51,8.394733
-2.029359,51,8.413603
-1.944887,51,8.432156
-2.097576,51,8.450987
-1.967613,52,8.47027
-1.949626,51,8.489531
-1.837192,51,8.508484
-2.046461,51,8.52736
-2.062182,51,8.545427
-2.037469,51,8.56363
-2.065922,51,8.581853
-2.065286,51,8.599934
-1.856952,52,8.619123
-2.240936,51,8.637412
-2.054325,51,8.655411
-1.953665,51,8.674026
-1.871811,51,8.692912
-2.126059,51,8.711037
-1.873323,51,8.729131
-2.263133,52,8.747067
-1.987231,51,8.76418
-1.98312,51,8.781646
-2.320804,51,8.79987
-1.888067,51,8.81777
-2.019435,51,8.836278
-2.027652,51,8.854762
-1.922689,51,8.873246
-1.880965,51,8.891753
-1.921533,51,8.910178
-1.976196,52,8.929087
-1.980309,51,8.947608
-1.802998,51,9.25912
-1.988055,52,9.278153
-1.914893,51,9.295861
-2.042821,51,9.313536
-2.133449,51,9.331927
-1.938415,51,9.349862
-1.906493,51,9.367856
-1.954408,51,9.386462
-1.864288,51,9.405071
-2.096482,51,9.423934
-1.917873,51,9.442702
-2.00989,51,9.461521
-2.203836,51,9.480254
-1.85565,51,9.499002
-1.794843,51,9.517768
-1.800138,52,9.536964
-1.969702,51,9.555705
-1.796438,51,9.57476
-1.964916,51,9.593736
-1.831049,51,9.612648
-2.238366,51,9.631644
-2.04096,51,9.650379
-1.960937,51,9.669098
-1.845656,51,9.687696
-1.933849,51,9.706252
-1.857125,51,9.724816
-1.86568,51,9.743358
-1.928788,51,9.761823
-1.872034,52,9.78037
-1.955092,51,9.797989
-1.857483,52,9.815833
-2.082872,52,9.834181
-1.975876,51,9.852296
-2.141621,52,9.870738
-2.060766,51,9.88869
-2.047507,51,9.907079
-1.895195,51,9.925177
-1.892833,51,9.94361
-1.839055,52,9.962029
-1.967776,51,9.980532
-1.987318,51,10.291686
-2.111556,52,10.310101
-2.114166,51,10.328076
-1.841065,51,10.346422
-2.099307,51,10.364826
-1.854992,51,10.383318
-2.180594,51,10.401819
-1.867847,51,10.419997
-2.13468,51,10.438644
-1.967425,51,10.456722
-1.918212,51,10.474865
-1.932541,51,10.493759
-1.922406,51,10.512093
-1.899095,51,10.530566
-1.893535,52,10.549087
-1.91045,51,10.567647
-1.936821,51,10.586077
-2.184078,51,10.604871
-1.980837,51,10.62329
-1.828387,51,10.641283
-1.794866,51,10.660105
-1.887257,51,10.678921
-2.113373,51,10.69669
-2.075205,52,10.715152
-1.870041,51,10.733659
-2.491741,51,10.752157
-1.853047,51,10.770298
-2.250926,51,10.788263
-1.960068,51,10.806713
-2.040415,52,10.82609
-1.86415,51,10.844573
-2.045111,51,10.862303
-2.248785,51,10.880583
-1.735272,51,10.898765
-2.093139,52,10.917323
-2.098353,52,10.93586
-2.145362,52,10.954029
-1.786493,51,10.972139
-2.03874,52,10.990999
-1.873476,51,11.009071
-2.282222,51,11.32005
-1.853065,51,11.337922
-1.790674,51,11.356647
-1.799831,51,11.374947
-2.212789,51,11.393446
-2.205336,51,11.411632
-1.933699,52,11.43053
-2.138301,51,11.449456
-1.827976,52,11.467518
-1.987828,51,11.485675
-1.910505,51,11.504001
-2.141252,52,11.522304
-2.062449,51,11.540792
-1.917332,52,11.559639
-1.946905,51,11.578038
-1.899684,52,11.596835
-2.132498,51,11.615607
-1.892416,51,11.634329
-1.896673,51,11.653057
-2.004447,51,11.671784
-1.815951,51,11.69011
-1.917607,51,11.708717
-2.117768,51,11.727199
-1.907199,51,11.745592
-1.93171,51,11.763589
-1.836502,51,11.781961
-1.877261,51,11.800498
-2.086448,51,11.818561
-1.939947,51,11.836491
-2.002828,52,11.85459
-2.154533,51,11.872748
-2.01476,51,11.890041
-1.793912,51,11.907449
-1.844167,51,11.925657
-1.826212,51,11.943298
-2.478403,51,11.961877
-1.862941,51,11.980018
-2.195026,51,11.998129
-1.91663,51,12.016908
-1.780299,51,12.033988
-2.111159,51,12.33469
-1.947563,51,12.352583
-1.998605,51,12.370718
-1.967239,51,12.388779
-1.940607,51,12.407257
-1.872715,51,12.42502
-1.926057,51,12.443555
-2.03706,51,12.461947
-1.963063,51,12.480375
-2.035028,51,12.499215
-1.987733,51,12.517132
-2.032759,51,12.535696
-1.892273,51,12.554565
-2.09551,51,12.573038
-1.988479,52,12.5922
-1.776096,51,12.611033
-1.987629,52,12.630599
-1.834048,51,12.649899
-1.926117,51,12.66913
-1.921217,51,12.688036
-1.88301,51,12.707633
-1.960986,51,12.726365
-1.833296,51,12.744932
-1.946638,52,12.763683
-1.718871,51,12.781948
-1.797133,51,12.800104
-1.717787,51,12.818231
-2.250095,51,12.836723
-2.171245,51,12.854829
-1.859915,51,12.873007
-1.763722,51,12.891912
-1.868866,51,12.909655
-1.91515,51,12.927277
-1.876731,51,12.94515
-2.074875,51,12.963185
-1.763645,51,12.98155
-2.037711,51,13.000092
-1.869904,51,13.01817
-2.306523,51,13.037247
-1.861745,51,13.055646
-1.848142,51,13.357267
-2.382171,51,13.376052
-2.063398,52,13.395119
-2.01659,51,13.413662
-1.95337,51,13.432201
-1.923043,52,13.451204
-1.915296,51,13.469694
-1.86433,51,13.488206
-1.875186,51,13.507064
-1.969573,51,13.526321
-1.99333,52,13.54599
-2.266623,51,13.564964
-2.167121,51,13.583832
-1.981145,52,13.603174
-2.04641,51,13.621992
-1.916506,51,13.640842
-2.084388,51,13.659708
-1.979966,51,13.678535
-2.046221,51,13.696986
-2.058311,51,13.715802
-1.850585,51,13.73487
-1.977026,52,13.752629
-1.967411,51,13.770084
-1.822688,51,13.787924
-1.902675,51,13.806078
-2.108167,51,13.824527
-1.86617,51,13.842336
-2.242766,51,13.860404
-1.933438,51,13.877946
-2.108733,51,13.896395
-2.073479,51,13.91479
-1.86352,51,13.932802
-1.940997,51,13.951209
-1.852422,51,13.968403
-1.90136,51,13.986282
-2.022138,51,14.003943
-1.975165,52,14.022355
-1.899945,51,14.040084
-1.933039,51,14.058533
-1.712805,51,14.076457
-1.959967,51,14.381724
-1.953897,51,14.400196
-1.864146,52,14.418763
-2.208781,51,14.43724
-2.092228,51,14.455361
-2.036501,51,14.473814
-1.900124,51,14.491902
-1.822403,51,14.510492
-1.828479,51,14.529245
-1.96056,51,14.547531
-1.913082,51,14.56576
-1.938342,51,14.584494
-2.07317,51,14.603531
-1.985429,52,14.62243
-1.653052,51,14.641307
-1.942304,51,14.660124
-2.068134,51,14.678932
-1.93415,51,14.697757
-1.944078,51,14.716601
-1.860327,51,14.735385
-2.105378,51,14.754118
-2.043423,51,14.772757
-1.697819,51,14.791243
-2.11443,51,14.80983
-2.055829,51,14.828592
-2.599291,52,14.847239
-2.042693,51,14.865857
-1.933041,51,14.884482
-2.057881,52,14.903428
-1.857832,51,14.921994
-2.026083,51,14.940559
-1.922851,51,14.959062
-1.987265,51,14.977712
-1.791452,51,14.996282
-1.872123,51,15.014132
-1.958181,51,15.032098
-1.864772,51,15.050625
-1.997558,51,15.069196
-1.967781,51,15.087717
-2.005018,51,15.106273
-1.973453,51,15.418033
-1.999079,51,15.435884
-1.832793,51,15.45477
-2.244336,51,15.473109
-1.779362,51,15.491367
-2.136102,51,15.509752
-1.781157,51,15.528002
-1.934506,51,15.546588
-1.951784,51,15.565068
-1.924601,51,15.583721
-1.869009,51,15.60203
-1.934493,51,15.620898
-2.26029,51,15.639719
-1.977991,52,15.658754
-1.976343,51,15.677417
-1.915631,51,15.695866
-1.930474,51,15.714285
-2.228771,52,15.73351
-1.844581,51,15.7523
-2.068184,51,15.770691
-1.913833,51,15.789446
-1.688848,51,15.808105
-2.078704,51,15.826678
-2.048943,52,15.844169
-1.942106,51,15.861683
-1.852346,51,15.879859
-2.006654,51,15.898028
-1.983923,51,15.916181
-2.037753,51,15.934289
-1.896343,51,15.952468
-2.035212,52,15.971337
-1.925581,51,15.989845
-2.160751,51,16.008334
-1.852663,51,16.026865
-2.070625,51,16.044692
-2.222399,51,16.061818
-2.0488,51,16.079667
-2.040819,51,16.097619
-2.011153,51,16.11539
-2.036475,51,16.133777
-2.157846,52,16.449503
-2.147217,51,16.468464
-1.91425,51,16.487223
-1.80982,51,16.505919
-1.965527,51,16.524577
-1.977582,51,16.542798
-1.851748,51,16.561407
-2.020417,51,16.579857
-1.895877,51,16.59833
-1.900198,52,16.617257
-2.251004,51,16.635778
-1.896877,51,16.655311
-2.302463,51,16.67372
-1.997048,51,16.692452
-1.887097,51,16.711448
-2.068853,51,16.730623
-2.217715,51,16.749205
-1.943998,52,16.768557
-1.780347,51,16.787506
-2.238426,51,16.806402
-1.897016,51,16.825601
-1.949945,51,16.844224
-2.016683,51,16.863384
-1.838999,51,16.881992
-1.898292,51,16.900036
-1.864096,51,16.918078
-1.879219,51,16.9361
-1.89811,51,16.954734
-1.837981,51,16.972971
-1.997021,51,16.991149
-1.864363,51,17.00889
-1.988294,51,17.026648
-1.998978,51,17.044899
-1.940447,52,17.064229
-1.885756,52,17.083359
-2.125819,52,17.102212
-2.291482,51,17.120451
-1.838329,51,17.139077
-1.905056,51,17.157504
-1.860527,52,17.176321
-1.869686,51,17.485752
-1.828733,51,17.50386
-2.200103,51,17.522482
-1.952842,51,17.540716
-2.056007,51,17.559121
-1.988098,51,17.577848
-1.880424,52,17.597241
-1.856874,51,17.616226
-2.014331,51,17.635076
-1.991332,51,17.654029
-1.940521,52,17.672846
-1.84738,51,17.69176
-1.871177,52,17.711125
-2.340351,51,17.730055
-1.866922,51,17.74916
-2.231513,51,17.768444
-1.776618,51,17.788817
-1.888255,51,17.808752
-1.822092,51,17.829174
-1.897843,51,17.849239
-1.942132,51,17.868132
-2.121661,51,17.886709
-1.86188,52,17.905675
-2.059061,52,17.923135
-2.033233,51,17.94033
-1.765012,51,17.958326
-2.071785,51,17.976101
-1.919778,51,17.994202
-2.215861,51,18.012249
-1.897679,51,18.030323
-1.94551,51,18.048426
-2.129284,51,18.066507
-2.008914,51,18.084295
-1.917422,51,18.102745
-1.89947,51,18.120609
-1.974804,51,18.137887
-1.866272,51,18.155582
-2.112722,51,18.173469
-2.081771,51,18.191678
-1.907037,51,18.210232
-2.004063,51,18.51614
-1.917178,52,18.535475
-2.1667,51,18.552782
-1.8785,51,18.570362
-2.033282,51,18.588432
-1.835976,51,18.607358
-1.843227,51,18.626237
-2.007558,51,18.645078
-2.135884,51,18.663927
-1.988139,51,18.682762
-2.222084,51,18.701588
-1.800862,52,18.720808
-1.903721,51,18.740038
-2.043369,51,18.758271
-2.077641,52,18.776856
-1.896282,51,18.7953
-1.814384,51,18.81359
-1.963865,51,18.832382
-2.144665,52,18.851408
-1.954377,52,18.870386
-1.998963,51,18.888487
-2.151945,51,18.906576
-2.187441,51,18.925075
-2.247466,51,18.943239
-1.871272,51,18.960928
-2.33515,51,18.978022
-1.902893,51,18.995497
-2.013607,52,19.013239
-1.834964,51,19.031131
-1.842849,51,19.04879
-2.031019,51,19.067335
-2.109951,51,19.08539
-2.149131,51,19.103864
-2.141477,51,19.122344
-1.862949,51,19.140571
-1.870177,52,19.159096
-1.830871,51,19.176816
-1.783285,51,19.193847
-1.951888,51,19.212264
-2.025555,51,19.230051
-2.007461,52,19.536267
-1.893705,51,19.55514
-2.131488,52,19.574097
-1.861395,51,19.591766
-2.066034,51,19.609472
-2.3894,51,19.627928
-2.025567,51,19.646804
-1.906627,51,19.665264
-1.893131,51,19.684049
-1.860844,51,19.702957
-1.926466,52,19.722252
-1.857656,51,19.741468
-1.943786,51,19.7603
-1.892079,51,19.779059
-1.852654,51,19.797849
-2.049433,51,19.81565
-1.848924,51,19.834467
-1.950832,51,19.853265
-2.350454,51,19.87146
-1.975705,51,19.889589
-1.843061,51,19.907969
-1.908455,51,19.925806
-2.068059,52,19.944417
-2.02904,51,19.962484
-2.053963,52,19.981395
-2.119384,51,19.999578
-2.13138,51,20.0172
-1.939384,51,20.034293
-2.08267,51,20.051976
-2.022054,52,20.070134
-2.128946,51,20.088278
-1.975405,52,20.1069
-1.967524,51,20.125528
-1.890382,51,20.143514
-2.011029,51,20.161884
-1.829872,51,20.180121
-1.996608,51,20.198165
-2.100126,51,20.215786
-1.977222,51,20.233358
-1.88564,51,20.251799
-2.242219,51,20.556502
-1.905374,51,20.57559
-1.969451,51,20.594158
-1.913172,51,20.612616
-1.97276,51,20.630742
-1.891786,51,20.649063
-1.94208,52,20.668274
-1.923744,51,20.687189
-1.909027,51,20.706141
-1.841204,51,20.724988
-1.959752,51,20.743907
-1.94346,51,20.762827
-1.98817,51,20.781631
-1.980189,51,20.800412
-1.819853,51,20.819247
-1.754844,51,20.838148
-1.815266,51,20.856245
-1.796097,51,20.874351
-1.959371,51,20.892039
-1.817057,51,20.910602
-1.804022,51,20.928672
-1.903003,51,20.94638
-1.852787,51,20.964469
-1.918672,51,20.982485
-1.823902,51,21.00031
-1.860253,51,21.018512
-1.892809,51,21.037089
-2.014124,51,21.054927
-1.809935,51,21.072053
-1.904669,51,21.090188
-1.891547,52,21.108274
-1.84448,51,21.12637
-1.952518,51,21.144535
-1.964345,51,21.162908
-1.948615,51,21.181423
-2.085801,51,21.199903
-1.873488,51,21.218205
-1.982582,51,21.236469
-1.859697,51,21.255289
-1.95034,52,21.273489
-1.950791,51,21.291326
-1.886514,51,21.585171
-2.410562,51,21.603797
-1.950238,51,21.621759
-2.030702,51,21.640742
-1.954322,51,21.659245
-1.966547,52,21.678583
-1.963871,51,21.697505
-2.032532,51,21.716294
-1.876029,51,21.735173
-1.883834,51,21.753935
-2.106465,51,21.772717
-1.815674,51,21.791544
-1.885853,51,21.810563
-1.916287,51,21.829397
-1.958086,51,21.848198
-2.003223,51,21.866987
-2.133232,51,21.885534
-1.864808,51,21.90379
-2.016101,52,21.921818
-1.834377,51,21.940028
-2.12192,51,21.958079
-1.729395,51,21.976155
-2.247233,51,21.994129
-1.821274,51,22.011784
-1.884957,51,22.030238
-1.94226,52,22.048512
-1.913717,52,22.066792
-1.849815,51,22.084895
-1.965358,51,22.102884
-1.810417,51,22.119985
-1.780471,51,22.137521
-1.845015,52,22.155681
-2.159168,52,22.173876
-1.904596,51,22.192167
-1.980045,51,22.210269
-2.001798,51,22.228332
-2.05743,51,22.246689
-2.016144,52,22.265938
-1.891827,51,22.284337
-2.196481,51,22.303117
-1.945617,51,22.602949
-1.943357,51,22.621531
-1.99077,51,22.640088
-2.045613,52,22.659419
-1.899603,51,22.678357
-1.838482,51,22.697246
-1.783192,51,22.716039
-1.887284,51,22.735646
-1.969793,51,22.754354
-2.028378,51,22.773346
-1.939702,51,22.792279
-2.092671,51,22.811218
-1.944775,51,22.830142
-1.750662,51,22.849031
-2.121365,52,22.868259
-2.098937,52,22.887469
-1.946239,51,22.906237
-2.183397,51,22.924506
-1.928216,51,22.942943
-1.887286,51,22.960672
-2.178169,51,22.978385
-1.859131,52,22.996462
-2.09607,52,23.015452
-1.794568,51,23.033786
-1.834257,51,23.052133
-2.060555,51,23.070262
-1.876966,51,23.088815
-2.167926,52,23.107294
-2.227433,51,23.125807
-1.872948,52,23.144516
-1.942891,51,23.163077
-2.0332,51,23.183897
-1.883334,51,23.202327
-2.193464,51,23.221339
-1.816618,51,23.239736
-2.249111,52,23.258781
-1.920188,51,23.277419
-2.0654,51,23.296296
-1.91596,52,23.315597
-2.031552,51,23.334539
-1.86832,51,23.646987
-1.992798,51,23.665931
-2.006062,52,23.685354
-2.227115,51,23.704386
-2.203453,51,23.723245
-2.001105,51,23.742223
-1.878296,51,23.761605
-2.243028,51,23.780449
-1.974742,51,23.799094
-1.913983,51,23.817966
-2.213908,51,23.836476
-1.865839,51,23.855292
-2.07073,51,23.873756
-2.215522,52,23.892969
-2.036293,51,23.911396
-1.818059,52,23.930019
-2.160173,51,23.948167
-1.874595,51,23.966301
-1.993978,51,23.984853
-1.829946,51,24.002972
-1.934642,52,24.021865
-2.113741,52,24.039978
-1.908511,52,24.058967
-1.934666,51,24.077592
-2.038916,51,24.095789
-2.131739,51,24.114392
-2.318673,51,24.132609
-1.998848,51,24.15111
-1.922492,51,24.169319
-2.071089,52,24.188123
-2.213854,51,24.206232
-1.742952,51,24.224161
-1.921732,51,24.242129
-2.085842,52,24.261063
-1.898186,51,24.279199
-1.929814,51,24.297613
-1.874667,51,24.315922
-1.977578,51,24.334679
-1.730385,51,24.353343
-1.956929,52,24.372315
-2.265608,52,24.674756
-1.838876,51,24.693759
-1.890228,51,24.712781
-1.870554,51,24.73181
-1.884284,51,24.750699
-1.929924,52,24.769989
-1.99299,51,24.788963
-1.747659,51,24.808717
-1.877312,51,24.827363
-1.882278,51,24.845335
-2.0778,51,24.864357
-1.911304,51,24.88331
-1.960905,51,24.902267
-2.014122,51,24.921164
-1.918959,51,24.940118
-1.73834,51,24.958792
-1.964535,51,24.977415
-1.953122,51,24.994829
-1.966705,51,25.012039
-1.947417,52,25.029833
-2.438714,51,25.047857
-1.898694,51,25.065435
-1.877389,51,25.08305
-1.828777,51,25.101165
-2.124652,51,25.119721
-1.952994,51,25.137822
-1.889374,51,25.156296
-1.932175,51,25.174389
-1.835072,51,25.192461
-1.973774,51,25.211027
-2.030634,51,25.229146
-2.500718,51,25.247672
-2.021595,51,25.266162
-2.140453,51,25.284305
-1.836409,51,25.302196
-1.894151,51,25.320557
-1.985495,51,25.339337
-2.231133,51,25.358181
-1.821263,51,25.376966
-1.904451,51,25.395868
-1.967424,51,25.696234
-1.843314,51,25.715169
-1.86385,51,25.734163
-1.87621,51,25.753086
-1.878021,51,25.772041
-1.707551,51,25.791266
-1.844004,52,25.810988
-1.907456,51,25.8303
-1.774943,51,25.849455
-1.834376,51,25.867484
-1.846418,51,25.885942
-1.954977,51,25.904294
-1.852432,52,25.922653
-1.757484,51,25.94095
-1.999078,51,25.959707
-1.894609,51,25.977422
-1.845362,51,25.995883
-2.003045,51,26.014353
-1.927273,51,26.032351
-1.896486,51,26.05098
-1.889702,51,26.068208
-1.999517,51,26.085738
-1.901814,51,26.103437
-1.864705,52,26.121938
-1.852736,51,26.140105
-1.998935,51,26.157863
-1.909059,51,26.176045
-2.004843,51,26.194516
-2.240649,51,26.212728
-1.902239,51,26.231292
-2.151415,51,26.249829
-1.90291,51,26.268458
-1.880277,51,26.285622
-1.991687,51,26.303452
-1.886368,51,26.321374
-1.995767,51,26.33935
-1.900517,51,26.357882
-1.884863,51,26.376258
-2.418252,51,26.394673
-1.992519,51,26.413427
-1.83264,52,26.718908
-2.010083,51,26.737469
-1.836388,51,26.755979
-2.057195,51,26.774902
-2.150607,51,26.7934
-1.997287,51,26.812353
-2.413765,51,26.831238
-1.972335,51,26.850054
-2.195625,51,26.868902
-1.98293,51,26.887295
-1.87561,51,26.906167
-1.894643,51,26.92427
-2.019576,51,26.942775
-1.928483,51,26.961187
-1.705956,51,26.979306
-1.748096,51,26.997227
-1.849195,51,27.01511
-1.885724,51,27.033209
-1.858444,51,27.051675
-2.013076,51,27.069888
-1.955913,51,27.08803
-2.093861,52,27.107491
-2.066155,51,27.126151
-1.951135,51,27.144919
-1.982619,51,27.16362
-1.887161,51,27.182309
-1.884399,51,27.200936
-1.817452,51,27.21919
-2.008244,51,27.237799
-2.584616,51,27.256369
-2.108598,51,27.274907
-1.973443,52,27.293839
-2.123991,51,27.312425
-1.757475,51,27.329809
-1.842678,51,27.346972
-2.039493,51,27.364812
-1.911117,51,27.38277
-1.897014,52,27.401619
-1.995524,51,27.4201
-2.002391,52,27.439068
-1.891115,51,27.742861
-1.936496,51,27.760923
-2.016925,52,27.779849
-1.859821,51,27.798728
-2.001718,51,27.817695
-1.980791,51,27.83621
-1.804907,51,27.855065
-1.785227,52,27.874317
-1.816011,51,27.893121
-1.843279,51,27.911995
-1.990599,51,27.930788
-2.034182,51,27.949344
-1.888416,51,27.967289
-1.884034,51,27.985641
-1.954528,51,28.003851
-1.897017,51,28.022406
-1.905523,51,28.040907
-2.054919,51,28.059482
-2.09756,51,28.077961
-2.024797,52,28.096507
-1.949431,51,28.11506
-2.020127,51,28.133213
-1.836021,51,28.151753
-1.864957,51,28.169324
-1.801485,51,28.186449
-2.316641,51,28.204027
-2.045516,51,28.222056
-2.04194,51,28.239997
-2.296496,51,28.258082
-2.205904,51,28.276196
-1.935925,51,28.294456
-2.379062,51,28.312674
-1.900496,51,28.330931
-1.959937,51,28.34906
-1.865554,51,28.366729
-2.138369,51,28.38381
-1.881088,51,28.401662
-2.056889,51,28.420035
-2.021214,51,28.43861
-1.731976,51,28.457443
-1.941589,52,28.763871
-1.751038,51,28.783101
-1.844731,51,28.801681
-2.004322,52,28.820549
-1.784716,51,28.83904
-1.939383,52,28.857883
-2.160023,51,28.876687
-1.950866,52,28.895536
-2.009565,51,28.914323
-1.864614,51,28.933157
-1.947373,52,28.951942
-1.899446,51,28.970706
-1.846639,51,28.989586
-1.862946,51,29.007555
-1.961477,52,29.025903
-2.081463,51,29.044187
-1.909963,51,29.062988
-1.867891,51,29.081081
-2.262645,51,29.099295
-1.767414,51,29.11793
-1.994101,51,29.136203
-1.947489,52,29.155257
-1.972599,51,29.173869
-2.409896,52,29.192859
-2.036259,51,29.211434
-1.804638,51,29.229633
-2.073822,51,29.247602
-2.105419,51,29.266109
-1.985771,51,29.284606
-1.811624,51,29.303049
-2.126534,51,29.32152
-1.961418,52,29.340463
-1.943939,51,29.358991
-1.85871,51,29.377671
-1.917065,51,29.395397
-1.932796,51,29.413648
-1.862714,51,29.432147
-1.881091,51,29.451003
-1.989635,51,29.469711
-1.785255,51,29.487874
-2.20918,51,29.800134
-1.765211,51,29.818817
-1.78338,51,29.83775
-1.854426,51,29.856318
-1.981114,52,29.87564
-1.875955,51,29.894556
-1.945255,51,29.913412
-1.821007,51,29.932224
-1.914148,51,29.951053
-1.905276,51,29.969865
-1.806393,51,29.988714
-1.754858,51,30.00761
-2.009413,51,30.026187
-1.884301,51,30.043614
-1.923981,51,30.061485
-1.994433,51,30.079307
-1.895936,51,30.097248
-1.926278,51,30.115341
-1.939703,51,30.13353
-1.721495,51,30.151813
-1.997515,51,30.169535
-1.964693,51,30.187474
-1.972964,51,30.205945
-2.011598,51,30.223935
-1.760304,52,30.242374
-1.748439,51,30.260827
-1.908391,51,30.27889
-1.828257,51,30.296922
-1.850943,51,30.314916
-1.963837,51,30.333308
-2.154159,51,30.351293
-1.909557,51,30.369292
-2.022422,51,30.387771
-1.839642,52,30.406178
-1.979841,51,30.424579
-1.939641,51,30.442613
-1.879967,51,30.461309
-1.836483,51,30.47964
-1.824501,51,30.497858
-1.917115,52,30.517214
-1.802821,51,30.829054
-1.826469,51,30.848196
-1.901453,52,30.867596
-2.060451,51,30.886607
-1.945335,51,30.905562
-2.173015,51,30.924103
-1.952373,51,30.942912
-2.042687,51,30.961783
-1.862667,51,30.980639
-1.84163,51,30.999611
-1.742204,51,31.017262
-1.922345,52,31.035515
-2.036994,51,31.053519
-2.306505,51,31.071111
-1.893403,51,31.088294
-1.914123,51,31.105894
-1.930696,51,31.124112
-1.808703,51,31.142727
-1.717658,51,31.16054
-1.901964,51,31.17915
-2.050895,51,31.1974
-2.126661,51,31.215554
-1.885336,51,31.234153
-1.831255,51,31.252762
-1.997796,51,31.271428
-1.860755,51,31.289307
-2.119932,52,31.306852
-1.980661,51,31.324219
-1.858852,52,31.341946
-1.799546,51,31.360117
-1.79237,51,31.378191
-1.840308,51,31.397531
-1.948731,51,31.420346
-1.855824,51,31.446439
-1.849411,52,31.468107
-1.943407,51,31.491625
-2.01142,51,31.516124
-1.925685,52,31.536887
-1.866486,51,31.555521
-1.83823,51,31.573565
-1.859417,51,31.884847
-1.890065,51,31.90513
-1.942829,51,31.924863
-2.063482,51,31.943734
-2.241548,51,31.962607
-1.795117,51,31.981374
-1.922104,51,31.999933
-1.937143,51,32.018981
-1.909248,51,32.037924
-1.88274,52,32.057337
-1.844106,51,32.076228
-1.918719,51,32.094792
-1.989742,51,32.113367
-1.859531,51,32.131933
-2.002078,51,32.150434
-1.866752,51,32.168917
-1.899494,51,32.187427
-1.863441,51,32.205919
-1.766277,51,32.224451
-1.916607,51,32.242949
-2.122225,52,32.261849
-2.063227,51,32.280367
-1.837716,51,32.298874
-1.676264,51,32.318175
-1.932629,51,32.336558
-1.894251,51,32.354539
-1.993783,51,32.372751
-2.045459,51,32.39248
-1.916586,51,32.411445
-1.824069,51,32.429359
-2.028779,51,32.447519
-1.899229,51,32.465848
-1.898871,51,32.487535
-1.907066,51,32.505757
-1.824038,51,32.52451
-1.853948,51,32.543403
-1.934143,51,32.561904
-1.969189,52,32.580263
-1.839342,51,32.597764
-1.872843,51,32.615608
-2.119697,51,32.922154
-1.972715,51,32.941213
-1.828589,52,32.960171
-2.032966,51,32.979092
-1.822224,51,32.99744
-1.74128,51,33.015664
-2.005946,51,33.034125
-1.815204,52,33.052891
-1.785877,51,33.070872
-1.845073,51,33.089689
-1.867772,52,33.108695
-1.856625,51,33.127979
-1.877029,51,33.145921
-1.840757,51,33.163528
-2.094607,52,33.181995
-1.848476,51,33.19987
-1.798352,51,33.21798
-1.946866,51,33.236257
-2.044484,51,33.254501
-2.102701,51,33.273059
-1.881077,51,33.29121
-2.003338,51,33.309792
-1.881522,51,33.328463
-2.219827,51,33.346169
-1.952881,51,33.364287
-1.915469,51,33.381951
-1.89857,51,33.40004
-2.446362,51,33.418576
-1.809802,51,33.436743
-1.697946,51,33.454874
-1.890247,51,33.473372
-1.778841,51,33.491393
-1.836912,51,33.5099
-1.906167,51,33.528307
-2.110262,51,33.546339
-1.948001,52,33.564753
-1.840105,51,33.582855
-1.971555,51,33.601347
-1.916868,51,33.61982
-2.025597,51,33.638242
-1.809264,51,33.944502
-1.851609,51,33.963638
-1.908516,51,33.982545
-1.873658,51,34.001407
-1.913044,51,34.020319
-1.854194,51,34.039159
-1.884095,51,34.057991
-2.042884,51,34.076911
-1.944947,51,34.096167
-1.768938,51,34.114941
-1.779783,51,34.133354
-2.00024,51,34.150525
-2.102607,51,34.168272
-1.972002,51,34.18596
-1.842932,51,34.204084
-1.919729,51,34.222261
-1.95525,51,34.2404
-2.215082,51,34.258501
-1.885051,51,34.276643
-1.859938,51,34.29515
-2.00541,51,34.313238
-1.918598,51,34.331752
-1.890643,51,34.349842
-1.982553,51,34.36759
-1.931753,51,34.386149
-1.827957,51,34.403928
-1.911837,51,34.42232
-1.880942,51,34.440226
-1.96113,51,34.458306
-1.929279,51,34.476727
-2.184131,51,34.494946
-1.83189,51,34.51411
-1.870295,51,34.532559
-1.999438,52,34.551608
-1.870382,51,34.570452
-2.506974,51,34.589395
-1.814826,51,34.608097
-2.057104,51,34.626756
-1.919346,51,34.645558
-2.07935,51,34.664424
-1.99998,51,34.968024
-1.857466,51,34.986914
-1.846332,51,35.005535
-1.878028,51,35.024213
-2.03824,51,35.042966
-1.917463,51,35.061832
-2.211273,51,35.080758
-1.835056,51,35.099606
-1.875058,51,35.118457
-1.764838,51,35.136825
-1.831493,52,35.155794
-2.348704,51,35.17368
-2.112346,51,35.19122
-2.050919,52,35.209854
-2.121953,51,35.228333
-1.955473,51,35.2464
-1.857445,51,35.264502
-2.391428,51,35.282621
-1.832445,51,35.301155
-2.037079,52,35.3201
-2.381979,51,35.338588
-1.833964,51,35.356978
-2.039071,52,35.375216
-2.034055,51,35.392932
-1.775233,51,35.410614
-1.789714,51,35.428951
-1.876086,51,35.447246
-1.892803,51,35.466085
-1.795297,51,35.484792
-2.077158,51,35.503059
-1.723161,51,35.521682
-1.979841,51,35.539951
-1.805655,52,35.558669
-1.919179,51,35.576891
-1.913045,51,35.595058
-2.179129,52,35.614482
-2.216276,51,35.633362
-1.89496,51,35.651784
-1.895195,51,35.670263
-1.951786,52,35.689116
-1.808043,51,35.99481
-1.806775,52,36.014173
-2.014906,52,36.033056
-1.880831,51,36.052064
-1.904947,51,36.070656
-2.025493,51,36.089495
-2.166116,51,36.10847
-1.84496,51,36.127432
-1.891751,51,36.146327
-1.907956,52,36.165071
-1.848038,52,36.184084
-1.811232,52,36.203054
-1.89559,52,36.221544
-1.838968,51,36.239161
-1.879704,51,36.257511
-1.857042,52,36.27585
-1.943361,51,36.294144
-2.023181,51,36.312218
-1.824968,51,36.330816
-1.785091,51,36.349015
-1.855738,51,36.367451
-1.923464,51,36.385424
-1.95597,51,36.40377
-1.819891,51,36.422227
-1.845017,51,36.440052
-2.048631,51,36.457801
-1.838998,52,36.47666
-1.866122,51,36.494469
-1.929094,51,36.512554
-2.377846,51,36.531328
-1.964403,51,36.548846
-1.86483,51,36.566806
-1.843499,51,36.585286
-2.074154,51,36.603979
-1.820302,51,36.623394
-1.841659,51,36.641988
-1.872339,51,36.660293
-1.808451,51,36.679124
-1.818224,51,36.697503
-1.812639,51,36.715912
-2.062646,51,37.024693
-1.789133,51,37.043099
-1.975689,52,37.061708
-1.972059,51,37.080111
-2.126522,52,37.09935
-1.900178,52,37.1185
-1.959399,51,37.137277
-1.873206,52,37.156419
-1.792038,51,37.17506
-1.953318,51,37.193508
-2.093915,52,37.21202
-1.863684,51,37.230451
-1.826611,51,37.249396
-1.823035,51,37.266851
-2.017898,52,37.28511
-1.907177,51,37.303088
-1.907742,51,37.321044
-1.99832,51,37.339611
-2.023209,51,37.357806
-2.037107,51,37.376359
-1.939113,51,37.394656
-1.83179,51,37.412947
-1.81564,51,37.431217
-1.861057,52,37.449912
-1.794838,51,37.467012
-1.923583,51,37.484177
-2.067494,51,37.501645
-1.832429,51,37.519719
-2.152382,51,37.537736
-1.991939,51,37.55575
-1.818153,51,37.573539
-1.762357,51,37.591393
-1.792974,51,37.609459
-1.86624,51,37.628113
-1.736,51,37.646483
-2.007608,51,37.665658
-1.866028,51,37.683343
-1.899076,51,37.701436
-1.95356,52,37.720673
-2.021926,51,37.739112
-2.006711,51,38.049251
-1.855164,51,38.068402
-1.942821,51,38.087357
-1.812512,51,38.105892
-1.940849,51,38.124151
-1.900167,51,38.142448
-2.014546,51,38.160844
-1.721846,51,38.179676
-1.983042,51,38.198415
-1.877063,51,38.217023
-1.852405,51,38.235559
-2.19363,51,38.254164
-2.051585,52,38.273096
-1.901298,51,38.291568
-1.927061,51,38.309064
-1.866511,51,38.327334
-1.805828,51,38.345559
-1.884608,52,38.364081
-1.883307,51,38.381757
-1.891966,51,38.399934
-1.950227,52,38.418795
-1.893636,51,38.436858
-1.94823,51,38.455387
-1.760322,51,38.473297
-1.980395,51,38.491173
-1.921998,51,38.509672
-2.113974,51,38.527208
-1.868674,51,38.545008
-2.014119,51,38.562199
-1.870385,51,38.579984
-1.819669,51,38.598244
-1.855448,51,38.61602
-1.785483,51,38.633947
-1.867436,51,38.652222
-1.827785,51,38.670639
-2.122105,51,38.689365
-1.808681,51,38.707714
-1.944059,52,38.726518
-1.933695,51,38.744662
-2.054088,51,38.763075
-1.804638,51,39.068084
-1.835115,51,39.087231
-2.220353,51,39.106202
-1.952408,51,39.12547
-2.306794,51,39.14447
-1.786464,51,39.163375
-2.042109,51,39.182305
-2.441257,52,39.20156
-2.537168,52,39.220697
-1.947134,51,39.238821
-1.829487,51,39.257359
-1.878994,51,39.275899
-2.031064,51,39.294432
-2.255454,51,39.312529
-1.797944,51,39.33107
-2.034961,51,39.349349
-2.048257,51,39.36672
-1.926605,51,39.384958
-1.900107,52,39.403488
-1.864838,51,39.421594
-1.968372,51,39.43969
-1.939561,51,39.458019
-1.852078,51,39.475919
-2.12826,51,39.494004
-1.960309,51,39.512364
-1.963173,51,39.530584
-1.938085,51,39.549154
-1.719037,51,39.566873
-1.970755,51,39.584552
-1.976716,51,39.602668
-1.760706,51,39.620865
-1.964587,51,39.639073
-1.787255,52,39.657613
-1.826383,51,39.676214
-1.812389,51,39.694732
-1.91815,51,39.713581
-1.935509,51,39.73246
-1.804599,51,39.751269
-1.754594,51,39.769327
-1.97754,51,39.788036
-2.063303,51,40.095654
-1.822596,51,40.114989
-1.950427,51,40.134438
-1.814471,52,40.153856
-1.847098,51,40.17261
-2.117447,51,40.190441
-1.840228,51,40.208933
-1.78651,51,40.227764
-1.824328,51,40.246449
-1.83544,51,40.26582
-1.756974,51,40.283215
-1.79146,51,40.301661
-1.835782,51,40.319582
-1.855268,51,40.337822
-1.865301,52,40.355996
-1.763912,51,40.374543
-1.772368,51,40.393422
-1.988041,51,40.412094
-1.939165,51,40.430365
-1.787003,52,40.450033
-1.841904,52,40.468606
-2.017344,51,40.487375
-1.869517,51,40.505992
-2.063031,51,40.524224
-1.855243,51,40.542877
-1.80483,51,40.561533
-1.794361,51,40.580216
-1.999899,51,40.597849
-2.015951,51,40.615478
-1.810992,51,40.633281
-1.957415,51,40.650958
-1.887126,51,40.668412
-2.021223,51,40.687146
-1.815486,52,40.705987
-1.832626,52,40.725205
-1.952595,52,40.744432
-1.894244,51,40.763459
-2.247441,51,40.782371
-1.783411,51,40.800728
-1.807595,51,40.819523
-1.844387,51,41.126734
-1.834224,51,41.145839
-1.837713,51,41.164907
-1.801543,52,41.183885
-1.821551,51,41.2024
-1.788886,51,41.220909
-2.057708,51,41.239876
-1.82344,51,41.258174
-2.082172,51,41.276201
-1.887616,52,41.294791
-1.88222,51,41.312911
-2.013247,52,41.331923
-1.907077,51,41.350051
-1.901479,51,41.368217
-2.024579,52,41.386729
-1.806391,51,41.405292
-1.79257,51,41.423417
-1.958607,51,41.441953
-1.749938,52,41.460888
-2.081121,51,41.479041
-2.252474,51,41.4976
-1.911467,51,41.515712
-2.167151,51,41.534261
-1.844145,51,41.55285
-1.861286,51,41.571408
-1.895821,51,41.590411
-1.902008,51,41.608191
-1.901484,51,41.626322
-2.049471,51,41.644613
-2.027829,51,41.663215
-1.854766,51,41.680912
-1.78576,51,41.699425
-1.996267,51,41.717926
-1.838305,51,41.736392
-2.293767,52,41.755614
-1.983326,51,41.774054
-2.053464,51,41.792927
-2.101684,51,41.811826
-1.761293,51,41.830375
-1.780532,51,41.848874
-1.993349,51,41.867701
-2.022544,51,42.17776
-2.053597,52,42.197116
-1.991182,51,42.216113
-1.89794,51,42.235035
-1.915566,51,42.254217
-1.912434,51,42.271845
-1.895094,51,42.289924
-1.860934,51,42.307703
-1.843113,51,42.325846
-2.04206,51,42.343216
-1.723855,51,42.361804
-2.013546,52,42.38036
-1.994757,51,42.398516
-1.812236,51,42.416641
-1.715678,51,42.43477
-2.03748,51,42.453096
-1.718724,51,42.470598
-1.909442,51,42.487662
-2.093754,51,42.505222
-1.872514,51,42.522773
-2.002545,52,42.541078
-2.090676,51,42.558888
-2.131903,51,42.577243
-1.890541,51,42.595811
-1.850944,51,42.614354
-2.343964,51,42.632303
-1.853614,51,42.65057
-1.845021,51,42.669103
-1.791126,51,42.686747
-1.880044,51,42.704567
-1.772069,51,42.722718
-1.941948,51,42.740856
-2.186763,51,42.759398
-1.882562,51,42.777847
-1.848095,51,42.796284
-1.848982,51,42.814763
-1.854123,51,42.833352
-1.928249,52,42.852373
-1.855775,51,42.871125
-2.053373,52,42.890412
-1.785354,51,43.190747
-2.085834,51,43.209248
-1.897662,51,43.228124
-1.993782,52,43.246876
-1.824164,51,43.265695
-1.93981,51,43.284482
-1.950623,51,43.303164
-1.800321,51,43.320978
-2.053977,51,43.339072
-1.698748,51,43.35667
-1.850901,51,43.37485
-1.829862,51,43.393322
-1.851142,51,43.411883
-1.739737,51,43.430408
-1.867606,52,43.449321
-1.936936,51,43.467387
-1.638126,51,43.485887
-1.800309,51,43.504025
-1.900804,51,43.521969
-1.984743,51,43.539721
-2.102987,52,43.557492
-1.795818,51,43.575685
-1.760937,51,43.593851
-2.035453,51,43.611697
-1.781378,51,43.629633
-2.009228,51,43.647683
-2.067502,52,43.665835
-1.676941,51,43.684337
-2.254409,51,43.702859
-1.884293,52,43.72183
-1.994547,51,43.739835
-1.820615,52,43.758305
-2.028841,51,43.776419
-1.754476,51,43.794484
-1.905005,51,43.812792
-1.641556,51,43.831363
-1.815818,51,43.850142
-1.84899,52,43.868786
-1.778715,51,43.887514
-1.917038,51,43.906272
-1.850134,51,44.205834
-1.891324,51,44.224737
-1.912859,51,44.243074
-2.020513,52,44.262296
-1.913212,52,44.281445
-1.711929,51,44.299846
-1.843767,51,44.31851
-1.826932,52,44.337376
-1.897868,51,44.35639
-1.844507,51,44.373838
-1.967065,52,44.391456
-1.794122,51,44.408884
-1.821861,51,44.426653
-1.825063,51,44.44452
-1.791615,51,44.463023
-2.037709,51,44.481221
-1.888531,51,44.499369
-1.930643,51,44.517683
-1.801262,51,44.536013
-1.980183,51,44.554169
-1.777323,51,44.571365
-1.79897,51,44.589103
-1.966184,51,44.606759
-2.223243,51,44.624494
-1.733106,52,44.64302
-1.898278,51,44.661111
-1.801803,51,44.679212
-1.867329,52,44.698139
-1.815163,51,44.716167
-2.080797,51,44.734969
-1.875768,51,44.753384
-2.044896,51,44.772973
-1.968636,51,44.792179
-1.814124,51,44.811159
-1.860143,51,44.829669
-1.853837,51,44.848539
-1.831236,51,44.867732
-1.793576,51,44.886594
-1.961669,51,44.905536
-1.95011,51,44.924451
-1.815863,51,45.229485
-2.009651,51,45.247963
-1.820159,51,45.266676
-2.575582,51,45.28521
-1.905819,51,45.304075
-1.986886,51,45.322881
-1.784954,51,45.341441
-1.848295,51,45.359934
-1.847361,51,45.378395
-1.873187,52,45.396833
-1.79218,51,45.41464
-2.037676,51,45.432791
-1.805223,51,45.451607
-1.797367,51,45.469573
-1.795225,51,45.487718
-1.874298,51,45.505917
-1.77574,51,45.524435
-1.820507,51,45.542527
-1.798937,51,45.560675
-1.743216,52,45.579609
-1.945339,51,45.598169
-1.893115,51,45.61626
-1.872991,51,45.633671
-1.931618,51,45.651141
-1.829243,51,45.668549
-1.785087,51,45.686382
-1.83664,51,45.70447
-1.824004,51,45.722819
-1.811859,51,45.740705
-1.819333,51,45.759519
-1.850906,51,45.778385
-1.60314,51,45.797174
-2.013499,52,45.81644
-2.073948,51,45.835434
-1.901513,51,45.854233
-1.834366,51,45.872956
-1.930127,51,45.891714
-1.991562,51,45.910447
-1.938282,51,45.92922
-1.814314,51,45.94798
-1.686948,51,46.249237
-1.855321,51,46.267672
-1.786043,51,46.286235
-1.787835,51,46.304626
-1.921917,51,46.323419
-2.040558,52,46.342674
-1.935276,51,46.361388
-1.793451,51,46.379577
-1.776874,51,46.397779
-1.75529,51,46.41582
-1.8861,52,46.43432
-1.860718,51,46.451905
-1.81883,52,46.469464
-1.803438,51,46.486989
-1.893518,51,46.505187
-2.004182,52,46.52353
-1.774295,51,46.541178
-1.891065,51,46.55924
-1.915113,51,46.577767
-1.993669,51,46.596252
-1.936406,51,46.614378
-1.786404,51,46.632456
-1.909644,51,46.650573
-1.707731,51,46.668736
-1.820005,51,46.687066
-1.940368,52,46.705976
-2.092617,51,46.72388
-1.966903,51,46.742256
-1.794795,51,46.760937
-1.854702,51,46.779704
-2.418309,51,46.798501
-1.842731,51,46.81726
-1.865411,51,46.836053
-2.033444,52,46.856025
-1.686934,51,46.875107
-2.068623,52,46.89444
-1.760475,51,46.913204
-1.993412,51,46.931999
-1.798981,51,46.950921
-1.949584,51,46.96969
-2.183273,51,47.27414
-1.826701,51,47.293008
-1.89615,51,47.31182
-2.032928,51,47.330357
-1.915183,51,47.349236
-1.695497,51,47.367646
-1.744461,51,47.385864
-1.890069,52,47.404446
-2.197305,51,47.422511
-1.828074,51,47.440984
-1.76566,51,47.459498
-1.802236,52,47.479125
-1.774911,51,47.496953
-1.805337,51,47.514616
-1.745526,51,47.532361
-1.938504,51,47.55041
-1.897999,51,47.568312
-2.028683,51,47.586508
-1.706743,51,47.604348
-1.694039,51,47.622478
-1.749702,51,47.640027
-1.935771,51,47.657659
-1.948568,51,47.675426
-1.87086,51,47.692927
-1.785066,51,47.710389
-1.904226,52,47.728093
-1.878699,52,47.746587
-1.855127,51,47.765038
-2.0668,51,47.783865
-1.831137,51,47.80267
-2.00489,51,47.821499
-1.878597,51,47.840393
-1.833075,52,47.859573
-1.845082,51,47.8784
-1.913453,51,47.896697
-1.856976,51,47.914342
-1.890024,51,47.932288
-2.090769,51,47.95106
-1.696973,51,47.969388
-1.826901,51,47.988305
-1.939042,51,48.295658
-1.805913,51,48.314665
-1.878085,51,48.332823
-1.890563,51,48.351704
-1.856645,51,48.370596
-1.877502,51,48.389133
-1.81087,51,48.407761
-2.004719,51,48.425848
-1.924163,52,48.444427
-1.810646,52,48.463185
-1.858211,51,48.48126
-2.013686,51,48.499303
-1.737351,51,48.517391
-2.034109,52,48.534984
-1.808612,51,48.552499
-1.836434,51,48.570088
-1.753678,51,48.58805
-1.732881,52,48.606822
-1.789674,51,48.625295
-1.951392,51,48.643233
-1.835822,51,48.661207
-1.742886,51,48.679599
-1.936246,51,48.697943
-1.900992,52,48.716701
-1.76667,51,48.735133
-1.866628,51,48.752992
-1.892196,51,48.770406
-2.082468,51,48.788474
-1.917978,51,48.806751
-1.809219,51,48.82523
-2.035686,51,48.844039
-1.916173,51,48.862797
-1.81018,51,48.88171
-1.822217,51,48.900498
-1.844307,51,48.919192
-1.745927,51,48.937958
-1.938141,51,48.956172
-1.725284,51,48.974107
-1.874737,51,48.992494
-1.748483,51,49.010544
-1.868715,51,49.311567
-1.878539,51,49.330274
-1.760394,51,49.349241
-1.885444,51,49.367565
-1.850317,51,49.385035
-2.421877,51,49.403247
-1.897857,51,49.421388
-1.854178,51,49.439637
-1.731384,51,49.457736
-1.772534,51,49.475783
-1.896443,51,49.494257
-2.031092,51,49.512589
-1.856235,51,49.530865
-1.83199,51,49.549427
-1.944227,51,49.567364
-1.732991,51,49.586129
-1.941787,51,49.604523
-1.799918,51,49.623143
-1.676561,51,49.641305
-1.808593,51,49.658716
-2.013582,51,49.676752
-1.895101,51,49.694986
-1.734808,51,49.713526
-2.087372,52,49.732086
-1.86254,51,49.750144
-1.873231,51,49.767836
-1.809224,51,49.785883
-1.786208,52,49.805041
-1.833206,51,49.823952
-1.974682,51,49.842568
-1.87137,51,49.861403
-2.10219,51,49.880293
-2.018446,51,49.899158
-1.835027,52,49.918369
-2.031378,51,49.937181
-2.017477,51,49.955614
-1.893836,51,49.974462
-2.049533,51,49.993019
-1.804936,51,50.011604
-1.890842,51,50.030439
-1.874367,51,50.335835
-1.829954,51,50.354478
-1.96683,51,50.373381
-1.785809,51,50.391791
-1.87261,51,50.409687
-1.751949,51,50.428439
-1.778427,51,50.44703
-1.775142,51,50.465996
-1.867308,51,50.484181
-1.777003,52,50.503111
-1.863216,51,50.521651
-1.840952,51,50.540193
-1.859843,51,50.558769
-1.824368,51,50.57731
-1.692117,51,50.595477
-2.098145,51,50.613357
-1.943253,51,50.630866
-1.916846,51,50.648976
-1.837599,51,50.66663
-1.848571,51,50.684439
-2.06348,51,50.702442
-1.923475,51,50.720533
-1.799559,51,50.739014
-1.977791,51,50.757503
-1.918368,51,50.775965
-1.916232,51,50.794029
-1.865872,51,50.811887
-2.115403,52,50.830005
-1.740489,51,50.847928
-1.912832,51,50.866402
-1.848482,51,50.884884
-2.010102,51,50.903742
-1.808035,51,50.922587
-1.869508,51,50.941382
-1.917096,51,50.959821
-2.110112,52,50.97896
-1.793891,51,50.997637
-1.748933,51,51.016165
-1.905173,51,51.033989
-1.890135,51,51.052305
-1.793905,51,51.353479
-1.882546,51,51.372175
-1.886548,51,51.390642
-1.856163,51,51.409527
-1.813674,51,51.428423
-1.718772,51,51.447195
-2.069514,51,51.465321
-1.930551,51,51.483109
-1.861269,51,51.501271
-1.849057,52,51.519799
-1.842029,52,51.538352
-1.792639,51,51.556529
-1.873492,51,51.574728
-1.797063,51,51.593277
-1.812063,52,51.611803
-1.772052,51,51.630365
-1.679131,51,51.648906
-1.854961,51,51.667043
-1.807773,51,51.685097
-1.860141,51,51.703231
-1.914551,51,51.721427
-1.931084,51,51.73997
-1.932257,51,51.758422
-1.921967,51,51.776937
-1.697591,52,51.795388
-1.739928,52,51.814263
-1.783439,51,51.832792
-1.970589,51,51.85131
-1.665747,51,51.869762
-1.847277,51,51.888072
-1.857293,51,51.906506
-2.004299,51,51.925336
-1.880359,51,51.944108
-1.958197,51,51.96269
-1.857979,51,51.981333
-2.017928,51,52.000155
-1.956265,51,52.01898
-2.102456,51,52.037779
-1.883028,51,52.057027
-1.854103,51,52.075451
-1.914177,51,52.381687
-1.724044,51,52.400764
-1.742278,51,52.419704
-1.842294,51,52.438657
-1.845737,51,52.45756
-1.732355,51,52.477153
-1.684255,51,52.495668
-1.720861,51,52.514043
-1.853702,51,52.532677
-1.709116,51,52.550941
-1.739348,51,52.569205
-1.702118,52,52.587727
-1.759503,51,52.606382
-1.905733,51,52.624939
-1.876538,51,52.642482
-1.815217,51,52.660409
-1.768846,51,52.678147
-1.865054,51,52.696259
-1.868048,51,52.71409
-1.871701,51,52.731906
-1.859428,51,52.749978
-1.89909,51,52.76814
-1.829624,51,52.786228
-1.969455,51,52.804767
-1.814028,51,52.822856
-1.80122,51,52.840919
-2.123867,51,52.859162
-2.044392,51,52.877926
-1.861773,51,52.895888
-1.703453,51,52.913912
-1.890203,51,52.931973
-1.966257,51,52.950855
-1.757713,51,52.969344
-1.897912,51,52.988277
-1.786572,51,53.007085
-1.817015,51,53.025905
-1.781677,51,53.044706
-1.835237,52,53.063863
-1.986287,51,53.083075
-1.863526,52,53.102946
-1.764841,51,53.401811
-1.86664,52,53.421256
-1.813851,51,53.439774
-1.833549,51,53.458595
-1.812904,51,53.477007
-1.748836,51,53.495832
-1.911379,51,53.514455
-1.845957,51,53.532231
-2.050345,51,53.55016
-1.672939,51,53.56795
-1.805903,51,53.585629
-1.626099,51,53.603765
-1.844321,51,53.621847
-1.854558,51,53.639682
-1.743983,51,53.656917
-1.753786,51,53.6751
-1.913686,51,53.693212
-1.865942,51,53.711326
-1.809477,52,53.729836
-1.68043,51,53.748317
-1.849425,51,53.766443
-1.883606,51,53.784951
-1.824965,51,53.803478
-1.799894,51,53.821637
-1.74895,51,53.840207
-1.893795,51,53.858773
-1.813924,51,53.87763
-2.151403,51,53.896799
-1.860791,51,53.915653
-2.182595,51,53.933079
-1.923357,51,53.951159
-1.744418,51,53.969319
-1.76508,51,53.987611
-1.895723,51,54.006412
-1.813524,52,54.025206
-1.934516,51,54.043956
-1.785753,51,54.062713
-1.980526,51,54.081559
-2.151495,51,54.099983
-1.748589,52,54.119372
-1.771858,51,54.421643
-2.343026,51,54.440352
-1.943579,51,54.458892
-1.746511,51,54.477722
-1.84518,51,54.496655
-1.756451,51,54.515434
-1.816359,51,54.534863
-1.846773,51,54.553254
-1.976095,51,54.571603
-2.304402,51,54.589086
-1.931178,51,54.606254
-1.823929,51,54.624098
-1.834495,51,54.641327
-1.828785,51,54.658441
-1.858147,51,54.675984
-1.752095,51,54.69381
-1.801889,51,54.712093
-1.802336,51,54.729573
-1.774292,51,54.746718
-1.855397,51,54.76423
-1.945159,51,54.78209
-1.835251,51,54.799612
-1.871635,51,54.816792
-1.928921,51,54.834303
-1.811367,51,54.851959
-1.75078,51,54.870626
-1.923298,52,54.889821
-1.734787,51,54.908674
-1.836123,51,54.927575
-1.7988,51,54.945997
-1.861091,51,54.964022
-1.922807,51,54.982193
-1.726589,51,55.000811
-1.75923,51,55.019265
-1.991535,51,55.037657
-1.96464,51,55.056441
-1.786215,51,55.075243
-1.84656,51,55.094105
-1.725676,51,55.112857
-1.850271,51,55.131528
-1.713018,51,55.436123
-1.712842,51,55.455972
-2.040654,51,55.474468
-1.681041,51,55.493175
-2.153632,52,55.512244
-1.936696,51,55.531177
-1.811862,52,55.549764
-1.986292,51,55.568412
-1.869353,51,55.586928
-1.810032,52,55.605189
-1.859601,52,55.624233
-1.924411,51,55.642656
-1.702504,51,55.660552
-1.751464,51,55.678476
-1.814987,51,55.696327
-1.991047,51,55.714522
-1.777131,51,55.733137
-1.635271,51,55.751299
-1.791403,51,55.769969
-1.885305,51,55.787499
-1.860789,51,55.804999
-1.807143,51,55.822859
-1.78239,51,55.840932
-1.855339,51,55.859519
-1.809482,51,55.877416
-2.015403,51,55.895809
-1.903771,51,55.914885
-1.933415,51,55.933337
-1.78326,51,55.952244
-1.773683,51,55.970716
-1.841482,51,55.989632
-1.688572,51,56.008113
-1.869078,51,56.026558
-1.686882,51,56.04537
-1.700854,51,56.064149
-1.829196,51,56.082926
-1.829983,51,56.101764
-1.835421,51,56.12203
-1.979427,51,56.140503
-1.761126,51,56.158299
-1.659484,51,56.17643
-1.839098,52,56.475449
-1.948368,51,56.49442
-1.943592,51,56.51324
-1.819185,51,56.532067
-2.171256,51,56.55082
-1.749086,51,56.569379
-1.846612,52,56.588252
-1.882001,51,56.607749
-1.978316,52,56.626965
-1.909504,51,56.644953
-1.777314,52,56.663051
-2.045025,51,56.681544
-1.679349,51,56.699389
-1.751482,51,56.717749
-1.857639,51,56.73609
-1.749049,51,56.753804
-1.829014,51,56.772361
-1.926195,51,56.790441
-1.772332,51,56.808551
-1.992343,52,56.827448
-1.927776,52,56.845302
-2.243616,51,56.862928
-1.762253,51,56.880944
-1.719572,51,56.899558
-1.781137,51,56.917908
-1.771604,51,56.936271
-1.763209,51,56.955034
-1.952612,52,56.974188
-1.900916,51,56.992917
-1.813564,51,57.0116
-1.873221,51,57.0305
-1.797359,51,57.049254
-1.892665,51,57.067584
-1.830917,51,57.085921
-1.703293,51,57.104385
-1.650187,51,57.12283
-1.857909,51,57.140942
-1.814721,51,57.159576
-1.87043,51,57.1776
-1.833577,51,57.195641
-1.799707,52,57.499434
-1.926207,52,57.518461
-1.783458,51,57.537406
-1.769298,51,57.556419
-1.89336,51,57.574881
-2.088428,52,57.593856
-1.773813,51,57.611548
-1.814173,51,57.630177
-1.630108,51,57.647895
-1.869394,51,57.666112
-1.712672,51,57.684258
-1.935032,51,57.702309
-1.744694,51,57.720624
-1.800966,51,57.738751
-1.851553,51,57.757159
-1.714097,51,57.775505
-1.826182,51,57.794896
-2.045199,51,57.813308
-1.837415,51,57.832385
-1.856465,51,57.850597
-1.997484,51,57.8688
-1.740995,51,57.886282
-1.722555,52,57.904385
-1.920365,51,57.922528
-1.842579,51,57.940721
-1.730651,51,57.959085
-1.840873,51,57.977429
-1.754863,51,57.99582
-1.726752,51,58.014195
-1.641679,51,58.032562
-1.874725,52,58.051395
-1.655169,51,58.070804
-1.859776,51,58.089196
-1.793892,51,58.107751
-1.771241,51,58.126535
-1.89539,51,58.145224
-1.733738,51,58.16404
-1.816013,51,58.182234
-1.704356,52,58.201143
-1.829883,51,58.219393
-1.725367,52,58.52245
-1.881947,51,58.541416
-1.720911,51,58.560307
-1.698032,52,58.579178
-1.85556,51,58.597862
-1.78452,51,58.616016
-1.824529,51,58.634601
-1.877854,51,58.652532
-1.84601,51,58.669672
-1.762169,51,58.687215
-1.793663,51,58.70463
-1.83155,51,58.722116
-1.725409,51,58.73997
-1.844521,52,58.758416
-1.83581,51,58.776481
-2.032596,51,58.794407
-2.279742,51,58.812803
-1.838202,51,58.831273
-1.793275,51,58.849453
-1.759926,51,58.867907
-1.673512,51,58.886418
-1.909109,51,58.904425
-1.832169,51,58.922014
-1.818715,51,58.939749
-1.811786,51,58.957741
-1.893375,52,58.976818
-1.851447,51,58.994954
-1.769535,51,59.013392
-1.941974,52,59.032354
-1.909227,51,59.050956
-1.760169,51,59.069404
-1.747149,51,59.088182
-1.805365,52,59.106994
-1.694592,51,59.125434
-1.681928,52,59.144392
-2.032746,51,59.163267
-1.84591,51,59.181597
-1.641632,51,59.200252
-1.804698,51,59.217978
-1.809187,51,59.236483
-1.823454,52,59.536981
-1.896576,51,59.555431
-1.789382,51,59.57372
-1.925429,51,59.591879
-1.890768,51,59.609829
-1.751039,51,59.628368
-1.797865,51,59.646782
-1.692244,51,59.663922
-2.03312,51,59.68186
-1.731972,51,59.699739
-1.790836,52,59.718292
-1.710209,51,59.73603
-1.754504,51,59.754181
-1.838449,52,59.7728
-1.819636,51,59.790743
-2.015617,51,59.80922
-1.762604,51,59.827083
-1.678466,51,59.845359
-1.709201,51,59.863889
-1.808656,51,59.881971
-1.695325,51,59.900495
-1.924834,51,59.918498
-1.811726,51,59.937526
-1.774267,51,59.955545
-1.725162,52,59.973382
-1.716455,51,59.990853
-1.757423,51,60.008902
-1.5918,51,60.026949
-1.669735,51,60.045779
-1.714775,51,60.064013
-1.692162,51,60.082705
-1.708696,51,60.101119
-1.78259,51,60.119915
-1.776097,51,60.138038
-1.911343,51,60.156515
-1.841349,51,60.173867
-1.987158,51,60.191585
-1.739799,51,60.209595
-1.883474,51,60.22765
-1.707526,51,60.245724
-1.924255,51,60.546429
-1.790907,51,60.565452
-1.596937,51,60.584406
-2.038986,51,60.602998
-1.65635,51,60.621724
-1.786812,51,60.639983
-1.748092,51,60.658137
-1.882116,51,60.676724
-1.758839,51,60.695298
-1.637828,51,60.713823
-1.641342,51,60.731964
-1.746025,51,60.750533
-1.763957,51,60.768617
-1.713098,51,60.787725
-1.722134,51,60.805741
-2.05079,51,60.823674
-1.819671,52,60.842212
-1.903123,51,60.860194
-1.789622,52,60.878833
-2.197564,51,60.896735
-2.086743,51,60.915379
-1.805464,52,60.933832
-1.963319,51,60.95259
-1.750937,51,60.970894
-1.799232,51,60.989669
-1.730821,52,61.007975
-1.863318,52,61.026618
-1.901801,52,61.045831
-1.843879,51,61.064609
-1.870428,51,61.083477
-1.76144,51,61.102263
-1.839667,51,61.121059
-1.75431,51,61.139847
-1.751446,51,61.1587
-1.74755,51,61.17747
-1.709452,51,61.196207
-1.803643,51,61.21462
-1.874283,51,61.233037
-1.811415,51,61.251464
-1.728529,52,61.270227
-1.743039,51,61.577092
-1.685473,51,61.595922
-1.585562,51,61.614504
-1.705053,51,61.633485
-1.977414,51,61.651661
-1.830747,52,61.669207
-1.753317,51,61.686918
-1.812477,51,61.705177
-1.674804,51,61.723466
-1.873939,51,61.741484
-1.911514,51,61.759655
-2.026624,51,61.778239
-1.691909,51,61.7963
-1.741552,51,61.813437
-1.611906,51,61.830584
-1.616711,51,61.848018
-1.616895,51,61.865752
-1.79456,51,61.883917
-1.697478,51,61.902507
-1.837046,51,61.920278
-1.73918,51,61.93832
-1.983198,52,61.956985
-1.575888,51,61.976336
-1.774139,51,61.994929
-1.653708,51,62.01332
-1.766852,52,62.032029
-1.812946,51,62.050351
-1.722735,52,62.069254
-1.769963,51,62.08808
-1.736968,51,62.106565
-1.695928,51,62.125487
-1.666991,51,62.144267
-2.0152,51,62.162986
-1.693649,51,62.18164
-1.821664,51,62.200066
-1.603243,51,62.218412
-1.905843,51,62.235623
-1.780623,51,62.253313
-1.778511,51,62.271
-1.700279,51,62.288708
-1.772652,51,62.591786
-1.698036,51,62.610844
-1.659484,51,62.62976
-1.627345,51,62.649472
-2.210798,51,62.667287
-1.751394,52,62.685764
-1.716663,52,62.704041
-2.047459,51,62.722078
-1.786697,51,62.739992
-1.665445,51,62.758094
-1.621469,51,62.776489
-1.741021,51,62.795139
-1.728258,51,62.812463
-1.750677,52,62.830458
-1.681537,51,62.848502
-1.823359,51,62.866557
-1.775727,51,62.88443
-1.735723,51,62.902778
-1.663702,51,62.921107
-1.840938,51,62.939595
-1.696891,51,62.957535
-1.831352,51,62.976427
-1.701343,52,62.994335
-1.949428,52,63.012683
-1.608207,51,63.03067
-1.999752,52,63.04935
-1.68734,51,63.066845
-1.616139,51,63.084692
-1.886102,51,63.102697
-1.876446,51,63.12106
-1.785384,52,63.139939
-1.664819,51,63.158769
-1.948685,51,63.177154
-1.793271,51,63.196026
-2.213023,51,63.214438
-1.817599,51,63.232598
-1.890633,51,63.251109
-1.698042,51,63.268678
-1.862323,51,63.286153
-1.736056,51,63.303571
-1.703349,51,63.606609
-1.624949,51,63.624893
-1.695233,52,63.643367
-1.719051,51,63.662032
-1.63668,51,63.679584
-1.677824,51,63.697654
-1.72275,52,63.716066
-2.010649,51,63.733954
-1.707825,52,63.752575
-1.887231,51,63.770896
-1.80888,51,63.788972
-1.817094,51,63.807296
-1.832901,52,63.825887
-1.728751,51,63.844036
-1.830234,51,63.862464
-1.637874,51,63.880801
-1.635615,51,63.89817
-1.756541,51,63.916093
-1.630969,51,63.933853
-1.812833,51,63.952298
-1.641449,51,63.970875
-1.696956,51,63.989703
-1.691912,51,64.008608
-1.70899,51,64.027986
-1.729356,51,64.0469
-1.663584,51,64.06576
-1.718615,51,64.084603
-1.592705,52,64.103445
-1.702721,51,64.121562
-1.693687,51,64.139697
-1.778711,51,64.15806
-1.706773,52,64.176713
-1.928053,51,64.194769
-1.916129,51,64.21305
-1.927612,51,64.231228
-1.869905,51,64.249273
-1.711406,51,64.267264
-1.778005,52,64.285668
-1.698169,51,64.304142
-1.780972,51,64.321805
-1.607741,51,64.627485
-1.911732,51,64.646004
-1.850708,51,64.664879
-1.656684,51,64.683054
-1.802088,51,64.70104
-1.88724,52,64.718928
-1.770085,51,64.736822
-1.642088,51,64.754624
-1.917408,52,64.77306
-1.654059,51,64.791472
-1.739484,51,64.809693
-1.600259,51,64.827558
-1.696903,52,64.84541
-1.66357,52,64.863618
-1.581982,51,64.881545
-1.821683,52,64.899795
-1.81097,51,64.918346
-1.797372,51,64.936413
-1.667022,52,64.954792
-1.765232,52,64.972352
-1.848002,51,64.990752
-1.602065,51,65.009115
-1.778294,51,65.027151
-1.74358,52,65.045907
-1.669034,51,65.064305
-1.752958,52,65.083075
-1.678563,51,65.101403
-1.757601,51,65.120135
-1.670121,51,65.138454
-1.77091,51,65.156518
-1.667537,51,65.174913
-1.755467,51,65.193722
-1.627112,52,65.213176
-1.933424,51,65.231887
-1.573397,52,65.250537
-1.813287,51,65.268652
-1.92691,51,65.286742
-1.744763,52,65.305223
-1.727958,51,65.323293
-1.728406,52,65.341411
-1.72518,51,65.646548
-1.739616,51,65.665586
-1.719975,51,65.684987
-1.795923,51,65.703386
-1.779333,51,65.720823
-1.861687,52,65.739542
-1.879602,51,65.757709
-1.693556,51,65.775601
-1.786017,51,65.793214
-1.771614,51,65.811187
-1.855484,51,65.8287
-1.643736,51,65.846853
-1.566663,51,65.865515
-1.992072,51,65.883266
-1.899225,51,65.901756
-1.547458,51,65.920368
-1.713988,51,65.938512
-1.931244,51,65.956998
-1.936446,51,65.97511
-1.723109,52,65.994385
-1.698651,51,66.013253
-1.700273,51,66.032077
-1.729509,51,66.050911
-1.636251,51,66.069783
-1.723066,51,66.088645
-1.801701,51,66.107518
-1.699439,51,66.126389
-1.490046,51,66.145301
-1.642437,51,66.164173
-1.681876,51,66.183099
-1.60625,51,66.201005
-1.699826,51,66.219087
-1.666906,51,66.237721
-1.819242,52,66.25568
-1.746461,52,66.274175
-1.650605,51,66.291812
-1.753362,51,66.309889
-1.678812,51,66.327499
-1.677037,51,66.345665
-1.557915,51,66.36384
-1.731961,51,66.659659
-1.713325,51,66.678068
-1.727205,51,66.696004
-1.710132,51,66.713328
-1.719621,51,66.731013
-1.683516,51,66.749228
-1.577606,51,66.7678
-1.582696,52,66.786784
-1.829045,51,66.804982
-1.686728,51,66.823536
-1.724057,51,66.842133
-1.543798,51,66.860639
-1.659627,52,66.879244
-1.690376,51,66.897752
-1.791311,51,66.915872
-1.742946,52,66.934735
-1.620094,51,66.953027
-1.976669,51,66.971099
-1.826928,51,66.989568
-1.75359,52,67.008376
-1.776408,51,67.027874
-1.650309,52,67.046647
-1.711424,51,67.064955
-1.771436,51,67.083511
-1.761263,51,67.101609
-1.788183,51,67.120436
-1.681547,52,67.139285
-1.695746,51,67.15814
-1.581644,51,67.176956
-1.698713,51,67.1958
-1.615839,51,67.214607
-1.660881,51,67.233308
-1.636194,52,67.252083
-1.68888,51,67.269595
-1.710395,51,67.287404
-1.712479,51,67.305289
-1.647593,51,67.322938
-1.89448,51,67.340592
-1.802109,51,67.359132
-1.875156,51,67.377262
-1.622679,51,67.679977
-1.718679,51,67.698564
-1.709837,52,67.717484
-1.677506,51,67.735203
-1.704924,51,67.753041
-1.75312,51,67.771186
-1.683933,51,67.78906
-1.855399,51,67.807702
-1.759769,51,67.826254
-1.717091,51,67.844395
-1.598429,52,67.862518
-1.638715,51,67.879931
-1.773903,51,67.897627
-1.718824,51,67.915723
-1.731575,51,67.933787
-1.54274,51,67.952089
-1.886806,51,67.970287
-1.707039,51,67.98826
-1.686317,51,68.006424
-1.612374,51,68.024821
-1.65738,51,68.04332
-1.673958,51,68.062541
-1.852315,51,68.080285
-1.793485,51,68.09827
-1.624755,52,68.117474
-1.668851,51,68.136025
-1.794437,52,68.15499
-1.763595,51,68.173912
-1.694638,51,68.192855
-1.887112,52,68.212147
-1.688016,51,68.230993
-1.745574,51,68.249805
-1.905568,52,68.26901
-1.696099,51,68.286248
-1.573725,51,68.303504
-1.684495,51,68.321104
-1.708658,51,68.339255
-1.658267,51,68.357287
-1.72072,51,68.375306
-1.611047,51,68.393363
-1.672502,51,68.699
-1.656146,51,68.718833
-1.733314,51,68.737611
-1.690585,51,68.755371
-1.702817,51,68.773573
-1.70054,51,68.791748
-1.675414,51,68.810014
-1.689365,51,68.829588
-1.607119,51,68.847954
-1.598075,51,68.865365
-1.53267,51,68.882961
-1.611007,51,68.901736
-1.543109,51,68.919632
-1.739289,51,68.937922
-1.666455,51,68.956157
-1.723064,52,68.974702
-1.716549,51,68.992874
-1.580209,51,69.011468
-1.817244,51,69.030283
-1.656531,51,69.04921
-1.65141,51,69.068197
-1.667261,51,69.086987
-1.695017,51,69.105803
-1.740035,51,69.124252
-1.802659,52,69.143125
-1.601285,51,69.16203
-1.836513,51,69.180889
-1.648815,51,69.199639
-1.709008,51,69.217974
-1.534208,51,69.236658
-1.7473,51,69.25492
-1.833086,51,69.27364
-1.747515,51,69.291815
-1.91095,51,69.310864
-1.695854,51,69.328668
-1.549442,51,69.346333
-1.60007,51,69.36391
-1.714925,51,69.381592
-1.678124,51,69.399853
-1.693971,51,69.417823
-1.888342,52,69.725544
-1.596725,51,69.7445
-1.573451,51,69.763329
-1.586683,51,69.781904
-1.757676,51,69.80002
-1.578572,51,69.818609
-1.531981,51,69.83715
-1.535743,51,69.855379
-1.659012,51,69.87394
-1.673278,51,69.89243
-1.812409,51,69.910913
-1.77622,52,69.929349
-1.644393,51,69.947663
-1.571525,51,69.96572
-1.524048,51,69.983486
-1.511149,52,70.00184
-1.664117,51,70.020147
-1.727682,51,70.038189
-1.630658,51,70.056181
-1.663038,51,70.074181
-1.709046,51,70.092456
-1.836278,52,70.111635
-1.704657,52,70.130391
-1.886676,51,70.149604
-1.745024,51,70.167492
-1.837941,51,70.186
-1.744662,51,70.204898
-1.5398,51,70.223751
-1.718458,51,70.242617
-1.828362,51,70.261491
-1.841176,51,70.280269
-1.744124,51,70.299001
-1.706409,51,70.3175
-1.88116,51,70.335998
-1.694389,51,70.354697
-1.769383,51,70.371704
-1.663667,51,70.389046
-1.724199,52,70.406863
-1.827878,51,70.424607
-1.688977,51,70.442475
-1.812122,51,70.749296
-1.764759,52,70.768652
-1.509515,51,70.787211
-1.650914,52,70.805467
-1.589732,51,70.823952
-1.684599,51,70.841988
-1.782513,52,70.860903
-1.563672,51,70.879378
-1.585397,51,70.897623
-1.831363,51,70.915865
-1.605879,51,70.933967
-1.652399,51,70.95241
-1.5223,51,70.970864
-1.704743,51,70.989137
-1.609273,51,71.006932
-1.993581,51,71.025219
-1.439663,51,71.043337
-1.832366,51,71.061992
-1.719,52,71.081084
-1.547248,51,71.09962
-1.657631,51,71.118459
-1.6939,51,71.136949
-1.733205,51,71.155755
-1.650094,51,71.174651
-1.674306,51,71.193262
-1.658514,51,71.211659
-1.818678,52,71.230503
-1.490852,51,71.249302
-1.916822,51,71.268064
-1.638372,51,71.286834
-1.681656,51,71.305597
-1.721281,51,71.324138
-1.782485,51,71.342196
-1.602,51,71.36033
-1.743757,51,71.378543
-1.673326,51,71.396778
-1.62057,51,71.413952
-1.77549,51,71.431447
-1.634678,51,71.449279
-1.53279,51,71.467456
-1.612051,51,71.768642
-1.552763,51,71.787372
-1.607816,51,71.806015
-1.499514,51,71.824441
-1.841768,51,71.841854
-1.638893,51,71.859787
-1.617921,52,71.878411
-1.639008,51,71.896204
-1.603627,52,71.914713
-1.701214,51,71.93327
-1.624301,51,71.950967
-1.536716,51,71.969504
-1.769469,51,71.987607
-1.667133,51,72.006106
-1.739316,51,72.025049
-1.680826,51,72.042345
-1.418399,51,72.06011
-1.766634,51,72.078785
-1.665325,51,72.098181
-1.753677,51,72.116631
-1.699738,51,72.135369
-1.575024,51,72.153938
-1.597615,52,72.172584
-1.537474,51,72.191025
-1.662568,51,72.209897
-1.711119,51,72.228796
-1.572424,51,72.246483
-1.670779,51,72.264997
-1.719816,51,72.283896
-1.638173,52,72.302745
-1.539196,51,72.32116
-1.631049,52,72.340205
-1.591156,51,72.358801
-1.615716,51,72.377338
-1.631707,51,72.395928
-1.605357,51,72.414407
-1.636417,51,72.432863
-1.639797,51,72.451431
-1.695126,51,72.469967
-1.590678,51,72.488447
-1.583437,51,72.802676
-1.4531,51,72.821785
-1.629976,51,72.840694
-1.506291,51,72.859339
-1.511171,51,72.877406
-1.750338,51,72.895403
-1.661175,51,72.91355
-1.605369,51,72.931723
-1.62161,52,72.950253
-1.736946,51,72.968522
-1.668158,51,72.986936
-1.553584,51,73.00507
-1.698953,51,73.023585
-1.55926,51,73.042108
-1.60422,52,73.061043
-1.609838,51,73.079517
-1.425132,51,73.097766
-1.617461,51,73.115682
-1.682533,52,73.134513
-1.589124,51,73.152982
-1.624162,51,73.171838
-1.903252,51,73.190637
-1.659609,51,73.209443
-1.658452,51,73.228208
-1.693212,51,73.246679
-1.608108,51,73.26504
-1.668609,51,73.283937
-1.458973,51,73.302494
-1.569622,51,73.321149
-1.541057,51,73.339901
-1.671761,51,73.35853
-1.547337,51,73.377049
-1.549522,51,73.395143
-1.599794,51,73.413264
-1.673326,51,73.431298
-1.735937,51,73.449753
-1.504777,51,73.468265
-1.688351,51,73.48678
-1.67042,52,73.505238
-1.494484,51,73.522971
-1.737912,51,73.835881
-1.583349,51,73.85504
-1.733108,51,73.874019
-1.616982,51,73.892658
-1.679782,51,73.911276
-1.529359,51,73.929556
-1.527345,51,73.94768
-1.618096,51,73.965752
-1.582287,52,73.984341
-1.651701,51,74.002546
-1.80145,51,74.0211
-1.6424,51,74.039216
-1.749144,52,74.058146
-2.019746,51,74.076683
-1.683604,51,74.094786
-1.504592,51,74.113066
-1.569114,51,74.131164
-1.682491,52,74.150037
-1.640787,51,74.168524
-1.560121,51,74.187422
-1.614563,51,74.206309
-1.70412,51,74.224717
-1.607443,51,74.242898
-1.694598,51,74.261201
-1.514058,51,74.280014
-1.555608,51,74.298868
-1.591054,51,74.317662
-1.553826,52,74.336835
-1.644866,52,74.356933
-1.650177,51,74.37615
-1.603147,52,74.395276
-1.712141,51,74.413462
-1.652025,52,74.43201
-1.521757,51,74.450469
-1.75953,51,74.468679
-1.577657,51,74.48725
-1.668661,51,74.505356
-1.572796,51,74.523581
-1.599035,51,74.54069
-1.689233,52,74.558969
-1.633699,51,74.868851
-1.621035,51,74.887483
-1.569866,51,74.90628
-1.609887,51,74.924583
-1.584768,51,74.943207
-1.627182,52,74.961319
-1.648428,51,74.979229
-1.520811,51,74.997313
-1.561733,51,75.015834
-1.539123,51,75.03402
-1.512414,51,75.052579
-1.672369,51,75.070684
-1.651358,51,75.089198
-1.498778,51,75.107757
-1.514601,51,75.126331
-1.527097,51,75.145201
-1.525493,51,75.163729
-1.582006,52,75.181917
-1.702993,51,75.200459
-1.514623,51,75.218547
-1.573384,51,75.237176
-1.560645,51,75.255826
-1.873792,51,75.274653
-1.474607,51,75.293491
-1.625882,52,75.312673
-1.584084,51,75.331449
-1.706718,51,75.35028
-1.655297,51,75.369871
-1.627864,51,75.388852
-1.513167,51,75.407561
-1.543143,51,75.426205
-1.606056,51,75.444803
-1.431719,51,75.463805
-1.436646,51,75.482457
-1.526916,52,75.501071
-1.967719,51,75.51967
-1.649436,52,75.538242
-1.67377,51,75.556842
-1.469043,51,75.575525
-1.548978,51,75.59409
-1.484472,51,75.898498
-1.55591,51,75.917515
-1.556131,51,75.936381
-1.569428,51,75.955011
-1.754435,52,75.974069
-1.525289,51,75.992974
-1.538911,51,76.011554
-1.486884,52,76.030664
-1.660645,51,76.048564
-1.505864,51,76.067087
-1.484305,51,76.085303
-1.589213,51,76.103929
-1.574395,52,76.122546
-1.468186,51,76.140596
-1.56551,51,76.159391
-1.559014,51,76.178268
-1.52963,51,76.197152
-1.60165,51,76.214832
-1.50167,51,76.232879
-1.594989,51,76.251395
-1.560958,51,76.269506
-1.608064,52,76.288722
-1.509638,51,76.307566
-1.522023,52,76.326859
-1.748823,51,76.345655
-1.630403,51,76.364524
-1.479928,51,76.383358
-1.583316,51,76.402191
-1.78638,52,76.420321
-1.406698,51,76.437766
-1.94047,51,76.455655
-1.667264,52,76.473842
-1.559013,51,76.492225
-1.724135,51,76.510294
-1.559186,51,76.528427
-1.538071,51,76.546403
-1.564989,51,76.564622
-1.623894,52,76.583204
-1.679471,51,76.601208
-1.500016,51,76.619365
-1.621418,51,76.929087
-1.742748,51,76.94783
-1.381412,52,76.966916
-1.544313,51,76.985446
-1.500384,51,77.003638
-1.593335,51,77.021778
-1.462007,51,77.040278
-1.688914,52,77.058632
-1.536352,51,77.076462
-1.637205,52,77.094989
-1.584139,51,77.113129
-1.550581,51,77.130866
-1.76731,51,77.148975
-1.765279,51,77.167252
-1.662861,51,77.186012
-1.724706,52,77.204877
-1.655557,51,77.223269
-1.503732,51,77.242068
-1.527552,51,77.25972
-1.672142,51,77.277588
-1.485312,51,77.296162
-1.555256,51,77.314752
-1.673208,51,77.333569
-1.71591,51,77.352192
-1.57905,52,77.371196
-1.421539,51,77.389984
-1.537623,51,77.408795
-1.591996,51,77.427351
-1.616839,51,77.445737
-1.469764,51,77.463483
-1.735765,51,77.481001
-1.500867,51,77.498825
-1.58973,52,77.51756
-1.518384,52,77.535879
-1.56206,52,77.554083
-1.633776,51,77.572497
-1.456938,51,77.590894
-1.569286,51,77.608987
-1.433094,52,77.627862
-1.646361,52,77.64675
-1.505826,51,77.945999
-1.487862,51,77.965012
-1.50956,51,77.983307
-1.609157,51,78.001902
-1.421,51,78.020455
-1.519101,51,78.038983
-1.532101,51,78.057331
-1.584765,51,78.076039
-1.628294,51,78.094514
-1.640498,51,78.112471
-1.822197,51,78.130025
-1.47644,51,78.148165
-1.479111,51,78.166201
-1.557745,51,78.184548
-1.436464,51,78.203393
-1.525891,51,78.222228
-1.503055,51,78.241007
-1.531084,51,78.259418
-1.622783,52,78.27857
-1.474339,51,78.297238
-1.397517,51,78.315473
-1.513465,52,78.334274
-1.478977,51,78.35277
-1.455307,51,78.37165
-1.32603,51,78.390717
-1.607655,52,78.409988
-1.578215,51,78.428848
-1.386231,51,78.447251
-1.611636,51,78.465522
-1.572565,51,78.48373
-1.688019,51,78.503172
-1.545519,51,78.521516
-1.575301,51,78.539788
-1.496794,51,78.558243
-1.598037,51,78.576449
-1.520311,51,78.595035
-1.495419,51,78.613696
-1.455693,51,78.632341
-1.59519,51,78.650881
-1.689776,51,78.668773
-1.559408,51,78.975331
-1.461375,51,78.994101
-1.555521,51,79.012915
-1.848676,51,79.031611
-1.424764,51,79.050228
-1.46121,51,79.068834
-1.529314,51,79.087198
-1.446053,51,79.105493
-1.474312,51,79.123617
-1.475749,51,79.141575
-1.468675,51,79.159085
-1.56431,51,79.177105
-1.593456,51,79.195688
-1.460871,51,79.2145
-1.570499,51,79.2333
-1.553863,51,79.252119
-1.533424,51,79.270963
-1.528298,51,79.289726
-1.599616,51,79.308623
-1.652506,51,79.327385
-1.478028,51,79.346081
-1.524319,51,79.364041
-1.486545,51,79.382139
-1.351107,51,79.400537
-1.647522,52,79.419745
-1.477445,51,79.438536
-1.461128,51,79.457168
-1.446769,52,79.476187
-1.488049,51,79.49442
-1.966351,51,79.51245
-1.797901,51,79.530988
-1.442604,51,79.549152
-1.38444,52,79.567188
-1.55848,51,79.585224
-1.539,51,79.603333
-1.634801,52,79.621656
-1.575612,51,79.639474
-1.468946,51,79.65755
-1.552578,52,79.676398
-1.542259,52,79.694883
-1.77017,51,79.99845
-1.404424,51,80.017695
-1.398424,51,80.036576
-1.542987,51,80.055176
-1.50512,51,80.073741
-1.426975,51,80.09231
-1.457849,51,80.110861
-1.445748,51,80.129358
-1.456054,51,80.147428
-1.6555,51,80.166132
-1.565055,51,80.184134
-1.439798,51,80.201863
-1.518732,51,80.219905
-1.448769,51,80.238441
-1.460302,51,80.256917
-1.455993,51,80.27575
-1.47839,51,80.294552
-1.545415,51,80.31301
-1.508845,51,80.33188
-1.588501,51,80.350317
-1.520109,52,80.369563
-1.479082,52,80.388788
-1.512215,51,80.407657
-1.596117,51,80.426508
-1.626875,51,80.445322
-1.391524,51,80.464722
-1.493413,51,80.481953
-1.535177,51,80.49989
-1.423843,51,80.517764
-1.509868,51,80.535619
-1.555309,52,80.553793
-1.509128,51,80.572224
-1.530704,51,80.590206
-1.594105,51,80.608291
-1.463774,51,80.626295
-1.493435,51,80.644304
-1.54154,52,80.663111
-1.561681,51,80.681385
-1.613073,51,80.699535
-1.428852,51,80.717526
-1.470438,51,81.021475
-1.550756,51,81.04024
-1.807829,51,81.058722
-1.582543,52,81.077371
-1.567879,51,81.095533
-1.603972,51,81.113623
-1.398871,51,81.132007
-1.426609,51,81.149879
-1.456038,51,81.168484
-1.455984,51,81.186985
-1.505186,52,81.205488
-1.462281,51,81.222889
-1.471269,51,81.240863
-1.522539,51,81.259316
-1.569291,51,81.277272
-1.557108,51,81.295644
-1.61323,51,81.314469
-1.449496,51,81.332996
-1.405907,51,81.351619
-1.466204,51,81.370337
-1.449895,51,81.388686
-1.504516,51,81.40742
-1.40086,51,81.424882
-1.391921,52,81.443425
-1.52515,51,81.461764
-1.448772,51,81.480074
-1.310493,51,81.49828
-1.684708,51,81.516348
-1.588834,52,81.535029
-1.536486,52,81.553988
-1.466911,51,81.572097
-1.618393,51,81.590739
-1.389619,51,81.608176
-1.517502,51,81.625748
-1.597896,52,81.644408
-1.509178,51,81.662927
-1.552155,51,81.681089
-1.448081,51,81.699136
-1.531045,51,81.717617
-1.315368,51,81.736182
-1.447274,51,82.04763
-1.531714,51,82.066543
-1.512516,51,82.08493
-1.361545,51,82.10296
-1.331908,51,82.121423
-1.672192,51,82.139654
-1.377306,51,82.157794
-1.429103,51,82.176375
-1.526609,52,82.195323
-1.47043,51,82.213876
-1.70055,51,82.232345
-1.553725,52,82.251061
-1.319221,51,82.269179
-1.421268,51,82.2871
-1.49788,51,82.305983
-1.604852,51,82.324813
-1.412034,51,82.342926
-1.781802,51,82.361078
-1.737009,51,82.379506
-1.327568,51,82.397828
-1.42281,51,82.416132
-1.399179,51,82.43489
-1.467528,51,82.453678
-1.451238,52,82.47236
-1.565146,51,82.490484
-1.550966,51,82.508596
-1.524541,51,82.526737
-1.450294,51,82.545214
-1.645229,52,82.5637
-1.468384,51,82.582214
-1.5121,51,82.600731
-1.43606,51,82.619194
-1.525223,51,82.637232
-1.569854,51,82.655706
-1.563747,51,82.674145
-1.487942,51,82.691252
-1.416182,51,82.709041
-1.51697,51,82.726575
-1.335298,52,82.74499
-1.600971,51,82.762985
-1.460011,51,82.78139
-1.506478,51,83.094001
-1.425141,51,83.112205
-1.464049,51,83.130251
-1.510871,51,83.148394
-1.717308,51,83.167051
-1.379313,51,83.186062
-1.347481,51,83.204424
-1.37677,51,83.222641
-1.550697,51,83.240826
-1.418452,51,83.259459
-1.436636,51,83.27843
-1.446862,51,83.297271
-1.49784,51,83.315618
-1.450316,51,83.33379
-1.408625,51,83.351945
-1.274051,51,83.370395
-1.43706,51,83.389297
-1.378788,51,83.407747
-1.760262,51,83.42657
-1.510183,51,83.445039
-1.56561,52,83.463903
-1.432414,52,83.482248
-1.406749,51,83.501727
-1.34017,51,83.520069
-1.463777,52,83.538728
-1.522415,51,83.556578
-1.440541,51,83.574801
-1.549324,51,83.592821
-1.512269,51,83.611172
-1.382095,51,83.629428
-1.256004,51,83.647623
-1.508479,51,83.666214
-1.454889,51,83.684319
-1.679769,51,83.702454
-1.691985,52,83.720902
-1.488001,51,83.7384
-1.415774,51,83.75592
-1.478917,52,83.773739
-1.437297,51,83.791756
-1.498413,51,83.809891
-1.419844,51,84.120602
-1.300156,51,84.140135
-1.554645,51,84.157499
-1.371106,51,84.1755
-1.383137,52,84.193766
-1.487237,51,84.211556
-1.355109,51,84.229727
-1.298781,51,84.247594
-1.304303,51,84.265552
-1.413089,51,84.284112
-1.32503,51,84.302932
-1.45734,51,84.321353
-1.575738,51,84.340233
-1.458876,51,84.358651
-1.38045,51,84.377527
-1.440568,52,84.396694
-1.42514,51,84.415151
-1.431887,51,84.434029
-1.357775,52,84.452996
-1.393276,52,84.472066
-1.449952,51,84.490537
-1.401693,52,84.509819
-1.42195,51,84.528059
-1.486965,52,84.546997
-1.511099,51,84.564736
-1.385763,51,84.582595
-1.338288,52,84.600894
-1.396757,51,84.618928
-1.588089,51,84.637084
-1.378262,51,84.655179
-1.416225,51,84.673214
-1.455516,51,84.691715
-1.519536,51,84.709784
-1.486548,51,84.728301
-1.31149,51,84.746185
-1.485522,51,84.763647
-1.367596,51,84.781496
-1.481069,51,84.799299
-1.337136,51,84.817197
-1.429647,51,84.836065
-1.472615,52,85.146664
-1.508394,52,85.165992
-1.456153,51,85.18324
-1.464536,52,85.201388
-1.263806,51,85.219679
-1.377268,51,85.237853
-1.423753,51,85.255887
-1.464355,51,85.274531
-1.477533,51,85.292944
-1.389811,51,85.311868
-1.255561,51,85.330715
-1.422282,52,85.349948
-1.389828,51,85.368837
-1.578335,51,85.386925
-1.420397,52,85.405548
-1.415523,51,85.423307
-1.39242,51,85.441785
-1.344782,51,85.460141
-1.461067,51,85.478983
-1.39571,51,85.496961
-1.318065,51,85.514943
-1.370812,51,85.533323
-1.469641,51,85.551419
-1.395341,51,85.569584
-1.352913,51,85.588458
-1.483449,51,85.606404
-1.39969,51,85.624039
-1.304152,51,85.642203
-1.495901,51,85.660362
-1.346743,52,85.678831
-1.441482,51,85.696966
-1.529694,51,85.715068
-1.516825,51,85.733246
-1.285544,51,85.751158
-1.324584,51,85.76919
-1.315665,51,85.787621
-1.317234,51,85.805659
-1.601458,51,85.823255
-1.727696,51,85.841254
-1.452373,51,85.858934
-1.320443,51,86.169013
-1.604447,51,86.187863
-1.49771,51,86.206516
-1.454167,51,86.224398
-1.372849,51,86.241923
-1.345913,51,86.259538
-1.386346,51,86.277618
-1.340156,51,86.296157
-1.459566,52,86.315127
-1.546204,52,86.334371
-1.564237,51,86.353283
-1.445734,51,86.371742
-1.469211,51,86.39059
-1.360097,51,86.409388
-1.412187,51,86.428029
-1.478897,51,86.445552
-1.362438,51,86.463803
-1.372352,51,86.482591
-1.352204,51,86.501406
-1.335948,51,86.52029
-1.429913,51,86.53858
-1.47304,51,86.557128
-1.366866,51,86.575569
-1.582271,51,86.593783
-1.240633,51,86.612363
-1.540512,51,86.630095
-1.427365,51,86.64749
-1.290124,52,86.664946
-1.543793,51,86.682777
-1.429634,51,86.700574
-1.378888,51,86.718719
-1.274977,51,86.736845
-1.424214,51,86.755324
-1.31814,51,86.773126
-1.435018,51,86.791296
-1.26211,51,86.809472
-1.441725,51,86.827633
-1.469986,51,86.846804
-1.55477,51,86.865404
-1.288953,52,86.884132
-1.336484,51,87.186847
-1.299203,52,87.206106
-1.34044,51,87.22477
-1.514999,51,87.243373
-1.253468,51,87.262536
-1.464218,51,87.280439
-1.325528,51,87.298358
-1.457211,51,87.316728
-1.360002,51,87.335582
-1.347709,51,87.354441
-1.338487,51,87.372817
-1.29232,51,87.391202
-1.451596,51,87.410029
-1.518809,51,87.428885
-1.447385,51,87.446847
-1.44761,51,87.465691
-1.248676,51,87.483758
-1.328246,51,87.501808
-1.358692,52,87.521111
-1.385551,51,87.540055
-1.260432,51,87.55835
-1.41129,51,87.576704
-1.440319,51,87.594963
-1.289807,51,87.613515
-1.402505,51,87.631563
-1.323899,51,87.649762
-1.19744,51,87.667928
-1.558333,52,87.686241
-1.311675,51,87.7033
-1.383911,51,87.721116
-1.291771,51,87.738809
-1.265827,51,87.756349
-1.437309,51,87.774773
-1.400283,51,87.792544
-1.500072,51,87.810642
-1.437363,52,87.829114
-1.294338,51,87.847437
-1.271247,51,87.86551
-1.381132,52,87.88387
-1.255354,52,87.901819
-1.294682,51,88.198938
-1.264881,51,88.217478
-1.254626,51,88.236113
-1.327421,51,88.254383
-1.3407,51,88.272973
-1.445272,51,88.291508
-1.419481,51,88.310245
-1.442367,51,88.327954
-1.201298,51,88.346651
-1.407884,51,88.365296
-1.451356,51,88.384112
-1.308911,51,88.403021
-1.37637,51,88.421442
-1.426996,51,88.440291
-1.341011,51,88.459155
-1.7326,51,88.477976
-1.29783,51,88.496777
-1.294586,52,88.516005
-1.343518,51,88.533668
-1.342838,51,88.551205
-1.412996,51,88.569384
-1.531242,51,88.58755
-1.265361,52,88.606093
-1.183357,51,88.624636
-1.224168,52,88.643137
-1.501112,51,88.661614
-1.200985,51,88.680107
-1.287424,51,88.698563
-1.341423,51,88.716648
-1.310395,51,88.734378
-1.322903,51,88.751447
-1.395564,51,88.768955
-1.333058,51,88.787016
-1.421576,51,88.805048
-1.461684,51,88.823143
-1.316641,52,88.842005
-1.398301,52,88.860042
-1.293949,51,88.877904
-1.333976,51,88.895403
-1.348117,51,88.913241
-1.211078,51,89.215707
-1.273356,51,89.233887
-1.55396,51,89.25236
-1.192739,51,89.270859
-1.265142,51,89.289524
-1.335803,51,89.308058
-1.336592,51,89.326994
-1.253622,52,89.346254
-1.337768,51,89.365146
-1.302487,51,89.384269
-1.253757,51,89.40414
-1.311567,51,89.422708
-1.424788,51,89.441119
-1.464135,51,89.460583
-1.367326,51,89.479365
-1.438766,52,89.498402
-1.4195,51,89.516856
-1.376262,51,89.535755
-1.460917,51,89.55468
-1.44652,52,89.574269
-1.21492,51,89.591941
-1.331426,51,89.609892
-1.37776,52,89.628274
-1.479164,51,89.646291
-1.408947,51,89.664245
-1.560439,52,89.683264
-1.425043,51,89.7014
-1.30952,51,89.719106
-1.290286,51,89.737705
-1.414741,51,89.755452
-1.301103,51,89.773995
-1.378624,52,89.792337
-1.293268,51,89.809572
-1.277895,51,89.827286
-1.364631,51,89.845461
-1.455226,51,89.863634
-1.338154,51,89.881296
-1.248725,52,89.899571
-1.373793,51,89.917705
-1.243823,51,89.936097
-1.360742,51,90.248412
-1.348442,51,90.267257
-1.258855,51,90.28581
-1.450862,52,90.304562
-1.236826,52,90.323501
-1.196508,51,90.341589
-1.342369,51,90.360103
-1.409575,52,90.379414
-1.491681,51,90.39794
-1.409707,51,90.416349
-1.342992,51,90.434563
-1.25116,51,90.453101
-1.469078,52,90.473027
-1.185,51,90.492025
-1.275951,51,90.510834
-1.445405,51,90.529819
-1.376189,51,90.548764
-1.302246,51,90.56732
-1.390362,51,90.586191
-1.392492,51,90.604463
-1.304893,51,90.622805
-1.064158,52,90.640689
-1.345542,52,90.658899
-1.209428,51,90.676867
-1.383407,51,90.694839
-1.411661,51,90.713417
-1.318432,51,90.731571
-1.280978,51,90.749713
-1.383829,51,90.768272
-1.402152,51,90.786089
-1.441886,51,90.804179
-1.143325,51,90.822988
-1.226979,51,90.84091
-1.22352,51,90.858616
-1.278647,52,90.877098
-1.465121,51,90.895231
-1.354358,51,90.913488
-1.185618,52,90.932317
-1.33316,51,90.950458
-1.432548,51,90.96853
-1.247408,51,91.275841
-1.160889,51,91.294307
-1.419809,51,91.312395
-1.359721,51,91.330409
-1.251956,52,91.349464
-1.172304,51,91.368343
-1.383237,51,91.387236
-1.149535,51,91.40611
-1.373293,51,91.424992
-1.272675,52,91.444232
-1.378969,51,91.462769
-1.327656,51,91.481012
-1.211738,51,91.499358
-1.271449,51,91.517817
-1.392837,51,91.536507
-1.249894,52,91.558777
-1.291822,51,91.587843
-1.443521,51,91.610215
-1.440999,51,91.636028
-1.284196,51,91.660028
-1.310258,52,91.678896
-1.200743,51,91.698314
-1.399535,52,91.716712
-1.42337,51,91.735498
-1.336795,51,91.753985
-1.161932,51,91.772688
-1.202867,51,91.791301
-1.268253,51,91.809505
-1.225527,51,91.828045
-1.27044,51,91.846589
-1.300288,51,91.86564
-1.391927,51,91.884602
-1.338185,51,91.903331
-1.252652,51,91.921603
-1.237214,51,91.940218
-1.294531,52,91.959201
-1.233321,51,91.97776
-1.241668,52,91.996698
-1.25183,52,92.015263
-1.40003,51,92.033766
-1.50739,51,92.349277
-1.274964,51,92.367602
-1.328726,51,92.385748
-1.260401,52,92.404722
-1.322332,51,92.423219
-1.310584,51,92.442147
-1.170186,51,92.461489
-1.167865,51,92.481182
-1.182597,51,92.504079
-1.360526,51,92.522767
-1.238479,51,92.541282
-1.269325,51,92.560206
-1.201546,52,92.579504
-1.345046,51,92.598418
-1.221547,51,92.617223
-1.175767,52,92.636409
-1.185082,51,92.655132
-1.264074,51,92.673715
-1.456309,51,92.692716
-1.441376,51,92.710641
-1.185372,51,92.729024
-1.208696,52,92.747775
-1.370728,52,92.766222
-1.660711,51,92.784898
-1.143107,51,92.803234
-1.251165,51,92.821723
-1.262708,51,92.839876
-1.230175,51,92.858093
-1.257626,51,92.876473
-1.135359,52,92.895262
-1.267332,51,92.912784
-1.127733,52,92.930997
-1.192414,52,92.949202
-1.411685,51,92.967236
-1.183272,51,92.985213
-1.228963,51,93.003646
-1.347488,51,93.022067
-1.386861,51,93.040473
-1.125657,51,93.058908
-1.212678,51,93.076927
-1.24045,52,93.388714
-1.311787,52,93.407618
-1.230911,51,93.425842
-1.232476,51,93.444606
-1.21619,51,93.462582
-1.331226,52,93.482986
-1.383641,51,93.501196
-1.410265,51,93.522053
-1.31767,51,93.540339
-1.242936,51,93.55931
-1.34284,51,93.577828
-1.248584,52,93.596912
-1.371121,51,93.615644
-1.151041,51,93.634548
-1.229315,51,93.653355
-1.292324,51,93.672245
-1.281426,51,93.691112
-1.128723,52,93.71017
-1.314802,51,93.728743
-1.137635,51,93.746676
-1.474165,51,93.764162
-1.370506,51,93.782579
-1.287365,51,93.800623
-1.273079,51,93.818402
-1.268341,51,93.836655
-1.259125,51,93.854916
-1.168856,51,93.872911
-1.317374,51,93.891204
-1.282982,51,93.908604
-1.226116,51,93.926624
-1.334064,51,93.944741
-1.166409,51,93.962855
-1.37296,51,93.980887
-1.222727,51,93.999311
-1.403277,51,94.017805
-1.24416,51,94.036268
-1.204943,51,94.054781
-1.16404,51,94.072862
-1.18933,51,94.090888
-1.231978,51,94.109294
-1.229767,51,94.419646
-1.196949,51,94.437236
-1.349458,51,94.455864
-1.168294,51,94.474413
-1.179649,51,94.493385
-1.260145,51,94.512333
-1.216298,51,94.531246
-1.207439,51,94.55009
-1.219682,51,94.568671
-1.158341,52,94.587095
-1.404158,52,94.605584
-1.519422,51,94.624406
-1.298778,51,94.643222
-1.302715,51,94.662041
-1.298711,51,94.680468
-1.290901,51,94.699264
-1.305608,51,94.717979
-1.325696,51,94.736578
-1.298644,51,94.755117
-1.304893,51,94.773351
-1.339396,51,94.790471
-1.107975,52,94.808309
-1.356545,51,94.825939
-1.270219,51,94.843595
-1.441971,51,94.861649
-1.262571,51,94.879696
-1.55264,51,94.897187
-1.246286,51,94.914363
-1.263975,51,94.931869
-1.275093,51,94.950138
-1.232146,51,94.967902
-1.223077,51,94.98596
-1.106932,51,95.004544
-1.219838,51,95.022671
-1.126684,51,95.041187
-1.254751,51,95.058917
-1.21696,51,95.077378
-1.204337,51,95.095476
-1.219383,51,95.113607
-1.098815,51,95.131677
-1.446994,51,95.442623
-1.356913,51,95.460891
-1.211892,52,95.48085
-1.243668,51,95.499855
-1.219744,51,95.518921
-1.3008,51,95.537958
-1.185533,51,95.556978
-1.480586,51,95.575929
-1.2228,51,95.594792
-1.260776,51,95.614106
-1.209485,51,95.633228
-1.65788,51,95.652301
-1.385988,51,95.671244
-1.180423,52,95.690589
-1.171505,51,95.709545
-1.174206,52,95.728768
-1.321807,51,95.747383
-1.17164,51,95.76595
-1.218766,51,95.784491
-1.156783,52,95.803431
-1.156633,52,95.822281
-1.215747,51,95.839995
-1.331947,52,95.858135
-1.220089,51,95.875995
-1.24572,51,95.894837
-1.385735,52,95.91331
-1.254596,51,95.930924
-1.369741,51,95.949235
-1.262115,52,95.967814
-1.453131,51,95.985944
-1.242773,51,96.003759
-1.347233,51,96.022364
-1.087463,51,96.040792
-1.167173,51,96.058641
-1.194751,51,96.076189
-1.279822,51,96.09368
-1.077473,52,96.112105
-1.314894,51,96.129811
-1.249914,51,96.147629
-1.158781,51,96.165604
-1.238205,51,96.47837
-1.303748,52,96.497445
-1.21671,51,96.51593
-1.16865,52,96.534767
-1.24035,51,96.553248
-1.324315,51,96.571835
-1.197017,52,96.59137
-1.410908,51,96.609743
-1.315635,51,96.628311
-1.207387,52,96.647233
-1.191109,52,96.665307
-1.253688,51,96.683474
-1.385885,51,96.702301
-1.206371,51,96.721129
-1.28035,51,96.739826
-1.183351,51,96.75758
-1.46825,51,96.776097
-1.273299,51,96.794154
-1.144044,52,96.812637
-1.5302,51,96.831101
-1.340043,51,96.849196
-1.232284,51,96.866681
-1.132247,51,96.883788
-1.148817,51,96.901502
-1.360644,52,96.919622
-1.24848,52,96.938108
-1.332753,51,96.95665
-1.168641,51,96.974764
-1.161127,51,96.992393
-1.28091,51,97.010749
-1.102438,52,97.028888
-1.222216,51,97.047174
-1.137323,52,97.065892
-1.454775,51,97.083593
-1.272977,51,97.102429
-1.103467,52,97.120974
-1.256667,51,97.139078
-1.219938,51,97.157076
-1.30297,52,97.17551
-1.202509,51,97.193672
-1.278851,52,97.507182
-1.372824,51,97.525682
-1.095569,52,97.545038
-1.232042,51,97.563965
-1.184665,51,97.582847
-1.140188,51,97.601701
-1.202147,51,97.620577
-1.079496,51,97.639444
-1.326503,51,97.658284
-1.187978,51,97.677601
-1.364417,51,97.696862
-1.344001,51,97.715664
-1.280533,51,97.734531
-1.1522,51,97.753284
-1.321748,51,97.771855
-1.241156,51,97.790395
-1.044321,51,97.80895
-1.217377,51,97.827484
-1.272501,51,97.84567
-1.162374,52,97.864505
-1.248937,51,97.882755
-1.214076,51,97.900788
-1.11703,51,97.918546
-1.25968,51,97.936331
-1.196131,52,97.954667
-1.498541,51,97.97281
-1.362174,51,97.990946
-1.240533,51,98.009462
-1.209937,51,98.027604
-1.120166,52,98.046504
-1.18526,51,98.065075
-1.10167,51,98.083204
-1.292429,51,98.10111
-1.220208,51,98.11937
-1.311209,51,98.137478
-1.161865,51,98.155969
-1.059518,51,98.175308
-1.231139,51,98.193688
-1.2355,51,98.212172
-1.231124,51,98.230245
-1.123971,51,98.544919
-1.240061,51,98.563359
-0.98535,51,98.582306
-1.113692,51,98.601394
-1.219725,51,98.620364
-1.360982,52,98.639404
-1.247335,52,98.658639
-1.181196,51,98.677598
-1.27342,51,98.696565
-1.00838,51,98.715427
-1.09829,51,98.734395
-1.228445,51,98.753332
-1.071124,51,98.772261
-1.350882,51,98.790928
-1.280333,51,98.809514
-1.181079,51,98.828057
-1.277699,51,98.846625
-1.010126,51,98.864846
-1.154217,51,98.883062
-1.3227,51,98.901491
-1.350975,51,98.919614
-1.142006,51,98.937368
-1.369253,51,98.955477
-1.136776,51,98.973967
-1.265416,51,98.992081
-1.132721,51,99.01024
-1.216955,52,99.02879
-1.208381,51,99.047291
-1.163674,52,99.065831
-1.223396,51,99.083936
-1.211774,51,99.102829
-1.059618,51,99.121333
-1.352779,51,99.140215
-1.337151,51,99.157555
-1.175397,51,99.175243
-1.373735,51,99.192916
-1.044462,51,99.210542
-1.141407,51,99.229142
-1.313012,51,99.247275
-1.265309,51,99.265403
-1.115335,52,99.57347
-1.257729,52,99.592637
-1.189616,51,99.611144
-1.147519,51,99.629677
-1.111465,52,99.64897
-1.375545,52,99.668869
-1.2622,51,99.688211
-1.201186,51,99.707207
-1.15764,51,99.726177
-1.343974,51,99.745056
-1.239918,51,99.764392
-1.198193,51,99.78294
-1.117999,51,99.801225
-1.129055,51,99.819839
-1.306431,51,99.838886
-1.27327,51,99.856792
-1.242825,52,99.875525
-1.299746,51,99.893857
-1.223519,51,99.912071
-1.222287,51,99.930729
-1.308298,51,99.94935
-1.228636,51,99.967176
-1.304913,51,99.985792
-1.253659,51,100.004391
-1.336851,51,100.02295
-1.071351,51,100.041522
-1.283304,51,100.059235
-1.250219,51,100.077738
-1.244938,51,100.096232
-1.303288,52,100.114656
-1.090368,51,100.133214
-1.261736,51,100.150932
-1.437958,51,100.170055
-1.07437,51,100.188199
-1.244156,51,100.205439
-1.317452,51,100.223301
-1.37584,51,100.241278
-1.089971,51,100.259129
-1.253457,51,100.277052
-1.245519,51,100.294983
-1.200012,51,100.613166
-1.22617,51,100.631868
-1.203454,51,100.650455
-1.1703,51,100.668694
-1.258183,51,100.687559
-1.17618,51,100.706476
-1.242074,51,100.725323
-1.213482,51,100.743895
-1.077436,51,100.762379
-1.020665,52,100.781229
-1.164797,51,100.799311
-1.053731,52,100.817214
-1.284789,51,100.834889
-1.101892,52,100.853135
-1.035826,51,100.871418
-1.319976,51,100.889242
-1.171421,51,100.907356
-1.216838,51,100.925779
-1.105793,52,100.944403
-1.302735,51,100.96153
-1.150977,51,100.978649
-1.037344,51,100.996309
-1.154885,52,101.014058
-1.077771,51,101.031435
-1.236241,51,101.048884
-1.054567,52,101.067052
-1.153971,51,101.084842
-1.182778,52,101.103268
-1.150867,51,101.121353
-1.26048,51,101.14056
-1.209323,52,101.158606
-1.159207,51,101.175723
-1.170064,51,101.193603
-1.226229,51,101.211315
-1.131358,51,101.228727
-1.20028,51,101.246323
-1.099063,51,101.264154
-1.214186,51,101.282279
-1.103637,52,101.30075
-1.207634,51,101.319033
-1.121972,51,101.640019
-1.241004,51,101.658714
-1.128179,51,101.677191
-1.291015,51,101.695967
-1.040248,51,101.714866
-1.17935,51,101.733684
-1.431138,51,101.752537
-1.129563,51,101.771484
-1.577864,51,101.790439
-1.329488,51,101.80928
-1.043846,51,101.828102
-1.105444,51,101.846683
-1.149547,51,101.864804
-1.189298,51,101.882939
-1.181985,51,101.90103
-1.294248,51,101.920442
-1.227777,51,101.938297
-1.185226,52,101.957258
-1.153464,52,101.975222
-1.089618,51,101.99401
-1.135649,52,102.012343
-1.296112,51,102.030398
-1.084232,51,102.048304
-1.188294,51,102.06698
-1.117347,51,102.085509
-1.034609,51,102.103419
-1.312682,51,102.122052
-1.419483,51,102.140626
-1.071574,51,102.159166
-1.261178,51,102.177717
-1.065461,51,102.19635
-1.142186,51,102.214856
-1.516109,51,102.233021
-1.22101,51,102.251562
-1.22822,51,102.270122
-1.238456,52,102.289039
-1.342155,51,102.307291
-1.253989,51,102.325717
-1.140218,52,102.344585
-1.214848,52,102.363071
-1.135112,52,102.684574
-1.124719,51,102.703091
-1.193203,51,102.721778
-1.297118,51,102.740523
-1.145841,51,102.759015
-1.216163,51,102.777914
-1.098435,51,102.796852
-1.138954,51,102.815715
-1.268695,51,102.834613
-1.207314,51,102.853454
-1.007389,51,102.872142
-1.302422,51,102.890295
-1.179844,51,102.90838
-1.140019,51,102.92619
-1.170485,51,102.944276
-1.052844,52,102.962539
-1.09937,52,102.980864
-1.060212,51,102.998617
-1.275187,51,103.017127
-1.217933,51,103.035541
-1.034484,51,103.053442
-1.13893,52,103.071927
-1.096092,51,103.090483
-1.262227,51,103.108653
-1.193902,51,103.126319
-1.167259,51,103.144014
-1.087545,51,103.162104
-1.322552,51,103.179812
-1.159907,52,103.198696
-1.089147,52,103.217194
-1.088981,52,103.235696
-1.124064,51,103.25383
-1.210871,51,103.272265
-1.19037,52,103.29118
-1.140867,52,103.310154
-1.140022,51,103.327981
-1.149837,52,103.346011
-1.10277,51,103.363729
-1.238341,51,103.381829
-1.095434,51,103.399985
-0.989678,51,103.725439
-1.15099,51,103.745168
-1.101062,51,103.763799
-1.15444,51,103.782545
-1.099424,51,103.801449
-1.148963,51,103.820555
-1.049478,51,103.839084
-1.264688,51,103.858045
-1.287017,51,103.876521
-1.020126,51,103.898525
-1.236789,51,103.918498
-1.258229,51,103.936911
-1.133053,51,103.955054
-1.019205,51,103.972955
-1.124745,51,103.990973
-1.233141,51,104.009143
-1.081506,51,104.027682
-1.23617,51,104.046055
-1.280755,51,104.064312
-1.045937,51,104.082819
-1.353811,52,104.101689
-1.016201,52,104.120211
-1.180976,51,104.138685
-1.36222,51,104.157879
-1.341475,51,104.176632
-1.06927,51,104.195224
-1.245355,51,104.212481
-1.240545,51,104.230553
-1.017714,51,104.248755
-1.192267,51,104.267312
-1.139052,52,104.285716
-1.139512,52,104.304387
-1.157636,51,104.322929
-1.435014,51,104.341417
-1.133163,51,104.35951
-1.185433,51,104.376598
-1.206011,51,104.39382
-1.066804,51,104.411503
-1.137523,51,104.429226
-1.054294,51,104.447356
-1.08115,51,104.772846
-1.236687,51,104.791392
-1.082819,51,104.810434
-1.130169,51,104.829972
-1.192475,52,104.848074
-1.31767,51,104.866623
-1.293066,51,104.884746
-1.119751,51,104.903274
-1.202478,51,104.921861
-1.084135,51,104.940224
-1.060613,52,104.959084
-1.152492,51,104.977926
-1.133682,51,104.995648
-1.354527,51,105.013638
-1.248236,51,105.031889
-1.224348,51,105.050377
-1.143822,51,105.068649
-1.129395,51,105.086789
-1.091536,51,105.105332
-1.108074,51,105.123519
-1.157102,51,105.141671
-1.065707,51,105.160314
-1.300024,51,105.17885
-1.138044,51,105.196567
-1.169892,51,105.21376
-1.010806,51,105.231382
-1.188934,51,105.249427
-1.06698,52,105.267465
-1.071658,51,105.285514
-1.180319,52,105.303918
-1.162685,51,105.322223
-1.375988,51,105.340617
-0.985109,52,105.358748
-0.925821,51,105.377135
-1.039398,51,105.394979
-1.074891,51,105.412243
-1.159118,51,105.429389
-1.216106,51,105.44728
-1.00705,51,105.465212
-1.22468,51,105.483538
-1.184048,51,105.804936
-1.240214,51,105.823733
-1.139608,51,105.842048
-1.060226,51,105.860455
-1.28594,51,105.87903
-1.1655,51,105.898156
-0.971248,51,105.916483
-1.055399,51,105.935199
-1.216649,51,105.953905
-1.154335,51,105.972482
-0.99479,51,105.99108
-1.124969,52,106.0092
-1.158276,51,106.02736
-1.278344,51,106.045484
-1.193728,51,106.063628
-1.060542,51,106.08143
-1.128116,51,106.099701
-0.941962,51,106.118242
-1.20383,51,106.136729
-1.102384,51,106.155223
-1.185654,51,106.173774
-1.079565,51,106.192283
-1.094679,51,106.210826
-1.08423,51,106.229246
-1.094332,51,106.247633
-1.151103,51,106.266152
-1.142236,51,106.284691
-1.092484,51,106.302874
-1.205621,51,106.32135
-1.075644,51,106.339892
-1.260229,51,106.35841
-1.190527,52,106.376895
-1.124768,51,106.395306
-1.064606,51,106.413485
-1.132681,51,106.431971
-1.082364,51,106.449602
-0.956582,51,106.467332
-1.369751,51,106.485371
-1.065626,51,106.503478
-1.001324,52,106.522158
-1.111948,51,106.853623
-1.180284,51,106.872826
-1.235986,51,106.892985
-1.186116,51,106.911293
-1.064717,52,106.929944
-1.205117,51,106.948377
-1.123925,51,106.967171
-1.086722,51,106.98605
-1.001378,51,107.004218
-1.183701,51,107.022272
-1.155004,51,107.040367
-1.180114,51,107.058863
-1.114906,52,107.077822
-1.273204,51,107.096305
-1.049865,51,107.114847
-1.193405,52,107.133751
-1.170364,51,107.152241
-1.209543,51,107.170728
-1.297695,51,107.189199
-1.151981,51,107.207713
-1.131337,51,107.226195
-1.062481,51,107.244695
-1.121675,52,107.263558
-0.983979,51,107.281994
-0.998246,51,107.300407
-1.094437,51,107.318895
-1.222179,51,107.33699
-1.018288,51,107.355075
-1.215693,51,107.373516
-1.007871,52,107.392334
-1.034235,51,107.410337
-1.207639,51,107.428771
-1.044629,52,107.447616
-1.014287,51,107.466402
-1.048119,51,107.484903
-1.053517,51,107.50289
-1.1101,51,107.52077
-1.094328,51,107.53893
-1.102501,51,107.55708
-1.140256,51,107.574717
-1.123486,51,107.896242
-1.008611,51,107.914695
-1.109557,51,107.933281
-1.088634,51,107.951779
-1.149041,51,107.970756
-1.227515,51,107.989702
-1.01717,51,108.008657
-1.074292,52,108.027929
-1.010349,52,108.046922
-1.026343,52,108.065887
-1.049104,51,108.08443
-1.17768,51,108.102025
-1.294898,51,108.119174
-1.022229,51,108.137421
-1.076131,51,108.154675
-1.136475,51,108.172775
-0.973795,51,108.191157
-1.04687,51,108.209496
-0.992658,51,108.227569
-1.215918,51,108.245611
-1.259559,51,108.26369
-0.90676,51,108.282089
-1.005206,51,108.300612
-1.219614,51,108.318056
-1.051908,51,108.335206
-0.940888,51,108.352986
-0.961005,51,108.371078
-0.943687,51,108.389208
-1.124041,51,108.40734
-1.073242,51,108.425904
-1.126927,51,108.44397
-1.083915,51,108.462064
-1.241541,51,108.480122
-1.193938,51,108.498634
-1.144163,51,108.516723
-0.993655,51,108.535166
-1.025245,51,108.553703
-1.119628,51,108.572207
-1.071782,51,108.590573
-1.171593,52,108.609064
-1.074039,51,108.931452
-1.046433,52,108.950724
-1.04303,51,108.969028
-0.989422,51,108.987581
-1.159076,51,109.006086
-1.066806,51,109.024284
-1.027495,51,109.042781
-1.252117,52,109.061441
-1.123257,51,109.080077
-1.043191,51,109.09868
-1.062732,52,109.117688
-1.107099,51,109.136261
-0.99786,51,109.154775
-1.024656,51,109.172608
-1.076921,51,109.19061
-1.036802,51,109.208573
-1.044822,51,109.226622
-1.075682,51,109.245203
-1.102337,51,109.263746
-1.143946,51,109.281874
-1.161108,51,109.300387
-1.089489,51,109.318912
-1.088433,51,109.337401
-1.45389,51,109.355517
-1.15854,52,109.373657
-1.043365,51,109.391882
-1.2058,51,109.409851
-1.199558,51,109.427945
-1.017295,51,109.446421
-1.048923,51,109.464469
-1.087373,51,109.482531
-1.095873,51,109.500907
-1.061873,52,109.519354
-1.193939,51,109.537441
-0.922811,51,109.555951
-1.148906,51,109.574193
-1.092631,51,109.592715
-1.014367,51,109.611125
-1.079561,52,109.62958
-1.155524,51,109.647923
-1.024645,51,109.970412
-1.183358,51,109.989987
-1.064346,51,110.008684
-1.033714,51,110.02838
-1.098828,51,110.046866
-1.157394,51,110.065323
-0.88353,51,110.083732
-0.981844,52,110.102309
-1.072945,51,110.120892
-0.918496,51,110.139413
-1.14861,51,110.157574
-1.079139,51,110.176087
-1.074459,51,110.194817
-1.118548,51,110.213213
-1.219727,51,110.230949
-1.200789,51,110.24911
-1.13823,51,110.267336
-1.069325,51,110.285495
-1.076178,52,110.304032
-1.116044,51,110.321933
-1.079002,51,110.339857
-1.204168,51,110.358071
-1.157429,51,110.376567
-1.038156,51,110.395171
-0.94395,52,110.41337
-1.08737,51,110.430982
-1.304962,51,110.448714
-0.979304,51,110.467844
-0.990847,51,110.486945
-1.230953,51,110.505172
-0.969193,51,110.523364
-1.125268,51,110.541932
-1.112794,51,110.5605
-1.1518,52,110.579466
-1.196444,51,110.598074
-1.056028,51,110.615868
-1.153612,51,110.633901
-1.084121,51,110.651227
-1.101353,51,110.669258
-1.102006,51,110.687524
-1.210146,51,110.705979
-1.142214,51,111.032012
-1.155681,51,111.050056
-1.138557,51,111.068022
-1.121401,51,111.08646
-1.123907,51,111.104946
-0.97471,51,111.123713
-1.036941,51,111.142308
-1.0533,51,111.160884
-1.023771,51,111.179357
-1.128375,51,111.197881
-1.296865,52,111.217117
-1.030083,52,111.235976
-0.966524,51,111.253097
-0.996301,51,111.270277
-1.016769,51,111.288369
-1.046036,51,111.306434
-1.004937,51,111.324544
-1.256761,51,111.342624
-1.052851,51,111.360324
-1.002406,51,111.378731
-1.030236,51,111.396743
-1.079503,51,111.414732
-1.09596,52,111.433551
-1.061353,51,111.451582
-1.265335,51,111.468839
-0.994751,51,111.487277
-1.054702,52,111.505945
-1.055623,51,111.524082
-1.034834,51,111.542484
-1.272185,52,111.561267
-1.062588,51,111.579273
-1.075472,51,111.59772
-1.031363,51,111.615792
-0.948886,51,111.63425
-1.067418,51,111.652493
-1.142579,51,111.670047
-1.002803,51,111.687861
-0.973446,51,111.705724
-1.035715,51,111.723981
-1.089947,51,111.742054
-1.128856,51,112.065959
-1.046176,52,112.084706
-1.099119,51,112.102964
-1.069523,51,112.121676
-1.139289,51,112.140228
-1.118864,51,112.158618
-0.922619,51,112.177084
-1.107815,51,112.195135
-1.110898,51,112.213607
-1.118182,51,112.232136
-1.076767,51,112.250653
-1.090381,51,112.269741
-0.962957,51,112.287424
-0.902273,52,112.30534
-1.017632,51,112.323143
-1.080066,51,112.341038
-0.952912,51,112.358927
-1.024655,51,112.376928
-0.910949,51,112.395005
-1.138891,51,112.413466
-1.062566,52,112.432327
-1.069097,51,112.450351
-1.183903,52,112.469208
-1.176335,51,112.487041
-1.18667,51,112.504805
-1.281728,51,112.522955
-1.065111,51,112.541041
-1.024676,52,112.559568
-0.965144,51,112.577617
-1.003914,52,112.59654
-1.190783,51,112.615007
-1.048427,51,112.632957
-1.013857,52,112.651842
-1.038359,51,112.669904
-0.925054,51,112.688008
-0.990037,51,112.705819
-0.968592,51,112.723325
-0.969317,51,112.741165
-1.029637,51,112.759279
-1.033085,51,112.777208
-1.023947,51,113.096553
-0.903696,51,113.115108
-0.885921,51,113.133317
-1.024519,51,113.152183
-0.98358,51,113.1713
-0.998183,52,113.190027
-1.286645,51,113.208605
-1.12362,51,113.227133
-1.018059,51,113.245176
-0.918516,51,113.263648
-0.996379,52,113.282316
-1.037435,51,113.300774
-1.128332,51,113.319211
-1.167866,51,113.336583
-0.928901,51,113.354429
-1.175503,51,113.372173
-1.022925,51,113.389574
-1.18636,51,113.408057
-1.141154,51,113.425942
-0.924123,51,113.443806
-1.024434,51,113.461984
-1.07766,51,113.479823
-1.062874,51,113.497851
-1.210366,51,113.516136
-0.946105,51,113.533644
-0.955267,51,113.551275
-1.107019,51,113.569351
-0.993836,51,113.587126
-0.985678,52,113.604876
-1.017921,51,113.622837
-1.063031,51,113.640678
-1.147103,51,113.65882
-1.035497,51,113.676837
-1.0845,51,113.695168
-1.073452,51,113.712915
-1.44864,52,113.731437
-1.008005,51,113.749928
-0.993043,51,113.768067
-1.214726,51,113.7867
-0.946704,51,113.805057
-0.879412,52,114.13227
-1.131553,51,114.150903
-1.120396,51,114.168957
-1.036758,51,114.186781
-1.140343,51,114.205067
-1.087336,51,114.223198
-1.150131,51,114.24085
-0.987558,51,114.259377
-1.122583,51,114.27711
-1.029084,52,114.295479
-1.21575,51,114.313693
-1.027387,51,114.331778
-1.128165,51,114.349879
-0.993501,51,114.368111
-0.968205,52,114.385563
-0.966895,51,114.402652
-1.043682,52,114.421057
-0.990572,51,114.439385
-1.181003,51,114.457362
-1.039733,51,114.475497
-1.167633,51,114.493634
-0.876468,51,114.511726
-0.993548,51,114.52979
-1.012302,51,114.547603
-1.09568,51,114.565986
-1.000052,51,114.584052
-0.966779,51,114.602111
-1.142206,51,114.620088
-1.139189,52,114.638625
-1.07197,51,114.657088
-1.137025,51,114.675437
-1.145913,51,114.693539
-1.252555,51,114.711556
-1.074882,51,114.729519
-1.05617,51,114.747537
-1.072763,51,114.765445
-1.008997,51,114.78419
-0.882082,51,114.801517
-0.936196,51,114.81947
-1.169693,51,114.837653
-1.09922,51,115.166426
-0.926192,51,115.185336
-0.942046,51,115.20391
-0.955428,51,115.22255
-0.915961,51,115.240865
-1.079439,51,115.258836
-1.199341,51,115.276607
-0.969512,52,115.295228
-0.920389,51,115.31336
-0.97679,51,115.331872
-1.272347,51,115.350046
-1.057993,51,115.368176
-1.046372,51,115.386696
-1.031288,51,115.405205
-1.00461,52,115.42436
-1.056469,51,115.443151
-0.924718,51,115.461847
-1.127696,51,115.480342
-0.999357,51,115.497574
-1.075209,51,115.515313
-0.950889,51,115.533123
-1.200172,51,115.551469
-0.984733,51,115.569482
-1.106836,51,115.587585
-0.991632,51,115.60601
-1.016214,51,115.624917
-1.217693,51,115.642983
-0.940106,51,115.660851
-0.990781,51,115.679045
-1.012697,51,115.697068
-1.340142,52,115.715909
-1.101162,52,115.734851
-1.036854,52,115.753826
-1.138582,52,115.772411
-1.014089,51,115.790622
-0.931573,51,115.808437
-0.973639,51,115.827006
-1.397269,51,115.84558
-1.117938,51,115.864396
-1.032398,51,115.882472
-1.06741,51,116.207299
-0.961873,51,116.225888
-0.982316,51,116.244428
-0.906932,51,116.262914
-1.001182,52,116.281876
-0.875373,51,116.299951
-1.124019,51,116.318451
-0.990886,51,116.336985
-1.004652,51,116.355503
-1.099595,51,116.374002
-1.025534,51,116.392459
-1.053085,52,116.410814
-1.039087,51,116.429284
-1.01237,51,116.447445
-0.941327,51,116.465797
-0.992783,51,116.483188
-1.133321,51,116.501433
-0.898429,51,116.519638
-0.975361,51,116.537529
-0.946837,51,116.555573
-1.056175,51,116.57387
-0.876069,51,116.59177
-0.953732,51,116.609785
-1.055361,51,116.627989
-0.904994,51,116.64658
-1.146959,51,116.664319
-0.968924,52,116.681888
-1.010498,51,116.699757
-0.913342,51,116.717195
-1.067082,51,116.735161
-1.080507,51,116.753273
-0.891273,51,116.771293
-1.180067,51,116.789392
-0.911614,51,116.807511
-0.981122,51,116.825597
-0.994302,51,116.844141
-0.975084,51,116.862151
-1.055181,52,116.880637
-0.995223,51,116.897934
-0.920673,51,116.915737
-0.843707,51,117.228925
-0.914375,51,117.247973
-0.921756,51,117.266461
-0.98623,51,117.285432
-0.910308,51,117.303623
-1.020161,51,117.321524
-0.96344,52,117.340152
-0.995869,52,117.358702
-1.001318,52,117.376836
-1.119996,51,117.395375
-0.977055,51,117.413862
-1.03006,51,117.431933
-1.018201,51,117.45046
-1.005533,52,117.46896
-0.948017,52,117.487878
-1.076971,51,117.506144
-1.034886,51,117.524214
-0.947527,51,117.542006
-0.906262,51,117.560081
-0.941402,51,117.577851
-0.973696,51,117.596386
-1.28071,51,117.614855
-0.932094,52,117.633784
-0.854037,52,117.652373
-0.851815,51,117.670561
-0.961829,51,117.688649
-1.14049,51,117.706278
-1.076336,51,117.723931
-1.026387,51,117.741776
-1.199656,51,117.759669
-0.998643,51,117.778147
-1.014555,51,117.796209
-1.070562,51,117.814207
-0.980726,51,117.831987
-0.856654,52,117.850645
-1.124023,51,117.869098
-0.971429,51,117.887099
-1.014121,51,117.905416
-0.873396,52,117.923137
-0.967006,51,117.940699
-0.94732,52,118.268164
-0.95155,51,118.287126
-0.968154,52,118.306417
-1.058483,52,118.324996
-1.130541,51,118.34213
-0.940504,51,118.359982
-0.824228,51,118.377945
-0.962024,51,118.396451
-0.860119,51,118.414593
-1.068127,51,118.432884
-0.934921,52,118.451758
-1.08574,51,118.469868
-1.077894,51,118.488052
-1.026569,52,118.506944
-0.918589,51,118.5251
-1.016598,51,118.542474
-0.950856,51,118.559582
-1.159526,51,118.577061
-1.073726,51,118.594573
-1.041132,51,118.612628
-0.963733,51,118.63066
-0.899851,51,118.648667
-1.0814,51,118.667176
-1.057342,51,118.684891
-0.917474,51,118.703414
-1.044936,51,118.721878
-1.053108,51,118.740183
-1.004756,51,118.757272
-1.002074,51,118.774807
-1.005279,51,118.792709
-0.94268,52,118.811126
-1.047549,51,118.829224
-1.129021,51,118.847055
-0.855784,51,118.86541
-1.092028,51,118.883385
-1.120634,51,118.90161
-1.133647,51,118.919778
-1.0862,52,118.938861
-1.002899,51,118.957573
-0.864409,51,118.976279
-1.240328,51,119.305609
-0.936979,52,119.325132
-0.89736,52,119.344008
-1.041049,51,119.36271
-0.981904,51,119.38132
-1.01488,51,119.399954
-0.957362,51,119.418081
-1.065623,51,119.437741
-0.901842,52,119.456779
-1.036046,51,119.476316
-1.026271,51,119.495021
-1.047115,52,119.513607
-1.435,51,119.531753
-0.797382,51,119.550321
-0.948859,51,119.568481
-0.976147,51,119.586756
-0.975709,51,119.605109
-1.045055,51,119.623305
-1.025038,51,119.641783
-1.071306,51,119.660309
-1.130187,51,119.678419
-1.080902,52,119.697344
-0.896303,51,119.71548
-1.031939,51,119.733986
-1.181355,51,119.752478
-1.119077,51,119.770509
-1.222502,51,119.788571
-0.910081,52,119.807466
-0.995135,51,119.825989
-1.023021,51,119.844482
-0.941967,51,119.862881
-1.123105,51,119.880845
-0.94241,51,119.898943
-0.993576,51,119.917934
-0.945688,51,119.935919
-1.087361,51,119.954574
-0.948647,51,119.973258
-0.977234,51,119.99225
-0.924521,51,120.0111
-0.912855,52,120.03048
-1.12146,51,120.356362
-0.970484,51,120.373992
-0.821043,51,120.391412
-0.966298,51,120.409127
-0.963153,52,120.427318
-1.181227,51,120.445838
-0.903138,51,120.464041
-0.983345,51,120.482178
-0.971777,51,120.499495
-0.998327,51,120.51688
-1.019948,51,120.534684
-0.893999,51,120.552413
-0.979582,51,120.570937
-0.940544,51,120.589083
-0.926266,51,120.610527
-0.947668,51,120.62879
-0.838699,51,120.647196
-0.897366,52,120.6661
-1.099165,51,120.684267
-0.997627,51,120.702468
-0.910506,51,120.720622
-1.040645,51,120.739162
-0.939107,51,120.757205
-0.952835,51,120.775307
-0.970512,51,120.793059
-0.972452,51,120.810938
-1.10472,51,120.829113
-0.913776,51,120.847076
-0.844886,52,120.865533
-0.965481,51,120.883594
-0.883969,51,120.901739
-0.996928,51,120.920222
-1.080468,51,120.938638
-0.909297,52,120.957057
-1.049439,51,120.975579
-0.919892,51,120.993953
-1.155309,51,121.012574
-0.964618,51,121.031442
-1.017461,52,121.049743
-0.988024,51,121.068268
-0.884561,51,121.393211
-1.097123,51,121.413946
-0.875973,51,121.432719
-0.952949,51,121.450992
-1.019291,51,121.46963
-1.108916,51,121.487867
-0.969037,51,121.506297
-0.916726,51,121.524557
-1.041882,51,121.54276
-1.036833,51,121.56086
-0.947345,51,121.579358
-0.794776,51,121.597478
-1.001349,51,121.615594
-0.874216,51,121.633068
-0.986356,51,121.65138
-1.016366,51,121.669484
-0.914654,51,121.687765
-0.860619,51,121.706265
-0.973337,51,121.724849
-1.024072,51,121.743318
-1.36756,52,121.761987
-1.115787,52,121.780526
-1.077521,51,121.79794
-0.912554,51,121.816071
-1.01434,51,121.834321
-0.877562,51,121.851862
-1.098814,51,121.869984
-1.109505,51,121.888198
-1.12657,51,121.906386
-1.126554,51,121.925048
-0.941611,51,121.94365
-0.989312,51,121.962167
-0.947992,51,121.980907
-1.024918,51,121.998547
-0.979392,51,122.016276
-0.888728,51,122.034441
-0.86976,51,122.052466
-0.923758,52,122.071527
-0.948323,51,122.089786
-1.161651,51,122.10825
-1.058893,51,122.425978
-1.025408,52,122.445489
-0.895153,51,122.464275
-0.850565,51,122.482157
-0.859567,51,122.502031
-0.991136,51,122.520969
-0.991914,52,122.539704
-1.005506,52,122.558349
-1.014506,51,122.576798
-0.920478,51,122.595267
-0.922363,51,122.613126
-0.922303,51,122.630297
-1.029388,51,122.647823
-1.095944,51,122.66571
-0.919719,51,122.68283
-0.844986,52,122.700995
-0.840225,51,122.719088
-0.915956,51,122.736813
-0.940631,51,122.755313
-0.985182,51,122.77385
-0.953064,51,122.792411
-0.917886,52,122.810914
-0.971271,51,122.828987
-0.975096,51,122.847548
-1.014503,51,122.865648
-1.07434,51,122.883358
-0.881501,51,122.90045
-0.956406,52,122.918236
-0.995646,51,122.935859
-1.010843,51,122.95392
-0.904225,51,122.971309
-0.851872,51,122.989613
-0.885591,52,123.00817
-0.986545,51,123.025776
-0.916888,52,123.044556
-0.976785,51,123.063102
-0.90947,51,123.081826
-0.923691,51,123.100126
-0.938229,51,123.118575
-0.976375,51,123.137676
-0.871449,51,123.466724
-1.112417,51,123.485722
-0.909011,51,123.504852
-0.863748,51,123.52371
-0.895705,51,123.542415
-0.959938,51,123.560526
-0.940239,51,123.578909
-0.869863,51,123.597113
-0.920895,51,123.615252
-0.988658,51,123.633501
-0.919327,51,123.651676
-0.936354,51,123.669928
-1.02543,51,123.688114
-1.001911,51,123.705916
-0.94259,52,123.724838
-0.852308,51,123.742748
-0.979975,51,123.760782
-0.740324,51,123.779142
-1.098636,52,123.798088
-0.938521,51,123.816662
-1.024021,51,123.835215
-1.070402,51,123.853804
-0.904322,52,123.872761
-0.928072,51,123.891277
-0.907261,51,123.90996
-0.846335,51,123.928938
-1.099934,51,123.946784
-1.011501,51,123.964931
-0.952236,51,123.982488
-0.976364,51,124.000489
-0.958919,51,124.018593
-0.96477,51,124.03685
-1.071636,51,124.054803
-0.882444,51,124.072906
-0.979064,51,124.090922
-0.871046,51,124.109801
-0.861713,51,124.12861
-0.878967,51,124.147413
-0.889304,51,124.166259
-1.062822,52,124.185088
-0.907349,52,124.516008
-0.834024,51,124.534227
-0.795447,51,124.552951
-0.929456,51,124.570788
-0.81603,51,124.589018
-0.862451,51,124.607193
-0.951093,51,124.625684
-0.95007,51,124.644214
-0.934799,51,124.662409
-1.025261,51,124.680465
-0.979648,51,124.698938
-0.929605,51,124.71745
-1.033187,52,124.736301
-0.892903,51,124.755197
-0.970208,51,124.772993
-1.031041,51,124.790726
-0.962445,51,124.808503
-0.866035,52,124.827174
-1.054672,51,124.845243
-0.926274,51,124.863368
-0.919726,51,124.881466
-1.142398,51,124.899928
-0.842476,51,124.918089
-0.912233,51,124.936635
-0.909185,52,124.955216
-0.851081,51,124.973053
-1.082445,51,124.990609
-0.882848,52,125.008715
-0.87631,51,125.026563
-0.917406,51,125.044431
-0.941405,51,125.0629
-0.87645,51,125.080799
-0.932461,51,125.09897
-0.922922,51,125.117126
-0.959122,51,125.134965
-1.017961,51,125.153652
-0.881622,51,125.171158
-1.157991,51,125.18894
-0.954702,51,125.206633
-0.976109,52,125.224746
-0.96418,51,125.546511
-0.934948,51,125.564718
-0.838956,51,125.58333
-1.031629,51,125.601862
-0.794277,51,125.62026
-0.926368,51,125.638626
-0.926223,52,125.657535
-0.838583,51,125.675202
-0.925811,51,125.69371
-1.029891,51,125.712201
-0.922162,51,125.730306
-0.898946,51,125.748739
-0.934042,51,125.767167
-0.882918,51,125.785457
-0.911523,51,125.804194
-0.89062,51,125.822096
-0.992485,51,125.839486
-1.0556,51,125.857326
-0.951421,52,125.875555
-0.85111,51,125.894121
-1.002343,51,125.912395
-0.924675,51,125.930417
-0.919066,51,125.948764
-0.918829,51,125.966939
-0.972539,51,125.985023
-0.996847,51,126.00323
-0.896597,51,126.021886
-0.983263,52,126.039322
-1.004956,51,126.05684
-1.006055,51,126.074695
-0.833083,51,126.09227
-0.986367,51,126.10988
-0.836716,51,126.127881
-1.008639,51,126.145683
-0.865269,51,126.163723
-0.855708,51,126.181684
-0.993444,51,126.200024
-1.041097,51,126.219023
-1.153387,51,126.236378
-0.907047,51,126.254137
-0.931436,51,126.586965
-0.932833,51,126.605744
-0.98046,51,126.624399
-0.818879,51,126.642738
-0.89157,51,126.661231
-1.002169,51,126.679877
-0.891954,51,126.699205
-0.977423,51,126.71819
-0.97853,51,126.737271
-0.974716,51,126.755981
-0.810701,51,126.774716
-0.982779,51,126.793374
-0.974774,51,126.812081
-0.839232,51,126.830779
-0.948758,51,126.85015
-0.815729,51,126.869078
-0.787521,51,126.8875
-0.890905,51,126.905908
-0.947186,51,126.924716
-0.95537,51,126.94306
-0.952178,51,126.961225
-0.936859,51,126.9797
-1.049462,51,126.997973
-0.882794,51,127.015905
-1.012298,51,127.033947
-1.075563,51,127.053165
-0.929576,51,127.071479
-0.846961,52,127.090373
-0.85052,51,127.108259
-1.017985,51,127.126329
-0.911359,51,127.144764
-1.044889,51,127.163045
-1.072657,51,127.181032
-0.8605,51,127.198857
-0.944835,51,127.217149
-0.861777,51,127.235496
-0.847193,51,127.253776
-0.919153,51,127.272538
-0.948672,51,127.29085
-0.989386,51,127.309561
-0.893388,51,127.642961
-0.940185,51,127.661894
-0.916387,51,127.680527
-0.948471,51,127.699146
-0.949741,51,127.717755
-1.06015,52,127.736691
-1.059139,51,127.75529
-0.852191,51,127.773866
-0.934648,51,127.792351
-0.885815,51,127.810879
-1.047136,51,127.82942
-0.969656,51,127.847983
-0.927658,51,127.866531
-1.10137,51,127.885089
-0.938977,52,127.904088
-0.806604,51,127.922721
-0.982208,51,127.941251
-0.96945,51,127.959304
-0.931746,51,127.977514
-0.791759,52,127.995917
-0.849317,51,128.014038
-0.890018,52,128.032533
-0.812823,52,128.051014
-0.874768,51,128.069522
-0.89848,51,128.087748
-0.969082,51,128.10579
-0.84084,51,128.123923
-0.970686,51,128.142365
-0.835843,51,128.160441
-0.839685,51,128.178136
-0.932193,52,128.195574
-0.991975,51,128.213015
-0.898495,51,128.23037
-0.863,52,128.2488
-0.953498,51,128.267085
-0.862037,51,128.285311
-0.920351,51,128.303544
-0.943551,51,128.321284
-0.774162,51,128.338567
-0.802592,51,128.356638
-0.831599,51,128.675163
-0.92643,51,128.693745
-0.913689,51,128.71202
-0.952585,52,128.730891
-0.930211,51,128.748068
-0.772202,51,128.765652
-0.959362,51,128.783175
-0.92951,51,128.801271
-0.89602,51,128.819442
-0.797104,51,128.837602
-0.93331,52,128.856539
-1.138804,51,128.874635
-0.890822,51,128.8932
-0.89984,51,128.911764
-0.88286,51,128.930254
-0.914599,51,128.948027
-0.719747,52,128.965508
-0.888219,51,128.983371
-0.891022,51,129.001018
-1.056443,51,129.019115
-0.954596,52,129.037672
-0.884322,51,129.056176
-0.803503,51,129.074288
-0.824713,51,129.092759
-1.055489,51,129.111066
-0.888328,51,129.129328
-0.849975,51,129.14741
-0.937371,51,129.164584
-0.883261,51,129.181664
-0.931552,51,129.199525
-1.012742,51,129.217201
-0.856318,51,129.235434
-0.887624,51,129.253365
-0.885452,51,129.271462
-1.046345,51,129.289672
-0.847513,52,129.308857
-0.85865,51,129.327132
-0.793762,52,129.346226
-1.000691,51,129.365243
-0.872102,51,129.383223
-0.918784,51,129.69905
-0.874692,51,129.717988
-1.01583,51,129.735849
-0.978292,51,129.754013
-0.785404,51,129.772135
-0.879665,51,129.789657
-0.855296,51,129.8069
-0.931495,51,129.825295
-0.767083,51,129.843283
-0.999353,51,129.860476
-1.013354,51,129.878173
-0.934858,51,129.896104
-0.941245,51,129.914185
-0.851725,51,129.932402
-0.814058,51,129.950782
-0.741688,51,129.968807
-0.945291,51,129.987223
-0.831624,52,130.006048
-0.865275,51,130.02414
-0.945153,51,130.043777
-0.98969,51,130.061509
-0.993253,51,130.079683
-0.930811,52,130.098657
-0.84745,52,130.117334
-0.915118,51,130.135548
-1.06958,51,130.153731
-0.86254,51,130.172301
-0.857345,51,130.190432
-1.012644,51,130.207756
-0.902282,52,130.225608
-0.900156,51,130.243829
-0.865216,51,130.261304
-0.902251,51,130.27982
-0.939604,52,130.299009
-0.842857,51,130.317778
-0.839539,51,130.3366
-0.839832,51,130.355473
-0.959992,51,130.374285
-0.858154,51,130.393005
-0.935655,51,130.411229
-0.9456,52,130.429725
-1.072595,51,130.746017
-1.071414,51,130.764117
-1.028617,51,130.782452
-0.927017,51,130.801141
-0.846387,51,130.819313
-0.806826,51,130.837219
-0.90728,51,130.854852
-0.830901,51,130.873064
-0.940425,51,130.890804
-0.913124,51,130.908916
-0.895232,52,130.92782
-0.900601,51,130.945468
-0.884052,52,130.963877
-0.824075,51,130.982395
-0.791454,51,131.000858
-1.014033,51,131.019318
-0.962328,52,131.037122
-0.778814,51,131.055082
-0.798692,51,131.073216
-0.851078,51,131.091398
-0.996018,51,131.109664
-0.952174,52,131.128176
-0.937081,51,131.146631
-0.838836,51,131.165081
-0.929296,52,131.183937
-0.886993,51,131.20244
-0.878024,51,131.220334
-0.93411,51,131.238107
-0.746095,51,131.255773
-0.798171,51,131.273854
-0.996796,51,131.291765
-0.840435,51,131.310374
-0.885557,51,131.329146
-0.907267,51,131.347998
-0.961592,51,131.366798
-0.932714,51,131.385609
-0.923162,51,131.404354
-0.855234,51,131.423116
-0.843269,51,131.441858
-0.93873,51,131.460478
-0.838933,51,131.776081
-0.857442,51,131.79417
-0.795596,51,131.812022
-0.919783,51,131.830227
-0.849677,51,131.848813
-1.000898,51,131.866981
-1.002516,51,131.885949
-0.909798,51,131.904014
-0.883399,51,131.921671
-0.848181,51,131.939717
-1.004988,51,131.95796
-0.846251,51,131.976522
-0.876444,51,131.994635
-0.955386,52,132.013297
-0.888028,51,132.031379
-0.899573,51,132.049976
-0.88489,51,132.068517
-0.893309,52,132.087539
-0.893923,51,132.106011
-0.89756,52,132.124938
-0.938329,51,132.143485
-0.82993,51,132.162062
-0.971622,51,132.180154
-0.994423,51,132.198617
-0.913278,51,132.217109
-0.92202,51,132.234506
-0.932218,51,132.252391
-1.161371,51,132.27059
-0.95518,51,132.288107
-0.889837,51,132.305598
-0.957856,51,132.323777
-0.784299,51,132.342064
-0.927212,51,132.360809
-0.962642,51,132.379508
-0.819708,51,132.398212
-0.893144,51,132.416972
-0.956735,51,132.435583
-0.844794,51,132.454062
-0.832937,51,132.472794
-0.862944,51,132.491417
-0.912412,51,132.805892
-0.963999,51,132.824672
-0.82554,51,132.842954
-0.77562,52,132.861889
-0.877793,51,132.880143
-0.982759,52,132.899955
-0.93038,51,132.918749
-0.772925,51,132.936973
-0.999339,51,132.955436
-0.817097,51,132.973838
-0.93486,51,132.992416
-0.855987,51,133.010414
-0.853208,51,133.028724
-0.901016,52,133.047292
-0.949049,51,133.065524
-0.804337,51,133.083649
-0.793055,51,133.101941
-0.812866,51,133.11916
-0.821938,51,133.137264
-0.949326,51,133.155007
-0.748688,51,133.173565
-0.933561,51,133.191638
-0.89996,51,133.209719
-0.897644,51,133.228156
-0.865501,51,133.245744
-0.795655,51,133.264327
-0.893973,51,133.282499
-0.988093,52,133.301082
-0.926414,51,133.318432
-0.887046,51,133.33649
-0.759756,51,133.355065
-0.939716,51,133.373863
-0.972722,51,133.392594
-0.85689,51,133.411279
-0.784055,51,133.430026
-0.803808,52,133.449254
-0.848968,51,133.46835
-0.859334,51,133.487063
-0.844995,51,133.505981
-0.751583,51,133.525041
-0.894673,52,133.842716
-0.72277,51,133.861399
-0.950759,51,133.880038
-0.856676,51,133.898608
-0.850212,51,133.917261
-0.872885,51,133.935844
-0.771175,52,133.954275
-0.893843,51,133.972414
-0.834089,51,133.990768
-1.058185,51,134.009165
-0.94131,51,134.026865
-0.831892,51,134.045314
-0.908911,52,134.063961
-1.13261,52,134.081826
-0.839237,51,134.098832
-0.824254,52,134.116745
-0.736152,51,134.133825
-0.934504,51,134.150913
-0.835636,51,134.167933
-0.934798,51,134.185479
-0.837568,51,134.203189
-0.820689,51,134.221632
-0.987092,51,134.240129
-1.016408,51,134.258853
-0.762182,52,134.276835
-0.833613,51,134.295331
-0.88399,51,134.313373
-0.885087,52,134.33201
-0.960625,51,134.34986
-1.118486,51,134.36722
-0.854033,51,134.385314
-1.038187,51,134.402899
-0.808224,51,134.421305
-0.850002,51,134.439742
-0.8412,51,134.457642
-0.873182,52,134.476269
-0.944171,52,134.495214
-0.931968,51,134.513222
-0.826571,51,134.531869
-0.853818,51,134.551728
-0.938604,51,134.86644
-0.8589,51,134.885071
-1.070401,51,134.903431
-0.732126,51,134.921665
-0.771728,52,134.940187
-0.811491,51,134.958277
-0.801555,51,134.977327
-0.879798,51,134.995252
-0.827294,51,135.013001
-0.842269,51,135.031639
-0.973012,51,135.050428
-0.954985,51,135.068555
-0.719498,51,135.087162
-0.805182,51,135.105239
-0.787374,51,135.12359
-0.925348,51,135.142211
-0.781891,52,135.161184
-0.850408,51,135.179701
-0.872842,51,135.197057
-0.903686,51,135.21489
-0.972742,51,135.232677
-0.908919,51,135.250734
-0.854535,51,135.268724
-0.848496,51,135.286431
-0.861686,51,135.304777
-0.894973,51,135.322971
-0.904502,51,135.341087
-0.871035,51,135.359131
-0.994136,51,135.377545
-0.981293,51,135.395525
-1.044694,51,135.413665
-0.921023,51,135.43272
-0.892595,51,135.451437
-0.908085,51,135.470019
-0.892436,51,135.489577
-0.724266,51,135.507506
-0.891091,51,135.526006
-0.894308,51,135.544901
-0.775096,51,135.563636
-1.021418,51,135.582889
-0.879501,52,135.89251
-0.75886,51,135.910623
-0.7997,51,135.928958
-1.003558,51,135.947189
-0.980932,51,135.965503
-0.998565,51,135.983678
-0.920136,51,136.002132
-0.903432,51,136.020277
-0.789356,51,136.03746
-0.9603,51,136.055359
-0.92998,51,136.073241
-0.906194,52,136.091705
-0.887547,51,136.110066
-0.991958,51,136.12828
-0.825974,51,136.146792
-0.818686,52,136.165674
-0.973147,51,136.183769
-0.918669,51,136.201804
-0.907945,51,136.219878
-0.792159,51,136.236938
-0.810398,51,136.254529
-0.7859,52,136.272429
-0.799483,51,136.29029
-0.908195,51,136.308163
-0.990183,51,136.32663
-0.929758,51,136.344738
-0.857544,51,136.363219
-0.810199,52,136.382025
-0.821745,52,136.400814
-0.815588,51,136.419285
-1.070629,51,136.438088
-0.852461,52,136.457199
-0.778866,51,136.475838
-0.871571,51,136.494578
-0.85623,51,136.513353
-0.873053,51,136.532106
-0.801735,51,136.550839
-0.803544,51,136.569554
-0.889355,51,136.588208
-0.791095,51,136.607435
-0.858457,51,136.917133
-0.933804,51,136.935921
-0.860735,51,136.954081
-0.799661,51,136.97262
-0.866898,51,136.990379
-0.911304,51,137.008124
-0.885485,52,137.026029
-0.806405,51,137.044297
-0.926991,52,137.063567
-0.785728,51,137.081965
-0.879312,51,137.100109
-0.78387,51,137.11803
-0.832625,51,137.136299
-0.965185,51,137.154221
-0.931603,51,137.172344
-0.845345,51,137.19038
-0.86024,51,137.208061
-0.890434,51,137.226191
-0.840455,52,137.245092
-0.973653,51,137.262847
-0.958346,51,137.279931
-0.926339,52,137.298088
-0.766356,51,137.316075
-0.87935,51,137.334385
-0.903496,51,137.352478
-0.760138,52,137.370847
-0.918973,51,137.388509
-0.929091,51,137.407034
-0.818852,51,137.425114
-1.034731,51,137.443886
-1.029837,51,137.462676
-0.927344,51,137.480442
-0.84222,51,137.498123
-0.883131,51,137.516081
-0.954959,51,137.53485
-0.790317,52,137.554023
-0.86591,51,137.572787
-0.885531,51,137.591627
-0.913653,51,137.610256
-0.824653,51,137.629275
-0.92049,51,137.937576
-0.912887,51,137.956021
-0.861956,51,137.974418
-0.825879,51,137.992574
-0.830804,51,138.010711
-1.11154,51,138.028915
-0.830283,51,138.047438
-0.822554,52,138.065927
-0.920764,51,138.083661
-0.829757,51,138.101919
-0.89978,51,138.118958
-0.836916,52,138.136777
-0.859693,51,138.154626
-0.885017,51,138.172662
-0.994091,51,138.191132
-0.863276,51,138.209671
-0.880615,51,138.228173
-0.753493,51,138.246266
-0.997585,51,138.264412
-0.815412,52,138.282121
-0.789669,52,138.299477
-0.901784,51,138.317104
-0.889204,51,138.334678
-0.813307,51,138.35277
-0.921534,51,138.370653
-0.754878,51,138.388899
-0.819111,51,138.406731
-0.881503,51,138.424648
-0.874862,51,138.44329
-0.831236,51,138.462078
-0.792601,51,138.480825
-0.869044,51,138.499602
-0.933862,51,138.518395
-0.781633,51,138.536902
-0.839335,51,138.555446
-0.803494,51,138.573527
-0.917704,51,138.592033
-0.862913,51,138.610281
-0.872131,51,138.628615
-0.793636,52,138.647802
-0.855996,52,138.96073
-0.835276,52,138.979438
-0.759363,52,138.998085
-0.771562,51,139.016305
-0.850845,51,139.034801
-0.928806,51,139.053227
-0.838356,51,139.071677
-1.003399,51,139.090175
-0.947487,51,139.108669
-0.799525,51,139.127151
-0.792382,51,139.146056
-0.800698,52,139.16449
-0.94297,51,139.182463
-0.869384,52,139.201182
-0.88678,51,139.219158
-1.011752,51,139.237243
-0.840069,51,139.255718
-0.892915,51,139.27389
-0.781608,51,139.291708
-0.910349,51,139.309608
-0.866657,51,139.327709
-0.915035,51,139.345789
-0.839243,51,139.363775
-0.90304,51,139.381803
-1.061868,51,139.399851
-0.748726,51,139.418322
-0.980548,51,139.436426
-0.812787,51,139.454404
-1.028026,52,139.473497
-0.920179,51,139.491764
-0.899565,51,139.510467
-1.147376,51,139.529134
-0.992122,51,139.547978
-0.904298,52,139.566532
-0.919457,51,139.584757
-0.899853,51,139.602778
-1.005796,51,139.621411
-0.924981,51,139.640145
-0.808322,51,139.659135
-1.072717,52,139.677989
-0.825741,51,139.986625
-0.859779,51,140.004963
-0.844889,51,140.022893
-0.80088,51,140.041225
-0.740063,52,140.059696
-0.868513,51,140.078294
-0.883257,51,140.09643
-0.729785,51,140.114964
-0.771504,51,140.133055
-0.926548,52,140.151468
-0.896006,51,140.169511
-0.844958,51,140.186564
-0.913288,52,140.204077
-0.786162,51,140.221761
-0.991052,51,140.239359
-1.084027,51,140.257093
-0.800741,51,140.275013
-0.83586,51,140.293198
-0.868785,51,140.310271
-0.830465,52,140.328449
-0.781731,51,140.346498
-0.996145,51,140.364573
-0.808441,51,140.382681
-0.948317,51,140.401058
-0.714799,51,140.419599
-0.917897,52,140.438144
-0.890911,51,140.456561
-1.034057,51,140.475215
-0.862202,51,140.493761
-0.833157,51,140.511924
-0.839439,51,140.530183
-0.950397,51,140.548907
-0.89572,51,140.567698
-0.868611,51,140.586554
-0.845097,51,140.605362
-0.907659,51,140.624193
-0.893501,52,140.64341
-0.86823,51,140.662236
-0.8001,51,140.680965
-0.881533,52,140.700488
-0.838062,51,141.014347
-0.731643,51,141.032351
-0.948838,52,141.050554
-0.788665,51,141.068739
-0.799742,51,141.086979
-0.892215,52,141.105986
-0.79375,52,141.12456
-0.935221,51,141.143157
-0.958418,51,141.16174
-0.961362,52,141.180697
-0.895033,51,141.199325
-0.820958,52,141.218477
-1.010325,52,141.237044
-0.95646,51,141.255579
-0.740611,52,141.274055
-0.928971,51,141.292605
-0.744508,52,141.31119
-0.792062,51,141.328454
-0.905439,51,141.34638
-0.862477,51,141.364374
-1.02508,51,141.382609
-0.787554,51,141.400736
-0.867959,51,141.418883
-0.847316,51,141.436467
-0.906326,51,141.454036
-0.88399,51,141.471897
-0.734218,51,141.489927
-0.841213,51,141.508723
-0.891131,51,141.527174
-0.790518,51,141.545982
-0.942404,51,141.564748
-0.780811,51,141.583633
-0.767667,51,141.60241
-0.817832,51,141.621138
-0.86583,51,141.639857
-0.890009,51,141.658205
-0.818025,51,141.676631
-0.850276,52,141.695517
-0.95675,52,141.714536
-0.83979,51,141.733925
-0.784466,51,142.042863
-0.739364,51,142.062163
-0.958254,51,142.080391
-0.820427,51,142.09858
-0.817174,51,142.11668
-0.981535,51,142.135198
-0.851522,51,142.153682
-0.894939,51,142.171738
-0.889419,51,142.190195
-0.794366,52,142.20909
-0.833223,51,142.227511
-0.78568,51,142.245781
-0.842683,51,142.26429
-0.810925,51,142.28269
-1.228937,51,142.300894
-0.856378,51,142.318241
-0.920923,51,142.335926
-0.942924,51,142.354079
-0.716935,51,142.3723
-0.836942,51,142.390338
-0.766962,52,142.408839
-0.765841,51,142.427459
-0.916319,52,142.446008
-0.790321,52,142.464928
-0.767096,51,142.483394
-0.784696,51,142.501427
-0.816578,51,142.520099
-0.849945,52,142.539292
-0.849303,51,142.557992
-0.846089,51,142.576761
-0.757954,51,142.596021
-0.780721,51,142.614799
-0.85782,51,142.633988
-0.820616,51,142.652824
-0.792634,52,142.672971
-0.817729,51,142.692253
-1.051388,51,142.711201
-0.889388,51,142.730118
-0.819047,52,142.749951
-0.803142,51,142.769729
-0.909485,51,143.075578
-0.764948,51,143.094292
-0.735298,51,143.11157
-0.847138,51,143.128737
-0.812247,51,143.146482
-0.880797,51,143.165221
-0.763881,51,143.188347
-0.988145,51,143.208135
-0.862215,52,143.226958
-0.695771,51,143.245079
-0.696419,51,143.263673
-0.865866,51,143.28159
-0.778752,51,143.300515
-0.875271,51,143.319045
-0.776545,51,143.336998
-0.824944,51,143.355682
-0.853345,51,143.373851
-0.93316,51,143.392065
-0.811631,52,143.410989
-0.851344,51,143.429505
-0.862264,51,143.447992
-0.926632,52,143.466855
-0.938967,51,143.484903
-0.759593,51,143.502975
-0.853993,51,143.52122
-0.82399,51,143.539455
-0.785249,51,143.558328
-0.90688,51,143.57722
-0.755017,51,143.596061
-0.815612,51,143.614816
-0.88289,52,143.633983
-0.755841,51,143.652845
-0.798398,51,143.671682
-0.748165,51,143.690489
-0.741281,51,143.709264
-0.947128,51,143.727267
-0.853897,51,143.745137
-0.917989,51,143.763168
-0.820748,51,143.781862
-0.74112,51,143.801211
-0.895892,51,144.106378
-1.039736,51,144.125113
-0.848571,51,144.144084
-0.803273,51,144.162418
-0.86179,51,144.180877
-0.919992,51,144.199199
-0.954615,51,144.217489
-0.851809,51,144.236094
-0.72685,52,144.255053
-0.824862,51,144.273617
-0.790146,51,144.291807
-0.796915,51,144.310345
-0.943215,51,144.328916
-0.785602,51,144.347742
-0.772855,52,144.366423
-0.766029,51,144.384659
-0.758144,51,144.403329
-0.867184,51,144.42189
-0.729366,51,144.44033
-0.748467,51,144.458635
-0.887522,51,144.476733
-0.769919,51,144.494926
-0.825893,51,144.513489
-0.875741,51,144.531648
-0.9868,51,144.550034
-0.721963,52,144.568014
-0.830118,52,144.58618
-0.838151,52,144.605249
-0.888134,51,144.623229
-0.818894,51,144.641978
-0.751271,51,144.660715
-0.879961,51,144.679471
-0.88042,52,144.69864
-0.776237,51,144.717377
-0.891378,51,144.736127
-0.76716,51,144.754861
-0.801714,51,144.773207
-0.822402,51,144.790785
-0.942314,51,144.809045
-0.814882,52,144.827473
-0.808967,51,145.128667
-0.742617,51,145.146995
-0.893198,51,145.165589
-0.880072,51,145.18381
-0.820383,51,145.201769
-0.922298,51,145.2197
-0.842527,51,145.237905
-0.796094,52,145.256543
-0.739462,51,145.274498
-0.994292,51,145.292219
-0.849974,51,145.310644
-0.917186,51,145.328943
-0.799633,51,145.346359
-0.829165,51,145.364148
-0.892363,51,145.381841
-0.799912,51,145.400278
-0.9189,51,145.418337
-0.844743,51,145.436731
-0.806118,51,145.454968
-0.858757,51,145.472775
-0.810508,51,145.491505
-0.802849,51,145.509244
-0.801606,51,145.527101
-0.854876,52,145.545532
-0.853743,51,145.563927
-0.882889,51,145.582816
-0.952982,51,145.601789
-0.781765,51,145.620765
-0.942543,51,145.639646
-0.782835,51,145.658081
-0.848547,51,145.676835
-0.907746,51,145.69564
-0.933658,51,145.714515
-0.862258,51,145.733735
-0.754556,51,145.752403
-0.758671,51,145.771072
-0.862425,51,145.789805
-0.750398,51,145.808984
-0.804359,51,145.827597
-0.829384,51,145.846302
-0.727315,52,146.154234
-0.822631,51,146.173036
-0.870425,51,146.19152
-1.049983,51,146.21002
-0.995946,51,146.228623
-0.877605,51,146.247575
-0.861581,51,146.266328
-0.81293,51,146.284944
-0.826732,51,146.30346
-0.841385,51,146.321967
-0.886883,51,146.340471
-0.753588,51,146.358541
-0.716618,51,146.377046
-0.849273,51,146.395103
-0.828894,51,146.413611
-0.705714,52,146.432033
-0.896193,52,146.450862
-0.791469,51,146.469313
-0.896619,51,146.487439
-0.938479,51,146.505362
-0.779841,51,146.523515
-0.803552,52,146.542276
-0.740975,51,146.560642
-0.744732,51,146.578975
-0.705699,51,146.597579
-0.787162,51,146.615882
-0.854549,52,146.634924
-0.870509,51,146.653592
-0.85101,51,146.671922
-0.956678,51,146.689896
-0.78851,51,146.708623
-0.915096,51,146.727008
-0.726573,51,146.745357
-0.791968,51,146.763668
-0.847491,52,146.782774
-0.844143,51,146.801521
-0.857661,51,146.820288
-0.706673,52,146.839389
-0.911801,51,146.85792
-1.013073,51,146.876417
-0.807279,51,147.177839
-0.805582,51,147.196693
-0.85209,51,147.215212
-0.768962,51,147.233575
-0.828119,51,147.251803
-0.770615,51,147.270392
-0.773889,51,147.28853
-0.835018,51,147.30609
-0.765791,51,147.323604
-0.965484,51,147.341486
-0.865591,51,147.358648
-0.767938,51,147.376763
-0.938373,51,147.394925
-0.756649,51,147.413467
-0.707249,51,147.431322
-0.840967,51,147.449635
-0.817004,51,147.468152
-0.825631,51,147.486257
-1.022394,52,147.504306
-0.75058,51,147.522052
-0.860787,51,147.539503
-0.834666,51,147.557643
-0.883791,51,147.575531
-0.786592,51,147.593724
-0.932088,51,147.612497
-0.782072,51,147.630947
-0.864879,51,147.649353
-0.726844,51,147.668067
-0.72594,51,147.686762
-0.825767,51,147.705102
-0.884059,51,147.723071
-0.872123,51,147.741144
-0.852329,51,147.758802
-0.827898,52,147.777499
-0.746567,51,147.796287
-0.710566,51,147.814548
-0.851284,51,147.832974
-0.733868,51,147.851648
-0.773289,51,147.869595
-0.893084,51,147.888289
-0.920429,51,148.192534
-0.91909,52,148.211301
-0.740977,51,148.229462
-0.749894,51,148.247932
-1.008298,51,148.265962
-0.896422,51,148.284286
-0.867612,51,148.301964
-0.815401,52,148.320895
-0.742303,51,148.338411
-0.744279,51,148.355584
-0.859067,51,148.373085
-0.758507,52,148.391103
-0.844772,51,148.40911
-0.907255,51,148.427122
-0.916686,51,148.445035
-0.933559,51,148.462766
-0.775739,51,148.481122
-0.788567,51,148.49904
-0.970479,51,148.517075
-0.99994,51,148.535435
-0.782971,51,148.552598
-0.815329,51,148.56963
-0.898871,51,148.5869
-0.834403,51,148.604961
-0.849914,51,148.623238
-0.769788,51,148.641629
-0.820954,52,148.660168
-0.79988,51,148.678891
-0.892597,51,148.697637
-0.740885,51,148.716331
-0.83207,51,148.735104
-0.786639,51,148.75307
-0.852575,51,148.770385
-0.818478,51,148.788409
-0.847134,51,148.806033
-0.907426,51,148.824055
-0.936151,51,148.842364
-1.02215,51,148.860819
-0.713574,51,148.879042
-0.817636,51,148.897401
-0.935073,51,149.195343
-0.908352,51,149.213453
-0.746612,51,149.231537
-0.717572,51,149.249517
-0.74694,51,149.267959
-0.881202,51,149.286109
-0.822208,51,149.303919
-0.835263,51,149.322307
-0.744398,51,149.340744
-0.795446,52,149.35918
-0.748332,51,149.37761
-0.908069,51,149.396007
-0.818266,51,149.413971
-0.931237,51,149.432359
-0.899154,51,149.450523
-0.821006,51,149.468686
-0.802608,51,149.486815
-0.869279,51,149.50429
-0.741084,51,149.522002
-0.759158,51,149.539986
-0.778146,51,149.557988
-0.817944,51,149.576726
-0.858058,51,149.594937
-0.938885,51,149.612405
-0.746396,51,149.630632
-0.789448,51,149.648931
-0.865169,51,149.667371
-0.795599,51,149.686109
-0.769234,51,149.704891
-0.865708,51,149.723251
-0.75977,51,149.741957
-0.719884,51,149.760685
-0.878583,51,149.779282
-0.751024,51,149.796567
-0.803103,51,149.814295
-0.865869,51,149.833077
-0.765988,51,149.851455
-0.726044,51,149.868819
-0.773444,51,149.885967
-0.856416,51,149.903787
-0.800774,51,149.922138
-0.779623,51,150.225036
-0.770512,51,150.243335
-0.808245,51,150.261498
-0.868761,51,150.279601
-0.692266,51,150.297823
-0.802318,51,150.3163
-0.870957,51,150.334422
-0.841225,51,150.352528
-0.873564,52,150.371417
-0.784975,51,150.389044
-0.810046,51,150.407005
-0.765963,51,150.424977
-0.898448,52,150.443359
-0.876694,51,150.461359
-0.848687,51,150.480381
-0.735951,51,150.498112
-0.72393,51,150.515579
-0.84675,51,150.533673
-1.006534,51,150.551632
-0.919076,51,150.569996
-0.723468,51,150.58849
-0.758814,51,150.60658
-0.901034,52,150.625179
-0.852583,51,150.64326
-0.940803,51,150.661215
-0.740163,51,150.679844
-0.797639,51,150.698307
-0.842316,52,150.717409
-0.777927,51,150.736143
-0.882949,51,150.754051
-0.708171,51,150.772748
-0.80609,51,150.791034
-0.926179,51,150.809777
-0.782591,51,150.828488
-0.806595,51,150.847217
-0.828293,51,150.865859
-0.734671,51,150.884509
-0.774644,51,150.902843
-0.803355,51,150.921315
-0.770184,52,150.940384
-0.849499,51,151.246658
-0.744359,52,151.265155
-0.879044,51,151.283221
-0.755499,52,151.301418
-0.81777,51,151.319585
-0.925734,51,151.33776
-0.868907,51,151.355804
-0.800518,51,151.37424
-0.79514,51,151.391952
-0.973957,51,151.409756
-0.728148,51,151.42744
-0.857078,51,151.445084
-0.903152,52,151.463552
-0.851925,51,151.482001
-0.873259,51,151.500439
-0.833318,51,151.518466
-0.716616,51,151.536474
-0.873007,51,151.554766
-0.749342,51,151.572865
-0.84316,51,151.591229
-0.892269,51,151.609225
-0.828373,51,151.627604
-0.768542,52,151.646063
-0.785017,51,151.664846
-0.850628,51,151.682891
-0.757378,51,151.705263
-0.736397,51,151.732486
-0.764956,51,151.755064
-0.817039,51,151.779476
-0.758506,51,151.802321
-0.90027,51,151.822058
-0.757325,51,151.841311
-0.824403,51,151.859821
-0.812041,51,151.878399
-0.762404,51,151.896845
-0.782227,51,151.915145
-0.75172,51,151.933225
-0.891215,51,151.951326
-0.844178,51,151.969768
-0.853,51,151.988522
-0.804264,51,152.300405
-0.965195,51,152.319008
-0.806223,51,152.337376
-0.767044,51,152.355173
-0.867031,51,152.373385
-0.80199,51,152.390697
-0.798582,51,152.408818
-0.897403,51,152.425933
-1.036871,51,152.443446
-0.740556,51,152.461666
-0.716216,51,152.480263
-0.870347,51,152.498405
-0.756384,51,152.518848
-0.781766,51,152.537242
-0.882703,51,152.555567
-0.760097,52,152.5743
-0.96689,51,152.592796
-0.755386,51,152.611281
-0.779582,52,152.630124
-0.806982,52,152.649408
-0.854691,51,152.66683
-0.824757,51,152.684009
-0.744277,51,152.702584
-0.830175,52,152.721877
-0.7798,51,152.739406
-0.769846,51,152.758223
-0.769492,51,152.776752
-0.839026,51,152.795471
-0.837903,51,152.814289
-0.672918,51,152.833053
-0.743001,51,152.851847
-1.019357,51,152.870652
-0.757349,51,152.889432
-0.794992,51,152.908166
-0.775888,51,152.927696
-0.791956,51,152.947057
-0.848656,51,152.965697
-0.861779,51,152.984173
-0.853093,51,153.002625
-0.771011,51,153.020812
-0.720263,51,153.319458
-0.76331,51,153.338129
-0.730267,51,153.355305
-0.730195,51,153.37279
-0.898569,51,153.390919
-0.78136,51,153.409015
-0.774475,51,153.42709
-0.849264,51,153.445204
-0.78362,51,153.463285
-0.840871,51,153.481375
-0.793135,51,153.499719
-0.822352,51,153.517882
-0.81034,51,153.53637
-0.776482,51,153.555366
-0.875778,51,153.572981
-0.909727,51,153.590826
-0.742874,51,153.608727
-0.794415,52,153.627202
-0.915991,51,153.644838
-0.770701,51,153.663282
-0.982919,51,153.681277
-0.705199,51,153.699171
-0.793117,51,153.717491
-0.764403,51,153.736288
-0.797676,51,153.754998
-0.902375,51,153.773427
-0.96999,51,153.7922
-0.701701,51,153.810534
-0.814411,51,153.829296
-0.816162,51,153.848059
-0.780302,51,153.866778
-0.839256,51,153.885472
-0.745434,51,153.904186
-0.812896,51,153.922901
-0.7813,51,153.942129
-0.758517,51,153.961249
-0.727886,51,153.979579
-0.725476,51,153.997853
-0.879957,51,154.015911
-0.855272,51,154.034295
-0.746592,51,154.34414
-0.750305,52,154.363114
-0.818699,51,154.38212
-0.746959,51,154.399578
-0.835332,51,154.417095
-0.672254,51,154.434702
-0.76908,51,154.452482
-0.814362,51,154.470349
-0.79825,51,154.488276
-0.849853,51,154.50645
-0.83162,51,154.524817
-0.824991,51,154.542509
-0.878188,51,154.560883
-0.83093,51,154.579211
-0.839138,51,154.597329
-0.779633,51,154.614354
-0.711336,52,154.632013
-1.026162,51,154.64974
-0.852177,51,154.667814
-0.745615,51,154.68554
-0.693442,51,154.703688
-0.887314,51,154.721623
-0.807804,51,154.740068
-0.850531,52,154.758911
-0.769949,51,154.777192
-0.779433,51,154.795566
-0.828931,51,154.81297
-0.874155,51,154.831222
-0.737246,51,154.849725
-0.788587,51,154.868124
-0.802907,51,154.886702
-0.92185,52,154.905492
-0.905081,51,154.924261
-0.759775,51,154.942921
-0.870657,51,154.961567
-0.846266,51,154.980187
-0.766556,51,154.998636
-0.841193,51,155.016049
-0.851428,51,155.033851
-0.740798,51,155.051567
-0.728702,51,155.370492
-0.746759,51,155.388933
-0.933504,51,155.407529
-0.922407,51,155.425506
-0.78856,51,155.442652
-0.746004,52,155.461153
-0.857314,51,155.479289
-0.698947,51,155.497849
-0.840178,51,155.515491
-0.86553,51,155.533498
-0.702499,51,155.551259
-0.730778,51,155.569302
-0.865883,51,155.587508
-0.707201,51,155.605983
-0.837868,51,155.624626
-0.836915,51,155.643316
-0.772411,51,155.669317
-0.847816,51,155.694886
-0.814094,51,155.721944
-0.773552,51,155.743479
-0.792417,51,155.761695
-0.820126,51,155.781108
-0.758288,51,155.803146
-0.735545,52,155.82217
-0.909939,52,155.840414
-0.813464,51,155.859003
-0.919128,51,155.877096
-0.843076,52,155.896205
-0.698458,51,155.915001
-0.883615,51,155.933623
-0.850146,52,155.952723
-0.70889,51,155.971439
-0.691416,51,155.990159
-0.731873,51,156.008482
-0.769515,51,156.026867
-0.801571,51,156.045659
-0.708161,51,156.063161
-0.7984,51,156.082296
-0.77593,51,156.100178
-0.777157,52,156.118806
-0.883739,51,156.431753
-0.823488,51,156.449994
-0.887432,51,156.468304
-0.875926,51,156.486059
-0.853415,51,156.504112
-0.676085,51,156.522598
-0.814733,51,156.541025
-0.727012,51,156.559468
-0.772297,51,156.577774
-0.806777,51,156.596197
-0.775087,51,156.614563
-0.718747,51,156.632922
-0.689811,51,156.650875
-0.84976,51,156.66976
-0.796781,51,156.687077
-0.732697,51,156.705128
-0.673602,52,156.723663
-0.834578,51,156.742093
-0.835889,51,156.76005
-0.756305,51,156.777817
-0.899276,51,156.796247
-0.811435,51,156.814523
-0.742439,51,156.833265
-0.832887,51,156.85199
-0.828787,51,156.8708
-0.749941,52,156.889047
-0.905595,51,156.906376
-0.822452,51,156.924475
-0.749163,51,156.942936
-0.859222,51,156.961263
-0.815263,51,156.979717
-0.824165,52,156.998445
-0.835004,51,157.01714
-0.779047,51,157.035438
-0.834936,51,157.054194
-0.719762,52,157.072821
-0.832232,51,157.091335
-0.999401,51,157.10967
-0.706516,51,157.1279
-0.784122,51,157.146227
-0.857468,51,157.465521
-0.759428,51,157.483798
-0.735837,52,157.502826
-0.701596,51,157.521365
-0.770412,51,157.539407
-0.744184,51,157.558007
-0.776258,51,157.577622
-0.735957,51,157.598868
-0.821423,51,157.620176
-0.786784,51,157.64341
-0.811729,52,157.664013
-0.911315,52,157.682365
-0.735994,51,157.70029
-0.716107,51,157.718393
-0.822182,52,157.736514
-0.789363,51,157.75944
-0.801811,51,157.777641
-0.925689,51,157.795663
-0.842924,51,157.814354
-0.709235,51,157.832602
-0.881279,51,157.850803
-0.813162,51,157.869276
-0.804633,51,157.887692
-0.700449,51,157.907439
-0.734926,52,157.926878
-0.779478,51,157.94583
-0.833568,51,157.964107
-0.879658,52,157.98374
-0.818266,52,158.002877
-0.85073,51,158.021999
-0.793505,51,158.041066
-0.785232,51,158.05967
-0.805074,51,158.081281
-0.776444,51,158.099354
-0.880861,51,158.117506
-0.869388,51,158.134984
-0.872592,51,158.153509
-0.814187,51,158.171667
-0.800158,51,158.189965
-0.701456,51,158.208316
-0.753315,51,158.516072
-0.755423,51,158.534914
-0.784482,52,158.553485
-0.777961,51,158.570538
-0.717748,51,158.588024
-0.759428,52,158.606914
-0.755545,51,158.624995
-0.742318,52,158.64382
-0.837388,51,158.66191
-0.832511,51,158.680337
-0.829179,51,158.698332
-0.698603,51,158.716718
-0.766288,51,158.735233
-0.751449,51,158.753729
-0.810731,51,158.771122
-0.855496,51,158.788589
-0.859294,52,158.806747
-0.767141,51,158.824602
-0.846033,51,158.842585
-0.860741,52,158.861389
-0.857008,51,158.879471
-0.84917,51,158.897862
-0.766192,51,158.916292
-0.657637,51,158.93509
-0.723872,51,158.953874
-0.890304,51,158.972688
-0.734819,51,158.990142
-0.745916,51,159.008848
-0.779867,51,159.02755
-0.881228,51,159.045894
-0.757235,51,159.064536
-0.870624,51,159.083182
-0.820033,51,159.101894
-0.735287,51,159.120594
-0.767151,52,159.139675
-0.85448,51,159.158338
-0.882647,51,159.177293
-0.709434,52,159.194694
-0.810966,52,159.212751
-1.010977,51,159.230782
-0.769437,51,159.528369
-0.679745,52,159.546662
-0.804399,51,159.564531
-0.729537,51,159.582708
-0.814331,51,159.600801
-0.843483,51,159.618875
-0.780707,52,159.637387
-0.844439,52,159.656228
-0.733636,51,159.674218
-0.897387,51,159.692249
-0.845301,51,159.709688
-0.772361,51,159.726954
-0.729139,51,159.744872
-0.888152,51,159.762461
-0.760686,51,159.780719
-0.771278,51,159.799043
-0.733934,51,159.817017
-0.793684,51,159.834526
-0.710535,51,159.851562
-0.743632,51,159.869312
-0.806683,51,159.887057
-0.820318,51,159.904927
-0.803266,52,159.923189
-0.832535,51,159.942055
-0.690499,51,159.960874
-0.744757,51,159.979723
-0.812898,51,159.998721
-0.777783,51,160.017746
-0.830952,51,160.037852
-0.674057,51,160.057158
-0.719833,51,160.076133
-0.716048,51,160.095077
-0.893606,51,160.114303
-0.903146,51,160.133436
-0.789536,51,160.152133
-0.794019,51,160.171609
-0.832965,52,160.19089
-0.750253,51,160.209518
-0.733979,51,160.22789
-0.794145,51,160.245932
-0.705715,51,160.555732
-0.758163,51,160.574487
-0.695078,51,160.593018
-0.874249,51,160.61118
-0.748277,52,160.630042
-0.755698,52,160.648954
-0.776922,51,160.667853
-0.864682,51,160.68647
-0.790326,51,160.704789
-0.870509,51,160.722955
-0.834289,51,160.741125
-0.815058,51,160.75943
-0.83261,51,160.777477
-0.782499,51,160.795903
-0.863164,51,160.813905
-0.832938,51,160.832342
-0.830887,52,160.851079
-0.698839,51,160.868951
-0.686076,51,160.885986
-0.793901,51,160.903001
-0.725348,51,160.920581
-0.65139,51,160.93851
-0.757242,51,160.956825
-0.821326,51,160.975583
-0.779243,52,160.994673
-0.743008,52,161.013758
-0.813051,51,161.032474
-0.691283,51,161.051154
-0.752546,51,161.06987
-0.821466,51,161.087373
-0.738653,51,161.105537
-0.686508,51,161.124202
-0.773293,51,161.142525
-0.952624,51,161.161165
-0.766669,51,161.179787
-0.896424,51,161.198481
-0.815595,51,161.216745
-0.673617,51,161.234548
-0.819948,51,161.252451
-0.798914,51,161.270717
-0.87086,51,161.576135
-0.708175,52,161.595125
-0.777241,52,161.614147
-1.004161,51,161.632723
-0.879526,51,161.650855
-0.918929,51,161.669425
-0.845477,51,161.687882
-0.77642,51,161.706287
-0.823358,51,161.724769
-0.782113,51,161.743252
-0.785449,51,161.761619
-0.737874,51,161.77962
-0.792685,51,161.79803
-0.79447,51,161.816467
-0.907481,51,161.834524
-0.709573,51,161.852928
-0.83669,51,161.871352
-0.781672,51,161.88975
-0.793971,52,161.908867
-0.711681,51,161.927173
-0.750667,51,161.944886
-0.815095,52,161.963061
-0.78086,51,161.981289
-0.772899,51,161.999603
-0.800585,51,162.018384
-0.797884,51,162.036353
-0.794111,51,162.054564
-0.763542,51,162.073016
-0.773994,52,162.092104
-0.85787,51,162.11037
-0.799055,52,162.128964
-0.987164,51,162.146971
-0.759942,51,162.165488
-0.783351,51,162.184033
-0.678132,52,162.20317
-0.855918,51,162.221814
-0.840119,51,162.240251
-0.750836,52,162.259107
-0.761841,51,162.277537
-0.810008,51,162.295944
-0.735233,51,162.598477
-0.919319,51,162.617311
-0.726945,51,162.635538
-0.759224,51,162.653676
-0.701713,51,162.671862
-0.840975,51,162.689842
-0.785086,51,162.708405
-0.820193,51,162.726972
-0.866657,51,162.745456
-0.782899,51,162.763076
-0.74953,51,162.780676
-0.705719,51,162.79874
-0.800882,51,162.81671
-0.779679,51,162.834768
-0.78729,52,162.853633
-0.857369,52,162.872483
-0.816124,51,162.89056
-0.770929,51,162.908617
-0.793951,52,162.927454
-0.728174,51,162.945268
-0.853184,52,162.963429
-0.855535,51,162.981682
-0.887638,51,162.999479
-0.779316,51,163.017804
-0.89517,51,163.036092
-0.943083,51,163.054732
-0.797741,51,163.072664
-0.737739,51,163.091389
-0.814539,51,163.110061
-0.764051,52,163.128705
-0.773683,52,163.147417
-0.846515,51,163.166519
-0.8753,51,163.183981
-0.753425,51,163.201953
-0.767979,51,163.220665
-0.77286,51,163.238813
-0.781779,51,163.256896
-0.764664,51,163.274754
-0.850301,52,163.293152
-0.702389,51,163.311507
-0.77495,51,163.620183
-0.727126,52,163.638792
-0.806165,51,163.656926
-0.712687,51,163.674914
-0.682627,51,163.693362
-0.826985,51,163.711421
-0.682507,51,163.729365
-0.878606,51,163.748651
-0.798867,51,163.767092
-0.787482,51,163.785362
-0.72005,51,163.803899
-0.807373,51,163.822836
-0.745902,51,163.841444
-0.840072,51,163.859947
-0.714225,51,163.878343
-0.757076,51,163.896791
-0.761179,51,163.915252
-0.858562,52,163.93367
-0.771796,51,163.951851
-0.818709,52,163.970243
-0.850985,51,163.9886
-0.830741,51,164.007222
-0.757659,51,164.025934
-0.69473,51,164.044703
-0.773983,52,164.063793
-0.801056,51,164.082492
-0.695803,51,164.101218
-0.813178,51,164.119955
-0.746994,51,164.13863
-0.812262,51,164.157279
-0.810329,51,164.175976
-0.835421,51,164.194657
-0.796456,51,164.212934
-0.706615,51,164.230782
-0.822898,51,164.249006
-0.902873,51,164.266804
-0.667026,51,164.284841
-0.823397,51,164.302882
-0.9824,51,164.320869
-0.736839,51,164.339052
-0.685582,51,164.646391
-0.800302,51,164.664783
-0.811731,51,164.683449
-0.866661,51,164.70167
-0.964417,51,164.720161
-0.760368,51,164.738282
-0.773516,51,164.756577
-0.72737,51,164.775028
-0.727307,51,164.792768
-0.849339,51,164.810898
-0.709843,51,164.829429
-0.754954,51,164.847126
-0.830002,51,164.865161
-0.811815,51,164.883441
-0.783823,51,164.902036
-0.720165,51,164.92043
-0.720689,52,164.93923
-0.802453,51,164.957238
-0.670562,51,164.975724
-0.775552,51,164.994111
-0.811932,51,165.012133
-0.853843,51,165.030807
-0.793417,51,165.048975
-0.842458,51,165.067375
-0.681162,51,165.085204
-0.759066,51,165.103409
-0.721606,51,165.121774
-0.776055,52,165.140832
-0.918919,51,165.15916
-0.816641,51,165.177452
-0.741025,52,165.196283
-0.770126,51,165.214803
-0.731094,51,165.23345
-0.749775,51,165.251844
-0.699528,51,165.269566
-0.754834,51,165.287609
-0.78865,51,165.305526
-0.977539,51,165.322872
-0.709636,51,165.341235
-0.741667,51,165.35908
-0.793723,51,165.666944
-0.774156,51,165.685206
-0.802425,51,165.702725
-0.74347,51,165.7208
-0.751085,51,165.738521
-0.812931,51,165.756559
-0.918021,51,165.774983
-0.798754,51,165.792632
-0.831781,51,165.811113
-0.673247,51,165.829566
-0.909814,51,165.847657
-0.835726,51,165.866096
-0.733316,52,165.884724
-0.826855,51,165.903153
-0.731249,51,165.921256
-0.877423,51,165.939441
-0.787369,51,165.957213
-0.797443,51,165.975484
-0.882361,51,165.993794
-0.747082,51,166.012125
-0.744915,51,166.030517
-0.784476,51,166.049259
-0.86757,51,166.067975
-0.756727,51,166.087112
-0.827409,51,166.105374
-0.925741,51,166.123557
-0.773881,51,166.141697
-0.676664,51,166.159777
-0.827908,51,166.17831
-0.741528,51,166.197076
-0.682571,51,166.215442
-0.865896,51,166.233702
-0.656377,51,166.252402
-0.752445,52,166.271238
-0.747557,52,166.290198
-0.843688,51,166.308391
-0.776512,51,166.325625
-0.690304,51,166.343632
-0.830586,51,166.361357
-0.753873,51,166.379258
-0.828781,51,166.681791
-0.771574,51,166.701027
-0.726955,51,166.71907
-0.719898,51,166.736865
-0.876212,51,166.754805
-0.824167,52,166.772653
-0.698921,52,166.791425
-0.721886,51,166.809487
-0.791694,51,166.827897
-0.741488,51,166.845913
-0.779474,51,166.864174
-0.75535,51,166.882235
-0.712184,51,166.900209
-0.779598,51,166.918376
-0.898171,51,166.936116
-0.74761,51,166.953791
-0.815856,51,166.971391
-0.812542,52,166.989694
-0.773339,51,167.00749
-0.796434,51,167.025478
-0.705009,51,167.044064
-0.837771,51,167.062775
-0.936645,51,167.081512
-0.76444,51,167.100275
-0.797041,51,167.118966
-0.724297,51,167.136924
-0.78696,51,167.155216
-0.791818,51,167.173927
-0.759214,51,167.192595
-0.801695,51,167.210888
-0.725533,51,167.229565
-0.795302,51,167.24816
-0.737194,51,167.266834
-0.812525,52,167.285873
-0.77604,51,167.304283
-0.74042,51,167.322612
-0.761055,51,167.341513
-0.678475,51,167.360014
-0.762211,51,167.378169
-0.79543,51,167.396542
-0.75697,51,167.415329
-0.784979,51,167.717397
-0.764669,51,167.736108
-0.821601,51,167.754569
-0.863285,51,167.772824
-0.838336,52,167.791758
-0.865733,51,167.809858
-1.092553,51,167.828354
-0.671628,51,167.846442
-0.801625,51,167.864462
-0.807018,51,167.882857
-0.752579,51,167.901298
-0.833135,51,167.919163
-0.686762,51,167.937303
-0.908112,51,167.956198
-0.750336,51,167.974276
-0.744971,52,167.993325
-0.965643,51,168.011471
-0.691112,51,168.029093
-0.690106,51,168.046344
-0.80388,51,168.064495
-0.670888,52,168.082828
-0.728562,51,168.101684
-0.873436,51,168.12033
-0.985799,51,168.138994
-0.666067,51,168.157354
-0.786656,52,168.176138
-0.740781,52,168.194526
-0.788746,52,168.213292
-0.799702,52,168.232406
-0.777781,51,168.249977
-0.85155,51,168.268699
-0.745414,51,168.286626
-0.798724,51,168.305263
-0.661397,51,168.323262
-0.675493,51,168.341223
-0.846117,51,168.359601
-0.674855,51,168.378173
-0.753591,51,168.396566
-0.725146,52,168.415477
-0.720152,51,168.434289
-0.798495,51,168.743845
-0.685033,51,168.762487
-0.771762,51,168.781101
-0.697145,51,168.799602
-0.862612,51,168.817679
-0.648493,51,168.834943
-0.757385,51,168.852162
-0.748641,51,168.870333
-0.741111,51,168.887718
-0.753988,52,168.906053
-0.820704,52,168.923953
-0.716042,51,168.941948
-0.908562,51,168.959968
-0.707999,51,168.977974
-0.712413,51,168.996415
-0.844366,51,169.015424
-0.721638,51,169.033132
-0.881865,51,169.051076
-0.831541,51,169.069371
-0.752515,52,169.088341
-0.830201,51,169.107119
-0.664144,51,169.125873
-0.674468,52,169.145006
-0.701704,51,169.16379
-0.756093,51,169.182528
-0.724295,51,169.201312
-0.843634,51,169.220257
-0.725844,51,169.238598
-0.714966,51,169.256934
-0.742048,51,169.275607
-0.693207,51,169.293725
-0.863721,51,169.311388
-0.875693,51,169.32943
-0.792685,51,169.347852
-0.735034,52,169.366205
-0.683143,51,169.384523
-0.684277,51,169.402876
-0.79367,51,169.420967
-0.773583,52,169.439605
-0.785856,51,169.45765
-0.743062,52,169.764282
-0.766123,51,169.782947
-0.886357,51,169.801086
-0.798298,51,169.819075
-0.820064,52,169.837692
-0.781997,51,169.855084
-0.726036,52,169.873057
-0.798833,51,169.890776
-0.780251,51,169.908672
-0.685812,51,169.926646
-0.760371,51,169.945153
-0.814234,51,169.963196
-0.787045,51,169.981249
-0.789295,51,169.99928
-0.713006,52,170.017696
-0.820918,51,170.036111
-0.659389,51,170.05325
-0.743484,52,170.071132
-0.719643,51,170.089197
-0.781128,51,170.107614
-0.853148,51,170.125992
-0.742068,52,170.144709
-0.793341,51,170.163341
-0.880882,51,170.181724
-0.718248,51,170.200408
-0.835265,51,170.219086
-0.805695,51,170.237416
-0.826632,52,170.25649
-0.801207,51,170.274716
-0.761227,51,170.293431
-0.809458,52,170.312533
-0.887275,51,170.331178
-0.778665,51,170.349632
-0.719682,51,170.367996
-0.793367,51,170.386387
-0.791305,51,170.404889
-0.770865,51,170.423329
-0.716983,51,170.441732
-0.7255,51,170.459699
-0.714557,51,170.477671
-0.859067,51,170.780435
-0.826156,51,170.798712
-0.708611,51,170.817319
-0.795423,51,170.835446
-0.861961,51,170.853957
-0.803491,52,170.872379
-0.777091,52,170.890617
-0.74461,52,170.908445
-0.787024,52,170.926455
-0.794617,51,170.944504
-0.725883,51,170.962914
-0.815409,51,170.980901
-0.834315,51,170.998817
-0.80787,51,171.016871
-0.664021,52,171.035631
-0.841319,51,171.053586
-0.774937,51,171.07192
-0.830961,51,171.089003
-0.721246,51,171.106819
-0.781464,51,171.124621
-0.651023,51,171.142898
-0.753121,52,171.161983
-0.748892,51,171.180254
-0.797177,51,171.198896
-0.781857,51,171.21716
-0.678993,51,171.235807
-0.81323,51,171.254488
-0.826155,51,171.273243
-0.965494,51,171.291994
-0.743063,51,171.309813
-0.710491,51,171.328077
-0.719699,51,171.34643
-0.689731,51,171.364784
-0.730171,52,171.383144
-0.718425,51,171.401142
-0.751481,52,171.419875
-0.755064,52,171.438159
-0.932173,51,171.456126
-0.76461,51,171.474394
-0.772408,51,171.493016
-0.726563,51,171.799911
-0.858142,52,171.818754
-0.751436,51,171.836927
-0.852165,51,171.855054
-0.801603,52,171.873487
-0.746625,52,171.892298
-0.756981,51,171.910767
-0.667704,51,171.928386
-0.797653,51,171.945599
-0.691103,51,171.963057
-0.838601,51,171.980746
-0.843365,51,171.998358
-0.702859,51,172.016131
-0.690042,51,172.034
-0.925442,51,172.051972
-0.914781,51,172.069726
-0.835536,51,172.087889
-0.724597,51,172.105729
-0.706419,51,172.12402
-0.891178,51,172.142276
-0.75603,52,172.160841
-0.663794,51,172.179503
-0.75631,51,172.197735
-0.735949,51,172.216127
-0.790334,51,172.234688
-0.808698,51,172.25345
-0.766374,51,172.271778
-0.790786,52,172.290412
-0.821366,51,172.308659
-0.801233,51,172.327265
-0.697999,51,172.3458
-0.874384,51,172.363914
-0.70542,51,172.38205
-0.851356,51,172.399616
-0.772399,51,172.418026
-0.899289,51,172.435575
-0.654228,51,172.453792
-0.841853,52,172.472105
-0.885003,51,172.490366
-0.798647,51,172.508958
-0.76352,51,172.816169
-0.686751,51,172.834471
-0.988222,51,172.852662
-0.681336,51,172.871226
-0.801349,51,172.88929
-0.685665,51,172.907078
-0.683504,52,172.925868
-0.789544,51,172.944239
-0.800772,51,172.962801
-0.893585,51,172.980125
-0.765265,51,172.997263
-0.738415,51,173.014471
-0.811261,51,173.032557
-0.812842,51,173.050152
-0.77872,52,173.06888
-0.913082,51,173.086599
-0.830115,51,173.104498
-0.756519,51,173.122604
-0.788309,51,173.141328
-0.835926,52,173.160379
-0.798093,51,173.178806
-0.729815,51,173.196235
-0.829561,51,173.214386
-0.824727,51,173.232439
-0.892291,51,173.250707
-0.76782,51,173.26904
-0.814949,51,173.287416
-0.768664,51,173.306012
-0.739083,51,173.324781
-0.891501,52,173.343464
-1.00805,51,173.362163
-0.94596,52,173.380916
-0.698891,51,173.398122
-0.953618,51,173.415495
-0.756058,51,173.433243
-0.72549,51,173.450793
-0.739532,51,173.46875
-0.709161,51,173.487127
-0.900933,51,173.505028
-0.791283,51,173.523267
-0.771819,51,173.832334
-0.721955,51,173.850003
-0.667098,51,173.867764
-0.751405,51,173.88578
-0.816588,51,173.904215
-0.700927,52,173.922924
-0.709198,52,173.941431
-0.676145,51,173.959428
-0.804053,52,173.977769
-0.802271,51,173.996198
-0.783082,51,174.014242
-0.743348,51,174.032578
-0.743428,51,174.050934
-0.800635,51,174.06932
-0.749955,51,174.087234
-0.757552,51,174.105572
-0.732413,51,174.123468
-0.786437,51,174.141853
-0.712426,51,174.160475
-0.758331,51,174.179017
-0.708281,51,174.197591
-0.931916,51,174.216218
-0.784755,51,174.234122
-0.72274,51,174.252459
-0.868317,51,174.27078
-0.667766,51,174.289025
-0.813916,51,174.307643
-0.754564,51,174.325966
-0.736005,52,174.344988
-0.755385,51,174.363284
-0.800795,51,174.38169
-0.734025,51,174.399951
-0.830633,51,174.417043
-1.00997,51,174.433772
-0.777046,51,174.450544
-0.764157,51,174.467492
-0.850113,51,174.48468
-0.842121,51,174.501753
-0.73426,51,174.518599
-0.768055,51,174.536527
-0.704875,51,174.853732
-0.733416,51,174.871181
-0.793954,51,174.888544
-0.740837,51,174.90611
-0.824068,51,174.924247
-0.868236,51,174.941442
-0.710123,51,174.959307
-0.776283,51,174.976387
-0.770745,52,174.993695
-0.726927,51,175.010976
-0.796241,51,175.028347
-0.750725,52,175.045451
-0.759764,51,175.062284
-0.624254,51,175.079134
-0.749804,51,175.095909
-0.841634,51,175.112727
-0.80756,52,175.129902
-0.658787,51,175.146321
-0.753034,51,175.163055
-0.836855,51,175.179419
-0.668938,51,175.195659
-0.88694,51,175.212159
-0.728835,51,175.228195
-0.789319,51,175.244369
-0.749349,51,175.260434
-0.792869,51,175.276247
-0.679417,51,175.292565
-0.732623,51,175.308504
-0.724875,51,175.324194
-0.685501,51,175.340524
-0.76086,51,175.356624
-0.802028,51,175.37293
-0.682715,51,175.389296
-0.710784,51,175.40529
-0.79534,51,175.421289
-0.807343,51,175.437234
-0.810664,51,175.453243
-0.75342,51,175.469509
-0.779636,51,175.485613
-0.795249,51,175.501847
-0.655766,51,175.766264
-0.752692,51,175.782423
-0.835818,51,175.798861
-0.760655,51,175.814646
-0.721601,51,175.830619
-0.77922,52,175.847134
-0.870142,51,175.863246
-0.873444,52,175.879296
-0.791495,51,175.895355
-0.752167,51,175.911425
-0.705918,51,175.927493
-0.829159,51,175.943497
-0.763215,51,175.959545
-0.680112,51,175.975968
-0.80857,51,175.991699
-0.716524,51,176.008094
-0.744912,51,176.024054
-0.640729,51,176.040023
-0.816803,51,176.056353
-0.706741,51,176.072076
-0.901242,51,176.087853
-0.667592,51,176.1035
-0.715157,51,176.119905
-0.804688,51,176.135631
-0.848352,51,176.151515
-0.833004,51,176.167279
-0.776586,52,176.183416
-0.729641,51,176.199267
-0.832296,51,176.215094
-0.817748,52,176.230837
-0.677735,51,176.246397
-0.795982,51,176.261871
-0.866056,52,176.277971
-0.881677,51,176.29359
-0.780916,51,176.31038
-0.853717,51,176.326462
-0.756071,51,176.34265
-0.773332,51,176.359527
-0.858697,51,176.376423
-0.835051,51,176.393769
-0.828317,51,176.695262
-0.62669,51,176.712952
-0.753358,51,176.731306
-0.707147,51,176.748563
-0.672159,51,176.765736
-0.720984,51,176.782797
-0.817576,51,176.800361
-0.768022,51,176.817452
-0.704944,51,176.834625
-0.746504,51,176.852046
-0.76661,51,176.869547
-0.74182,52,176.887944
-0.917393,51,176.906047
-0.768754,51,176.924432
-0.838803,51,176.942117
-0.774529,51,176.960603
-0.750369,51,176.979318
-0.720207,51,176.996998
-0.669111,51,177.014586
-0.825137,51,177.031646
-0.854343,51,177.048841
-0.795625,51,177.066285
-0.716402,51,177.083353
-0.838174,51,177.100426
-0.736242,52,177.117934
-0.770612,51,177.135053
-0.879458,51,177.152184
-0.65363,51,177.169658
-0.703772,51,177.187543
-0.760982,51,177.205416
-0.693001,52,177.22353
-0.916768,52,177.241623
-0.835924,51,177.259921
-0.855643,51,177.277887
-0.706599,51,177.296306
-0.739685,51,177.314569
-0.844238,51,177.332727
-0.788277,51,177.350593
-0.899304,51,177.368361
-0.784439,51,177.386627
-0.85475,51,177.700813
-0.771813,51,177.71946
-0.810322,51,177.737594
-0.736258,51,177.756816
-0.776653,52,177.776384
-0.873058,51,177.795575
-0.801953,51,177.815177
-0.801502,52,177.833335
-0.842074,51,177.850802
-0.815918,51,177.868105
-0.666264,51,177.885278
-0.765899,52,177.902739
-0.635387,52,177.920221
-0.881419,51,177.93734
-0.700393,51,177.954459
-0.717917,51,177.971537
-0.65366,51,177.98863
-0.695138,51,178.005725
-0.74251,51,178.022801
-0.726845,51,178.039825
-0.83917,51,178.056839
-0.823939,52,178.075128
-0.851151,51,178.096079
-0.802539,51,178.114227
-0.800734,51,178.132073
-0.708441,51,178.149286
-0.775222,51,178.166908
-0.780959,52,178.184953
-0.900494,51,178.202742
-0.720103,51,178.219824
-0.735512,51,178.237247
-0.843519,51,178.25468
-0.736349,51,178.272005
-0.752986,51,178.289554
-0.702237,51,178.307103
-0.66253,51,178.325052
-0.828184,51,178.34325
-0.745388,52,178.361
-0.750048,51,178.379025
-0.837843,51,178.397861
-0.816153,52,178.706822
-0.844412,51,178.724748
-0.832896,51,178.741898
-0.714353,51,178.759802
-0.790156,51,178.777311
-0.867441,52,178.795682
-0.797926,51,178.81412
-0.808351,52,178.832172
-0.660624,51,178.849712
-0.774355,52,178.8675
-0.708768,51,178.885025
-0.891872,51,178.903038
-0.783058,51,178.920807
-0.73944,51,178.939085
-0.771952,51,178.957123
-0.844138,51,178.97584
-0.731737,51,178.993873
-0.821514,51,179.011501
-0.860003,51,179.029379
-0.755846,51,179.047371
-0.859366,51,179.065834
-0.732247,51,179.083738
-0.76999,51,179.100797
-0.895098,51,179.119501
-0.78214,51,179.138229
-0.731537,51,179.156283
-0.827767,52,179.174756
-0.78192,51,179.194331
-0.726454,52,179.214986
-0.661647,51,179.233253
-0.651656,51,179.250763
-0.797596,52,179.269719
-0.768211,51,179.288358
-0.729843,51,179.307563
-0.678398,51,179.325028
-0.698832,51,179.343
-0.734822,51,179.360094
-0.774617,51,179.377483
-0.771291,52,179.395436
-0.737941,51,179.413704
-0.764335,51,179.721777
-0.75499,51,179.740319
-0.823444,51,179.75863
-0.659502,51,179.777127
-0.736064,51,179.795537
-0.706814,51,179.813972
-0.766198,51,179.832368
-0.840631,51,179.850279
-0.784936,51,179.869006
-0.695559,51,179.887342
-0.777988,51,179.905853
-0.825232,51,179.924322
-0.794812,51,179.942787
-0.757857,51,179.961369
-0.915713,51,179.979832
-0.66373,51,179.998227
-0.851284,51,180.016642
-1.013023,51,180.035107
-0.751538,51,180.053578
-0.781708,52,180.072363
-0.852319,51,180.091241
-0.754029,51,180.109765
-0.776912,51,180.128816
-0.697651,52,180.14877
-0.679117,52,180.167124
-0.727254,52,180.186796
-0.67698,51,180.205047
-0.868326,52,180.223595
-0.768951,52,180.242463
-0.800138,51,180.261076
-0.886377,51,180.278611
-0.905978,51,180.296682
-0.757971,51,180.314636
-0.816102,51,180.333326
-0.831292,51,180.351114
-0.809248,51,180.369751
-0.68914,51,180.387797
-0.775531,51,180.406508
-0.7053,52,180.425505
-0.72502,51,180.444659
-0.757544,51,180.773001
-0.793779,51,180.791701
-0.741204,51,180.810274
-0.766779,51,180.828793
-0.803516,51,180.847314
-0.796611,51,180.865801
-0.720545,51,180.884263
-0.707139,51,180.901879
-0.82214,51,180.919473
-0.674524,51,180.93746
-0.720146,52,180.955859
-0.777723,51,180.974253
-0.789961,51,180.992624
-0.753257,52,181.010988
-0.784947,51,181.02895
-0.77772,51,181.047343
-0.627094,51,181.065269
-0.771622,52,181.083972
-0.726721,51,181.102431
-0.761909,51,181.119684
-0.699082,51,181.137128
-0.912152,51,181.155739
-0.875158,51,181.173908
-0.728568,52,181.192387
-0.680401,51,181.210017
-0.768564,51,181.228448
-0.735344,51,181.246565
-0.786152,52,181.265442
-0.861669,51,181.283902
-0.702861,51,181.302342
-0.710753,51,181.32081
-0.708393,51,181.339306
-0.794068,51,181.357694
-0.806,51,181.375771
-0.768162,51,181.394673
-0.748739,52,181.413916
-0.792218,51,181.43284
-0.715912,51,181.451661
-0.808443,51,181.470328
-0.894938,51,181.489529
-0.772196,52,181.810931
-0.778636,51,181.829567
-0.747756,51,181.848046
-0.68735,51,181.866549
-0.859914,51,181.884606
-0.703726,51,181.902239
-0.741329,51,181.920859
-0.77155,51,181.939281
-0.800661,51,181.957348
-0.852478,51,181.97645
-0.797073,51,181.994067
-0.868144,51,182.012421
-0.610261,51,182.03054
-0.686749,51,182.048573
-0.934413,51,182.065631
-0.763054,51,182.083183
-0.924006,51,182.101835
-0.771192,51,182.119515
-0.836304,51,182.138102
-0.743046,51,182.156074
-0.991336,51,182.174425
-0.726122,52,182.193201
-0.7785,52,182.211988
-0.802109,51,182.230415
-0.846407,51,182.248953
-0.763492,52,182.267737
-0.798914,51,182.286177
-0.739886,51,182.30458
-0.823974,52,182.323382
-0.681349,51,182.341516
-0.624483,51,182.358545
-0.853751,51,182.375781
-0.687531,51,182.393734
-0.723354,51,182.41166
-0.878496,51,182.430108
-0.702604,51,182.448237
-0.847073,51,182.467242
-0.750021,52,182.486391
-0.857235,51,182.505069
-0.845366,51,182.528292
-0.743565,51,182.853565
-0.870218,51,182.871918
-0.814413,52,182.890939
-0.783375,51,182.908988
-0.787938,51,182.92715
-0.839113,51,182.94504
-0.742663,51,182.962136
-0.719456,51,182.979739
-0.893247,51,182.997767
-0.913109,51,183.015777
-0.770104,51,183.03421
-0.744301,51,183.05227
-0.845667,51,183.070347
-0.774152,51,183.088647
-0.725373,51,183.107115
-0.915284,51,183.125552
-0.679441,51,183.143617
-0.901629,52,183.163269
-0.751818,51,183.181987
-0.805054,51,183.200911
-0.938421,51,183.220195
-0.910828,51,183.238268
-0.808108,52,183.256809
-0.811164,52,183.275238
-0.844065,52,183.29409
-0.802109,51,183.31255
-0.811194,51,183.330517
-0.671871,51,183.348469
-0.718101,51,183.366876
-0.840179,51,183.384744
-0.714894,51,183.402928
-0.838496,52,183.421034
-0.861153,51,183.439207
-0.748331,52,183.458061
-0.685782,51,183.476481
-0.735658,51,183.495094
-0.843511,52,183.513768
-0.768648,51,183.532466
-0.77636,51,183.551146
-0.692183,51,183.570573
-0.803113,51,183.892886
-0.786222,52,183.911588
-0.790328,52,183.930579
-0.739041,51,183.948874
-0.750426,51,183.967567
-0.73861,51,183.985228
-0.834434,51,184.003279
-0.815375,51,184.02133
-0.726292,51,184.039763
-0.79518,51,184.057837
-0.959394,51,184.076216
-0.822933,51,184.094629
-0.770879,52,184.113513
-0.800222,52,184.13234
-0.753414,51,184.150767
-0.876735,51,184.169158
-0.835542,51,184.187274
-0.833379,52,184.204572
-0.771547,52,184.222632
-0.798296,51,184.24065
-0.744381,51,184.258688
-0.696828,52,184.277112
-0.783429,51,184.295448
-0.678497,52,184.314253
-0.687198,51,184.332692
-0.76724,51,184.350729
-0.685271,51,184.369156
-0.711263,51,184.387529
-0.702319,51,184.406725
-0.693652,51,184.425412
-0.861997,51,184.443598
-0.733142,51,184.462201
-0.751045,51,184.479825
-0.690333,51,184.498071
-0.73708,51,184.516403
-0.799465,51,184.535145
-0.872887,51,184.553869
-0.749566,51,184.572604
-0.717031,51,184.591207
-0.839873,51,184.610545
-0.778291,51,184.936271
-0.749058,51,184.95444
-0.736404,51,184.972642
-0.788096,51,184.991136
-0.678115,51,185.0096
-0.751714,51,185.026859
-0.781757,51,185.044755
-0.739967,52,185.063088
-0.898385,51,185.081509
-0.728671,51,185.099823
-0.743917,51,185.118071
-0.878325,51,185.13608
-0.790389,51,185.154284
-0.805298,51,185.172176
-0.746344,51,185.190375
-0.725376,51,185.208689
-0.774526,52,185.227771
-0.763618,51,185.245084
-0.686029,51,185.262228
-0.869957,51,185.280754
-0.833917,51,185.299153
-0.837415,51,185.31736
-0.710349,51,185.335392
-0.706473,51,185.353378
-0.839297,51,185.371441
-0.705549,51,185.389723
-0.697762,51,185.407476
-0.713452,51,185.425422
-0.759416,51,185.443211
-0.737444,51,185.460206
-0.722339,51,185.477888
-0.758713,51,185.496338
-0.745409,51,185.513577
-0.848133,51,185.531052
-0.686286,51,185.54887
-0.723375,52,185.567335
-0.67115,51,185.585912
-0.856802,51,185.603917
-0.726544,51,185.621857
-0.775232,52,185.640265
-0.674363,51,185.965056
-0.780791,51,185.983671
-0.724257,51,186.002145
-0.756996,51,186.020533
-0.843874,52,186.039216
-0.725295,51,186.057564
-0.775051,51,186.075946
-0.784917,51,186.09384
-0.841219,51,186.111683
-0.736007,51,186.129571
-0.796362,51,186.147174
-0.838466,51,186.165157
-0.796737,51,186.183115
-0.996264,51,186.201101
-0.667024,51,186.219466
-0.664255,51,186.237823
-0.757963,52,186.256594
-0.702803,52,186.275294
-0.831283,51,186.293633
-0.762662,52,186.312393
-0.838927,52,186.331126
-0.7411,51,186.349475
-0.713184,52,186.368182
-0.709828,51,186.386564
-0.798719,51,186.404968
-0.815381,51,186.423326
-0.780877,51,186.44173
-0.633266,51,186.460033
-0.868776,51,186.478367
-0.819941,51,186.496488
-0.811131,51,186.513788
-0.79758,51,186.53118
-0.735928,51,186.549214
-0.794892,52,186.567546
-0.74219,51,186.58598
-0.734715,51,186.604483
-0.794923,51,186.622576
-0.764816,51,186.641071
-0.809892,51,186.659749
-0.757261,51,186.678224
-0.873987,51,187.004363
-0.86144,51,187.023105
-0.763954,52,187.042006
-0.727871,51,187.060518
-0.705869,52,187.079391
-0.753848,52,187.098201
-0.820676,51,187.116663
-0.961177,52,187.134591
-0.70818,51,187.152578
-0.703498,51,187.17053
-0.770083,51,187.188836
-0.768495,51,187.206215
-0.720117,52,187.224513
-0.791949,51,187.242888
-0.731156,51,187.26093
-0.683793,51,187.27886
-0.793578,51,187.297256
-0.811147,51,187.315234
-0.834774,51,187.33316
-0.729991,51,187.350532
-0.801827,52,187.368729
-0.74492,52,187.387044
-0.692583,51,187.405419
-0.703345,52,187.423805
-0.681871,52,187.442536
-0.807991,51,187.460629
-0.822208,51,187.478857
-0.790998,51,187.497221
-0.758568,51,187.515624
-0.67441,51,187.533958
-0.741208,51,187.5523
-0.671352,51,187.570637
-0.847664,52,187.589452
-0.77732,51,187.608143
-0.831124,52,187.626837
-0.88401,51,187.645584
-0.836143,51,187.663754
-0.675307,51,187.681765
-0.875388,51,187.700344
-0.751612,52,187.719473
-0.622009,51,188.04094
-0.676087,52,188.060052
-0.836787,51,188.078648
-0.723419,52,188.097546
-0.833434,51,188.116043
-0.742399,51,188.134549
-0.661076,51,188.15254
-0.745155,52,188.170365
-0.73363,52,188.187778
-0.764256,52,188.205819
-0.750929,51,188.223329
-0.824119,51,188.240894
-0.761613,51,188.258514
-0.734896,51,188.276537
-0.664862,51,188.294463
-0.771219,52,188.313019
-0.789615,52,188.33142
-0.861155,51,188.349007
-0.750558,51,188.367038
-0.838644,51,188.384058
-0.831979,51,188.401564
-0.831541,52,188.419477
-0.678189,51,188.437475
-0.800245,51,188.455904
-0.839732,51,188.474169
-0.718082,51,188.491914
-0.739171,51,188.509869
-0.822743,52,188.528667
-0.721874,52,188.547466
-0.831201,51,188.565532
-0.756285,51,188.583365
-0.758348,51,188.600254
-0.736201,51,188.61743
-0.868365,51,188.635383
-0.841514,51,188.653469
-0.75319,51,188.67177
-0.72605,51,188.689822
-0.722431,52,188.708473
-0.690654,51,188.726892
-0.77306,52,188.74607
-0.731292,51,189.07003
-0.672501,52,189.08875
-0.894964,51,189.106897
-0.88133,51,189.125501
-0.724034,51,189.143578
-0.709765,51,189.162005
-0.76212,51,189.18006
-0.93245,51,189.198103
-0.810261,51,189.216258
-0.840975,51,189.233608
-0.701331,51,189.250921
-0.744246,51,189.26904
-0.76353,51,189.287121
-0.737017,51,189.304928
-0.758371,51,189.323243
-0.738764,51,189.341633
-0.850994,51,189.359972
-0.789803,52,189.37878
-0.75953,51,189.397094
-0.707338,51,189.415386
-0.776963,51,189.433595
-0.682424,52,189.452234
-0.782225,51,189.470678
-0.754148,51,189.48818
-0.733444,51,189.506165
-0.700375,51,189.523975
-0.74081,52,189.542593
-0.760374,51,189.56034
-0.963713,51,189.578158
-0.752671,51,189.596108
-0.825637,51,189.615248
-0.670051,51,189.633877
-0.785324,51,189.652822
-0.817209,52,189.672233
-0.722347,52,189.691486
-0.849248,51,189.710374
-0.703918,52,189.729713
-0.763868,52,189.748936
-0.881853,51,189.76781
-0.70057,51,189.786991
-0.709639,51,190.109972
-0.817817,51,190.128516
-0.859039,51,190.146656
-0.714982,51,190.165104
-0.795269,51,190.18309
-0.698066,51,190.201508
-0.805555,51,190.21994
-0.724376,51,190.238379
-0.767744,51,190.25675
-0.708914,51,190.27514
-0.821233,51,190.293483
-0.655902,52,190.312211
-0.749119,51,190.330157
-0.688912,51,190.348152
-0.73517,51,190.366505
-0.696729,51,190.384886
-0.793114,51,190.403221
-0.848452,51,190.421579
-0.72804,51,190.439961
-0.707426,51,190.458302
-0.670995,51,190.47568
-0.761471,51,190.49417
-0.820413,51,190.512019
-0.787974,51,190.530265
-0.748149,51,190.548681
-0.834689,51,190.566947
-0.787252,52,190.585908
-0.660012,51,190.604467
-0.700323,51,190.622591
-0.836782,51,190.641056
-0.831898,51,190.659404
-0.816185,52,190.677098
-0.865067,51,190.69526
-0.74948,51,190.713876
-0.765362,51,190.732215
-0.737434,51,190.750958
-0.741791,51,190.769667
-0.899182,52,190.788772
-0.805601,51,190.807463
-0.764323,51,190.826496
-0.674466,51,191.139286
-0.644572,51,191.157277
-0.735873,51,191.175471
-0.718093,51,191.194006
-0.693421,51,191.212518
-0.684016,51,191.230215
-0.772254,51,191.248604
-0.727907,52,191.26683
-0.743762,52,191.285688
-0.729855,51,191.304403
-0.69543,51,191.322716
-0.771876,51,191.341267
-0.735019,52,191.359746
-0.732211,51,191.378219
-0.8774,51,191.396313
-0.774702,52,191.414601
-0.799239,51,191.432836
-0.698776,51,191.451349
-1.019259,51,191.469801
-0.71993,52,191.488636
-0.715258,51,191.506686
-0.713304,51,191.523808
-0.883598,51,191.541504
-0.741953,52,191.559627
-0.751159,51,191.577331
-0.748014,51,191.594899
-0.7096,52,191.613748
-0.72695,51,191.63217
-0.837037,51,191.650055
-0.823348,51,191.667876
-0.714378,52,191.68584
-0.880842,51,191.704014
-0.742532,51,191.722309
-0.743692,51,191.740342
-0.725833,51,191.758763
-0.700502,51,191.777041
-0.723971,51,191.795648
-0.901412,51,191.814121
-0.760432,51,191.832409
-0.753244,51,191.850983
-0.810603,51,192.171899
-0.748962,51,192.190424
-0.689778,51,192.208098
-0.766775,51,192.226239
-0.776024,51,192.244397
-0.834117,51,192.26255
-0.732433,51,192.280462
-0.806321,51,192.298843
-0.711299,51,192.3173
-0.707367,51,192.335084
-0.759985,51,192.352952
-0.67493,51,192.37096
-0.743087,52,192.389869
-0.679698,51,192.408296
-0.787174,51,192.426393
-0.715829,51,192.444854
-0.614993,51,192.462838
-0.753376,52,192.481249
-0.734897,51,192.499504
-0.804192,51,192.517651
-0.753426,51,192.535229
-0.712549,51,192.553578
-0.791861,52,192.571974
-0.649902,51,192.589942
-0.690638,51,192.608331
-0.77291,51,192.626345
-0.83606,51,192.645142
-0.690894,51,192.6623
-0.794643,51,192.679743
-0.679059,51,192.697537
-0.704734,51,192.715413
-0.690864,51,192.733964
-0.816898,51,192.752773
-0.802274,51,192.770983
-0.632431,51,192.789398
-0.765413,51,192.807785
-0.740963,51,192.826588
-0.828607,51,192.845412
-0.779724,52,192.864557
-0.793415,51,192.883269
-0.693848,51,193.203549
-0.8307,51,193.221173
-0.613865,51,193.239583
-0.780589,51,193.25809
-0.770961,51,193.276224
-0.818813,51,193.294621
-0.829491,51,193.313044
-0.782039,51,193.331461
-0.747019,51,193.349842
-0.792204,51,193.368276
-0.832517,51,193.386039
-0.755734,51,193.403438
-0.812361,51,193.420936
-0.761859,51,193.438751
-0.732152,51,193.456526
-0.712615,51,193.474604
-0.766136,51,193.492656
-0.742682,51,193.510455
-0.758815,51,193.528372
-0.720895,52,193.546972
-0.839658,51,193.565156
-0.681497,51,193.583189
-0.763871,51,193.600872
-0.833427,51,193.618533
-0.752182,51,193.636558
-0.776971,51,193.654528
-0.930766,51,193.671635
-0.746373,51,193.689162
-0.800567,51,193.707147
-0.712683,51,193.725074
-0.709062,51,193.743402
-0.72697,51,193.761717
-0.783967,51,193.780456
-0.703362,51,193.799183
-0.765603,51,193.817461
-0.7098,51,193.835193
-0.695243,52,193.854073
-0.73367,51,193.872082
-0.841636,51,193.89038
-0.78737,51,193.908684
-0.746109,51,194.215352
-0.731074,51,194.233316
-0.755797,51,194.251539
-0.804193,51,194.269985
-0.761901,51,194.288369
-0.718828,51,194.306457
-0.692206,51,194.324421
-0.632737,51,194.342776
-0.755752,51,194.361103
-0.745264,51,194.379054
-0.739267,51,194.397431
-0.836823,51,194.415423
-0.841019,51,194.434028
-0.757362,51,194.451336
-0.757978,51,194.469281
-0.774561,51,194.487179
-0.725461,52,194.505308
-0.801413,51,194.523394
-0.755594,51,194.54146
-0.709686,51,194.559392
-0.784515,51,194.577168
-0.711782,51,194.59523
-0.745839,51,194.613603
-0.768936,51,194.630711
-0.92905,51,194.647822
-0.790814,51,194.66558
-0.706672,51,194.683765
-0.888951,51,194.701836
-0.751227,51,194.719669
-0.726983,51,194.737854
-0.693667,51,194.755445
-0.786013,51,194.774167
-0.796904,51,194.792934
-0.827686,51,194.811633
-0.848174,51,194.830395
-0.71763,51,194.848357
-0.656292,51,194.866765
-0.73787,51,194.885496
-0.67706,51,194.903866
-0.725834,52,194.922919
-0.771279,51,195.246105
-0.699495,52,195.265526
-0.699162,51,195.284164
-0.794224,51,195.302726
-0.779957,51,195.321273
-0.717448,51,195.33979
-0.710524,52,195.358665
-0.639319,51,195.377162
-0.685995,51,195.395631
-0.913049,51,195.414162
-0.725743,51,195.432611
-0.787001,51,195.451095
-0.65175,51,195.470089
-0.759354,51,195.488689
-0.826047,51,195.508152
-0.823954,51,195.526822
-0.709583,51,195.545415
-0.744644,51,195.564259
-0.764364,51,195.582745
-0.773714,52,195.60167
-0.753753,51,195.619713
-0.702725,51,195.638214
-0.644451,51,195.656699
-0.721876,51,195.674798
-0.757933,51,195.693239
-0.770392,52,195.711766
-0.630299,51,195.729853
-0.713293,52,195.74834
-0.792087,52,195.7668
-0.743833,51,195.785045
-0.685104,51,195.803635
-0.702817,51,195.822316
-0.77336,51,195.841102
-0.843871,51,195.859904
-0.856693,51,195.878572
-0.768549,51,195.896679
-0.77092,51,195.915357
-0.670364,51,195.933618
-0.74025,51,195.951924
-0.773926,51,195.970747
-0.835952,51,196.2757
-0.729249,52,196.295007
-0.69151,51,196.313038
-0.736132,51,196.33158
-0.718698,51,196.349624
-0.763254,51,196.368138
-0.688347,51,196.386596
-0.674786,52,196.405074
-0.732675,51,196.423053
-0.759458,51,196.441554
-0.775605,52,196.459997
-0.721661,51,196.478474
-0.675176,52,196.496543
-0.80304,51,196.514023
-0.695399,51,196.531465
-0.85318,51,196.549452
-0.654888,51,196.567326
-0.719943,51,196.585331
-0.742586,51,196.603799
-0.793669,52,196.622219
-0.763412,51,196.640636
-0.735339,51,196.659043
-0.732188,51,196.677064
-0.668997,51,196.694073
-0.742709,51,196.711391
-0.765295,51,196.728901
-0.869595,51,196.746659
-0.71925,51,196.764315
-0.764847,51,196.782262
-0.731797,51,196.800619
-0.707741,51,196.819332
-0.766949,51,196.838069
-0.797821,51,196.856491
-0.685782,51,196.875296
-0.716359,51,196.893556
-0.843131,51,196.911583
-0.778114,51,196.929422
-0.729226,51,196.947562
-0.750903,51,196.965934
-0.738823,51,196.984646
-0.792055,51,197.003612
-0.749885,51,197.321295
-0.703604,51,197.339994
-0.774173,51,197.358594
-0.748182,51,197.376814
-0.852399,51,197.394952
-0.767565,51,197.413126
-0.740952,51,197.431635
-0.815451,51,197.449862
-0.687879,51,197.468113
-0.864298,51,197.486317
-0.65105,51,197.504716
-0.763063,51,197.522711
-0.73816,51,197.539892
-0.730521,51,197.557398
-0.685375,51,197.57524
-0.817371,51,197.593149
-0.699552,51,197.611171
-0.703358,51,197.629213
-0.6649,51,197.647257
-0.667135,51,197.665701
-0.761995,51,197.683782
-0.721671,51,197.700941
-0.74571,51,197.718169
-0.758361,51,197.735312
-0.772278,51,197.752503
-0.65745,51,197.770272
-0.760418,51,197.789175
-0.962018,51,197.806735
-0.82863,51,197.825097
-0.763464,51,197.843778
-0.765834,51,197.862444
-0.630131,51,197.881159
-0.78375,51,197.899914
-0.769658,51,197.918608
-0.736249,51,197.937248
-0.824463,51,197.955884
-0.725905,51,197.974125
-0.77893,51,197.99212
-0.706909,51,198.01011
-0.684052,51,198.028979
-0.814154,51,198.339676
-0.731544,51,198.357894
-0.675918,51,198.375685
-0.853795,51,198.393226
-0.757197,51,198.411008
-0.680748,52,198.429691
-0.718604,51,198.448009
-0.750505,51,198.466025
-0.77309,52,198.484382
-0.75909,51,198.502778
-0.772278,51,198.520769
-0.724611,51,198.53866
-0.773772,52,198.557417
-0.728817,51,198.575833
-0.716929,51,198.593582
-0.812062,51,198.611213
-0.73331,51,198.628824
-0.690953,51,198.64679
-0.653764,51,198.665041
-0.637356,51,198.683281
-0.715788,51,198.701668
-0.673148,51,198.719891
-0.640851,51,198.738128
-0.791393,51,198.756579
-0.767352,51,198.774853
-0.768877,51,198.793612
-0.65802,51,198.811822
-0.789472,51,198.830209
-0.755329,51,198.848659
-0.73677,51,198.867467
-0.857198,51,198.886293
-0.768933,52,198.905514
-0.720867,51,198.924286
-0.646319,52,198.943409
-0.667704,51,198.962178
-0.72495,51,198.980955
-0.849806,52,198.999285
-0.830665,51,199.017638
-0.730329,51,199.035599
-0.702379,51,199.054825
-0.814922,51,199.358363
-0.677537,51,199.377022
-0.715266,51,199.395574
-0.926229,51,199.41286
-0.724693,51,199.430093
-0.683791,51,199.447742
-0.648041,51,199.465164
-0.71735,51,199.483375
-0.692822,51,199.501103
-0.754183,51,199.519437
-0.760181,51,199.537472
-0.688157,51,199.555902
-0.693521,51,199.573886
-0.826453,51,199.592556
-0.77312,51,199.611013
-0.698926,51,199.629431
-0.839958,51,199.64781
-0.774666,52,199.666289
-0.833777,51,199.68448
-0.756968,51,199.701506
-0.661432,51,199.718668
-0.693756,51,199.73598
-0.70458,51,199.754313
-0.731261,51,199.771961
-0.656978,51,199.790134
-0.845017,51,199.80803
-0.734168,51,199.82536
-0.700934,51,199.842749
-0.809572,51,199.861504
-0.771045,52,199.880208
-0.786429,51,199.898499
-0.828707,52,199.91723
-0.778366,52,199.936325
-0.749844,51,199.95497
-0.964543,52,199.97414
-0.713471,51,199.992841
-0.677345,51,200.011577
-0.832516,51,200.029681
-0.718647,51,200.047347
-0.678622,51,200.066123
-0.795428,52,200.368509
-0.70967,52,200.387528
-0.760411,51,200.406063
-0.740669,51,200.424208
-0.751166,51,200.442749
-0.649217,51,200.461217
-0.71161,51,200.479702
-0.688137,51,200.498863
-0.852183,52,200.518115
-0.736723,51,200.536723
-0.650415,52,200.555264
-0.794984,51,200.573734
-0.679615,51,200.592224
-0.659172,51,200.610706
-0.749365,52,200.629573
-0.7039,51,200.648056
-0.759011,51,200.666161
-0.736367,51,200.683713
-0.667185,51,200.70136
-0.636204,51,200.718855
-0.79604,51,200.737098
-0.762388,51,200.755201
-0.689985,51,200.772839
-0.730364,51,200.790853
-0.761049,51,200.808729
-0.708663,51,200.826453
-0.709401,51,200.844119
-0.704781,51,200.863181
-0.656071,52,200.881438
-0.7775,51,200.899428
-0.776008,51,200.917911
-0.904643,51,200.936685
-0.905941,52,200.955809
-0.664585,51,200.974421
-0.804104,52,200.992971
-0.686386,51,201.011718
-0.724831,51,201.03019
-0.689161,51,201.04836
-0.805151,51,201.067132
-0.811018,51,201.085896
-0.831916,51,201.393593
-0.895484,51,201.410515
-0.694865,51,201.427431
-0.898301,51,201.444341
-0.753402,51,201.460882
-0.740118,51,201.477163
-0.786931,51,201.494151
-0.749464,51,201.51109
-0.726937,51,201.528481
-0.676052,52,201.545681
-0.671518,51,201.562299
-0.724262,51,201.579228
-0.737812,52,201.596488
-0.768138,51,201.613232
-0.785554,51,201.629497
-0.827241,51,201.645311
-0.841872,52,201.661842
-0.682188,51,201.678019
-0.795608,51,201.694839
-0.740211,51,201.711252
-0.685173,51,201.727279
-0.763707,51,201.743463
-0.651155,51,201.759429
-0.787776,51,201.775734
-0.726576,51,201.792497
-0.684554,52,201.808886
-0.791613,51,201.825127
-0.746786,51,201.841416
-0.680348,51,201.85809
-0.64652,51,201.876268
-0.716333,51,201.89237
-0.629233,51,201.908205
-0.633029,51,201.923924
-0.754436,51,201.93952
-0.733093,52,201.955608
-0.780435,51,201.971007
-0.623098,51,201.987578
-0.703513,52,202.003471
-0.823144,51,202.018753
-0.809641,51,202.034041
