#{"t_start": 1789364442.993379, "env_id": "None"}
r,l,t
-1.542169,51,1.055414
-1.998927,50,1.077915
-1.545421,52,1.100762
-1.679701,51,1.122954
-1.542339,51,1.146272
-1.712463,51,1.168377
-1.357552,51,1.191919
-1.728018,51,1.216701
-1.730118,51,1.240106
-2.623273,52,1.264159
-1.427355,50,1.289269
-1.691102,51,1.312882
-1.951794,52,1.338361
-1.386375,51,1.360683
-1.372926,50,1.382447
-1.788304,51,1.404683
-1.849635,52,1.427306
-1.939949,51,1.449528
-1.578267,51,1.471564
-1.777145,51,1.493637
-1.587139,52,1.517039
-1.521763,51,1.539311
-1.315949,51,1.562166
-1.585226,52,1.584967
-1.819226,51,1.607121
-1.37099,50,1.628857
-1.917721,51,1.651036
-1.758476,51,1.673087
-1.567841,51,1.695703
-2.276036,51,1.717905
-1.879514,52,1.740613
-2.017042,51,1.76269
-1.730028,51,1.784483
-1.954599,51,1.80656
-1.723386,50,1.828227
-2.129941,51,1.84983
-1.458173,51,1.87099
-1.577575,51,1.891652
-1.851727,50,1.911851
-1.530683,50,1.934521
-1.786862,51,2.183578
-1.525978,51,2.205983
-1.680903,51,2.227979
-1.745066,52,2.249397
-1.562721,51,2.269804
-2.12761,51,2.290571
-1.748407,51,2.312613
-1.54056,51,2.333287
-1.399862,52,2.354668
-2.397672,51,2.37501
-1.660036,51,2.396084
-1.888131,51,2.418318
-2.196272,51,2.440979
-1.498577,51,2.462444
-1.702629,51,2.483426
-1.974638,52,2.505928
-1.896931,51,2.527003
-1.266499,52,2.548762
-2.178369,51,2.569553
-1.60934,51,2.590603
-2.114729,51,2.61087
-1.678011,51,2.631619
-1.413649,50,2.651424
-2.189786,51,2.672034
-1.642521,51,2.693123
-1.556126,51,2.712833
-1.593483,51,2.733801
-1.87883,52,2.756149
-1.584495,51,2.776219
-2.20139,51,2.798244
-1.374511,51,2.82043
-1.390785,51,2.841289
-2.231629,51,2.862392
-1.856062,52,2.884135
-1.946823,50,2.903764
-1.441478,51,2.925345
-1.895435,51,2.94646
-1.941839,51,2.969405
-2.288131,51,2.991576
-1.443099,52,3.013223
-2.347712,51,3.25593
-1.496007,52,3.278839
-1.962652,51,3.302416
-1.719356,51,3.325799
-1.910681,51,3.349878
-1.791021,51,3.372089
-1.790515,51,3.394327
-1.496756,52,3.417214
-2.374324,51,3.439355
-2.216285,51,3.4626
-1.448843,52,3.48553
-1.581959,51,3.507814
-1.700149,51,3.530287
-1.948307,50,3.553691
-1.514219,52,3.576921
-1.967204,51,3.600182
-1.620157,50,3.622281
-1.845798,51,3.644757
-1.800734,50,3.666752
-1.701575,51,3.689087
-1.405352,50,3.711263
-1.321748,50,3.735753
-1.894353,51,3.758021
-1.589497,51,3.78015
-1.599153,51,3.803389
-1.988197,52,3.826578
-2.099133,51,3.848958
-1.279499,50,3.871028
-2.131681,51,3.893185
-2.702203,51,3.915326
-1.884684,51,3.937496
-1.937819,51,3.959623
-1.210424,51,3.981548
-1.592867,51,4.003727
-1.892456,51,4.026993
-1.325805,50,4.049001
-1.76053,50,4.070989
-1.493631,51,4.093226
-1.929081,51,4.115476
-1.793447,51,4.137804
-1.824983,51,4.386011
-1.375054,51,4.409626
-1.819321,52,4.434401
-1.737446,50,4.459366
-2.337809,51,4.48295
-1.784328,51,4.506653
-1.774281,52,4.529782
-1.827902,51,4.554674
-2.066727,51,4.577116
-2.117236,51,4.599325
-1.939417,51,4.621483
-2.299822,51,4.643969
-1.568677,51,4.66795
-1.726966,51,4.690142
-1.469887,50,4.713549
-1.697832,51,4.73585
-1.621764,51,4.759354
-1.778664,50,4.781053
-1.677937,51,4.803031
-1.984082,51,4.826558
-1.648744,51,4.848661
-1.612485,51,4.870868
-1.39593,51,4.89309
-2.602223,51,4.916569
-1.697912,51,4.938945
-1.363352,50,4.960754
-1.457983,50,4.982873
-1.6923,50,5.004669
-2.628285,51,5.026949
-1.819671,52,5.049631
-1.396041,50,5.071296
-1.467054,51,5.09341
-1.781671,52,5.115783
-1.372824,51,5.138056
-1.887245,51,5.158834
-1.324415,51,5.179776
-1.614829,52,5.200777
-1.781271,51,5.223
-1.473106,52,5.24447
-1.620666,51,5.265658
-1.265722,51,5.49829
-1.433886,51,5.523353
-1.308216,52,5.546008
-1.50949,52,5.567502
-1.505875,51,5.588768
-2.306464,51,5.608789
-1.839849,51,5.629919
-1.711309,52,5.651086
-1.609903,51,5.673148
-1.703733,51,5.695403
-1.862875,51,5.717346
-1.497845,51,5.737805
-2.268616,51,5.759839
-1.510406,52,5.781332
-1.947295,51,5.802676
-2.459906,51,5.824665
-1.578064,51,5.846738
-1.617547,51,5.870683
-1.889172,50,5.892778
-1.41499,52,5.913168
-1.781641,51,5.933413
-1.63519,51,5.954458
-1.817521,51,5.974805
-1.473195,50,5.99521
-1.46858,52,6.015453
-1.615161,52,6.037068
-1.525884,51,6.056961
-1.22047,51,6.076697
-1.798482,52,6.099237
-2.409924,51,6.1199
-1.540516,51,6.141038
-1.827657,50,6.161489
-1.364043,51,6.183863
-1.844641,51,6.206322
-1.637787,51,6.22889
-2.075205,51,6.249746
-2.41414,52,6.270288
-1.620605,51,6.290596
-1.626043,51,6.312866
-1.651922,51,6.333591
-1.917705,51,6.565563
-1.79757,51,6.588152
-1.392714,51,6.60882
-1.433204,51,6.630693
-1.421957,51,6.650465
-2.177226,51,6.670481
-1.804744,52,6.69183
-1.639905,51,6.712348
-1.50687,51,6.733626
-1.397452,50,6.754562
-1.549719,50,6.781019
-1.718115,51,6.802031
-1.606325,51,6.822961
-1.564968,51,6.84417
-1.321521,50,6.863579
-1.520434,52,6.885123
-2.124874,51,6.904822
-1.311746,52,6.927177
-1.414318,51,6.947132
-1.775108,51,6.966845
-1.67527,51,6.987954
-1.513501,51,7.00765
-1.519221,51,7.028668
-1.514708,50,7.048012
-1.882142,52,7.068707
-1.883704,52,7.089594
-1.686372,51,7.110057
-1.852507,51,7.130329
-1.342986,51,7.150018
-1.43229,51,7.171094
-1.379021,50,7.190545
-1.681267,52,7.212054
-1.384967,50,7.231402
-1.395161,51,7.252595
-2.644452,51,7.272459
-1.630057,51,7.292929
-2.509854,51,7.31344
-1.31864,50,7.334774
-1.640166,51,7.355556
-1.518544,51,7.37566
-1.558603,51,7.59597
-2.13461,51,7.616896
-1.460703,51,7.637015
-1.82459,51,7.658297
-1.301592,51,7.678186
-1.5992,51,7.698346
-2.398725,51,7.719218
-1.346718,50,7.738748
-2.162783,51,7.759797
-1.407475,51,7.779773
-1.600646,51,7.802963
-1.672071,50,7.822589
-1.485815,51,7.842449
-1.814418,51,7.862568
-1.377548,51,7.88366
-1.253002,51,7.903393
-1.427034,52,7.924054
-1.809252,51,7.944917
-1.404609,50,7.964301
-1.298212,52,7.985798
-1.466704,51,8.005464
-1.654123,51,8.026483
-1.430531,51,8.046105
-1.991686,51,8.065968
-1.621683,51,8.086892
-1.615992,51,8.106504
-1.65833,51,8.127244
-1.527106,51,8.14731
-1.252921,50,8.167976
-1.689638,51,8.188489
-1.656462,51,8.208169
-1.552923,51,8.228571
-1.344107,52,8.249352
-1.905065,51,8.268987
-1.892992,51,8.290087
-1.527024,52,8.311643
-2.280875,51,8.331768
-1.355966,50,8.352613
-1.765067,51,8.372985
-1.980604,51,8.392909
-1.710255,51,8.414212
-1.70075,50,8.633049
-1.374934,51,8.654261
-1.612886,50,8.673848
-1.426176,51,8.693658
-1.595922,51,8.714814
-1.951659,51,8.734595
-1.89284,51,8.755056
-1.177604,51,8.775618
-1.980223,51,8.79528
-1.900164,51,8.814917
-1.47377,51,8.83683
-1.801825,51,8.857085
-1.88717,51,8.877897
-1.361061,51,8.898196
-1.276641,51,8.918855
-1.326507,51,8.939819
-1.627469,51,8.959459
-1.757676,50,8.980923
-1.459123,51,9.001227
-1.765009,51,9.022319
-1.432643,51,9.042494
-1.69453,51,9.063318
-1.393076,50,9.084228
-1.413927,51,9.104033
-1.715573,51,9.125135
-1.693543,51,9.144925
-1.787445,51,9.164697
-1.3968,51,9.186412
-1.564871,51,9.206689
-1.257507,50,9.226612
-1.327119,51,9.247577
-1.747626,51,9.26736
-1.919636,51,9.287087
-2.02491,50,9.307964
-1.573288,51,9.327834
-1.602073,51,9.348268
-1.716964,51,9.368931
-1.747136,51,9.388736
-1.370239,51,9.408582
-1.806327,52,9.430174
-1.547941,51,9.64592
-1.509068,51,9.665919
-2.027334,51,9.687137
-1.440723,51,9.707104
-1.945513,51,9.727125
-1.473482,50,9.747673
-1.211294,51,9.767955
-1.491632,50,9.78753
-1.390433,51,9.809635
-1.496443,51,9.829844
-1.649924,51,9.850539
-1.691028,51,9.871083
-1.717218,51,9.890887
-1.218637,51,9.910731
-1.461446,51,9.931602
-1.730731,51,9.951222
-1.896847,51,9.971805
-1.586736,51,9.991887
-1.562038,51,10.011473
-1.395739,51,10.031448
-1.256917,51,10.05216
-1.518123,52,10.0722
-1.471153,51,10.093061
-1.58415,51,10.112762
-1.607393,51,10.132355
-1.638048,51,10.152715
-1.622066,50,10.172819
-1.412992,51,10.192455
-1.950383,51,10.213466
-1.357145,51,10.233964
-1.444695,51,10.254053
-1.475434,51,10.274933
-1.691779,51,10.295122
-2.111471,51,10.315074
-1.389118,51,10.335403
-1.582972,51,10.356236
-1.841781,52,10.376518
-1.673105,51,10.39631
-1.781794,50,10.417164
-1.579139,51,10.438452
-1.870758,51,10.654615
-1.791484,51,10.67489
-1.61467,51,10.696129
-1.23764,50,10.715671
-1.473622,51,10.735609
-1.456607,50,10.756445
-1.637532,50,10.775964
-1.746683,51,10.795781
-1.505321,51,10.816672
-1.537571,51,10.836718
-1.693364,51,10.857503
-1.477373,50,10.877729
-1.390232,51,10.898627
-1.739102,51,10.918701
-1.271523,50,10.938454
-1.426792,51,10.959327
-1.585461,51,10.979901
-1.360977,50,10.9996
-1.672983,51,11.02091
-1.231069,50,11.040579
-1.308562,51,11.061314
-1.604861,52,11.083178
-1.455316,51,11.103148
-1.49322,52,11.123426
-1.498081,51,11.143251
-1.292569,51,11.164423
-1.5797,50,11.183839
-1.45097,51,11.20408
-1.695926,51,11.224837
-1.701114,51,11.244671
-1.219342,50,11.264137
-1.600786,51,11.285255
-1.632226,51,11.304921
-1.614744,51,11.325503
-1.806838,51,11.346135
-2.059586,52,11.366476
-1.658829,52,11.386839
-1.649626,50,11.40757
-1.207258,50,11.427106
-1.806992,51,11.447991
-1.38472,52,11.665792
-1.431845,51,11.685858
-1.424654,51,11.706597
-2.046928,51,11.736042
-1.357737,52,11.761135
-1.29772,51,11.782258
-1.730506,51,11.802296
-1.387775,51,11.823481
-1.241672,51,11.843268
-1.122196,50,11.863012
-1.306992,51,11.883991
-1.2932,51,11.903659
-1.514494,51,11.923418
-1.417903,51,11.94366
-1.468591,51,11.964206
-1.485006,51,11.983891
-1.337795,51,12.003501
-1.572316,52,12.024984
-1.179476,52,12.045106
-1.973799,51,12.064731
-1.36378,50,12.086366
-1.478616,51,12.106514
-2.153591,51,12.126629
-1.527509,51,12.147791
-1.741982,51,12.167929
-1.859735,51,12.1879
-1.373158,51,12.208399
-1.262202,51,12.228958
-1.885382,51,12.248785
-1.503074,51,12.268519
-1.359845,51,12.288981
-1.339887,51,12.309259
-1.226254,51,12.328872
-1.710831,51,12.348715
-1.482993,51,12.369383
-1.21472,50,12.389285
-1.44061,52,12.410587
-1.680877,51,12.430604
-1.563617,51,12.450356
-1.862649,51,12.470639
-1.666818,52,12.690527
-1.424144,51,12.711416
-1.367153,51,12.731578
-1.504636,51,12.752431
-1.563974,51,12.772691
-1.936948,51,12.7925
-1.430574,51,12.812636
-1.157414,50,12.833048
-1.563848,51,12.852771
-2.15737,51,12.872569
-1.631353,51,12.89367
-1.628984,52,12.913873
-1.448418,50,12.933311
-1.52381,51,12.953053
-1.650255,51,12.97412
-1.185908,52,12.994236
-1.515075,52,13.015192
-1.628527,51,13.035397
-1.620802,51,13.055211
-1.553757,51,13.074877
-1.343749,51,13.095573
-1.598048,51,13.115688
-1.458111,51,13.136309
-1.491655,51,13.156166
-1.639895,52,13.177649
-1.154251,51,13.197435
-1.347335,50,13.216802
-1.398176,51,13.237084
-1.676991,51,13.257542
-1.715867,51,13.277397
-1.356719,51,13.29714
-1.467287,51,13.318077
-2.090282,51,13.340133
-1.519609,51,13.360387
-1.382743,51,13.380411
-1.539359,51,13.401794
-1.899075,51,13.421904
-1.365655,51,13.441768
-1.832337,51,13.461604
-1.519874,51,13.481437
-1.554207,51,13.697792
-1.100324,50,13.717937
-1.596054,51,13.738009
-1.444202,52,13.759628
-1.318248,51,13.779475
-1.753553,51,13.799607
-1.05909,51,13.820522
-1.421922,52,13.840719
-1.891908,51,13.861752
-1.557665,52,13.882026
-1.315859,51,13.90182
-1.440977,51,13.922276
-1.60923,51,13.942692
-1.663826,50,13.962071
-1.809873,51,13.98179
-1.377613,51,14.002804
-1.752533,51,14.022528
-1.41032,51,14.042219
-1.894461,51,14.062053
-1.415062,51,14.082961
-1.270223,52,14.103043
-1.359871,51,14.122735
-1.50531,51,14.143828
-1.253446,52,14.165155
-1.909724,50,14.184868
-1.377576,51,14.204866
-1.241145,50,14.225891
-1.980302,50,14.245508
-1.340009,51,14.265474
-1.258512,52,14.28601
-1.326546,51,14.307095
-1.63088,51,14.326933
-1.239622,52,14.347162
-1.671187,52,14.368848
-1.460189,51,14.388787
-1.472846,50,14.408385
-1.322764,51,14.429594
-1.176936,51,14.449665
-1.598677,51,14.469859
-1.334588,51,14.490842
-1.936454,51,14.511376
-1.296739,51,14.729131
-1.502757,51,14.749098
-1.646011,51,14.768939
-1.547103,52,14.789926
-1.423441,52,14.811039
-1.379462,51,14.830782
-1.141481,51,14.850624
-2.245638,51,14.871748
-1.553013,51,14.891437
-1.497157,51,14.911156
-1.280455,52,14.93143
-1.209778,51,14.952398
-1.317436,51,14.972085
-1.393853,51,14.992838
-1.497542,51,15.013223
-1.612615,50,15.033796
-1.320934,51,15.053745
-1.429077,52,15.074079
-1.671963,52,15.094969
-1.405251,52,15.115942
-1.729889,52,15.136164
-1.460403,51,15.155914
-1.656443,51,15.176604
-1.203135,50,15.196499
-1.375305,51,15.216357
-1.379985,51,15.236622
-1.361519,51,15.257476
-1.223485,50,15.276922
-1.660671,51,15.296718
-1.51743,51,15.317879
-1.485495,51,15.337578
-1.599112,52,15.357749
-1.556968,50,15.37871
-1.982636,51,15.398848
-1.542821,52,15.419147
-1.509597,50,15.439568
-1.337464,51,15.459877
-1.385605,51,15.479744
-1.294709,51,15.499949
-1.544497,51,15.520931
-1.762168,51,15.738025
-1.496324,52,15.759513
-1.33539,51,15.779616
-1.531232,52,15.79987
-1.77409,51,15.821043
-1.293234,50,15.84057
-1.437592,51,15.860382
-1.271552,50,15.879837
-1.575257,51,15.900511
-1.610549,50,15.920378
-1.235515,52,15.940531
-1.455019,51,15.960298
-1.447372,51,15.981091
-1.325132,51,16.001107
-1.409539,50,16.020748
-1.307835,51,16.041947
-1.302253,50,16.06131
-1.33573,51,16.081136
-1.55953,51,16.100938
-1.193239,50,16.12173
-1.127018,50,16.141163
-1.837185,52,16.162035
-1.322387,51,16.182548
-1.26476,52,16.202669
-1.432228,51,16.223093
-1.31361,52,16.244625
-1.358883,52,16.265257
-1.39267,51,16.285084
-1.227881,51,16.30489
-1.581418,52,16.325082
-1.464049,52,16.346579
-1.192972,52,16.366865
-1.51988,50,16.386455
-1.327563,51,16.40766
-2.318228,51,16.427529
-1.550448,51,16.44866
-1.45932,52,16.470193
-1.765907,51,16.49017
-1.437958,51,16.51007
-1.46685,50,16.530212
-1.539292,51,16.746145
-1.247749,52,16.766593
-1.738568,51,16.791026
-1.447771,51,16.811296
-1.462486,51,16.83177
-1.272369,52,16.854042
-1.231222,51,16.874127
-1.545249,51,16.894061
-1.155248,51,16.913929
-1.386231,51,16.93515
-1.350186,51,16.955085
-1.452078,51,16.974863
-1.630912,51,16.994555
-1.1461,51,17.015703
-1.329188,51,17.039307
-1.355875,52,17.064751
-1.512606,51,17.085004
-1.496622,50,17.10456
-1.245529,51,17.124483
-1.40086,52,17.147712
-1.25697,50,17.16804
-1.713303,51,17.188661
-1.174822,50,17.208954
-1.511307,51,17.228756
-1.268658,50,17.2483
-1.404864,51,17.270317
-1.44779,51,17.290234
-1.198995,50,17.309774
-1.322051,51,17.329888
-1.512619,52,17.351152
-1.685275,51,17.370911
-1.3635,51,17.390563
-1.558199,51,17.410922
-1.311563,51,17.431668
-1.353387,51,17.45219
-1.346918,51,17.473714
-1.360385,51,17.494842
-1.385187,51,17.515216
-1.246703,51,17.536303
-1.557055,51,17.556383
-1.239359,50,17.773285
-1.330282,52,17.793763
-1.56782,51,17.814937
-1.165866,50,17.834373
-1.562903,51,17.854172
-1.297729,51,17.87481
-1.653749,51,17.894933
-1.517121,51,17.914666
-1.42081,51,17.93469
-1.275599,52,17.955791
-1.303268,51,17.975941
-1.329944,50,17.996202
-1.731183,51,18.015988
-1.4363,51,18.037206
-1.346389,52,18.057418
-1.18627,50,18.076895
-1.367434,51,18.098803
-1.195128,52,18.1196
-1.494731,51,18.139484
-1.420994,50,18.159523
-1.515224,51,18.18004
-1.254946,51,18.199676
-2.017922,52,18.221084
-1.363147,51,18.240861
-1.403502,51,18.260604
-1.662922,51,18.280235
-1.178596,52,18.301628
-1.427395,51,18.322596
-1.961736,52,18.342981
-1.251736,52,18.363135
-1.065938,51,18.384326
-1.388745,51,18.404069
-1.275659,52,18.42567
-1.25218,51,18.445512
-1.357578,51,18.465398
-1.293979,51,18.486651
-1.438908,51,18.506458
-1.265182,50,18.52596
-1.349591,50,18.546625
-1.768688,51,18.566552
-1.116882,51,18.785012
-1.021914,50,18.804755
-1.345383,52,18.825031
-1.388067,51,18.845748
-1.362566,50,18.865697
-1.294666,52,18.885999
-1.267895,51,18.906439
-1.435666,51,18.927273
-1.118418,51,18.947082
-1.31813,51,18.96817
-1.483586,51,18.988018
-1.327513,51,19.007821
-1.156134,51,19.027616
-1.189843,51,19.048809
-1.229088,50,19.068171
-1.366036,51,19.087932
-1.821025,51,19.109694
-1.514759,52,19.130306
-1.405412,51,19.150165
-1.833617,51,19.170066
-1.483269,51,19.191218
-1.311272,51,19.211367
-1.10201,52,19.23168
-1.55432,51,19.252216
-1.538631,51,19.272733
-1.175393,52,19.293018
-1.527713,51,19.312923
-1.429875,50,19.332477
-1.312734,52,19.353971
-1.455758,51,19.373692
-1.180589,50,19.393066
-1.171466,51,19.412678
-1.125961,50,19.433471
-1.29091,50,19.452968
-1.701406,51,19.474113
-1.326854,51,19.493999
-1.5092,51,19.514444
-1.343061,51,19.535342
-1.224012,52,19.555581
-1.568318,52,19.575852
-1.335036,51,19.791345
-1.415047,52,19.813294
-1.376913,51,19.83325
-1.444956,51,19.854471
-1.185182,50,19.874402
-1.42871,51,19.894366
-1.474364,51,19.915263
-1.259884,51,19.93563
-1.419759,52,19.956506
-1.382765,51,19.977227
-1.31961,51,19.997471
-1.350504,51,20.017224
-1.217466,51,20.036993
-1.301703,51,20.056746
-1.360305,51,20.077231
-1.344089,51,20.098421
-1.600355,51,20.119418
-1.40065,52,20.139607
-1.230982,51,20.160395
-1.271343,52,20.180852
-1.294197,51,20.200542
-1.47088,51,20.220781
-1.889901,51,20.241358
-1.596598,52,20.261548
-1.685242,51,20.28125
-1.675603,51,20.302292
-2.011387,51,20.322038
-1.568606,51,20.341853
-1.337291,51,20.361728
-1.31639,51,20.382913
-1.351293,51,20.40322
-1.691839,51,20.42433
-1.236281,50,20.444119
-1.458179,51,20.464158
-1.243558,52,20.485132
-1.149423,52,20.506293
-1.341227,51,20.526222
-1.165762,51,20.546018
-1.525348,51,20.56585
-1.113753,52,20.586277
-1.209212,50,20.803552
-1.105151,50,20.823488
-1.308522,50,20.843111
-1.295119,50,20.862743
-1.782964,51,20.883843
-1.280327,52,20.904232
-1.35724,51,20.924412
-1.35029,51,20.945419
-1.326813,51,20.967163
-1.400594,51,20.987302
-1.231496,50,21.006907
-1.480718,51,21.02748
-1.566624,51,21.04787
-1.166553,51,21.067712
-1.4264,51,21.091639
-1.036103,52,21.112347
-1.330218,52,21.132805
-1.189341,50,21.152384
-1.428513,52,21.172673
-1.258603,51,21.192787
-1.192973,51,21.213826
-1.310298,51,21.233717
-1.490465,52,21.255125
-1.52315,51,21.275891
-1.562179,51,21.296526
-1.339145,51,21.316305
-1.175824,50,21.335748
-1.214069,51,21.356937
-1.155345,50,21.376313
-1.391803,51,21.396973
-1.399474,51,21.417186
-1.132372,51,21.436898
-1.275642,51,21.457963
-1.254317,50,21.477476
-1.194705,51,21.497284
-1.22778,52,21.518795
-1.586695,51,21.538649
-1.11501,50,21.558289
-1.308771,51,21.579653
-1.261895,51,21.599726
-1.481457,51,21.816023
-1.155476,51,21.836606
-1.460126,51,21.857897
-1.347945,51,21.877757
-1.419627,51,21.897624
-1.250082,52,21.919255
-1.39233,51,21.939021
-1.200684,50,21.958478
-1.308365,51,21.97823
-1.209298,50,21.999007
-1.295326,51,22.019738
-1.290735,51,22.039628
-1.320593,51,22.059504
-1.099418,50,22.080339
-1.352541,51,22.100095
-1.335495,50,22.119472
-1.405064,51,22.139364
-1.549529,51,22.160428
-1.227675,51,22.180121
-1.340086,51,22.200734
-1.130643,50,22.220521
-1.585254,51,22.240273
-1.373314,51,22.259966
-1.142139,51,22.280654
-1.329432,51,22.30078
-1.379886,51,22.320582
-1.238751,52,22.341195
-1.31056,51,22.361783
-1.37088,51,22.381511
-1.436993,51,22.401224
-1.291011,50,22.422696
-1.495566,51,22.442751
-1.227129,51,22.463305
-1.503166,52,22.484093
-1.389092,51,22.503981
-1.478839,51,22.524228
-1.268782,51,22.545035
-1.394674,52,22.565285
-1.360754,51,22.585186
-1.263509,51,22.606359
-1.17579,50,22.626658
-1.192847,51,22.85696
-1.339022,51,22.877234
-1.391871,51,22.897254
-1.090931,50,22.916921
-1.294077,51,22.937085
-1.436776,51,22.956983
-1.221941,52,22.977243
-1.373496,51,22.997025
-1.750553,51,23.017995
-1.33564,51,23.038001
-1.434022,51,23.057795
-1.426217,51,23.077516
-1.222384,52,23.099014
-1.452246,51,23.118781
-1.411637,51,23.139845
-1.340933,51,23.159634
-1.484905,51,23.179399
-1.601413,51,23.199078
-1.182266,51,23.220182
-1.162763,52,23.240413
-1.390255,51,23.261117
-1.330899,51,23.28116
-1.362248,51,23.302377
-1.492153,51,23.323292
-1.321776,51,23.34325
-1.403735,51,23.363179
-1.261549,51,23.383838
-1.231162,51,23.404157
-1.387115,51,23.423936
-1.232665,50,23.443346
-1.311792,51,23.463961
-1.274824,51,23.484097
-1.256771,51,23.503897
-1.442197,51,23.523777
-1.240576,50,23.544258
-1.40938,51,23.564429
-1.271279,51,23.584247
-1.22517,50,23.604145
-1.215555,51,23.624969
-1.414539,52,23.645221
-1.14758,52,23.861623
-1.407164,51,23.882078
-1.273621,51,23.901844
-1.365517,51,23.927373
-1.376968,51,23.951849
-1.276161,51,23.972063
-1.470906,51,23.992104
-1.25476,51,24.012048
-1.094165,50,24.031626
-1.242076,51,24.053357
-1.23426,51,24.073296
-1.364263,50,24.092876
-1.11493,51,24.114041
-1.303877,52,24.134231
-1.171708,51,24.153943
-1.632505,52,24.174093
-1.211992,50,24.194818
-1.267051,51,24.214468
-1.220087,50,24.233817
-1.479397,50,24.253984
-1.445344,51,24.274969
-1.090961,50,24.294648
-1.334301,51,24.314511
-1.716566,51,24.334326
-1.071835,51,24.355376
-1.514651,51,24.375019
-1.270228,51,24.394777
-1.22765,51,24.415829
-1.319847,51,24.435751
-1.604815,51,24.455413
-1.175866,51,24.475616
-1.361859,51,24.497185
-1.26288,51,24.517163
-1.241822,51,24.537139
-1.554949,51,24.557124
-1.431379,52,24.577641
-1.474704,51,24.598702
-1.280824,51,24.618621
-1.345705,51,24.638496
-1.250583,52,24.659292
-1.402902,51,24.874236
-1.32022,52,24.89551
-1.680692,51,24.91553
-1.156942,51,24.935429
-1.357338,52,24.956947
-1.304243,50,24.976544
-1.16414,51,24.996361
-1.313617,51,25.016118
-1.452017,51,25.037262
-1.37101,51,25.057065
-1.444847,51,25.076757
-1.236256,51,25.098134
-1.232909,51,25.118865
-1.532575,51,25.138975
-1.176879,51,25.158961
-1.181882,52,25.179312
-1.352939,51,25.199729
-1.224065,51,25.220609
-1.378018,51,25.240622
-1.538851,51,25.260613
-1.242322,52,25.282188
-1.33619,51,25.301951
-1.312306,51,25.321703
-1.313497,51,25.341456
-1.299395,51,25.362037
-1.348269,51,25.382271
-1.288633,50,25.401634
-1.383158,52,25.421733
-1.51791,51,25.442371
-1.314582,51,25.462353
-1.220583,51,25.482037
-1.232893,51,25.501702
-1.56634,52,25.52303
-1.11096,51,25.543114
-1.153963,51,25.562927
-1.466459,50,25.582902
-1.242742,50,25.603192
-1.062344,50,25.622661
-1.259688,50,25.642188
-1.188079,51,25.662568
-1.461668,51,25.880059
-1.239854,51,25.900219
-1.34794,52,25.92111
-1.287667,51,25.942621
-1.16372,51,25.962518
-1.365083,51,25.982351
-1.142024,52,26.002544
-1.429086,51,26.023248
-1.302186,51,26.043314
-1.343013,50,26.062709
-1.462106,51,26.082816
-1.30354,51,26.103459
-1.190975,51,26.123164
-1.068209,52,26.143272
-1.265936,51,26.164315
-1.074997,51,26.184009
-1.192262,51,26.203711
-1.416865,51,26.223375
-1.403501,51,26.244329
-1.231326,51,26.263924
-1.170808,50,26.283418
-1.156732,51,26.303278
-1.440202,51,26.32441
-1.129899,51,26.344381
-1.43596,51,26.364282
-1.197212,51,26.385384
-1.507667,51,26.405197
-1.33418,51,26.425517
-1.297482,51,26.446346
-1.514217,51,26.466028
-1.330857,51,26.485862
-1.291483,51,26.506311
-1.187688,52,26.527064
-1.330656,50,26.547609
-1.390012,51,26.567853
-1.495554,51,26.588912
-1.338081,51,26.609337
-1.260687,51,26.629423
-1.201423,50,26.649028
-1.231092,51,26.670155
-1.265406,51,26.884005
-1.36655,52,26.907903
-1.223232,52,26.93593
-1.134966,51,26.963052
-1.287169,51,26.985144
-1.177748,50,27.004741
-1.264574,51,27.02467
-1.380222,52,27.044846
-1.180331,52,27.065006
-1.332517,51,27.084707
-1.575704,51,27.104379
-1.469523,52,27.124496
-1.18953,50,27.143844
-1.263938,51,27.163538
-1.407685,52,27.184974
-1.157021,51,27.204749
-1.177433,51,27.224387
-1.59774,51,27.244811
-1.540904,51,27.26509
-1.301344,51,27.284799
-1.35344,52,27.30504
-1.470032,51,27.325932
-1.217077,51,27.345577
-1.267664,52,27.367697
-1.192691,50,27.387737
-1.326236,52,27.408142
-1.250228,51,27.428126
-1.595967,51,27.448189
-1.112764,50,27.469029
-1.190503,52,27.489506
-1.191861,51,27.509505
-1.311872,51,27.529739
-1.403929,51,27.550813
-1.273936,51,27.571039
-1.281714,51,27.591286
-1.062501,50,27.611041
-1.622335,51,27.631087
-1.271801,51,27.65168
-1.147468,51,27.672392
-1.169164,50,27.6919
-1.378155,51,27.910923
-1.414569,51,27.931734
-1.200465,51,27.951988
-1.439902,51,27.971863
-1.151539,50,27.992082
-1.829341,52,28.012642
-1.274067,51,28.033919
-1.285688,51,28.053775
-1.22293,51,28.073678
-1.171165,50,28.093846
-1.27355,52,28.115374
-1.425672,51,28.135161
-1.220398,50,28.154591
-1.431864,52,28.174814
-1.08378,51,28.196586
-1.186373,51,28.216656
-1.162307,51,28.236455
-1.259752,51,28.25664
-1.313987,52,28.277786
-1.341845,51,28.29748
-1.275341,52,28.318818
-1.224448,51,28.338937
-1.090965,51,28.358963
-1.464358,51,28.380399
-1.154854,52,28.400787
-1.392217,51,28.420636
-1.094087,51,28.441828
-1.087656,51,28.461702
-1.173497,51,28.481563
-1.353804,51,28.501394
-1.324624,51,28.522564
-1.478304,51,28.542377
-1.356623,51,28.562076
-1.199195,51,28.58338
-1.090746,51,28.603382
-1.106068,51,28.62424
-1.190318,51,28.645321
-1.105156,51,28.665758
-1.269614,51,28.685842
-1.231595,51,28.705911
-1.436857,51,28.72596
-1.232638,52,28.946331
-1.19432,51,28.966409
-1.578662,51,28.986399
-1.668402,51,29.006489
-1.331086,51,29.027422
-1.484484,51,29.047178
-1.205978,51,29.066946
-1.430919,51,29.088074
-1.138133,51,29.107812
-1.20191,51,29.127506
-1.11351,52,29.147734
-1.157217,51,29.168107
-1.014647,50,29.188259
-1.214627,50,29.207623
-1.224642,50,29.227002
-1.219403,52,29.248781
-1.5651,51,29.269525
-1.151364,51,29.289495
-1.29005,51,29.309377
-1.228946,51,29.329274
-1.181413,51,29.349426
-1.331579,50,29.370143
-1.169901,52,29.390436
-1.216846,51,29.410404
-1.205846,50,29.431246
-1.178365,52,29.453051
-1.55819,51,29.473892
-1.401612,51,29.496038
-1.126973,51,29.518165
-1.170432,51,29.538012
-1.305152,51,29.557831
-1.419386,51,29.577552
-1.205613,51,29.597415
-1.464899,51,29.624081
-1.2439,52,29.644575
-1.156012,51,29.665396
-1.118337,51,29.685562
-1.096316,51,29.707021
-1.635054,51,29.727055
-1.176667,52,29.74842
-1.141291,51,29.969876
-1.152011,50,29.989742
-1.446776,51,30.009813
-1.249742,52,30.030122
-1.278819,51,30.049956
-1.052857,50,30.069446
-1.700111,51,30.089272
-1.30675,51,30.109065
-1.12912,51,30.129535
-1.277301,51,30.150059
-1.173462,51,30.169819
-1.365355,51,30.189635
-1.510663,51,30.210663
-1.299832,51,30.230347
-1.083453,51,30.250064
-1.254968,51,30.269988
-1.225662,51,30.291813
-1.127969,51,30.311916
-1.383246,52,30.332284
-1.330404,52,30.352496
-1.299453,52,30.373977
-1.362736,51,30.393703
-1.153034,51,30.413405
-0.991368,50,30.433448
-1.360475,51,30.453697
-1.17491,51,30.47343
-1.299676,51,30.494683
-1.175749,50,30.515846
-1.236669,51,30.536962
-1.392652,51,30.558107
-1.221887,50,30.578462
-1.197634,51,30.598782
-1.250378,50,30.619459
-1.318096,51,30.639427
-1.273836,51,30.659415
-1.365364,51,30.679365
-1.144087,52,30.701771
-1.159078,50,30.72156
-1.146173,50,30.741203
-1.446134,51,30.761154
-1.417915,51,30.975534
-1.288086,50,30.995769
-1.381262,51,31.01646
-1.329814,51,31.036397
-1.306008,51,31.056345
-1.116281,50,31.076561
-1.439433,51,31.097208
-1.301959,52,31.118328
-1.300899,52,31.139081
-1.282292,51,31.159119
-1.493055,51,31.179452
-1.406461,51,31.200313
-1.073451,51,31.220245
-1.333636,51,31.240081
-1.202221,51,31.260544
-1.163543,51,31.281026
-1.18311,51,31.300764
-1.107946,52,31.320847
-1.183528,51,31.340643
-1.242174,51,31.361746
-1.121894,50,31.381139
-1.340822,51,31.400926
-1.452975,51,31.420713
-1.318795,52,31.440794
-1.318151,51,31.461483
-1.322995,51,31.481592
-1.200172,51,31.50132
-1.272944,51,31.521505
-1.200997,51,31.543128
-1.311827,51,31.563191
-1.162246,51,31.583113
-1.446629,51,31.602935
-1.354061,51,31.624325
-1.139694,51,31.644268
-1.428739,51,31.664258
-1.268492,51,31.684225
-1.344535,51,31.704485
-1.224144,51,31.725509
-1.161817,51,31.745395
-1.265785,51,31.765392
-1.155652,52,31.980929
-1.397595,51,32.000969
-1.152363,50,32.020867
-1.1499,51,32.041743
-1.355632,51,32.061586
-1.126514,51,32.08135
-1.117587,51,32.101037
-1.183644,51,32.12203
-1.145522,51,32.141767
-1.151316,51,32.162088
-1.058506,51,32.182078
-1.175709,51,32.203311
-1.288543,51,32.223206
-1.258917,51,32.243084
-1.050951,51,32.262916
-1.307922,51,32.284097
-1.138891,52,32.304368
-1.115895,51,32.324107
-1.225354,52,32.344211
-1.122085,51,32.364426
-1.088148,50,32.385619
-1.586042,51,32.405551
-1.26508,50,32.425126
-1.140664,51,32.446571
-1.143829,50,32.466041
-1.284363,51,32.485867
-1.139364,52,32.507338
-1.18326,51,32.527166
-1.152072,51,32.546936
-1.644818,51,32.566718
-1.304107,51,32.588864
-1.251282,51,32.608893
-1.289257,51,32.628925
-1.240744,52,32.649352
-1.168172,52,32.670527
-1.210111,51,32.691001
-1.28599,51,32.710916
-1.349574,51,32.730802
-1.183761,51,32.75168
-1.160964,51,32.771994
-1.242345,50,32.983708
-1.221888,51,33.005351
-1.088693,50,33.025106
-1.332075,51,33.044969
-1.354361,51,33.064731
-1.362644,51,33.085943
-1.30062,51,33.10708
-1.300621,52,33.127586
-1.445907,52,33.147932
-1.132968,52,33.169807
-1.141752,52,33.190414
-1.293819,51,33.21038
-1.129978,52,33.231996
-1.169999,51,33.251845
-1.146659,51,33.271568
-1.295539,51,33.291407
-1.037291,50,33.311688
-1.183889,51,33.331993
-1.143022,51,33.35252
-1.176189,51,33.373548
-1.207437,51,33.396418
-1.308875,51,33.419702
-1.082311,50,33.44974
-1.103018,50,33.478844
-1.373584,51,33.510137
-1.190659,51,33.5405
-1.171798,51,33.580042
-1.256222,51,33.611595
-1.219661,50,33.644391
-1.195567,51,33.668189
-1.39219,51,33.68993
-1.233131,51,33.710235
-1.287494,51,33.730226
-1.352326,52,33.750702
-1.285613,52,33.772108
-1.186557,52,33.792561
-1.112675,50,33.812155
-1.193936,50,33.831733
-1.12905,51,33.851659
-1.065564,51,33.871513
-1.251682,51,34.085177
-1.186533,51,34.105432
-1.091882,50,34.125081
-1.321182,51,34.144933
-1.254475,50,34.16436
-1.425757,51,34.18409
-1.264491,51,34.203842
-1.154148,51,34.223584
-1.260606,52,34.243721
-1.210598,51,34.263403
-1.292889,51,34.283163
-1.241562,51,34.302814
-1.257656,52,34.322914
-1.160741,50,34.342373
-1.132855,52,34.362487
-1.18636,52,34.383872
-1.13594,51,34.410535
-1.111456,51,34.432242
-1.404982,51,34.464904
-1.221387,51,34.536481
-1.233499,50,34.583762
-1.427592,51,34.61642
-1.345375,52,34.637728
-1.390304,51,34.657991
-1.252476,52,34.678297
-1.087715,51,34.698085
-1.208626,50,34.71871
-1.078645,51,34.738748
-1.075283,51,34.766217
-1.28424,51,34.787166
-1.155821,51,34.808203
-1.199262,51,34.829339
-1.071419,51,34.84976
-1.149268,50,34.870885
-1.413653,51,34.891269
-1.163369,52,34.911875
-1.116055,51,34.93184
-1.205512,51,34.951675
-1.158502,50,34.971255
-1.161863,51,34.991113
-1.220505,51,35.203533
-1.254956,51,35.22397
-1.151651,52,35.244407
-1.322141,51,35.264351
-1.183631,52,35.284626
-1.257646,51,35.304618
-1.088801,51,35.325517
-1.26623,51,35.345319
-1.227554,51,35.366198
-1.087925,50,35.385867
-1.208328,51,35.405642
-1.241747,51,35.429878
-1.088168,51,35.450666
-1.248631,52,35.470956
-1.107295,51,35.492178
-1.152938,50,35.512702
-1.455896,51,35.532615
-1.391295,51,35.552406
-1.097629,50,35.573268
-1.058535,51,35.593112
-1.135263,51,35.613631
-1.292026,51,35.633949
-1.259136,51,35.653694
-1.213477,51,35.674852
-1.108095,51,35.695413
-1.158774,50,35.715091
-1.141641,51,35.736133
-1.387367,51,35.756143
-1.282716,50,35.775629
-1.134991,51,35.796119
-1.096068,50,35.816255
-1.209785,52,35.836361
-1.178783,51,35.857324
-1.255618,51,35.877141
-1.004423,50,35.897404
-1.040799,50,35.917238
-1.558856,51,35.938719
-1.232757,51,35.958843
-1.294248,51,35.978925
-1.127033,51,35.999052
-1.194104,50,36.018718
-1.163994,50,36.234831
-1.057367,51,36.254926
-1.282362,52,36.276547
-1.137097,51,36.297066
-1.159172,52,36.31752
-1.177558,50,36.337038
-1.114527,51,36.358238
-1.10145,51,36.378036
-1.321257,51,36.397792
-1.254078,51,36.418533
-1.113757,51,36.438431
-1.180016,51,36.458141
-1.179592,51,36.479166
-1.197049,51,36.49883
-1.256542,50,36.518195
-1.085055,51,36.537939
-1.13965,52,36.559388
-1.205117,52,36.579541
-1.127988,51,36.599988
-1.184553,52,36.620761
-1.247151,51,36.641132
-1.339003,51,36.661382
-1.201135,51,36.682344
-1.442829,51,36.702435
-1.296094,52,36.723588
-1.102689,51,36.743651
-1.022802,51,36.763582
-1.215155,50,36.784405
-1.228148,51,36.804215
-1.2625,51,36.82402
-1.123298,51,36.845129
-1.137044,52,36.865233
-1.274594,52,36.885482
-1.142841,51,36.905326
-1.13073,51,36.927314
-1.205246,50,36.947142
-1.195448,52,36.967581
-0.980137,51,36.987516
-1.158359,51,37.008735
-1.075556,50,37.028213
-1.117035,51,37.244375
-1.416,51,37.264488
-1.182523,51,37.284483
-1.058431,51,37.304301
-1.192795,51,37.323988
-1.276188,51,37.343775
-1.212484,51,37.364788
-1.144469,50,37.384099
-1.19725,52,37.404193
-1.138635,51,37.423987
-1.045246,51,37.444873
-1.061296,51,37.465903
-1.296783,51,37.485598
-1.184525,50,37.504858
-1.377814,51,37.525678
-1.13559,51,37.54543
-1.378431,51,37.566171
-1.080956,52,37.586597
-1.07837,51,37.606438
-1.183613,51,37.627627
-1.094098,52,37.647852
-1.258323,51,37.667637
-1.124368,52,37.689163
-1.191498,51,37.708988
-1.065577,51,37.728771
-1.071662,52,37.748912
-1.185123,51,37.769997
-1.080989,51,37.790133
-1.181671,51,37.809928
-1.179039,52,37.830081
-1.172304,51,37.850436
-1.159485,51,37.870814
-1.148946,51,37.890608
-1.217135,52,37.91219
-1.066271,51,37.932014
-1.168862,51,37.951898
-1.312237,51,37.972916
-1.179173,51,37.993006
-1.006956,51,38.012817
-1.305723,51,38.033109
-1.235566,51,38.248178
-1.031047,50,38.268143
-1.234339,51,38.2893
-1.108227,51,38.309308
-1.086357,51,38.330597
-1.07562,50,38.350424
-1.256768,51,38.370487
-1.24615,50,38.391614
-1.168312,51,38.411512
-1.185574,51,38.433107
-1.175423,51,38.461319
-1.115693,51,38.486273
-1.324058,52,38.508253
-1.203257,52,38.529865
-1.346921,51,38.549892
-1.051848,51,38.570043
-1.254209,51,38.590137
-1.17613,51,38.610232
-1.03327,51,38.631127
-1.324224,51,38.650941
-1.223786,51,38.670691
-1.130743,51,38.690827
-1.143797,51,38.711554
-1.068494,51,38.731275
-1.084983,51,38.751057
-1.138082,51,38.770796
-1.156503,51,38.791766
-1.235504,51,38.811599
-1.311527,51,38.831271
-1.353651,51,38.851907
-1.161701,51,38.872347
-1.162818,51,38.892078
-1.149428,50,38.911413
-1.174638,50,38.93097
-1.140608,51,38.952153
-1.1002,51,38.971919
-1.185408,51,38.991758
-1.171852,50,39.012271
-1.040575,50,39.032129
-1.099726,51,39.052009
-1.110992,52,39.266729
-1.26352,51,39.287598
-1.264174,51,39.308048
-1.109131,52,39.328275
-1.147051,51,39.347996
-1.224946,51,39.368836
-1.141523,51,39.388873
-1.089484,50,39.408287
-1.210029,52,39.428393
-1.284274,50,39.447765
-1.32625,51,39.46875
-1.098057,50,39.48824
-1.162016,52,39.508484
-1.20595,50,39.528359
-1.029939,51,39.548908
-1.207205,51,39.569519
-1.196843,51,39.589381
-1.164713,51,39.609221
-1.191616,52,39.630392
-1.137843,50,39.651604
-1.163815,51,39.671522
-1.162438,51,39.691437
-1.030173,50,39.7109
-1.074363,51,39.730986
-1.193022,51,39.751864
-1.293092,52,39.772038
-1.221895,51,39.791902
-1.343689,52,39.812812
-1.124497,52,39.833753
-1.25311,51,39.853447
-1.112189,50,39.872882
-1.206434,51,39.893585
-1.09671,50,39.914548
-1.206516,51,39.93456
-1.257744,51,39.954521
-1.285652,51,39.974483
-1.279102,51,39.994778
-1.188704,51,40.015775
-1.118937,51,40.035735
-1.126619,50,40.0553
-1.344175,51,40.271534
-1.054602,51,40.291774
-1.104058,51,40.311753
-1.106474,51,40.33294
-1.210858,51,40.352908
-1.352483,52,40.373087
-1.119325,50,40.393205
-1.081232,51,40.413684
-1.340791,51,40.433426
-1.161667,51,40.454521
-1.159392,51,40.474383
-1.242773,51,40.494183
-1.076553,52,40.514375
-1.179719,50,40.533965
-1.146627,51,40.554865
-1.13024,51,40.574591
-1.241804,51,40.594372
-1.032084,51,40.614172
-1.263627,51,40.635013
-1.206441,51,40.655836
-1.175333,51,40.676127
-1.230004,52,40.696616
-1.151955,51,40.716621
-0.981601,51,40.737347
-1.192823,52,40.758301
-1.248912,51,40.778264
-1.099062,51,40.799541
-1.180119,51,40.81949
-1.050278,50,40.838941
-1.122383,51,40.858628
-1.105586,50,40.878404
-1.167128,51,40.89988
-1.225344,51,40.919731
-1.1698,52,40.940159
-1.167903,51,40.960094
-1.296097,50,40.980999
-1.154539,51,41.001181
-1.150017,51,41.021017
-1.077866,51,41.040816
-1.050099,51,41.06066
-1.171973,51,41.276595
-1.38358,51,41.29833
-1.144331,52,41.318769
-1.261129,51,41.338666
-1.21009,51,41.358563
-1.177479,51,41.379729
-1.108842,50,41.399175
-1.163034,51,41.419013
-1.272635,51,41.43882
-1.202593,51,41.459035
-1.22587,51,41.480473
-1.156381,51,41.500565
-1.040399,52,41.520848
-1.114351,51,41.540646
-1.261262,51,41.561748
-1.174771,52,41.581913
-1.068341,51,41.60166
-1.032833,51,41.621332
-1.263804,51,41.641258
-1.226422,51,41.662152
-1.100843,50,41.681508
-1.134826,51,41.701231
-1.066335,50,41.727059
-1.09669,51,41.747741
-1.246341,51,41.767924
-1.092679,51,41.788111
-1.127635,50,41.807526
-1.452794,52,41.827593
-1.002772,50,41.848289
-1.209445,52,41.868793
-1.087194,50,41.888323
-1.453993,51,41.908377
-1.10191,51,41.929369
-1.103294,51,41.949414
-1.04451,51,41.969395
-1.191352,51,41.989389
-1.226096,51,42.009368
-1.147144,52,42.030824
-1.102144,50,42.050265
-1.179496,51,42.070019
-1.202116,51,42.090034
-1.303121,52,42.306474
-1.125195,51,42.327139
-1.144878,51,42.347135
-1.240487,50,42.366569
-1.139378,51,42.387366
-1.111827,51,42.407517
-1.166311,52,42.427691
-1.133474,51,42.449152
-1.075117,51,42.468846
-1.094714,51,42.488532
-1.240585,51,42.508213
-1.228902,51,42.528553
-1.161295,51,42.549362
-1.256658,50,42.568731
-1.099596,51,42.588453
-1.126732,50,42.60856
-1.281617,51,42.628832
-1.356449,51,42.648466
-1.100484,51,42.668129
-1.048381,50,42.687506
-1.304075,51,42.708487
-1.123448,52,42.729508
-1.023768,51,42.749425
-1.114784,51,42.769262
-1.141369,51,42.789018
-1.060434,51,42.809881
-1.099582,51,42.829766
-1.14031,50,42.849132
-1.055284,50,42.868506
-1.117882,50,42.88785
-1.172636,51,42.907957
-1.074429,51,42.929234
-1.454801,51,42.94933
-1.098763,50,42.968923
-1.370088,51,42.98886
-1.130363,52,43.009273
-1.05898,51,43.030698
-1.122106,51,43.050671
-1.228131,52,43.071099
-1.191724,51,43.091071
-1.041483,51,43.3044
-1.19993,50,43.324457
-1.167675,51,43.345313
-0.967343,50,43.36644
-1.00118,51,43.386359
-1.050732,51,43.406349
-1.375612,51,43.427348
-1.061767,50,43.446781
-1.151383,50,43.466137
-1.002905,50,43.485433
-1.006258,51,43.50604
-1.106589,50,43.525836
-1.252661,51,43.545537
-1.223788,51,43.565398
-1.099455,52,43.585539
-1.096516,51,43.605503
-1.077522,50,43.625878
-1.231523,51,43.64555
-1.005261,51,43.670119
-1.301783,51,43.697996
-1.223741,51,43.718041
-1.270182,52,43.738748
-1.091472,50,43.758517
-1.193374,51,43.778343
-1.137114,52,43.798625
-1.222151,51,43.818392
-1.173242,51,43.838121
-1.295043,52,43.858434
-1.251543,52,43.87856
-1.155505,51,43.898318
-1.127967,51,43.91925
-1.140933,51,43.939021
-1.045181,52,43.962186
-1.092929,51,43.98234
-1.161214,51,44.006189
-1.387853,51,44.02641
-1.055871,52,44.046779
-0.998261,50,44.066352
-1.159744,51,44.086246
-1.089209,51,44.106075
-1.216215,51,44.324841
-1.139159,51,44.345753
-1.063486,51,44.367932
-1.176359,51,44.387935
-1.176686,51,44.407763
-1.103353,51,44.42856
-1.163197,51,44.450367
-1.136088,51,44.470959
-1.099525,52,44.491077
-1.098932,50,44.510467
-1.070209,51,44.531565
-1.179106,51,44.551207
-0.903464,50,44.571297
-1.20984,51,44.591878
-1.166334,51,44.614591
-1.13271,51,44.635106
-1.184713,51,44.65684
-1.258398,51,44.677382
-1.222,51,44.698995
-1.106474,51,44.718681
-1.072059,51,44.739664
-1.241055,51,44.759362
-1.253356,52,44.779459
-1.133161,51,44.80007
-1.209713,50,44.820461
-1.102685,52,44.841473
-1.269093,52,44.86168
-1.212602,51,44.881633
-1.211787,51,44.902552
-1.04535,51,44.922853
-1.086873,50,44.942559
-1.129219,51,44.962342
-1.126368,50,44.981679
-1.346471,51,45.003772
-1.075502,51,45.024423
-1.347624,51,45.045602
-1.201718,51,45.066721
-1.049132,51,45.087775
-1.077983,51,45.109845
-1.185738,51,45.131809
-1.103223,51,45.347318
-1.178392,52,45.368104
-1.076811,51,45.389159
-1.209291,51,45.409814
-1.13227,52,45.430553
-1.059149,51,45.450649
-1.165795,51,45.470592
-1.125642,51,45.491785
-1.058322,52,45.512137
-1.076674,51,45.53201
-1.068312,51,45.551898
-1.036059,50,45.571452
-1.148988,51,45.592569
-1.141932,51,45.612307
-1.085998,50,45.632688
-1.082988,50,45.6522
-1.119319,51,45.672226
-1.365037,51,45.693084
-1.131951,51,45.712733
-1.170114,51,45.73244
-1.21754,51,45.75211
-1.243675,51,45.771733
-1.313896,51,45.792668
-1.212468,50,45.811981
-1.006154,51,45.832581
-1.083072,51,45.854071
-1.032406,50,45.873689
-1.264369,51,45.893639
-0.992916,51,45.913448
-1.237305,51,45.934585
-1.122945,52,45.954855
-1.275033,51,45.974627
-0.996809,52,45.99477
-1.023068,52,46.015085
-1.278538,51,46.035733
-1.268348,51,46.056584
-1.02069,52,46.077883
-1.312292,51,46.097939
-1.072771,51,46.117897
-1.196244,51,46.138707
-1.144723,52,46.354559
-1.102201,51,46.376012
-1.096654,52,46.39644
-1.240112,51,46.416463
-1.286027,51,46.436703
-1.168013,51,46.458278
-1.162286,51,46.478405
-1.264096,51,46.498304
-1.13096,51,46.518892
-1.048448,50,46.539056
-1.008659,50,46.558487
-1.205183,51,46.578376
-1.162267,51,46.599627
-0.95274,50,46.619192
-1.066563,51,46.638993
-1.004765,50,46.658548
-1.090123,51,46.67854
-1.187544,51,46.698725
-1.232529,51,46.719737
-1.146819,51,46.739635
-1.089802,52,46.75987
-1.073902,51,46.779649
-1.506347,52,46.801085
-1.119418,51,46.820901
-1.134626,51,46.840574
-0.986965,52,46.860748
-1.109302,51,46.880517
-1.174876,52,46.90206
-1.010805,51,46.921876
-1.246244,51,46.941609
-1.190004,52,46.961888
-1.127668,50,46.982401
-1.194012,51,47.00224
-1.232984,51,47.022094
-1.05984,51,47.042202
-1.140815,52,47.063527
-1.301533,51,47.083589
-1.140057,51,47.103416
-1.291306,51,47.123247
-1.083484,50,47.143986
-1.152448,52,47.357076
-1.118482,51,47.378282
-0.936365,50,47.398318
-1.192859,51,47.41829
-1.002679,51,47.438247
-1.176823,51,47.458171
-1.125262,51,47.479339
-1.155135,51,47.499115
-1.01364,51,47.518951
-1.097158,51,47.538745
-1.222821,51,47.558588
-1.140823,51,47.579653
-1.240601,51,47.599495
-1.141888,51,47.619195
-1.126897,52,47.639346
-1.146888,51,47.659067
-1.212997,51,47.680095
-1.087057,51,47.699762
-1.177709,52,47.720941
-1.192604,51,47.740791
-1.074488,50,47.76049
-1.007716,51,47.780785
-1.029297,51,47.801868
-1.055628,50,47.821472
-1.011113,50,47.841113
-1.166229,51,47.860955
-1.079153,51,47.880927
-1.111898,51,47.902294
-1.212526,51,47.922158
-1.325958,51,47.941954
-1.175776,50,47.963688
-1.246652,51,47.983447
-1.009835,50,48.002954
-1.062581,50,48.023334
-1.021958,51,48.043848
-1.06367,51,48.063708
-1.203395,51,48.084018
-1.048041,51,48.104357
-1.269814,51,48.124831
-0.962503,52,48.146153
-1.176353,51,48.166223
-1.073243,51,48.380573
-1.052551,50,48.400278
-1.095481,51,48.420243
-1.132317,52,48.441935
-1.111935,52,48.462055
-1.31772,52,48.482285
-1.101802,51,48.503356
-1.154611,52,48.523419
-1.232393,51,48.543158
-1.27303,51,48.562869
-1.218981,51,48.582584
-1.040596,51,48.602295
-0.978367,50,48.624591
-1.211158,51,48.646692
-1.060275,50,48.6662
-1.164722,51,48.685984
-1.082063,51,48.705735
-1.16966,51,48.725502
-1.178074,51,48.745295
-1.085746,51,48.764978
-1.121347,51,48.784708
-1.150953,51,48.805735
-1.043236,51,48.825454
-1.196904,52,48.845542
-1.044641,51,48.865198
-1.290451,52,48.885279
-1.12248,51,48.905658
-0.965564,50,48.925581
-1.153189,52,48.945763
-0.989562,52,48.965983
-1.030567,50,48.985449
-1.066747,51,49.006486
-1.222636,51,49.026433
-1.142766,51,49.046324
-1.208084,51,49.066274
-1.171256,51,49.086588
-1.187082,51,49.107203
-1.107587,51,49.126914
-1.207758,50,49.146281
-1.119373,51,49.166954
-1.195036,51,49.389182
-1.083411,51,49.409292
-1.047918,51,49.429315
-0.985061,51,49.449282
-0.988943,50,49.468843
-1.088972,51,49.488686
-1.081161,51,49.508505
-1.044212,51,49.529044
-1.301422,51,49.549173
-1.156429,51,49.56907
-1.095792,52,49.589342
-1.058501,51,49.609147
-1.035878,51,49.629743
-0.975262,51,49.650145
-1.158684,51,49.669941
-1.043044,51,49.689694
-1.057485,51,49.70969
-1.187251,51,49.729758
-1.24531,51,49.750685
-1.015914,50,49.77006
-0.925241,52,49.790207
-0.943513,50,49.809624
-1.097507,51,49.829318
-1.140293,51,49.849354
-1.218023,51,49.870176
-1.144785,51,49.889898
-1.026906,51,49.909673
-1.05775,52,49.929752
-1.199425,51,49.949453
-1.055391,51,49.971318
-1.203134,51,49.991368
-1.090963,52,50.011552
-1.024582,50,50.03109
-1.106698,51,50.050989
-1.219564,51,50.072231
-1.11474,52,50.092385
-1.070228,50,50.112097
-1.059531,52,50.132497
-1.157614,51,50.152515
-1.090258,51,50.172475
-1.237576,51,50.384982
-1.232624,51,50.405923
-1.109805,51,50.427511
-1.031397,51,50.447475
-1.064147,51,50.467417
-1.046137,51,50.488238
-1.249229,51,50.508377
-1.131893,52,50.52851
-1.012165,50,50.547853
-1.22526,52,50.567995
-1.050509,51,50.588066
-1.143729,51,50.609356
-1.187972,51,50.6302
-1.032227,51,50.650909
-0.963187,51,50.672194
-1.067468,51,50.693431
-1.17841,51,50.714647
-1.022796,51,50.738346
-1.217882,51,50.761479
-1.149948,51,50.784278
-1.198318,51,50.80548
-0.98979,52,50.827516
-1.134547,51,50.848305
-1.112499,51,50.869504
-1.14295,51,50.891538
-0.971894,50,50.913072
-1.468701,52,50.934246
-1.233132,51,50.954788
-1.169037,51,50.976355
-1.185843,51,50.998699
-1.144486,51,51.01958
-1.094401,51,51.040916
-1.099801,51,51.063835
-1.104983,51,51.087016
-0.933354,51,51.107953
-1.324885,52,51.12923
-1.283005,52,51.150407
-1.180806,51,51.172607
-1.067945,51,51.194973
-1.249416,51,51.216858
-1.103832,51,51.448147
-0.989023,51,51.469252
-1.297263,51,51.491658
-1.01329,51,51.51281
-1.081192,51,51.535004
-1.009853,50,51.557367
-1.060599,50,51.579489
-0.986743,51,51.600144
-1.125193,51,51.622334
-1.176805,51,51.64443
-1.151756,52,51.666991
-1.153922,51,51.689084
-1.121029,51,51.709785
-1.044845,51,51.731791
-1.165594,51,51.753805
-1.028994,51,51.775889
-1.169686,51,51.79649
-1.258656,51,51.818798
-1.222766,51,51.841129
-1.130739,51,51.863395
-1.142274,51,51.883776
-0.979799,50,51.903167
-1.144064,50,51.923892
-1.075009,51,51.943656
-1.24454,51,51.963943
-1.174475,51,51.984939
-1.161613,51,52.004954
-1.107109,51,52.026041
-0.996756,51,52.046013
-1.023642,50,52.065458
-1.062269,51,52.085252
-1.085296,52,52.105399
-1.035898,51,52.125119
-1.245016,52,52.146729
-1.1131,52,52.167108
-1.086177,51,52.186894
-1.086964,51,52.206744
-1.129053,51,52.226765
-1.180955,51,52.247788
-1.136472,52,52.268082
-1.09367,52,52.482095
-1.277168,50,52.503123
-1.071612,52,52.523393
-0.93147,51,52.543328
-1.059499,50,52.563066
-1.091395,50,52.58292
-1.038044,51,52.603874
-1.052018,51,52.623754
-1.192636,51,52.643576
-1.102706,52,52.663768
-1.113898,50,52.684635
-1.10036,52,52.704982
-1.031561,52,52.725061
-1.161024,51,52.744736
-1.033627,51,52.764383
-1.026582,52,52.78574
-1.124531,51,52.805365
-1.161523,51,52.82545
-1.050907,51,52.845159
-1.011627,51,52.865719
-0.985826,50,52.885339
-1.026964,51,52.904952
-1.101609,50,52.924173
-1.09463,52,52.944178
-1.189618,51,52.964037
-1.035641,50,52.984609
-1.179112,51,53.004245
-1.065833,51,53.023878
-1.028111,51,53.043521
-1.247783,51,53.064188
-0.987961,51,53.084212
-1.101469,52,53.104319
-1.069772,51,53.123806
-0.990677,50,53.14317
-0.998894,51,53.163237
-1.075016,51,53.183988
-1.042747,52,53.204142
-1.151777,51,53.223896
-1.202362,51,53.243631
-0.974133,51,53.264575
-0.997271,51,53.479402
-0.994268,51,53.4994
-1.021544,52,53.519644
-1.051494,51,53.539458
-1.026913,51,53.559282
-1.077482,51,53.579067
-1.010888,50,53.599789
-1.079381,51,53.619467
-1.027009,51,53.639143
-1.096559,51,53.658701
-1.050778,51,53.678873
-1.095494,51,53.699161
-1.226948,52,53.719526
-1.102033,51,53.739355
-1.183718,51,53.759138
-1.076078,51,53.778942
-1.142634,51,53.800019
-1.0924,51,53.81974
-1.086865,51,53.839495
-1.051521,50,53.858885
-1.128833,52,53.879865
-1.120999,51,53.900002
-1.05056,51,53.919571
-1.126263,51,53.944877
-1.00487,52,53.965674
-1.099907,51,53.985472
-0.965149,50,54.004879
-1.119945,51,54.024558
-1.195664,51,54.044237
-1.031095,51,54.064923
-1.200913,51,54.086002
-1.117364,51,54.105592
-1.151588,52,54.125581
-1.124856,51,54.145248
-1.113759,51,54.166254
-1.023533,51,54.185947
-1.266513,51,54.205704
-1.012694,51,54.225418
-0.975281,51,54.24645
-1.054038,51,54.26617
-0.916955,50,54.479501
-1.107341,51,54.500762
-0.966694,52,54.521385
-1.080476,51,54.542193
-1.089826,52,54.56257
-1.017181,50,54.582112
-1.133923,52,54.603104
-1.089602,51,54.623438
-1.106372,51,54.643123
-1.137216,51,54.66277
-1.139993,51,54.682403
-1.131115,51,54.702095
-1.103603,51,54.723093
-1.015575,51,54.742769
-1.059049,51,54.762359
-1.1104,51,54.782005
-1.096878,51,54.802629
-1.046864,51,54.82266
-0.912775,51,54.843366
-1.069304,51,54.863723
-0.977997,51,54.884103
-1.056162,51,54.905318
-0.976119,51,54.926395
-1.075687,50,54.947386
-1.084059,52,54.968953
-1.244938,52,54.990332
-1.062437,51,55.012373
-1.109798,51,55.03236
-1.037889,50,55.052008
-1.133226,51,55.073326
-1.138969,51,55.092992
-0.997782,51,55.112666
-1.041775,52,55.132753
-1.170056,50,55.152034
-1.076161,52,55.173367
-0.99259,51,55.194768
-1.161379,51,55.214702
-1.036767,50,55.234225
-0.968959,51,55.254067
-1.188859,51,55.273884
-1.106278,52,55.295507
-0.947363,50,55.506702
-1.05782,52,55.528193
-1.1019,51,55.548088
-0.968886,51,55.568568
-1.137784,51,55.588837
-1.254415,51,55.608784
-0.959274,51,55.629919
-1.196303,51,55.64971
-1.153291,51,55.669381
-1.088289,51,55.689066
-1.087797,51,55.70959
-1.395248,51,55.729853
-1.09875,51,55.749533
-1.091596,51,55.769176
-1.04932,51,55.788837
-1.02693,51,55.808526
-0.998518,50,55.828605
-1.289793,52,55.849214
-1.051573,51,55.86884
-1.03547,51,55.888462
-1.137844,51,55.908148
-1.11053,51,55.927656
-1.135111,51,55.948226
-0.896174,50,55.968003
-1.04216,51,55.98864
-0.979065,51,56.00873
-1.05243,52,56.028975
-1.02561,51,56.048725
-1.077234,51,56.068488
-0.930072,51,56.088973
-1.048789,51,56.109751
-1.039076,51,56.131004
-1.10826,52,56.15264
-1.209283,51,56.172673
-1.093742,51,56.193608
-1.028644,51,56.213792
-1.098611,51,56.233791
-1.103343,50,56.253401
-0.984502,51,56.273821
-0.94017,51,56.294411
-1.104092,51,56.507583
-1.165723,51,56.527659
-0.913693,51,56.547576
-1.191703,51,56.568429
-0.99864,51,56.58866
-0.981288,52,56.608948
-1.04709,50,56.628398
-1.019371,51,56.648093
-0.992002,50,56.668821
-1.116837,51,56.688603
-1.016713,52,56.708724
-0.969606,52,56.728778
-0.934233,50,56.748068
-1.154491,52,56.769436
-0.924908,50,56.788755
-1.348573,51,56.808442
-1.044202,51,56.829181
-1.043752,51,56.849077
-0.978352,50,56.868499
-0.995116,51,56.889597
-1.129981,51,56.909305
-1.151636,51,56.929115
-1.22803,51,56.948874
-1.14236,51,56.968744
-0.953629,51,56.98967
-1.037858,51,57.009576
-1.084736,51,57.029337
-0.990539,51,57.048996
-1.037035,51,57.068648
-0.958174,51,57.089729
-0.960311,50,57.109075
-1.034061,51,57.128797
-1.01973,51,57.148395
-1.060836,51,57.168438
-1.091578,51,57.189268
-0.92841,50,57.208742
-1.166266,51,57.229398
-0.950501,50,57.249177
-1.039565,51,57.269246
-1.125936,50,57.288863
-1.062229,51,57.503666
-1.104172,51,57.523703
-1.269611,51,57.543618
-1.199518,51,57.563851
-1.083226,51,57.584762
-1.280654,51,57.604582
-1.007638,51,57.624401
-1.056397,51,57.64494
-1.026656,51,57.664868
-1.127744,51,57.685963
-1.066694,51,57.705731
-1.013686,51,57.725438
-1.11621,51,57.745202
-0.997139,51,57.764904
-1.050176,52,57.784989
-1.013738,51,57.805982
-1.129913,51,57.82577
-1.16987,51,57.846214
-1.124299,50,57.865863
-0.959525,52,57.886115
-1.075509,51,57.906218
-0.962113,51,57.927026
-0.882574,52,57.947196
-1.057285,51,57.966908
-0.933223,50,57.986265
-0.938701,51,58.005915
-1.007861,51,58.027014
-0.988531,51,58.046637
-1.06943,52,58.06744
-1.007601,51,58.087199
-0.96502,50,58.106527
-1.174456,51,58.126063
-1.007091,51,58.145632
-0.906686,51,58.166438
-0.94455,51,58.186242
-1.099103,51,58.205956
-1.0756,51,58.225677
-1.102348,51,58.245456
-0.983521,51,58.267459
-1.196667,51,58.287501
-0.85259,51,58.501988
-1.028113,50,58.521878
-0.926869,51,58.541921
-0.975904,50,58.561583
-1.014519,51,58.581572
-0.946661,52,58.601901
-0.987898,51,58.621716
-1.161741,51,58.641487
-1.108738,51,58.661123
-1.01814,51,58.680801
-1.024543,52,58.700892
-0.968021,51,58.721949
-0.892357,50,58.741242
-0.985697,51,58.760922
-0.975021,51,58.780567
-1.101096,51,58.800194
-1.042024,50,58.819554
-1.0353,51,58.84054
-1.024912,52,58.860657
-0.982058,50,58.879967
-1.091493,51,58.90058
-0.985512,51,58.920574
-0.988261,51,58.940366
-1.169111,51,58.960175
-0.988406,51,58.981034
-1.032166,52,59.001553
-1.062734,50,59.02095
-1.090291,50,59.040303
-1.014656,51,59.06005
-1.005472,51,59.079748
-0.973189,52,59.100543
-0.974071,51,59.121243
-1.052908,51,59.141983
-1.047798,51,59.161763
-1.011813,52,59.182026
-1.121812,51,59.201942
-0.938914,50,59.221462
-1.239619,51,59.241332
-0.980527,50,59.262226
-1.011722,51,59.282013
-1.09979,51,59.493993
-1.038659,51,59.514131
-1.068452,51,59.534132
-0.919135,51,59.554121
-1.109789,51,59.573934
-1.067344,51,59.594106
-1.05371,51,59.615091
-1.063439,51,59.635023
-1.105369,52,59.655272
-0.939882,51,59.675102
-1.104066,51,59.694859
-0.979925,51,59.714693
-0.99973,51,59.734458
-1.02259,51,59.754274
-0.994289,51,59.775372
-0.89961,50,59.794762
-1.046187,50,59.814201
-0.985772,52,59.834364
-1.082678,51,59.854033
-1.049612,50,59.87334
-1.032849,51,59.893036
-1.188522,51,59.914082
-0.923686,50,59.934902
-1.043007,51,59.9557
-0.964819,51,59.977866
-0.946292,51,60.000021
-1.112048,52,60.028143
-1.05203,51,60.052068
-0.90121,50,60.07281
-1.045948,51,60.095684
-1.027456,51,60.11807
-1.464869,51,60.139643
-1.070208,52,60.162644
-0.895477,51,60.184635
-1.063619,51,60.205413
-1.07888,51,60.229183
-1.006555,51,60.250119
-1.104365,51,60.272708
-1.030682,51,60.294887
-0.900813,51,60.31675
-0.983673,52,60.546074
-0.958036,51,60.568429
-0.972264,51,60.589832
-0.959326,50,60.610175
-1.063094,51,60.631999
-1.084334,51,60.652982
-1.003819,50,60.673216
-1.110679,51,60.694059
-1.117368,52,60.715718
-0.969753,51,60.736854
-0.877479,51,60.757669
-1.046621,51,60.777733
-1.090676,52,60.797887
-1.129652,51,60.818848
-1.043366,51,60.838556
-1.101155,51,60.858388
-0.919103,50,60.877903
-0.984389,50,60.898858
-1.065405,51,60.918721
-0.982305,50,60.938202
-1.059322,51,60.958088
-0.976102,51,60.980269
-0.992247,51,61.000351
-0.982211,52,61.020713
-1.035624,51,61.040622
-0.98683,51,61.060433
-1.083756,51,61.08062
-1.019888,51,61.101504
-0.977744,52,61.12163
-1.02951,52,61.141714
-1.141826,51,61.162015
-0.972846,51,61.182474
-1.053749,51,61.202122
-1.081399,51,61.221787
-1.084455,51,61.242821
-1.203164,51,61.262581
-1.101123,51,61.282345
-0.899119,50,61.303083
-1.007738,51,61.322921
-1.025317,51,61.342716
-0.992732,51,61.36256
-0.987441,52,61.575897
-0.917054,51,61.597485
-0.874496,52,61.618609
-1.11597,51,61.638556
-1.061681,51,61.658471
-0.886241,51,61.679317
-1.238833,52,61.699925
-1.026452,51,61.72094
-1.094214,51,61.742919
-1.018321,52,61.764979
-1.440528,51,61.786035
-1.12546,51,61.80642
-0.990711,51,61.826881
-0.93175,51,61.847887
-1.033264,51,61.86893
-1.044703,51,61.889489
-1.032712,51,61.909943
-1.03482,51,61.930545
-0.960884,50,61.949835
-0.966007,51,61.969429
-1.020215,51,61.990064
-1.022909,51,62.011043
-1.111401,51,62.031687
-0.869565,51,62.052379
-0.988863,51,62.072284
-0.915087,51,62.092249
-0.99625,52,62.113499
-0.928285,51,62.134132
-0.959452,51,62.154997
-1.02625,51,62.174823
-1.063245,51,62.196437
-1.06814,51,62.216627
-1.025149,50,62.23613
-1.020895,51,62.255821
-1.099647,52,62.27615
-0.916424,50,62.296974
-0.978211,51,62.3171
-0.970669,51,62.338037
-1.093182,51,62.357849
-0.816307,50,62.377326
-0.940415,51,62.593299
-1.170608,51,62.615197
-0.818301,51,62.635564
-1.034652,51,62.655497
-0.961289,51,62.675923
-0.971141,51,62.69662
-1.062153,52,62.716867
-0.88242,51,62.736744
-1.049009,52,62.758095
-0.961554,51,62.777872
-0.960346,50,62.798205
-1.059176,51,62.818458
-1.045005,52,62.838553
-0.95863,52,62.85862
-0.94006,51,62.879456
-1.024759,52,62.899671
-1.049829,50,62.92027
-0.837675,51,62.940652
-1.079615,51,62.962224
-0.880495,52,62.983287
-0.94687,51,63.003652
-0.943266,50,63.025916
-1.092671,51,63.046703
-0.939819,52,63.068823
-1.003,51,63.091111
-0.910854,51,63.11172
-0.943162,51,63.132149
-0.929984,51,63.161065
-0.977492,51,63.184108
-1.031498,52,63.20625
-0.94977,50,63.22639
-1.028619,51,63.247561
-1.0065,50,63.267138
-0.960265,51,63.28692
-1.038547,51,63.306915
-1.104756,52,63.329933
-0.926426,51,63.350059
-0.912178,51,63.370095
-0.989877,51,63.390059
-0.973589,50,63.409495
-0.982949,51,63.635257
-0.922531,51,63.656748
-0.975665,51,63.676764
-0.970089,52,63.696974
-1.000783,50,63.717157
-1.046007,52,63.737964
-1.034134,51,63.757743
-0.898906,51,63.777453
-0.959772,51,63.797084
-0.995751,51,63.816843
-1.044594,51,63.837616
-0.935631,51,63.857509
-0.994857,50,63.878972
-0.906151,52,63.899812
-1.00295,51,63.920207
-0.941668,51,63.939809
-0.948766,51,63.959386
-0.998128,52,63.979359
-0.918353,52,64.000673
-0.923506,52,64.020686
-0.966548,51,64.040245
-0.994148,52,64.060773
-0.917245,51,64.082375
-0.930111,51,64.102307
-1.040352,52,64.123894
-0.975206,51,64.145132
-0.984214,51,64.164895
-1.078131,51,64.186022
-0.8306,51,64.205791
-0.833043,51,64.225558
-0.838182,51,64.245295
-1.089989,51,64.265251
-1.002706,51,64.286987
-1.044077,50,64.306447
-0.996808,52,64.326665
-0.834843,50,64.34621
-1.080104,50,64.366847
-1.002563,51,64.386936
-1.10339,51,64.408139
-0.93477,50,64.428568
-0.942106,51,64.646512
-0.890641,51,64.666685
-1.181412,51,64.686579
-0.911744,51,64.707465
-0.915578,52,64.728589
-1.040279,51,64.749402
-1.09285,50,64.782441
-0.898333,51,64.809462
-0.867123,50,64.830493
-0.968568,51,64.850422
-0.807244,51,64.87087
-0.796473,50,64.890553
-1.054367,51,64.912695
-1.117321,51,64.932593
-1.020696,52,64.952769
-0.872467,51,64.972452
-0.917288,51,64.99273
-0.93951,51,65.013127
-0.817984,51,65.032729
-0.795064,51,65.052349
-1.057441,51,65.072802
-0.900932,51,65.092785
-0.980663,51,65.113269
-0.95289,51,65.134768
-0.91823,51,65.1546
-0.949049,51,65.174324
-1.078388,51,65.194049
-1.002724,51,65.213749
-0.878776,51,65.234529
-0.905585,51,65.254422
-0.856463,51,65.274049
-1.094284,51,65.293743
-0.958742,51,65.313431
-0.95388,52,65.334105
-0.791886,52,65.354986
-0.914922,52,65.375148
-0.982269,51,65.394927
-1.000504,52,65.415057
-0.897801,52,65.436576
-0.923562,51,65.456436
-0.978701,51,65.668624
-0.927281,51,65.688776
-1.037622,51,65.708874
-1.059951,51,65.729179
-0.83077,52,65.749674
-0.958666,52,65.77012
-0.955714,51,65.789996
-0.901194,51,65.810701
-0.859348,51,65.831084
-0.846908,51,65.850889
-0.915328,50,65.870246
-1.117124,51,65.889963
-1.035514,51,65.911005
-0.952966,51,65.930698
-0.971646,50,65.949994
-1.05928,51,65.969656
-0.801505,51,65.989354
-0.89566,51,66.009044
-1.031398,51,66.02892
-0.896232,51,66.049671
-0.973151,51,66.069394
-0.960291,51,66.089209
-1.002114,51,66.10895
-0.894471,51,66.128623
-1.05235,51,66.150473
-0.778482,51,66.170438
-1.023652,51,66.190278
-0.837596,52,66.210538
-0.852904,52,66.231438
-0.917388,51,66.251826
-0.945718,51,66.271493
-0.974667,51,66.291457
-0.888695,51,66.313669
-0.848545,51,66.333911
-0.933114,51,66.354854
-1.013103,51,66.374957
-1.153376,51,66.394847
-0.915934,51,66.416002
-1.026044,52,66.436237
-1.072173,51,66.456042
-0.989212,51,66.667579
-0.789417,51,66.687518
-0.860719,51,66.707371
-0.891587,52,66.728916
-0.974183,51,66.748622
-0.865925,51,66.768454
-0.982893,51,66.788485
-0.968803,51,66.80879
-0.998754,51,66.829468
-0.948738,50,66.848824
-0.996443,51,66.868604
-0.961749,51,66.888282
-0.797018,51,66.908047
-0.962259,51,66.92834
-0.971999,51,66.94886
-0.884459,51,66.968599
-0.835775,51,66.988216
-0.906117,51,67.007766
-0.888415,51,67.027358
-0.889365,51,67.046948
-0.865982,50,67.066175
-1.045563,51,67.087127
-0.824114,51,67.106711
-0.939905,51,67.126272
-0.940791,51,67.145819
-0.976085,51,67.165438
-0.876028,52,67.185601
-0.905652,51,67.205813
-0.978916,52,67.22656
-0.755617,51,67.246094
-0.97661,51,67.265687
-0.884936,51,67.285243
-0.944044,51,67.304795
-0.857277,51,67.325254
-0.812727,51,67.345153
-0.955629,51,67.364852
-0.879967,51,67.384471
-0.952636,51,67.404149
-0.776473,51,67.423806
-0.873749,51,67.444612
-1.009579,51,67.654892
-1.017992,51,67.674806
-0.874035,51,67.694617
-0.833027,51,67.7144
-0.933392,52,67.734581
-1.017978,51,67.755661
-0.83876,52,67.775828
-0.774018,50,67.796063
-0.91551,52,67.81661
-0.958368,52,67.836875
-1.016334,51,67.858079
-0.984751,51,67.877868
-0.920156,51,67.897705
-0.94316,51,67.917449
-0.801454,50,67.93676
-0.867722,51,67.95661
-0.873522,51,67.977793
-0.956841,52,67.998065
-0.891434,52,68.018296
-0.80605,50,68.037803
-0.812472,51,68.057633
-0.939756,51,68.078756
-0.933959,51,68.099497
-0.947868,51,68.119466
-0.769153,52,68.139691
-0.83865,51,68.159485
-0.893505,51,68.179259
-0.86394,51,68.198933
-0.854549,51,68.218573
-0.764119,50,68.239256
-0.818847,51,68.258838
-0.953178,51,68.278472
-0.857163,51,68.298102
-1.017327,52,68.318135
-0.824997,52,68.339431
-0.921632,51,68.35943
-0.883557,51,68.37936
-0.945092,51,68.400628
-0.951799,52,68.420976
-0.841184,51,68.440925
-0.904743,51,68.668785
-0.952586,51,68.690409
-0.893258,51,68.710482
-0.864424,51,68.730397
-0.900258,51,68.750271
-0.991155,52,68.771294
-0.807733,52,68.792176
-1.116669,51,68.811962
-0.888975,51,68.831754
-0.805802,50,68.85113
-0.808821,51,68.870736
-0.871814,52,68.890773
-0.848142,50,68.910121
-0.93557,51,68.931142
-0.80859,50,68.950399
-0.91499,50,68.969722
-0.91678,51,68.989299
-0.867065,51,69.009026
-0.925728,51,69.028728
-0.807346,50,69.049264
-0.974075,51,69.068937
-0.811089,50,69.088147
-0.976873,51,69.108809
-0.893178,51,69.129017
-0.885668,50,69.148704
-0.967863,52,69.168968
-0.864778,51,69.189046
-0.817301,51,69.209962
-0.971654,51,69.229736
-0.835427,51,69.249489
-0.931181,50,69.268962
-0.872074,52,69.289126
-0.812708,51,69.308852
-0.957841,51,69.328527
-0.923828,51,69.348474
-0.915577,51,69.368968
-1.105512,51,69.388727
-0.781492,51,69.408491
-0.910975,51,69.428201
-0.777374,51,69.4479
-0.953354,50,69.468629
-0.923789,51,69.680882
-0.720819,50,69.700631
-0.836429,51,69.722028
-0.858633,52,69.742435
-0.913271,52,69.762727
-0.897698,50,69.782273
-0.886881,51,69.80251
-0.893833,51,69.823698
-0.902063,51,69.843444
-0.864731,51,69.863104
-0.845057,51,69.882754
-0.859156,51,69.902479
-0.888511,51,69.922134
-0.810231,52,69.942242
-0.973377,51,69.963103
-0.784189,51,69.98288
-0.813012,51,70.00251
-0.788046,51,70.022123
-0.728977,50,70.041452
-0.778354,50,70.06158
-0.85135,51,70.081506
-0.939451,50,70.102309
-0.826045,50,70.121657
-0.801035,51,70.14133
-0.882748,51,70.160941
-0.90118,51,70.180502
-0.783187,50,70.199707
-1.066148,51,70.220737
-0.875555,51,70.240339
-0.775855,51,70.259878
-0.9081,51,70.279462
-0.870635,51,70.298964
-0.905286,51,70.318773
-0.79635,52,70.339527
-0.867775,51,70.35994
-0.874265,51,70.379737
-0.979235,52,70.39986
-0.854322,51,70.419632
-1.055738,51,70.439419
-0.976184,51,70.459742
-0.826016,51,70.670959
-0.843739,52,70.69269
-0.95987,51,70.712522
-0.905255,52,70.732815
-0.902372,51,70.752607
-0.941811,51,70.772416
-0.875558,51,70.792157
-0.785406,51,70.813277
-0.883557,51,70.833015
-0.820361,51,70.852665
-0.841878,52,70.873475
-0.995191,52,70.893853
-0.826324,52,70.913997
-0.85661,51,70.933689
-0.791668,51,70.953397
-1.034313,51,70.974469
-0.941667,51,70.994121
-0.890576,51,71.013767
-0.932629,51,71.033371
-0.88511,52,71.053429
-0.903534,51,71.07307
-1.030386,50,71.093205
-0.829834,51,71.113371
-0.792475,52,71.133437
-0.807882,51,71.153026
-1.000683,51,71.172585
-0.824079,51,71.192247
-0.980898,50,71.212372
-0.869887,50,71.232146
-0.899185,51,71.251765
-0.882114,51,71.271913
-0.781282,51,71.291543
-0.849438,51,71.31105
-0.793256,52,71.332016
-0.860928,51,71.351952
-0.766939,51,71.37149
-0.912731,51,71.391195
-0.746411,51,71.41094
-0.71849,52,71.43144
-0.787332,51,71.452045
-0.870462,51,71.667
-0.815587,52,71.687432
-0.862915,51,71.707354
-0.820261,51,71.733455
-0.856445,52,71.757524
-0.88603,51,71.777829
-0.848251,50,71.797475
-0.905548,51,71.818867
-0.852949,51,71.838711
-0.832088,51,71.858476
-0.785883,50,71.87786
-0.92433,51,71.897704
-0.929359,52,71.918075
-0.753287,51,71.938996
-0.787868,50,71.958375
-0.853667,51,71.978082
-0.839555,51,71.997729
-0.769887,52,72.017872
-0.817989,51,72.0376
-0.725119,52,72.058801
-0.74573,51,72.078742
-0.925104,51,72.098435
-0.883276,51,72.118148
-0.721547,51,72.137844
-0.987221,51,72.157572
-0.974344,51,72.178509
-0.863421,51,72.198379
-0.798114,52,72.218549
-0.861708,51,72.238241
-0.742959,52,72.25833
-0.882091,51,72.278654
-0.811752,51,72.298947
-0.811895,51,72.318774
-0.876416,52,72.338838
-0.836755,51,72.358478
-0.972977,51,72.378065
-0.934533,51,72.39854
-0.734716,51,72.418951
-0.808977,50,72.438374
-0.808635,51,72.45814
-0.881434,51,72.670077
-0.777259,51,72.690281
-0.888024,51,72.710707
-0.841021,51,72.731933
-0.867623,50,72.751662
-0.876147,52,72.772201
-0.865165,50,72.791923
-0.84871,51,72.811901
-0.809222,50,72.83141
-0.935821,52,72.85154
-0.937708,51,72.87125
-0.837163,51,72.892334
-0.977008,51,72.911996
-0.826558,52,72.932841
-0.823378,52,72.953339
-0.840377,51,72.973142
-0.786572,51,72.992966
-0.860154,51,73.012743
-0.930237,51,73.033852
-0.997951,51,73.054012
-0.89958,51,73.073793
-0.914041,52,73.093938
-1.059257,51,73.113675
-0.942548,52,73.13434
-0.864623,51,73.154615
-0.755193,50,73.174245
-0.871131,51,73.194078
-0.773939,51,73.214419
-0.934133,51,73.234939
-0.838278,51,73.254746
-0.908832,52,73.274881
-0.903492,52,73.294956
-0.727101,51,73.314606
-0.857571,51,73.335418
-1.031023,51,73.35537
-0.904698,51,73.376087
-0.955017,52,73.396691
-0.905287,51,73.416487
-0.829594,51,73.436249
-0.901015,51,73.456043
-0.983932,51,73.667584
-0.866177,51,73.687535
-0.884084,51,73.708809
-0.814939,52,73.728994
-0.760522,51,73.748766
-0.917962,51,73.769459
-0.823191,51,73.789524
-0.913682,52,73.809754
-0.76564,51,73.830013
-0.821026,52,73.851412
-0.841147,51,73.871252
-0.762671,51,73.891132
-0.962074,51,73.910973
-0.946203,52,73.931249
-1.05011,51,73.951032
-0.800173,51,73.971619
-0.836064,51,73.991739
-0.81717,51,74.012923
-0.748387,51,74.032694
-0.789672,51,74.052379
-0.692904,51,74.072048
-0.892716,50,74.091478
-0.76981,51,74.111143
-0.790466,51,74.130824
-0.668138,52,74.152401
-1.067432,51,74.172142
-0.813694,51,74.191739
-0.762935,50,74.210983
-0.706678,51,74.230664
-0.891299,51,74.250295
-0.848214,51,74.269899
-0.944075,51,74.290914
-0.774236,51,74.310483
-0.969728,51,74.33009
-0.798315,51,74.349721
-0.749847,51,74.369324
-0.677711,52,74.390264
-0.86313,52,74.410684
-0.836374,51,74.431746
-0.750011,51,74.45175
-0.834937,51,74.664901
-0.862787,51,74.685033
-0.802858,51,74.704953
-0.7618,51,74.724826
-0.682669,50,74.745333
-0.767914,51,74.765605
-0.828931,51,74.785459
-0.739175,52,74.806685
-0.837501,51,74.826717
-0.777929,51,74.846507
-0.822965,51,74.866297
-0.856842,51,74.885948
-0.941727,51,74.906888
-0.855549,51,74.92659
-0.884842,51,74.946179
-0.816765,51,74.965705
-0.73669,51,74.985223
-0.82472,51,75.005896
-0.80341,51,75.026069
-0.859912,51,75.046012
-0.833964,51,75.065826
-0.836684,51,75.08701
-0.824088,51,75.106921
-0.801096,52,75.127143
-0.764751,51,75.147016
-0.869358,51,75.167018
-1.017197,51,75.186686
-0.782657,51,75.20709
-0.825205,52,75.22791
-0.782975,51,75.24871
-0.81035,51,75.268436
-0.835017,50,75.287813
-0.883556,51,75.307575
-0.94507,51,75.327356
-0.915285,52,75.347999
-0.773136,51,75.368435
-0.821016,51,75.388023
-0.80994,50,75.40744
-0.841843,51,75.427151
-0.73498,52,75.447287
-0.904172,51,75.658
-0.826577,52,75.678374
-0.901531,50,75.697864
-0.63766,50,75.717316
-0.934151,51,75.737102
-0.838312,51,75.757484
-0.774979,51,75.778
-0.838356,51,75.797689
-0.796056,52,75.817848
-0.777026,51,75.837541
-0.869619,51,75.857145
-0.702557,52,75.877172
-0.818678,51,75.896689
-0.80466,50,75.917262
-0.846184,51,75.936865
-0.992558,52,75.956874
-0.851386,51,75.976495
-0.751015,51,75.996071
-0.784765,50,76.015518
-0.919886,51,76.037418
-0.698865,52,76.058059
-0.791935,51,76.078886
-0.759817,52,76.100443
-0.809575,51,76.120219
-0.85663,51,76.139961
-0.736888,52,76.160198
-0.752174,50,76.179785
-0.695849,50,76.199365
-0.869285,51,76.220692
-0.917544,50,76.241317
-0.809489,52,76.26186
-0.821927,50,76.281433
-0.668196,50,76.301037
-0.879884,51,76.321226
-0.768818,50,76.341738
-0.783704,51,76.361456
-0.855548,51,76.381037
-0.855539,52,76.401303
-0.817909,51,76.421112
-0.850615,51,76.440911
-0.951573,51,76.652556
-0.790008,51,76.6727
-0.81859,50,76.692445
-0.77962,50,76.712069
-0.748247,51,76.733392
-0.737107,51,76.753316
-0.760049,51,76.773249
-0.990719,51,76.793186
-0.783055,51,76.813095
-0.843666,51,76.834397
-0.752423,51,76.854186
-0.845821,52,76.874368
-0.970178,51,76.894075
-0.762796,51,76.91384
-0.880458,51,76.933549
-0.821068,51,76.953491
-0.753086,51,76.974397
-0.659596,51,76.99416
-0.729499,51,77.014008
-0.839551,51,77.035154
-0.784372,51,77.054924
-0.783777,51,77.074644
-0.690123,51,77.094336
-0.815656,51,77.115385
-0.781345,51,77.134996
-0.776478,51,77.155591
-0.780556,50,77.175315
-0.714221,52,77.195648
-0.929467,51,77.215539
-0.83219,50,77.235034
-0.733115,51,77.25489
-0.825952,51,77.274697
-0.800639,52,77.296251
-0.858426,51,77.315879
-0.763893,51,77.335797
-0.804711,51,77.355681
-0.884267,51,77.375498
-0.701075,50,77.395104
-0.776923,50,77.415277
-0.70848,51,77.436376
-0.770593,51,77.648918
-0.834011,51,77.669881
-0.832809,51,77.689974
-0.722348,51,77.709988
-0.804219,52,77.731686
-0.898603,51,77.751609
-0.774864,51,77.771425
-0.728589,50,77.790919
-0.847198,51,77.810749
-0.758251,50,77.830204
-0.825778,52,77.851682
-0.772626,52,77.871744
-0.687354,52,77.89177
-0.762814,50,77.910988
-0.904302,51,77.930514
-0.777043,51,77.951548
-0.772677,51,77.971149
-0.785277,50,77.990417
-0.859927,51,78.0114
-0.770487,51,78.030972
-0.87196,52,78.051004
-0.674034,51,78.070582
-0.933479,51,78.090174
-0.779376,51,78.109833
-0.798465,51,78.130343
-0.828744,51,78.150463
-0.775038,51,78.171138
-0.769304,51,78.1911
-0.855181,51,78.210889
-0.738959,51,78.230709
-0.923535,52,78.252108
-0.881946,51,78.27204
-0.801999,51,78.29168
-0.821206,52,78.311831
-0.820388,50,78.332298
-0.828452,51,78.352332
-0.764235,51,78.3722
-0.850172,51,78.391898
-0.762925,50,78.412835
-0.869473,51,78.432709
-1.027177,50,78.452215
-0.772736,51,78.669337
-0.761228,51,78.689336
-0.852609,51,78.710184
-0.84914,51,78.730358
-0.780585,51,78.750307
-0.692117,51,78.770171
-0.835064,51,78.790051
-0.707177,50,78.809589
-0.826991,51,78.829429
-0.841523,51,78.849249
-0.842589,51,78.86894
-0.78796,52,78.889155
-0.746699,51,78.908826
-0.760801,51,78.929829
-0.694974,51,78.949538
-0.778475,51,78.969221
-0.755901,51,78.988877
-0.77606,51,79.008545
-0.819701,51,79.028202
-0.924864,51,79.04791
-0.78583,51,79.068971
-0.868958,51,79.088621
-0.880047,50,79.107957
-0.716584,50,79.128204
-0.663968,51,79.148223
-0.755704,50,79.167749
-0.811006,50,79.18711
-0.836901,51,79.206925
-0.870884,52,79.227104
-1.014991,51,79.246845
-0.766127,50,79.266117
-0.745143,51,79.287186
-0.797819,51,79.306885
-0.821303,51,79.327385
-0.925313,52,79.347701
-0.737236,51,79.367469
-0.86601,51,79.387113
-0.656704,50,79.40642
-0.835692,51,79.426194
-0.771197,51,79.4459
-0.7999,51,79.660323
-0.74915,52,79.681029
-0.766549,51,79.701249
-0.774091,51,79.72137
-0.803545,52,79.741937
-0.771511,51,79.762092
-0.909497,51,79.782175
-0.86655,51,79.802155
-0.749754,51,79.822075
-0.715103,50,79.841678
-0.970239,51,79.861436
-0.892304,51,79.881171
-0.804597,51,79.901148
-0.708499,50,79.921649
-0.797407,52,79.941699
-0.797445,51,79.962445
-0.680752,51,79.982343
-0.708418,51,80.002184
-0.822091,52,80.022365
-0.790593,51,80.043381
-0.897196,52,80.065161
-0.770528,51,80.085452
-0.82182,51,80.105168
-0.777939,51,80.124923
-0.754556,51,80.144696
-0.870094,51,80.164497
-0.802833,51,80.184311
-0.789012,51,80.204009
-0.676593,51,80.224685
-0.811083,50,80.244376
-0.69674,51,80.264031
-0.981569,51,80.2837
-0.75561,51,80.303381
-0.635764,51,80.323054
-0.753623,51,80.342725
-0.667517,51,80.362433
-0.759,52,80.395834
-0.735623,51,80.429024
-0.732986,52,80.451182
-0.894193,51,80.472374
-0.890697,51,80.684257
-0.925364,51,80.704217
-0.843638,51,80.724157
-0.843427,50,80.743698
-0.793672,51,80.763482
-0.896866,51,80.784433
-0.809655,51,80.804481
-0.789513,51,80.824416
-0.841819,51,80.844532
-0.848272,51,80.864493
-0.829818,51,80.884357
-0.741818,51,80.904229
-0.860851,51,80.924126
-0.717874,51,80.943962
-0.772705,51,80.963836
-0.853,51,80.983803
-0.91672,52,81.004051
-0.784349,51,81.023865
-0.871763,52,81.044048
-0.760583,51,81.063777
-0.86321,51,81.083451
-0.743441,51,81.103178
-0.767593,51,81.122925
-0.701896,51,81.142605
-0.740544,51,81.162313
-0.790185,51,81.18222
-0.977072,51,81.201984
-0.812243,51,81.22308
-0.784444,51,81.242729
-0.808042,52,81.262853
-0.837586,52,81.283148
-0.935114,51,81.303965
-0.722375,50,81.323255
-0.756278,51,81.34294
-0.682022,51,81.362889
-0.710595,51,81.383586
-0.804775,51,81.403235
-0.960495,51,81.422756
-0.810253,51,81.442526
-0.806897,51,81.462332
-0.823815,51,81.677028
-0.883661,51,81.696967
-0.803453,51,81.716948
-0.784332,50,81.736536
-0.710718,52,81.756828
-0.834931,51,81.776634
-0.828643,52,81.798692
-0.763176,51,81.818525
-0.763368,50,81.838001
-0.721608,50,81.857456
-0.780135,50,81.876927
-0.727215,50,81.897312
-0.781739,51,81.917284
-0.99229,51,81.936971
-0.889922,52,81.957086
-0.784383,51,81.976794
-0.92077,51,81.996501
-0.734123,51,82.015997
-0.757173,50,82.036776
-0.832872,51,82.056566
-0.770241,51,82.076277
-0.982383,52,82.09646
-1.001993,51,82.116191
-0.708953,50,82.135597
-0.960003,51,82.156783
-0.961378,52,82.176926
-0.719123,51,82.197738
-0.745953,51,82.217679
-0.740905,51,82.237477
-0.674517,52,82.257673
-0.809189,51,82.277462
-0.937578,51,82.297118
-0.807378,51,82.316809
-0.711957,50,82.337519
-0.747608,52,82.357591
-0.776019,50,82.376926
-0.75516,51,82.396585
-0.830678,51,82.417052
-0.732647,51,82.437034
-0.899316,51,82.457289
-0.77946,51,82.671522
-0.70496,50,82.691185
-0.84601,51,82.71121
-0.779059,51,82.73116
-0.930732,51,82.751108
-0.825594,51,82.77231
-0.764002,50,82.791845
-1.023573,51,82.81173
-0.867571,51,82.831525
-0.859504,51,82.851352
-0.886475,52,82.871559
-0.724219,51,82.891275
-0.699845,52,82.912442
-0.696427,51,82.932319
-0.939984,51,82.951974
-0.774146,51,82.971748
-0.754021,51,82.991395
-0.797923,51,83.011052
-0.867635,51,83.031696
-0.831209,52,83.052073
-0.681088,51,83.073317
-0.826436,51,83.093089
-0.796709,51,83.112868
-0.756392,52,83.132966
-0.90188,52,83.153217
-0.815279,51,83.17278
-0.87688,51,83.192619
-0.837955,51,83.212479
-0.764873,51,83.232906
-0.682891,51,83.253137
-0.846202,51,83.273349
-0.783744,51,83.294365
-0.830996,52,83.314672
-0.863792,51,83.335698
-0.799333,52,83.356242
-0.769354,52,83.376496
-0.754983,51,83.396235
-0.689886,51,83.415929
-0.817427,51,83.43574
-0.898952,51,83.455634
-0.791554,50,83.667945
-0.772007,51,83.687841
-0.776641,51,83.707781
-0.778348,51,83.727768
-0.880508,51,83.747975
-0.696652,50,83.769659
-0.763771,51,83.790105
-0.7624,51,83.815561
-0.756424,51,83.835753
-0.734349,50,83.856099
-1.007998,51,83.876257
-0.800323,51,83.896091
-0.917237,51,83.91589
-0.796939,50,83.938797
-0.880017,51,83.961548
-0.815256,52,83.982
-0.886112,51,84.002548
-0.731021,51,84.022418
-0.708219,51,84.042142
-0.687844,51,84.061793
-0.792118,51,84.081859
-0.781492,51,84.101603
-0.97541,51,84.121308
-0.654784,50,84.140617
-0.72701,51,84.160238
-0.802346,51,84.179925
-0.780347,51,84.200632
-0.906639,51,84.220844
-0.91396,51,84.240462
-0.783112,51,84.260183
-0.752204,52,84.280359
-0.761742,50,84.29969
-0.869718,51,84.319384
-0.780494,51,84.340393
-0.744206,50,84.359496
-0.709466,51,84.379319
-0.925711,52,84.39956
-0.83269,51,84.419348
-0.799933,51,84.439681
-0.73389,50,84.460812
-0.734435,51,84.482839
-0.708228,52,84.696872
-0.756764,52,84.717305
-0.707873,51,84.737622
-0.68669,51,84.758443
-0.816258,51,84.778305
-0.689857,50,84.797824
-0.764794,51,84.817664
-0.922293,51,84.837439
-0.719311,50,84.856945
-0.728896,52,84.878475
-0.619405,50,84.898737
-0.811562,51,84.918617
-0.685708,50,84.938076
-0.649898,50,84.957466
-0.718293,51,84.977221
-0.855932,51,84.996955
-0.766658,52,85.017112
-0.909441,51,85.036857
-1.002434,51,85.05795
-0.771175,50,85.077188
-0.765066,52,85.097421
-0.705019,50,85.116781
-0.776378,51,85.13643
-0.720514,50,85.155692
-0.966705,51,85.175301
-0.608252,50,85.194569
-0.773538,51,85.21551
-0.821067,50,85.234744
-0.734477,51,85.254368
-0.68278,50,85.273603
-0.779109,51,85.29316
-0.692729,51,85.312913
-0.84032,51,85.332531
-0.754093,52,85.352573
-0.737965,51,85.372169
-0.757777,51,85.393081
-0.864135,51,85.41265
-0.79752,51,85.432206
-0.724398,51,85.451741
-0.660642,50,85.471079
-0.795771,51,85.687954
-0.69496,50,85.707563
-0.847944,51,85.728371
-0.729598,51,85.74849
-0.799954,51,85.76838
-0.78754,51,85.788258
-0.760564,51,85.808143
-0.753137,52,85.828444
-0.7818,50,85.847871
-0.833101,51,85.867614
-0.688998,51,85.887343
-0.836491,51,85.906984
-0.979776,51,85.927405
-0.900399,51,85.947387
-0.962551,51,85.967129
-0.788785,51,85.986892
-0.934303,51,86.006569
-0.723611,51,86.026177
-0.732206,50,86.045472
-0.770625,52,86.065543
-0.769257,51,86.085241
-0.766673,51,86.104874
-0.81237,50,86.124143
-0.810114,52,86.144189
-0.714567,50,86.164249
-1.102973,51,86.184524
-0.686588,52,86.204528
-0.775266,51,86.22502
-0.820576,52,86.245465
-0.753043,51,86.265402
-0.844067,51,86.285161
-0.749792,50,86.30459
-0.775633,52,86.325981
-0.817823,51,86.345897
-0.707501,51,86.365598
-0.770255,51,86.385334
-0.800275,51,86.404933
-0.8958,51,86.424661
-0.756666,50,86.443831
-0.738077,51,86.463802
-0.999006,51,86.675708
-0.730882,51,86.695429
-0.674524,51,86.716796
-0.753691,51,86.737707
-0.824041,51,86.75837
-0.811318,50,86.778289
-0.723885,50,86.79818
-0.745374,52,86.818806
-0.695575,50,86.838619
-0.779537,50,86.858314
-0.744551,51,86.878194
-0.794843,50,86.897592
-1.113588,51,86.918293
-0.867875,51,86.938253
-0.804162,51,86.958073
-0.722705,50,86.977473
-0.760716,51,86.99718
-0.69278,51,87.01733
-0.855943,51,87.037999
-0.818889,51,87.057686
-0.785364,51,87.077331
-0.76859,50,87.096646
-0.847413,51,87.116233
-0.755782,51,87.135882
-0.726237,52,87.157005
-0.873181,51,87.176928
-0.945941,51,87.196762
-0.707802,51,87.216603
-0.918107,52,87.236803
-0.842379,51,87.25655
-0.730026,51,87.276318
-0.914432,51,87.296721
-0.872321,51,87.317208
-0.755581,51,87.33689
-0.680893,50,87.35704
-0.869133,50,87.376574
-0.849512,51,87.396341
-0.847723,50,87.415676
-0.88584,51,87.435265
-0.829724,51,87.454946
-0.745911,51,87.666276
-0.692224,51,87.686098
-0.72095,51,87.705766
-0.748636,51,87.725599
-0.70196,50,87.745062
-0.841174,51,87.765665
-0.762584,51,87.785789
-0.876648,51,87.807095
-0.873642,51,87.827033
-0.791585,51,87.846828
-0.785631,51,87.866703
-1.058013,51,87.886643
-0.750591,51,87.906542
-0.792653,51,87.926374
-0.828202,51,87.94622
-0.95517,51,87.966015
-0.668234,51,87.985794
-0.86982,51,88.008385
-0.681961,50,88.028113
-0.685518,50,88.047565
-0.83456,51,88.067365
-0.852926,52,88.087444
-0.800058,50,88.10675
-0.852721,51,88.126496
-0.822844,52,88.146626
-0.816465,50,88.166082
-0.733215,52,88.18628
-0.870057,51,88.205964
-0.755997,51,88.226143
-0.724726,51,88.247718
-0.787746,50,88.267273
-0.894638,51,88.286993
-0.881629,52,88.307095
-0.861816,51,88.326821
-0.981081,51,88.347452
-0.887967,51,88.36736
-0.733441,50,88.387599
-0.717425,50,88.407115
-0.756636,51,88.426846
-0.911244,51,88.446427
-0.810048,51,88.466253
-0.795819,52,88.682798
-0.631598,51,88.702655
-0.650214,51,88.722631
-0.785078,51,88.742533
-0.752839,51,88.763404
-0.809674,51,88.783488
-0.875205,51,88.803313
-0.78775,51,88.823103
-0.768644,51,88.842915
-0.78703,50,88.862375
-0.745224,51,88.882146
-0.875582,51,88.901781
-0.769447,51,88.921471
-0.843249,51,88.941131
-0.75563,50,88.961521
-0.854834,51,88.981434
-0.740391,51,89.001374
-0.640521,50,89.020633
-0.795493,51,89.040464
-0.737223,52,89.060728
-0.777375,51,89.080506
-0.694539,50,89.099962
-0.810967,52,89.120181
-0.744053,50,89.139685
-0.922294,51,89.160773
-0.769146,51,89.180679
-0.765436,50,89.200764
-0.800647,50,89.220631
-0.759131,51,89.241271
-0.804226,51,89.261165
-0.797544,51,89.280995
-0.823398,51,89.300715
-0.727018,52,89.320749
-0.728627,51,89.34037
-0.824151,51,89.360025
-0.731445,51,89.379653
-0.778495,52,89.399669
-0.699454,52,89.420725
-0.761832,51,89.4408
-0.842125,51,89.461774
-0.693513,51,89.675182
-0.854379,51,89.695062
-0.788146,51,89.715055
-0.708934,51,89.735225
-0.822483,52,89.755548
-0.8173,51,89.775457
-0.845244,51,89.795351
-0.736447,51,89.816454
-0.746291,51,89.836429
-0.774456,51,89.856165
-0.714301,51,89.875888
-0.7216,51,89.89549
-0.702302,51,89.915159
-0.814219,51,89.934804
-0.815995,51,89.95448
-0.751193,52,89.974464
-0.692222,51,89.994057
-0.777575,52,90.014062
-0.691252,52,90.035447
-0.715171,51,90.055084
-0.761274,50,90.074387
-0.845891,51,90.094031
-0.742917,51,90.113737
-0.814873,51,90.13343
-0.780241,52,90.15354
-0.720239,50,90.172734
-0.803601,51,90.192705
-0.773723,51,90.213579
-0.793856,51,90.233334
-0.701357,50,90.253876
-0.73592,51,90.273946
-0.648845,50,90.293646
-0.86778,51,90.313678
-0.653403,50,90.333277
-0.834665,51,90.353248
-0.877157,51,90.3731
-0.801386,52,90.393239
-0.902797,51,90.412975
-0.714008,51,90.432606
-0.769368,51,90.453647
-0.723397,51,90.666459
-0.801419,51,90.68619
-0.727086,51,90.70616
-0.822668,51,90.726074
-0.809404,51,90.745918
-0.790556,51,90.76572
-0.789462,50,90.786616
-0.720307,51,90.806469
-0.916945,51,90.826326
-0.766774,51,90.846233
-0.836024,52,90.866466
-0.894168,51,90.886179
-0.793508,51,90.905899
-0.744309,51,90.925593
-0.733009,51,90.94532
-0.814504,51,90.96501
-0.706406,51,90.985043
-0.751588,51,91.005681
-0.736755,52,91.025798
-0.754726,51,91.045461
-0.890976,50,91.064694
-0.895597,51,91.085514
-0.797817,51,91.105426
-0.860924,51,91.127387
-0.757066,51,91.147277
-0.726492,50,91.166812
-0.766706,51,91.186567
-0.805591,51,91.20631
-0.980835,51,91.226068
-0.735549,51,91.245793
-0.864857,51,91.265605
-0.739974,51,91.285446
-0.753873,52,91.305598
-0.730819,51,91.325349
-0.805804,51,91.344954
-0.748171,52,91.365291
-0.72069,50,91.384781
-0.829542,51,91.405959
-0.799402,52,91.426199
-0.702773,52,91.446309
-0.867105,50,91.660109
-0.676989,52,91.681328
-0.854688,51,91.701456
-0.789913,52,91.721959
-0.871947,51,91.741839
-0.755914,51,91.76184
-0.763033,51,91.781778
-0.658138,51,91.801694
-0.937341,51,91.821741
-0.670159,51,91.845411
-0.815852,51,91.865527
-0.766186,50,91.884974
-0.780867,51,91.904669
-0.832452,51,91.924383
-0.717219,51,91.944313
-0.799419,51,91.965277
-0.790685,51,91.984908
-0.881422,51,92.004545
-0.835663,51,92.024272
-0.78188,52,92.044382
-0.796832,51,92.064022
-0.80041,51,92.083665
-0.742193,51,92.10425
-0.740548,52,92.124676
-0.838598,51,92.144613
-0.639633,50,92.164119
-0.724444,52,92.185761
-0.800374,51,92.205576
-0.722211,51,92.225412
-0.746639,51,92.245214
-0.917449,51,92.264955
-0.81438,51,92.284638
-0.749376,50,92.30466
-0.796469,51,92.324578
-0.744437,51,92.344388
-0.76908,51,92.364099
-0.766551,51,92.383832
-0.820485,51,92.403608
-0.790717,50,92.422904
-0.85242,51,92.44245
-0.75946,51,92.661096
-0.65807,51,92.681045
-0.864389,51,92.701041
-0.852976,51,92.721807
-0.692871,50,92.74159
-0.717898,51,92.762451
-0.804177,51,92.782451
-0.79919,51,92.802303
-0.915472,51,92.822285
-0.916782,51,92.842882
-0.729388,52,92.863502
-0.733145,51,92.883346
-0.902495,51,92.903116
-0.680314,50,92.922466
-0.845448,51,92.942181
-0.787562,51,92.96192
-1.032711,51,92.981688
-0.789661,51,93.001457
-0.880402,51,93.02133
-0.883378,51,93.041053
-0.733831,51,93.060814
-0.749401,51,93.080529
-0.86579,52,93.100539
-0.697086,51,93.120933
-0.670726,51,93.14118
-0.797979,51,93.160806
-0.897628,50,93.180152
-0.806232,51,93.199793
-0.880608,52,93.219809
-0.678469,50,93.239352
-0.830799,51,93.259806
-0.752835,51,93.279813
-0.769059,52,93.300025
-0.848139,51,93.319763
-0.722722,50,93.340472
-0.683407,51,93.360327
-0.702038,50,93.379697
-0.713232,50,93.399062
-0.761905,51,93.418731
-0.821062,51,93.438374
-0.801386,51,93.649926
-0.770591,51,93.670381
-0.73366,52,93.697157
-0.757894,51,93.733858
-0.758575,52,93.768593
-0.646954,52,93.80202
-0.823132,51,93.828245
-0.881109,51,93.84995
-0.773706,52,93.871099
-0.670328,50,93.891056
-0.798902,51,93.911244
-0.780084,51,93.931086
-0.881825,51,93.950988
-0.757085,51,93.970695
-0.76244,51,93.9904
-0.810826,51,94.010098
-0.86843,51,94.029801
-0.754476,51,94.049438
-0.708187,51,94.069038
-0.693305,51,94.088617
-0.817089,51,94.108227
-0.793168,51,94.12778
-0.912496,52,94.147832
-0.799571,50,94.168216
-0.695977,50,94.187851
-0.838489,51,94.207723
-0.777343,51,94.22753
-0.703666,51,94.247318
-0.775915,51,94.267623
-0.718039,51,94.287777
-0.801934,51,94.307573
-0.785144,51,94.327328
-0.715171,50,94.346756
-0.838464,52,94.366865
-0.899049,51,94.38655
-0.767175,51,94.406229
-0.765155,51,94.425862
-0.647608,51,94.445554
-0.823883,51,94.465199
-0.784726,51,94.484814
-0.739038,51,94.695082
-0.792263,51,94.715374
-0.775729,51,94.735215
-0.707874,51,94.755201
-0.75233,50,94.774814
-0.738178,51,94.794771
-0.816306,52,94.815106
-0.775675,51,94.834993
-0.780419,51,94.854925
-0.939236,51,94.874739
-0.898796,51,94.8946
-0.923619,52,94.914964
-0.630939,50,94.934494
-0.707938,51,94.954358
-0.722565,52,94.974982
-0.758573,51,94.995509
-0.755052,52,95.015933
-0.685558,50,95.035523
-0.776104,51,95.055368
-0.786416,51,95.075182
-0.76913,51,95.09484
-0.808332,51,95.114582
-0.952479,51,95.135573
-0.73777,51,95.155205
-0.88547,51,95.174853
-0.694596,51,95.194497
-0.807851,51,95.214144
-0.820192,51,95.23377
-0.848313,51,95.253354
-0.772799,51,95.272999
-0.823277,51,95.29263
-0.687714,51,95.312239
-0.687364,51,95.33325
-0.882826,51,95.35282
-0.855251,51,95.372383
-0.723138,51,95.392441
-0.722816,51,95.412671
-0.72341,51,95.432502
-0.686203,50,95.451859
-0.828825,51,95.471558
-0.747227,51,95.491146
-0.81886,51,95.703452
-0.703146,51,95.724561
-0.665797,51,95.744368
-0.713891,52,95.764656
-0.774976,50,95.784134
-0.856693,51,95.803959
-0.826478,51,95.823793
-0.837237,51,95.843701
-0.720127,50,95.863149
-0.691138,50,95.882611
-0.698209,51,95.902479
-0.715522,50,95.921872
-0.789688,51,95.942468
-0.740154,51,95.962661
-0.754362,51,95.982332
-0.673281,51,96.001949
-0.691021,51,96.022639
-0.733513,51,96.042351
-0.815107,51,96.062208
-0.72565,52,96.08252
-0.742207,51,96.102374
-0.651708,50,96.121903
-0.742996,50,96.141454
-0.842713,51,96.161198
-0.78228,51,96.181053
-0.843646,51,96.200975
-0.759683,51,96.221862
-0.970157,51,96.241809
-0.747879,52,96.261864
-0.752643,51,96.281778
-0.791663,51,96.301433
-0.736832,50,96.320724
-1.031965,51,96.340372
-0.806967,51,96.359937
-0.736205,51,96.380746
-0.664295,51,96.400537
-0.851168,51,96.420128
-0.718676,51,96.43973
-0.784602,51,96.459327
-0.833614,52,96.479393
-0.795765,51,96.69542
-0.750363,51,96.715337
-0.705187,51,96.73512
-0.725455,51,96.755111
-0.684041,50,96.774678
-0.887165,51,96.794632
-0.758754,50,96.814215
-0.789414,51,96.834083
-0.779637,51,96.853926
-1.044469,51,96.873739
-0.846105,51,96.893566
-0.801896,51,96.914688
-0.795673,51,96.934422
-0.728205,51,96.954103
-0.593274,51,96.973743
-0.760095,51,96.993453
-0.786119,51,97.01309
-0.792106,51,97.032923
-0.774466,51,97.052631
-0.703339,51,97.072309
-0.732596,51,97.092104
-0.746639,51,97.111742
-0.783312,52,97.131833
-0.797246,50,97.151153
-0.782167,51,97.170831
-0.656993,50,97.1906
-0.891859,51,97.211094
-0.673981,51,97.230929
-0.77421,51,97.25073
-0.759252,52,97.271007
-0.728058,50,97.291505
-0.713872,50,97.311301
-0.753538,51,97.331242
-0.771664,51,97.351154
-0.706966,51,97.370982
-0.69649,50,97.390407
-0.742239,51,97.410127
-0.706523,51,97.429719
-0.750929,51,97.449351
-0.746678,50,97.469183
-0.716938,51,97.685633
-0.733433,51,97.705736
-0.748455,50,97.725224
-0.681045,52,97.74557
-0.706059,50,97.765167
-0.686397,50,97.784664
-0.806284,51,97.804483
-0.820153,51,97.824411
-0.80009,51,97.844227
-0.824163,51,97.86401
-0.79461,51,97.884417
-0.723292,51,97.904611
-0.796978,51,97.924556
-0.845937,51,97.944322
-0.732637,51,97.964122
-0.842886,50,97.983442
-0.607408,50,98.002862
-0.871735,51,98.022603
-0.768431,52,98.042723
-0.856754,51,98.062481
-0.853063,51,98.082183
-0.774087,51,98.101878
-0.690982,51,98.122967
-0.816036,51,98.142713
-0.883281,51,98.162468
-0.694993,51,98.182093
-0.747772,51,98.201811
-0.704643,51,98.221533
-0.735391,50,98.24085
-0.764435,50,98.260143
-0.713081,51,98.27984
-0.691002,50,98.300063
-0.76224,52,98.320361
-0.803201,51,98.340571
-0.863949,51,98.360212
-0.603262,50,98.379666
-0.849428,51,98.399654
-0.756165,51,98.419665
-0.782314,51,98.439536
-0.777834,50,98.459029
-0.73326,50,98.679586
-0.672035,51,98.704782
-0.716418,51,98.730384
-0.640454,51,98.753247
-0.849499,52,98.775083
-0.789906,51,98.799966
-0.736307,51,98.821064
-0.720029,50,98.842054
-0.706702,51,98.864885
-0.733751,51,98.887493
-0.842882,51,98.909738
-0.807379,51,98.932542
-0.701266,51,98.954959
-0.779032,50,98.97542
-0.662431,51,98.996637
-0.807406,51,99.017934
-0.695709,50,99.039615
-0.701381,50,99.059846
-0.798491,51,99.081916
-0.694407,51,99.102438
-0.828814,51,99.123802
-0.692328,50,99.145208
-0.771797,51,99.167638
-0.691154,51,99.189339
-0.694726,51,99.210326
-0.810052,51,99.231757
-0.763026,51,99.251498
-0.645524,51,99.27351
-0.806194,51,99.293997
-0.665275,52,99.316202
-0.75501,51,99.336758
-0.839269,51,99.357353
-0.809582,51,99.378475
-0.838967,51,99.39966
-0.764909,52,99.419813
-0.696124,51,99.439593
-0.797798,51,99.459359
-0.781564,50,99.480175
-0.694442,51,99.499922
-0.662324,50,99.519331
-0.846842,51,99.539538
-0.797996,51,99.756744
-0.810482,51,99.776701
-0.736904,51,99.796456
-0.735366,51,99.816297
-0.72049,51,99.836125
-0.785521,51,99.855983
-0.831697,52,99.876268
-0.722175,51,99.896095
-0.683558,51,99.91597
-0.856348,51,99.935792
-0.892634,51,99.955589
-0.710574,51,99.975342
-0.767364,52,99.995444
-0.843256,51,100.015107
-0.906004,51,100.036122
-0.990594,51,100.055847
-0.842607,51,100.075558
-0.842372,51,100.0952
-0.759891,52,100.115252
-0.717539,52,100.135317
-0.834978,51,100.154927
-0.78352,51,100.174621
-0.746917,51,100.194262
-0.746112,52,100.214403
-0.760639,51,100.235531
-0.836933,51,100.25522
-0.819221,51,100.274891
-0.74457,51,100.294551
-0.810905,51,100.315174
-0.787885,51,100.336519
-0.814529,51,100.356402
-0.664594,51,100.376243
-0.708507,51,100.396022
-0.893412,51,100.41568
-1.00342,51,100.436982
-0.83299,52,100.458535
-0.7544,51,100.479907
-0.628632,50,100.501468
-0.794473,51,100.52186
-0.846406,51,100.542324
-0.83597,50,100.759938
-0.880375,51,100.780548
-0.802082,51,100.800638
-0.721007,51,100.820756
-0.744116,51,100.840929
-0.867983,51,100.861024
-0.771932,51,100.881153
-0.688085,52,100.9017
-0.787186,52,100.923317
-0.629145,50,100.942956
-0.746806,52,100.963247
-0.835565,52,100.983378
-0.836341,51,101.003009
-0.786418,52,101.023031
-0.787134,51,101.042647
-0.831997,51,101.062253
-0.793896,52,101.082273
-0.815159,51,101.103257
-0.955734,51,101.12282
-0.786702,51,101.142631
-0.897595,51,101.162398
-0.740287,51,101.183294
-0.891601,51,101.203907
-0.76957,51,101.223989
-0.844458,51,101.245089
-0.764396,51,101.266104
-0.666986,50,101.286
-0.755597,51,101.306361
-0.835835,51,101.328191
-0.710117,51,101.349421
-0.854147,51,101.370272
-0.945137,51,101.390808
-0.666552,52,101.413038
-0.828899,51,101.432631
-0.942149,51,101.453832
-0.813842,51,101.484257
-0.783386,51,101.506521
-0.747429,51,101.527705
-0.844051,51,101.547582
-0.739555,50,101.566972
-0.830799,51,101.779761
-0.811309,51,101.799675
-0.699745,51,101.819322
-0.738858,50,101.838815
-0.812496,51,101.858595
-0.65336,50,101.878017
-0.813551,51,101.897778
-0.705943,52,101.919294
-0.691222,52,101.942764
-0.740655,51,101.968231
-0.886258,51,101.988418
-0.762758,50,102.008093
-0.698426,51,102.027988
-0.835782,50,102.047464
-0.830002,51,102.067239
-0.705464,51,102.087011
-0.699857,51,102.106715
-0.707012,51,102.127812
-0.698076,52,102.14787
-0.773613,51,102.167494
-0.754953,52,102.188831
-0.68025,51,102.21061
-0.834501,51,102.230499
-0.707703,51,102.251216
-0.752763,50,102.270462
-0.676401,52,102.290417
-0.789138,51,102.309902
-0.894665,51,102.330365
-0.787343,51,102.350297
-0.71653,51,102.37006
-0.889797,51,102.389699
-0.748767,51,102.409411
-0.709424,50,102.42872
-0.734238,51,102.448387
-0.776019,50,102.467659
-0.788606,51,102.488298
-0.881,51,102.508334
-0.837608,51,102.527956
-0.725653,51,102.547663
-0.867357,50,102.567912
-0.812524,51,102.780001
-0.751062,51,102.80001
-0.752939,51,102.819891
-0.678101,51,102.839562
-0.813126,51,102.860355
-0.768476,51,102.880438
-0.760459,51,102.900378
-0.852001,51,102.921691
-0.781201,50,102.941187
-0.708078,52,102.961476
-0.690444,52,102.983063
-0.915706,51,103.003962
-0.908717,51,103.024007
-0.681301,51,103.04373
-0.834972,51,103.063378
-0.647363,51,103.082985
-0.789135,51,103.102727
-0.735559,51,103.123527
-0.891634,51,103.143304
-0.725977,50,103.162725
-0.941989,51,103.182647
-0.708436,51,103.202404
-0.833412,51,103.222183
-0.695532,51,103.241865
-0.882651,51,103.261679
-0.766558,51,103.282403
-0.649271,51,103.303391
-0.75678,51,103.323865
-0.756866,52,103.345834
-0.835598,51,103.366401
-0.748855,51,103.387173
-0.741685,51,103.407007
-0.98924,51,103.426898
-0.743871,51,103.446688
-0.733866,52,103.466892
-0.697035,50,103.486255
-0.758108,51,103.506006
-0.789412,52,103.526119
-0.792125,51,103.54573
-0.77207,51,103.56539
-0.764394,52,103.779788
-0.771006,52,103.80034
-0.804143,51,103.820245
-0.638729,50,103.839539
-0.711124,51,103.859416
-0.714612,51,103.879229
-0.661397,51,103.899133
-0.88424,51,103.918964
-0.916758,51,103.938839
-0.779766,51,103.958607
-0.606723,51,103.978482
-0.700754,51,103.998289
-0.782592,51,104.019292
-0.705955,51,104.039127
-0.726849,51,104.058834
-0.780645,50,104.078187
-0.61749,50,104.098394
-0.706981,51,104.118393
-0.868086,51,104.138292
-0.879786,51,104.158103
-0.794344,51,104.177912
-0.76262,51,104.197654
-0.75284,51,104.21732
-0.8451,51,104.237021
-0.656173,51,104.256662
-0.819243,51,104.27705
-0.730853,51,104.297406
-0.717333,51,104.317257
-0.665073,50,104.337516
-0.712192,51,104.357662
-0.81274,51,104.377638
-0.755276,51,104.397599
-0.689302,51,104.417518
-0.729723,51,104.4373
-0.694859,51,104.457162
-0.633108,51,104.477403
-0.819948,51,104.497392
-0.776167,51,104.517187
-0.868925,51,104.536946
-0.807132,51,104.556705
-0.840622,51,104.770838
-0.738792,51,104.791039
-0.680692,51,104.811013
-0.671162,51,104.830745
-0.878135,52,104.851083
-0.799621,51,104.870959
-0.902919,51,104.890746
-0.694056,51,104.910588
-0.913451,52,104.930822
-0.703443,52,104.951044
-0.791745,51,104.970829
-0.642471,51,104.990556
-0.721053,52,105.010732
-0.908291,51,105.030606
-0.741446,50,105.04988
-0.631941,50,105.069189
-0.853076,51,105.088938
-0.727806,50,105.109555
-0.683082,52,105.129649
-0.682134,50,105.148991
-0.698282,51,105.168649
-0.853942,51,105.188283
-0.774455,50,105.207552
-0.767282,51,105.227213
-0.792517,51,105.246856
-0.849046,52,105.266955
-0.792933,51,105.28671
-0.722645,51,105.306384
-0.82721,51,105.325993
-0.715285,50,105.345439
-0.866136,51,105.365126
-0.773755,51,105.384758
-0.735147,50,105.40408
-0.631128,52,105.425536
-0.855687,52,105.445512
-0.862025,51,105.465213
-0.794491,51,105.48501
-0.691058,50,105.504434
-0.681472,51,105.524238
-0.777143,51,105.54425
-0.662672,50,105.754787
-0.943455,51,105.775147
-0.869246,51,105.795096
-0.75876,51,105.815351
-0.810147,51,105.834979
-0.903074,51,105.854835
-0.771134,51,105.874708
-0.813263,51,105.894511
-0.618065,51,105.914329
-0.732133,51,105.934307
-0.740136,51,105.955246
-0.777535,51,105.975134
-0.740008,52,105.995378
-0.786876,51,106.015138
-0.720408,51,106.034826
-0.723882,51,106.054466
-0.724512,51,106.074196
-0.75335,50,106.093522
-0.743818,51,106.113228
-0.773579,51,106.132933
-0.750753,52,106.154074
-0.68384,51,106.174016
-0.809781,51,106.193738
-0.822518,51,106.213383
-0.754297,51,106.23309
-0.710894,50,106.252428
-0.70139,51,106.272013
-0.758223,51,106.292104
-0.741416,51,106.312809
-0.889121,51,106.333074
-0.772601,51,106.353784
-0.813685,52,106.374938
-1.040475,51,106.395276
-0.66226,50,106.414664
-0.696664,51,106.434373
-0.699876,51,106.4562
-0.653217,52,106.479149
-0.761058,51,106.500875
-0.775548,51,106.521862
-0.813638,52,106.543371
-0.764623,51,106.563447
-0.766931,52,106.776175
-0.769752,51,106.797013
-0.896333,51,106.817194
-0.670377,51,106.836929
-0.745927,51,106.856699
-0.690866,51,106.87665
-0.575558,51,106.896534
-0.879354,51,106.916338
-0.876206,51,106.936162
-0.73484,51,106.955947
-0.771539,51,106.97578
-0.716045,51,106.995622
-0.831845,51,107.015474
-0.690703,51,107.035231
-0.748598,52,107.055345
-0.755716,51,107.07506
-0.832002,51,107.094834
-0.78138,51,107.114492
-0.73104,51,107.134211
-0.710097,51,107.153915
-0.746502,51,107.173574
-0.852365,51,107.193256
-0.68766,51,107.21372
-0.813284,51,107.233797
-0.769359,52,107.254099
-0.822417,51,107.273927
-0.715454,51,107.293675
-0.717439,52,107.313838
-0.715425,51,107.334948
-0.703728,51,107.355531
-0.735899,51,107.37544
-0.814145,52,107.395575
-0.649413,51,107.415318
-0.792514,51,107.434979
-0.720682,51,107.454737
-0.771543,51,107.474476
-0.788473,52,107.494535
-0.882835,51,107.514211
-0.855312,51,107.533803
-0.762513,51,107.553516
-0.79172,52,107.762533
-0.765434,51,107.782461
-0.780217,51,107.802594
-0.801438,51,107.822534
-0.79188,51,107.843916
-0.692882,52,107.864512
-0.779032,51,107.884577
-0.738591,52,107.905022
-0.8286,52,107.925532
-0.659712,51,107.946951
-0.813764,51,107.966798
-0.78558,51,107.986587
-0.687449,51,108.007095
-0.711949,51,108.027395
-0.808904,51,108.04703
-0.831869,51,108.066698
-0.634544,51,108.086311
-0.748854,51,108.105918
-0.739263,51,108.125517
-0.743732,52,108.145559
-0.921622,50,108.164846
-0.780561,51,108.184472
-0.724063,51,108.204059
-0.860977,51,108.223676
-0.618644,50,108.242917
-0.740382,51,108.262487
-0.761199,52,108.282534
-0.758376,51,108.302087
-0.894384,51,108.321665
-0.728013,51,108.342268
-0.780247,51,108.362536
-0.729046,51,108.382422
-0.865875,51,108.402224
-0.736785,51,108.422036
-0.715633,51,108.44185
-0.79284,51,108.46265
-0.733541,51,108.482786
-0.664445,50,108.502585
-0.65151,52,108.524079
-0.700046,51,108.543841
-0.707828,50,108.755622
-0.762798,51,108.775665
-0.780607,52,108.796001
-0.858237,51,108.8159
-0.733182,51,108.83557
-0.857124,51,108.855391
-0.917295,51,108.875249
-0.816422,52,108.895479
-0.681365,51,108.915303
-0.757591,51,108.934977
-0.727418,51,108.956291
-0.690965,52,108.976664
-0.74227,51,108.996649
-0.75679,51,109.016595
-0.781268,51,109.036413
-0.786124,51,109.056482
-0.736295,50,109.078121
-0.756158,50,109.100072
-0.695217,50,109.122899
-0.822376,51,109.14623
-0.863286,51,109.168045
-0.754924,51,109.190382
-0.885995,51,109.213005
-0.836068,51,109.23435
-0.747446,51,109.255029
-0.834395,51,109.278062
-0.667956,50,109.300065
-0.897072,51,109.322225
-0.725383,51,109.344799
-0.803324,51,109.367304
-0.67809,50,109.388526
-0.903713,51,109.409736
-0.819003,51,109.431763
-0.75838,51,109.452321
-0.718253,51,109.474332
-0.844686,51,109.495322
-0.677751,51,109.516409
-0.674863,51,109.536302
-0.738463,51,109.557737
-0.767613,51,109.578915
-0.710288,51,109.802158
-0.690133,52,109.823189
-0.84772,51,109.844582
-0.737873,51,109.864532
-0.720473,51,109.884374
-0.814263,51,109.904115
-0.891906,51,109.923972
-0.979291,51,109.944986
-0.764046,51,109.965136
-0.680063,52,109.985417
-0.968631,51,110.005297
-0.870342,51,110.025118
-0.635696,50,110.044544
-0.749026,51,110.064404
-0.746444,51,110.08557
-0.825165,52,110.105795
-0.771115,50,110.127412
-0.820463,51,110.1473
-0.787355,51,110.167128
-0.781171,51,110.187155
-0.67515,52,110.207489
-0.772272,51,110.227451
-0.760224,51,110.247404
-0.752421,52,110.267855
-0.78125,51,110.287763
-0.80417,51,110.308108
-0.803697,51,110.329087
-0.732602,52,110.34931
-0.783074,52,110.369552
-0.639412,51,110.39028
-0.844435,51,110.410311
-0.699915,51,110.430199
-0.864895,51,110.450116
-0.736867,51,110.470998
-0.705194,51,110.49103
-0.840155,50,110.510368
-0.663583,50,110.529751
-0.783456,51,110.549397
-0.709641,50,110.569946
-0.747695,51,110.589658
-0.662203,51,110.809287
-0.714985,50,110.830416
-0.838271,52,110.85079
-0.898272,51,110.870951
-0.635155,50,110.891573
-0.801452,52,110.911647
-0.618205,51,110.93156
-0.857413,51,110.952133
-0.846952,51,110.972398
-0.757554,51,110.992452
-0.700709,50,111.013437
-0.731088,51,111.033429
-0.826263,51,111.053349
-0.881341,51,111.073224
-0.835941,51,111.093064
-0.694236,51,111.112861
-0.693815,51,111.132609
-0.714527,51,111.152362
-0.67628,51,111.172059
-0.823079,51,111.191784
-0.714679,51,111.211477
-0.718787,51,111.231224
-0.696651,51,111.250939
-0.799108,51,111.271688
-0.757088,51,111.292708
-0.702515,52,111.314028
-0.75902,51,111.333658
-0.747951,51,111.353518
-0.711207,51,111.374372
-0.786606,51,111.394498
-0.781925,51,111.41512
-0.79702,51,111.435827
-0.700473,51,111.456555
-0.824781,51,111.477182
-0.802489,51,111.49805
-0.774682,51,111.519276
-0.779757,51,111.540355
-0.640073,50,111.560348
-0.82613,51,111.583004
-0.853774,51,111.60417
-0.82644,50,111.834408
-0.781155,51,111.855492
-0.784773,51,111.875417
-0.759556,51,111.895337
-0.687212,51,111.915124
-0.663407,51,111.939054
-0.781596,51,111.96399
-0.645519,51,111.985029
-0.698326,50,112.005153
-0.704854,51,112.025032
-0.694418,51,112.044868
-0.785353,51,112.064683
-0.846801,51,112.084524
-0.81166,51,112.104399
-0.737617,51,112.124135
-0.935696,51,112.143922
-0.788928,51,112.1636
-0.854835,51,112.184523
-0.908303,51,112.204264
-0.767533,50,112.223531
-0.683054,50,112.242855
-0.808964,51,112.262587
-0.717848,52,112.282623
-0.928256,51,112.303605
-0.854137,51,112.326457
-0.9479,51,112.346917
-0.694249,51,112.366788
-0.829287,51,112.386629
-0.752917,51,112.407437
-0.7569,51,112.427447
-0.795225,52,112.447686
-0.871725,51,112.467621
-0.702741,51,112.488803
-0.744414,52,112.50898
-0.780014,51,112.528671
-0.660466,51,112.548439
-0.652768,51,112.568312
-0.76265,52,112.588631
-0.745083,51,112.608439
-0.79459,51,112.628289
-0.741006,52,112.841953
-0.828843,51,112.863569
-0.744264,52,112.883922
-0.838955,51,112.903828
-0.775252,51,112.923645
-0.75993,51,112.943301
-0.869139,51,112.963111
-0.729724,51,112.982939
-0.799686,51,113.002812
-0.704702,51,113.022648
-0.707244,50,113.042434
-0.773627,51,113.062199
-0.7234,50,113.083017
-0.653566,51,113.102831
-0.75388,51,113.122649
-0.942901,51,113.142326
-0.670393,51,113.162122
-0.763616,52,113.182266
-0.677751,52,113.202625
-0.71536,51,113.22339
-0.822732,51,113.243114
-0.78477,52,113.263203
-0.737131,51,113.28292
-0.848515,51,113.302555
-0.750609,51,113.322206
-0.682255,51,113.342659
-0.930078,52,113.363264
-0.710474,50,113.382711
-0.753351,52,113.4037
-0.672177,51,113.423556
-0.797929,51,113.443355
-0.807945,50,113.462912
-0.775506,51,113.482726
-0.650363,51,113.502465
-0.73569,51,113.522138
-0.692355,51,113.541811
-0.882209,51,113.561469
-0.758153,51,113.582488
-0.832505,51,113.602179
-0.779084,51,113.621846
-0.712255,52,113.83523
-0.703721,51,113.855594
-0.759338,52,113.876004
-0.683529,50,113.895486
-0.721545,51,113.915223
-0.77745,52,113.935332
-0.766159,51,113.962484
-0.765383,50,113.982184
-0.75455,51,114.002043
-0.78186,51,114.021937
-0.754041,52,114.042107
-0.716397,51,114.061853
-0.725,51,114.082364
-0.803643,51,114.102081
-0.771512,51,114.121876
-0.662494,50,114.141297
-0.692921,51,114.160891
-0.929739,51,114.180545
-0.840988,51,114.200189
-0.835214,51,114.220091
-0.726154,50,114.239364
-0.730761,51,114.258968
-0.640216,50,114.278305
-0.871692,51,114.297909
-0.785086,52,114.31845
-0.753298,51,114.338298
-0.811248,51,114.35789
-0.710653,52,114.3779
-0.668764,50,114.397179
-0.739343,51,114.418561
-0.727987,50,114.439506
-0.730221,51,114.459312
-0.691668,51,114.479016
-0.799956,50,114.499243
-0.864419,51,114.518912
-0.764779,52,114.538966
-0.6562,51,114.558528
-0.647308,52,114.578496
-0.827885,51,114.598241
-0.789679,51,114.619074
-0.740113,52,114.639102
-0.73793,51,114.848899
-0.729523,51,114.86874
-0.808293,51,114.888737
-0.735381,51,114.908958
-0.779482,51,114.928848
-0.72804,51,114.949
-0.718864,50,114.96972
-0.755469,51,114.990409
-0.77946,50,115.010224
-0.845228,51,115.030304
-0.801267,51,115.050374
-1.01136,51,115.07031
-0.89381,51,115.090162
-0.851115,51,115.110013
-0.933222,51,115.129808
-0.73342,51,115.14948
-0.738396,51,115.169155
-0.774373,51,115.188851
-0.845762,51,115.208573
-0.69333,51,115.228257
-0.809743,51,115.247929
-0.911666,51,115.267661
-0.807274,50,115.287899
-0.796166,51,115.307716
-0.878649,51,115.327558
-0.809231,51,115.347423
-0.685337,51,115.367137
-0.880686,51,115.386803
-0.767131,51,115.406445
-0.76048,51,115.426287
-0.949172,51,115.445914
-0.716267,51,115.465585
-0.816295,51,115.485202
-0.723116,51,115.5048
-0.691366,51,115.524393
-0.696911,51,115.543999
-0.683654,50,115.563315
-0.705503,50,115.582564
-0.729901,51,115.602256
-0.75233,51,115.621852
-0.775397,52,115.834144
-0.707599,52,115.854681
-0.711808,51,115.874651
-0.805997,52,115.89503
-0.833812,51,115.914979
-0.732259,50,115.934419
-0.744598,51,115.954133
-0.710001,51,115.974049
-0.741979,50,115.993596
-0.76454,51,116.014216
-0.795837,51,116.034572
-0.815164,51,116.054573
-0.894898,51,116.074514
-0.852811,51,116.094746
-0.818453,51,116.114787
-0.759818,51,116.134593
-0.694918,51,116.154454
-0.728154,51,116.174317
-0.731798,52,116.194554
-0.805902,50,116.214082
-0.80533,51,116.233807
-0.882616,51,116.2535
-0.886037,51,116.273182
-0.715815,51,116.292879
-0.763024,51,116.312639
-0.739024,51,116.332314
-0.754255,51,116.351972
-0.769536,51,116.371656
-0.739124,51,116.39134
-0.759397,51,116.411313
-0.746321,51,116.431883
-0.769901,50,116.451851
-0.718595,51,116.475668
-0.664504,51,116.496295
-0.823576,51,116.516161
-0.784614,51,116.535939
-0.760885,52,116.556103
-0.818607,51,116.575833
-0.679485,50,116.595228
-0.800127,51,116.614983
-0.764916,51,116.824797
-0.773111,51,116.845076
-0.825702,51,116.865067
-0.759356,51,116.884904
-0.878838,51,116.904734
-0.63511,51,116.92449
-0.633201,50,116.943803
-0.734751,50,116.963294
-0.793241,51,116.983237
-0.696646,51,117.004246
-0.73176,50,117.023688
-0.677759,51,117.043696
-0.736288,51,117.063527
-0.748847,52,117.083707
-0.889991,51,117.10346
-0.752638,51,117.123272
-0.811336,51,117.142971
-0.709517,50,117.162296
-0.847308,51,117.181968
-0.764507,51,117.202546
-0.813904,51,117.222643
-0.793197,52,117.242892
-0.764792,51,117.262727
-0.642045,51,117.282554
-0.856303,51,117.302369
-0.686002,51,117.323052
-0.747873,51,117.343375
-0.777325,51,117.363455
-0.709117,51,117.383348
-0.716219,50,117.402857
-0.719568,51,117.422564
-0.782802,50,117.441976
-0.701951,52,117.462112
-0.879113,51,117.481817
-0.688822,51,117.501495
-0.703958,51,117.521211
-0.824224,51,117.541817
-0.701674,50,117.561417
-0.835434,51,117.581226
-0.811749,51,117.601013
-0.823993,51,117.811854
-0.76793,51,117.832058
-0.765629,52,117.852438
-0.743365,51,117.872253
-0.715102,51,117.892107
-0.862815,51,117.911804
-0.882246,51,117.9314
-0.666592,51,117.95116
-0.727004,51,117.970978
-0.852057,51,117.990825
-0.741599,52,118.011071
-0.722459,51,118.030863
-0.731411,50,118.050293
-0.712487,50,118.069734
-0.803856,51,118.089505
-0.791239,51,118.109292
-0.675922,51,118.129005
-0.859848,51,118.148744
-0.695618,52,118.168914
-0.84447,52,118.188958
-0.78788,50,118.208236
-0.837841,51,118.227833
-0.797598,51,118.247501
-0.805313,51,118.267177
-0.7331,52,118.287309
-0.724039,51,118.308293
-0.789314,52,118.328404
-0.729012,51,118.348432
-0.815853,51,118.368227
-0.629933,52,118.388507
-0.723972,52,118.408734
-0.69932,51,118.428664
-0.764742,51,118.448447
-0.795895,50,118.468025
-0.70872,52,118.488229
-0.647111,50,118.507681
-0.726722,50,118.527143
-0.7392,51,118.546779
-0.698187,51,118.567778
-0.610396,50,118.587303
-0.791429,51,118.797602
-0.676466,51,118.817881
-0.670284,51,118.837904
-0.742447,51,118.857856
-0.820016,51,118.877741
-0.636925,51,118.897514
-0.882813,51,118.917234
-0.773261,51,118.937442
-0.696157,51,118.958132
-0.813005,51,118.978844
-0.654007,51,118.998895
-0.831981,51,119.018813
-0.690174,51,119.038691
-0.845433,51,119.058555
-0.697964,51,119.078387
-0.788982,51,119.098292
-0.668511,51,119.118023
-0.772909,52,119.138072
-0.848668,51,119.157765
-0.707234,51,119.178155
-0.815953,51,119.198224
-0.789301,51,119.218117
-0.696556,52,119.238337
-0.754291,51,119.258109
-0.711909,51,119.277884
-0.737898,50,119.297261
-0.805616,51,119.317006
-0.753261,52,119.337088
-0.677304,51,119.356791
-0.801638,51,119.376762
-0.617617,50,119.39606
-0.70593,51,119.415759
-0.892505,51,119.435483
-0.676196,51,119.455255
-0.781243,51,119.474856
-0.762073,51,119.494484
-0.748746,52,119.514504
-0.735212,52,119.534779
-0.721695,51,119.554523
-0.806207,51,119.574254
-0.697706,51,119.784268
-0.794868,52,119.805287
-0.74453,51,119.825291
-0.895463,51,119.845249
-0.757368,50,119.865866
-0.783096,51,119.888237
-0.758781,51,119.909988
-0.669741,50,119.930135
-0.781852,50,119.951353
-0.742444,52,119.972854
-0.697669,51,119.996404
-0.884221,51,120.018559
-0.821512,51,120.041876
-0.686109,51,120.063222
-0.748926,50,120.086221
-0.726756,51,120.107396
-0.729848,52,120.13109
-0.667693,51,120.152436
-0.76295,52,120.174381
-0.673558,51,120.195242
-0.740037,51,120.216343
-0.730631,51,120.237519
-0.701538,51,120.257225
-0.777539,51,120.278699
-0.658105,51,120.300684
-0.752732,51,120.321941
-0.789327,51,120.343053
-0.882202,51,120.363998
-0.843642,51,120.38403
-0.703032,52,120.405104
-0.680402,52,120.428225
-0.810756,51,120.450808
-0.691395,52,120.473485
-0.698395,50,120.49432
-0.685666,51,120.515471
-0.780251,51,120.536348
-0.696671,50,120.555955
-0.725784,51,120.575663
-0.832047,51,120.595365
-0.711634,51,120.615041
-0.754368,51,120.635938
-0.72025,51,120.852247
-0.696028,51,120.872477
-0.793516,51,120.892519
-0.737773,51,120.912519
-0.695309,51,120.93241
-0.714225,52,120.95266
-0.700792,51,120.972317
-0.925117,51,120.992161
-0.789346,52,121.012464
-0.823267,51,121.032324
-0.671813,51,121.053049
-0.765764,52,121.07368
-0.672693,51,121.09375
-0.613098,50,121.113348
-0.788593,51,121.133271
-0.729262,51,121.153201
-0.823562,50,121.17269
-0.764441,51,121.19242
-0.79135,50,121.211875
-0.751861,51,121.231683
-0.866578,51,121.251419
-0.69025,50,121.270859
-0.649462,51,121.290598
-0.607073,51,121.310259
-0.725117,51,121.329951
-0.749804,51,121.349583
-0.696013,52,121.369769
-0.79581,51,121.38951
-0.812405,50,121.408853
-0.715326,52,121.429943
-0.753395,51,121.4512
-0.718847,50,121.473191
-0.704824,51,121.493793
-0.785856,51,121.51435
-0.779463,51,121.535365
-0.700158,52,121.555802
-0.783165,51,121.576541
-0.800091,51,121.597592
-0.774065,51,121.618738
-0.667584,50,121.638032
-0.89371,51,121.848993
-0.775404,51,121.869696
-0.762751,51,121.889824
-0.787414,51,121.90985
-0.791851,51,121.929874
-0.722277,52,121.950183
-0.752222,51,121.969968
-0.74928,51,121.991224
-0.653666,51,122.011235
-0.658532,51,122.031334
-0.851872,51,122.05136
-0.690883,50,122.071545
-0.712677,50,122.091896
-0.690073,51,122.111732
-0.913276,51,122.131497
-0.710868,51,122.151248
-0.713908,51,122.170949
-0.660003,50,122.190945
-0.708538,51,122.211284
-0.815976,51,122.231751
-0.734785,50,122.251741
-0.790565,51,122.272598
-0.780139,52,122.292984
-0.742608,50,122.313268
-0.756709,51,122.334861
-0.842561,51,122.355326
-0.834625,51,122.377287
-0.664899,51,122.397736
-0.854139,51,122.418476
-0.707073,51,122.442627
-0.675465,52,122.471879
-0.654261,50,122.493385
-0.684675,51,122.516432
-0.832783,51,122.536339
-0.660623,52,122.55649
-0.861192,51,122.576254
-0.774486,50,122.595665
-0.696942,51,122.616658
-0.690403,50,122.636164
-0.804404,52,122.656337
-0.854884,51,122.874094
-0.867516,51,122.895651
-0.638616,51,122.916398
-0.787301,51,122.936467
-0.824163,51,122.956396
-0.820776,51,122.979649
-0.624767,50,122.999146
-0.886892,52,123.01929
-0.714227,51,123.039125
-0.727961,51,123.058941
-1.010849,51,123.078667
-0.716022,51,123.098302
-0.770336,51,123.119176
-0.810564,52,123.139984
-0.741793,51,123.160183
-0.75226,51,123.180485
-0.723316,51,123.202267
-0.751198,51,123.223007
-0.738239,51,123.24294
-0.857153,51,123.262773
-0.774909,51,123.282606
-0.703657,50,123.301951
-0.730035,50,123.322126
-0.681778,52,123.342971
-0.791308,52,123.363364
-0.836666,51,123.383237
-0.787845,51,123.403074
-0.946752,51,123.422891
-0.692821,51,123.442625
-0.685025,50,123.463452
-0.705226,50,123.482766
-0.788155,51,123.502503
-0.715456,50,123.521827
-0.69173,51,123.541495
-0.681064,50,123.560829
-0.7808,51,123.580485
-0.727879,51,123.600122
-0.733359,51,123.619843
-0.779935,51,123.639488
-0.669744,51,123.659129
-0.794974,52,123.869449
-0.766406,51,123.889571
-0.759832,50,123.90914
-0.709437,51,123.930402
-0.75771,51,123.950253
-0.790894,51,123.97008
-0.705848,51,123.989768
-0.747174,51,124.009366
-0.881066,51,124.02916
-0.871812,51,124.048959
-0.872574,51,124.068828
-0.780113,51,124.088664
-0.69764,51,124.108424
-0.747273,51,124.128213
-0.824393,51,124.149026
-0.645753,52,124.16944
-0.684084,52,124.189788
-0.74395,51,124.209589
-0.783997,51,124.229383
-0.726774,50,124.248717
-0.698066,52,124.268852
-0.858398,51,124.28867
-0.694692,51,124.308528
-0.700059,52,124.330003
-0.831844,51,124.350049
-0.698629,51,124.369913
-0.6642,51,124.389802
-0.63832,52,124.410047
-0.785805,51,124.429931
-0.687065,50,124.449403
-0.708449,52,124.469689
-0.762194,51,124.489388
-0.819197,51,124.509098
-0.888162,51,124.528826
-0.819064,51,124.549243
-0.818763,51,124.569284
-0.742083,51,124.589062
-0.855136,51,124.60882
-0.814032,50,124.628241
-0.755195,52,124.648381
-0.716272,51,124.859127
-0.697198,51,124.879322
-0.703643,51,124.89924
-0.67827,52,124.919492
-0.837679,51,124.93933
-0.71094,51,124.95936
-0.696785,51,124.979109
-0.774197,51,124.99862
-0.641631,50,125.019321
-0.757397,51,125.039034
-0.719055,51,125.058731
-0.815007,51,125.078488
-0.716288,51,125.098198
-0.679471,51,125.117949
-0.711439,52,125.138049
-0.800967,51,125.157764
-0.684291,51,125.177401
-0.74263,51,125.196993
-0.888036,51,125.216659
-0.794737,51,125.236244
-0.847387,52,125.256193
-0.663644,51,125.275771
-0.718091,51,125.295404
-0.710484,52,125.315438
-0.836778,51,125.335133
-0.678105,52,125.355181
-0.750004,52,125.376283
-0.742039,51,125.396212
-0.795774,50,125.41549
-0.672946,51,125.435398
-0.768717,52,125.455708
-0.741867,51,125.476242
-0.823792,51,125.496355
-0.812537,51,125.516237
-0.686295,51,125.536131
-0.631176,50,125.555686
-0.775284,51,125.575505
-0.627857,50,125.59492
-0.707531,52,125.615111
-0.862256,51,125.634862
-0.770449,51,125.845806
-0.734632,51,125.866078
-0.660892,51,125.886066
-0.629759,50,125.905733
-0.773967,51,125.925619
-0.728234,51,125.945548
-0.722537,51,125.965338
-0.743688,50,125.985682
-0.832281,51,126.005632
-0.772611,52,126.026025
-0.68273,50,126.045666
-0.689121,51,126.065575
-0.787234,52,126.085895
-0.836981,51,126.105829
-0.762156,51,126.125702
-0.776575,52,126.146026
-0.664457,51,126.165842
-0.683804,52,126.186054
-0.847375,51,126.205818
-0.785055,51,126.225525
-0.74454,51,126.245259
-0.743261,51,126.264981
-0.691904,51,126.285338
-0.7696,51,126.305724
-0.671159,52,126.325883
-0.674329,52,126.346048
-0.710517,51,126.36576
-0.820376,51,126.385504
-0.733583,52,126.406444
-0.920249,51,126.426568
-0.710829,52,126.446861
-0.756615,51,126.46813
-0.759045,51,126.48888
-0.689043,52,126.51106
-0.763219,51,126.530957
-0.72088,51,126.550678
-0.723602,51,126.570334
-0.81989,51,126.589991
-0.717369,50,126.609474
-0.756235,51,126.629381
-0.711352,51,126.840202
-0.720099,51,126.86054
-0.825197,51,126.880539
-0.829118,51,126.900416
-0.767592,51,126.920221
-0.774822,51,126.940035
-0.728851,51,126.959798
-0.715051,52,126.979834
-0.798919,51,126.999466
-0.725265,51,127.019307
-0.71579,52,127.039485
-0.652325,50,127.058943
-0.833201,51,127.078754
-0.633391,51,127.098579
-0.714375,51,127.118401
-0.726366,52,127.138582
-0.725352,51,127.158329
-0.71703,51,127.179377
-0.674075,51,127.19903
-0.726443,52,127.219266
-0.760501,51,127.238919
-0.639821,50,127.258222
-0.700287,51,127.277821
-0.732973,51,127.297518
-0.78897,51,127.317125
-0.700496,52,127.337126
-0.77175,51,127.356727
-0.72468,52,127.376702
-0.675135,51,127.396308
-0.746078,51,127.415894
-0.690671,51,127.43652
-0.801887,51,127.456456
-0.787325,51,127.476217
-0.788626,51,127.495984
-0.719469,51,127.51572
-0.73236,51,127.53537
-0.682736,51,127.55503
-0.760462,52,127.57508
-0.806114,51,127.594853
-0.77808,51,127.614473
-0.719104,51,127.634135
-0.825859,51,127.847404
-0.781464,52,127.868116
-0.778591,51,127.888163
-0.912154,51,127.908165
-0.686398,51,127.928081
-0.688421,51,127.947909
-0.6511,51,127.967647
-0.615624,50,127.986908
-0.773024,52,128.007152
-0.671234,52,128.02747
-0.829744,51,128.047306
-0.705518,52,128.067546
-0.777247,51,128.08734
-0.868728,51,128.107171
-0.889932,51,128.126981
-0.727735,51,128.146745
-0.678322,51,128.166441
-0.807265,51,128.186081
-0.658222,51,128.205713
-0.87225,51,128.225391
-0.860357,51,128.245005
-0.734855,52,128.265788
-0.772706,51,128.285971
-0.874407,51,128.305918
-0.622879,50,128.325427
-0.780453,51,128.345943
-0.745049,52,128.366583
-0.807499,51,128.386461
-0.767217,51,128.406364
-0.721163,51,128.426046
-0.863676,51,128.445754
-0.715335,51,128.465589
-0.669716,51,128.485221
-0.697465,51,128.505065
-0.789147,51,128.524734
-0.672911,51,128.544349
-0.787634,51,128.564032
-0.666147,51,128.583635
-0.745599,51,128.603319
-0.739483,51,128.623014
-0.907135,52,128.833132
-0.730233,51,128.853099
-0.718383,51,128.872927
-0.736827,51,128.893522
-0.734914,51,128.913628
-0.896642,51,128.933701
-0.716517,51,128.953694
-0.827373,51,128.973592
-0.775739,51,128.993677
-0.770947,51,129.013817
-0.739704,51,129.033861
-0.915628,51,129.053871
-0.664835,51,129.07396
-0.767653,51,129.093861
-0.885329,51,129.113704
-0.747285,51,129.133563
-0.758969,52,129.1538
-0.747994,51,129.173508
-0.851092,51,129.193148
-0.676439,52,129.213249
-0.709059,51,129.232927
-0.780653,51,129.252534
-0.873035,51,129.27216
-0.828988,51,129.291887
-0.729632,51,129.312537
-0.713554,51,129.332525
-0.736656,52,129.352833
-0.674195,51,129.372686
-0.802515,51,129.392419
-0.736146,51,129.412141
-0.757403,51,129.431946
-0.778276,50,129.451348
-0.69989,51,129.471057
-1.068892,51,129.490853
-0.807457,51,129.510575
-0.676057,51,129.530361
-0.791872,52,129.550444
-0.719868,52,129.570603
-0.763565,51,129.590289
-0.840969,51,129.609947
-0.773543,52,129.819634
-0.733474,52,129.84013
-0.66539,50,129.859631
-0.758552,51,129.879537
-0.791114,52,129.899832
-0.818295,51,129.919751
-0.753858,51,129.93959
-0.67415,51,129.959262
-0.815787,52,129.979538
-0.885639,52,129.999792
-0.726073,51,130.019636
-0.665218,51,130.03944
-0.794181,51,130.059184
-0.726761,50,130.078794
-0.750077,51,130.098793
-0.866553,50,130.119225
-0.714236,51,130.139493
-0.603171,51,130.159453
-0.914678,51,130.179318
-0.785294,51,130.199247
-0.834586,50,130.218862
-0.715572,52,130.239051
-0.778445,51,130.258732
-0.717914,51,130.278476
-0.700234,52,130.298623
-0.801141,51,130.318343
-0.800343,50,130.337663
-0.790719,51,130.357397
-0.749097,52,130.377453
-0.72743,51,130.397071
-0.683102,52,130.417384
-0.692041,50,130.436695
-0.814237,51,130.456344
-0.838797,51,130.476046
-0.687019,51,130.495648
-0.723048,51,130.515757
-0.745068,51,130.535457
-0.688046,51,130.555158
-0.792079,50,130.574437
-0.746573,51,130.59414
-0.876222,51,130.802422
-0.812947,51,130.82248
-0.684772,51,130.842307
-0.795721,51,130.862049
-0.702019,51,130.881827
-0.736803,52,130.901969
-0.775517,52,130.922095
-0.740392,51,130.941746
-0.660807,51,130.962299
-0.743726,51,130.982277
-0.780333,51,131.002137
-0.866215,51,131.022013
-0.880341,51,131.041829
-0.724352,51,131.061554
-0.674101,50,131.081063
-0.72728,51,131.100812
-0.808143,51,131.120655
-0.801124,51,131.140304
-0.705886,51,131.159951
-0.739423,52,131.180015
-0.710317,51,131.199614
-0.744025,51,131.21931
-0.89421,51,131.239143
-0.74637,51,131.258948
-0.844398,51,131.278771
-0.681537,52,131.298992
-0.739703,51,131.318804
-0.71878,51,131.338501
-0.637037,51,131.358237
-0.709543,51,131.378921
-0.741211,51,131.398924
-0.660562,51,131.418921
-0.760781,51,131.438657
-0.739622,51,131.458446
-0.735859,51,131.478361
-0.633312,52,131.498495
-0.758663,51,131.518225
-0.889283,51,131.53796
-0.804508,51,131.557591
-0.72686,51,131.577232
-0.710659,50,131.803812
-0.795973,52,131.824281
-0.82183,51,131.844226
-0.821657,51,131.864063
-0.735954,51,131.883843
-0.762381,51,131.903658
-0.66827,51,131.923361
-0.762454,52,131.943425
-0.640047,50,131.962736
-0.711833,51,131.983087
-0.746123,51,132.003412
-0.656836,51,132.024574
-0.795001,51,132.044686
-0.698784,51,132.064624
-0.741862,51,132.084496
-0.994781,51,132.104411
-0.742522,51,132.124292
-0.684447,50,132.143696
-0.656199,51,132.163446
-0.910248,52,132.183616
-0.711601,52,132.203757
-0.807736,52,132.223905
-0.755279,51,132.243632
-0.834828,52,132.263788
-0.695269,51,132.283517
-0.600217,50,132.302869
-0.701637,50,132.322143
-0.787593,52,132.342219
-0.85396,51,132.361971
-0.624772,50,132.381156
-0.781034,51,132.403057
-0.717778,51,132.423301
-0.791609,51,132.443227
-0.6977,51,132.463074
-0.736161,51,132.482944
-0.663995,51,132.502751
-0.897932,51,132.523214
-0.76859,51,132.54343
-0.845352,51,132.563434
-0.66612,51,132.583277
-0.761079,51,132.79175
-0.849157,51,132.812421
-0.79348,51,132.832858
-0.903029,51,132.852996
-0.72509,51,132.872973
-0.632289,50,132.892547
-0.741967,50,132.912122
-0.790959,51,132.932021
-0.706594,51,132.951755
-0.701174,51,132.971604
-0.656212,52,132.991927
-0.736619,51,133.011818
-0.700476,51,133.031709
-0.671147,50,133.051315
-0.664388,51,133.071654
-0.671775,52,133.092786
-0.782472,51,133.112646
-0.748783,51,133.132463
-0.799448,51,133.152144
-0.616428,50,133.171442
-0.753502,51,133.191208
-0.857363,51,133.210953
-0.741591,51,133.231399
-0.763576,51,133.251494
-0.609231,50,133.271003
-0.589287,50,133.290458
-0.753181,50,133.309763
-0.750038,51,133.329581
-0.695153,52,133.350497
-0.922526,51,133.370625
-0.71386,52,133.390964
-0.75104,51,133.410802
-0.727876,51,133.430545
-0.736314,51,133.451265
-0.727005,50,133.470844
-0.729311,51,133.490701
-0.765196,51,133.511443
-0.686138,51,133.533378
-0.79058,51,133.555412
-0.788517,51,133.576718
-0.667161,51,133.786548
-0.798418,51,133.8068
-0.760282,51,133.828324
-0.721523,50,133.8479
-0.763157,51,133.867782
-0.856371,51,133.887612
-0.771402,51,133.907463
-0.70535,50,133.92693
-0.668238,50,133.946165
-0.782112,51,133.965884
-0.732252,51,133.985695
-0.797758,51,134.005443
-0.739801,50,134.025797
-0.737146,50,134.045691
-0.930342,51,134.066452
-0.797256,51,134.086451
-0.853863,51,134.106354
-0.717279,50,134.125822
-0.696655,50,134.145166
-0.802478,51,134.164794
-0.814529,51,134.184329
-0.772881,51,134.203986
-0.778216,51,134.223673
-0.744793,50,134.242919
-0.744591,51,134.262564
-0.763996,51,134.282137
-0.821921,51,134.30168
-0.738041,51,134.321226
-0.666697,51,134.340837
-0.771924,51,134.36041
-0.706123,52,134.380381
-0.825384,51,134.399988
-0.736508,51,134.419514
-0.685803,51,134.439131
-0.820164,51,134.460028
-0.693769,50,134.479406
-0.711441,51,134.499087
-0.821453,51,134.518637
-0.725178,51,134.53919
-0.729211,51,134.559172
-0.917679,51,134.579086
-0.717237,50,134.791076
-0.660926,51,134.811216
-0.756746,51,134.831374
-0.709531,50,134.851067
-0.744559,52,134.871525
-0.640764,51,134.891433
-0.733613,50,134.910969
-0.75784,51,134.930764
-0.705197,51,134.950419
-0.761599,51,134.970221
-0.8364,51,134.989974
-0.777141,50,135.009454
-0.724841,51,135.029289
-0.67552,51,135.049135
-0.731747,51,135.068922
-0.660457,52,135.090029
-0.746028,51,135.110192
-0.830342,51,135.129992
-0.685792,51,135.149768
-0.703473,51,135.169416
-0.814254,51,135.189118
-0.877418,51,135.20877
-0.780421,51,135.228431
-0.718192,51,135.248086
-0.639496,50,135.267412
-0.709934,51,135.287113
-0.779024,52,135.307237
-0.774652,51,135.326924
-0.887967,51,135.346563
-0.735151,51,135.366182
-0.737455,51,135.385761
-0.658134,50,135.405069
-0.768772,51,135.42475
-0.763654,51,135.444707
-0.614045,50,135.463955
-0.664984,51,135.483573
-0.861579,51,135.503759
-0.74886,51,135.523867
-0.787595,51,135.543715
-0.750324,51,135.563446
-0.802738,51,135.772675
-0.725944,50,135.792269
-0.654389,51,135.812128
-0.670451,51,135.832011
-0.702348,51,135.851651
-0.717504,50,135.871251
-0.644898,50,135.890971
-0.769581,52,135.912187
-0.690676,51,135.932323
-0.668174,51,135.952493
-0.707382,50,135.972161
-0.862279,51,135.992211
-0.81588,51,136.01218
-0.655212,52,136.032543
-0.699912,51,136.052411
-0.72524,51,136.072217
-0.74612,51,136.092096
-0.755885,51,136.11192
-0.895485,51,136.13262
-0.710543,50,136.152268
-0.861218,51,136.172061
-0.720484,51,136.191942
-0.680474,51,136.211779
-0.765639,52,136.231952
-0.692415,51,136.251753
-0.759601,52,136.271991
-0.840184,51,136.29178
-0.769867,51,136.311538
-0.69135,52,136.331777
-0.700769,51,136.351467
-0.671805,50,136.370786
-0.803761,51,136.390408
-0.880981,51,136.410114
-0.668202,51,136.4298
-0.727468,51,136.449498
-0.741888,51,136.469212
-0.776381,51,136.488853
-0.723559,51,136.508542
-0.708269,52,136.529327
-0.678483,51,136.549492
-0.735883,51,136.759621
-0.763592,51,136.779704
-0.648447,51,136.799627
-0.764608,51,136.819519
-0.671892,52,136.83975
-0.697215,51,136.859504
-0.776301,51,136.879258
-0.735289,50,136.898699
-0.874417,51,136.918224
-0.682234,51,136.937994
-0.794001,51,136.957773
-0.719352,51,136.977556
-0.801964,51,136.997261
-0.732789,51,137.016952
-0.669445,51,137.038229
-0.709422,52,137.064614
-0.764306,52,137.085856
-0.737725,51,137.106151
-0.831684,51,137.126095
-0.73788,51,137.145936
-0.711053,51,137.166716
-0.797976,52,137.187106
-0.712702,51,137.207007
-0.694052,50,137.226487
-0.734192,51,137.246257
-0.695015,51,137.266059
-0.701212,50,137.285509
-0.655792,51,137.305253
-0.802957,51,137.324958
-0.808567,51,137.344645
-0.692821,51,137.365123
-0.716124,51,137.385082
-0.865776,51,137.404914
-0.65118,50,137.424288
-0.903208,51,137.443961
-0.820093,51,137.463629
-0.820466,51,137.483363
-0.577655,51,137.503009
-0.671937,51,137.522689
-0.783367,51,137.542338
-0.673887,51,137.750386
-0.78899,51,137.770448
-0.707732,50,137.790924
-1.052058,52,137.811347
-0.831,51,137.831312
-0.796974,51,137.851189
-0.702297,51,137.871011
-0.69747,51,137.890808
-0.646142,52,137.910974
-0.657539,51,137.930644
-0.711165,51,137.950447
-0.800583,51,137.970329
-0.686869,51,137.990139
-0.708796,51,138.009947
-0.717719,51,138.029707
-0.773923,50,138.049155
-0.869803,51,138.06893
-0.683423,50,138.08841
-0.825142,51,138.108126
-0.795112,50,138.127425
-0.801277,51,138.147017
-0.723679,51,138.166583
-0.758198,51,138.188182
-0.809777,51,138.208621
-0.81241,50,138.228333
-0.75257,50,138.248004
-0.74976,50,138.267581
-0.822005,51,138.287455
-0.68188,51,138.307322
-0.791656,51,138.327154
-0.629258,50,138.346625
-0.854201,51,138.367714
-0.696821,51,138.387609
-0.705578,51,138.407449
-0.69672,52,138.427619
-0.76523,51,138.447406
-0.778166,51,138.467167
-0.672877,50,138.486549
-0.798614,51,138.506292
-0.703062,52,138.527726
-0.652468,51,138.737852
-0.78438,51,138.758028
-0.668796,51,138.777906
-0.776621,51,138.79784
-0.802881,51,138.817739
-0.751296,51,138.837711
-0.791052,51,138.858848
-0.745569,51,138.87865
-0.950359,51,138.898409
-0.796924,51,138.917942
-0.77105,51,138.937692
-0.851146,51,138.95747
-0.688351,50,138.976851
-0.716457,51,138.996706
-0.800917,51,139.016503
-0.812017,51,139.036304
-0.805833,52,139.056478
-0.709278,51,139.076236
-0.590969,50,139.095628
-0.760923,51,139.11524
-0.801942,51,139.134888
-0.69034,52,139.155109
-0.780835,51,139.175869
-0.706622,52,139.195939
-0.786983,51,139.215608
-0.786458,51,139.235976
-0.737627,51,139.256113
-0.744678,51,139.275983
-0.707273,50,139.29539
-0.763728,52,139.315607
-0.727128,52,139.335665
-0.641254,50,139.355141
-0.774344,51,139.37489
-0.78665,51,139.394728
-0.709661,51,139.414597
-0.81068,51,139.434349
-0.723881,50,139.454809
-0.657317,52,139.475232
-0.907564,51,139.495177
-0.758908,51,139.515034
-0.698396,51,139.723963
-0.756815,51,139.744311
-0.755327,51,139.764247
-0.762395,51,139.784159
-0.67322,51,139.804026
-0.727247,51,139.823883
-0.797399,51,139.84372
-0.720573,50,139.863922
-0.679726,51,139.884103
-0.774213,51,139.904047
-0.77882,51,139.923824
-0.849635,51,139.943713
-0.832506,51,139.963561
-0.832864,51,139.983485
-0.654331,50,140.003017
-0.744206,50,140.022548
-0.651228,50,140.042067
-0.740183,51,140.063308
-0.810518,51,140.084135
-0.712992,51,140.104087
-0.708,51,140.123847
-0.780643,51,140.143619
-0.9105,51,140.163431
-0.735234,51,140.183197
-0.684443,50,140.202545
-0.847806,51,140.222259
-0.763671,50,140.241668
-0.753448,51,140.261359
-0.862045,51,140.280998
-0.81052,51,140.301853
-0.642817,51,140.321598
-0.782986,51,140.341307
-0.700503,51,140.361049
-0.649549,51,140.38207
-0.739627,51,140.401695
-0.75521,52,140.421774
-0.894965,51,140.441396
-0.751099,50,140.460675
-0.82577,51,140.4804
-0.789717,51,140.501071
-0.817761,52,140.521585
-0.764649,51,140.73252
-0.755472,51,140.752476
-0.817218,51,140.772389
-0.710698,51,140.792197
-0.776028,51,140.811952
-0.712794,51,140.831701
-0.627391,50,140.851145
-0.734552,51,140.870873
-0.741888,51,140.89059
-0.691052,50,140.91112
-0.669892,50,140.931868
-0.722317,52,140.952261
-0.853905,52,140.972509
-0.754024,51,140.992411
-0.746297,50,141.011867
-0.759555,51,141.031655
-0.709065,51,141.051445
-0.857134,51,141.071182
-0.726393,51,141.090918
-0.75151,51,141.110575
-0.678729,51,141.130199
-0.711952,51,141.149774
-0.656748,51,141.169435
-0.731521,51,141.189075
-0.717771,51,141.208718
-0.761161,51,141.228434
-0.797481,50,141.247839
-0.861332,51,141.26749
-0.717828,51,141.287107
-0.743675,51,141.306799
-0.716119,51,141.327256
-0.733011,51,141.347383
-0.711329,51,141.367338
-0.710663,51,141.387199
-0.744402,51,141.406981
-0.729433,51,141.426728
-0.698568,52,141.448243
-0.707765,51,141.467973
-0.721161,52,141.488086
-0.753258,51,141.507823
-0.794169,51,141.717775
-0.839027,51,141.738047
-0.668765,52,141.7586
-0.71658,50,141.778303
-0.718309,51,141.798347
-0.886675,51,141.818361
-0.72682,51,141.838226
-0.862386,51,141.858062
-0.759755,51,141.877798
-0.690231,51,141.897434
-0.941346,51,141.917057
-0.89319,51,141.936882
-0.759808,51,141.957645
-0.779459,51,141.977532
-0.655951,51,141.997327
-0.731488,51,142.017145
-0.718507,51,142.03688
-0.708458,52,142.057049
-0.774289,51,142.076748
-0.71948,51,142.096428
-0.719731,51,142.116054
-0.652801,50,142.135317
-0.901038,51,142.156195
-0.755371,51,142.175968
-0.799548,51,142.195678
-0.670315,51,142.215295
-0.656438,51,142.234918
-0.724129,51,142.254511
-0.746937,51,142.27411
-0.692731,51,142.293718
-0.779511,51,142.313299
-0.635689,50,142.332567
-0.651534,51,142.352139
-0.768586,52,142.373191
-0.722573,50,142.392843
-0.811259,52,142.413059
-0.766206,51,142.432878
-0.866945,51,142.452693
-0.806656,51,142.472456
-0.860278,52,142.492664
-0.664537,50,142.70306
-0.863779,51,142.723262
-0.68942,51,142.74324
-0.713584,51,142.76313
-0.643071,50,142.782654
-0.634618,51,142.802442
-0.703017,51,142.822482
-0.703705,50,142.842184
-0.921403,50,142.861856
-0.658471,51,142.881793
-0.761689,51,142.901589
-0.869184,51,142.921649
-0.800543,51,142.941634
-0.735306,51,142.961668
-0.811922,51,142.981685
-0.775341,51,143.002571
-0.662357,52,143.023111
-0.746123,51,143.043164
-0.814326,52,143.063614
-0.815473,51,143.083528
-0.956853,51,143.103355
-0.707016,51,143.123074
-0.63313,50,143.142467
-0.755822,52,143.162654
-0.695522,51,143.182489
-0.824418,51,143.202194
-0.676578,51,143.221923
-0.833106,51,143.241656
-0.673534,52,143.261801
-0.905301,50,143.281096
-0.773136,50,143.300423
-0.716375,51,143.320117
-0.824977,51,143.339865
-0.682717,51,143.360821
-0.775276,51,143.380744
-0.72738,51,143.400553
-0.852613,51,143.420319
-0.697307,51,143.439996
-0.873139,51,143.459731
-0.733155,51,143.479443
-0.661149,52,143.688849
-0.861375,51,143.708924
-0.681366,50,143.728481
-0.761519,51,143.74826
-0.851853,51,143.768067
-0.680182,51,143.787908
-0.751795,51,143.807666
-0.735382,51,143.827401
-0.853689,51,143.847279
-0.677613,51,143.867002
-0.646941,51,143.886507
-0.823907,52,143.906631
-0.662828,51,143.926361
-0.868568,51,143.946359
-0.720611,50,143.971837
-0.735759,50,143.991707
-0.605122,50,144.011432
-0.672683,51,144.032426
-0.811249,51,144.052696
-0.849459,51,144.072784
-0.809048,51,144.092636
-0.631285,51,144.112445
-0.823161,51,144.132219
-0.684299,51,144.151875
-0.829611,51,144.171458
-0.712588,51,144.191077
-0.742647,51,144.210721
-0.759549,51,144.230484
-0.776943,51,144.250311
-0.673127,51,144.269934
-0.667228,50,144.289289
-0.893225,51,144.308924
-0.670982,50,144.328131
-0.746921,51,144.347684
-0.705735,51,144.367193
-0.78069,51,144.386829
-0.662635,50,144.406055
-0.714354,51,144.42562
-0.689129,51,144.445198
-0.777702,51,144.465605
-0.892774,51,144.485529
-0.823016,51,144.696227
-0.717013,51,144.716319
-0.636162,50,144.735924
-0.675307,51,144.755837
-0.81084,51,144.775722
-0.732097,52,144.795936
-0.767399,52,144.816157
-0.772384,51,144.835947
-0.809886,51,144.856567
-0.722426,51,144.876571
-0.696909,51,144.896421
-0.709393,52,144.916786
-0.744754,51,144.936592
-0.747329,51,144.956482
-0.790723,51,144.9763
-0.691864,51,144.99613
-0.947928,51,145.01593
-0.665378,51,145.035712
-0.803345,51,145.055509
-0.84655,51,145.076116
-0.681529,52,145.096373
-0.732108,51,145.115993
-0.696742,50,145.135439
-0.676153,52,145.155676
-0.723816,52,145.175875
-0.794312,51,145.195589
-0.82254,51,145.215352
-0.89368,51,145.2351
-0.727027,51,145.254862
-0.659355,51,145.274615
-0.654195,51,145.294417
-0.644794,51,145.314965
-0.787468,51,145.334816
-0.760059,52,145.355035
-0.662046,51,145.375345
-0.653748,51,145.395301
-0.822565,51,145.415102
-0.767906,52,145.435215
-0.752074,51,145.454842
-0.867808,51,145.474511
-0.700691,52,145.683771
-0.706823,51,145.703698
-0.691484,51,145.723582
-0.614502,50,145.742987
-0.819698,51,145.763021
-0.649285,51,145.782875
-0.896757,51,145.802637
-0.716463,51,145.822395
-0.673116,51,145.842168
-0.829829,51,145.861856
-0.736204,51,145.881405
-0.7882,51,145.901216
-0.701693,51,145.920979
-0.747756,51,145.940684
-0.793837,51,145.960472
-0.67968,50,145.979808
-0.737083,51,145.999556
-0.782265,51,146.01927
-0.768341,51,146.039055
-0.671662,50,146.058295
-0.762038,50,146.077639
-0.807855,52,146.097633
-0.798357,52,146.117577
-0.743843,51,146.137099
-0.707234,51,146.156604
-0.728874,51,146.176337
-0.793802,51,146.195869
-0.721808,51,146.215368
-0.798521,51,146.234963
-0.710587,52,146.25491
-0.711565,51,146.274297
-0.815438,51,146.294093
-0.740037,51,146.313692
-0.780609,51,146.334916
-0.795478,51,146.35514
-0.744058,51,146.375343
-0.665099,50,146.394678
-0.635732,51,146.414387
-0.660873,50,146.433807
-0.719108,50,146.45315
-0.71841,51,146.662235
-0.755998,51,146.682307
-0.736862,51,146.702323
-0.655141,50,146.721971
-0.800617,52,146.742346
-0.700358,51,146.762268
-0.711207,51,146.782203
-0.79961,51,146.80205
-0.735407,51,146.821975
-0.764991,51,146.841838
-0.738089,51,146.861536
-0.708382,51,146.882759
-0.709184,51,146.902699
-0.750904,52,146.92301
-0.775964,51,146.942868
-0.663039,50,146.962382
-0.710038,51,146.982278
-0.714534,51,147.002285
-0.662549,51,147.022151
-0.811103,51,147.041958
-0.681405,51,147.061709
-0.669492,50,147.081066
-0.662021,51,147.100809
-0.843591,51,147.120493
-0.908443,51,147.140182
-0.826445,52,147.160389
-0.734714,51,147.180093
-0.754065,51,147.199787
-0.791367,51,147.219517
-0.771556,50,147.238853
-0.692912,51,147.258535
-0.743336,52,147.27858
-0.713399,51,147.298241
-0.786003,51,147.317919
-0.75784,51,147.337753
-0.598433,51,147.357391
-0.678818,51,147.377036
-0.778934,51,147.396744
-0.7273,52,147.416695
-0.755985,51,147.437909
-0.722556,51,147.647334
-0.71215,51,147.667336
-0.628193,51,147.68733
-0.752955,52,147.707658
-0.594341,51,147.727532
-0.758864,52,147.747826
-0.720797,51,147.767732
-0.71521,50,147.787237
-0.712344,51,147.807069
-0.75967,51,147.826857
-0.753767,51,147.846628
-0.791748,50,147.865948
-0.684355,51,147.885782
-0.602299,51,147.905593
-0.796163,51,147.925438
-0.620642,51,147.946034
-0.794428,51,147.966246
-0.814048,51,147.986193
-0.745402,51,148.006136
-0.767381,51,148.026039
-0.647012,50,148.045525
-0.930171,51,148.065296
-0.717187,52,148.085454
-0.829812,51,148.105177
-0.840527,51,148.124871
-0.699168,51,148.14455
-0.767518,51,148.164248
-0.727881,51,148.183946
-0.669476,50,148.203305
-0.765804,51,148.222944
-0.765707,51,148.242632
-0.710337,52,148.262689
-0.770739,51,148.28229
-0.766011,51,148.30194
-0.898459,51,148.322119
-0.769161,52,148.342693
-0.702191,51,148.363568
-0.769317,51,148.383486
-0.698964,50,148.402911
-0.695976,51,148.422702
-0.863931,51,148.632271
-0.831232,51,148.652362
-0.7864,51,148.672567
-0.681735,51,148.692495
-0.73302,51,148.712416
-0.69855,52,148.732858
-0.810957,51,148.752783
-0.639432,51,148.772567
-0.77489,52,148.792745
-0.738147,51,148.812491
-0.731568,51,148.832271
-0.825251,51,148.85179
-0.7208,51,148.871508
-0.701146,50,148.890821
-0.774717,51,148.910585
-0.726996,51,148.93036
-0.753489,51,148.950152
-0.811824,51,148.969957
-0.774734,52,148.990081
-0.604202,51,149.009757
-0.650741,51,149.029456
-0.624544,50,149.048729
-0.868311,51,149.068438
-0.762951,51,149.087992
-0.608969,51,149.107524
-0.816284,51,149.127131
-0.760468,51,149.146816
-0.705641,51,149.166384
-0.695136,52,149.187199
-0.89557,51,149.207198
-0.9499,51,149.227039
-0.746475,51,149.246812
-0.753362,50,149.266149
-0.769768,51,149.285876
-0.69321,51,149.305598
-0.820301,51,149.325311
-0.696255,51,149.345013
-0.74407,50,149.364323
-0.718349,50,149.383606
-0.865831,51,149.403234
-0.769886,51,149.613087
-0.716316,51,149.633293
-0.820165,51,149.653129
-0.71308,51,149.673039
-0.77183,51,149.6929
-0.858823,51,149.71283
-0.650319,51,149.732553
-0.660179,51,149.752627
-0.766479,52,149.773136
-0.614411,51,149.793226
-0.761747,52,149.813709
-0.774455,51,149.834383
-0.662978,50,149.854223
-0.949766,51,149.874332
-0.726725,52,149.894752
-0.725854,51,149.914685
-0.782347,51,149.934515
-0.802394,51,149.954308
-0.765032,51,149.974078
-0.833446,51,149.993884
-0.736298,50,150.013285
-0.759852,51,150.03297
-0.822856,51,150.052549
-0.669341,51,150.072163
-0.790347,51,150.09184
-0.696889,51,150.111454
-0.75291,52,150.131465
-0.972314,51,150.151033
-0.685138,51,150.170602
-0.696266,51,150.190305
-0.773771,51,150.209916
-0.730538,51,150.229597
-0.677946,51,150.249189
-0.613675,51,150.268741
-0.758045,51,150.288271
-0.766891,51,150.307902
-0.853557,50,150.327168
-0.723311,50,150.346404
-0.8055,51,150.365992
-0.738646,51,150.385607
-0.685446,50,150.592708
-0.744565,51,150.612672
-0.690806,51,150.63236
-0.69071,51,150.65211
-0.674607,52,150.672281
-0.881913,51,150.692063
-0.692033,51,150.711863
-0.662468,50,150.731296
-0.784602,51,150.75105
-0.707491,51,150.770816
-0.762844,52,150.790999
-0.642186,51,150.81075
-0.632454,50,150.829935
-0.725576,51,150.850605
-0.645599,50,150.870348
-0.713671,51,150.890187
-0.796906,51,150.910211
-0.645344,50,150.929889
-0.723984,51,150.949969
-0.801589,51,150.970042
-0.656049,51,150.989929
-0.658118,51,151.00981
-0.737517,51,151.029645
-0.686079,51,151.049481
-0.686957,51,151.069298
-0.765054,51,151.088957
-0.892972,51,151.108644
-0.674509,52,151.128718
-0.736013,51,151.148326
-0.69903,52,151.168237
-0.865904,51,151.187828
-0.735129,50,151.207117
-0.690521,50,151.226414
-0.83252,51,151.246036
-0.888996,51,151.266487
-0.716272,50,151.286094
-0.67025,51,151.305995
-0.762549,51,151.325754
-0.711479,50,151.347391
-0.788238,51,151.367219
-0.871068,52,151.388089
-0.821081,51,151.596172
-0.742283,51,151.615943
-0.728891,51,151.635576
-0.702694,51,151.656333
-0.718554,52,151.676745
-0.799429,51,151.696702
-0.729109,51,151.716576
-0.696564,51,151.73638
-0.710018,51,151.756155
-0.805216,51,151.776014
-0.811054,51,151.795779
-0.691563,50,151.81519
-0.724598,52,151.835328
-0.958722,51,151.855133
-0.664144,52,151.875314
-0.871932,51,151.895842
-0.730646,51,151.915904
-0.711202,52,151.93619
-0.803349,51,151.956031
-0.738693,51,151.975814
-0.697445,51,151.995545
-0.64545,50,152.014866
-0.658905,51,152.034467
-0.77012,51,152.054071
-0.726133,51,152.07384
-0.736486,51,152.093586
-0.853155,51,152.113399
-0.773857,51,152.133182
-0.720882,51,152.152973
-0.698823,51,152.172726
-0.680674,51,152.192508
-0.697504,50,152.21189
-0.970455,51,152.231625
-0.68275,51,152.251191
-0.892567,51,152.270732
-0.784557,51,152.290304
-0.755108,51,152.310108
-0.75357,52,152.330107
-0.713727,50,152.349338
-0.69275,50,152.368574
-0.809779,51,152.577623
-0.793046,51,152.597485
-0.704989,51,152.617154
-0.663675,51,152.636724
-0.630668,52,152.657816
-0.679134,52,152.678371
-0.691235,51,152.698327
-0.722842,51,152.718191
-0.742728,51,152.738055
-0.768421,51,152.757892
-0.621656,51,152.777663
-0.689037,51,152.797439
-0.75936,51,152.817148
-0.751295,51,152.836869
-0.644565,50,152.856246
-0.698929,51,152.875973
-0.720756,51,152.89575
-0.77456,52,152.915928
-0.822423,51,152.935657
-0.754517,51,152.955401
-0.88608,51,152.975099
-0.679562,50,152.994514
-0.743787,51,153.014815
-0.652101,51,153.034426
-0.729761,51,153.054045
-0.671503,50,153.073286
-0.728701,51,153.093625
-0.742881,51,153.113805
-0.79873,52,153.133765
-0.864515,51,153.153397
-0.674386,51,153.172949
-0.822649,51,153.192513
-0.731223,51,153.21205
-0.774252,52,153.23222
-0.715504,51,153.251903
-0.741623,51,153.271649
-0.736133,51,153.29142
-0.69761,52,153.311541
-0.68639,51,153.332308
-0.674448,51,153.352352
-0.807799,51,153.560485
-0.794837,51,153.58036
-0.658807,51,153.600079
-0.684047,51,153.619707
-0.68459,51,153.639367
-0.749339,51,153.659365
-0.879891,52,153.679498
-0.972358,51,153.699706
-0.741013,51,153.719984
-0.751316,51,153.740115
-0.690983,50,153.759711
-0.777693,51,153.779594
-0.824427,51,153.799458
-0.926471,51,153.819156
-0.658482,52,153.839668
-0.76907,51,153.862104
-0.725688,51,153.898257
-0.773434,52,153.937635
-0.704276,52,153.972353
-0.777201,51,153.997151
-0.724423,51,154.018372
-0.740331,51,154.038427
-0.779734,51,154.058222
-0.736582,51,154.078042
-0.718872,51,154.097659
-0.744323,52,154.117785
-0.848961,51,154.137546
-0.71283,52,154.157695
-0.729189,51,154.177384
-0.671013,52,154.197494
-0.734081,51,154.217157
-0.72348,50,154.236552
-0.617059,51,154.25636
-0.62801,52,154.276413
-0.667928,50,154.29571
-0.659341,52,154.315745
-0.628271,51,154.335344
-0.735438,52,154.355396
-0.793517,51,154.376091
-0.686688,52,154.396371
-0.738688,51,154.611954
-0.832551,51,154.632271
-0.723242,51,154.65216
-1.016485,51,154.672097
-0.811444,51,154.691857
-0.754297,50,154.711353
-0.71501,52,154.731627
-0.659998,51,154.751422
-0.753216,51,154.771217
-0.681095,50,154.790718
-0.681911,51,154.810551
-0.721862,50,154.830023
-0.830795,52,154.850193
-0.798183,51,154.869991
-0.82802,51,154.889841
-0.648876,51,154.909656
-0.66502,52,154.929875
-0.635172,50,154.949342
-0.698474,51,154.96913
-0.75953,51,154.989753
-0.82913,51,155.009928
-0.769641,52,155.030404
-0.63873,52,155.050673
-0.832241,51,155.070457
-0.699667,51,155.090222
-0.764817,51,155.109997
-0.790983,51,155.12977
-0.635457,51,155.149565
-0.667776,50,155.168984
-0.638138,52,155.18909
-0.699719,51,155.208805
-0.700857,51,155.228494
-0.776769,51,155.248219
-0.7249,51,155.267901
-0.618381,51,155.287634
-0.786975,51,155.307374
-0.799338,51,155.327122
-0.948537,51,155.346837
-0.652322,50,155.366238
-0.771119,51,155.386691
-0.754288,51,155.596289
-0.82627,51,155.61641
-0.894133,51,155.636438
-0.731912,51,155.65634
-0.761124,52,155.677102
-0.747295,51,155.697653
-0.748174,52,155.718236
-0.790256,51,155.738271
-0.68239,51,155.758238
-0.758973,51,155.77813
-0.695832,52,155.798424
-0.653697,51,155.819169
-0.703205,51,155.839173
-0.646749,51,155.859171
-0.706367,51,155.879117
-0.812106,51,155.898927
-0.811893,51,155.918887
-0.657368,51,155.938782
-0.830746,51,155.958537
-0.676277,50,155.977973
-0.845584,51,155.997809
-0.748815,51,156.01769
-0.67276,51,156.037429
-0.756157,51,156.057076
-0.684794,50,156.076411
-0.80121,51,156.096683
-0.770794,51,156.117103
-0.723033,51,156.136765
-0.772683,51,156.156498
-0.795971,51,156.176204
-0.700143,51,156.195894
-0.821894,51,156.215609
-0.726571,50,156.235874
-0.65173,52,156.256171
-0.709874,51,156.275997
-0.779893,51,156.295809
-0.706552,51,156.315603
-0.785461,51,156.335352
-0.720975,51,156.355132
-0.677,51,156.374845
-0.649584,50,156.586703
-0.740706,52,156.60854
-0.7905,52,156.628789
-0.76548,51,156.649531
-0.696767,51,156.669381
-0.714212,50,156.68975
-0.753795,51,156.709865
-0.770887,51,156.729606
-0.651981,51,156.749478
-0.748372,51,156.769516
-0.759559,50,156.789114
-0.720902,52,156.809453
-0.859168,51,156.82926
-0.73035,51,156.850475
-0.872472,51,156.87082
-0.739024,50,156.890723
-0.850318,51,156.910897
-0.689608,50,156.930508
-0.777261,51,156.950449
-0.706123,51,156.970243
-0.62586,51,156.990074
-0.792127,51,157.009927
-0.820464,51,157.029693
-0.740218,51,157.049549
-0.725778,51,157.0693
-0.85136,51,157.088985
-0.657869,50,157.108331
-0.721484,51,157.128007
-0.701187,52,157.148112
-0.644414,50,157.167441
-0.641397,51,157.187108
-0.72753,52,157.207214
-0.825646,51,157.226943
-0.797759,51,157.246593
-0.679988,51,157.266286
-0.702357,50,157.285588
-0.843632,51,157.305332
-0.735485,51,157.324989
-0.753968,52,157.345002
-0.659102,51,157.364683
-0.646997,51,157.574205
-0.719011,51,157.594247
-0.733261,51,157.614033
-0.685758,51,157.633896
-0.686583,52,157.653907
-0.732806,51,157.675043
-0.627346,50,157.694671
-0.84592,51,157.714537
-0.915342,51,157.7343
-0.817276,51,157.754021
-0.743734,50,157.773478
-0.710028,51,157.793233
-0.741926,51,157.812944
-0.757828,51,157.832646
-0.832447,51,157.852466
-0.765531,52,157.872637
-0.819203,50,157.892146
-0.677968,51,157.912157
-0.823666,51,157.932111
-0.73874,50,157.951595
-0.820936,51,157.971505
-0.752388,50,157.990948
-0.70431,51,158.010767
-0.707737,51,158.030538
-0.678222,50,158.049974
-0.702688,51,158.069677
-0.833375,51,158.089327
-0.73339,51,158.108947
-1.002123,51,158.128493
-0.729218,51,158.148036
-0.832072,51,158.167661
-0.661841,51,158.187263
-0.650237,52,158.207181
-0.781659,50,158.226492
-0.765383,51,158.246102
-0.6517,51,158.265624
-0.738402,52,158.285641
-0.789016,50,158.305919
-0.786004,51,158.325992
-0.623067,51,158.345847
-0.688653,51,158.366643
-0.669364,51,158.575075
-0.688106,51,158.594939
-0.702205,51,158.614694
-0.767123,51,158.634423
-0.82688,50,158.653674
-0.711808,52,158.673924
-0.854401,51,158.693746
-0.793793,52,158.714743
-0.851642,51,158.734972
-0.700587,51,158.754948
-0.782153,51,158.774902
-0.650364,50,158.794494
-0.70169,50,158.813985
-0.720466,52,158.834319
-0.726714,51,158.854275
-0.74505,51,158.874193
-0.728793,51,158.894062
-0.766989,51,158.914457
-0.682605,52,158.935319
-0.749348,50,158.955051
-0.811406,51,158.974967
-0.659245,50,158.994516
-0.653106,51,159.014347
-0.728696,51,159.034089
-0.801968,51,159.053714
-0.687516,52,159.073949
-0.765581,51,159.09375
-0.620903,51,159.113465
-0.659087,51,159.133275
-0.88578,51,159.153112
-0.736528,51,159.172885
-0.64705,51,159.192618
-0.756667,51,159.212418
-0.716168,52,159.232524
-0.754609,51,159.252107
-0.629654,51,159.271666
-0.705161,50,159.29093
-0.919378,51,159.310494
-0.783437,51,159.331229
-0.694054,50,159.3509
-0.696777,51,159.558887
-0.771227,51,159.578778
-0.755124,51,159.598648
-0.816825,51,159.618481
-0.69166,50,159.637813
-0.674975,51,159.657521
-0.641722,51,159.677367
-0.910132,51,159.69808
-0.826916,52,159.718646
-0.736661,51,159.738607
-0.807915,51,159.758597
-0.693324,51,159.778453
-0.680379,52,159.7987
-0.764825,51,159.818483
-0.729412,51,159.838312
-0.67462,51,159.858155
-0.684414,50,159.877626
-0.834722,51,159.897477
-0.708971,50,159.91697
-0.919238,51,159.936789
-0.77412,52,159.956998
-0.686834,51,159.976792
-0.703473,51,159.996594
-0.814874,51,160.016304
-0.772047,51,160.036041
-0.673406,51,160.055735
-0.690133,51,160.075405
-0.733535,51,160.095046
-0.780478,51,160.114724
-0.69178,50,160.134046
-0.725028,51,160.15468
-0.725797,50,160.174267
-0.644043,51,160.194072
-0.710535,51,160.213708
-0.757404,51,160.23359
-0.685911,51,160.25346
-0.739873,51,160.273272
-0.68073,52,160.29343
-0.876662,51,160.313337
-0.825057,51,160.333147
-0.66824,52,160.543406
-0.746392,52,160.563704
-0.797315,51,160.583451
-0.680436,51,160.60317
-0.68814,50,160.622468
-0.914228,51,160.641995
-0.640999,51,160.66173
-0.700323,51,160.681552
-0.696946,51,160.702049
-0.750413,51,160.722291
-0.779444,51,160.74226
-0.680552,52,160.762612
-0.724593,51,160.782526
-0.752572,52,160.802701
-0.674126,50,160.822217
-0.664423,52,160.842477
-0.654942,50,160.862
-0.602389,50,160.881485
-0.739244,51,160.901323
-0.664585,51,160.921092
-0.692581,51,160.940899
-0.7739,51,160.960709
-0.681945,50,160.980309
-0.591816,50,160.999829
-0.704559,51,161.019506
-0.734544,51,161.039116
-0.690529,50,161.058435
-0.673694,52,161.078547
-0.763279,51,161.098244
-0.730504,51,161.117957
-0.754142,50,161.137319
-0.687278,51,161.158026
-0.746926,51,161.178044
-0.736446,50,161.197723
-0.659387,51,161.217569
-0.735409,51,161.237341
-0.703663,51,161.257116
-0.758658,51,161.276913
-0.583531,50,161.296368
-0.878638,51,161.316117
-0.745768,52,161.529329
-0.712614,52,161.550442
-0.734003,51,161.570338
-0.721535,52,161.590514
-0.731216,51,161.611179
-0.724488,51,161.631038
-0.85684,51,161.651036
-0.808459,51,161.67099
-0.732691,51,161.690841
-0.678502,51,161.71071
-0.728791,51,161.730557
-0.641283,52,161.750812
-0.705111,50,161.770291
-0.724439,50,161.78974
-0.704443,51,161.80963
-0.754672,51,161.82948
-0.629341,51,161.849286
-0.784003,51,161.869137
-0.671693,51,161.888904
-0.600343,50,161.90833
-0.747782,51,161.92811
-0.694497,50,161.947497
-0.688097,51,161.967289
-0.740788,51,161.986952
-0.757787,51,162.007424
-0.79223,51,162.027478
-0.670497,51,162.047408
-0.826366,51,162.06725
-0.82987,51,162.087057
-0.673785,51,162.106868
-0.801898,51,162.126692
-0.792747,51,162.146461
-0.765108,51,162.166208
-0.717993,51,162.186608
-0.677127,52,162.207501
-0.760263,51,162.22729
-0.637515,51,162.247036
-0.804824,51,162.266747
-0.782242,51,162.286462
-0.827775,51,162.306176
-0.692615,51,162.51408
-0.740139,51,162.53403
-0.680044,50,162.553655
-0.61035,51,162.573552
-0.71792,51,162.593457
-0.691982,51,162.613282
-0.766808,52,162.634343
-0.757146,51,162.654715
-0.776691,51,162.674856
-0.688498,51,162.694882
-0.650479,50,162.714421
-0.634478,50,162.73387
-0.756977,51,162.753653
-0.894322,51,162.773477
-0.668724,51,162.793185
-0.703784,51,162.813135
-0.731339,51,162.833322
-0.898386,51,162.85374
-0.698309,51,162.873724
-0.694962,51,162.893619
-0.837983,51,162.913475
-0.771988,51,162.933312
-0.819788,51,162.953161
-0.829832,51,162.972938
-0.817938,51,162.992686
-0.607758,52,163.012774
-0.791265,51,163.032468
-0.794312,50,163.051785
-0.657828,51,163.071429
-0.757825,52,163.091465
-0.719315,51,163.111098
-0.772966,51,163.130696
-0.751625,51,163.150307
-0.796513,51,163.169882
-0.693307,51,163.189482
-0.747771,51,163.209081
-0.757539,50,163.228394
-0.742627,51,163.248181
-0.68171,51,163.267835
-0.660476,52,163.287812
-0.782059,51,163.307416
-0.728608,51,163.51705
-0.664201,51,163.536857
-0.729571,51,163.556657
-0.684643,50,163.576295
-0.73903,50,163.595619
-0.738687,51,163.615161
-0.773185,51,163.634908
-0.765477,52,163.654965
-0.68748,50,163.675315
-0.70452,51,163.695329
-0.794495,52,163.715819
-0.674109,51,163.735845
-0.77057,51,163.755752
-0.792991,51,163.775591
-0.809154,51,163.795423
-0.746232,51,163.815471
-0.62368,51,163.835517
-0.71771,51,163.855487
-0.788581,51,163.8764
-0.712548,51,163.896624
-0.713362,52,163.91701
-0.739494,51,163.936951
-0.671744,52,163.957355
-0.738468,51,163.977194
-0.87991,51,163.996894
-0.726644,51,164.016701
-0.675079,52,164.036858
-0.704084,51,164.056556
-0.722244,50,164.075912
-0.733552,52,164.095969
-0.963729,51,164.115664
-0.688318,50,164.134986
-0.668259,51,164.154662
-0.695239,50,164.173957
-0.679288,51,164.193638
-0.731401,51,164.213285
-0.686949,51,164.232946
-0.669171,51,164.252546
-0.788615,51,164.27223
-0.860082,51,164.293411
-0.768829,51,164.502412
-0.650582,51,164.522528
-0.626561,50,164.54213
-0.716236,51,164.56201
-0.656364,52,164.582315
-0.729266,51,164.602069
-0.761518,51,164.623139
-0.680597,51,164.642926
-0.605839,51,164.662752
-0.69528,50,164.682261
-0.628941,50,164.702447
-0.727335,52,164.722982
-0.880126,51,164.742875
-0.849815,51,164.762733
-0.718323,52,164.782902
-0.794541,51,164.802806
-0.656514,51,164.822607
-0.678956,51,164.842511
-0.751256,51,164.862662
-0.779955,51,164.882546
-0.784143,51,164.902456
-0.669496,52,164.922859
-0.737886,51,164.942836
-0.776885,51,164.964986
-0.814025,52,164.998588
-0.708755,50,165.034179
-0.630857,50,165.064394
-0.707679,50,165.095633
-0.774905,51,165.132319
-0.694234,51,165.168969
-0.928663,51,165.20626
-0.69881,51,165.240059
-0.707889,51,165.261305
-0.73333,50,165.280974
-0.643593,51,165.300802
-0.796162,51,165.320609
-0.782741,52,165.34155
-0.765074,51,165.361355
-0.725749,50,165.380706
-0.898601,51,165.400377
-0.7799,52,165.612723
-0.866151,51,165.632626
-0.703675,52,165.65284
-0.79641,52,165.67303
-0.813919,51,165.692793
-0.757055,51,165.712463
-0.709537,51,165.732136
-0.770167,50,165.751562
-0.657415,51,165.771349
-0.655346,51,165.791158
-0.835025,51,165.810905
-0.71855,51,165.830584
-0.69656,51,165.850756
-0.761681,51,165.87047
-0.601698,52,165.890589
-0.674103,51,165.910449
-0.857062,51,165.930217
-0.683557,50,165.94961
-0.685324,52,165.969674
-0.705496,51,165.989415
-0.825784,51,166.009182
-0.664144,51,166.028963
-0.730764,51,166.048718
-0.841122,51,166.068441
-0.842699,51,166.08808
-0.689809,51,166.107629
-0.598004,51,166.127459
-0.758343,51,166.147232
-0.768885,51,166.168061
-0.633763,52,166.188622
-0.848673,51,166.208776
-0.675087,50,166.229593
-0.678659,51,166.252516
-0.621082,50,166.272159
-0.659874,52,166.292465
-0.668502,51,166.31229
-0.784549,51,166.331965
-0.822813,51,166.351577
-0.720114,51,166.371307
-0.747749,51,166.391036
-0.75082,51,166.601062
-0.804709,51,166.621044
-0.743974,51,166.640863
-0.610998,51,166.660566
-0.691831,52,166.680654
-0.707499,50,166.699967
-0.649174,51,166.719562
-0.738961,51,166.739318
-0.725786,50,166.758711
-0.739341,51,166.778432
-0.646956,51,166.798306
-0.685489,51,166.817955
-0.824045,51,166.837638
-0.786782,51,166.857394
-0.682981,51,166.876981
-0.810982,51,166.896747
-0.679831,51,166.916475
-0.764953,51,166.936196
-0.757697,51,166.955867
-0.650252,51,166.975592
-0.680125,51,166.996193
-0.658719,50,167.01599
-0.785819,51,167.035958
-0.668447,52,167.056322
-0.673376,50,167.075772
-0.809292,51,167.095546
-0.696984,51,167.115251
-0.749691,51,167.13498
-0.679865,51,167.154609
-0.644798,51,167.174272
-0.673618,51,167.193959
-0.65014,52,167.214087
-0.717086,51,167.233736
-0.788029,51,167.253363
-0.740815,51,167.272951
-0.797508,51,167.292728
-0.708018,51,167.312564
-0.694154,50,167.332102
-0.688288,50,167.351578
-0.668104,51,167.371376
-0.724216,51,167.580441
-0.82697,50,167.600339
-0.746281,51,167.620824
-0.747909,51,167.640802
-0.687114,51,167.660642
-0.868328,51,167.680419
-0.804668,51,167.700141
-0.799892,50,167.719437
-0.696012,51,167.739237
-0.67517,52,167.759492
-0.688941,51,167.779278
-0.899512,51,167.799106
-0.775356,51,167.819566
-0.759555,51,167.839599
-0.741763,51,167.859438
-0.676531,51,167.879279
-0.876475,51,167.899235
-0.780797,51,167.919036
-0.745297,51,167.938795
-0.697904,51,167.958563
-0.759911,51,167.978309
-0.78545,51,167.998861
-0.906088,51,168.019232
-0.733572,51,168.039431
-0.738555,52,168.05973
-0.63874,52,168.0799
-0.640179,51,168.099658
-0.756426,52,168.119796
-0.714839,51,168.139568
-0.6934,50,168.158928
-0.679397,50,168.178253
-0.707874,52,168.198278
-0.73543,51,168.217967
-0.707937,51,168.237599
-0.735822,51,168.257803
-0.620617,50,168.277511
-0.761824,51,168.297172
-0.691681,52,168.317157
-0.624969,51,168.336843
-0.644056,52,168.356829
-0.73157,52,168.567618
-0.659929,52,168.589577
-0.876739,51,168.609546
-0.759649,51,168.629425
-0.861703,51,168.649323
-0.634469,50,168.668764
-0.650341,50,168.68813
-0.706893,51,168.708376
-0.747375,51,168.728879
-0.758603,51,168.748657
-0.831528,51,168.768409
-0.703731,51,168.788099
-0.770049,50,168.807529
-0.920851,51,168.827269
-0.667835,50,168.84747
-0.761047,52,168.867952
-0.707936,51,168.888165
-0.735478,51,168.909296
-0.607234,51,168.929094
-0.628685,51,168.948877
-0.785306,51,168.968744
-0.69156,51,168.988493
-0.666794,51,169.008199
-0.66269,51,169.031905
-0.728887,50,169.051798
-0.72047,50,169.071339
-0.756977,51,169.091141
-0.723842,51,169.110888
-0.669424,51,169.130673
-0.714115,51,169.150327
-0.823257,51,169.170041
-0.83175,51,169.189849
-0.655338,50,169.209228
-0.768863,50,169.228594
-0.706372,52,169.249497
-0.720942,52,169.26997
-0.611955,52,169.290236
-0.742758,51,169.310035
-0.7483,52,169.331054
-0.740471,51,169.351166
-0.672223,50,169.559939
-0.693488,52,169.580649
-0.591159,50,169.600232
-0.7095,51,169.620179
-0.737741,51,169.640154
-0.909937,51,169.660053
-0.7672,51,169.680948
-0.711862,51,169.700786
-0.850607,51,169.72117
-0.687558,51,169.74215
-0.716686,50,169.761813
-0.915544,51,169.781657
-0.705628,51,169.801374
-0.66836,51,169.821102
-0.757828,51,169.841326
-0.882716,51,169.860977
-0.677305,51,169.880947
-0.745597,51,169.900708
-0.695388,51,169.920476
-0.720824,51,169.940215
-0.699333,52,169.960393
-0.687464,51,169.980176
-0.698672,51,169.999872
-0.90381,51,170.020964
-0.765468,50,170.040404
-0.777168,51,170.060001
-0.635912,51,170.079593
-0.813202,51,170.100286
-0.786968,51,170.120152
-0.897396,51,170.139972
-0.693944,51,170.159729
-0.794433,51,170.179434
-0.718633,51,170.199151
-0.80595,51,170.218878
-0.621613,50,170.238229
-0.766253,51,170.257852
-0.710256,51,170.277558
-0.737281,51,170.297247
-0.696226,50,170.316577
-0.921961,51,170.336218
-0.772466,51,170.357149
-0.86896,51,170.566372
-0.624155,51,170.586232
-0.707774,51,170.606002
-0.741274,51,170.627099
-0.739158,52,170.647231
-0.803692,51,170.666895
-0.732008,52,170.686983
-0.670419,51,170.707507
-0.697833,52,170.727993
-0.671437,52,170.748425
-0.743246,52,170.769744
-0.700916,51,170.789952
-0.64365,50,170.809623
-0.682747,52,170.83002
-0.706084,51,170.850005
-0.730796,52,170.87073
-0.924307,51,170.890811
-0.77986,51,170.910773
-0.769774,51,170.930657
-0.89703,52,170.950859
-0.713167,51,170.970595
-0.749368,50,170.990005
-0.715736,51,171.009743
-0.760609,51,171.029473
-0.672947,51,171.049188
-0.627066,51,171.068835
-0.712879,50,171.088166
-0.613482,52,171.108189
-0.638977,51,171.12877
-0.619502,50,171.148391
-0.747412,51,171.168234
-0.796301,51,171.188095
-0.644447,51,171.207866
-0.754112,51,171.227599
-0.599109,51,171.247337
-0.615779,51,171.267011
-0.73818,51,171.286818
-0.770444,51,171.306549
-0.738092,52,171.327468
-0.625517,51,171.347493
-0.728642,50,171.560151
-0.67189,51,171.58011
-0.60704,51,171.600005
-0.67417,51,171.619896
-0.668182,52,171.64006
-0.716146,51,171.659779
-0.757875,51,171.67957
-0.797456,51,171.699167
-0.68555,52,171.719368
-0.682947,51,171.740104
-0.729499,51,171.760203
-0.717002,52,171.780632
-0.705516,51,171.800521
-0.809534,51,171.820393
-0.659642,51,171.84026
-0.700657,51,171.86012
-0.7052,51,171.880125
-0.847327,51,171.899876
-0.964379,51,171.920225
-0.733751,51,171.942094
-0.666939,51,171.962176
-0.738387,51,171.982154
-0.646106,50,172.001725
-0.678667,51,172.021611
-0.708438,50,172.041175
-0.687853,51,172.060979
-0.670198,51,172.080716
-0.715235,51,172.100423
-0.665797,51,172.120093
-0.715137,51,172.139831
-0.869755,51,172.159532
-0.941262,51,172.179252
-0.775336,51,172.19888
-0.687316,51,172.21851
-0.792881,51,172.238142
-0.771793,51,172.257797
-0.680594,51,172.277494
-0.722085,51,172.297215
-0.739313,51,172.316955
-0.659066,51,172.336689
-0.665481,51,172.547385
-0.761875,51,172.568689
-0.684366,50,172.588369
-0.811654,51,172.608466
-0.653319,50,172.627907
-0.771242,50,172.647375
-0.697848,51,172.667088
-0.692191,52,172.687235
-0.699358,52,172.707317
-0.648696,50,172.726731
-0.721295,51,172.746526
-0.706643,51,172.76638
-0.674785,52,172.787498
-0.723826,51,172.807464
-0.729292,51,172.827431
-0.717514,51,172.847192
-0.853862,51,172.86856
-0.674175,52,172.889028
-0.715596,51,172.908927
-0.819056,51,172.928787
-0.748339,52,172.948989
-0.575268,50,172.968532
-0.694746,50,172.98801
-0.802165,51,173.007842
-0.728147,50,173.027277
-0.702546,52,173.047389
-0.666379,51,173.067125
-0.716083,51,173.086934
-0.766606,51,173.106714
-0.714879,51,173.126545
-0.726683,51,173.146773
-0.638712,51,173.167429
-0.774219,51,173.18731
-0.788746,51,173.207137
-0.626137,51,173.226913
-0.705172,51,173.246807
-0.72923,51,173.266499
-0.8128,51,173.28619
-0.75672,52,173.306197
-0.82226,52,173.326263
-0.66483,52,173.536946
-0.699722,51,173.556974
-0.760727,51,173.576761
-0.692416,51,173.59652
-0.695306,50,173.616828
-0.655293,52,173.637177
-0.704152,51,173.656978
-0.82792,52,173.677165
-0.825631,51,173.696792
-0.641555,50,173.71623
-0.727028,52,173.736427
-0.795615,52,173.756619
-0.70954,52,173.776809
-0.735116,51,173.796567
-0.6356,50,173.816816
-0.761411,51,173.836738
-0.652597,50,173.856371
-0.861929,51,173.876357
-0.722332,51,173.896288
-0.737947,51,173.916152
-0.640272,51,173.937286
-0.706075,50,173.958872
-0.683646,52,173.988004
-0.660254,52,174.009568
-0.775472,51,174.029586
-0.650639,52,174.050633
-0.656319,51,174.070363
-0.664141,51,174.090139
-0.71383,52,174.110224
-0.73531,51,174.129919
-0.869849,51,174.149528
-0.821533,52,174.169559
-0.742161,51,174.189163
-0.824893,51,174.208716
-0.730547,51,174.229004
-0.717312,50,174.248704
-0.877002,51,174.268612
-0.712931,51,174.288457
-0.682625,52,174.308756
-0.724641,51,174.328649
-0.712861,50,174.544382
-0.680488,50,174.563992
-0.742241,51,174.583808
-0.62302,50,174.60314
-0.656527,51,174.622814
-0.717917,51,174.642514
-0.755274,51,174.662198
-0.631956,51,174.681906
-0.840452,51,174.701519
-0.672283,51,174.721174
-0.753883,51,174.740947
-0.701661,51,174.760687
-0.653331,51,174.780437
-0.601649,50,174.800736
-0.736376,51,174.820782
-0.770786,51,174.840592
-0.734008,51,174.860542
-0.723166,51,174.880461
-0.640107,51,174.900385
-0.821999,50,174.91981
-0.828831,52,174.940043
-0.707749,52,174.960282
-0.686914,51,174.98002
-0.837728,52,175.00021
-0.627576,51,175.020057
-0.645839,50,175.039446
-0.666438,52,175.060442
-0.687541,51,175.080372
-0.675938,51,175.100132
-0.744829,52,175.120356
-0.668515,52,175.140496
-0.849335,51,175.160237
-0.708501,52,175.18031
-0.704665,51,175.199935
-0.685752,50,175.219163
-0.748397,51,175.23877
-0.723533,51,175.258381
-0.70581,51,175.278052
-0.815565,51,175.297619
-0.738721,50,175.316878
-0.862732,51,175.528005
-0.627091,52,175.548652
-0.6772,52,175.569066
-0.687441,51,175.588836
-0.644783,50,175.608239
-0.577124,51,175.628024
-0.643763,51,175.647728
-0.780747,50,175.667069
-0.663912,52,175.68711
-0.81174,51,175.706831
-0.644484,50,175.726278
-0.684684,52,175.7465
-0.750666,50,175.766024
-0.68645,51,175.785838
-0.677242,51,175.805648
-0.783447,51,175.825528
-0.670691,51,175.845237
-0.804896,52,175.865597
-0.761302,51,175.885643
-0.660288,51,175.905467
-0.661645,50,175.924878
-0.853987,51,175.944699
-0.699264,51,175.964458
-0.669288,51,175.984191
-0.86367,52,176.00435
-0.794707,51,176.024029
-0.799135,51,176.043644
-0.739845,50,176.062941
-0.64868,51,176.082559
-0.65514,52,176.102619
-0.725101,51,176.122284
-0.702932,52,176.142319
-0.63918,51,176.16191
-0.656491,50,176.18118
-0.693811,51,176.200905
-0.754612,52,176.220907
-0.747175,51,176.240559
-0.887148,51,176.260188
-0.678199,50,176.280072
-0.642635,51,176.300141
-0.763814,52,176.508142
-0.691981,51,176.52815
-0.629278,51,176.547758
-0.661256,51,176.567982
-0.958358,51,176.587872
-0.669093,51,176.607735
-0.617079,52,176.627909
-0.719308,51,176.647669
-0.66087,52,176.667818
-0.714367,51,176.687554
-0.731086,51,176.708456
-0.658347,51,176.728696
-0.767309,51,176.748708
-0.731116,50,176.768273
-0.777197,51,176.788143
-0.6977,51,176.807944
-0.696522,51,176.828687
-0.707684,51,176.848945
-0.655873,51,176.86904
-0.651467,52,176.889367
-0.834948,51,176.909691
-0.728089,52,176.930445
-0.753414,51,176.950385
-0.801044,51,176.970291
-0.889759,51,176.990457
-0.801606,52,177.010716
-0.743379,50,177.030089
-0.671632,51,177.049859
-0.861947,51,177.06958
-0.708484,51,177.089255
-0.719612,50,177.108603
-0.657301,50,177.128109
-0.646324,50,177.147494
-0.678746,51,177.16715
-0.70982,52,177.187192
-0.730716,52,177.207194
-0.707804,51,177.226859
-0.749604,51,177.246534
-0.698594,51,177.266187
-0.72807,50,177.285484
-0.652244,51,177.305037
-0.731016,51,177.514853
-0.586151,51,177.534795
-0.609868,51,177.554623
-0.827187,51,177.574465
-0.692393,51,177.594201
-0.688175,51,177.613971
-0.684103,52,177.6341
-0.697878,51,177.653791
-0.618204,50,177.673009
-0.788989,50,177.692409
-0.767876,51,177.712327
-0.720816,51,177.732323
-0.620208,51,177.75237
-0.71509,51,177.772657
-0.662535,51,177.792758
-0.672066,50,177.812224
-0.65837,51,177.832659
-0.632339,51,177.852986
-0.709527,51,177.873055
-0.762529,50,177.892541
-0.725678,51,177.912294
-0.767222,51,177.932147
-0.636852,52,177.952355
-0.687216,50,177.972395
-0.759125,51,177.992851
-0.618212,50,178.012159
-0.650985,50,178.03139
-0.624761,51,178.051096
-0.728291,51,178.07074
-0.772171,51,178.090403
-0.65736,51,178.110073
-0.62227,51,178.129642
-0.642282,51,178.149321
-0.759493,52,178.169394
-0.707299,51,178.188957
-0.708463,51,178.208526
-0.802662,51,178.228168
-0.671827,51,178.247742
-0.681076,50,178.267085
-0.63903,51,178.287228
-0.838091,51,178.497304
-0.785486,51,178.51734
-0.703127,51,178.537078
-0.674551,51,178.557831
-0.742494,51,178.577817
-0.631311,50,178.597426
-0.776127,51,178.61731
-0.749166,51,178.637086
-0.716731,51,178.656808
-0.80129,51,178.676663
-0.74574,51,178.696603
-0.725978,50,178.716188
-0.869829,51,178.736099
-0.678931,51,178.755987
-0.79389,51,178.775911
-0.626469,51,178.795767
-0.720022,51,178.815587
-0.64925,52,178.836176
-0.672458,51,178.855985
-0.633358,51,178.876091
-0.736757,51,178.8974
-0.725445,51,178.917372
-0.70777,51,178.937441
-0.744772,51,178.957442
-0.714693,51,178.977395
-0.739521,51,178.997273
-0.697523,50,179.016811
-0.6842,51,179.03666
-0.68106,51,179.056382
-0.666194,50,179.075635
-0.774642,51,179.095373
-0.707917,50,179.114686
-0.676142,50,179.13406
-0.746755,51,179.154584
-0.826822,51,179.17465
-0.955068,51,179.194503
-0.772897,50,179.213956
-0.675545,51,179.233723
-0.745375,51,179.253578
-0.608785,51,179.273242
-0.74494,51,179.481158
-0.674042,51,179.501084
-0.640807,51,179.520976
-0.692634,51,179.541591
-0.71432,50,179.561157
-0.658333,51,179.581018
-0.69617,50,179.600438
-0.695002,50,179.619752
-0.67151,51,179.639452
-0.762415,50,179.658624
-0.784776,50,179.678054
-0.659855,52,179.698277
-0.706823,51,179.718097
-0.64114,51,179.737839
-0.706731,51,179.75758
-0.750813,52,179.778664
-0.90141,51,179.798682
-0.665744,52,179.81925
-0.701685,51,179.839934
-0.731806,52,179.860547
-0.697658,52,179.880902
-0.867746,51,179.900828
-0.747882,51,179.920676
-0.679858,51,179.940539
-0.828785,52,179.960811
-0.672474,51,179.980602
-0.680877,51,180.000347
-0.763997,51,180.02002
-0.712533,52,180.041504
-0.728956,50,180.061399
-0.650764,50,180.081128
-0.702837,52,180.101556
-0.688573,50,180.121123
-0.664975,52,180.141551
-0.784038,51,180.161494
-0.702938,52,180.181857
-0.628448,51,180.201707
-0.705879,52,180.221814
-0.632148,50,180.241208
-0.706984,51,180.261009
-0.82196,51,180.469301
-0.647396,50,180.4889
-0.66739,50,180.50843
-0.760442,51,180.528299
-0.674342,51,180.548055
-0.829838,51,180.567875
-0.935645,51,180.587658
-0.602633,51,180.607418
-0.646245,52,180.627603
-0.711947,52,180.647628
-0.674336,50,180.667124
-0.685614,51,180.686981
-0.68651,51,180.706735
-0.670834,52,180.72697
-0.765548,51,180.746791
-0.694563,51,180.766605
-0.650458,50,180.786078
-0.624381,51,180.807319
-0.755237,50,180.826966
-0.89933,51,180.846785
-0.804003,51,180.866649
-0.771809,50,180.886085
-0.793688,51,180.905914
-0.899519,51,180.925798
-0.641624,51,180.945523
-0.657428,52,180.965771
-0.724195,51,180.985468
-0.669318,52,181.006566
-0.66852,52,181.026986
-0.750037,52,181.047123
-0.721261,50,181.066519
-0.775913,52,181.086691
-0.70378,51,181.106461
-0.784337,52,181.126596
-0.695565,51,181.146288
-0.713428,52,181.166327
-0.841383,51,181.186161
-0.731781,51,181.206893
-0.681107,50,181.226665
-0.811335,51,181.246638
-0.835347,51,181.456248
-0.660822,50,181.476009
-0.696692,51,181.495935
-0.679565,51,181.515687
-0.760078,51,181.535473
-0.777199,51,181.555318
-0.70655,52,181.575448
-0.617214,51,181.595168
-0.792098,51,181.614921
-0.765654,51,181.634552
-0.729201,51,181.654308
-0.684785,51,181.674212
-0.811987,51,181.694017
-0.709614,50,181.71346
-0.648901,51,181.733301
-0.656556,51,181.753062
-0.6512,51,181.773084
-0.648628,51,181.794355
-0.678148,51,181.814407
-0.725032,51,181.834277
-0.677413,51,181.854208
-0.717655,51,181.874078
-0.667763,51,181.893926
-0.695094,51,181.913781
-0.694576,51,181.933673
-0.60407,52,181.953968
-0.726086,51,181.973791
-0.631719,51,181.993524
-0.689768,51,182.01324
-0.753266,51,182.033118
-0.824253,51,182.052891
-0.620812,51,182.072569
-0.600302,51,182.092304
-0.61131,50,182.111713
-0.736572,51,182.131451
-0.600411,50,182.150823
-0.766662,51,182.170537
-0.630723,50,182.189891
-0.751789,51,182.209577
-0.794879,51,182.229276
-0.791257,51,182.439128
-0.74571,52,182.460754
-0.845104,50,182.480604
-0.745357,50,182.500317
-0.798379,51,182.520247
-0.714313,51,182.540141
-0.783787,51,182.559961
-0.613342,51,182.579815
-0.681226,51,182.599586
-0.750022,51,182.6195
-0.671965,51,182.640519
-0.622183,51,182.661262
-0.714259,51,182.681498
-0.751489,51,182.701585
-0.677629,51,182.721596
-0.642468,50,182.741253
-0.71829,51,182.761159
-0.842385,51,182.781122
-0.790922,52,182.801571
-0.680733,51,182.821545
-0.711243,51,182.841509
-0.734026,51,182.862253
-0.831874,51,182.88257
-0.771548,50,182.902232
-0.84242,51,182.922278
-0.713435,51,182.942218
-0.704948,50,182.961784
-0.747894,51,182.98159
-0.754462,51,183.00147
-0.703493,51,183.02129
-0.715759,52,183.04156
-0.782662,51,183.061263
-0.707508,51,183.081056
-0.695132,51,183.100783
-0.759293,52,183.120989
-0.722252,51,183.140726
-0.666933,52,183.160893
-0.673356,51,183.180676
-0.749318,52,183.200821
-0.663629,52,183.222473
-0.739147,51,183.243678
-0.639645,52,183.453741
-0.738477,51,183.474348
-0.723648,52,183.494557
-0.663583,51,183.514449
-0.778008,51,183.534419
-0.692439,51,183.554299
-0.702963,51,183.574128
-0.716165,51,183.593999
-0.592387,52,183.614163
-0.68948,51,183.634062
-0.719318,51,183.654045
-0.719495,51,183.674774
-0.855236,51,183.695201
-0.803869,52,183.715619
-0.730465,51,183.735477
-0.817289,51,183.75537
-0.731661,51,183.775129
-0.705785,51,183.795117
-0.702877,51,183.814972
-0.857082,51,183.834809
-0.69453,50,183.854259
-0.694653,51,183.874086
-0.763025,51,183.894097
-0.708183,51,183.913879
-0.660446,51,183.933753
-0.717116,51,183.953534
-0.699408,52,183.973647
-0.678032,50,183.992947
-0.752514,51,184.012571
-0.832858,51,184.032257
-0.654047,51,184.051807
-0.575718,50,184.071075
-0.735301,50,184.090372
-0.805674,52,184.110391
-0.740543,51,184.130063
-0.703037,51,184.149729
-0.648653,51,184.169349
-0.591441,51,184.188977
-0.705917,51,184.208605
-0.801485,51,184.230062
-0.850011,51,184.438182
-0.597975,52,184.459639
-0.711625,51,184.479764
-0.760157,52,184.499956
-0.67831,50,184.520379
-0.723689,51,184.541184
-0.630272,51,184.561255
-0.891038,51,184.581187
-0.809352,50,184.60071
-0.631561,51,184.620434
-0.602408,50,184.639962
-0.65006,51,184.659805
-0.709705,50,184.679577
-0.592628,51,184.699666
-0.696097,50,184.719393
-0.663676,51,184.739481
-0.692349,50,184.759149
-0.632877,52,184.779727
-0.713774,51,184.799903
-0.601613,51,184.819872
-0.878908,51,184.839807
-0.72556,51,184.859622
-0.746734,51,184.880439
-0.744445,51,184.900583
-0.736563,52,184.921046
-0.805178,51,184.941083
-0.689299,51,184.960948
-0.681822,51,184.980716
-0.823779,51,185.000498
-0.759877,51,185.020306
-0.669839,52,185.040495
-0.702257,51,185.060247
-0.745184,51,185.080021
-0.777652,51,185.099762
-0.686397,50,185.119248
-0.668163,50,185.139542
-0.714602,51,185.159543
-0.739992,51,185.179425
-0.721655,50,185.201715
-0.579293,51,185.221666
-0.7034,51,185.431045
-0.65119,51,185.451096
-0.794969,51,185.470955
-0.648464,51,185.490834
-0.711061,51,185.51066
-0.694833,51,185.53058
-0.826852,52,185.550828
-0.59653,51,185.570684
-0.760083,50,185.590113
-0.690192,52,185.610173
-0.653923,50,185.62975
-0.739972,52,185.65004
-0.640288,51,185.669947
-0.700083,50,185.689509
-0.67601,50,185.709061
-0.747322,50,185.7286
-0.716493,51,185.748421
-0.658652,51,185.768238
-0.710081,51,185.789599
-0.751919,51,185.809343
-0.709349,51,185.829343
-0.699829,51,185.849367
-0.633494,51,185.870132
-0.663298,50,185.890261
-0.67851,51,185.910471
-0.664549,51,185.930642
-0.66314,51,185.950811
-0.800735,51,185.970777
-0.688585,50,185.990293
-0.732432,51,186.010765
-0.822912,51,186.031201
-0.701115,51,186.050996
-0.767313,51,186.070722
-0.736399,51,186.090401
-0.67645,51,186.110055
-0.87536,51,186.129705
-0.806195,51,186.149412
-0.736656,52,186.170273
-0.712617,51,186.190343
-0.662956,51,186.210178
-0.757751,51,186.421399
-0.723762,50,186.441074
-0.660051,51,186.460936
-0.650205,51,186.480663
-0.626324,51,186.500444
-0.62968,51,186.520113
-0.63335,52,186.540329
-0.771125,51,186.560322
-0.671182,51,186.582214
-0.696545,51,186.602214
-0.572844,51,186.62212
-0.706858,51,186.642056
-0.808562,51,186.662037
-0.65622,51,186.68197
-0.747756,50,186.701555
-0.745165,52,186.721877
-0.716682,51,186.74173
-0.618434,51,186.7616
-0.734661,51,186.781672
-0.809568,52,186.802059
-0.7634,51,186.821912
-0.705746,51,186.841726
-0.758918,51,186.861599
-0.745049,52,186.88252
-0.690412,52,186.903132
-0.652623,51,186.923164
-0.679257,52,186.943441
-0.617826,51,186.963243
-0.675051,51,186.982995
-0.711587,51,187.002891
-0.729829,51,187.022814
-0.649617,50,187.042372
-0.566562,52,187.062647
-0.741863,51,187.08245
-0.690505,52,187.102588
-0.766115,51,187.12237
-0.639927,52,187.142541
-0.846204,51,187.162264
-0.745625,52,187.182285
-0.71443,51,187.20279
-0.651168,51,187.413527
-0.71615,52,187.434132
-0.702811,51,187.454078
-0.704397,51,187.47396
-0.656445,50,187.493419
-0.674667,51,187.513272
-0.614789,51,187.533009
-0.759911,51,187.552824
-0.988803,51,187.572591
-0.62932,50,187.591888
-0.813805,51,187.611572
-0.641983,51,187.631452
-0.669235,51,187.651243
-0.693729,50,187.670779
-0.678653,52,187.691011
-0.662062,51,187.710846
-0.691615,50,187.730352
-0.686748,51,187.750054
-0.656459,51,187.771433
-0.642265,51,187.791298
-0.659631,51,187.812912
-0.781461,51,187.835068
-0.833666,52,187.855513
-0.695356,52,187.87583
-0.675642,51,187.896519
-0.737766,51,187.916625
-0.676259,50,187.93618
-0.703596,51,187.955954
-0.813526,51,187.975715
-0.7371,50,187.995035
-0.897007,51,188.014767
-0.725801,51,188.034451
-0.779512,51,188.054221
-0.681947,51,188.075403
-0.773532,51,188.095169
-0.669456,50,188.114406
-0.897371,51,188.133878
-0.644657,50,188.153275
-0.626688,50,188.172715
-0.613665,51,188.192482
-0.669177,51,188.404987
-0.774516,51,188.425239
-0.598707,50,188.445681
-0.734738,51,188.465793
-0.702974,51,188.485723
-0.56492,51,188.505597
-0.744033,51,188.52544
-0.707355,51,188.545267
-0.750578,51,188.565111
-0.750192,51,188.584904
-0.727757,51,188.604521
-0.747221,52,188.62479
-0.642641,51,188.644689
-0.71058,51,188.664637
-0.739927,51,188.684559
-0.680069,51,188.704431
-0.638576,50,188.723965
-0.751412,51,188.743699
-0.89112,51,188.763828
-0.693707,51,188.783791
-0.674879,51,188.803764
-0.678503,52,188.825441
-0.745558,51,188.84533
-0.646752,52,188.865548
-0.784011,51,188.885413
-0.581377,50,188.905745
-0.719599,51,188.925927
-0.79219,51,188.945848
-0.644103,51,188.965648
-0.573531,52,188.985887
-0.865432,51,189.005695
-0.702208,51,189.025449
-0.686985,51,189.045194
-0.607847,51,189.065102
-0.658832,51,189.084766
-0.717788,51,189.104423
-0.633357,50,189.12373
-0.690348,52,189.143871
-0.933295,51,189.163579
-0.686208,52,189.183659
-0.755095,51,189.203282
-0.689014,51,189.41352
-0.757851,52,189.434052
-0.676127,51,189.454007
-0.641198,52,189.474521
-0.664959,50,189.493964
-0.853673,51,189.513772
-0.776449,51,189.534238
-0.711897,51,189.554349
-0.735773,51,189.574256
-0.711908,51,189.593998
-0.76509,51,189.6139
-0.630384,51,189.633854
-0.663933,50,189.65343
-0.629699,51,189.673287
-0.741224,51,189.693195
-0.715147,51,189.71332
-0.753063,51,189.733088
-0.663967,51,189.75306
-0.76167,52,189.773679
-0.802669,51,189.793738
-0.661217,50,189.813243
-0.749692,51,189.833084
-0.692763,51,189.852974
-0.728265,51,189.872825
-0.677802,50,189.892343
-0.666639,52,189.912865
-0.753698,51,189.932666
-0.785784,51,189.952322
-0.711689,52,189.97236
-0.778714,51,189.992059
-0.839234,51,190.011725
-0.692255,52,190.031819
-0.734922,50,190.051232
-0.758327,51,190.070944
-0.662371,50,190.090234
-0.707769,51,190.109894
-0.714664,51,190.129615
-0.678367,52,190.149701
-0.618045,50,190.169009
-0.729865,51,190.188616
-0.74501,51,190.399191
-0.602173,50,190.418833
-0.769002,51,190.438561
-0.824891,51,190.458411
-0.819279,51,190.478327
-0.615653,50,190.498034
-0.648589,51,190.517958
-0.623227,50,190.53747
-0.616559,51,190.557397
-0.700784,51,190.577208
-0.668595,51,190.597075
-0.699206,51,190.617047
-0.736843,51,190.636947
-0.68249,51,190.656733
-0.661669,52,190.676955
-0.704896,51,190.696821
-0.668137,50,190.716208
-0.672549,51,190.735948
-0.742308,51,190.755881
-0.826552,51,190.775735
-0.743463,51,190.795528
-0.684792,52,190.815712
-0.62936,51,190.836922
-0.662027,50,190.856364
-0.609874,50,190.875835
-0.647684,51,190.895672
-0.86115,51,190.915428
-0.662699,51,190.936071
-0.674789,51,190.955943
-0.655022,51,190.975703
-0.877654,51,190.99547
-0.754765,51,191.01518
-0.650653,51,191.034816
-0.688478,51,191.054422
-0.803858,51,191.074185
-0.70518,51,191.093857
-0.768434,51,191.113506
-0.73642,51,191.133179
-0.625245,51,191.152808
-0.756118,51,191.172494
-0.740441,51,191.381865
-0.655687,51,191.401811
-0.728033,51,191.421656
-0.617365,52,191.443272
-0.780752,51,191.463162
-0.666904,51,191.482949
-0.738981,52,191.50312
-0.659909,50,191.522476
-0.665786,51,191.542194
-0.644089,50,191.561522
-0.612375,51,191.581088
-0.705853,52,191.601214
-0.786513,51,191.621202
-0.694507,51,191.641212
-0.746868,51,191.661165
-0.7553,51,191.681182
-0.824009,51,191.701162
-0.754939,52,191.725851
-0.608294,51,191.749037
-0.757544,51,191.769485
-0.745391,51,191.789471
-0.647115,50,191.809115
-0.896507,51,191.829155
-0.68038,51,191.849099
-0.935854,51,191.868958
-0.698049,51,191.888837
-0.745687,52,191.909078
-0.592156,50,191.928487
-0.748001,51,191.948265
-0.718992,51,191.968099
-0.676915,51,191.987897
-0.686257,51,192.007603
-0.773862,51,192.02732
-0.608843,52,192.047449
-0.666108,52,192.067585
-0.666536,50,192.086912
-0.748093,51,192.106604
-0.690514,51,192.126366
-0.74646,51,192.146036
-0.64336,50,192.165486
-0.646049,51,192.374498
-0.732429,50,192.394066
-0.668692,52,192.41433
-0.739132,51,192.434096
-0.832603,51,192.453936
-0.680401,51,192.473734
-0.662896,50,192.493144
-0.675417,51,192.512858
-0.760117,51,192.532483
-0.703725,51,192.552235
-0.710041,50,192.571626
-0.855858,51,192.591294
-0.677485,51,192.611204
-0.744231,51,192.631074
-0.611077,52,192.651326
-0.765684,51,192.671221
-0.620566,51,192.69103
-0.765264,51,192.710813
-0.663145,51,192.730547
-0.643032,51,192.750476
-0.668349,52,192.770775
-0.683291,52,192.791372
-0.646537,51,192.811388
-0.665347,50,192.831004
-0.620353,52,192.85137
-0.757215,51,192.871472
-0.746361,51,192.891667
-0.935933,51,192.911656
-0.742023,51,192.932113
-0.641379,51,192.952352
-0.645299,50,192.971924
-0.7563,50,192.991459
-0.66403,51,193.011276
-0.797846,51,193.031023
-0.714368,52,193.051201
-0.809927,51,193.071026
-0.710582,51,193.09068
-0.678632,51,193.110397
-0.723073,51,193.130119
-0.831022,51,193.149824
-0.781509,51,193.359185
-0.686121,51,193.380251
-0.799999,51,193.400319
-0.679756,51,193.420603
-0.789436,51,193.440464
-0.738814,50,193.459861
-0.677028,51,193.47965
-0.685427,52,193.499778
-0.627897,52,193.51992
-0.658844,51,193.539651
-0.706094,51,193.559407
-0.736794,51,193.578994
-0.676155,52,193.599116
-0.644096,51,193.619971
-0.802971,51,193.640117
-0.623296,51,193.66019
-0.840336,51,193.680211
-0.666926,51,193.700106
-0.80691,51,193.719902
-0.711636,51,193.739986
-0.730126,52,193.760407
-0.704499,51,193.780371
-0.67316,51,193.800269
-0.655386,51,193.821133
-0.713833,51,193.841316
-0.640994,50,193.860994
-0.735926,51,193.880968
-0.713261,51,193.900927
-0.729787,52,193.921082
-0.654898,50,193.941057
-0.713112,51,193.961401
-0.743842,50,193.981093
-0.647067,51,194.001014
-0.709721,51,194.021649
-0.724494,52,194.042228
-0.778361,51,194.062141
-0.825208,51,194.082053
-0.5448,51,194.101947
-0.766928,51,194.121759
-0.692831,52,194.141926
-0.673516,50,194.350783
-0.731153,51,194.370998
-0.720907,51,194.390968
-0.709103,51,194.410884
-0.68419,51,194.430872
-0.64297,50,194.450393
-0.658757,51,194.470177
-0.724024,51,194.489994
-0.677519,50,194.509621
-0.800852,50,194.53024
-0.701173,51,194.549965
-0.733404,51,194.56973
-0.79777,51,194.589458
-0.759532,51,194.609355
-0.732746,51,194.629512
-0.684515,51,194.651239
-0.732304,52,194.671772
-0.791716,51,194.691719
-0.630132,50,194.711111
-0.692563,51,194.731113
-0.696432,52,194.751496
-0.676985,50,194.771008
-0.662082,52,194.791259
-0.683657,52,194.811502
-0.705965,51,194.831354
-0.698732,51,194.851942
-0.694043,50,194.871866
-0.678588,52,194.892328
-0.781498,51,194.912219
-0.729021,51,194.932055
-0.701402,51,194.951849
-0.700367,52,194.972119
-0.610807,51,194.991861
-0.618075,50,195.011458
-0.631742,51,195.035055
-0.707194,51,195.055027
-0.756344,51,195.075418
-0.587654,50,195.095768
-0.672253,52,195.116315
-0.799352,51,195.137012
-0.703968,51,195.157266
-0.757988,51,195.37059
-0.743049,51,195.39056
-0.659776,52,195.410709
-0.669301,52,195.43083
-0.593816,51,195.45055
-0.741365,51,195.470969
-0.572351,50,195.490776
-0.656124,50,195.510372
-0.660987,51,195.530184
-0.717093,51,195.549926
-0.648116,50,195.569287
-0.706788,51,195.588935
-0.706908,51,195.608785
-0.767809,51,195.628669
-0.724134,51,195.648436
-0.719745,51,195.668238
-0.679089,51,195.688061
-0.735458,51,195.707835
-0.746546,51,195.7277
-0.646638,50,195.747323
-0.657168,51,195.767256
-0.703546,51,195.787051
-0.68041,52,195.807328
-0.767505,51,195.827196
-0.694403,51,195.84962
-0.718885,52,195.870354
-0.678857,51,195.890358
-0.687957,50,195.909864
-0.755395,51,195.929689
-0.75202,52,195.949982
-0.67887,51,195.969769
-0.696235,51,195.989464
-0.753434,51,196.009205
-0.795442,51,196.028956
-0.7585,51,196.048639
-0.711649,51,196.068342
-0.761979,51,196.088042
-0.723291,52,196.108139
-0.733132,50,196.127567
-0.690005,51,196.147259
-0.687578,51,196.358071
-0.647857,50,196.377793
-0.704289,51,196.39776
-0.665281,50,196.417363
-0.683236,51,196.437234
-0.732713,51,196.456993
-0.656537,52,196.477128
-0.631142,51,196.496891
-0.761926,50,196.516225
-0.789118,51,196.535947
-0.775933,51,196.555576
-0.734055,51,196.575557
-0.655849,51,196.596382
-0.605155,51,196.616209
-0.913123,51,196.636058
-0.762528,51,196.655855
-0.694968,51,196.675669
-0.62944,51,196.695506
-0.719846,52,196.71559
-0.879071,51,196.735492
-0.737156,51,196.75601
-0.61742,50,196.77854
-0.656327,51,196.800021
-0.703613,50,196.819658
-0.70433,51,196.840978
-0.787788,51,196.862754
-0.687468,50,196.88278
-0.805561,51,196.903045
-0.653526,51,196.922899
-0.706329,51,196.943934
-0.826986,51,196.965244
-0.706328,51,196.984477
-0.604618,51,197.005303
-0.666272,50,197.024313
-0.741499,51,197.044488
-0.743502,51,197.063261
-0.669496,51,197.082523
-0.655061,51,197.102119
-0.728971,50,197.12148
-0.674819,52,197.141883
-0.741062,51,197.362106
-0.760077,51,197.382337
-0.763587,51,197.402159
-0.721796,50,197.422007
-0.674112,52,197.442297
-0.713574,51,197.460733
-0.745658,51,197.478696
-0.785107,52,197.497204
-0.624562,50,197.51525
-0.654901,52,197.533556
-0.777484,51,197.551649
-0.618019,51,197.569619
-0.688277,51,197.587429
-0.742961,51,197.605351
-0.647368,51,197.623194
-0.665475,51,197.64094
-0.750223,51,197.658742
-0.699075,50,197.676135
-0.727488,51,197.693836
-0.826193,51,197.711676
-0.746996,51,197.729517
-0.688123,51,197.747389
-0.647191,51,197.765996
-0.748791,50,197.783889
-0.665674,52,197.802324
-0.634314,52,197.820781
-0.80182,51,197.838801
-0.77464,51,197.856774
-0.826287,52,197.875014
-0.72945,52,197.893232
-0.73935,52,197.911487
-0.618108,51,197.929352
-0.66319,51,197.947186
-0.898176,51,197.965056
-0.764191,51,197.982918
-0.65141,51,198.000805
-0.674415,52,198.019023
-0.69764,52,198.037242
-0.695735,51,198.055144
-0.889851,51,198.073168
