#{"t_start": 1789350362.4943218, "env_id": "None"}
r,l,t
-2.54169,51,1.008438
-2.807909,51,1.030829
-2.639436,51,1.053964
-2.780346,51,1.07679
-2.741507,51,1.100675
-2.691118,52,1.124377
-2.55016,51,1.146936
-2.787146,51,1.168922
-2.739586,52,1.194101
-2.81427,52,1.221748
-2.740321,51,1.247433
-2.684965,51,1.270391
-2.876657,51,1.293288
-2.820312,51,1.316475
-2.521799,51,1.339297
-2.95902,51,1.361902
-2.834871,51,1.384571
-2.703537,51,1.407448
-2.819683,51,1.430714
-2.619118,51,1.45344
-2.720161,51,1.476983
-2.686676,51,1.500973
-2.68419,51,1.526332
-2.978632,51,1.550503
-2.730095,51,1.575532
-2.669358,51,1.600053
-2.676549,51,1.624177
-2.604973,51,1.648097
-2.772942,52,1.671642
-2.595398,51,1.694344
-2.640337,52,1.71765
-2.732955,51,1.742064
-3.013257,51,1.765064
-2.807379,51,1.787816
-2.748057,52,1.811727
-2.887966,51,1.835621
-2.706318,51,1.858575
-2.712459,51,1.880878
-2.667934,51,1.901849
-2.603989,51,1.922806
-2.719417,51,2.666839
-2.641907,51,2.688772
-2.778267,51,2.710047
-2.679025,51,2.731044
-2.80958,51,2.751983
-2.624871,51,2.773034
-2.772417,51,2.793961
-2.557064,51,2.814875
-2.83689,52,2.83967
-2.656356,51,2.86308
-2.850792,51,2.886526
-2.928347,51,2.909637
-2.761636,51,2.9326
-2.70962,51,2.955177
-2.898758,51,2.977754
-2.792736,51,3.000635
-2.682955,51,3.023087
-2.626957,52,3.046923
-2.680372,52,3.070486
-2.699739,51,3.09337
-2.692838,51,3.11569
-2.745051,52,3.138888
-2.865311,51,3.16117
-2.645836,52,3.184002
-2.805516,52,3.207172
-2.643678,51,3.234541
-2.637998,51,3.261238
-2.812987,51,3.287412
-2.690736,51,3.313615
-2.630668,51,3.339399
-2.690777,51,3.365159
-2.766898,51,3.390796
-2.601762,51,3.416722
-2.693092,51,3.442293
-2.521328,51,3.467949
-2.599015,52,3.493862
-2.673147,51,3.516962
-2.715064,52,3.539345
-2.672154,51,3.560308
-2.827558,51,3.58126
-2.543686,51,4.322433
-2.754977,51,4.344517
-2.64653,51,4.36562
-2.856186,51,4.387755
-2.774261,51,4.410061
-2.878608,51,4.432734
-2.798975,51,4.456042
-2.860719,51,4.482496
-2.741422,51,4.50877
-2.846832,51,4.535202
-2.574111,51,4.561577
-2.747583,51,4.588411
-2.737033,51,4.614539
-2.743914,51,4.640331
-2.64447,51,4.664351
-2.755328,51,4.687
-2.682758,51,4.70973
-2.686196,52,4.732916
-2.670697,51,4.755999
-2.714125,51,4.778993
-2.762184,51,4.801597
-2.864501,51,4.824379
-2.717609,51,4.847529
-2.691363,52,4.871425
-2.618528,51,4.894432
-2.703377,52,4.919281
-2.564358,51,4.942648
-2.614009,51,4.965383
-2.589492,52,4.989293
-2.743054,51,5.012512
-2.7263,51,5.035498
-2.560647,51,5.058337
-2.691953,51,5.081718
-2.67103,51,5.105111
-2.629704,51,5.12795
-2.668401,51,5.150256
-2.715911,51,5.171193
-2.767538,51,5.192193
-2.973582,52,5.213595
-2.684828,51,5.234044
-2.949831,51,5.96553
-2.643185,51,5.987103
-2.832794,51,6.008991
-2.664482,51,6.030049
-2.693493,51,6.051616
-2.898148,51,6.072607
-2.667365,51,6.094386
-2.728444,51,6.117303
-2.625829,51,6.140268
-2.517554,51,6.162851
-2.739863,51,6.18544
-2.652703,51,6.20841
-2.761755,51,6.231089
-2.60331,51,6.254905
-2.730773,51,6.277945
-2.665917,51,6.301114
-2.659519,51,6.3243
-2.798083,51,6.348637
-2.724024,51,6.371668
-3.02471,51,6.394563
-2.759758,52,6.422567
-2.821928,51,6.447952
-2.650546,51,6.470752
-2.819672,51,6.4935
-2.930013,51,6.516015
-2.832811,51,6.53874
-2.809365,51,6.561469
-2.795197,52,6.584711
-2.806696,51,6.607767
-2.859791,51,6.633594
-3.028351,52,6.66045
-2.781456,51,6.688046
-2.711753,52,6.717911
-2.721258,51,6.744197
-3.136313,51,6.773543
-2.860782,51,6.796333
-2.569125,51,6.818942
-2.654411,51,6.841359
-2.863479,51,6.864024
-2.699982,52,6.887177
-2.709003,51,7.621854
-2.726412,51,7.643361
-2.774217,51,7.664824
-2.759717,51,7.686156
-2.929039,51,7.708157
-2.601397,51,7.730481
-2.693444,51,7.754481
-2.866693,52,7.780887
-2.785467,51,7.806884
-2.577747,51,7.834261
-2.796126,51,7.860666
-2.857247,51,7.887157
-2.872027,51,7.913169
-2.623778,51,7.938812
-2.86299,51,7.964649
-2.634474,51,7.990671
-2.726508,51,8.016494
-2.698119,51,8.042205
-2.95266,51,8.065656
-2.71323,51,8.088354
-2.700357,52,8.112119
-2.762789,52,8.135302
-2.646519,51,8.158146
-2.756864,51,8.181143
-2.85196,51,8.203955
-2.785807,52,8.229334
-2.714246,51,8.25277
-2.77172,51,8.276203
-2.635409,51,8.299343
-2.750422,52,8.32328
-2.590657,51,8.345995
-2.737283,51,8.369293
-2.738656,51,8.39249
-2.599962,51,8.415183
-2.667095,51,8.436445
-2.711704,51,8.457631
-2.64888,51,8.479015
-2.697581,51,8.5002
-2.7931,52,8.521941
-2.724642,51,8.542379
-2.613835,51,9.257905
-2.838738,51,9.278912
-2.698476,51,9.299848
-2.739849,51,9.321006
-2.677186,52,9.34238
-2.762524,51,9.365858
-2.847057,51,9.388548
-2.721526,52,9.412333
-2.626284,51,9.435564
-2.708488,51,9.458747
-2.519961,51,9.482477
-2.610004,51,9.505812
-2.809659,51,9.529097
-2.797088,51,9.552804
-2.658692,51,9.57667
-2.59698,51,9.599378
-2.601462,51,9.625188
-2.776553,51,9.648761
-2.75103,51,9.672125
-2.741858,51,9.694974
-2.832265,51,9.719107
-2.698021,51,9.743
-2.74486,51,9.766629
-2.721234,51,9.789459
-2.657461,51,9.81218
-2.659052,51,9.834796
-2.680884,52,9.85799
-2.655382,52,9.881779
-2.649752,51,9.905296
-2.790672,51,9.92861
-2.957018,52,9.952582
-2.623335,51,9.975798
-2.721885,51,9.99902
-2.621161,52,10.025287
-2.649674,51,10.049392
-2.599678,51,10.071574
-2.709966,51,10.094625
-2.732687,51,10.118349
-2.706358,51,10.140956
-2.758135,51,10.163209
-2.732265,51,10.890953
-2.738866,51,10.911969
-2.891983,51,10.932828
-2.709203,51,10.954095
-2.654557,51,10.97554
-2.830904,51,10.998384
-2.650953,51,11.021333
-2.897643,51,11.044377
-2.774074,51,11.067429
-2.695676,51,11.090733
-2.99267,51,11.114443
-2.859209,51,11.14038
-2.68898,51,11.166345
-2.791898,52,11.192724
-2.744997,52,11.219101
-2.76652,51,11.244981
-2.614453,51,11.270949
-2.847064,51,11.296779
-2.668124,51,11.322679
-2.705664,51,11.348338
-2.6473,51,11.374187
-2.775669,51,11.400437
-2.765424,51,11.423798
-2.972044,51,11.446335
-2.615261,51,11.469139
-2.560106,51,11.491867
-2.928313,51,11.514469
-2.601427,51,11.537243
-2.981981,51,11.56038
-2.771859,52,11.58414
-2.758093,51,11.607166
-2.627615,51,11.630282
-2.600407,51,11.652777
-2.888903,51,11.674716
-2.64161,51,11.695452
-2.73338,51,11.716143
-2.667942,51,11.737374
-2.683491,51,11.759089
-2.716412,51,11.780547
-2.74347,51,11.802134
-2.809776,51,12.541617
-2.566572,51,12.56252
-2.71687,51,12.583125
-2.626165,51,12.60416
-2.71799,51,12.624939
-2.648473,51,12.64778
-2.78474,51,12.669969
-2.747478,51,12.692893
-2.76579,51,12.715595
-2.671947,51,12.73815
-2.729923,51,12.760896
-2.65459,51,12.78365
-2.671107,51,12.806522
-2.934726,51,12.829762
-2.842617,51,12.853785
-2.888226,51,12.876859
-2.704388,51,12.899872
-2.75208,51,12.923788
-2.636558,51,12.946902
-2.686255,52,12.970119
-2.664824,52,12.993983
-2.537342,51,13.017202
-2.798268,51,13.040633
-2.824054,51,13.064034
-2.773232,51,13.088582
-2.691103,51,13.112543
-2.844432,51,13.13569
-2.73511,51,13.159442
-2.673268,51,13.183354
-2.572641,51,13.206578
-2.75065,51,13.229947
-2.634329,51,13.253359
-2.549031,51,13.277324
-2.774023,51,13.30059
-2.690337,51,13.322848
-2.831699,51,13.3437
-2.799621,51,13.364423
-2.664271,51,13.385719
-2.954153,51,13.407865
-2.756263,52,13.430417
-2.834361,51,14.149917
-2.731687,51,14.170593
-2.703268,51,14.19157
-2.819691,51,14.212482
-2.702127,51,14.233409
-2.843844,51,14.254786
-2.714932,51,14.277373
-2.605613,51,14.299912
-2.720324,52,14.323646
-2.66821,51,14.346143
-2.679721,51,14.368468
-2.723337,51,14.390793
-2.814365,51,14.41326
-2.532389,51,14.434809
-2.681073,51,14.457357
-2.622992,51,14.481
-2.673595,51,14.50679
-2.541641,51,14.533087
-2.669797,51,14.558991
-2.864932,52,14.585128
-2.659955,51,14.610718
-2.838608,51,14.636436
-2.838088,51,14.661643
-2.677795,51,14.687553
-2.718443,51,14.713037
-2.701912,51,14.739195
-2.680718,51,14.764695
-2.628357,51,14.787886
-2.771218,51,14.810369
-2.686687,51,14.832699
-2.707743,52,14.855697
-2.740847,52,14.87884
-2.93857,51,14.901313
-2.733083,51,14.923846
-2.669833,52,14.945663
-2.602777,52,14.96688
-2.713404,51,14.986961
-2.923818,52,15.008092
-2.611513,51,15.029918
-2.771617,51,15.051373
-2.708144,51,15.794797
-2.610008,51,15.817955
-2.716417,51,15.840708
-2.735751,51,15.863341
-2.637335,52,15.886353
-2.782206,51,15.91086
-2.825884,52,15.934393
-2.669778,52,15.957785
-2.61263,51,15.980759
-2.696175,51,16.00385
-2.703403,51,16.026542
-2.688609,51,16.049529
-2.818164,51,16.072863
-2.534559,51,16.095843
-2.908179,51,16.118668
-2.678167,51,16.141405
-2.636574,51,16.164308
-2.725115,51,16.186933
-2.770714,51,16.21031
-2.806128,51,16.233238
-2.671833,51,16.256043
-2.729443,51,16.27924
-2.613029,51,16.302216
-2.870959,51,16.325779
-2.640133,51,16.349453
-2.693029,51,16.37321
-2.763234,51,16.396303
-2.623899,51,16.420068
-2.68015,51,16.442561
-2.754305,51,16.465071
-3.146547,51,16.487796
-2.735456,51,16.510256
-2.721113,52,16.533108
-2.84038,51,16.555764
-2.733559,51,16.578266
-2.527014,51,16.599831
-2.689456,52,16.620986
-2.649768,51,16.642675
-2.974126,51,16.663895
-2.82429,51,16.685074
-2.770355,51,17.429217
-2.545557,51,17.450263
-2.733233,51,17.471899
-2.915842,51,17.494762
-2.739271,51,17.516203
-2.754773,51,17.536774
-2.86346,51,17.558552
-2.646594,51,17.581539
-2.632429,51,17.604816
-2.787647,51,17.629587
-2.78659,51,17.654611
-2.503251,51,17.678624
-2.726998,52,17.703364
-2.697788,51,17.725945
-2.703021,51,17.748722
-2.966968,51,17.772237
-2.870246,51,17.794951
-2.661049,51,17.817782
-2.741609,51,17.840349
-2.658734,51,17.862663
-2.992516,51,17.885245
-2.787115,51,17.908715
-2.703408,51,17.9338
-2.637456,51,17.959229
-2.788317,52,17.985268
-2.689285,51,18.010523
-2.838825,51,18.035759
-2.730703,51,18.061435
-2.67092,51,18.08685
-2.669186,51,18.112405
-2.69174,52,18.141145
-2.798532,51,18.166929
-2.616278,51,18.192896
-2.739351,51,18.215307
-2.943732,52,18.238624
-2.698986,51,18.259652
-2.619086,51,18.280558
-2.749577,51,18.301407
-2.677829,51,18.322451
-2.810553,52,18.344134
-2.718768,51,19.070682
-2.7499,51,19.093237
-2.763335,51,19.116215
-2.761732,51,19.138492
-2.805888,51,19.160374
-2.776918,51,19.184651
-2.719479,51,19.210181
-2.719199,51,19.236026
-2.705138,51,19.261758
-2.741379,51,19.288123
-2.865167,52,19.314034
-2.746007,51,19.337996
-2.72858,51,19.361268
-2.554754,51,19.384271
-2.57604,51,19.407246
-2.696686,51,19.429736
-2.70668,51,19.453376
-2.659662,52,19.477115
-2.705993,51,19.499789
-2.815767,51,19.522857
-3.182867,51,19.545979
-2.712365,51,19.569054
-2.699403,51,19.592018
-2.78253,51,19.615508
-2.674496,51,19.638621
-2.612819,51,19.661622
-3.031684,51,19.684981
-2.721911,51,19.708652
-2.716121,51,19.73165
-2.822838,51,19.754937
-2.753035,51,19.777492
-2.648061,51,19.80038
-2.683279,51,19.823855
-2.920203,51,19.847541
-2.607333,52,19.870615
-2.756048,51,19.891858
-2.740282,51,19.913005
-2.760225,51,19.934228
-2.859644,51,19.956017
-2.778417,51,19.97744
-2.726124,51,20.714423
-2.668077,51,20.735539
-2.678211,51,20.756547
-2.636322,51,20.777553
-2.61214,51,20.797765
-2.750701,51,20.818922
-2.61393,51,20.841762
-2.767661,51,20.864839
-2.689089,51,20.888858
-2.611523,51,20.91271
-2.861296,51,20.936522
-2.911655,51,20.960627
-2.671463,51,20.983861
-2.722445,51,21.008232
-2.745383,52,21.032393
-2.847302,51,21.055202
-2.558732,51,21.077884
-2.661636,51,21.10067
-2.697005,51,21.123465
-2.596588,51,21.148124
-2.733737,51,21.171321
-2.525245,51,21.19447
-2.626857,51,21.217985
-2.74151,51,21.241246
-2.990041,51,21.264449
-3.018867,51,21.290081
-2.766355,52,21.317286
-2.777947,52,21.344567
-2.679526,51,21.371734
-2.740923,51,21.398441
-2.758167,51,21.425426
-2.820441,51,21.451351
-2.764558,51,21.477506
-2.776652,51,21.503767
-2.765245,51,21.527282
-2.675423,51,21.549844
-2.975846,51,21.572217
-2.633144,51,21.593531
-2.736905,52,21.615386
-2.781888,51,21.636459
-2.757788,51,22.362057
-2.555933,51,22.38349
-2.668783,51,22.406106
-2.593487,51,22.428483
-2.694752,51,22.454592
-2.678106,51,22.481346
-2.769098,51,22.507727
-2.499718,51,22.534073
-2.886819,52,22.561345
-2.70278,52,22.588424
-2.726503,51,22.615312
-2.731611,51,22.641979
-2.949938,51,22.668269
-2.753296,51,22.69418
-2.573312,51,22.716831
-2.747875,51,22.739562
-2.57282,51,22.762801
-2.681317,51,22.785927
-2.449013,51,22.809273
-2.631739,52,22.832684
-2.577722,51,22.857146
-2.729879,51,22.880385
-2.804011,52,22.903726
-2.601039,52,22.927205
-2.724169,51,22.951031
-2.631855,51,22.973879
-2.808384,51,22.997334
-2.727568,51,23.020858
-2.669877,51,23.044345
-2.573991,51,23.068628
-2.67624,51,23.092601
-2.831655,51,23.116248
-2.681592,51,23.139644
-2.661191,51,23.160545
-2.540545,51,23.181415
-2.557332,51,23.202216
-2.948187,51,23.223502
-2.759089,51,23.245194
-2.730713,51,23.266083
-2.913057,51,23.286006
-2.768363,51,24.009315
-2.648136,51,24.030631
-2.703345,51,24.05244
-2.538863,51,24.073323
-2.907642,51,24.096329
-2.635123,51,24.11947
-2.640403,51,24.142956
-2.872925,51,24.165706
-2.775745,52,24.188805
-2.608513,51,24.211653
-2.715186,51,24.234341
-2.713797,51,24.256916
-2.699287,51,24.280483
-2.805375,51,24.303138
-2.824143,52,24.327101
-3.031782,51,24.350041
-2.69771,52,24.3733
-2.613891,51,24.396416
-2.814254,51,24.4199
-2.82105,51,24.443536
-2.711562,51,24.466669
-2.823363,52,24.490221
-2.845078,51,24.514042
-2.546134,51,24.537615
-2.795389,51,24.562389
-2.740612,51,24.586303
-2.773804,52,24.610455
-2.572379,51,24.634098
-2.782364,51,24.657066
-2.724536,51,24.683416
-2.723198,52,24.710479
-2.960551,51,24.737113
-2.761419,52,24.763346
-2.753312,51,24.786471
-2.761643,51,24.808279
-2.7205,51,24.830014
-2.79289,51,24.851976
-2.86797,51,24.874267
-2.713314,51,24.896756
-2.579014,51,24.918725
-2.69959,51,25.638738
-2.731075,52,25.659336
-2.732158,51,25.67974
-2.50017,51,25.700068
-2.740903,52,25.720716
-2.659252,51,25.74067
-3.038464,51,25.76269
-2.753337,51,25.784411
-2.800986,51,25.806387
-2.629547,51,25.828087
-2.77222,51,25.849805
-2.65224,51,25.871708
-2.764974,52,25.895613
-2.663572,51,25.918306
-2.73145,51,25.941257
-3.002817,51,25.964779
-2.778136,51,25.988983
-2.803478,51,26.012249
-2.783589,51,26.03538
-2.818884,51,26.058906
-2.694675,51,26.082448
-2.682947,51,26.106058
-2.808648,51,26.131659
-2.786292,51,26.153646
-2.677723,51,26.177427
-2.767166,51,26.200804
-2.766034,51,26.223873
-2.622447,51,26.247779
-2.478399,51,26.272164
-2.792117,51,26.296137
-2.851604,51,26.320577
-2.807166,51,26.345144
-2.680983,51,26.367905
-2.701515,51,26.3907
-2.719551,51,26.413265
-2.769384,51,26.433948
-2.670242,51,26.45464
-2.760308,51,26.475117
-2.976789,51,26.495776
-2.885007,51,26.516512
-2.674181,51,27.23478
-2.799099,52,27.256674
-2.731672,51,27.278474
-2.675246,51,27.299
-2.639146,51,27.319152
-2.825882,51,27.339265
-2.724052,51,27.359653
-2.603949,51,27.382699
-2.78182,51,27.406341
-2.766129,52,27.430907
-2.69661,51,27.455101
-2.69682,51,27.47928
-2.748517,51,27.5026
-2.686537,51,27.525766
-2.625521,51,27.54946
-2.770539,51,27.573195
-2.672004,51,27.596869
-2.654271,51,27.620883
-2.805437,52,27.646064
-2.677794,51,27.670077
-2.556187,51,27.693041
-2.746992,52,27.716135
-2.612172,51,27.741161
-2.604115,51,27.764424
-2.745611,51,27.787751
-2.829444,51,27.810913
-2.807228,51,27.839775
-2.794664,51,27.864743
-2.679141,51,27.888721
-2.508135,51,27.912408
-2.914811,51,27.938088
-2.790952,51,27.970115
-2.613631,51,27.996561
-2.68016,51,28.021979
-2.740669,51,28.045317
-2.636167,51,28.066428
-2.880178,52,28.086712
-2.834718,51,28.107683
-2.824491,51,28.128505
-2.700915,51,28.149727
-2.795414,51,28.87582
-2.577834,51,28.898287
-2.676244,51,28.919401
-2.799269,51,28.939836
-2.637191,51,28.960584
-2.743012,51,28.981309
-2.674935,51,29.005129
-2.701111,51,29.028976
-2.603355,51,29.052692
-2.908418,51,29.077075
-2.796387,51,29.102597
-2.897969,51,29.127188
-2.813371,51,29.15122
-3.045343,51,29.174836
-2.688433,52,29.199467
-2.694357,51,29.22365
-2.747213,51,29.248423
-2.712832,51,29.272761
-2.835764,52,29.297796
-2.737335,51,29.321505
-2.702261,51,29.346349
-2.573676,51,29.371746
-2.824929,51,29.397345
-2.730452,51,29.423045
-2.765627,51,29.449081
-2.785485,52,29.475391
-2.724195,51,29.502111
-2.709851,51,29.531287
-2.745777,51,29.55779
-2.893454,51,29.583347
-2.610824,51,29.608665
-2.512891,51,29.633866
-2.683573,51,29.659276
-2.634226,51,29.684811
-2.824524,51,29.70641
-2.744742,51,29.727653
-2.748608,51,29.748847
-2.774234,51,29.771193
-2.644926,51,29.793819
-2.871934,51,29.815918
-2.760872,51,29.837115
-2.710061,51,30.583094
-2.704139,51,30.607565
-2.704327,51,30.632051
-2.666123,51,30.656933
-2.725336,51,30.682149
-2.677501,51,30.70773
-2.56934,51,30.738476
-2.755575,51,30.770565
-2.942904,52,30.802318
-2.837056,51,30.833529
-2.763907,51,30.865401
-2.613026,51,30.894683
-2.875539,51,30.924146
-2.845076,52,30.950064
-2.658413,51,30.97469
-2.791033,51,30.999899
-2.912242,51,31.025034
-2.944128,51,31.050117
-2.607106,51,31.074888
-2.668604,51,31.100394
-2.636406,51,31.125777
-2.682505,52,31.151872
-2.628775,52,31.178113
-2.799223,51,31.20361
-3.017752,51,31.229313
-2.80439,52,31.255373
-2.798896,52,31.281776
-2.957837,51,31.307388
-2.851685,51,31.333223
-2.832194,51,31.359135
-2.897489,52,31.384995
-2.777846,51,31.410584
-2.952075,52,31.440094
-2.823393,52,31.465019
-2.662492,51,31.487063
-2.718563,51,31.512968
-2.731123,51,31.536616
-2.826258,51,31.55876
-2.608849,51,31.580995
-2.688807,51,31.602916
-2.73056,52,32.398614
-2.653403,51,32.423037
-2.605804,51,32.447342
-2.626053,51,32.472174
-2.719552,51,32.496767
-2.7093,51,32.520411
-2.899281,51,32.549204
-2.558814,51,32.578647
-2.755604,52,32.609309
-2.622353,51,32.639326
-2.60714,51,32.668666
-2.535795,51,32.698687
-2.727666,51,32.726604
-2.69348,51,32.751857
-2.680996,51,32.777328
-2.684567,51,32.802269
-2.729035,51,32.827468
-2.736354,51,32.852182
-2.649311,51,32.877248
-2.77485,51,32.901871
-2.827268,51,32.927909
-2.787003,52,32.954392
-2.644203,51,32.979203
-2.699265,51,33.003835
-2.643472,51,33.028143
-2.884134,51,33.052554
-2.725342,51,33.076865
-2.604513,51,33.10186
-2.57231,51,33.126083
-2.706714,51,33.150331
-2.621253,51,33.17485
-2.626401,51,33.19931
-2.756809,51,33.223513
-2.678482,51,33.24611
-2.574675,51,33.267381
-2.681614,51,33.288497
-2.842792,52,33.310262
-2.89878,51,33.331688
-2.78177,51,33.353386
-2.717583,51,33.374642
-2.536196,51,34.135365
-2.769021,51,34.160851
-2.690873,51,34.185954
-2.534089,51,34.210418
-2.66562,51,34.235475
-2.675021,52,34.261193
-2.465972,51,34.285558
-2.803984,51,34.311564
-2.740872,51,34.341028
-2.719144,51,34.369575
-2.671357,51,34.398201
-2.854957,51,34.426455
-2.710193,51,34.452946
-2.659068,51,34.477121
-2.683854,51,34.501575
-2.925958,51,34.525705
-2.772037,51,34.549835
-2.598917,52,34.574375
-2.685259,51,34.598762
-2.669759,51,34.623045
-2.741023,51,34.648216
-2.702379,52,34.67381
-2.638289,51,34.698705
-2.959467,51,34.722547
-2.640183,51,34.746814
-2.689865,51,34.773696
-2.744367,51,34.799084
-2.991419,51,34.824756
-2.933501,51,34.849834
-2.580023,51,34.874661
-2.588517,51,34.900359
-2.799655,51,34.926199
-2.657473,52,34.952024
-2.885769,51,34.977945
-2.659147,51,35.003193
-2.940886,51,35.029931
-2.700795,51,35.051542
-2.726393,51,35.073086
-2.81112,52,35.094786
-2.73588,51,35.115995
-2.756149,51,35.888434
-2.784909,51,35.913642
-2.595869,51,35.938373
-2.789583,51,35.963449
-2.584758,52,35.988101
-2.859857,52,36.012556
-2.752019,51,36.036525
-2.66408,51,36.060854
-2.83899,51,36.085105
-2.713052,51,36.110641
-2.939022,51,36.139929
-2.715205,51,36.168901
-2.700744,51,36.193465
-2.564021,51,36.21765
-2.603921,51,36.241821
-2.716823,51,36.266545
-2.617248,51,36.290899
-2.604623,51,36.315551
-2.677021,52,36.34109
-2.798306,51,36.365862
-2.648848,51,36.389309
-2.889086,52,36.41409
-2.879424,51,36.438689
-2.68774,51,36.46341
-2.618019,51,36.488022
-2.681164,51,36.512663
-2.677537,51,36.537291
-2.648062,52,36.562279
-2.790793,52,36.587643
-2.816964,51,36.61223
-2.682384,51,36.637093
-2.712543,52,36.662298
-2.793579,51,36.687335
-2.8034,52,36.71231
-2.697353,51,36.736992
-2.854406,51,36.761543
-2.580499,51,36.785504
-2.523483,51,36.806486
-2.76942,51,36.828447
-2.719738,51,36.84983
-2.681217,51,37.61006
-2.79374,51,37.634038
-2.809942,51,37.658258
-2.814182,52,37.683501
-2.939059,51,37.707957
-2.677141,51,37.732409
-2.674653,51,37.756891
-2.705839,51,37.780893
-2.770553,51,37.805774
-2.676095,51,37.8311
-2.717472,51,37.857342
-2.632967,51,37.886722
-2.782839,51,37.911901
-2.556448,51,37.936634
-2.696322,51,37.96133
-2.648348,51,37.986207
-2.76109,51,38.01115
-2.645539,51,38.035673
-2.609276,51,38.060056
-2.677519,51,38.084652
-2.887834,51,38.109256
-2.604418,51,38.134327
-2.580798,51,38.159239
-2.612209,51,38.18397
-2.678618,51,38.209597
-2.827249,51,38.2345
-2.604414,51,38.258819
-2.679867,51,38.282692
-2.81646,52,38.307136
-2.620226,51,38.331371
-2.718664,51,38.356199
-2.588301,51,38.38031
-2.608914,51,38.404342
-2.794527,52,38.428261
-3.075569,51,38.452185
-2.664956,51,38.475345
-2.805111,51,38.499511
-2.812264,51,38.524023
-2.532271,51,38.547361
-2.956954,51,38.5684
-2.628302,51,39.343481
-2.774677,51,39.371849
-2.74481,52,39.400469
-2.949219,52,39.428346
-2.711444,51,39.455466
-2.641903,51,39.481827
-2.72428,51,39.506708
-2.656792,52,39.531993
-2.628119,51,39.557145
-2.760692,52,39.581345
-2.817379,51,39.60623
-2.604266,51,39.631039
-2.873124,51,39.653465
-2.662862,51,39.677331
-2.672755,52,39.707517
-2.738893,51,39.732296
-2.723151,51,39.75745
-2.464951,51,39.782373
-2.884283,51,39.807057
-2.713145,51,39.830436
-2.607424,51,39.854363
-2.728949,51,39.878164
-2.61483,51,39.902836
-2.733278,51,39.926879
-2.741844,52,39.951316
-2.920333,51,39.975319
-2.656631,51,39.999884
-2.729225,51,40.024424
-2.606648,51,40.048518
-2.726161,51,40.072523
-2.639145,51,40.101222
-2.802737,51,40.125589
-2.819508,52,40.150153
-2.640846,51,40.173583
-2.817095,52,40.197974
-2.555304,51,40.22233
-2.698628,51,40.246655
-2.873844,51,40.27073
-2.703932,51,40.294633
-2.632024,51,40.318576
-2.616931,51,41.074973
-2.638657,51,41.101233
-2.663851,51,41.127562
-2.639992,51,41.1527
-2.694231,51,41.177481
-2.712948,51,41.202276
-2.627366,51,41.227104
-2.887971,52,41.252517
-2.593059,51,41.277439
-2.63605,51,41.302318
-2.685965,51,41.331573
-2.782802,51,41.359706
-2.631462,52,41.392266
-2.639206,51,41.421896
-2.648791,51,41.445144
-2.604509,51,41.466816
-2.550873,51,41.493782
-2.900014,51,41.522093
-2.731408,52,41.550717
-2.660829,51,41.579778
-2.623558,52,41.610154
-2.804086,51,41.636237
-2.636391,51,41.662458
-2.7727,51,41.687792
-2.665573,51,41.713921
-2.654672,51,41.74031
-2.757285,51,41.767297
-2.792927,51,41.79333
-2.757909,51,41.819341
-2.70953,51,41.845783
-2.694061,51,41.87149
-2.878561,51,41.897285
-2.765189,51,41.923003
-2.675792,51,41.948999
-3.375414,51,41.974726
-2.826642,51,42.001193
-2.737168,51,42.026406
-2.804825,51,42.05169
-2.777968,51,42.076568
-2.74231,52,42.102125
-2.9022,51,42.874147
-2.744609,51,42.900426
-2.98185,51,42.926662
-2.805856,51,42.95136
-2.849186,51,42.976089
-2.764729,52,43.001602
-2.727602,51,43.029753
-3.001208,52,43.057029
-2.789065,51,43.082926
-2.674801,51,43.108542
-2.745332,52,43.134999
-2.725633,51,43.160906
-2.883851,51,43.185544
-2.819055,51,43.207445
-2.926617,51,43.229353
-2.702142,51,43.251115
-2.769998,51,43.272902
-2.999771,52,43.298136
-2.681865,51,43.322485
-2.601864,51,43.347005
-2.586178,51,43.371764
-2.767029,51,43.396443
-2.804558,51,43.421021
-2.691091,51,43.445815
-2.597122,51,43.470153
-2.864106,51,43.49443
-2.787806,52,43.519382
-2.687086,52,43.544921
-2.559839,51,43.569719
-2.756312,51,43.594294
-2.676049,51,43.618748
-2.638346,51,43.643838
-2.548388,51,43.671427
-2.700714,51,43.697728
-2.830172,51,43.724197
-2.876551,51,43.74984
-2.726021,51,43.775234
-2.772421,51,43.799574
-2.801135,52,43.824925
-2.608699,51,43.84941
-2.779231,51,44.591745
-2.708,51,44.615899
-2.561861,51,44.639841
-2.665268,51,44.663928
-2.767808,51,44.68904
-2.817106,51,44.713439
-2.811041,51,44.738182
-2.703263,51,44.76277
-2.875952,52,44.786949
-2.685749,51,44.811367
-2.657636,51,44.836187
-2.739062,51,44.861323
-2.594153,51,44.886512
-2.770416,51,44.909404
-2.729676,52,44.931315
-2.744554,51,44.952919
-3.028941,51,44.97453
-2.682172,51,44.996166
-2.70989,51,45.017558
-2.620935,51,45.041228
-2.62573,51,45.066255
-2.835738,51,45.091366
-2.937846,51,45.116387
-2.735853,51,45.141627
-2.85582,51,45.166941
-2.973178,51,45.192095
-3.03337,52,45.217504
-2.574472,51,45.242608
-2.769264,51,45.267548
-2.881187,51,45.292148
-2.80278,52,45.317767
-2.681349,52,45.342596
-2.686691,51,45.367081
-2.64217,51,45.391549
-2.756784,51,45.416397
-2.978274,51,45.441943
-2.500152,51,45.468429
-2.747773,51,45.49474
-2.693171,51,45.520718
-2.75474,51,45.546652
-2.739522,51,46.334942
-3.000992,51,46.358872
-2.775616,52,46.383793
-2.696747,51,46.409068
-2.670125,51,46.433802
-2.800017,51,46.458954
-2.78984,51,46.484144
-2.653277,52,46.50943
-2.648971,51,46.534666
-2.682376,51,46.559525
-2.661889,51,46.584741
-2.657504,51,46.610044
-2.807056,51,46.634586
-2.844104,51,46.659732
-2.717305,51,46.683261
-2.867707,51,46.704807
-2.726859,51,46.726279
-2.702023,51,46.747816
-2.757201,52,46.769371
-2.762674,51,46.790512
-2.614351,51,46.812781
-2.842705,51,46.837334
-2.676538,51,46.86228
-2.707151,51,46.886949
-2.587475,51,46.911841
-2.768376,51,46.936302
-2.709666,51,46.960807
-2.630783,51,46.985125
-2.648146,51,47.009705
-2.656693,51,47.034161
-2.632534,51,47.058374
-2.683182,51,47.082573
-2.771585,51,47.10689
-3.068376,51,47.131211
-2.69799,51,47.156041
-2.556452,51,47.180676
-2.716579,51,47.204787
-2.718754,51,47.228578
-2.737627,52,47.253183
-2.758571,51,47.277457
-2.76132,51,48.053443
-2.667633,51,48.079173
-2.694843,51,48.105208
-2.685925,51,48.130845
-2.713229,51,48.156121
-2.716378,51,48.180926
-2.769666,51,48.20617
-2.612327,51,48.231287
-2.68937,51,48.257153
-2.708289,51,48.282739
-2.970879,52,48.308694
-2.602043,51,48.333989
-2.779626,51,48.359765
-2.764483,52,48.385017
-2.784987,51,48.40956
-2.768958,51,48.434484
-2.724996,52,48.457148
-2.957986,51,48.478611
-2.752343,51,48.500884
-2.853437,51,48.522271
-2.928639,52,48.544566
-2.880992,51,48.566204
-2.694817,51,48.588432
-2.673109,51,48.613485
-2.540137,51,48.638354
-2.637491,51,48.663138
-2.762521,51,48.687606
-2.59416,51,48.712753
-2.774837,51,48.739387
-2.797865,51,48.764599
-2.680903,51,48.789762
-2.553808,51,48.81489
-2.650535,52,48.840571
-2.613419,51,48.865826
-2.817693,51,48.890951
-2.547747,51,48.916094
-2.819556,52,48.942296
-2.855941,51,48.967659
-2.653996,51,48.993045
-2.748162,51,49.018849
-2.828044,52,49.802991
-2.761463,51,49.828167
-2.585081,51,49.853079
-2.591773,51,49.877884
-2.663798,51,49.90267
-2.702805,51,49.927081
-2.866556,51,49.951395
-2.754648,51,49.976332
-2.557237,51,50.001537
-2.66162,51,50.026397
-2.658395,51,50.051047
-2.741672,51,50.07554
-3.012042,52,50.100854
-2.685523,51,50.125189
-2.761255,51,50.149521
-2.714226,52,50.174614
-2.689042,51,50.199249
-2.679225,51,50.221505
-2.743414,51,50.242602
-2.857039,51,50.263813
-2.613825,51,50.284966
-2.71585,51,50.306395
-2.564491,51,50.328159
-2.725787,51,50.352127
-2.889038,51,50.377019
-2.714683,51,50.40265
-2.650436,51,50.427807
-2.599502,51,50.453059
-2.96672,51,50.483536
-2.752039,51,50.53134
-2.780022,51,50.556618
-2.672642,52,50.582388
-2.545786,51,50.607513
-2.852676,51,50.632144
-2.671975,51,50.65756
-2.694246,52,50.68372
-2.891992,51,50.712914
-2.73492,51,50.750002
-2.769679,51,50.776779
-2.842349,51,50.824017
-2.534426,51,51.681689
-2.654116,51,51.710094
-2.727759,51,51.738786
-2.68225,51,51.768417
-2.791803,52,51.79613
-2.442322,51,51.82725
-2.517299,51,51.854099
-2.650434,51,51.881674
-2.744156,51,51.908923
-2.661504,51,51.936076
-2.897445,52,51.964812
-2.899672,52,52.064092
-2.848129,51,52.095604
-2.635035,51,52.12153
-2.656863,51,52.148818
-2.630131,51,52.175897
-2.666331,52,52.20544
-2.652294,51,52.232905
-2.653474,51,52.261856
-2.697089,51,52.287148
-2.805064,51,52.309705
-2.777091,51,52.33329
-2.733985,51,52.357254
-2.591136,51,52.38019
-2.813794,51,52.402164
-2.755993,51,52.428482
-2.77969,52,52.45546
-2.638082,51,52.483027
-2.809637,51,52.511849
-2.696826,51,52.543179
-2.748371,51,52.571926
-2.699345,51,52.601913
-2.611946,51,52.631827
-2.73723,51,52.660678
-2.801877,51,52.68856
-2.711279,51,52.71552
-2.612755,52,52.744855
-2.77677,51,52.772214
-2.861405,51,52.801899
-2.905858,51,52.830905
-2.691644,51,53.602288
-2.605687,51,53.627715
-2.72718,51,53.653771
-2.767471,51,53.679468
-2.87641,51,53.704558
-2.501624,52,53.731432
-2.703399,51,53.757645
-3.268428,51,53.78404
-2.611539,51,53.810549
-2.470656,51,53.836798
-2.757123,51,53.862567
-2.575202,51,53.888243
-2.755935,51,53.914297
-2.673419,51,53.940375
-2.749953,51,53.965974
-2.628946,51,53.991919
-2.709731,51,54.017461
-2.673654,51,54.042934
-2.803168,52,54.068749
-2.592669,51,54.094687
-2.656859,51,54.117799
-2.709376,51,54.140069
-2.713694,51,54.162677
-2.552763,51,54.185276
-2.808413,51,54.207604
-2.647249,51,54.229771
-2.730581,51,54.251591
-2.606336,51,54.276721
-2.644342,51,54.302073
-2.819389,51,54.327969
-2.69032,51,54.353257
-2.970623,51,54.37895
-2.634646,51,54.403544
-2.839575,51,54.428541
-2.760643,52,54.453978
-2.823768,51,54.478533
-2.676532,52,54.503956
-2.765612,52,54.529396
-2.740931,51,54.554413
-2.884348,52,54.580244
-2.463052,51,55.343474
-2.879832,52,55.368631
-2.766323,52,55.39372
-2.697637,51,55.418312
-2.763806,51,55.442615
-3.101529,51,55.46767
-2.791436,51,55.4925
-2.773885,51,55.517544
-2.668567,51,55.54217
-2.547648,51,55.566565
-2.631553,51,55.591094
-2.751711,51,55.615676
-2.763115,51,55.640788
-3.169682,51,55.665749
-2.642122,51,55.691248
-2.76051,51,55.716072
-2.817608,51,55.74033
-2.920959,51,55.765127
-2.567564,51,55.790172
-2.836635,51,55.815182
-2.674742,51,55.840332
-2.678117,51,55.864189
-2.707147,51,55.886905
-2.692392,51,55.908425
-2.809771,51,55.9297
-2.790449,51,55.950811
-2.579875,51,55.971937
-2.709304,51,55.993873
-2.787388,51,56.018632
-2.947085,51,56.043417
-2.711477,51,56.068294
-2.817258,51,56.09344
-2.529926,51,56.117666
-2.838555,52,56.142734
-2.68886,52,56.168073
-2.659656,51,56.1921
-2.837658,51,56.216344
-2.747129,52,56.241238
-2.665077,51,56.265784
-2.656206,51,56.29035
-2.74948,51,57.055798
-2.822105,51,57.081043
-2.707819,52,57.106829
-2.747922,51,57.132051
-2.703325,52,57.158206
-2.869237,52,57.184058
-2.853736,51,57.210204
-2.755818,52,57.236253
-2.915012,51,57.261673
-3.006101,52,57.2876
-2.709136,51,57.312347
-2.74646,51,57.336983
-2.807586,51,57.361323
-2.881945,51,57.386413
-2.633615,51,57.411503
-2.526331,51,57.437075
-2.670672,51,57.46317
-2.761245,51,57.490258
-2.68742,51,57.516582
-2.850294,51,57.544361
-2.655888,51,57.569713
-2.59305,51,57.595244
-2.827415,51,57.620711
-2.537989,51,57.646416
-2.764423,51,57.66989
-2.734569,52,57.692274
-2.693226,51,57.713166
-2.703376,51,57.736193
-2.907875,51,57.761337
-2.646868,51,57.789008
-2.792505,51,57.829097
-2.662668,52,57.872127
-2.841549,51,57.905305
-2.983572,51,57.931987
-2.693118,51,57.959448
-2.736893,51,57.988424
-2.813353,52,58.019973
-2.604206,51,58.046457
-2.703983,51,58.071928
-2.806324,51,58.097319
-2.741356,51,58.914947
-2.533157,51,58.942077
-2.707581,51,58.968817
-2.77839,51,58.995739
-2.645278,51,59.02213
-2.643617,51,59.049033
-2.854382,51,59.07553
-2.824423,51,59.10342
-2.8591,51,59.131352
-2.594755,51,59.158251
-2.696786,52,59.185306
-2.636554,51,59.211601
-2.978717,51,59.23767
-2.658814,51,59.264104
-2.888817,51,59.292712
-2.719568,52,59.319682
-2.580367,51,59.347579
-2.726703,51,59.374491
-2.795301,51,59.401476
-2.826968,51,59.428196
-2.642696,51,59.454615
-2.71169,51,59.479953
-2.595048,51,59.506163
-2.612401,52,59.532658
-2.608673,51,59.564506
-2.653173,51,59.593967
-2.675322,51,59.617051
-2.602916,51,59.649577
-2.753763,51,59.678707
-2.749695,51,59.704078
-2.927818,51,59.730681
-2.590778,51,59.75721
-2.676214,51,59.783243
-2.8376,51,59.812236
-2.643839,51,59.838655
-2.876523,51,59.871392
-2.672704,51,59.89883
-2.670414,51,59.930272
-2.495311,51,59.958193
-2.619389,51,59.986994
-2.602364,51,60.870996
-2.835758,51,60.893379
-2.697662,51,60.919138
-2.71493,51,60.945709
-2.839179,51,60.971084
-2.60835,52,60.997015
-2.616275,51,61.022332
-2.669275,51,61.047567
-2.720614,51,61.073951
-2.732112,51,61.099987
-2.779747,51,61.126141
-2.783975,51,61.15238
-2.527957,51,61.178413
-2.602916,51,61.204829
-2.729518,51,61.229899
-2.941,51,61.257292
-2.943736,51,61.288603
-2.636806,51,61.313287
-2.855661,51,61.346619
-2.959262,52,61.375821
-2.752479,51,61.40448
-2.726961,51,61.43344
-2.745585,51,61.46162
-2.840612,51,61.490489
-2.832114,51,61.520486
-2.713251,51,61.550398
-2.687764,51,61.576669
-2.653523,51,61.602223
-2.698998,52,61.627681
-2.572014,51,61.649406
-2.646953,51,61.670795
-2.756505,51,61.696744
-2.756793,52,61.723059
-2.605205,51,61.748056
-2.690126,51,61.772729
-2.703046,51,61.79767
-2.557387,51,61.822261
-2.610722,51,61.846768
-2.6765,51,61.871669
-2.759554,51,61.89611
-2.697513,51,62.680693
-2.755981,51,62.702789
-2.61195,51,62.725907
-2.703728,51,62.748155
-2.891688,51,62.772749
-2.706307,51,62.798348
-2.83957,51,62.82372
-2.759073,51,62.849479
-2.609391,51,62.874948
-2.739501,51,62.900342
-2.820298,52,62.926037
-2.809056,51,62.950912
-2.69788,51,62.976437
-2.679561,51,63.002128
-2.534129,51,63.027329
-2.595454,51,63.052344
-2.741639,51,63.076963
-2.76301,51,63.102828
-2.902409,52,63.127815
-2.68287,51,63.153011
-2.650572,51,63.177523
-2.819174,51,63.202062
-2.514168,51,63.227026
-2.783549,51,63.251843
-2.813365,51,63.278644
-2.73066,51,63.304185
-2.702681,51,63.330291
-2.734083,51,63.355815
-2.643606,51,63.382118
-2.605205,51,63.407587
-2.630226,51,63.432662
-2.7283,51,63.460363
-2.891965,51,63.488214
-2.901832,51,63.513914
-2.840945,51,63.539358
-2.695632,51,63.565038
-2.705863,51,63.590936
-2.778171,51,63.616136
-2.699046,51,63.641843
-2.845353,51,63.667076
-2.776067,51,63.691529
-2.883908,51,64.588834
-2.669554,51,64.610934
-2.686443,51,64.633135
-2.913381,51,64.655233
-2.728525,51,64.677279
-2.707478,51,64.69919
-2.72449,52,64.723832
-2.707606,52,64.749566
-2.677563,51,64.775042
-2.767375,51,64.80001
-2.694934,51,64.825343
-2.777665,51,64.850763
-2.917176,51,64.87637
-2.762542,51,64.902581
-2.618297,51,64.927832
-2.753972,51,64.951936
-2.670276,51,64.976722
-2.63069,51,65.001489
-2.56671,51,65.026203
-2.688628,51,65.050631
-2.569813,52,65.075583
-2.715309,51,65.100556
-2.662257,51,65.126758
-2.575598,51,65.153442
-2.690101,51,65.178579
-2.779538,51,65.204024
-2.654249,51,65.228741
-2.690243,51,65.254211
-2.859852,51,65.279576
-2.739431,51,65.305002
-2.907461,51,65.331828
-2.509101,51,65.362734
-2.926603,51,65.392555
-2.797282,51,65.421995
-2.676966,51,65.446522
-2.596063,51,65.471666
-2.629662,51,65.496323
-2.735814,51,65.520971
-2.674299,51,65.546174
-2.843088,51,65.571357
-2.648756,51,66.377288
-2.803508,52,66.400143
-2.865324,51,66.42429
-2.637398,51,66.447594
-2.891079,51,66.470559
-2.545974,52,66.494565
-2.698568,51,66.516227
-2.61943,51,66.538063
-2.909961,51,66.55987
-2.518129,51,66.581981
-2.742511,51,66.606168
-2.780251,51,66.630758
-2.744223,51,66.655725
-2.802087,51,66.680302
-2.669645,51,66.704722
-2.817187,52,66.729711
-2.749659,51,66.754045
-2.813541,51,66.77916
-2.77828,52,66.804205
-2.912328,51,66.828509
-2.732514,51,66.85331
-2.543374,51,66.878475
-2.726009,51,66.903739
-2.819699,51,66.930754
-2.841769,52,66.956002
-2.804497,51,66.980503
-2.76239,51,67.004458
-2.688636,52,67.029134
-3.037061,51,67.053473
-2.5326,51,67.077985
-2.882686,51,67.103106
-2.794798,51,67.13326
-2.507852,51,67.16365
-2.729154,51,67.194056
-2.662064,52,67.22432
-2.613612,51,67.257023
-2.676066,51,67.286225
-2.845326,52,67.311495
-2.70785,51,67.336476
-2.664579,51,67.362622
-2.745977,51,68.126359
-2.642075,51,68.149029
-2.722475,51,68.172186
-2.533256,51,68.194268
-2.70808,52,68.217839
-2.688577,51,68.240767
-2.633358,51,68.26376
-2.760885,52,68.286569
-2.701145,51,68.309099
-2.611813,52,68.331984
-2.654996,51,68.353914
-2.713639,51,68.378368
-2.71252,52,68.404685
-2.821735,51,68.430486
-2.72352,51,68.455196
-2.645291,51,68.479807
-2.739214,51,68.504345
-2.692167,51,68.52949
-2.712861,51,68.55464
-2.736782,51,68.580181
-2.62482,51,68.605048
-2.758896,51,68.630092
-2.664397,51,68.655232
-2.605761,51,68.68
-2.624193,51,68.704943
-2.704403,51,68.730776
-2.571045,52,68.756623
-2.831439,52,68.782424
-2.6766,51,68.807527
-2.675758,51,68.832666
-2.718824,51,68.865368
-2.720489,51,68.895954
-2.730148,51,68.927005
-2.673926,52,68.958171
-2.739985,51,68.988918
-2.624241,51,69.019628
-2.747354,51,69.050221
-2.546463,51,69.079498
-2.511978,51,69.122471
-2.665371,51,69.155447
-2.707244,51,70.037806
-2.757765,52,70.061661
-2.681852,51,70.084611
-2.74901,52,70.109373
-2.667214,51,70.133804
-2.794132,51,70.157283
-2.76772,51,70.18031
-2.774656,51,70.206704
-2.572338,51,70.230291
-2.683766,51,70.254338
-2.637599,51,70.277967
-2.76168,52,70.303404
-2.620934,51,70.328769
-2.641054,51,70.354622
-2.843969,51,70.382086
-2.596851,52,70.411733
-2.65793,51,70.439912
-2.688293,51,70.4681
-2.780125,51,70.495644
-2.757424,51,70.523202
-2.675479,51,70.549966
-2.639959,51,70.57764
-2.704206,51,70.605118
-2.897824,51,70.632795
-2.764313,51,70.659364
-2.765101,52,70.685941
-2.668255,51,70.714568
-2.753299,51,70.743431
-2.859885,51,70.772361
-2.787042,51,70.807986
-2.748842,52,70.842083
-2.696706,51,70.875808
-2.732235,51,70.910162
-2.782112,51,70.943793
-2.889747,52,70.980516
-2.588077,52,71.016409
-2.767641,51,71.054165
-2.673554,51,71.095734
-2.81169,51,71.167161
-2.630823,51,71.200418
-2.659839,51,72.024405
-2.617225,51,72.053564
-2.799035,52,72.07882
-2.582791,51,72.110279
-2.750187,51,72.138176
-2.659378,51,72.161854
-2.716577,52,72.191628
-2.624677,51,72.216643
-2.712125,51,72.241623
-2.88397,52,72.268526
-2.642052,51,72.293465
-2.811053,51,72.320984
-2.837972,51,72.346562
-2.796741,51,72.371906
-2.871921,52,72.400145
-2.738529,51,72.436728
-2.784262,51,72.468798
-2.678633,51,72.502189
-2.715505,51,72.535239
-2.583608,51,72.567853
-2.673282,51,72.596108
-2.843085,51,72.631442
-2.770901,52,72.668083
-2.907195,51,72.704142
-2.572958,52,72.737486
-2.586136,51,72.770585
-2.651649,51,72.801455
-2.80703,51,72.836685
-2.746643,51,72.873553
-2.620388,51,72.921017
-2.692804,51,72.961979
-3.064994,51,73.002142
-2.689298,51,73.043846
-2.81068,51,73.071235
-2.630114,51,73.115418
-2.757688,51,73.153231
-2.679793,51,73.193428
-2.620807,51,73.240225
-2.84763,52,73.272845
-2.767462,52,73.299149
-2.844944,51,74.305862
-2.679088,51,74.336343
-2.661799,51,74.360092
-2.598813,51,74.385555
-2.700141,51,74.41852
-2.769328,51,74.445819
-2.749847,51,74.472398
-2.658698,51,74.504093
-2.713632,52,74.530016
-2.793186,51,74.561093
-2.794802,51,74.589779
-2.668145,52,74.621461
-2.679337,51,74.651762
-2.649437,51,74.678863
-2.768491,52,74.708078
-2.617955,51,74.732562
-2.712427,51,74.761683
-2.77604,51,74.797136
-2.660303,51,74.837082
-2.678328,51,74.872067
-2.680987,51,74.929071
-2.6418,51,74.966737
-2.756363,51,75.006774
-2.722034,51,75.061048
-2.693588,51,75.116371
-2.693936,51,75.153597
-2.684414,51,75.197633
-2.899518,51,75.240146
-2.594264,51,75.273541
-2.623648,51,75.314413
-2.65889,51,75.350302
-2.6754,51,75.393964
-2.698064,51,75.428827
-2.857574,51,75.473821
-2.661605,51,75.519616
-2.700915,51,75.554097
-2.731622,51,75.588862
-2.572508,51,75.646883
-2.6855,51,75.673272
-2.634139,51,75.69849
-2.84254,52,76.905671
-2.817923,51,76.951786
-2.671638,51,76.981358
-2.610344,51,77.009497
-2.696307,51,77.041486
-2.596438,51,77.075491
-2.725362,51,77.106527
-2.817813,52,77.151372
-2.83075,51,77.186369
-2.665978,51,77.232822
-2.670792,51,77.270841
-2.458201,51,77.308316
-2.51445,52,77.347333
-2.542407,51,77.389205
-2.783603,51,77.462711
-2.673852,51,77.486813
-2.752878,52,77.525687
-2.733935,51,77.564871
-2.629204,51,77.600321
-2.660295,51,77.629705
-2.698042,51,77.658435
-2.59272,51,77.707767
-2.52319,51,77.746208
-2.677945,51,77.792622
-2.6797,51,77.823077
-2.695133,51,77.853906
-2.76742,51,77.884461
-2.736024,51,77.914161
-2.670218,51,77.944273
-2.743288,51,77.983232
-2.749265,51,78.024236
-2.726117,51,78.054045
-2.931113,52,78.083422
-2.680947,51,78.119934
-2.694461,51,78.152023
-2.657605,51,78.191012
-2.847649,52,78.237814
-2.627239,51,78.277841
-2.59788,51,78.316453
-3.031474,52,78.35216
-2.803059,51,79.237472
-2.854797,51,79.265207
-2.579277,51,79.293749
-2.499511,51,79.334828
-2.575709,51,79.360413
-2.821949,51,79.389074
-2.788825,51,79.451426
-2.812912,51,79.482143
-2.829622,51,79.512783
-2.767761,51,79.556139
-2.773512,51,79.588827
-2.701629,51,79.626381
-2.657212,52,79.651604
-2.723198,51,79.675989
-2.849638,51,79.701477
-2.766004,51,79.727968
-2.650006,51,79.75599
-3.007486,51,79.795976
-2.776017,51,79.827928
-2.759332,51,79.87264
-2.802689,51,79.919494
-2.73501,51,79.965749
-2.784567,51,80.004681
-2.833689,51,80.051002
-2.762901,51,80.09554
-2.598315,51,80.148165
-2.610065,51,80.20432
-2.662944,51,80.248941
-2.67604,51,80.29894
-2.733211,51,80.351568
-2.942754,51,80.410506
-2.769369,52,80.461446
-2.581656,51,80.526101
-2.834566,51,80.640715
-2.798254,52,80.755436
-2.697135,51,80.831338
-2.695795,51,80.869733
-2.843109,52,80.91536
-2.670938,51,80.943206
-2.528907,51,80.970164
-2.810268,51,82.101741
-2.637501,52,82.126578
-2.905387,51,82.157925
-2.702468,51,82.191212
-2.634194,51,82.227921
-2.760045,51,82.253044
-2.828421,52,82.287704
-2.606529,51,82.315274
-2.632153,51,82.347622
-2.80014,51,82.389046
-2.697169,51,82.415983
-2.680295,51,82.450433
-2.726314,52,82.49177
-2.844591,51,82.52504
-2.561825,51,82.552328
-2.675258,51,82.593358
-2.767389,52,82.626981
-2.813572,51,82.655033
-2.62566,51,82.681562
-2.749067,51,82.709641
-2.859763,52,82.741139
-2.665947,51,82.76788
-2.853573,52,82.795525
-2.72661,51,82.823819
-2.731964,52,82.851586
-2.527488,51,82.880444
-2.679937,51,82.907248
-2.648622,51,82.939724
-2.912913,51,82.968146
-2.629587,51,83.034407
-2.67392,51,83.075877
-2.66106,51,83.11838
-2.531809,51,83.152378
-2.646713,51,83.187858
-2.620574,51,83.224016
-2.517719,51,83.259565
-2.756059,51,83.296031
-2.679273,51,83.323365
-2.68509,51,83.357254
-2.781342,51,83.384365
-2.540227,51,84.434521
-2.682057,51,84.465028
-2.661288,51,84.490772
-2.562719,51,84.547166
-2.673252,52,84.594068
-2.766904,51,84.620861
-2.534252,52,84.652526
-2.880702,52,84.679933
-2.715743,52,84.72163
-2.747877,51,84.755278
-2.638444,51,84.788027
-2.855414,51,84.816208
-2.937448,51,84.85996
-3.01239,51,84.890975
-2.720602,51,84.926648
-2.796961,52,84.958703
-2.484132,51,85.009595
-2.64285,51,85.045435
-2.754457,52,85.07623
-2.684776,51,85.124049
-2.580919,51,85.158259
-2.714759,51,85.19962
-2.625815,51,85.226269
-2.721728,51,85.269614
-2.797588,51,85.308062
-2.847815,51,85.34505
-2.82738,51,85.374533
-2.590719,51,85.405075
-2.817996,51,85.439136
-2.62729,51,85.469701
-2.812169,51,85.507739
-2.601764,51,85.536384
-2.481377,51,85.573151
-2.713169,51,85.606756
-2.79249,51,85.644399
-2.607951,51,85.679504
-2.763675,51,85.716216
-2.693097,51,85.748275
-2.676278,51,85.773837
-2.799034,51,85.808696
-2.748762,51,86.907657
-2.69031,51,86.935047
-2.726852,51,86.967282
-2.895562,51,87.00208
-2.884181,51,87.032475
-2.780079,51,87.06274
-2.83638,51,87.093685
-2.599866,51,87.126115
-2.73907,51,87.169133
-2.701668,51,87.217074
-2.679588,51,87.261273
-2.788424,51,87.289409
-2.609099,51,87.317718
-2.610193,51,87.351381
-2.781341,51,87.378869
-2.628119,51,87.421789
-2.656185,51,87.453185
-2.662071,51,87.480021
-2.623028,51,87.522717
-2.680952,51,87.549777
-2.797781,51,87.576246
-2.784221,51,87.612338
-2.755912,51,87.647471
-2.637528,51,87.683814
-2.674597,51,87.735413
-2.832748,51,87.779467
-2.59054,51,87.824502
-2.619019,51,87.877892
-2.628905,52,87.934276
-2.7149,51,87.983908
-2.737937,51,88.02219
-2.850753,51,88.072962
-2.527708,51,88.105158
-2.7604,52,88.145261
-2.68464,51,88.179528
-2.742682,52,88.222971
-2.510308,51,88.251109
-2.497327,52,88.285333
-2.715514,51,88.328463
-2.716896,52,88.377496
-2.777575,51,89.434998
-2.657524,51,89.466686
-2.809824,51,89.501446
-2.676909,51,89.54848
-2.825909,51,89.585852
-2.782552,51,89.623474
-2.71711,51,89.660296
-2.636886,51,89.693099
-2.587848,51,89.736114
-2.692994,51,89.771516
-2.691025,52,89.799369
-2.627483,51,89.832578
-2.616636,51,89.865945
-2.706695,51,89.898514
-2.581957,51,89.927525
-2.735572,52,89.964205
-2.616251,51,89.999979
-2.696436,52,90.032835
-2.769005,51,90.06109
-2.653831,52,90.09261
-2.661729,51,90.127542
-2.594794,51,90.171458
-2.781181,52,90.219115
-2.642041,51,90.253622
-2.614269,51,90.291076
-2.829651,51,90.332649
-2.648191,51,90.377524
-2.619475,51,90.418011
-2.670169,52,90.454638
-2.829422,51,90.48973
-2.625544,51,90.522776
-2.667209,51,90.555539
-2.853544,51,90.597634
-2.59223,51,90.634483
-2.740024,52,90.672685
-2.992991,51,90.716166
-2.69373,51,90.762044
-2.638563,51,90.805115
-2.858326,52,90.8427
-2.606183,51,90.872225
-2.555384,52,91.921436
-2.741518,51,91.957314
-2.881862,51,91.983887
-2.656209,51,92.011418
-2.754001,51,92.036569
-2.76535,51,92.062695
-2.732473,51,92.097112
-2.681182,51,92.15018
-2.727604,51,92.189463
-3.077173,52,92.231878
-2.669054,51,92.263926
-2.527451,51,92.298153
-2.995934,51,92.328209
-2.661065,51,92.367479
-2.793746,51,92.400853
-2.547999,51,92.433044
-2.738439,51,92.464357
-2.651333,52,92.494647
-2.549316,51,92.524998
-2.633067,51,92.56242
-2.845247,52,92.604154
-2.683065,51,92.643994
-2.592418,51,92.685665
-2.82208,51,92.728665
-2.774063,51,92.769814
-2.523311,51,92.808302
-2.644796,51,92.84889
-2.685735,51,92.889817
-2.565074,51,92.936136
-2.615307,51,92.979656
-2.651319,51,93.01529
-2.520996,51,93.051185
-2.618908,52,93.092485
-2.730261,51,93.124977
-2.899718,51,93.158071
-2.743326,52,93.191839
-2.821182,51,93.225785
-2.762605,51,93.259003
-2.774509,52,93.291398
-2.678317,51,93.331504
-2.758023,51,94.698012
-2.67611,51,94.740965
-2.676179,51,94.780787
-2.677893,51,94.81227
-2.743824,51,94.85125
-2.651314,52,94.885455
-2.731138,52,94.920162
-2.71817,51,94.946194
-2.693692,51,94.985098
-2.715995,52,95.013235
-2.519683,51,95.046852
-2.670613,51,95.079075
-2.716972,51,95.118265
-2.64125,52,95.151558
-2.681962,51,95.1785
-2.708218,51,95.211878
-2.714586,51,95.239176
-2.468203,51,95.27252
-2.747455,51,95.307723
-2.711596,51,95.33455
-2.699145,51,95.368313
-2.701776,51,95.398807
-2.840141,52,95.427979
-2.74289,51,95.45734
-2.763062,52,95.488651
-2.528112,51,95.520632
-2.492672,51,95.55593
-2.75567,51,95.588549
-2.677208,51,95.624586
-2.748855,51,95.66067
-2.712146,51,95.689487
-2.523031,51,95.730922
-2.626414,51,95.761432
-2.783834,52,95.802773
-2.811024,51,95.836373
-2.655328,51,95.873031
-2.591064,51,95.912905
-2.79083,51,95.946532
-2.770227,51,95.980547
-2.621323,51,96.007929
-2.818322,51,96.990869
-2.594876,51,97.016694
-2.683097,51,97.048561
-2.823751,52,97.081235
-2.883662,51,97.105722
-2.646639,51,97.136957
-2.7739,51,97.167023
-2.636601,51,97.201576
-2.739151,51,97.228337
-2.747629,51,97.26081
-2.64466,51,97.299268
-2.717541,51,97.326134
-2.656916,51,97.360104
-2.642159,51,97.386897
-2.687177,51,97.421946
-2.692847,51,97.455876
-2.717546,51,97.51164
-2.742258,51,97.538561
-2.678431,51,97.573792
-2.976927,52,97.602578
-2.673779,52,97.636106
-2.743348,51,97.668697
-2.671105,51,97.702015
-2.468924,51,97.730955
-2.700747,52,97.771373
-2.723541,51,97.804931
-2.656362,51,97.844355
-2.70615,51,97.876325
-3.201664,52,97.910455
-2.631146,51,97.95596
-2.566756,51,97.985296
-2.677014,51,98.025846
-2.647729,51,98.056207
-2.660852,51,98.086047
-2.7521,51,98.116772
-2.780555,52,98.144852
-2.69996,52,98.180052
-2.74748,51,98.214053
-2.68005,51,98.246327
-2.59361,51,98.272196
-2.579973,51,99.247912
-2.662967,51,99.279121
-2.605907,51,99.304096
-2.873733,51,99.334831
-2.854123,52,99.361104
-2.831945,51,99.39087
-2.667406,51,99.42358
-2.675554,51,99.458161
-2.736498,51,99.486339
-2.711001,51,99.520543
-2.604158,51,99.551485
-2.722278,52,99.581352
-2.610243,52,99.620777
-2.825863,52,99.663839
-2.630884,51,99.689685
-2.711983,51,99.72184
-2.681904,52,99.755216
-2.53263,51,99.782966
-2.531994,51,99.815359
-2.708015,51,99.844907
-2.63938,51,99.875641
-2.639287,51,99.909184
-2.600704,51,99.934353
-2.824288,51,99.967885
-2.818097,51,99.994265
-2.597578,51,100.027898
-2.783198,51,100.063811
-2.71644,52,100.095922
-2.606593,51,100.135275
-2.561873,51,100.169359
-2.750536,51,100.206826
-2.636853,51,100.244947
-2.796808,52,100.279964
-2.621573,51,100.31206
-2.744219,51,100.345294
-2.461937,51,100.380983
-2.581119,51,100.409258
-2.730633,51,100.444703
-2.761381,51,100.481134
-2.612019,51,100.517276
-2.77767,52,101.553401
-2.501073,51,101.585449
-2.714832,51,101.616746
-2.857949,51,101.645323
-2.58289,51,101.69275
-2.790451,51,101.735197
-2.847277,51,101.782449
-2.788193,52,101.845622
-2.928424,51,101.884218
-2.87453,52,101.955171
-2.749086,51,102.069919
-2.655446,51,102.168117
-2.685172,52,102.228248
-2.570262,51,102.284994
-2.618259,51,102.339963
-2.818321,51,102.393231
-2.933206,51,102.476819
-2.755091,51,102.541297
-2.703147,51,102.610651
-2.70423,51,102.648938
-2.587469,51,102.69714
-2.665525,51,102.732412
-2.679648,51,102.775079
-2.771865,51,102.818367
-3.018387,51,102.854221
-2.72864,51,102.901297
-2.509642,51,102.936418
-2.680283,52,102.975601
-2.679795,51,103.00996
-2.711035,51,103.052296
-2.65349,51,103.09372
-2.893388,51,103.131013
-2.593844,51,103.16511
-2.840586,51,103.206378
-2.847713,51,103.24682
-2.792585,51,103.28505
-2.70781,51,103.318474
-2.560159,51,103.357296
-2.509225,51,103.390838
-2.609098,51,103.430749
-3.022153,51,104.508175
-2.771335,51,104.546068
-2.463334,51,104.580316
-2.849047,52,104.616508
-2.677132,51,104.648868
-2.630614,51,104.677214
-2.591201,52,104.703843
-2.60488,51,104.738043
-2.678449,51,104.763299
-2.671379,51,104.797455
-2.757899,51,104.830744
-2.567066,51,104.858001
-2.668512,52,104.885847
-2.620785,51,104.917694
-2.719412,51,104.95044
-2.66521,51,104.978267
-2.759033,51,105.011789
-2.691341,51,105.043574
-2.623877,51,105.071786
-2.634643,51,105.104131
-2.734024,52,105.138456
-2.638052,51,105.169045
-2.573093,51,105.211564
-2.554388,51,105.244337
-2.718821,51,105.284265
-2.5744,51,105.313086
-2.629153,51,105.347532
-2.661493,51,105.382311
-2.628879,51,105.411641
-2.680942,51,105.442872
-2.526912,51,105.471167
-2.535167,51,105.502997
-2.76252,52,105.536481
-2.906805,51,105.56344
-2.581272,51,105.596418
-2.642221,51,105.62821
-2.641543,51,105.656361
-2.871263,51,105.690508
-2.66765,51,105.718703
-2.743319,52,105.752852
-2.756122,51,106.899905
-2.682918,51,106.939457
-2.598982,52,106.98124
-2.596237,51,107.015015
-2.649878,51,107.052608
-2.683568,51,107.088903
-2.570414,51,107.129348
-2.431801,51,107.168771
-2.724089,52,107.198907
-2.555221,51,107.239026
-2.827411,51,107.271616
-2.780122,52,107.311946
-2.536891,51,107.348214
-2.677599,51,107.381625
-2.815474,51,107.423285
-2.647537,51,107.458419
-3.176625,51,107.491575
-2.619939,51,107.526547
-2.742054,51,107.565822
-2.68729,51,107.599847
-2.833542,51,107.641577
-2.455899,51,107.683683
-2.697403,51,107.730151
-2.708898,51,107.771576
-2.643398,51,107.811107
-2.843247,51,107.858553
-2.603333,51,107.901585
-2.616094,51,107.945415
-2.703111,51,107.984211
-2.780901,51,108.032587
-2.740261,51,108.154151
-2.567496,51,108.210354
-2.77979,51,108.235466
-2.613471,51,108.273063
-3.027752,51,108.305335
-2.707018,51,108.342524
-2.705512,51,108.387339
-2.707574,51,108.433335
-2.565318,51,108.474122
-2.70723,51,108.50591
-2.589297,51,109.521883
-2.747657,52,109.556844
-2.615893,51,109.584717
-2.692203,51,109.625337
-2.570472,51,109.650483
-2.667079,51,109.678596
-2.663499,51,109.707883
-2.617865,52,109.740584
-2.828383,51,109.766948
-2.555936,51,109.802305
-2.659643,51,109.830192
-2.78479,51,109.85774
-2.571068,51,109.888437
-2.710304,51,109.920824
-2.736124,51,109.955329
-2.67723,51,109.995014
-2.739667,51,110.022222
-2.514239,51,110.055011
-2.753969,51,110.083599
-2.890078,52,110.113468
-2.573952,51,110.149828
-2.736262,52,110.181623
-2.838725,51,110.225941
-3.072519,51,110.265406
-2.700285,51,110.301029
-2.87436,52,110.337259
-2.799644,51,110.375268
-2.560762,51,110.404309
-2.732258,51,110.438544
-2.771651,51,110.469227
-2.668244,51,110.50236
-2.599481,51,110.537216
-2.991193,51,110.568604
-2.702735,51,110.611176
-2.831011,51,110.643628
-2.564724,51,110.671891
-2.629819,52,110.710289
-2.682066,51,110.744427
-2.584552,51,110.77848
-2.750581,51,110.8063
-2.728012,51,111.813656
-2.675639,51,111.842395
-2.630929,51,111.873852
-2.774087,51,111.910907
-2.795498,51,111.94303
-2.787384,51,111.978513
-2.756597,51,112.012355
-2.724397,52,112.041526
-2.64283,51,112.07809
-2.730309,51,112.112883
-2.556632,52,112.160618
-2.580054,51,112.195088
-2.712853,51,112.22926
-2.666145,51,112.25681
-2.544679,51,112.294747
-2.624973,51,112.326671
-2.627394,51,112.355551
-2.849854,51,112.397027
-2.790034,51,112.441963
-2.82497,51,112.477257
-2.698222,51,112.517509
-2.636134,51,112.545742
-2.639217,51,112.583858
-2.681945,51,112.631081
-2.800617,52,112.665831
-2.574046,51,112.705744
-2.547529,51,112.749777
-2.600698,51,112.782527
-2.57841,51,112.814608
-2.708117,51,112.844014
-2.694526,51,112.869672
-2.706784,51,112.897883
-2.696948,51,112.927434
-2.634818,51,112.964336
-2.684897,51,113.011891
-2.609594,51,113.044393
-2.770175,51,113.08468
-2.642345,51,113.125149
-2.798476,52,113.152009
-2.693717,51,113.194434
-2.789314,51,114.21497
-2.50377,51,114.248715
-2.817091,51,114.282031
-3.021471,52,114.316677
-2.702394,51,114.34448
-2.733147,51,114.379501
-2.67538,51,114.407539
-2.566763,51,114.433504
-2.762976,52,114.461141
-2.747899,51,114.494513
-2.649908,51,114.528185
-2.625253,51,114.566447
-2.636227,51,114.595921
-2.805988,52,114.629368
-2.770083,51,114.656093
-2.634877,51,114.686542
-2.588708,51,114.717068
-2.709133,51,114.751389
-2.650546,51,114.779717
-2.603421,51,114.80657
-2.637708,51,114.840993
-2.5855,51,114.87809
-2.685935,51,114.908759
-2.698438,51,114.939002
-2.613155,51,114.98656
-2.647971,51,115.043263
-2.54188,51,115.082225
-2.726561,51,115.115328
-2.584188,51,115.15051
-2.85268,51,115.198676
-2.697842,51,115.236869
-2.866401,52,115.271728
-2.697023,52,115.305252
-2.741029,51,115.350314
-2.629059,51,115.376716
-2.827734,51,115.412134
-2.801887,51,115.440609
-2.883046,51,115.49142
-2.583116,51,115.531524
-2.638177,51,115.565894
-2.665586,51,116.548983
-2.542636,51,116.584813
-2.692347,51,116.611333
-2.711523,51,116.644558
-2.748793,51,116.677304
-2.63216,51,116.704524
-2.626359,52,116.737134
-2.637995,51,116.765494
-2.701623,51,116.791767
-2.694612,51,116.825365
-2.650033,51,116.853587
-2.764551,51,116.890323
-2.713393,51,116.917758
-2.678269,51,116.95205
-2.76524,51,116.978901
-2.733305,51,117.011722
-2.599102,51,117.039812
-2.703145,51,117.064647
-2.488489,51,117.098509
-2.669635,51,117.128521
-2.665811,51,117.163527
-2.681664,51,117.206163
-2.773421,52,117.236407
-2.880328,52,117.27267
-2.683677,51,117.308671
-2.687362,51,117.338097
-2.631505,51,117.374209
-2.765951,52,117.40412
-2.607775,52,117.439923
-2.571732,51,117.467245
-2.560303,51,117.501953
-2.800992,51,117.537009
-2.665963,52,117.570351
-2.631937,51,117.598388
-2.550296,51,117.631861
-2.718028,51,117.659697
-2.671357,52,117.692613
-2.680206,52,117.725274
-2.63852,51,117.751573
-2.693849,51,117.787751
-2.74919,51,118.778047
-2.75046,52,118.804681
-2.692668,51,118.838825
-2.559419,52,118.874183
-2.625547,51,118.908478
-2.516357,51,118.937652
-2.616278,51,118.970823
-2.656545,51,118.999408
-2.706344,51,119.037185
-2.792199,51,119.067263
-2.639983,51,119.103177
-2.672897,51,119.137772
-2.699446,52,119.167392
-2.563648,51,119.197093
-2.718446,51,119.225993
-2.616521,51,119.261099
-2.677563,51,119.289684
-2.620708,51,119.323413
-2.630967,51,119.352305
-2.555046,51,119.392222
-2.724549,51,119.436416
-2.706797,51,119.464944
-2.720131,52,119.504448
-2.569119,51,119.539289
-2.531828,52,119.569539
-2.513121,51,119.60597
-2.849375,51,119.640048
-2.701091,51,119.674352
-2.818168,51,119.702221
-2.713337,51,119.734328
-2.6405,51,119.764687
-2.77654,51,119.794351
-2.588476,51,119.827424
-2.556768,51,119.854107
-2.636705,51,119.888378
-2.683467,51,119.916765
-2.546447,52,119.945637
-2.721801,51,119.978358
-2.599822,51,120.006558
-2.787967,51,120.037538
-2.806782,51,121.039458
-2.60401,52,121.065402
-2.717881,51,121.100482
-2.560301,51,121.12858
-2.504291,51,121.161764
-2.591137,52,121.195499
-2.802793,51,121.22242
-2.681643,52,121.257397
-2.59248,51,121.288459
-2.543671,51,121.317227
-2.61842,51,121.352487
-2.67147,51,121.385054
-2.778584,51,121.413221
-2.617482,51,121.446605
-2.719808,51,121.473111
-2.51826,51,121.50582
-2.651714,51,121.538114
-2.903762,51,121.563843
-2.576651,51,121.598588
-2.570704,51,121.632579
-2.705217,51,121.662193
-2.609845,52,121.697244
-2.727086,51,121.725868
-2.610296,51,121.760874
-2.68918,51,121.797467
-2.508181,51,121.827126
-2.443442,51,121.862093
-2.611267,51,121.891772
-2.471173,51,121.917999
-2.608187,51,121.955918
-2.697908,51,121.984004
-2.602115,51,122.017491
-2.508606,51,122.045242
-2.60349,51,122.078143
-2.890689,52,122.105451
-2.665674,51,122.139139
-2.623326,51,122.165731
-2.515826,51,122.200302
-2.641553,51,122.225579
-2.511284,51,122.258894
-2.643862,51,122.290331
-2.657743,51,123.271706
-2.854434,51,123.300538
-2.943568,51,123.333862
-2.85611,52,123.365461
-2.653563,51,123.394086
-2.631351,51,123.421187
-2.594675,51,123.44939
-2.555172,51,123.481327
-2.513397,51,123.508791
-3.07988,51,123.541266
-2.576002,51,123.5683
-2.709929,51,123.600975
-2.671737,51,123.628493
-2.631169,51,123.662068
-2.678623,51,123.694853
-2.557999,51,123.722953
-2.65784,51,123.752198
-2.722526,51,123.785932
-2.83048,51,123.819102
-2.562462,51,123.854495
-2.639197,51,123.891385
-2.841938,51,123.919217
-2.494855,51,123.954274
-2.549129,51,123.988775
-2.51958,51,124.019227
-2.557484,51,124.054543
-2.555056,51,124.087349
-2.569266,51,124.119991
-2.515097,52,124.14789
-2.654738,51,124.181883
-2.669898,51,124.210556
-2.662577,51,124.242544
-2.723006,51,124.276075
-2.51855,51,124.303669
-2.682488,52,124.337919
-2.593058,51,124.371206
-2.705714,51,124.398581
-2.798347,51,124.433124
-2.703507,51,124.460964
-2.661939,52,124.494684
-2.656069,52,125.4665
-2.668065,51,125.498603
-2.563914,51,125.525421
-2.671266,52,125.559422
-2.73339,51,125.591688
-2.822399,51,125.631012
-2.672295,51,125.658502
-2.6068,51,125.69185
-2.625264,51,125.718974
-2.530345,51,125.751882
-2.668075,51,125.785788
-2.744633,51,125.813933
-2.705226,51,125.8459
-2.626857,51,125.873133
-2.800731,52,125.907831
-2.591246,51,125.93512
-2.596498,51,125.968577
-2.700049,51,126.003814
-2.871721,52,126.035199
-2.741049,52,126.074929
-2.62152,51,126.107461
-2.662972,52,126.144759
-2.616851,51,126.180518
-2.5254,51,126.210858
-2.483349,51,126.248286
-2.710343,51,126.28438
-2.73021,51,126.319095
-2.690773,51,126.351391
-2.692644,51,126.38122
-2.73957,51,126.409712
-2.642003,51,126.435302
-2.815979,51,126.47166
-2.672379,51,126.50227
-2.627915,51,126.531756
-2.68122,51,126.564934
-2.65127,51,126.59775
-2.599266,52,126.624159
-2.865802,51,126.657385
-2.688655,51,126.683923
-2.562665,51,126.716269
-2.399479,51,127.665382
-2.546536,51,127.693486
-2.755706,51,127.725979
-2.70357,51,127.751861
-2.691003,51,127.784133
-2.603726,51,127.812019
-2.579566,51,127.844811
-2.709221,51,127.871797
-2.676732,51,127.90497
-2.68554,51,127.93531
-2.583345,51,127.964778
-2.816641,51,127.994835
-2.594321,51,128.026408
-2.625363,51,128.058385
-2.605727,51,128.085142
-2.636202,51,128.11125
-2.7049,51,128.136913
-2.6718,51,128.169901
-2.59345,51,128.205719
-2.403914,51,128.238701
-2.675921,51,128.274637
-2.586297,51,128.305209
-2.858808,51,128.339376
-2.686695,51,128.374999
-2.958713,51,128.403881
-2.600918,51,128.445549
-2.61757,52,128.473751
-2.561658,51,128.505812
-2.715077,51,128.532843
-3.061186,51,128.565022
-2.564502,51,128.597408
-2.64585,51,128.624557
-2.629677,51,128.651963
-2.655982,51,128.684099
-2.584263,51,128.71626
-2.566855,52,128.749221
-2.498519,51,128.776076
-2.630266,52,128.809568
-2.765276,51,128.842386
-2.605645,51,128.868278
-3.011471,51,129.806046
-2.671,51,129.835396
-2.48184,51,129.867428
-2.617897,51,129.893782
-2.807887,51,129.926138
-2.723777,51,129.951638
-2.546407,51,129.985287
-2.800053,51,130.017843
-2.753664,51,130.044803
-2.547218,51,130.076494
-2.661525,51,130.118563
-2.779948,52,130.145213
-2.826765,51,130.177581
-2.701752,52,130.206281
-2.539127,51,130.237064
-2.731721,51,130.269392
-2.726873,52,130.296575
-2.752508,51,130.330321
-2.460031,51,130.358739
-2.60493,52,130.393989
-2.84466,51,130.428997
-2.574247,51,130.459255
-2.698322,51,130.494954
-2.546702,51,130.524323
-2.735946,51,130.561164
-2.706286,51,130.596189
-2.848276,51,130.624939
-2.795984,52,130.661031
-2.573891,52,130.695189
-2.808984,51,130.722946
-2.668238,51,130.761593
-2.766461,51,130.788866
-2.449404,51,130.822138
-2.836393,51,130.848555
-2.36677,51,130.880311
-2.771326,51,130.911923
-2.617437,51,130.939622
-2.740991,51,130.97096
-2.569019,51,131.003441
-2.720854,51,131.030299
-2.535508,51,131.991525
-2.641355,51,132.024291
-2.566365,51,132.058005
-2.682751,51,132.090831
-2.58375,51,132.119246
-2.663528,51,132.147879
-2.608571,51,132.181131
-2.533032,51,132.212506
-2.703776,52,132.240021
-2.497981,51,132.273056
-2.549766,51,132.303613
-2.42346,52,132.329982
-2.640028,51,132.362945
-2.674857,51,132.388112
-2.608983,51,132.426303
-2.85576,51,132.452777
-2.981639,52,132.492257
-2.551248,51,132.522888
-2.61147,51,132.56295
-2.914882,51,132.596269
-2.644512,51,132.633035
-2.513631,51,132.669856
-2.586854,51,132.70721
-2.554492,51,132.740221
-2.597506,51,132.776168
-2.882109,51,132.810438
-2.638077,51,132.84338
-2.585975,51,132.87679
-2.810195,51,132.906621
-2.679471,51,132.93919
-2.711167,52,132.972096
-2.423184,51,132.998566
-2.582639,51,133.027072
-2.538186,51,133.057359
-2.621299,51,133.090457
-2.802625,52,133.117273
-2.607018,51,133.153191
-2.585917,51,133.180067
-2.651533,52,133.218123
-2.712887,51,133.247102
-2.771976,51,134.200362
-2.417667,51,134.232693
-2.830784,52,134.26782
-2.552632,52,134.298779
-2.700362,51,134.332513
-2.475278,51,134.35894
-2.477011,51,134.390005
-2.751132,51,134.41952
-2.625763,51,134.448579
-2.846774,51,134.478442
-2.62946,51,134.508791
-2.677131,52,134.542714
-2.46867,51,134.568812
-2.621544,51,134.602345
-2.705686,51,134.637978
-2.755131,51,134.666403
-2.680091,52,134.703415
-2.883736,51,134.734058
-2.599193,52,134.769335
-2.656843,51,134.80632
-2.680919,51,134.835531
-2.647579,51,134.870143
-2.561824,51,134.899506
-2.637241,51,134.935033
-2.593277,51,134.970313
-2.580794,51,134.999176
-2.570288,51,135.033329
-2.477253,51,135.059423
-2.664373,51,135.09216
-2.941454,51,135.11947
-2.648944,51,135.151709
-2.687463,52,135.180168
-2.759454,51,135.211854
-2.734012,51,135.244217
-2.539029,51,135.269644
-2.589382,51,135.298471
-2.623028,52,135.330725
-2.611023,52,135.360885
-2.535171,51,135.388297
-2.626633,51,135.419846
-2.810388,52,136.37927
-2.507541,51,136.41265
-2.520093,51,136.442432
-2.801657,51,136.47239
-2.739222,51,136.505196
-2.674681,51,136.530065
-2.713131,51,136.55579
-2.628403,51,136.58481
-2.598293,51,136.614965
-2.697536,51,136.647523
-2.647071,51,136.674631
-2.700725,51,136.707251
-2.900597,51,136.737797
-2.77956,52,136.76627
-2.596308,51,136.802079
-2.612807,51,136.829765
-2.688826,52,136.865245
-2.681225,52,136.901009
-2.461476,51,136.927021
-2.556995,51,136.9622
-2.811047,51,136.996485
-2.627428,51,137.032039
-2.624046,51,137.060113
-2.568473,51,137.094767
-2.667637,51,137.131507
-2.581996,51,137.161438
-2.632401,51,137.195769
-2.641913,51,137.228611
-2.649926,51,137.254073
-2.699307,51,137.287821
-2.58746,51,137.316432
-2.591828,51,137.346789
-2.495869,51,137.379387
-2.45465,51,137.411117
-2.641747,51,137.442554
-2.637262,51,137.468935
-2.774111,51,137.502175
-2.568467,51,137.527904
-2.727865,51,137.559732
-2.58612,51,137.591242
-2.647995,51,138.5395
-2.64574,51,138.57216
-2.698326,52,138.599527
-2.62192,51,138.631871
-2.596685,51,138.660875
-2.731792,51,138.691956
-2.439742,51,138.724902
-2.495994,51,138.752643
-2.697868,51,138.780218
-2.592477,52,138.813198
-2.93914,51,138.841142
-2.61568,51,138.871232
-2.62574,51,138.902892
-2.613343,51,138.930691
-2.592327,51,138.964496
-2.835236,51,138.999064
-2.437754,51,139.030902
-2.504331,51,139.066416
-2.715515,51,139.102508
-2.855189,51,139.138215
-2.563878,52,139.16923
-2.821432,51,139.205597
-2.673001,51,139.242803
-2.61664,52,139.274864
-2.712478,51,139.307023
-2.657813,51,139.341414
-2.521546,51,139.37551
-2.723468,52,139.403317
-2.936819,51,139.435969
-2.57141,51,139.469106
-2.733942,51,139.495576
-2.640892,51,139.52792
-2.692547,51,139.555257
-2.60302,51,139.58842
-2.615979,51,139.62245
-2.800316,51,139.649801
-2.66851,52,139.682008
-2.671491,51,139.708111
-2.806482,51,139.741164
-2.615874,51,139.767774
-2.459571,51,140.720884
-2.551457,51,140.746176
-2.717492,52,140.778458
-2.480968,52,140.803977
-2.657295,51,140.836793
-2.419767,51,140.867979
-2.7681,52,140.896341
-2.556802,52,140.929264
-2.652947,51,140.961954
-2.464127,51,140.988161
-2.698826,51,141.021079
-2.581134,51,141.04679
-2.643154,51,141.073153
-2.489833,51,141.106892
-2.655535,51,141.141977
-2.658401,51,141.176446
-2.652991,51,141.208927
-2.500891,51,141.243955
-2.64866,51,141.272963
-2.630331,51,141.313374
-2.571461,51,141.343141
-2.74935,51,141.375869
-2.321417,51,141.408342
-2.752179,52,141.44336
-2.534045,51,141.479504
-2.760358,52,141.506277
-2.650502,51,141.537841
-2.542591,51,141.565356
-2.764717,52,141.600527
-2.55808,51,141.627489
-2.449477,51,141.659399
-2.5112,51,141.692177
-2.711293,51,141.718522
-2.532094,51,141.75009
-2.813343,51,141.778118
-2.559694,51,141.812222
-2.923926,51,141.839417
-2.695084,51,141.872704
-2.65334,51,141.904151
-2.690993,51,141.931292
-2.623462,51,142.886627
-2.586289,51,142.922268
-2.669707,51,142.950111
-2.496433,51,142.982461
-2.663487,51,143.019424
-2.613244,51,143.060534
-2.834322,51,143.091734
-2.654812,51,143.118672
-2.662394,51,143.151727
-2.704696,52,143.177935
-2.542144,52,143.212242
-2.46295,51,143.2429
-2.587761,51,143.271832
-2.567146,51,143.306959
-2.693515,51,143.343517
-2.751493,52,143.372349
-2.652758,51,143.406758
-2.533895,51,143.444459
-2.397391,51,143.476794
-2.698428,51,143.512168
-2.493787,51,143.539882
-2.736314,51,143.574461
-2.481095,51,143.609108
-2.685854,51,143.637731
-2.614339,51,143.672564
-2.682944,51,143.699515
-2.709877,51,143.730624
-2.451566,51,143.758644
-2.54185,51,143.791258
-2.61966,51,143.824066
-2.683591,52,143.850359
-2.658857,51,143.883444
-2.508465,51,143.909172
-2.920122,51,143.943112
-2.533993,51,143.973822
-2.67779,51,144.000799
-2.587081,51,144.038257
-2.779465,51,144.066491
-2.654938,51,144.098567
-2.718571,51,144.126278
-2.579611,52,145.069075
-2.643592,51,145.096078
-2.908773,51,145.129704
-2.753167,51,145.156508
-2.528403,51,145.189605
-2.578953,52,145.222748
-2.598138,51,145.249461
-2.610438,52,145.284093
-2.657514,52,145.310677
-2.696535,51,145.344386
-2.649276,52,145.377284
-2.726562,52,145.405939
-2.68058,51,145.441727
-2.543079,51,145.474953
-2.621917,51,145.505988
-2.483468,51,145.542264
-2.720766,51,145.571001
-2.473289,51,145.605312
-2.645549,51,145.641109
-2.775629,51,145.668629
-2.572593,51,145.703961
-2.615849,51,145.736896
-2.551371,51,145.771459
-2.73819,52,145.807921
-2.596238,51,145.843109
-2.749469,51,145.871775
-2.672168,52,145.905959
-2.708303,52,145.934676
-2.590412,51,145.967601
-2.607926,51,146.001224
-2.747272,51,146.029957
-2.473911,51,146.063239
-2.420382,51,146.089048
-2.622845,51,146.121678
-2.701217,51,146.154571
-2.49892,51,146.181221
-2.652376,51,146.214425
-2.632592,51,146.245808
-2.910133,51,146.280346
-2.322222,51,146.309239
-2.476589,51,147.254486
-2.492705,51,147.288508
-2.555766,52,147.315505
-2.675883,52,147.348568
-2.631395,51,147.381001
-2.457871,51,147.408967
-2.268964,51,147.442136
-2.530357,51,147.468281
-2.67188,51,147.502964
-2.520276,51,147.529521
-2.734793,51,147.567553
-2.447361,51,147.596522
-2.600631,51,147.631479
-2.547325,51,147.667248
-2.361739,51,147.697152
-2.651337,51,147.731951
-2.5073,51,147.767511
-2.651193,51,147.797565
-2.752844,52,147.833675
-2.76632,52,147.863007
-2.803912,51,147.89903
-2.595716,51,147.934026
-2.527204,51,147.964271
-2.687714,51,147.998066
-2.413649,51,148.024235
-2.677481,51,148.058093
-2.574619,51,148.090526
-2.585218,52,148.118549
-2.58988,51,148.15698
-2.376718,51,148.184408
-2.598802,51,148.213579
-2.658358,51,148.24542
-2.809009,51,148.278908
-2.525747,51,148.310924
-2.574833,51,148.337877
-2.643683,51,148.371962
-2.584353,52,148.399272
-2.534249,51,148.431833
-2.447975,51,148.457201
-2.623738,52,148.490284
-2.597277,51,149.441555
-2.558604,51,149.480653
-2.642721,51,149.507661
-2.579656,51,149.540565
-2.642497,51,149.571982
-2.543443,51,149.600319
-2.758743,51,149.634657
-2.505577,51,149.661726
-2.359712,52,149.694944
-2.63543,51,149.728112
-2.665434,51,149.754184
-2.535791,51,149.789337
-2.630146,51,149.822627
-2.571043,51,149.853699
-2.646535,51,149.888808
-2.667984,52,149.925545
-2.686543,51,149.958719
-2.547853,51,149.988046
-2.676372,51,150.022723
-2.720477,51,150.057192
-2.404973,51,150.089235
-2.43865,51,150.127318
-2.598592,51,150.158409
-2.356624,51,150.18829
-2.55531,51,150.216145
-2.544992,51,150.248625
-2.609234,51,150.274369
-2.64771,51,150.303837
-2.775802,51,150.334784
-2.558717,51,150.367924
-2.438387,51,150.39332
-2.423083,51,150.427487
-2.420001,51,150.456082
-2.410408,51,150.486791
-2.454546,51,150.519336
-2.658004,51,150.552185
-2.663803,52,150.585429
-2.569039,51,150.612189
-2.463149,51,150.644553
-2.52524,52,150.672234
-2.634651,51,151.633459
-2.604431,51,151.664583
-2.520663,51,151.693783
-2.576908,51,151.727023
-2.467607,51,151.754064
-2.748439,51,151.786476
-2.583566,51,151.813321
-2.710095,52,151.846621
-2.727526,51,151.878297
-2.401522,51,151.906343
-2.644083,51,151.939598
-2.542905,51,151.971398
-2.698719,51,152.008134
-2.483794,51,152.038397
-2.694706,51,152.071755
-2.540964,51,152.106269
-2.483027,51,152.135421
-2.558652,51,152.172385
-2.554806,51,152.204447
-2.757821,51,152.236446
-2.427943,51,152.270147
-2.567344,52,152.296915
-2.568398,51,152.330453
-2.614582,52,152.363061
-2.503054,51,152.389778
-2.585545,52,152.423516
-2.587932,51,152.454074
-2.557992,51,152.481794
-2.603465,52,152.515111
-2.823092,51,152.543174
-2.569537,51,152.57665
-2.59925,51,152.603967
-2.845164,51,152.633452
-2.384437,51,152.663254
-2.642292,51,152.697963
-2.35457,51,152.723869
-2.894739,51,152.7561
-2.682556,51,152.788123
-2.508806,51,152.817289
-2.543108,51,152.850535
-2.394292,51,153.781115
-2.606199,51,153.807247
-2.664283,51,153.832389
-3.014246,51,153.858188
-2.317613,51,153.88363
-2.798385,51,153.909889
-2.339599,51,153.935075
-2.655071,52,153.960041
-2.345599,51,153.98506
-2.957821,51,154.010732
-2.553869,52,154.036316
-2.436849,51,154.06098
-2.448415,51,154.087231
-2.57833,51,154.112374
-2.661421,51,154.137301
-2.634637,51,154.16235
-2.61211,51,154.187336
-2.484799,51,154.213036
-2.58984,51,154.237745
-2.480308,51,154.262554
-2.623567,52,154.288455
-2.665975,52,154.314766
-2.558878,51,154.337922
-2.713591,51,154.363526
-2.638319,51,154.386714
-2.591489,51,154.412923
-2.839777,52,154.449932
-2.58324,52,154.485894
-2.414629,51,154.520693
-2.634534,52,154.55441
-2.585419,51,154.584362
-2.709228,51,154.614103
-2.552553,51,154.644872
-2.671391,51,154.674012
-2.488413,51,154.699604
-2.58455,52,154.730066
-2.581145,51,154.754265
-2.437471,51,154.786101
-2.391585,51,154.813123
-2.566579,51,154.840378
-2.571721,51,155.770528
-2.885656,51,155.80301
-2.585791,51,155.837502
-2.526918,52,155.870489
-2.484873,51,155.903409
-2.501042,51,155.933413
-2.460406,51,155.971682
-2.516983,51,156.004772
-2.491714,51,156.038666
-2.492888,51,156.065437
-2.684399,51,156.099402
-2.612721,51,156.126615
-2.542945,51,156.156337
-2.669649,51,156.185636
-2.448996,51,156.220331
-2.532442,51,156.248079
-2.309762,51,156.276926
-2.582216,51,156.305864
-2.430717,51,156.334067
-2.515467,51,156.362909
-2.462201,51,156.391107
-2.542107,51,156.418811
-2.612901,51,156.445689
-2.749385,51,156.471944
-2.654491,51,156.499755
-2.616552,51,156.525927
-2.433833,52,156.551177
-2.532761,51,156.575277
-2.543146,51,156.601015
-2.621148,51,156.626508
-2.61087,51,156.652629
-2.525513,51,156.676937
-2.702572,51,156.701329
-2.58494,51,156.72437
-2.560487,51,156.74909
-2.619827,51,156.772874
-2.577153,51,156.801395
-2.653961,51,156.825229
-2.711709,51,156.852488
-2.461235,52,156.877346
-2.329195,51,157.763143
-2.53914,51,157.791079
-2.441907,51,157.820924
-2.621295,51,157.856228
-2.555756,51,157.888538
-2.440498,51,157.935133
-2.517714,51,157.967184
-2.706991,51,158.015294
-2.432475,51,158.069902
-2.761033,51,158.111752
-2.427337,51,158.153891
-2.335582,51,158.19193
-2.658805,51,158.23598
-2.448102,51,158.276084
-2.573219,51,158.31081
-2.645314,51,158.348633
-2.519976,51,158.391497
-2.575833,52,158.427754
-2.529903,52,158.454857
-2.641393,51,158.489678
-2.563664,51,158.529794
-2.485743,51,158.568472
-2.559173,51,158.601779
-2.580559,51,158.64293
-2.504116,51,158.683637
-2.527763,51,158.711869
-2.63256,52,158.742918
-2.429294,52,158.769223
-2.547447,51,158.802782
-2.588268,51,158.83001
-2.407491,51,158.855861
-2.420779,51,158.886833
-2.394394,51,158.924061
-2.619333,51,158.957411
-2.454645,51,158.98247
-2.550987,51,159.015109
-2.402031,51,159.045376
-2.624134,51,159.073054
-2.54211,51,159.110201
-2.642784,52,159.136398
-2.431236,52,160.117246
-2.448766,51,160.146061
-2.410925,51,160.184766
-2.352377,51,160.213479
-2.506437,51,160.244391
-2.390599,51,160.274297
-2.445967,51,160.306783
-2.49117,52,160.335763
-2.598606,51,160.365813
-2.344575,51,160.396274
-2.616041,51,160.431925
-2.534451,51,160.462566
-2.426111,51,160.496694
-2.423114,52,160.535022
-2.539403,51,160.56914
-2.594116,51,160.599984
-2.412092,51,160.638565
-2.419788,52,160.67658
-2.69425,51,160.707304
-2.526993,51,160.750747
-2.588141,51,160.782386
-2.708676,51,160.818455
-2.666558,51,160.855056
-2.466153,51,160.883358
-2.488109,51,160.918321
-2.476752,51,160.945106
-2.546019,51,160.984649
-2.610411,51,161.018919
-2.522863,51,161.055196
-2.434618,51,161.081776
-2.580089,52,161.118519
-2.660309,51,161.144151
-2.495656,51,161.182116
-2.820744,51,161.212712
-2.389006,51,161.23978
-2.593908,51,161.269186
-2.693933,51,161.305964
-2.664509,51,161.345232
-2.698189,51,161.380727
-2.708572,51,161.406356
-2.371345,51,162.406259
-2.294359,51,162.434212
-2.69004,51,162.468077
-2.499156,51,162.49634
-2.565062,51,162.530496
-2.531599,51,162.564782
-2.339483,51,162.596585
-2.659571,51,162.626362
-2.472438,51,162.661472
-2.699387,51,162.696804
-2.486246,51,162.730801
-2.681606,52,162.771809
-2.382965,51,162.802206
-2.536948,51,162.839285
-2.750799,52,162.876103
-2.653308,51,162.912139
-2.500994,51,162.943713
-2.769926,51,162.978113
-2.522734,51,163.012341
-2.471215,51,163.041361
-2.78943,51,163.098033
-2.670354,51,163.138487
-2.434577,51,163.170246
-2.227119,51,163.20225
-2.525812,51,163.23116
-2.234105,51,163.264679
-2.541991,51,163.293232
-2.499703,51,163.327893
-2.28369,51,163.360622
-2.586453,51,163.394465
-2.509287,51,163.421807
-2.65755,51,163.454646
-2.543397,52,163.480732
-2.751672,51,163.513912
-2.556418,51,163.546851
-2.690045,51,163.57316
-2.724481,51,163.601071
-2.507826,52,163.635331
-2.782904,51,163.667175
-2.496332,51,163.693655
-2.488703,51,164.665428
-2.86507,51,164.699872
-2.490983,51,164.732181
-2.426618,51,164.759067
-2.559421,51,164.791007
-2.713654,51,164.819459
-2.440781,51,164.848148
-2.493953,51,164.879571
-2.730933,51,164.905483
-2.835798,52,164.94073
-2.540087,51,164.973567
-2.584719,52,165.004942
-2.581383,51,165.044265
-2.569641,51,165.07198
-2.383728,51,165.108512
-2.48707,51,165.136612
-2.413454,51,165.171511
-2.429066,51,165.211099
-2.460988,51,165.241199
-2.497825,52,165.276766
-2.45388,52,165.305385
-2.548302,52,165.338915
-2.396918,52,165.372882
-2.480349,51,165.405639
-2.511507,51,165.43306
-2.473149,51,165.464222
-2.382475,52,165.492645
-2.327103,51,165.525955
-2.553402,51,165.557181
-2.349225,51,165.584864
-2.499687,51,165.61744
-2.56661,51,165.645153
-2.563095,51,165.684129
-2.945432,51,165.710775
-2.431686,51,165.743242
-2.312089,51,165.774044
-2.414453,51,165.803727
-2.449199,52,165.836518
-2.661119,52,165.861571
-2.425868,51,165.892247
-2.411822,51,166.860084
-2.449724,51,166.888101
-2.558195,51,166.920297
-2.564382,52,166.952687
-2.523127,51,166.981878
-2.61518,51,167.014937
-2.415912,52,167.041834
-2.698182,51,167.075753
-2.60286,51,167.101829
-2.379266,51,167.138963
-2.515404,51,167.168585
-2.538789,51,167.204089
-2.562554,51,167.236804
-2.457219,51,167.269468
-2.585475,51,167.304259
-2.716459,51,167.340441
-2.26248,51,167.370235
-2.707791,52,167.406809
-2.669594,51,167.440094
-2.460848,52,167.468203
-2.471182,51,167.500986
-2.401411,51,167.529623
-2.490452,52,167.568285
-2.55458,51,167.59359
-2.459147,51,167.625926
-2.727063,51,167.65724
-2.407799,51,167.684086
-2.545607,51,167.717629
-2.496081,52,167.746837
-2.49008,52,167.774059
-2.64178,51,167.806417
-2.498112,51,167.834787
-2.341232,51,167.864719
-2.645521,51,167.902326
-2.327203,51,167.929408
-2.690603,51,167.962013
-2.555277,52,167.994709
-2.29982,51,168.021356
-2.386809,51,168.0568
-2.62382,51,168.082135
-2.568232,51,169.039319
-2.45209,51,169.067491
-2.417556,52,169.100539
-2.709419,51,169.127504
-2.512613,51,169.160504
-2.563914,51,169.193307
-2.722439,51,169.21927
-2.446594,51,169.251566
-2.536188,51,169.278099
-2.610855,51,169.310572
-2.620212,51,169.337637
-2.395108,51,169.371807
-2.493424,51,169.408389
-2.58571,51,169.440503
-2.450097,51,169.476332
-2.497408,51,169.513635
-2.517581,52,169.547673
-2.458837,51,169.578453
-2.370587,51,169.613294
-2.705835,51,169.639024
-2.442893,51,169.668409
-2.707984,51,169.697647
-2.545569,51,169.729342
-2.563299,51,169.755438
-2.459801,51,169.788256
-2.66241,51,169.81847
-2.360051,51,169.848784
-2.406166,51,169.880103
-2.257248,51,169.908844
-2.496292,52,169.941565
-2.691043,51,169.969792
-2.410118,51,170.002884
-2.516146,52,170.036301
-2.480314,51,170.064051
-2.258681,51,170.094907
-2.557067,51,170.121895
-2.434336,51,170.154648
-2.600692,52,170.181924
-2.648361,51,170.213754
-2.583867,51,170.245402
-2.361985,51,171.212601
-2.427507,51,171.245876
-2.489443,51,171.274511
-2.352006,51,171.309654
-2.525408,51,171.338715
-2.47583,51,171.369267
-2.58811,51,171.402901
-2.624289,51,171.429704
-2.579797,52,171.468258
-2.518855,51,171.494658
-2.223482,51,171.527099
-2.488361,51,171.560324
-2.567566,51,171.589461
-2.625992,51,171.624405
-2.480097,51,171.660107
-2.444177,51,171.689929
-2.360852,51,171.731433
-2.336676,52,171.759526
-2.281695,51,171.793504
-2.42659,52,171.826554
-2.574752,51,171.854194
-2.706149,51,171.88655
-2.373368,52,171.914835
-2.405236,51,171.945981
-2.437626,51,171.976958
-2.445105,51,172.004137
-2.426791,51,172.032727
-2.340702,52,172.0641
-2.538351,52,172.098541
-2.31573,51,172.126134
-2.37321,51,172.159057
-2.587492,51,172.186202
-2.43429,52,172.219115
-2.577456,51,172.251311
-2.594453,51,172.277978
-2.392863,51,172.310372
-2.402512,52,172.338435
-2.633017,51,172.371583
-2.324457,51,172.399332
-2.477733,51,172.431111
-2.546894,52,173.411536
-2.362927,51,173.445494
-2.604627,51,173.474069
-2.604164,51,173.507571
-2.271402,51,173.537797
-2.336859,52,173.567848
-2.586188,52,173.596261
-2.420281,51,173.630298
-2.573257,51,173.658832
-2.238794,51,173.689413
-2.324615,51,173.722163
-2.444045,51,173.748197
-2.516082,52,173.78407
-2.564074,51,173.811585
-2.65953,51,173.850801
-2.372108,51,173.886524
-2.252044,51,173.913293
-2.36637,51,173.947101
-2.598362,51,173.97958
-2.371321,51,174.007139
-2.466103,51,174.039394
-2.595227,51,174.066965
-2.509,51,174.092742
-2.399401,51,174.124795
-2.395564,51,174.150206
-2.496903,51,174.183571
-2.493374,51,174.215069
-2.356098,52,174.243755
-2.679079,51,174.275963
-2.471924,51,174.304256
-2.447836,51,174.337486
-2.40091,51,174.370916
-2.641758,51,174.398611
-2.702792,51,174.431138
-2.657138,51,174.462063
-2.422391,51,174.494053
-2.635777,51,174.521537
-2.515475,52,174.555322
-2.440454,51,174.585697
-2.344008,51,174.613427
-2.501956,52,174.647234
-2.790523,51,175.600849
-2.436488,51,175.632477
-2.61837,51,175.664624
-2.330143,51,175.692042
-2.501383,51,175.725044
-2.335682,52,175.753863
-2.227409,52,175.786358
-2.455268,51,175.81345
-2.35704,52,175.845813
-2.443087,51,175.878425
-2.447282,51,175.905161
-2.298616,51,175.93826
-2.194865,51,175.965338
-2.327141,51,175.997182
-2.249218,51,176.026909
-2.863308,51,176.059636
-2.541713,51,176.092419
-2.271675,51,176.118952
-2.393472,51,176.152216
-2.493451,52,176.185124
-2.633198,51,176.212078
-2.48952,51,176.246011
-2.542369,51,176.271323
-2.344724,51,176.305105
-2.290781,51,176.332533
-2.302152,51,176.366816
-2.316355,51,176.399072
-2.300275,51,176.426939
-2.467769,51,176.459731
-2.574099,52,176.490028
-2.624419,51,176.520326
-2.534078,51,176.55107
-2.448717,51,176.578541
-2.375507,51,176.611821
-2.38103,51,176.638534
-2.547256,51,176.672709
-2.223368,51,176.705655
-2.347809,51,176.735095
-2.416801,51,176.768192
-2.798006,52,176.795535
-2.451701,51,177.765046
-2.524383,51,177.798436
-2.271705,52,177.825127
-2.358825,51,177.857745
-2.553385,51,177.886286
-2.491497,51,177.918025
-2.445346,52,177.953126
-2.351199,51,177.978789
-2.515454,51,178.013247
-2.377882,51,178.040306
-2.277211,51,178.075078
-2.567478,51,178.108368
-2.380625,51,178.137102
-2.374593,51,178.17029
-2.452892,51,178.198287
-2.859032,51,178.228578
-2.342694,51,178.26218
-2.403675,51,178.290086
-2.0677,51,178.324436
-2.221169,51,178.357066
-2.285409,51,178.384115
-2.2294,51,178.414458
-2.282546,51,178.443566
-2.477248,51,178.47694
-2.341988,51,178.504584
-2.531579,51,178.538032
-2.310008,51,178.564647
-2.313177,51,178.59625
-2.367203,51,178.622651
-2.326604,51,178.655449
-2.500586,51,178.688185
-2.441918,52,178.716018
-2.595915,51,178.747393
-2.201811,51,178.774135
-2.435638,51,178.805701
-2.362796,51,178.841369
-2.612982,52,178.873934
-2.459381,52,178.90841
-2.407963,51,178.935089
-2.585617,52,178.968398
-2.248207,51,179.952642
-2.357967,51,179.98578
-2.428549,51,180.020741
-2.645031,51,180.04876
-2.54004,51,180.082435
-2.365516,51,180.11095
-2.669692,51,180.143881
-2.082494,51,180.172276
-2.2406,51,180.205607
-2.412573,52,180.240987
-2.341058,52,180.267526
-2.30129,51,180.300273
-2.533878,51,180.331403
-2.547304,51,180.35929
-2.251212,51,180.392258
-2.363317,51,180.419005
-2.557437,51,180.453934
-2.366967,51,180.47969
-2.435681,51,180.510691
-2.350038,51,180.545344
-2.444334,51,180.582769
-2.524431,51,180.616826
-2.276543,52,180.642961
-2.346691,51,180.67129
-2.449741,51,180.709302
-2.480125,51,180.746906
-2.547583,51,180.780123
-2.603768,51,180.811981
-2.339654,52,180.840361
-2.577978,51,180.874719
-2.406747,51,180.907648
-2.356066,51,180.935907
-2.130194,52,180.978616
-2.333791,51,181.021724
-2.231522,52,181.076312
-2.480494,51,181.111891
-2.674268,51,181.143956
-2.340625,51,181.171536
-2.499807,51,181.209909
-2.258541,51,181.238473
-2.490114,51,182.225711
-2.444832,52,182.257943
-2.433551,51,182.286045
-2.537559,51,182.319021
-2.501116,52,182.34702
-2.397031,51,182.380464
-2.271977,51,182.410403
-2.463993,51,182.440889
-2.37322,51,182.473255
-2.393855,51,182.50383
-2.200854,51,182.53827
-2.57933,51,182.565606
-2.264773,51,182.597511
-2.294144,52,182.624234
-2.435536,51,182.658232
-2.545269,51,182.690778
-2.542515,51,182.718188
-2.482512,52,182.755651
-2.367978,51,182.78278
-2.367598,52,182.820793
-2.483325,52,182.848648
-2.419068,51,182.881917
-2.30812,51,182.909329
-2.037234,51,182.941263
-2.506155,51,182.97469
-2.343991,51,183.008854
-2.33857,51,183.036413
-2.48111,51,183.070634
-2.659725,51,183.098297
-2.57352,51,183.12575
-2.295793,51,183.160138
-2.531543,51,183.193563
-2.388449,51,183.220421
-2.421736,51,183.25245
-2.524849,51,183.279751
-2.55441,51,183.31831
-2.246247,51,183.346013
-2.536353,52,183.380352
-2.377983,51,183.406861
-2.417414,51,183.445149
-2.541224,51,184.427418
-2.308004,51,184.455844
-2.217426,51,184.491118
-2.260218,51,184.517985
-2.285287,51,184.562345
-2.317833,51,184.594771
-2.443601,51,184.622044
-2.145817,51,184.654824
-2.371459,51,184.681313
-2.223175,51,184.71328
-2.446237,51,184.741444
-2.537962,51,184.774318
-2.562916,51,184.800713
-2.264508,51,184.833859
-2.611625,51,184.865759
-2.345875,51,184.896051
-2.112846,51,184.926334
-2.44384,52,184.959152
-2.215763,51,184.986833
-2.424266,52,185.02062
-2.297671,51,185.04836
-2.671407,51,185.080871
-2.39404,51,185.110464
-2.556338,52,185.144165
-2.484196,51,185.177854
-2.25009,51,185.204075
-2.245321,51,185.237145
-2.49226,51,185.263152
-2.423351,51,185.296496
-2.406509,51,185.326215
-2.349712,51,185.356065
-2.397631,51,185.389567
-2.433432,51,185.415596
-2.38791,52,185.449304
-2.505343,51,185.474999
-2.466046,51,185.507555
-2.330153,52,185.54042
-2.456397,52,185.566442
-2.477869,51,185.598411
-2.57365,51,185.625255
-2.120789,51,186.612906
-2.440708,51,186.645904
-2.662258,51,186.679361
-2.167704,51,186.707608
-2.430804,51,186.741031
-2.321293,51,186.774598
-2.110379,52,186.808995
-2.388048,51,186.837236
-2.598516,51,186.869468
-2.610851,51,186.898996
-2.371902,51,186.928691
-2.457025,51,186.957742
-2.193343,51,186.989072
-2.290334,52,187.023677
-2.487701,51,187.050455
-2.144417,51,187.082747
-2.189899,51,187.10973
-2.471371,51,187.139757
-2.494454,51,187.172022
-2.283626,51,187.1994
-2.389361,51,187.236057
-2.59625,51,187.263778
-2.187592,51,187.296191
-2.352388,51,187.322393
-2.317597,51,187.360795
-2.423109,51,187.387877
-2.205075,51,187.420455
-2.357792,51,187.451058
-2.326256,51,187.479493
-2.46795,51,187.511116
-2.522137,51,187.538653
-2.253151,51,187.565119
-2.426128,51,187.59343
-2.372867,51,187.624807
-2.313145,51,187.650764
-2.37243,52,187.684921
-2.397141,51,187.717378
-2.24096,51,187.747768
-2.224639,51,187.77376
-2.317372,51,187.80677
-2.454864,52,188.791858
-2.114731,51,188.818842
-2.373939,51,188.850927
-2.377344,51,188.879204
-2.203612,51,188.909331
-2.44613,51,188.942068
-2.408761,52,188.969428
-2.432231,51,189.005669
-2.261366,51,189.043531
-2.584552,52,189.07842
-2.282885,51,189.109778
-2.256877,52,189.139383
-2.389772,51,189.171966
-2.387649,52,189.20089
-2.397801,51,189.226855
-2.390512,51,189.258404
-2.458905,52,189.287085
-2.337423,51,189.316404
-2.128727,51,189.348889
-2.508495,51,189.374297
-2.457776,51,189.407777
-2.479823,51,189.435006
-2.256071,51,189.46868
-2.24739,51,189.501429
-2.245478,51,189.529106
-2.32589,51,189.562431
-2.565487,51,189.590701
-2.27971,51,189.617688
-2.500003,51,189.651785
-2.388644,51,189.682486
-2.623827,51,189.711249
-2.541798,51,189.744389
-2.30518,51,189.771894
-2.36774,52,189.804993
-2.222436,51,189.837751
-2.502303,52,189.865512
-2.181539,51,189.899275
-2.295128,51,189.931505
-2.330178,51,189.958396
-2.319086,51,189.991365
-2.435498,52,190.974184
-2.323523,51,191.001729
-2.170451,51,191.033283
-2.481109,51,191.064956
-2.361905,51,191.093279
-2.744616,51,191.126704
-2.318943,51,191.152471
-2.278064,51,191.186294
-2.417178,51,191.212158
-2.519586,51,191.247041
-2.09937,51,191.274936
-2.314423,52,191.314533
-2.206685,51,191.339892
-2.3351,51,191.373951
-2.428811,52,191.400591
-2.350195,51,191.432656
-2.212083,51,191.457652
-2.363981,51,191.489003
-2.1402,52,191.51486
-2.416724,51,191.549249
-2.361482,52,191.580478
-2.182055,52,191.609069
-2.477403,51,191.641953
-2.862995,51,191.669625
-2.41451,51,191.703082
-2.547578,51,191.729027
-2.194097,51,191.760259
-2.648937,51,191.791912
-2.484744,51,191.81852
-2.337435,51,191.851581
-2.331537,52,191.87805
-2.163241,51,191.909872
-2.182681,52,191.937037
-2.277336,51,191.969162
-2.20641,51,191.99913
-2.091659,51,192.027527
-2.333752,51,192.060636
-2.381026,51,192.087591
-2.302619,51,192.125483
-2.109196,51,192.153766
-2.318078,51,193.128114
-2.270584,51,193.154502
-2.111901,51,193.188718
-2.106333,51,193.215636
-2.099545,51,193.248295
-2.14066,51,193.281456
-2.441276,51,193.309034
-2.152186,51,193.343164
-2.598025,51,193.370244
-2.323691,51,193.404526
-2.348819,51,193.439407
-2.3051,51,193.466794
-2.371202,51,193.499491
-2.175332,51,193.532516
-2.016073,51,193.560318
-2.320093,51,193.591781
-2.563074,51,193.617054
-2.253429,51,193.648889
-2.26681,51,193.674221
-2.275704,51,193.706639
-2.347637,51,193.733219
-2.305509,51,193.765198
-2.521324,51,193.793184
-2.190656,51,193.831193
-2.508938,51,193.858598
-2.016783,51,193.892075
-2.339339,51,193.924468
-2.317716,51,193.951354
-2.626816,51,193.983776
-2.179401,51,194.010539
-2.405655,51,194.043909
-2.414737,51,194.076396
-2.067644,51,194.104175
-2.292782,51,194.136919
-2.284344,51,194.16301
-2.231509,51,194.200156
-2.289764,51,194.226815
-2.252045,52,194.260643
-2.253325,51,194.293971
-2.324164,51,194.320944
-2.369158,51,195.294194
-2.221085,51,195.33233
-2.379011,52,195.359622
-2.469878,52,195.395137
-2.295764,51,195.508053
-2.394385,52,195.543724
-2.209914,51,195.572168
-2.039509,51,195.60177
-2.227749,51,195.634339
-2.370741,51,195.6598
-2.324213,51,195.692452
-2.171562,51,195.718731
-2.39515,51,195.751662
-2.220173,51,195.776027
-2.316701,51,195.806189
-2.239842,51,195.832578
-2.452468,51,195.860922
-2.457318,51,195.891862
-2.171415,51,195.91621
-2.210888,51,195.948102
-2.164906,51,195.981924
-2.148469,51,196.008011
-2.184764,51,196.040955
-2.345896,51,196.067415
-2.503186,51,196.099182
-2.269157,51,196.131548
-2.416742,51,196.163505
-2.532093,52,196.195577
-2.219041,51,196.22555
-2.516231,51,196.257648
-2.402687,52,196.286219
-2.293716,51,196.318661
-2.183193,51,196.351395
-2.229326,51,196.378081
-2.080304,51,196.418486
-2.298106,51,196.446032
-2.159954,51,196.478382
-2.248883,51,196.511103
-2.34051,51,196.545018
-2.445448,51,196.577633
-2.157249,51,197.54421
-2.208445,51,197.577035
-1.967006,51,197.603911
-2.24928,51,197.636757
-2.186772,51,197.663469
-2.239821,51,197.688932
-2.149543,51,197.7219
-2.154169,51,197.747721
-2.15366,52,197.781133
-2.272469,51,197.813804
-2.271233,51,197.845497
-2.225064,51,197.877705
-2.356171,51,197.904773
-2.403638,51,197.935185
-1.938084,51,197.961615
-2.133797,51,197.991878
-2.343731,52,198.016488
-2.170722,51,198.047722
-2.423034,52,198.072871
-2.318058,51,198.102924
-2.124486,51,198.129885
-2.17715,52,198.161784
-2.226398,51,198.194659
-2.389136,52,198.225822
-2.220853,51,198.252608
-2.457203,51,198.285688
-2.3237,51,198.313387
-2.237999,51,198.345395
-2.316112,51,198.374145
-2.459454,52,198.40622
-2.243873,51,198.437992
-2.087048,51,198.464167
-2.229022,51,198.497659
-2.133302,51,198.529339
-2.730172,51,198.555128
-2.145164,52,198.588269
-2.127236,51,198.614585
-2.217508,51,198.645973
-2.339981,51,198.686062
-2.384393,51,198.725243
-1.946067,51,199.727281
-2.352604,52,199.755988
-2.43944,52,199.789787
-2.254709,51,199.822036
-2.230142,51,199.851304
-2.074599,51,199.884435
-2.12285,51,199.912628
-2.360074,51,199.946134
-2.400554,51,199.980017
-2.208875,51,200.008216
-2.31214,51,200.039981
-2.131284,51,200.070431
-2.209678,51,200.099346
-2.474056,51,200.124291
-2.259394,52,200.155538
-2.244494,51,200.181236
-2.323252,51,200.211926
-2.190193,51,200.2444
-2.222383,51,200.275659
-2.233275,52,200.300555
-2.59607,51,200.326855
-2.445924,51,200.356639
-2.155809,51,200.384588
-2.194463,51,200.417364
-2.437335,52,200.443966
-2.126261,51,200.477023
-2.259716,51,200.510427
-2.175159,51,200.537255
-2.204455,51,200.570386
-2.188668,51,200.604498
-2.276187,51,200.630268
-2.137392,51,200.661999
-2.129495,52,200.690569
-2.231781,51,200.722933
-2.283999,51,200.749338
-2.072196,51,200.781483
-2.046364,52,200.82102
-2.244089,51,200.849289
-2.067433,51,200.882818
-1.838838,51,200.908866
-2.100708,51,201.888208
-2.288841,51,201.915665
-2.224363,51,201.947941
-2.271115,51,201.975665
-1.798935,51,202.006865
-2.060465,51,202.037499
-2.209966,51,202.065051
-2.175009,51,202.097695
-2.503685,51,202.124404
-2.19302,51,202.156748
-1.869089,51,202.185404
-2.145784,51,202.2181
-2.039486,51,202.24811
-2.301195,51,202.274252
-2.059634,51,202.304657
-2.208014,51,202.329082
-2.061081,51,202.35939
-2.224605,51,202.383217
-1.941119,51,202.418591
-2.024583,51,202.445962
-2.174856,51,202.476379
-1.9619,51,202.50081
-2.082546,51,202.531129
-2.388393,52,202.557962
-2.011784,51,202.591288
-2.368016,51,202.616957
-2.233071,51,202.646562
-2.334745,51,202.676389
-2.321095,51,202.704965
-2.058553,51,202.736622
-2.164792,51,202.767592
-2.329079,51,202.795638
-2.441652,51,202.82826
-2.683862,51,202.859736
-2.032412,51,202.891631
-2.313225,52,202.924212
-2.160862,51,202.959946
-2.408977,51,202.98829
-2.09027,51,203.019969
-2.432314,51,203.047246
-2.372431,51,204.036803
-2.550134,51,204.066778
-2.30063,51,204.100254
-2.264376,51,204.131736
-2.18777,51,204.15859
-2.024893,51,204.189104
-1.997065,51,204.22534
-2.244769,51,204.252047
-2.068445,51,204.285028
-2.175758,51,204.316784
-2.094148,52,204.349412
-1.945502,51,204.37428
-2.389808,51,204.406695
-2.300661,51,204.430476
-2.348904,51,204.462523
-2.302399,52,204.488308
-2.127617,52,204.525142
-2.160936,51,204.548312
-2.096229,51,204.57902
-2.172738,51,204.602563
-2.542514,52,204.633908
-2.17595,51,204.658551
-2.286172,52,204.688749
-2.376347,52,204.713616
-2.082606,51,204.738364
-2.162507,51,204.770337
-2.071961,51,204.796437
-2.242388,52,204.830065
-2.612773,51,204.862592
-2.250476,51,204.889594
-2.281302,52,204.920582
-2.678598,52,204.949707
-2.317041,51,204.980193
-2.325082,51,205.013638
-2.162232,51,205.040094
-2.004005,51,205.07222
-2.135572,51,205.101819
-2.080129,51,205.136118
-2.199813,52,205.163422
-2.102075,52,205.195638
-3.087185,51,206.196694
-2.111051,51,206.229316
-2.137151,51,206.261929
-2.159674,52,206.290286
-2.138626,51,206.324407
-2.05833,51,206.351158
-2.21477,51,206.384635
-2.227204,51,206.412561
-2.093464,51,206.446296
-1.920412,51,206.477692
-2.04193,51,206.509076
-2.280457,51,206.54848
-2.214115,51,206.576489
-2.225708,52,206.609456
-2.324124,51,206.635852
-2.158747,51,206.668059
-2.121235,51,206.693863
-1.90169,52,206.724981
-2.198017,52,206.75099
-2.002592,51,206.781362
-2.011354,51,206.813145
-2.343175,51,206.837833
-2.117909,51,206.869237
-2.12443,51,206.894572
-2.004216,51,206.925699
-2.174595,51,206.956606
-2.414007,51,206.983588
-1.971514,51,207.017432
-2.183232,51,207.045116
-2.20818,51,207.079239
-2.119475,51,207.109389
-2.180033,51,207.140453
-2.168878,51,207.173459
-2.52528,52,207.207627
-2.204603,52,207.233968
-2.428037,51,207.26719
-2.068909,51,207.291492
-2.317914,51,207.325326
-1.892401,51,207.357236
-2.279979,51,207.38454
-2.523182,51,208.637875
-2.322381,51,208.67134
-1.961509,52,208.699781
-1.993359,51,208.733263
-2.318067,52,208.77109
-2.458212,52,208.801483
-2.29264,51,208.835037
-2.110613,51,208.861098
-2.02122,52,208.894656
-2.016281,51,208.92708
-2.091866,51,208.954492
-2.108129,51,208.986216
-2.05084,52,209.012192
-1.909523,51,209.040762
-2.298507,51,209.068397
-2.267841,51,209.093489
-1.939455,51,209.1245
-2.025503,52,209.155764
-2.359697,51,209.182095
-2.082779,51,209.212872
-2.27928,51,209.239449
-2.06758,51,209.269786
-2.023388,51,209.3
-2.257316,51,209.325101
-1.941917,51,209.354397
-1.900071,51,209.384502
-1.954979,51,209.408896
-2.430529,51,209.441924
-2.325373,51,209.467279
-2.037434,51,209.493484
-2.214158,52,209.526143
-1.970839,51,209.555833
-2.153069,52,209.58651
-1.879277,51,209.617712
-2.019909,51,209.644664
-2.287961,52,209.678857
-2.002901,51,209.7063
-2.145139,51,209.7403
-2.162093,52,209.772388
-2.202706,51,209.800413
-2.019244,51,210.783498
-2.075333,51,210.815349
-2.295963,51,210.842497
-2.023854,51,210.87512
-1.98115,51,210.902815
-2.259419,52,210.935928
-2.275906,51,210.968285
-2.068348,51,211.007086
-1.995349,51,211.087228
-2.063982,51,211.119338
-2.043042,51,211.152428
-2.260916,51,211.180268
-2.131167,51,211.210537
-2.126836,51,211.234347
-1.946286,51,211.264085
-2.177936,51,211.290616
-1.903528,51,211.318749
-2.222193,51,211.34971
-1.996216,51,211.375041
-2.11601,51,211.40689
-2.113035,51,211.431099
-1.779809,51,211.463178
-2.159983,51,211.488545
-1.994103,51,211.519837
-2.163204,51,211.551927
-2.215573,51,211.576969
-2.303041,51,211.617522
-2.263615,51,211.649063
-2.218452,52,211.682231
-2.149079,51,211.71021
-1.983602,51,211.740055
-2.049378,51,211.770026
-2.226991,51,211.80421
-2.224904,51,211.835525
-1.928801,51,211.862039
-2.044088,51,211.894845
-2.162245,51,211.922338
-1.985102,51,211.955614
-2.164883,51,211.981987
-2.157639,51,212.008903
-2.296378,52,213.016026
-2.040868,51,213.046473
-2.020919,51,213.079205
-1.930063,51,213.107951
-2.223089,51,213.138904
-2.251629,51,213.163622
-2.081855,51,213.198478
-2.063942,51,213.226825
-2.387479,51,213.258253
-2.360245,52,213.290965
-2.087409,51,213.319607
-2.279722,51,213.363941
-2.264216,51,213.399241
-2.014133,51,213.431421
-2.111438,51,213.466535
-1.866451,51,213.540689
-2.058975,51,213.593007
-2.063702,51,213.625116
-2.125086,51,213.651904
-1.717125,51,213.68359
-2.087019,51,213.708713
-2.222012,52,213.741215
-2.315129,51,213.773547
-2.293614,51,213.805021
-2.303474,51,213.830831
-2.426337,51,213.861807
-1.831974,51,213.888948
-1.952563,51,213.923477
-2.263217,51,213.950419
-2.31082,51,213.984145
-2.084312,52,214.01397
-2.05109,51,214.041882
-2.046495,51,214.077389
-2.087923,52,214.104841
-2.075791,51,214.143494
-2.388227,51,214.175023
-2.1136,51,214.202114
-2.09446,51,214.234668
-2.07066,51,214.266473
-1.963802,51,214.299032
-2.173576,52,215.302687
-2.134071,51,215.333921
-1.890303,51,215.362581
-2.530892,51,215.396346
-2.042055,51,215.423023
-2.283836,51,215.45605
-1.942109,51,215.489468
-2.120097,51,215.522204
-1.976936,51,215.552386
-2.034091,51,215.582456
-2.34245,51,215.618916
-2.376125,51,215.649787
-2.150736,52,215.686934
-2.146509,51,215.719196
-2.163913,51,215.743185
-1.924207,51,215.774449
-2.150964,51,215.799843
-2.093026,51,215.830543
-2.243254,52,215.855955
-2.097523,51,215.886213
-2.060812,51,215.911774
-2.225195,51,215.936349
-2.306261,51,215.968241
-2.013793,51,216.000007
-2.030846,51,216.03143
-2.117118,51,216.055069
-1.846619,51,216.087562
-1.997244,51,216.114013
-2.171562,51,216.141405
-2.042782,52,216.174052
-2.093932,51,216.201085
-1.896957,51,216.234463
-2.261469,52,216.266056
-2.164103,51,216.295691
-2.041509,51,216.328255
-2.072156,52,216.361793
-2.138581,51,216.395489
-2.085451,51,216.423345
-1.973091,51,216.455609
-2.289215,51,216.489647
-2.367554,51,217.485027
-2.131859,51,217.519931
-2.044056,51,217.547109
-1.91053,51,217.581779
-2.094124,51,217.608674
-2.071395,51,217.642191
-2.009022,51,217.670856
-2.117282,51,217.702415
-2.061497,51,217.745625
-2.040771,51,217.771877
-1.933354,51,217.803928
-2.224647,52,217.829942
-2.085498,51,217.861356
-2.096154,51,217.886621
-1.966858,51,217.917235
-1.899063,51,217.941612
-1.879425,51,217.972642
-2.07882,51,217.998426
-2.166928,51,218.029121
-2.294276,52,218.055219
-2.523424,51,218.086176
-1.98888,51,218.110777
-2.145042,51,218.14257
-1.97235,51,218.168515
-1.884692,51,218.201113
-2.273897,52,218.226106
-1.98862,51,218.251946
-2.229162,51,218.282391
-2.149095,51,218.308692
-1.868876,51,218.34132
-2.137036,52,218.368782
-2.052082,51,218.401725
-2.03621,51,218.428664
-1.943816,51,218.462263
-1.980381,51,218.495257
-2.328742,51,218.522423
-2.023823,51,218.555977
-2.029537,52,218.590009
-2.12925,51,218.618104
-1.92074,51,218.651213
-2.148739,51,219.665895
-1.901519,51,219.694676
-2.301893,51,219.727815
-1.88494,52,219.761285
-2.078283,51,219.790213
-1.758098,51,219.830822
-2.086825,51,219.867721
-2.055342,51,219.893779
-1.961115,51,219.928146
-2.245302,52,219.955723
-1.970923,51,219.987611
-1.989039,51,220.021165
-1.849996,51,220.047638
-1.974676,51,220.085527
-2.158194,51,220.112017
-1.787099,51,220.142081
-2.119372,51,220.171369
-2.098216,51,220.199218
-1.823488,51,220.231181
-2.077673,51,220.256651
-2.102419,51,220.28784
-1.918156,51,220.312554
-2.201246,51,220.344061
-2.145284,52,220.372369
-2.03414,51,220.398331
-2.085069,51,220.429393
-1.950252,51,220.453816
-2.005784,51,220.488631
-2.053582,51,220.520603
-2.138541,52,220.552281
-2.179741,51,220.581003
-2.009584,51,220.613342
-1.873028,51,220.641272
-2.11561,52,220.676364
-1.959839,51,220.707335
-1.793896,51,220.735623
-2.038071,51,220.767155
-2.312649,51,220.800741
-1.712358,51,220.830532
-2.105636,51,220.865111
-2.436274,51,221.86101
-2.227002,51,221.888504
-2.014797,51,221.922288
-2.039466,51,221.954161
-2.037816,51,221.984733
-1.976714,51,222.015277
-1.903371,51,222.046456
-1.885087,51,222.079266
-1.989202,51,222.112012
-1.81709,51,222.139746
-1.712464,51,222.166956
-1.759208,52,222.201462
-2.187748,52,222.233193
-2.054156,51,222.258121
-1.760379,52,222.290108
-2.033747,51,222.314814
-2.11518,51,222.346189
-2.101004,52,222.371611
-1.862401,51,222.402892
-2.08364,51,222.427569
-1.917469,51,222.459399
-2.010447,51,222.48417
-1.989223,52,222.515402
-1.827747,51,222.551924
-2.250021,51,222.584563
-2.031275,51,222.608541
-1.909024,51,222.639017
-1.935141,51,222.664005
-1.90565,51,222.694756
-2.070479,52,222.729293
-2.411491,51,222.755546
-2.0292,51,222.782315
-2.240712,51,222.814777
-2.098986,51,222.848824
-2.103397,51,222.87582
-1.835156,52,222.914898
-2.135166,51,222.942499
-1.919369,51,222.967563
-1.778899,51,223.000508
-2.079459,51,223.026999
-1.990314,51,224.36181
-2.202866,52,224.397888
-2.118882,51,224.433267
-2.011809,51,224.463576
-1.896395,51,224.510319
-2.090747,51,224.55921
-1.897543,51,224.612125
-2.107673,51,224.654156
-1.888414,51,224.699333
-1.956028,52,224.737124
-1.928676,51,224.768378
-1.874328,51,224.813173
-1.885809,52,224.852271
-2.123663,52,224.8921
-1.989249,51,224.922938
-1.945154,51,224.955816
-2.064603,51,224.987386
-1.90862,51,225.020416
-2.083401,51,225.057225
-1.89584,51,225.09614
-1.751576,51,225.129694
-2.051325,52,225.167685
-2.173422,52,225.198524
-2.038244,51,225.225224
-1.859864,52,225.257633
-1.756395,51,225.284102
-2.085228,51,225.354998
-1.879635,51,225.386175
-2.11748,51,225.414908
-2.026284,51,225.447576
-1.943415,51,225.486836
-2.015755,51,225.519764
-2.217944,51,225.555221
-1.880483,51,225.592018
-1.791183,51,225.622339
-1.938332,51,225.651863
-2.244372,52,225.683211
-1.840514,51,225.723212
-2.023903,51,225.762853
-2.213521,51,225.81084
-2.039116,51,226.835857
-2.070804,51,226.863238
-2.077537,51,226.896869
-1.88612,51,226.92324
-2.154094,51,226.956198
-1.91427,52,226.986739
-1.974795,52,227.017615
-1.962156,51,227.05161
-1.863392,51,227.077816
-1.973062,51,227.111497
-1.761019,51,227.138572
-1.966916,51,227.17176
-1.764188,51,227.19984
-2.079723,51,227.232703
-1.787293,51,227.259921
-1.96047,51,227.287038
-2.013842,51,227.326663
-1.893641,51,227.382186
-2.108748,51,227.41859
-1.981368,52,227.461779
-1.779362,51,227.500543
-1.978209,51,227.540189
-2.115735,51,227.566922
-2.008532,51,227.590948
-2.2598,51,227.621834
-1.807591,51,227.647026
-1.990403,52,227.679868
-1.899135,51,227.704897
-2.198414,51,227.736888
-2.020832,51,227.768799
-1.967165,51,227.793689
-2.067659,51,227.826401
-1.977807,51,227.853094
-1.934328,52,227.888584
-1.918432,52,227.922226
-1.971449,51,227.954459
-1.977295,51,227.982355
-1.931683,51,228.015534
-1.822637,51,228.042545
-1.758817,51,228.075008
-2.159236,51,229.105499
-1.776644,52,229.133363
-1.99719,51,229.166058
-1.929465,51,229.193539
-1.86815,51,229.22734
-1.768365,52,229.260269
-1.762963,51,229.286881
-1.736189,51,229.317174
-2.076434,52,229.344718
-2.005887,51,229.376818
-1.879384,51,229.403649
-1.954973,51,229.436385
-1.869031,51,229.462701
-1.8356,52,229.495785
-1.964671,51,229.529013
-1.999244,51,229.561744
-1.983426,51,229.589678
-1.699392,51,229.624407
-2.050034,51,229.652442
-1.965936,51,229.681267
-1.900322,51,229.71207
-1.850564,51,229.743569
-2.27979,51,229.769292
-2.087229,52,229.802088
-1.741649,51,229.834042
-1.955553,51,229.859533
-1.840987,51,229.891434
-1.831759,51,229.916135
-1.980482,51,229.947847
-1.996329,51,229.973704
-1.870089,52,230.004735
-2.105645,51,230.036186
-1.992785,52,230.064696
-1.789014,51,230.098421
-1.728739,51,230.124447
-2.072163,51,230.160019
-2.189254,51,230.187013
-1.937375,51,230.218062
-1.862965,51,230.244877
-1.748152,51,230.277781
-1.721667,51,231.332674
-2.046581,51,231.362755
-2.243655,51,231.410628
-2.089541,52,231.447622
-1.933353,51,231.479471
-1.860027,52,231.50842
-2.033819,51,231.540102
-1.713669,51,231.572586
-1.955137,51,231.600544
-2.150594,51,231.633541
-2.049439,51,231.660711
-1.942024,51,231.695636
-2.250985,51,231.735354
-1.848167,51,231.764371
-1.920909,51,231.793145
-2.009862,51,231.826566
-2.073742,51,231.855218
-1.807099,51,231.886888
-1.70684,51,231.91866
-1.820173,51,231.943631
-2.177368,51,231.97487
-2.085431,51,232.003333
-1.860763,51,232.044462
-2.007497,52,232.069485
-1.568537,51,232.101776
-2.093204,51,232.127879
-1.954594,51,232.15905
-1.988636,51,232.18923
-1.864692,51,232.215826
-1.832194,51,232.247151
-1.881734,51,232.272908
-2.03602,51,232.304202
-1.931545,51,232.332412
-1.748971,51,232.364537
-1.810473,51,232.394285
-1.901133,51,232.425877
-1.948886,51,232.45712
-1.667454,51,232.486271
-1.82428,52,232.519728
-1.642989,51,232.546942
-2.021546,51,232.579902
-2.196144,52,233.651964
-2.212618,51,233.679248
-2.180069,51,233.712864
-1.803335,51,233.747668
-1.939921,51,233.774486
-1.754349,51,233.804415
-1.884554,51,233.837532
-1.759206,51,233.871559
-2.03276,51,233.90544
-1.881219,51,233.937244
-1.830841,51,233.969749
-1.89186,52,234.000857
-2.035164,51,234.029676
-1.903243,51,234.06237
-1.791316,51,234.091044
-1.628184,51,234.123575
-1.651285,51,234.151117
-1.937848,51,234.181832
-1.993049,51,234.207075
-1.99782,51,234.238214
-1.716953,51,234.263188
-1.810488,52,234.297121
-1.717004,51,234.330684
-2.009094,52,234.357063
-2.257946,52,234.388722
-1.866116,52,234.4135
-1.970348,51,234.445475
-2.054063,51,234.470609
-1.936621,51,234.504877
-1.770597,51,234.530798
-2.086248,51,234.562631
-2.0396,51,234.58938
-1.775211,51,234.620526
-1.799784,51,234.653322
-1.824458,51,234.682832
-1.6731,51,234.715576
-1.934491,51,234.741663
-1.826253,52,234.775419
-2.096336,51,234.80196
-1.869118,51,234.834673
-1.887412,51,235.832222
-2.004764,51,235.864648
-1.97471,51,235.891527
-1.678829,51,235.924379
-1.684199,51,235.954811
-1.861638,51,235.984114
-1.883179,51,236.016957
-1.825471,51,236.044854
-1.835705,52,236.077495
-1.787664,51,236.109209
-1.762511,51,236.138106
-1.775909,51,236.167506
-1.640769,51,236.199378
-1.923408,52,236.227117
-1.768066,51,236.260696
-1.786216,52,236.292491
-1.773195,52,236.319347
-1.98121,52,236.351669
-1.889207,52,236.377335
-1.877227,51,236.408594
-1.634011,51,236.433538
-1.66455,51,236.465147
-1.833191,52,236.489907
-1.650473,51,236.52178
-2.012557,51,236.552922
-1.783467,51,236.577802
-1.660883,51,236.608971
-1.730905,51,236.634243
-1.63369,51,236.665129
-1.707552,51,236.689841
-1.956805,51,236.721121
-1.986362,52,236.745747
-1.929321,51,236.778171
-1.863844,51,236.802821
-1.586113,51,236.834776
-1.660778,52,236.86581
-1.868186,51,236.900797
-1.905408,51,236.926882
-1.749681,52,236.96157
-1.762379,51,236.992961
-2.053214,51,237.991826
-1.779754,51,238.020357
-1.907994,51,238.047109
-1.950699,51,238.081078
-1.799466,51,238.108561
-1.822565,51,238.141824
-1.751361,51,238.167764
-1.733169,51,238.201745
-1.734093,51,238.227812
-1.807839,51,238.261118
-1.959752,51,238.28751
-1.682656,51,238.320137
-1.852593,51,238.3477
-1.7883,51,238.380574
-2.151787,51,238.413602
-1.668954,51,238.442068
-1.683775,51,238.470125
-1.86339,51,238.502197
-1.863193,51,238.533831
-2.030221,52,238.559369
-1.970275,51,238.613563
-1.940054,51,238.649995
-1.923004,51,238.674839
-1.764891,51,238.705009
-1.633651,51,238.736857
-1.90458,51,238.762386
-2.03619,51,238.787355
-1.878798,51,238.811092
-1.782643,52,238.836819
-1.835115,51,238.861499
-2.006147,51,238.887499
-1.598874,51,238.912308
-1.731775,51,238.937076
-1.782954,51,238.968702
-1.970677,51,239.001323
-1.969496,51,239.028262
-1.783618,51,239.067604
-1.774913,51,239.101061
-1.690474,51,239.129124
-1.648078,51,239.161909
-1.515202,51,240.154149
-1.991872,51,240.18278
-2.183741,51,240.214915
-1.681196,51,240.241024
-1.630863,51,240.273552
-1.822636,51,240.305391
-1.802499,51,240.333585
-1.548839,51,240.364828
-1.804869,51,240.391225
-1.878469,51,240.426946
-1.594937,51,240.453413
-1.751244,51,240.487274
-1.798484,51,240.51474
-1.950505,51,240.545485
-1.644642,51,240.577291
-1.900515,51,240.609819
-2.246322,51,240.636572
-1.906324,51,240.669046
-1.720589,51,240.695463
-1.842009,51,240.729964
-1.647713,51,240.771055
-2.126011,51,240.794555
-1.894909,51,240.824791
-1.946255,51,240.849387
-1.908118,51,240.872772
-1.860798,51,240.897398
-1.667992,51,240.927985
-1.757983,51,240.952377
-1.972476,51,240.983301
-1.676618,51,241.008882
-1.978373,51,241.038831
-1.622831,52,241.064867
-1.804006,52,241.092295
-1.660464,51,241.130646
-1.768461,51,241.174112
-1.876114,51,241.216494
-2.04817,51,241.252571
-1.67885,51,241.2818
-1.898357,51,241.307905
-1.802781,51,241.342789
-1.612068,51,242.338717
-1.885189,51,242.377825
-1.631984,51,242.404909
-1.662562,51,242.437647
-1.711198,51,242.465439
-1.416905,51,242.496385
-1.81128,51,242.528635
-1.68577,51,242.554317
-2.002567,51,242.615769
-1.668161,51,242.675438
-1.926574,52,242.722169
-2.008878,51,242.755563
-1.687741,51,242.792522
-1.762091,51,242.826998
-1.726874,51,242.859876
-1.718769,51,242.887412
-2.048003,51,242.931301
-1.715732,51,242.96557
-1.686555,51,242.995017
-1.867373,51,243.031569
-1.569198,51,243.07646
-1.826025,51,243.110915
-1.586402,51,243.154881
-1.503598,51,243.19636
-1.710993,51,243.239306
-1.4704,51,243.273773
-1.94506,51,243.308169
-1.921371,51,243.347848
-2.03447,51,243.376766
-1.788124,52,243.408361
-1.616231,51,243.440138
-2.36591,51,243.477283
-1.79574,51,243.52142
-1.867082,51,243.556694
-1.820488,51,243.596585
-1.879756,51,243.637486
-1.685783,51,243.683865
-1.779064,51,243.725393
-1.927553,51,243.766894
-1.864394,51,243.810502
-1.708745,51,244.840218
-1.732269,51,244.868074
-1.85288,51,244.903127
-1.791421,51,244.937691
-1.713711,51,244.966859
-1.895033,52,245.002985
-1.766328,51,245.039773
-1.827806,51,245.083857
-1.831146,52,245.113467
-1.647233,51,245.156986
-1.641157,51,245.190727
-1.90801,51,245.218799
-1.755419,52,245.253215
-1.766925,51,245.281134
-1.59544,51,245.314638
-1.562784,51,245.342329
-1.609476,51,245.375521
-1.757928,51,245.409179
-2.082421,51,245.436972
-1.857361,51,245.47046
-1.530647,51,245.504405
-1.605345,51,245.53764
-1.693407,51,245.564297
-1.7892,51,245.595704
-1.759805,52,245.625117
-2.169729,51,245.649355
-1.537256,51,245.679947
-1.761454,51,245.705426
-2.076819,51,245.737972
-1.766188,51,245.772239
-1.810894,51,245.804039
-1.677398,52,245.829972
-1.824571,51,245.862105
-1.486082,51,245.887455
-1.663094,51,245.927023
-1.807126,51,245.953613
-1.892695,51,245.987384
-1.74723,52,246.01908
-1.700929,51,246.052643
-1.811879,51,246.07949
-2.142203,51,247.08137
-1.937052,51,247.115418
-2.084121,51,247.142199
-1.860356,51,247.169779
-1.716548,51,247.201802
-1.877094,51,247.229064
-1.572223,51,247.261928
-1.818657,51,247.287261
-1.654257,51,247.319573
-1.675174,52,247.348625
-1.844984,52,247.384235
-2.003453,51,247.411125
-1.662194,51,247.442894
-1.640899,51,247.476339
-1.814823,51,247.503926
-1.712517,51,247.536855
-1.908347,52,247.570433
-1.651101,51,247.598128
-1.621344,51,247.631808
-1.620744,51,247.659269
-1.861385,51,247.691945
-1.751222,51,247.724799
-2.178187,51,247.751372
-1.777954,51,247.782979
-1.550546,52,247.814654
-1.471047,51,247.839502
-1.737162,52,247.871246
-1.632556,51,247.902663
-1.791754,52,247.927789
-1.651831,51,247.958475
-1.720492,51,247.987949
-1.747776,51,248.020474
-1.68846,52,248.045804
-1.988367,52,248.0769
-1.472617,51,248.102374
-1.609473,52,248.136058
-1.693439,51,248.162189
-1.66949,51,248.194313
-1.519259,51,248.220257
-1.769875,51,248.25489
-1.551359,51,249.295491
-1.646988,51,249.329707
-1.673078,51,249.36387
-1.888816,51,249.392592
-1.672532,52,249.425076
-1.89577,51,249.452366
-1.599153,51,249.485584
-1.86955,51,249.519568
-1.528591,51,249.547189
-1.826251,51,249.581433
-1.648157,51,249.610281
-1.684927,51,249.64161
-1.831501,51,249.671507
-1.726027,51,249.701082
-1.859842,51,249.735225
-1.908529,51,249.763248
-1.787936,51,249.795745
-1.672986,51,249.829997
-1.45159,51,249.864252
-1.833956,51,249.890945
-1.684196,51,249.924277
-1.754266,52,249.956196
-1.64872,51,249.984692
-1.400946,51,250.016555
-1.797259,52,250.050949
-1.382407,51,250.080548
-1.754993,52,250.112319
-1.578534,51,250.137134
-1.996193,51,250.16812
-1.806133,51,250.193595
-1.703877,52,250.229115
-1.716048,51,250.257892
-1.581642,51,250.29183
-1.619477,51,250.323661
-1.733983,51,250.352663
-1.743469,51,250.386406
-1.639172,51,250.412252
-1.586494,51,250.445141
-1.368942,51,250.478083
-1.610241,51,250.503748
-1.51252,51,251.493059
-1.577055,51,251.532179
-1.462267,51,251.560921
-1.563051,51,251.594341
-1.707598,52,251.625469
-1.775305,51,251.656389
-1.701574,52,251.690098
-1.950118,51,251.716891
-1.932583,51,251.753454
-1.43311,51,251.78326
-1.795016,51,251.817124
-2.051848,51,251.844455
-1.652637,51,251.878265
-1.543655,51,251.911801
-1.761366,51,251.944264
-1.659335,51,251.971255
-1.827246,51,252.004527
-1.705882,51,252.03306
-1.807716,51,252.064867
-1.839341,51,252.098095
-1.293939,51,252.132549
-1.620329,51,252.158839
-1.658749,52,252.192362
-1.537805,51,252.219119
-1.534135,51,252.251032
-1.467741,51,252.277431
-1.729997,51,252.313026
-1.868043,51,252.34487
-1.886599,51,252.37097
-1.532469,51,252.403971
-2.025302,52,252.438022
-1.473004,51,252.462793
-1.539006,51,252.494425
-2.128037,51,252.523096
-1.573866,51,252.551101
-1.956691,51,252.583774
-1.621079,51,252.617313
-1.828108,51,252.645475
-1.595287,51,252.680057
-1.806754,51,252.712708
-1.441123,51,253.716433
-1.557637,51,253.743758
-1.544676,51,253.776889
-1.680829,52,253.810488
-1.549088,51,253.83746
-1.824733,51,253.870497
-1.808119,51,253.897286
-1.497684,52,253.930911
-1.488102,51,253.96456
-1.443775,51,253.992186
-1.589589,51,254.029495
-1.579052,51,254.057766
-1.594384,51,254.09472
-1.939659,52,254.122379
-1.67313,51,254.152688
-1.396943,51,254.200331
-1.634129,51,254.226625
-1.492318,51,254.260719
-1.280743,51,254.293965
-1.607156,51,254.324071
-1.619041,52,254.35473
-1.608561,51,254.387634
-1.593257,51,254.416079
-1.628984,51,254.443475
-1.802419,51,254.476525
-1.808419,51,254.504365
-1.785062,51,254.533727
-1.742633,51,254.565454
-1.999199,51,254.590428
-1.612157,51,254.62026
-1.767799,51,254.650572
-1.587024,51,254.68163
-1.612638,52,254.708182
-1.453945,51,254.739056
-1.709152,52,254.766632
-1.976668,51,254.799676
-1.460741,51,254.831787
-1.348083,51,254.859087
-1.324509,51,254.892131
-1.384572,51,254.918403
-1.826303,51,255.915708
-1.585655,51,255.948227
-1.677484,51,255.975255
-1.628924,51,256.006902
-1.639793,52,256.040551
-1.790181,51,256.069799
-1.66926,51,256.100109
-1.683068,52,256.133372
-1.694727,51,256.166849
-1.742896,51,256.194483
-1.391546,51,256.227559
-1.446598,51,256.262053
-1.802035,51,256.288953
-1.668216,51,256.321033
-1.53771,51,256.347172
-1.519644,51,256.380641
-1.61798,51,256.412031
-1.658868,51,256.440988
-1.707303,52,256.473703
-1.742793,51,256.498875
-1.887077,51,256.529748
-1.460787,51,256.559044
-1.710789,51,256.592102
-1.778692,51,256.617804
-1.621232,51,256.65319
-2.012128,51,256.680116
-1.751644,51,256.705133
-1.6293,52,256.735703
-1.64464,51,256.76153
-1.574894,51,256.792411
-1.447615,51,256.823129
-1.666352,51,256.848808
-1.480059,51,256.88552
-1.301035,51,256.910291
-1.914098,51,256.946492
-1.829881,51,256.972501
-1.729687,52,257.005369
-1.829346,51,257.03382
-2.121599,52,257.067949
-1.506166,51,257.106736
-1.599987,52,258.248491
-1.669645,51,258.293349
-1.747092,52,258.332266
-1.480937,52,258.392394
-1.4432,51,258.464046
-1.523189,51,258.514442
-1.603166,51,258.550729
-1.880158,51,258.584061
-1.638295,51,258.625466
-1.891806,51,258.663577
-1.533656,51,258.697502
-1.747777,51,258.743065
-1.425236,52,258.778912
-1.447551,51,258.817529
-1.345607,51,258.856592
-1.677146,51,258.899538
-1.314527,51,258.934518
-1.534087,51,258.970687
-1.58439,52,259.014021
-1.507159,51,259.051053
-2.081233,51,259.098503
-1.461234,51,259.132623
-1.601223,52,259.172058
-1.626772,51,259.217518
-1.51686,51,259.254562
-1.50678,51,259.288381
-1.624521,51,259.329785
-1.534429,51,259.364306
-1.678867,51,259.393516
-1.510913,51,259.428882
-1.418292,51,259.462076
-1.548521,51,259.495101
-1.885397,51,259.527516
-1.739257,51,259.56013
-1.51618,51,259.595068
-1.494564,51,259.629307
-1.651604,51,259.663211
-1.504171,52,259.70861
-1.857372,51,259.747583
-1.586926,51,259.792667
-1.557785,51,260.950492
-1.640292,51,260.99531
-1.550436,51,261.0351
-1.503681,51,261.075816
-1.494828,51,261.111902
-1.333978,51,261.151462
-1.533123,51,261.198333
-1.500876,51,261.236455
-1.50397,51,261.275997
-1.519057,52,261.311921
-1.386189,51,261.347321
-1.526471,51,261.382547
-1.607396,51,261.418868
-1.372263,51,261.469895
-1.260346,51,261.508557
-1.687587,51,261.547365
-1.563959,51,261.591025
-1.449205,51,261.62723
-1.484423,51,261.671753
-1.484867,52,261.709585
-1.56878,52,261.74661
-1.674087,51,261.782806
-1.634252,51,261.824687
-1.860397,51,261.860087
-1.379593,51,261.892865
-1.526299,51,261.925372
-1.528863,51,261.958741
-1.549427,51,261.992119
-1.605972,51,262.02742
-1.464031,51,262.062531
-1.610358,52,262.096923
-1.536503,51,262.136672
-1.44434,51,262.169609
-1.634775,51,262.202468
-1.419361,52,262.236222
-1.823828,51,262.269291
-1.535304,51,262.304809
-1.670027,51,262.342485
-1.609574,52,262.376084
-1.364408,51,262.409695
-1.640444,51,263.578693
-1.726635,51,263.617256
-1.345454,51,263.658203
-1.527521,51,263.699844
-1.312703,51,263.738348
-1.604285,51,263.78406
-1.795954,51,263.821821
-1.691229,51,263.864617
-1.531751,51,263.900712
-1.563581,51,263.950307
-1.522379,51,263.986712
-1.494455,51,264.021536
-2.044488,51,264.064755
-1.577641,51,264.102502
-1.874089,51,264.141447
-1.533551,51,264.180466
-1.672772,51,264.233602
-1.624236,51,264.280106
-1.523871,51,264.319916
-1.554356,51,264.367775
-1.623419,52,264.414918
-1.565466,51,264.455706
-1.372168,51,264.488351
-1.388466,51,264.521963
-1.46583,51,264.557818
-1.560406,51,264.593492
-1.45857,51,264.631123
-1.675544,51,264.672568
-1.883495,51,264.707607
-1.558967,51,264.741613
-1.537015,51,264.77565
-1.678681,51,264.814475
-1.546981,51,264.850961
-1.315538,51,264.884063
-1.895605,51,264.917633
-1.546134,51,264.950244
-1.626137,51,264.983414
-1.469985,51,265.014982
-1.385121,52,265.055042
-1.484701,51,265.09512
-1.3616,51,266.269618
-1.850569,52,266.311796
-1.331762,51,266.35129
-1.313076,51,266.394906
-1.722262,51,266.429433
-1.534897,51,266.470578
-1.652825,51,266.505067
-1.466647,51,266.5383
-1.273981,51,266.575379
-1.832962,52,266.612918
-1.57333,51,266.648604
-1.404467,51,266.68263
-1.397499,51,266.718624
-1.507745,51,266.754902
-1.493558,51,266.789126
-1.381793,51,266.822645
-1.285869,51,266.856994
-1.56889,51,266.892789
-1.751435,51,266.934001
-1.616752,51,266.971379
-1.518766,51,267.005722
-1.356898,52,267.043747
-1.214726,51,267.085073
-1.303827,51,267.124654
-1.908158,51,267.163347
-1.347657,51,267.204531
-1.460324,51,267.24526
-1.475668,51,267.279272
-1.914571,51,267.314868
-1.657805,51,267.348035
-1.531796,51,267.381997
-1.588262,51,267.416679
-1.429665,51,267.456428
-1.504379,51,267.49666
-1.848903,51,267.536761
-1.469089,51,267.564975
-1.456822,51,267.592809
-1.362352,51,267.625976
-1.364317,51,267.65973
-1.548533,51,267.694169
-1.617403,51,268.850294
-1.321996,51,268.884485
-1.559418,51,268.920845
-1.365027,51,268.957012
-1.586436,51,268.991014
-1.364489,51,269.025487
-1.425635,51,269.061234
-1.652566,52,269.099744
-1.320874,51,269.138158
-1.340162,51,269.173359
-1.649993,51,269.20854
-1.876842,51,269.251272
-1.550236,51,269.286282
-1.3333,51,269.32272
-1.527031,52,269.36536
-1.425374,51,269.405186
-1.72559,51,269.44182
-1.467925,51,269.48585
-1.36816,52,269.526843
-1.422576,51,269.573965
-1.351564,51,269.618483
-1.611696,51,269.668577
-1.450224,51,269.709934
-1.510138,51,269.74902
-1.393157,51,269.785513
-1.378091,51,269.826894
-1.698875,51,269.866907
-1.301032,51,269.909296
-1.468824,51,269.948555
-1.437847,51,269.980823
-1.529651,51,270.016463
-1.62102,51,270.054432
-1.485717,51,270.086699
-1.625224,51,270.12556
-1.756846,52,270.16005
-1.734943,51,270.187934
-1.485148,51,270.22168
-1.699654,51,270.25553
-1.514563,51,270.289225
-1.366168,51,270.323435
-1.757052,52,271.478863
-1.485511,52,271.520776
-1.715296,51,271.558739
-1.5448,52,271.598029
-1.658188,51,271.631938
-1.301075,51,271.66501
-1.404156,51,271.700298
-1.457467,52,271.736295
-1.27399,51,271.785198
-1.334384,51,271.820816
-1.685109,51,271.856512
-1.435789,51,271.891305
-1.626481,52,271.92704
-1.388374,51,271.962545
-1.399718,51,272.000979
-1.698624,51,272.036081
-1.456867,51,272.071176
-1.232199,51,272.104289
-1.385845,52,272.138418
-1.537055,51,272.173616
-1.499304,52,272.214091
-1.640028,51,272.249806
-1.697346,51,272.291218
-1.29644,51,272.328521
-1.492946,51,272.364998
-1.463674,52,272.404512
-1.428369,52,272.44241
-1.542358,51,272.47857
-1.347465,51,272.513805
-1.290094,51,272.556438
-1.487549,52,272.592249
-1.41813,52,272.628049
-1.606903,51,272.664286
-1.444404,51,272.703529
-1.483635,51,272.745712
-1.453979,51,272.780805
-1.548709,51,272.815183
-1.387502,51,272.855832
-1.409711,52,272.889741
-1.43983,51,272.923341
-1.394045,51,274.06477
-1.51227,51,274.10383
-1.430363,51,274.134271
-1.407746,51,274.17223
-1.481537,51,274.213777
-1.541598,51,274.242645
-1.795594,51,274.276736
-1.556038,51,274.315238
-1.723122,52,274.352313
-1.158969,51,274.389043
-1.734012,51,274.426466
-1.353609,51,274.46737
-1.696068,52,274.503637
-1.608139,52,274.542267
-1.566523,51,274.579317
-1.421087,51,274.613569
-1.638158,51,274.642701
-1.493965,51,274.677317
-1.428623,51,274.716152
-1.435843,51,274.748593
-1.544736,51,274.793018
-1.211079,51,274.828412
-1.320509,51,274.863481
-1.413332,51,274.899881
-1.260198,52,274.944785
-1.283584,51,274.98162
-1.504422,51,275.017433
-1.320094,51,275.054487
-1.482495,51,275.10002
-1.319507,51,275.140428
-1.269432,52,275.177822
-1.760851,52,275.218458
-1.43533,51,275.251631
-1.415131,51,275.290085
-1.330638,51,275.334602
-1.3691,51,275.384855
-1.545303,51,275.427238
-1.488009,51,275.474007
-1.362463,51,275.512092
-1.328923,51,275.55012
-1.459129,51,276.779021
-1.501784,51,276.811323
-1.209722,51,276.845103
-1.528043,51,276.947929
-1.377284,51,276.9819
-1.418419,52,277.029985
-1.58529,51,277.076547
-1.27556,51,277.113174
-1.30741,52,277.150451
-1.34331,51,277.200334
-1.386627,51,277.238828
-1.605302,51,277.278324
-1.421418,51,277.315002
-1.297219,51,277.352374
-1.370094,51,277.393785
-1.394325,51,277.42438
-1.365488,51,277.463251
-1.421756,51,277.509158
-1.642348,51,277.549418
-1.402213,51,277.59614
-1.33256,51,277.63511
-1.305699,51,277.674256
-1.523526,51,277.708994
-1.344187,51,277.74796
-1.468,52,277.789264
-1.252712,51,277.825354
-1.512822,51,277.861482
-1.360191,51,277.898094
-1.538563,51,277.938794
-1.339597,51,277.985481
-1.541372,52,278.019146
-1.533932,51,278.063972
-1.484531,51,278.103614
-1.307185,51,278.138823
-1.284259,51,278.186054
-1.279016,51,278.218506
-1.481428,51,278.261374
-1.277699,51,278.295422
-1.523171,51,278.328504
-1.473085,51,278.363713
-1.634684,51,278.402949
-1.638794,51,279.596544
-1.295144,51,279.641329
-1.39555,51,279.679523
-1.478318,51,279.724062
-1.3372,51,279.762193
-1.445,51,279.797603
-1.143138,51,279.834286
-1.217986,51,279.873913
-1.300311,51,279.912067
-1.437467,52,279.952606
-1.452096,51,279.9985
-1.380151,52,280.037708
-1.374187,51,280.078421
-1.3552,51,280.113561
-1.331975,51,280.155433
-1.473697,51,280.191105
-1.53596,51,280.235072
-1.177865,51,280.283589
-1.430576,51,280.320675
-1.440786,51,280.356512
-1.302777,51,280.395116
-1.528524,51,280.437234
-1.265953,51,280.46847
-1.218082,51,280.506725
-1.286664,51,280.553009
-1.373927,51,280.608574
-1.365036,52,280.648413
-1.485755,51,280.69003
-1.815782,52,280.729911
-1.346595,51,280.769231
-1.387209,51,280.802508
-1.31209,51,280.85041
-1.390914,52,280.903749
-1.601105,51,280.9422
-1.32606,51,280.97925
-1.388773,51,281.025802
-1.210512,51,281.067787
-1.479376,52,281.116971
-1.393765,51,281.161117
-1.476983,51,281.196502
-1.228523,51,282.430917
-1.214626,51,282.476843
-1.365117,51,282.513036
-1.352908,51,282.551205
-1.2498,51,282.593073
-1.387276,52,282.635733
-1.367832,51,282.670147
-1.520108,51,282.703379
-1.453298,51,282.740917
-1.406832,51,282.784154
-1.344967,52,282.823389
-1.352396,51,282.865057
-1.489536,51,282.906467
-1.270105,51,282.946457
-1.226425,51,282.99163
-1.434019,52,283.028218
-1.478722,51,283.06527
-1.418187,51,283.111916
-1.340033,51,283.151218
-1.363898,51,283.188205
-1.459293,51,283.224833
-1.189426,51,283.273619
-1.438956,51,283.316603
-1.439288,51,283.354284
-1.564606,51,283.394088
-1.408583,51,283.428984
-1.497478,51,283.474529
-1.255636,51,283.512573
-1.311225,51,283.549682
-1.222078,51,283.593258
-1.336312,51,283.636748
-1.500971,51,283.679283
-1.262357,52,283.716524
-1.442772,51,283.752693
-1.258031,51,283.794232
-1.261831,51,283.8278
-1.321646,51,283.863945
-1.401991,51,283.90364
-1.517302,51,283.940136
-1.269129,51,283.975852
-1.387683,51,285.14222
-1.443566,51,285.181202
-1.440846,51,285.225238
-1.306933,51,285.255895
-1.420418,51,285.299721
-1.245574,51,285.329107
-1.354531,51,285.370815
-1.330022,51,285.410824
-1.246029,51,285.446839
-1.72045,51,285.487782
-1.405856,51,285.528709
-1.588446,51,285.564221
-1.473069,51,285.601411
-1.298062,51,285.639507
-1.464603,52,285.672952
-1.173553,51,285.718977
-1.334322,51,285.755276
-1.660553,51,285.791475
-1.298049,51,285.827677
-1.367386,51,285.871433
-1.586894,51,285.907793
-1.372409,51,285.94554
-1.443709,52,285.984633
-1.413355,51,286.02443
-1.623732,51,286.05998
-1.455196,52,286.101694
-1.285769,51,286.138784
-1.504528,51,286.177788
-1.687662,51,286.216184
-1.469586,51,286.262235
-1.588041,51,286.304288
-1.289603,51,286.340001
-1.290096,51,286.384762
-1.286496,51,286.420315
-1.407634,51,286.45827
-1.496711,51,286.49854
-1.33971,51,286.531577
-1.30913,51,286.566649
-1.388229,51,286.600589
-1.380116,51,286.633505
-1.470557,52,287.774553
-1.538204,51,287.813437
-1.331397,51,287.855896
-1.252195,52,287.896106
-1.31592,51,287.932678
-1.276166,51,287.967453
-1.413698,51,288.002852
-1.534255,51,288.043299
-1.315858,51,288.076752
-1.458707,51,288.115378
-1.168423,51,288.151784
-1.481605,51,288.189085
-1.275652,51,288.226641
-1.439509,51,288.264236
-1.458502,51,288.302015
-1.302518,51,288.346291
-1.338961,52,288.387255
-1.399882,51,288.430816
-1.358494,51,288.469913
-1.244714,52,288.508188
-1.275735,52,288.554769
-1.327872,51,288.591941
-1.484971,52,288.633856
-1.259137,51,288.673409
-1.319708,51,288.712287
-1.383141,51,288.755441
-1.491082,51,288.79169
-1.463374,51,288.832259
-1.484567,51,288.869955
-1.71882,51,288.914209
-1.510817,51,288.946717
-1.480077,51,288.985274
-1.579736,51,289.029833
-1.283915,51,289.068565
-1.502456,51,289.104188
-1.230586,51,289.140441
-1.314125,51,289.184066
-1.418514,51,289.225784
-1.337088,51,289.263827
-1.4058,52,289.299829
-1.456388,52,290.454181
-1.293702,51,290.497453
-1.486542,52,290.534073
-1.543812,51,290.577489
-1.275446,51,290.611986
-1.425081,51,290.644832
-1.194415,51,290.678617
-1.451105,51,290.72
-1.518824,51,290.754471
-1.445793,52,290.789074
-1.387979,51,290.825884
-1.422014,51,290.862484
-1.235187,51,290.898383
-1.429774,51,290.937036
-1.141445,52,290.977118
-1.591735,52,291.01289
-1.304119,51,291.049462
-1.366269,51,291.088048
-1.241837,51,291.124219
-1.412971,51,291.15834
-1.172087,51,291.193413
-1.434074,51,291.242558
-1.19797,51,291.285184
-1.227863,51,291.33257
-1.37099,51,291.383976
-1.345616,51,291.421707
-1.54176,52,291.460324
-1.464318,52,291.506226
-1.206238,51,291.543479
-1.254862,51,291.581814
-1.298545,51,291.62657
-1.229229,51,291.662335
-1.354697,51,291.699105
-1.475295,51,291.738836
-1.25907,51,291.771222
-1.094511,51,291.815956
-1.2344,51,291.85315
-1.440203,51,291.899498
-1.478054,51,291.934496
-1.666251,51,291.969488
-1.249842,51,293.136009
-1.306118,51,293.178649
-1.35817,51,293.21286
-1.178375,51,293.248473
-1.478344,52,293.284867
-1.299127,52,293.329608
-1.456939,51,293.366211
-1.904298,51,293.402126
-1.288546,52,293.439118
-1.407597,51,293.481893
-1.392459,51,293.517154
-1.29638,51,293.553736
-1.278649,51,293.597257
-1.607331,51,293.638933
-1.141645,51,293.676966
-1.345011,51,293.714536
-1.411127,51,293.756689
-1.192843,51,293.792682
-1.213229,51,293.827411
-1.248745,51,293.865357
-1.366815,51,293.905565
-1.169103,51,293.942378
-1.429721,51,293.985968
-1.4033,51,294.025156
-1.16134,51,294.054639
-1.467942,51,294.090504
-1.227204,52,294.133241
-1.411965,51,294.181233
-1.379021,51,294.216654
-1.405939,51,294.251492
-1.406182,51,294.293231
-1.655013,51,294.33077
-1.437041,51,294.369185
-1.270676,52,294.4153
-1.591785,51,294.452355
-1.524151,51,294.491801
-1.196394,51,294.534441
-1.298019,51,294.567993
-1.414679,51,294.604073
-1.140579,51,294.637109
-1.417376,51,295.786287
-1.226639,51,295.825796
-1.29492,51,295.864051
-1.112007,51,295.899236
-1.149961,51,295.935273
-1.482178,51,295.983648
-1.449884,52,296.018234
-1.350778,51,296.052886
-1.412422,51,296.087396
-1.356852,51,296.121265
-1.297085,51,296.158398
-1.185027,51,296.190254
-1.437783,51,296.227513
-1.499418,51,296.265962
-1.228574,51,296.301228
-1.274121,51,296.337386
-1.093162,51,296.374334
-1.611292,51,296.415791
-1.238816,51,296.454388
-1.174426,51,296.492234
-1.403365,51,296.535703
-1.409963,52,296.573337
-1.262956,51,296.614105
-1.17539,51,296.655917
-1.123853,51,296.692871
-1.196316,51,296.729161
-1.4656,51,296.77209
-1.366316,52,296.80957
-1.343143,51,296.846804
-1.275746,51,296.88905
-1.213954,51,296.930639
-1.212279,51,296.969274
-1.301573,51,297.012944
-1.129123,51,297.051421
-1.416933,51,297.096268
-1.250202,51,297.139967
-1.226415,51,297.178921
-1.281173,52,297.224929
-1.313363,51,297.261121
-1.504379,51,297.295347
-1.399165,51,298.46257
-1.231432,51,298.502691
-1.218496,51,298.538786
-1.066442,52,298.584823
-1.220619,51,298.628433
-1.130406,52,298.667338
-1.334972,51,298.710127
-1.280787,51,298.74677
-1.401076,51,298.781619
-1.355069,51,298.815405
-1.36593,51,298.849061
-1.190784,51,298.883782
-1.36442,52,298.919121
-1.191846,52,298.964648
-1.144823,51,299.001825
-1.448614,51,299.038971
-1.163182,51,299.077082
-1.260695,51,299.115587
-1.337916,51,299.154508
-1.27117,51,299.197973
-1.238383,51,299.234537
-1.194347,51,299.271449
-1.418988,52,299.314938
-1.207434,52,299.351188
-1.272963,51,299.387762
-1.228639,52,299.426446
-1.298242,51,299.466932
-1.283008,51,299.508204
-1.161468,51,299.547131
-1.30508,52,299.592402
-1.151966,51,299.62949
-1.159433,51,299.666883
-1.253867,51,299.711871
-1.286482,51,299.749452
-1.1346,52,299.78671
-1.425216,51,299.828027
-1.216445,51,299.862486
-1.64232,51,299.911659
-1.238127,51,299.94943
-1.289298,52,299.988539
-1.281327,51,301.176751
-1.332522,51,301.212367
-1.299888,51,301.248944
-1.445439,52,301.295582
-1.245879,51,301.372658
-1.251614,52,301.421259
-1.329041,52,301.462942
-1.398252,52,301.498959
-1.250966,51,301.532372
-1.103579,51,301.560888
-1.616565,52,301.600433
-1.102544,51,301.634254
-1.440698,51,301.668506
-1.121113,51,301.702906
-1.142221,51,301.745165
-1.472977,51,301.781196
-1.328629,51,301.825679
-1.340624,51,301.864704
-1.25932,51,301.914214
-1.359279,51,301.954904
-1.231157,51,301.998401
-1.191937,51,302.036702
-1.431188,51,302.075609
-1.276772,51,302.116023
-1.280443,51,302.160795
-1.345637,51,302.198536
-1.312199,52,302.229193
-1.326839,51,302.273019
-1.38154,51,302.316615
-1.276829,51,302.350896
-1.219335,51,302.386631
-1.488013,51,302.426296
-1.441283,51,302.460702
-1.192341,52,302.495606
-1.247507,51,302.538139
-1.253192,51,302.582188
-1.221652,51,302.632136
-1.307077,52,302.669588
-1.761201,51,302.708385
-1.352208,51,302.749201
-1.140555,51,303.915136
-1.244071,51,303.958816
-1.239497,51,303.994412
-1.191735,51,304.031861
-1.360217,51,304.070683
-1.324026,51,304.104791
-1.215079,51,304.139553
-1.194219,51,304.174242
-1.337373,51,304.208061
-1.427101,51,304.24409
-1.228324,51,304.278996
-1.180709,52,304.320567
-1.219307,51,304.357243
-1.211697,51,304.393257
-1.266743,51,304.428476
-1.218007,52,304.465078
-1.33555,51,304.501468
-1.068825,51,304.538575
-1.053586,51,304.583369
-1.236124,51,304.620353
-1.226813,51,304.658812
-1.165556,51,304.69985
-1.2615,51,304.741629
-1.241068,51,304.779361
-1.21575,51,304.822005
-1.581334,51,304.859806
-1.252249,51,304.903324
-1.258494,51,304.941212
-1.325127,51,304.981323
-1.344406,51,305.015449
-1.173223,51,305.050324
-1.491778,52,305.088656
-1.118593,51,305.126327
-1.325836,51,305.168832
-1.350912,51,305.212344
-1.216397,51,305.250205
-1.268527,51,305.285598
-1.305408,51,305.321161
-1.309153,51,305.360134
-1.258075,51,305.397368
-1.179803,51,306.57343
-1.255252,51,306.612196
-1.298942,51,306.653815
-1.098424,51,306.697918
-1.129771,51,306.73234
-1.135714,51,306.775264
-1.480426,51,306.808967
-1.056298,51,306.842616
-1.123943,52,306.869143
-1.169137,51,306.901318
-1.252528,51,306.927231
-1.217816,51,306.959306
-1.452959,51,306.99384
-1.546856,51,307.024015
-1.155252,51,307.057258
-1.344767,51,307.084125
-1.407643,51,307.120596
-1.269091,51,307.159893
-1.524479,51,307.191668
-1.168768,51,307.225731
-1.378861,51,307.266393
-1.319763,51,307.415193
-1.456585,51,307.47508
-1.254363,51,307.521983
-1.355792,51,307.550973
-1.092875,51,307.586094
-1.068644,51,307.61429
-1.228977,51,307.641671
-1.361516,51,307.676669
-1.137668,52,307.710596
-1.189141,51,307.7385
-1.527637,51,307.766257
-1.238439,51,307.801191
-1.406889,51,307.84514
-1.181434,51,307.873352
-1.105765,51,307.909565
-1.415664,51,307.946053
-1.317381,51,307.974387
-1.169943,52,308.008083
-1.2625,51,308.036218
-1.050392,51,309.054204
-1.225345,51,309.087032
-1.197504,51,309.123403
-1.321453,52,309.150902
-1.241637,51,309.183114
-1.190963,52,309.20948
-1.121959,51,309.242073
-1.149151,52,309.268671
-1.229052,51,309.300587
-1.268632,51,309.332271
-1.095345,51,309.358597
-1.186986,51,309.390745
-1.2395,51,309.423011
-1.260428,51,309.450375
-1.333902,51,309.487341
-1.111053,51,309.522072
-1.262576,51,309.562505
-1.251982,51,309.609708
-1.192133,52,309.644931
-1.366543,51,309.68006
-1.230176,52,309.715443
-1.253449,51,309.743254
-1.422069,52,309.779999
-1.235006,52,309.833435
-1.349758,51,309.862001
-1.238609,51,309.895706
-1.779807,51,309.924619
-1.375603,51,309.958293
-1.369195,51,309.987109
-1.296211,51,310.02029
-1.13247,52,310.048517
-1.191576,52,310.075601
-1.176302,51,310.107374
-1.425258,51,310.142859
-1.365548,51,310.176325
-1.326791,52,310.205066
-1.39583,52,310.240178
-1.23892,51,310.267694
-1.21736,51,310.301789
-1.215839,51,310.329829
-1.31806,51,311.347109
-1.278176,51,311.380767
-1.366173,51,311.408903
-1.236376,51,311.443607
-0.949364,51,311.47676
-1.340818,51,311.502956
-1.22748,51,311.535084
-1.586916,51,311.563263
-1.25586,51,311.594752
-1.290064,51,311.627502
-1.35287,51,311.657899
-1.177982,51,311.690443
-1.096165,51,311.717975
-1.06676,51,311.748557
-1.437854,51,311.780354
-1.192189,52,311.80638
-1.539806,51,311.838921
-1.381556,52,311.866328
-1.261412,51,311.893819
-1.069323,51,311.927207
-1.216431,51,311.954592
-1.232362,51,311.9895
-1.247282,51,312.023068
-1.228111,52,312.051932
-1.294287,51,312.08844
-1.064884,51,312.116005
-0.98759,51,312.149768
-1.343946,51,312.178256
-1.223163,51,312.211795
-1.105892,52,312.247701
-1.275476,51,312.27551
-1.176964,51,312.304635
-1.421972,51,312.340871
-1.213706,52,312.370976
-1.213158,52,312.407863
-1.321101,51,312.435536
-1.258118,52,312.469579
-1.207077,51,312.502565
-1.21839,51,312.529945
-1.070419,51,312.563549
-1.222067,51,313.584103
-1.237326,51,313.612334
-1.252775,51,313.646151
-1.272104,52,313.678538
-1.279806,52,313.707873
-1.457247,51,313.740111
-1.27691,51,313.770404
-1.176394,51,313.801555
-1.359959,51,313.82825
-1.1247,51,313.860558
-1.236669,51,313.886706
-1.250463,51,313.921131
-1.268626,51,313.957758
-1.052527,51,313.987038
-1.335551,51,314.020443
-1.343734,51,314.052613
-1.207504,51,314.078694
-1.113995,51,314.111085
-1.240888,51,314.143003
-1.199599,51,314.185883
-1.235683,52,314.215027
-1.067685,51,314.259421
-1.400265,51,314.286969
-1.310672,51,314.321908
-1.125407,51,314.363549
-1.264366,51,314.413667
-1.230635,51,314.449899
-1.331498,51,314.477967
-0.991973,51,314.502833
-1.186613,51,314.526945
-1.224229,51,314.551457
-1.446532,51,314.579854
-1.134554,51,314.605117
-1.213928,51,314.663546
-1.124278,51,314.68965
-1.239969,51,314.717735
-0.994864,51,314.74445
-1.26315,51,314.772847
-1.311599,52,314.812981
-1.286502,51,314.842739
-1.413836,51,315.8867
-1.132953,51,315.920158
-1.270604,51,315.951983
-1.14992,52,315.981152
-1.105634,51,316.012099
-1.165755,51,316.045695
-1.238739,51,316.079522
-1.32694,51,316.107646
-1.195224,51,316.141711
-1.170977,52,316.167507
-1.170958,51,316.199738
-1.305912,51,316.231699
-1.218986,51,316.26408
-1.167442,51,316.290975
-1.347419,51,316.322144
-1.165701,51,316.353547
-1.209127,52,316.379554
-1.1392,51,316.408932
-1.082794,51,316.435646
-1.293331,51,316.467039
-1.28124,52,316.492938
-1.035486,51,316.525473
-1.084447,51,316.554862
-1.409489,51,316.586482
-1.2838,51,316.613253
-1.138414,51,316.64893
-1.252537,51,316.682439
-1.372778,51,316.709391
-1.180714,52,316.743008
-1.149612,51,316.770664
-1.306886,51,316.803567
-1.407627,52,316.838293
-1.304804,51,316.865817
-1.124434,51,316.898638
-1.140962,51,316.926032
-1.108955,51,316.960626
-1.283168,51,316.992613
-1.147226,51,317.022282
-1.170224,51,317.057974
-1.347724,51,317.089238
-1.256603,51,318.150428
-1.295873,51,318.181457
-1.264582,52,318.216941
-1.149972,51,318.248016
-1.32223,51,318.28668
-1.667227,51,318.339993
-1.146765,52,318.395517
-1.134982,51,318.477179
-1.265271,51,318.506007
-1.136946,51,318.552357
-1.259047,51,318.595899
-1.111467,51,318.666027
-1.179679,51,318.787492
-1.26127,51,318.869343
-1.116769,52,318.895643
-1.26324,51,318.928095
-1.277856,51,318.953957
-1.027219,51,318.985134
-1.231513,51,319.010579
-1.083559,51,319.042741
-1.338746,51,319.088475
-1.062432,51,319.128443
-1.316657,52,319.167082
-1.153746,52,319.206172
-1.0381,52,319.245188
-1.176778,52,319.277896
-1.378221,51,319.306216
-1.214583,52,319.33313
-1.154978,51,319.361187
-1.083736,52,319.392564
-1.186703,51,319.425504
-1.120865,51,319.459658
-1.108654,51,319.487042
-1.409966,51,319.520321
-1.097531,51,319.554922
-1.288103,52,319.585231
-1.271791,51,319.617667
-1.123286,51,319.650271
-1.162528,51,319.679971
-1.087637,51,319.71401
-1.406144,51,320.737029
-1.268808,51,320.771181
-1.190364,51,320.801592
-1.126788,51,320.833886
-1.13852,51,320.868197
-1.117163,51,320.898291
-1.097481,51,320.930374
-1.360168,52,320.965422
-1.143294,51,320.99541
-1.192902,51,321.033224
-1.058234,51,321.065441
-1.135676,51,321.091553
-1.316684,51,321.123496
-1.168839,51,321.149404
-1.107127,51,321.184151
-1.258557,51,321.213125
-1.041222,51,321.242477
-1.089999,51,321.274371
-1.054311,52,321.301081
-1.214159,51,321.33323
-1.27399,51,321.360096
-1.162067,51,321.39144
-1.135715,51,321.417394
-1.194046,51,321.449318
-1.097166,51,321.481239
-1.165655,51,321.507544
-1.165714,51,321.539651
-1.153954,51,321.572284
-1.157226,51,321.599804
-1.41512,51,321.626901
-1.106509,51,321.660489
-1.214923,51,321.688197
-1.175608,51,321.722295
-1.190649,51,321.750201
-1.067134,51,321.783434
-1.311079,51,321.8145
-0.979636,51,321.847703
-1.306004,51,321.883043
-1.278785,52,321.915219
-1.259439,51,321.948509
-1.233198,51,322.971421
-1.156698,51,322.999907
-1.393145,51,323.033377
-1.284591,51,323.067255
-1.198573,51,323.101143
-1.270091,51,323.133539
-1.150891,51,323.162476
-1.250406,51,323.195955
-1.123174,52,323.224311
-1.073116,51,323.258502
-1.089584,51,323.284739
-0.983183,52,323.311166
-1.090111,51,323.33622
-1.14219,51,323.368387
-1.260618,51,323.393473
-1.129929,51,323.42515
-1.121349,52,323.453503
-1.137409,51,323.481492
-1.137944,52,323.511123
-1.197887,51,323.539496
-1.223511,52,323.569935
-1.165521,51,323.5952
-1.050423,51,323.626735
-1.129593,51,323.651866
-1.227893,52,323.683684
-0.942879,51,323.708861
-1.154523,51,323.741201
-1.177199,51,323.766003
-1.039877,52,323.79866
-0.98556,51,323.826945
-1.176984,51,323.859442
-1.279825,51,323.885416
-1.203124,51,323.919272
-1.043671,51,323.947418
-1.256446,52,323.980036
-1.18569,51,324.012304
-0.929171,51,324.045332
-1.158469,51,324.071667
-1.026816,52,324.106642
-1.179247,51,324.139734
-1.137579,51,325.139891
-1.20659,51,325.173401
-1.034819,51,325.204173
-1.102276,51,325.234003
-1.078804,51,325.261635
-1.108335,51,325.287882
-1.099192,51,325.321048
-1.095688,51,325.347579
-1.374395,51,325.380955
-1.134776,51,325.413421
-1.11219,51,325.44067
-1.015228,51,325.473446
-0.911008,51,325.498511
-1.06953,51,325.529013
-0.993336,51,325.554938
-1.099775,51,325.586309
-1.139705,51,325.612219
-1.169034,51,325.638427
-1.262832,51,325.670093
-1.268971,51,325.695167
-1.165209,51,325.731239
-1.263033,51,325.756435
-1.159247,51,325.787546
-1.100964,52,325.812798
-1.27254,51,325.844364
-1.064191,51,325.869502
-1.209293,52,325.900506
-1.165069,52,325.932542
-1.075345,51,325.958233
-1.182942,51,325.985151
-1.430722,51,326.0157
-1.265026,52,326.050339
-1.192979,51,326.076027
-1.043673,51,326.108245
-0.999562,51,326.137976
-1.160969,51,326.168432
-1.384426,51,326.198548
-1.157852,51,326.227944
-1.117312,51,326.260744
-1.1471,51,326.287576
-1.151088,51,327.27603
-1.321099,51,327.311442
-1.350754,51,327.338334
-0.990575,51,327.37079
-1.386448,51,327.402122
-1.213884,51,327.434693
-1.074469,51,327.46447
-0.943379,51,327.49549
-1.04657,51,327.529986
-1.019727,51,327.556401
-1.046025,51,327.590694
-1.107947,51,327.624012
-1.160585,51,327.651194
-1.118841,51,327.684842
-0.996118,51,327.715805
-1.203832,51,327.744383
-1.130781,51,327.77513
-1.091789,51,327.801093
-1.127289,51,327.82711
-1.114727,51,327.858483
-1.203975,51,327.883725
-1.024588,51,327.915758
-1.128606,51,327.942875
-1.305298,51,327.971066
-1.216585,51,328.002715
-1.201376,51,328.028264
-0.932181,52,328.056253
-1.109692,51,328.087014
-0.986083,51,328.113086
-1.168711,51,328.143385
-1.05321,51,328.168508
-1.081715,51,328.199494
-1.03174,51,328.233152
-1.104848,51,328.26666
-1.189785,51,328.299619
-1.021158,51,328.332684
-1.012286,51,328.365371
-1.183225,51,328.398266
-1.051881,51,328.431522
-1.224207,51,328.466673
-1.085375,51,329.470612
-1.077808,51,329.501533
-1.131262,51,329.532894
-1.097773,51,329.56513
-1.071235,51,329.592536
-1.243673,51,329.626061
-0.974208,51,329.655775
-1.056424,52,329.686342
-1.189718,51,329.720289
-1.1801,51,329.753832
-1.13216,51,329.790579
-1.202675,51,329.818178
-1.053979,52,329.848885
-1.098249,52,329.880786
-1.248716,51,329.913883
-0.997205,51,329.942923
-1.066479,51,329.975307
-1.229408,51,329.999951
-1.130031,51,330.032522
-1.186122,51,330.057762
-1.36332,52,330.090074
-1.181704,51,330.12012
-1.150762,51,330.147138
-1.039874,51,330.17994
-1.064312,51,330.211788
-1.197175,51,330.237128
-1.112068,51,330.268219
-0.990687,52,330.295234
-1.082048,52,330.322556
-1.229401,52,330.352221
-1.021303,52,330.384629
-1.033979,51,330.409233
-1.030098,51,330.44065
-1.130787,51,330.471722
-1.115604,51,330.499397
-1.125658,52,330.533427
-1.20792,51,330.561162
-1.073827,51,330.593307
-1.029147,51,330.623151
-1.019925,51,330.658513
-1.244658,51,331.768481
-1.209671,51,331.795681
-1.217007,51,331.828763
-1.171811,51,331.862619
-1.145072,52,331.890476
-1.089295,51,331.924405
-1.310853,51,331.952689
-1.132944,51,331.980836
-1.082192,51,332.014057
-0.950044,51,332.047104
-1.320223,52,332.07616
-1.047018,51,332.108987
-0.960688,51,332.13757
-1.024361,51,332.171457
-1.349406,51,332.201774
-1.052482,51,332.232025
-1.140758,51,332.264056
-1.202039,51,332.290211
-1.020073,51,332.322545
-1.195772,51,332.352186
-0.989963,51,332.386781
-1.053821,51,332.412665
-1.122074,51,332.444848
-1.000855,51,332.476154
-1.09012,51,332.502764
-1.44694,52,332.535237
-1.08966,51,332.561915
-1.13713,51,332.588037
-1.186054,52,332.620494
-1.258574,51,332.652866
-1.124181,51,332.685202
-1.115814,51,332.716681
-1.096694,51,332.744888
-1.198021,51,332.78077
-1.102587,52,332.811782
-1.000624,51,332.845168
-1.259389,51,332.872491
-1.088308,52,332.907066
-1.13454,52,332.935451
-1.268453,51,332.968511
-1.047165,51,333.982754
-1.139281,52,334.017071
-1.11189,51,334.045715
-1.187191,52,334.079279
-1.242474,51,334.110804
-1.086292,51,334.140681
-1.29634,51,334.169549
-1.198674,51,334.203341
-1.073669,51,334.233271
-1.273806,51,334.265999
-1.317421,51,334.299735
-1.092328,52,334.32757
-0.965868,51,334.360965
-1.012856,51,334.39269
-1.080038,52,334.42174
-1.278546,51,334.45539
-0.995736,51,334.481765
-1.088789,51,334.513993
-1.115397,51,334.545692
-1.039319,52,334.573174
-1.167623,51,334.605545
-1.099862,51,334.63308
-1.303742,51,334.660375
-0.950514,51,334.686829
-1.056993,52,334.72021
-1.284536,51,334.75237
-1.04942,51,334.77906
-1.194585,51,334.811539
-1.142545,51,334.838132
-1.179054,51,334.87295
-1.003883,51,334.899001
-1.207359,51,334.931044
-1.14616,52,334.960515
-1.393465,51,334.990537
-1.007033,51,335.023161
-1.077144,51,335.050763
-1.200675,51,335.083292
-1.045236,52,335.110495
-1.011804,52,335.139084
-1.102815,51,335.171241
-1.062624,51,336.17642
-1.180568,51,336.210221
-1.236154,51,336.237417
-1.187016,51,336.27107
-0.957298,51,336.299228
-1.0911,52,336.337509
-1.140925,52,336.366445
-1.140994,51,336.399109
-1.064757,51,336.428891
-1.47169,51,336.460111
-1.088677,51,336.489846
-1.164672,51,336.520576
-0.916358,51,336.553847
-1.153054,51,336.5823
-1.154679,52,336.615777
-1.177737,51,336.651841
-1.273588,51,336.686753
-1.125965,51,336.719495
-1.142618,51,336.744523
-1.027427,51,336.77596
-1.082209,51,336.803901
-1.113074,51,336.832584
-1.057725,51,336.864252
-1.122434,51,336.889386
-1.140064,51,336.921597
-1.272941,52,336.947216
-1.17521,51,336.979609
-1.038317,51,337.004758
-1.090933,51,337.037471
-1.059893,51,337.064131
-1.025679,51,337.096056
-1.309092,51,337.12195
-1.126271,51,337.152682
-1.148999,51,337.177775
-1.103873,51,337.210254
-1.065882,51,337.242917
-1.215095,51,337.270815
-1.082477,51,337.302713
-1.244869,51,337.330966
-1.226186,51,337.367874
-1.11081,52,338.369434
-0.953292,51,338.402517
-1.247106,51,338.430836
-1.099661,51,338.464
-1.294297,52,338.494964
-1.072352,51,338.525512
-1.156115,51,338.562891
-1.377844,51,338.591021
-1.153984,51,338.629962
-1.07042,51,338.656933
-1.041084,51,338.689648
-1.123224,51,338.718027
-1.065602,52,338.750475
-1.012753,51,338.781548
-1.280354,51,338.811835
-0.867224,51,338.839116
-1.151289,52,338.873524
-1.045801,51,338.904811
-1.037436,51,338.933637
-1.168006,51,338.965439
-0.991047,51,338.990807
-1.156998,51,339.021762
-1.106412,51,339.049864
-1.27768,51,339.078736
-1.026266,51,339.110282
-1.055121,51,339.135904
-1.062004,51,339.16758
-0.991635,51,339.192385
-1.286684,51,339.224072
-1.106282,52,339.255304
-1.226863,52,339.280273
-1.193891,51,339.313659
-1.144417,51,339.340025
-1.068351,51,339.3709
-1.068873,52,339.399318
-1.031748,51,339.429138
-1.153586,51,339.462112
-1.125874,51,339.487982
-1.278705,51,339.521356
-1.027402,51,339.548692
-1.112278,51,340.550099
-1.194946,52,340.585396
-1.020209,51,340.613288
-1.108337,51,340.646176
-1.023932,51,340.679128
-1.351579,51,340.707965
-0.990344,51,340.740319
-1.099973,51,340.767913
-1.03396,51,340.800633
-0.966393,51,340.829412
-1.000665,51,340.861526
-0.902667,51,340.895398
-1.023695,51,340.922219
-1.160045,51,340.954135
-0.875783,51,340.98196
-1.05076,52,341.01638
-1.200361,51,341.044141
-1.2475,51,341.077809
-1.006733,51,341.109068
-1.207561,51,341.138981
-0.98105,51,341.171706
-0.975862,51,341.198736
-1.006425,51,341.229739
-1.118019,52,341.256306
-1.113286,51,341.287714
-1.118913,51,341.312784
-1.044347,51,341.344319
-1.046812,52,341.369826
-0.992415,51,341.401695
-0.923694,51,341.43053
-1.08645,51,341.457648
-1.211641,51,341.489875
-1.157008,51,341.514854
-1.100144,51,341.547987
-1.180101,51,341.573508
-0.981951,51,341.605233
-1.118806,52,341.633578
-1.087286,51,341.667193
-1.192501,52,341.700583
-1.164259,51,341.727549
-1.092722,51,341.759676
-1.021268,51,342.769139
-1.217292,51,342.802579
-0.969824,52,342.830744
-0.979605,51,342.864254
-0.954101,51,342.891165
-0.959513,51,342.923855
-1.108287,51,342.957642
-1.020338,51,342.984548
-1.241932,51,343.014494
-0.996453,51,343.069316
-1.143331,51,343.121643
-1.091584,51,343.205654
-1.142787,52,343.261874
-1.114681,51,343.287904
-1.155933,51,343.314834
-1.109894,51,343.343868
-1.230744,52,343.376389
-1.178841,51,343.414918
-1.114115,51,343.442064
-1.143561,51,343.475178
-1.03845,51,343.499683
-1.094488,51,343.530954
-1.135353,51,343.56012
-1.102769,51,343.587194
-1.082262,52,343.614324
-1.082033,51,343.643988
-1.26311,51,343.669145
-0.940417,51,343.700689
-1.09296,51,343.726113
-1.156858,51,343.752349
-0.982053,51,343.781062
-1.222648,51,343.809051
-1.126252,52,343.836174
-1.144878,51,343.868268
-1.046272,51,343.893183
-0.975839,51,343.926394
-1.063196,51,343.960508
-1.277672,51,343.988322
-1.232287,51,344.021113
-1.107171,51,344.0495
-1.010036,51,345.068124
-0.924667,51,345.101423
-0.981031,52,345.131915
-0.998607,51,345.165439
-1.016372,51,345.201782
-0.969708,52,345.234285
-1.00607,51,345.271353
-1.064441,51,345.298528
-1.049338,51,345.333101
-1.114717,51,345.367589
-0.990016,51,345.395492
-0.875668,51,345.429967
-1.256758,51,345.465218
-1.146049,51,345.500542
-1.006337,52,345.52921
-1.120703,51,345.56278
-1.004509,52,345.598982
-1.064524,52,345.626994
-1.096056,51,345.660841
-1.021867,52,345.696008
-1.090564,51,345.724072
-1.26441,51,345.757588
-1.145669,51,345.791117
-1.092578,52,345.817712
-1.090395,51,345.851091
-1.138275,51,345.877269
-1.011412,51,345.913784
-1.279206,51,345.943187
-1.094778,51,345.976105
-1.147094,52,346.00289
-1.036104,51,346.03462
-0.998377,51,346.0661
-0.963369,51,346.095923
-1.206904,51,346.122907
-0.99733,52,346.149225
-0.954009,51,346.181563
-1.068508,51,346.214527
-1.131553,51,346.249378
-1.022003,51,346.27792
-1.20032,51,346.312577
-1.153471,51,347.358903
-1.127682,51,347.392885
-0.973455,51,347.422037
-1.098406,51,347.455933
-1.02221,51,347.489017
-1.205716,51,347.518627
-1.125986,51,347.556157
-1.131757,51,347.584647
-0.940005,51,347.618722
-1.170946,51,347.648827
-1.228679,51,347.680309
-1.023652,51,347.713398
-1.060795,51,347.740626
-1.094411,51,347.774258
-1.179079,51,347.802033
-1.219595,52,347.835788
-1.045433,52,347.869292
-1.030022,51,347.898201
-1.178232,51,347.931137
-1.199389,51,347.965136
-1.073456,51,348.002596
-0.975756,51,348.031576
-1.119583,51,348.062793
-1.014973,51,348.088726
-1.040591,51,348.120888
-0.983648,51,348.153244
-1.085426,51,348.179469
-1.169619,51,348.211447
-1.07978,51,348.237402
-1.092334,51,348.269406
-1.346141,51,348.299958
-1.071699,51,348.327526
-1.115018,51,348.359519
-1.133252,51,348.384138
-0.827889,51,348.415549
-1.050125,52,348.447694
-1.045906,51,348.475939
-0.940908,51,348.506661
-0.994645,51,348.539698
-1.07069,51,348.567924
-1.016611,52,349.586902
-0.914886,51,349.62044
-1.014048,51,349.645526
-1.106244,51,349.678907
-0.929139,51,349.705756
-1.27131,51,349.738997
-0.946438,51,349.77008
-1.073494,51,349.802714
-1.03093,51,349.831467
-1.073449,51,349.864922
-1.044807,51,349.891904
-1.096705,52,349.924876
-1.051289,51,349.95771
-0.972611,51,349.984904
-1.005698,51,350.017653
-0.891988,51,350.044829
-1.043224,51,350.078423
-1.063379,51,350.106175
-1.010558,52,350.134574
-1.129115,51,350.165345
-1.127109,52,350.204646
-1.098468,51,350.231248
-0.943654,51,350.264155
-1.094124,51,350.290349
-1.168001,51,350.32157
-0.959196,51,350.346744
-1.064739,51,350.378236
-1.11957,51,350.40347
-0.976821,51,350.433696
-1.121949,51,350.459463
-0.953524,51,350.483962
-1.039865,51,350.515264
-1.051057,51,350.539979
-1.003287,51,350.571433
-1.038612,51,350.596325
-1.179807,51,350.627478
-1.071573,52,350.652401
-1.27077,52,350.681086
-1.170872,51,350.708508
-0.972157,51,350.740889
-1.007059,51,351.755449
-0.936226,51,351.783152
-1.102151,51,351.816504
-0.99682,51,351.849001
-1.0582,51,351.876392
-0.912149,51,351.909638
-1.114267,51,351.938007
-0.969239,52,351.96466
-1.146256,51,351.999665
-1.11789,51,352.031868
-0.982288,51,352.059883
-1.32307,51,352.095219
-0.875138,51,352.123568
-1.154748,51,352.161731
-1.120081,51,352.18816
-1.086299,51,352.222435
-0.9152,51,352.253977
-1.045733,51,352.281537
-0.982685,51,352.315185
-1.083079,51,352.344557
-0.997991,51,352.38249
-1.046645,51,352.408021
-0.900868,51,352.444945
-0.88937,51,352.471398
-1.108836,51,352.504783
-0.937242,51,352.535649
-1.086708,51,352.56211
-0.993391,51,352.586699
-1.13503,51,352.61815
-1.057803,51,352.646684
-1.003436,51,352.673922
-0.964399,51,352.704289
-0.899163,51,352.72932
-1.254263,51,352.760256
-1.025869,51,352.786118
-0.907147,51,352.812487
-1.161985,51,352.842285
-1.018855,51,352.873357
-0.950265,51,352.899328
-1.122891,51,352.932778
-1.067598,51,353.926953
-1.012739,51,353.958064
-0.932121,51,353.986614
-1.102833,51,354.024137
-0.986794,51,354.055743
-0.992333,52,354.086816
-1.051207,51,354.120816
-1.069801,51,354.154932
-1.02972,51,354.18259
-0.886195,52,354.221623
-0.894531,52,354.249986
-1.007653,51,354.283683
-0.991897,51,354.311056
-1.162406,52,354.344659
-1.012506,51,354.378024
-0.895209,51,354.404899
-1.082569,51,354.433471
-0.990732,51,354.465108
-0.947731,51,354.494612
-1.139991,51,354.526642
-1.055641,52,354.554869
-1.143371,51,354.587943
-0.969062,51,354.621409
-0.919735,51,354.65304
-1.014828,51,354.68035
-1.068598,51,354.713078
-0.915623,51,354.746957
-1.038636,51,354.771517
-1.009328,51,354.802664
-0.935928,51,354.827072
-1.059124,51,354.856999
-1.160908,51,354.883812
-1.064993,52,354.920063
-1.02021,51,354.951357
-0.936765,51,354.975942
-1.094407,51,355.006954
-1.111548,51,355.034523
-1.112401,51,355.064912
-1.055383,51,355.099029
-1.083908,51,355.143425
-1.114274,51,356.1698
-1.114571,51,356.203477
-1.18343,51,356.233167
-1.068322,51,356.267122
-1.012547,51,356.29534
-0.970279,52,356.325724
-0.975353,51,356.353598
-0.980503,51,356.387984
-1.063123,51,356.421456
-1.03414,51,356.449295
-1.081735,51,356.482614
-1.042782,52,356.510446
-0.879274,51,356.543602
-1.137428,51,356.574191
-1.066591,51,356.60424
-1.072687,51,356.638096
-1.02821,51,356.664505
-1.133847,51,356.69811
-0.967204,51,356.725569
-1.163681,51,356.759697
-1.077527,51,356.792677
-0.954948,52,356.821189
-1.021966,51,356.85394
-0.887544,51,356.887372
-1.007754,51,356.915696
-1.277358,51,356.948571
-1.029757,51,356.976608
-1.030366,51,357.009901
-0.995941,51,357.041587
-1.147794,51,357.073913
-0.948155,51,357.104925
-1.08581,51,357.132876
-1.218773,51,357.164821
-1.022898,51,357.191189
-1.170407,52,357.22372
-0.944899,51,357.250225
-1.042844,51,357.282354
-0.981004,51,357.315031
-0.842266,51,357.342276
-0.983059,51,357.374967
-0.917288,51,358.367011
-1.03323,51,358.393252
-0.963486,51,358.419244
-1.003107,51,358.450133
-1.14671,51,358.48137
-1.043731,51,358.513541
-1.000452,51,358.54496
-0.898139,51,358.579343
-0.941867,51,358.608611
-1.005796,51,358.63946
-1.1477,51,358.683027
-1.037383,51,358.730919
-1.072883,51,358.76115
-1.017862,52,358.837269
-1.211704,51,358.896456
-1.080776,52,358.925921
-0.947067,51,358.952495
-1.033659,51,358.980154
-1.02775,52,359.020537
-1.060802,51,359.062196
-1.05826,51,359.100219
-1.039641,51,359.141628
-0.872527,51,359.173117
-0.936606,51,359.207599
-0.913201,51,359.24151
-1.215395,51,359.272882
-0.821873,51,359.302977
-0.858974,51,359.336335
-1.05972,52,359.365275
-1.02365,51,359.39878
-1.219914,51,359.431742
-1.052294,51,359.459377
-1.076697,51,359.491369
-0.87639,51,359.517511
-1.019647,51,359.549693
-0.926207,52,359.576306
-0.900518,51,359.610525
-1.152194,51,359.643004
-1.13641,51,359.671797
-0.976377,51,359.704272
-0.994221,51,360.716734
-1.092462,51,360.751854
-1.209053,51,360.788302
-1.038187,51,360.821119
-0.989211,51,360.848406
-0.967649,51,360.880192
-1.004717,51,360.913954
-1.021592,51,360.941644
-1.018231,51,360.973892
-0.98159,51,361.001579
-0.921145,51,361.035041
-0.980735,51,361.06309
-1.026767,51,361.094567
-1.022684,52,361.128977
-1.082359,52,361.156349
-1.04948,52,361.190047
-1.18685,51,361.221474
-0.80165,51,361.252637
-0.972101,51,361.281033
-1.043081,51,361.310282
-1.045399,51,361.341064
-1.005714,51,361.375251
-0.985713,51,361.401832
-0.968971,51,361.43581
-1.09244,51,361.462576
-0.927927,51,361.503561
-0.901502,51,361.554635
-0.921364,51,361.598683
-0.980542,51,361.64381
-0.787139,51,361.671643
-0.996057,51,361.700105
-1.262595,51,361.726631
-0.953987,52,361.761237
-1.071976,51,361.78716
-0.923942,51,361.818928
-0.915511,51,361.849299
-0.910749,51,361.876504
-1.000091,51,361.906934
-0.932323,51,361.941515
-0.921744,51,361.967677
-0.952749,52,362.962046
-1.111353,51,362.990371
-0.938627,51,363.018257
-1.130385,51,363.049059
-1.016766,51,363.0739
-1.128055,51,363.104284
-1.100804,51,363.131454
-0.931267,51,363.164779
-1.028394,51,363.196904
-0.977711,52,363.226502
-1.145769,51,363.260255
-1.068265,51,363.286774
-0.941149,51,363.326123
-1.036381,51,363.353433
-1.006326,51,363.391919
-0.977161,51,363.41932
-0.967154,51,363.452635
-0.954733,51,363.479539
-0.989331,51,363.513239
-0.887545,51,363.5396
-1.181312,51,363.572725
-1.097435,51,363.602741
-1.216202,51,363.632464
-0.911962,51,363.666035
-0.963954,51,363.692288
-0.932523,51,363.725334
-0.981783,51,363.756654
-1.112229,51,363.784847
-1.031957,52,363.817789
-0.961126,51,363.852328
-0.891186,51,363.880504
-0.951055,51,363.918854
-1.046294,51,363.946082
-1.124132,51,363.979423
-1.031655,52,364.012205
-0.967816,51,364.045371
-1.00929,51,364.072447
-1.088671,51,364.103476
-1.036073,51,364.137302
-0.888797,52,364.16435
-0.937724,51,365.161831
-0.883613,51,365.193362
-1.069059,51,365.219699
-1.019471,52,365.251175
-0.939493,51,365.282611
-1.114454,51,365.307856
-1.108088,51,365.339431
-1.053263,51,365.367316
-1.071024,51,365.398022
-1.251449,51,365.430475
-1.051533,51,365.458848
-1.112614,52,365.490757
-1.099433,51,365.524499
-0.947562,51,365.55053
-0.949489,51,365.584403
-1.15754,51,365.611274
-1.102523,51,365.644185
-1.098027,51,365.676529
-1.00626,51,365.709592
-0.990414,51,365.743791
-1.039393,51,365.772259
-0.887071,52,365.80531
-0.977374,52,365.838405
-0.907068,51,365.866829
-0.961233,51,365.894633
-1.160545,51,365.921683
-1.028017,51,365.956291
-0.972909,51,365.990188
-0.921096,51,366.017287
-1.143375,51,366.052142
-1.028831,51,366.082956
-0.829324,51,366.112266
-0.952498,51,366.145402
-0.870055,51,366.1791
-1.000637,51,366.207066
-1.078806,51,366.239772
-0.953159,51,366.269904
-0.925886,51,366.301393
-0.871971,51,366.334379
-0.961487,51,366.361196
-1.041954,51,367.344288
-1.014041,51,367.370584
-1.147353,51,367.401226
-1.113985,51,367.428017
-0.996495,52,367.457694
-1.100881,51,367.488894
-0.923031,51,367.513465
-1.038402,51,367.544552
-1.03669,51,367.576402
-1.024816,51,367.602567
-0.934317,52,367.636765
-1.08083,51,367.668035
-0.842746,51,367.695424
-0.968972,51,367.728606
-0.953212,51,367.755655
-0.899157,51,367.791191
-0.914531,51,367.819092
-0.911185,51,367.850231
-1.087544,51,367.884327
-0.895858,51,367.910454
-0.986344,51,367.938513
-0.971134,51,367.970918
-1.023627,51,367.998905
-0.976726,52,368.032797
-0.902888,51,368.060647
-0.937644,51,368.094168
-0.915754,51,368.125682
-1.017967,51,368.15632
-0.93705,51,368.190211
-1.000394,51,368.217274
-0.9798,51,368.25113
-0.985834,51,368.283988
-1.001232,52,368.312509
-1.036737,51,368.346045
-0.924448,51,368.375091
-0.986457,51,368.405754
-1.056358,51,368.43827
-0.972988,52,368.466044
-1.206043,51,368.500116
-0.910159,51,368.531654
-0.997022,52,369.522826
-0.951187,51,369.547813
-0.912154,51,369.578716
-1.132924,51,369.604507
-1.060854,52,369.636889
-0.936309,52,369.662269
-1.017096,51,369.693882
-1.003684,51,369.718849
-1.017727,51,369.749762
-1.082557,51,369.774185
-0.919481,51,369.804595
-1.145273,51,369.832907
-1.235841,51,369.869931
-0.970444,51,369.898233
-0.969558,51,369.929289
-0.946185,51,369.961623
-0.880306,51,369.989065
-0.886454,51,370.022129
-0.958518,51,370.049252
-1.022332,51,370.082185
-0.901345,51,370.110287
-0.884421,51,370.14339
-1.094889,51,370.17138
-0.801729,51,370.20374
-0.891631,51,370.232326
-0.935258,52,370.265136
-1.050413,51,370.292714
-0.945292,51,370.325577
-0.970841,51,370.351325
-0.992851,52,370.385679
-1.060413,51,370.418768
-1.168749,51,370.447556
-1.018845,51,370.480162
-0.980836,51,370.512887
-1.021964,52,370.546724
-1.071506,51,370.573487
-0.926071,51,370.606248
-0.915423,51,370.632867
-0.957485,51,370.667828
-1.037315,51,370.704575
-1.056711,51,371.705874
-0.924684,52,371.73357
-0.942524,51,371.758617
-0.962922,51,371.790217
-0.988036,51,371.815417
-0.897037,51,371.846912
-1.016066,51,371.872305
-1.145878,51,371.904698
-0.971337,51,371.931704
-0.933839,51,371.963454
-1.017477,51,371.989159
-1.03851,51,372.020115
-0.934213,52,372.045092
-0.94935,51,372.079378
-0.979811,51,372.112677
-0.946545,51,372.139564
-0.924139,51,372.172941
-1.026073,51,372.19885
-1.036412,51,372.232439
-0.923118,52,372.262997
-1.038605,51,372.292521
-0.914612,51,372.327859
-0.978892,51,372.363253
-0.776369,51,372.398604
-1.111347,51,372.431936
-0.937635,51,372.459339
-1.402692,51,372.491026
-0.916624,51,372.524264
-0.849308,51,372.552127
-0.910902,51,372.59157
-1.024886,51,372.618453
-1.078635,51,372.652139
-0.969219,51,372.685963
-1.036711,51,372.713137
-1.082101,51,372.747386
-1.16336,51,372.779724
-0.848847,51,372.807538
-1.026162,51,372.842663
-0.906788,51,372.877846
-1.131511,52,372.910244
-1.061795,51,373.926118
-0.901761,51,373.952942
-0.800547,51,373.984868
-0.9401,51,374.009359
-1.054254,51,374.043745
-1.218488,51,374.072116
-0.953944,51,374.103079
-0.952424,51,374.128363
-1.130365,51,374.158908
-0.921797,51,374.190546
-1.038892,51,374.215465
-1.029426,51,374.246634
-1.15048,51,374.271976
-0.966864,51,374.303133
-0.961604,51,374.336759
-0.939889,51,374.364567
-0.911736,51,374.397353
-0.939429,52,374.430685
-0.892798,51,374.457777
-1.136835,51,374.488896
-0.922854,51,374.518606
-1.095988,51,374.551654
-0.909988,51,374.579344
-0.984941,51,374.613011
-1.06362,51,374.643503
-0.830275,51,374.672616
-0.894357,52,374.706919
-1.013788,51,374.73375
-0.884792,51,374.765887
-1.030323,51,374.80043
-1.088427,51,374.827155
-0.900264,51,374.861003
-0.804299,51,374.88665
-0.933885,51,374.920823
-0.91215,51,374.954108
-0.926325,51,374.982197
-0.980594,51,375.015351
-0.997411,51,375.043206
-1.046766,51,375.081774
-0.8853,51,375.112395
-1.044445,51,375.148667
-1.118892,51,376.144786
-1.078472,52,376.170841
-0.862288,51,376.20198
-0.928944,51,376.228448
-1.010683,51,376.260314
-1.113029,51,376.288049
-0.97966,51,376.317192
-1.009036,51,376.348031
-1.104203,52,376.374901
-0.93683,51,376.406467
-0.839739,51,376.432037
-0.919597,51,376.463133
-0.908822,51,376.487778
-0.950985,51,376.518929
-0.910412,51,376.546656
-0.897339,51,376.580289
-1.098611,51,376.612916
-0.955181,51,376.640246
-1.047031,51,376.674019
-0.993409,51,376.706432
-1.048018,52,376.734857
-1.049378,51,376.767298
-0.91015,51,376.794173
-1.068286,51,376.827634
-0.990674,52,376.857963
-1.030444,51,376.888244
-0.988603,51,376.918264
-0.900887,51,376.953983
-0.938937,52,376.980813
-1.141853,51,377.013593
-0.879783,51,377.040241
-0.939482,51,377.078486
-0.923229,51,377.105661
-1.095476,51,377.139478
-1.048711,52,377.172772
-0.816976,51,377.199968
-0.815781,51,377.233334
-1.072795,52,377.269518
-0.942152,51,377.299472
-0.874085,51,377.334081
-0.879585,51,378.334602
-1.031928,51,378.360378
-0.873429,51,378.391826
-0.850645,51,378.422239
-0.950071,52,378.448988
-0.987346,52,378.480469
-0.922911,51,378.512154
-0.895285,51,378.537786
-0.9603,51,378.569327
-0.981015,51,378.595073
-0.985502,51,378.630821
-0.967342,51,378.657199
-0.95486,51,378.683886
-0.94325,51,378.713811
-0.955779,51,378.738895
-0.896973,51,378.771648
-0.953362,51,378.797902
-0.893914,51,378.832869
-0.83784,51,378.8657
-0.936205,51,378.89209
-0.940834,51,378.925221
-0.948124,52,378.956559
-0.92285,51,378.985874
-0.934229,51,379.012651
-0.972716,51,379.040064
-0.883327,51,379.072396
-1.109184,51,379.099603
-0.885419,52,379.1337
-0.852807,51,379.160389
-1.073763,51,379.193638
-0.807111,51,379.227005
-0.766344,51,379.254119
-0.90554,51,379.287132
-0.966209,51,379.319164
-1.039904,52,379.346436
-1.120896,51,379.380641
-1.037731,51,379.409047
-1.148326,51,379.444249
-1.044027,51,379.484685
-0.955464,51,379.515296
-0.914764,52,380.517702
-0.902804,51,380.549074
-0.872613,51,380.575243
-0.905992,51,380.605653
-0.88029,51,380.630747
-1.056119,51,380.662895
-1.124831,51,380.687558
-1.003931,51,380.721555
-1.026697,51,380.747768
-0.851512,51,380.777921
-1.015866,51,380.80328
-0.916811,51,380.834946
-0.954768,52,380.863853
-1.09646,52,380.891842
-1.158639,51,380.928638
-0.841079,51,380.955629
-0.944719,51,380.987804
-0.944825,52,381.016445
-0.869643,51,381.051543
-0.847705,51,381.078819
-0.810783,51,381.112331
-0.996411,51,381.139834
-0.881701,51,381.171968
-1.011759,51,381.200319
-1.05607,51,381.233094
-0.79797,51,381.260275
-0.961766,51,381.293008
-0.834381,51,381.321499
-1.172582,51,381.347352
-1.028302,51,381.380555
-0.898095,51,381.407622
-0.809356,51,381.440639
-0.879241,51,381.470399
-1.020863,51,381.50026
-0.98143,51,381.529032
-0.881482,51,381.563413
-0.766534,51,381.591031
-0.927475,51,381.624709
-1.115465,51,381.661083
-0.951504,51,381.692974
-0.940104,52,382.703268
-0.903417,51,382.733122
-1.01064,51,382.758557
-1.037627,52,382.790069
-0.917046,51,382.818431
-1.043381,51,382.848407
-0.906649,52,382.880012
-0.914733,51,382.904985
-1.135176,51,382.93696
-1.009372,51,382.962104
-0.949909,51,382.999026
-0.85524,52,383.036943
-0.916675,51,383.062103
-1.002676,51,383.094088
-0.949123,52,383.119654
-0.841759,52,383.151724
-1.009106,51,383.182451
-0.92424,52,383.216177
-1.013683,51,383.242787
-1.005847,51,383.275714
-0.941037,51,383.30513
-0.873061,51,383.34378
-0.899669,51,383.370638
-0.89812,51,383.403817
-0.900933,51,383.436708
-0.872174,51,383.469868
-1.044641,51,383.497928
-0.904735,52,383.530383
-1.019158,51,383.55991
-1.035468,51,383.591282
-0.926829,51,383.6244
-0.921122,52,383.651913
-0.826053,51,383.684594
-0.964841,51,383.712597
-0.918224,51,383.756158
-0.899355,52,383.788095
-1.032207,51,383.821121
-0.826032,51,383.854007
-1.127138,51,383.886709
-1.086225,51,383.922224
-0.842029,52,384.913466
-0.919763,51,384.944627
-0.935698,51,384.969607
-1.026173,51,385.001363
-0.911263,51,385.029102
-0.931565,51,385.061041
-1.014011,52,385.093603
-0.955834,52,385.131132
-0.982698,51,385.15653
-0.909415,51,385.188116
-1.092696,51,385.214469
-0.979348,51,385.246062
-0.990071,51,385.270865
-0.874854,51,385.302267
-0.941449,51,385.328122
-1.053483,51,385.358923
-1.075583,51,385.389878
-0.881236,51,385.418776
-0.872937,52,385.451941
-0.909954,51,385.47797
-0.944642,51,385.511718
-0.917882,51,385.544494
-0.946496,52,385.572641
-0.893628,51,385.606066
-0.828151,51,385.633024
-0.902216,51,385.666356
-1.000412,51,385.692429
-0.971428,51,385.725849
-1.029463,51,385.75371
-0.95863,51,385.784952
-0.854764,52,385.819078
-1.019645,51,385.846151
-0.806458,51,385.878571
-0.938679,51,385.905618
-1.001771,51,385.942041
-0.931395,51,385.970658
-1.020167,51,386.007237
-0.983304,51,386.042891
-0.97235,52,386.072173
-0.952332,51,386.107924
-1.037225,51,387.108278
-1.053709,51,387.13333
-0.866882,51,387.170747
-0.959203,51,387.196273
-0.982651,51,387.227476
-0.870958,51,387.252118
-0.875293,52,387.283478
-0.958641,51,387.311991
-1.122642,51,387.343376
-0.884653,51,387.367775
-0.897207,51,387.39907
-0.818859,51,387.425863
-0.894638,51,387.456243
-1.095773,51,387.48777
-0.949354,51,387.514858
-0.951717,51,387.545387
-0.970263,52,387.570969
-0.980697,52,387.598951
-1.051913,51,387.629891
-1.040683,52,387.663392
-0.88976,52,387.690743
-1.106054,51,387.723717
-0.908317,51,387.751089
-0.923439,51,387.788441
-0.898011,52,387.815566
-1.051719,51,387.848288
-0.95213,51,387.882289
-1.012635,51,387.91559
-0.949687,51,387.947782
-0.956178,51,387.974973
-0.982656,51,388.008694
-0.845969,51,388.034363
-0.900798,51,388.067673
-0.742566,51,388.094729
-0.901132,52,388.131035
-1.062003,51,388.164635
-1.024964,51,388.201332
-1.016339,51,388.232718
-1.054961,52,388.270153
-0.857067,51,388.298357
-0.907004,52,389.298466
-0.956173,51,389.335461
-0.825604,51,389.361109
-0.984498,51,389.391461
-1.010904,51,389.416968
-0.923514,51,389.447974
-0.810392,51,389.47594
-0.883681,51,389.504359
-0.914079,51,389.53552
-0.839239,51,389.559884
-0.835161,51,389.591031
-0.812027,51,389.616611
-1.028741,51,389.647746
-0.822301,51,389.672977
-0.90915,51,389.704651
-1.038247,51,389.730506
-0.888359,51,389.762198
-1.029865,52,389.793093
-0.847211,51,389.818891
-0.93662,51,389.852109
-1.006636,51,389.879931
-0.91658,51,389.913331
-1.015759,51,389.939591
-0.865422,51,389.971932
-0.960711,52,390.005704
-0.990336,51,390.032939
-1.018535,51,390.059583
-0.814158,51,390.088122
-0.861273,51,390.117963
-0.927457,51,390.152144
-0.952499,52,390.184223
-1.023493,51,390.214619
-0.86436,52,390.245097
-0.84307,51,390.281117
-0.928991,51,390.308815
-1.061651,52,390.344185
-0.88474,51,390.380117
-0.925131,52,390.409993
-1.065597,51,390.444578
-1.068138,51,390.480321
-1.013253,51,391.479128
-0.944381,52,391.511128
-0.927142,51,391.535982
-0.95208,51,391.566244
-0.911661,51,391.591928
-0.825353,51,391.623246
-0.967186,51,391.648064
-0.960226,51,391.678878
-0.846979,51,391.704959
-0.910899,51,391.735873
-0.955725,51,391.76625
-0.907918,51,391.791603
-0.799529,51,391.822626
-0.83534,51,391.847179
-0.993016,51,391.878926
-0.971648,51,391.903731
-0.851309,52,391.93551
-0.835139,51,391.968112
-0.888418,52,392.008841
-0.823965,51,392.042073
-0.921453,51,392.077314
-0.839624,51,392.104412
-0.932479,51,392.139732
-0.77085,51,392.167469
-0.899174,51,392.200522
-0.845542,51,392.234089
-0.985807,52,392.261467
-1.096888,52,392.297656
-1.094089,51,392.325926
-1.039944,51,392.356873
-1.003236,51,392.386025
-0.957543,52,392.416914
-0.964948,51,392.44943
-0.942332,51,392.47604
-0.985294,51,392.510973
-0.92123,51,392.545544
-0.930477,51,392.575417
-0.915499,51,392.611151
-0.85133,51,392.639811
-0.932159,51,392.675174
-1.113253,51,393.803059
-0.989925,51,393.836841
-0.920431,52,393.868143
-0.9228,51,393.899622
-1.10139,52,393.926192
-0.820863,51,393.957309
-0.803422,51,393.982179
-0.916012,51,394.013416
-0.880203,51,394.038995
-0.994787,51,394.069347
-0.870435,52,394.098606
-0.933512,51,394.125759
-0.870054,51,394.160261
-0.926976,51,394.187012
-0.921159,51,394.212505
-0.869884,51,394.247753
-0.896392,52,394.275411
-0.922561,52,394.310464
-1.039863,51,394.337832
-0.969151,51,394.370523
-0.959759,51,394.403932
-0.867765,51,394.431371
-1.039572,51,394.464197
-1.002528,51,394.493836
-0.839899,51,394.522792
-0.846295,51,394.555915
-0.967559,51,394.581564
-1.034954,51,394.615763
-0.857969,51,394.645129
-0.908103,52,394.684176
-0.900135,51,394.720115
-0.850091,51,394.748765
-0.914251,52,394.785123
-0.958264,51,394.821234
-0.993868,51,394.848948
-1.043275,51,394.886363
-0.917304,51,394.917777
-0.930482,52,394.950717
-1.045577,51,394.986709
-0.892453,51,395.017775
-1.048011,51,396.00156
-1.009488,51,396.02677
-0.98144,51,396.062025
-0.923546,51,396.087298
-0.88486,51,396.118872
-0.769585,51,396.143838
-0.840752,51,396.175648
-0.891613,51,396.204669
-0.831436,51,396.231017
-1.020283,51,396.262457
-1.029292,51,396.288742
-0.857424,51,396.321358
-1.013772,51,396.345928
-1.092339,51,396.376933
-0.850376,52,396.407702
-0.856152,51,396.440732
-1.085901,51,396.466254
-0.761329,51,396.499323
-0.915657,52,396.52833
-0.869353,51,396.560679
-0.920281,52,396.595872
-0.931514,51,396.622718
-0.806432,51,396.656811
-0.999672,51,396.689976
-0.864464,51,396.718142
-0.890734,51,396.751073
-1.073,51,396.783636
-1.078644,51,396.811298
-1.137982,51,396.845696
-0.901034,51,396.873857
-0.937251,52,396.909648
-1.018098,51,396.946581
-0.893947,51,396.98065
-0.954147,51,397.016234
-0.98463,51,397.045913
-0.968216,51,397.080688
-0.833832,51,397.116857
-1.130208,52,397.146195
-1.029178,51,397.182556
-1.090839,51,397.21547
-0.849604,51,398.212109
-0.881731,52,398.238199
-0.853942,51,398.263218
-0.945882,51,398.294163
-1.165547,51,398.319824
-0.90248,52,398.352391
-0.936326,52,398.377525
-1.031233,51,398.411909
-0.906883,51,398.437946
-1.026463,51,398.469374
-0.999459,51,398.494026
-0.842558,51,398.524644
-0.834852,51,398.550916
-0.90425,51,398.581653
-0.921214,51,398.607885
-0.971734,51,398.638961
-1.043454,51,398.666334
-0.922638,51,398.696429
-1.181383,51,398.73065
-0.833666,51,398.764041
-0.917414,51,398.791206
-1.09999,52,398.828324
-0.820354,51,398.859455
-1.061869,51,398.89365
-0.74266,51,398.926175
-0.781088,51,398.955525
-0.872191,51,398.987717
-0.845888,51,399.016603
-0.795681,51,399.05903
-0.784442,51,399.092215
-0.967784,51,399.123908
-0.961606,52,399.15568
-1.078831,51,399.190779
-1.013078,51,399.221967
-0.887658,51,399.256896
-0.990699,51,399.291653
-0.837523,51,399.322278
-0.840969,51,399.35068
-0.887819,51,399.385985
-0.94795,51,399.418093
-0.890154,51,400.428318
-0.833167,51,400.457672
-0.979051,51,400.489373
-0.823029,51,400.515343
-1.035178,51,400.547157
-0.830445,51,400.573073
-0.850346,51,400.603882
-0.786916,51,400.635615
-0.80239,51,400.660605
-0.876285,52,400.69378
-0.884329,51,400.719613
-0.785731,51,400.750465
-0.896483,51,400.776206
-0.983848,51,400.8077
-0.863045,51,400.834013
-0.951889,51,400.864613
-0.857559,51,400.896358
-0.875703,51,400.921349
-1.026943,51,400.953103
-0.961954,52,400.982153
-0.932855,51,401.015829
-0.875789,51,401.042986
-0.873219,51,401.076303
-0.878776,51,401.109316
-0.869696,51,401.141969
-1.020515,51,401.170143
-0.891222,52,401.203619
-0.822856,52,401.230542
-0.872718,51,401.266197
-0.852328,51,401.301259
-0.853918,51,401.337298
-0.916672,51,401.367776
-0.936379,51,401.402954
-0.999786,51,401.438462
-0.927066,51,401.468789
-1.010201,51,401.503904
-0.957767,51,401.539147
-0.825585,51,401.567004
-0.866234,51,401.603209
-0.999966,51,401.638013
-0.843483,51,402.647147
-0.884681,51,402.675424
-0.919898,52,402.706431
-0.881386,52,402.738889
-0.879217,51,402.765092
-1.061099,51,402.799695
-1.006967,51,402.825807
-0.8523,51,402.85783
-1.095128,51,402.886245
-0.893691,51,402.915975
-0.852135,51,402.948045
-1.090683,52,402.974659
-0.860384,51,403.001532
-0.862549,51,403.03479
-0.922634,51,403.060963
-0.908688,51,403.09286
-0.888161,51,403.124473
-0.766311,52,403.152416
-0.861047,51,403.184852
-1.129157,52,403.224037
-0.912001,51,403.252287
-0.776782,51,403.285451
-0.876497,51,403.31372
-1.003205,51,403.349174
-0.790384,51,403.377802
-0.990246,51,403.405861
-0.876942,51,403.433862
-0.813854,51,403.46711
-1.069573,51,403.502471
-0.766706,51,403.533712
-0.696836,51,403.569995
-0.867484,51,403.607615
-0.878933,51,403.637102
-0.881644,51,403.674289
-0.819932,52,403.708476
-0.892727,51,403.740494
-0.998823,51,403.776055
-0.889701,51,403.810026
-0.880369,51,403.845573
-0.979364,51,403.881267
-0.855117,52,404.89713
-0.895127,51,404.929361
-0.835514,52,404.957732
-0.754486,51,404.987966
-0.821175,52,405.020632
-1.038732,51,405.046409
-0.814102,51,405.077984
-0.941185,51,405.107124
-1.02095,51,405.135508
-0.826152,51,405.167329
-0.84508,51,405.193426
-0.965001,51,405.219674
-0.866358,52,405.252334
-1.098509,51,405.284234
-0.920562,51,405.310725
-0.817341,51,405.343617
-0.810958,51,405.368822
-0.791727,51,405.400291
-0.949693,51,405.427874
-0.936432,51,405.461307
-1.142641,52,405.48987
-0.867006,51,405.521915
-0.96921,51,405.554236
-0.883214,52,405.582354
-1.040091,51,405.616242
-0.969893,51,405.647389
-0.956398,51,405.677876
-0.80542,51,405.710763
-0.861895,51,405.741358
-0.937219,51,405.777296
-0.849934,51,405.81217
-0.802284,51,405.8432
-0.919201,51,405.880655
-0.951351,51,405.909213
-1.129053,51,405.94816
-0.865549,51,405.982967
-0.845343,51,406.019776
-1.066322,51,406.050354
-0.890577,51,406.08486
-0.988347,51,406.12135
-0.985436,51,407.120022
-0.947837,51,407.144993
-0.86793,51,407.174154
-0.860387,52,407.201077
-0.88189,51,407.233835
-0.84233,51,407.2614
-0.814129,51,407.289389
-0.759216,52,407.321075
-0.983218,51,407.352789
-0.901963,51,407.378495
-0.790893,51,407.410229
-0.840705,52,407.435418
-0.79876,51,407.466103
-0.889035,51,407.498945
-0.983186,51,407.527991
-0.869732,51,407.559499
-0.906104,51,407.584814
-0.792059,51,407.611158
-0.969544,51,407.642083
-0.828423,51,407.670292
-0.751214,51,407.703652
-0.90059,51,407.72994
-0.861212,51,407.762597
-1.21231,51,407.793954
-1.100051,52,407.827432
-0.820401,51,407.857062
-0.953167,52,407.88774
-0.88478,51,407.920982
-0.939909,51,407.950562
-0.799702,51,407.986118
-0.852278,51,408.017486
-0.902,51,408.046527
-0.862789,51,408.074779
-0.857959,51,408.109739
-1.040949,51,408.140408
-0.891883,51,408.174084
-0.730596,51,408.203734
-0.900798,51,408.232484
-0.796997,51,408.267401
-0.992458,51,408.3032
-0.777033,51,409.30081
-0.964018,51,409.332229
-0.872427,51,409.359023
-1.058686,51,409.390861
-0.945172,51,409.416056
-0.771001,51,409.447045
-0.894625,51,409.471547
-0.905528,51,409.50325
-0.847575,51,409.531157
-0.970614,51,409.558607
-0.868649,51,409.586961
-1.129915,51,409.615393
-0.950866,51,409.645834
-0.872575,51,409.670627
-0.863557,52,409.707457
-0.862105,51,409.732831
-0.927015,51,409.761693
-0.792498,51,409.794176
-0.938984,51,409.826408
-0.84866,52,409.854617
-0.884746,51,409.886952
-0.852181,51,409.913013
-0.914844,51,409.945162
-0.940732,51,409.977068
-0.804763,51,410.005604
-0.812308,52,410.038832
-0.834867,51,410.065568
-0.934358,51,410.099147
-0.899509,51,410.137126
-0.796828,51,410.172822
-0.947344,51,410.209516
-0.84708,51,410.249839
-0.90994,51,410.286664
-0.991215,52,410.323059
-0.826569,51,410.353634
-0.98965,51,410.39118
-0.930602,51,410.427937
-0.780476,51,410.457141
-0.940978,51,410.493747
-0.817379,51,410.530525
-0.8724,51,411.546413
-0.844618,51,411.577545
-0.825895,51,411.602058
-0.824193,51,411.632898
-0.813629,51,411.657795
-0.846827,51,411.688501
-0.875163,52,411.720013
-0.822555,51,411.744829
-0.853482,51,411.77611
-0.833744,51,411.807387
-0.853002,51,411.838051
-0.996128,52,411.865155
-0.855526,51,411.895239
-0.863154,51,411.920402
-0.84565,51,411.951476
-0.987905,51,411.977558
-0.779181,51,412.014441
-0.857998,51,412.04138
-0.737868,51,412.074428
-0.839043,51,412.106579
-0.93174,51,412.134184
-0.831803,51,412.166556
-0.854748,51,412.193892
-0.905188,51,412.227425
-0.83143,51,412.255627
-0.944178,51,412.28885
-0.774796,52,412.318614
-0.94777,51,412.35413
-0.775243,51,412.391336
-1.0658,51,412.424722
-0.842152,51,412.458664
-0.862797,51,412.494603
-0.992324,52,412.531257
-1.112086,51,412.56112
-0.82274,51,412.597435
-0.926558,51,412.627959
-0.877685,51,412.675349
-0.855378,51,412.70777
-0.812,51,412.744793
-0.907949,51,412.779554
-0.910988,52,413.76969
-0.953377,51,413.795794
-0.884324,51,413.827421
-0.913463,51,413.858754
-1.047488,51,413.890193
-0.992668,51,413.915997
-0.870895,51,413.94734
-0.855614,51,413.971988
-0.726298,51,414.003788
-0.877001,51,414.029636
-0.81767,51,414.063728
-0.867624,51,414.089881
-0.82824,51,414.115473
-0.875852,51,414.145421
-0.981205,51,414.177174
-0.824146,51,414.203775
-1.032036,51,414.233792
-0.967877,51,414.26728
-0.837402,51,414.29449
-0.94539,51,414.32691
-0.813994,51,414.359949
-0.852403,51,414.38675
-0.79131,51,414.420783
-0.912709,51,414.447896
-0.842838,52,414.482919
-0.770212,51,414.518584
-0.80225,51,414.554956
-0.838105,51,414.583756
-0.805748,52,414.619474
-0.923702,52,414.656155
-0.83154,51,414.685516
-0.894275,51,414.721982
-0.892018,51,414.757419
-0.758399,51,414.786701
-0.960119,51,414.822039
-0.754179,51,414.858054
-0.885673,51,414.892902
-1.00606,51,414.927946
-0.819498,51,414.962761
-0.862294,51,414.994192
-1.006921,51,415.971836
-1.041549,51,415.997266
-0.716908,51,416.029021
-0.880707,52,416.055133
-0.790675,52,416.087045
-0.909313,51,416.115185
-0.82346,51,416.144995
-0.833751,51,416.169238
-0.814459,51,416.205117
-0.931628,51,416.230773
-0.935514,51,416.258627
-0.876022,51,416.289094
-0.88336,51,416.315114
-0.828759,51,416.346876
-0.812815,51,416.371763
-0.836897,51,416.398651
-0.910533,51,416.432204
-0.900283,51,416.464096
-1.034734,51,416.491497
-0.975067,51,416.524931
-0.801705,51,416.550616
-0.905381,51,416.588854
-0.792828,51,416.61553
-0.791139,51,416.648921
-0.855447,51,416.69024
-0.84637,51,416.722329
-0.830197,51,416.757215
-0.776644,51,416.787637
-0.84194,52,416.824329
-0.74122,51,416.853927
-0.911603,51,416.888094
-0.763266,51,416.924341
-1.105026,51,416.954282
-0.988848,51,416.990338
-0.867037,51,417.020371
-0.939286,51,417.060292
-0.86117,51,417.096292
-0.867654,52,417.128668
-0.910074,51,417.16427
-0.844775,52,417.199068
-0.904409,51,418.196165
-0.865969,51,418.222516
-0.866385,51,418.248905
-0.908481,51,418.276423
-0.92199,51,418.3081
-0.884925,51,418.339654
-0.776818,51,418.365727
-0.784087,52,418.397372
-0.825844,51,418.423698
-0.797022,51,418.455754
-0.871051,52,418.488299
-0.804275,51,418.513328
-0.875012,52,418.545965
-0.848493,51,418.57129
-0.890198,51,418.603628
-0.88829,52,418.628546
-0.836266,51,418.66146
-0.764036,51,418.688808
-1.026663,51,418.718361
-0.848838,51,418.751651
-0.869004,51,418.778915
-0.898139,51,418.812612
-0.954437,51,418.850278
-0.913023,51,418.882077
-0.899155,51,418.917461
-0.796757,51,418.946849
-0.893613,51,418.983396
-0.838914,51,419.01892
-0.90906,51,419.048974
-0.865112,51,419.085551
-0.870935,51,419.117336
-0.983332,51,419.158594
-0.916242,51,419.195286
-0.870337,51,419.224499
-0.930023,51,419.261447
-1.081218,51,419.299932
-0.98532,51,419.331572
-0.728142,51,419.368384
-0.82143,51,419.406735
-0.988218,52,419.438475
-0.998734,51,420.429829
-0.844335,52,420.458233
-0.753967,51,420.489059
-0.875067,52,420.516006
-0.994306,51,420.549484
-0.814461,51,420.582961
-0.792635,51,420.616938
-0.9358,51,420.643828
-0.710486,51,420.677774
-0.934752,51,420.70418
-0.951168,51,420.736527
-0.883908,52,420.763355
-0.824374,51,420.801612
-0.773911,51,420.82891
-0.974077,51,420.860295
-0.815356,51,420.891791
-0.827036,51,420.920278
-0.924816,51,420.952335
-0.830885,51,420.986127
-0.892723,51,421.020222
-0.964974,51,421.053461
-0.924328,51,421.089769
-0.91848,52,421.121295
-0.823669,51,421.1572
-0.90831,51,421.191108
-0.971298,51,421.222856
-0.928835,51,421.25637
-0.806483,52,421.295521
-0.750062,51,421.326637
-0.830329,52,421.362378
-0.817607,51,421.392492
-0.87732,51,421.421576
-0.979761,51,421.457133
-0.929329,51,421.492592
-0.885102,51,421.521744
-0.87987,51,421.557313
-0.993888,51,421.593145
-0.877252,52,421.628555
-0.84193,51,421.662407
-0.801681,52,421.724572
-1.029675,51,422.745805
-0.723032,51,422.772327
-0.877406,51,422.803866
-0.861793,51,422.832747
-0.774785,51,422.867214
-0.934782,51,422.893696
-0.798341,51,422.925045
-0.839447,51,422.954779
-0.763973,52,422.982264
-0.777307,51,423.014511
-0.798867,51,423.039473
-0.998789,52,423.072078
-0.815924,52,423.09742
-0.838537,52,423.130095
-0.938788,51,423.161175
-0.807925,51,423.190425
-0.94859,51,423.222778
-0.849604,51,423.251267
-0.95389,51,423.285397
-0.801618,51,423.313514
-0.747522,51,423.354471
-0.817285,51,423.39209
-0.798756,51,423.429522
-0.864474,51,423.459977
-1.030878,51,423.489067
-1.007169,51,423.517872
-0.903984,51,423.547953
-0.947907,51,423.583179
-0.969501,51,423.61923
-0.891239,51,423.649138
-0.728497,51,423.684967
-0.805508,51,423.718941
-0.917121,51,423.749244
-0.907931,51,423.785004
-0.790871,51,423.819013
-0.807716,51,423.852469
-0.89876,51,423.888406
-0.846501,51,423.923499
-0.768618,51,423.959674
-0.792157,51,423.990534
-0.958181,51,424.961326
-0.916115,52,424.992889
-0.789131,51,425.023943
-0.813553,51,425.049563
-0.852931,51,425.075094
-0.855075,51,425.10565
-1.052749,51,425.13742
-1.08969,51,425.162483
-0.762622,52,425.19404
-0.833459,51,425.219645
-0.810362,52,425.251579
-0.855006,51,425.277418
-0.878486,51,425.307846
-0.827014,51,425.339535
-0.89201,52,425.364805
-0.816268,51,425.397906
-0.798528,51,425.424976
-0.840156,51,425.463213
-0.917261,51,425.49926
-0.898097,51,425.533454
-0.886389,51,425.561792
-1.048259,51,425.597789
-0.893662,51,425.632826
-0.801678,51,425.663139
-0.772131,51,425.698054
-0.859255,51,425.728389
-0.904745,51,425.764414
-0.917093,51,425.79835
-0.859494,51,425.828115
-0.849912,51,425.86809
-0.811847,51,425.901329
-0.763806,52,425.935405
-0.775069,51,425.961729
-0.8585,51,425.997569
-0.845205,51,426.032152
-0.843185,51,426.062713
-0.747225,52,426.099081
-0.798462,51,426.135455
-0.810129,51,426.165877
-0.784556,51,426.202643
-0.898771,51,426.240864
-0.808423,51,427.233917
-0.812346,51,427.265271
-1.029326,51,427.289985
-0.957346,51,427.32201
-0.907873,51,427.351412
-0.943307,51,427.378529
-0.753549,51,427.410461
-0.814641,51,427.441376
-0.912267,52,427.471712
-0.845891,51,427.500229
-0.813979,51,427.531829
-0.811637,51,427.556768
-0.799999,51,427.587973
-0.856302,52,427.617335
-0.924531,51,427.650179
-0.908263,51,427.68365
-0.885113,51,427.713824
-0.834073,51,427.749607
-0.713173,51,427.784974
-0.853357,51,427.816652
-0.859993,51,427.849161
-0.89275,51,427.885006
-0.87292,52,427.916115
-0.883777,51,427.949811
-0.777545,52,427.985942
-0.814594,51,428.013636
-0.769565,51,428.050315
-0.839735,51,428.083704
-0.859172,51,428.112777
-0.823669,51,428.148923
-0.898116,52,428.175923
-0.82385,51,428.21193
-0.908379,51,428.24695
-0.988658,51,428.276665
-0.793013,51,428.312689
-0.907248,51,428.346821
-0.969797,51,428.382704
-0.903057,51,428.41164
-0.923018,52,428.442956
-0.917058,51,428.472842
