#{"t_start": 1787842537.673878, "env_id": "None"}
r,l,t
-6.67,51,0.735691
-6.74823,51,0.774212
-6.649755,51,0.811136
-7.034359,51,0.84867
-6.920349,51,0.885627
-7.524003,52,0.923245
-6.524197,51,0.960766
-6.417036,51,0.998062
-6.554295,52,1.035836
-7.26,52,1.074404
-6.776676,51,1.115761
-6.718181,51,1.153248
-6.81,51,1.200761
-6.733355,51,1.280538
-6.77,51,1.325211
-6.781964,51,1.369697
-6.504065,51,1.409937
-6.879308,51,1.447951
-6.443974,51,1.486829
-7.18,51,1.524767
-6.686654,51,1.562591
-6.526611,51,1.599641
-6.920997,51,1.6365
-6.491599,51,1.673469
-6.510265,51,1.711834
-6.78,51,1.749417
-6.780033,51,1.786025
-6.694433,51,1.822442
-6.904122,52,1.859636
-6.95,51,1.896077
-6.867727,52,1.933706
-6.723698,51,1.970375
-6.65,51,2.007007
-6.534805,51,2.043618
-6.993008,52,2.080941
-6.440237,51,2.117489
-6.642084,51,2.153938
-6.580338,51,2.19031
-6.655981,51,2.226862
-7.358605,51,2.263394
-7.070032,51,2.533854
-6.545217,51,2.570472
-6.94818,51,2.607184
-6.29,51,2.643696
-6.392118,51,2.680298
-6.930122,51,2.717305
-6.991905,51,2.754696
-6.534761,51,2.791494
-7.021314,52,2.830745
-6.47,51,2.869366
-6.144617,51,2.907615
-6.480208,51,2.945305
-6.691419,51,2.982024
-7.070984,51,3.019582
-6.588588,51,3.05635
-6.599877,51,3.092855
-7.450126,51,3.129394
-6.750045,52,3.166783
-6.639609,52,3.204089
-6.980931,51,3.241248
-7.022991,51,3.277801
-6.910197,52,3.31501
-6.258952,51,3.351511
-6.443499,52,3.388873
-6.433981,52,3.426104
-6.818542,51,3.462645
-6.692545,51,3.499193
-7.114246,51,3.535813
-6.81,51,3.572388
-6.824285,51,3.608827
-6.061519,51,3.645831
-7.51,51,3.682423
-6.500494,51,3.719389
-7.153172,51,3.756035
-7.291432,51,3.792558
-6.639057,52,3.830295
-7.07,51,3.866966
-7.236001,52,3.904323
-7.080005,51,3.940752
-7.65,51,3.977182
-6.759633,51,4.227679
-6.46,51,4.270001
-6.910902,51,4.310377
-6.680001,51,4.348747
-7.008053,51,4.388168
-6.58,51,4.426484
-6.878854,51,4.464264
-6.988915,51,4.501182
-6.512451,51,4.53803
-6.510024,51,4.57482
-6.8,51,4.611547
-6.906585,51,4.648241
-6.440257,51,4.684853
-6.494612,51,4.721569
-6.160493,51,4.758248
-6.35363,51,4.794978
-6.351321,51,4.831559
-6.975,52,4.868867
-7.01,51,4.905404
-6.853581,51,4.941903
-7.152672,51,4.97873
-6.627655,51,5.015523
-6.375642,51,5.052435
-7.103874,52,5.090116
-7.040934,51,5.126653
-6.730431,52,5.164085
-6.91,51,5.200635
-6.847605,51,5.238576
-6.93958,52,5.277784
-6.5,51,5.316367
-7.085898,51,5.354924
-6.933691,51,5.392241
-6.485689,51,5.429877
-6.744655,51,5.466966
-7.01098,51,5.504674
-6.870734,51,5.541384
-6.700082,51,5.578242
-6.57,51,5.615464
-6.803162,52,5.65331
-6.703009,51,5.68985
-6.650124,51,5.926374
-6.77,51,5.96318
-7.03,51,5.999822
-7.139285,51,6.036461
-7.240724,51,6.074321
-6.563808,51,6.11272
-6.987453,51,6.149616
-6.82,51,6.186356
-7.121872,51,6.223167
-7.486045,51,6.259993
-6.49,51,6.296717
-7.043847,51,6.333284
-6.321885,51,6.369816
-6.33,51,6.406453
-6.81117,51,6.443059
-6.75151,51,6.479651
-6.62,51,6.51646
-7.040122,51,6.552998
-6.77803,51,6.589561
-6.849772,51,6.626221
-6.953243,52,6.663565
-6.388389,51,6.700119
-6.556577,51,6.736702
-7.020015,51,6.773299
-6.9813,51,6.809811
-6.376746,51,6.846361
-6.670758,51,6.88293
-6.590024,52,6.920237
-6.481143,51,6.956793
-7.16,51,6.993349
-6.65641,52,7.030585
-6.635165,51,7.0671
-7.216144,52,7.104434
-6.804671,51,7.140984
-6.796637,51,7.181377
-6.043832,51,7.221454
-7.360603,51,7.260336
-6.86,51,7.299031
-6.558949,51,7.336845
-6.530182,52,7.375437
-6.436622,51,7.617463
-6.975185,51,7.654106
-6.587649,51,7.692771
-6.97,51,7.729959
-6.750044,51,7.766649
-6.86,51,7.803131
-7.160467,51,7.839598
-7.245888,52,7.876816
-6.057123,51,7.913352
-6.913649,51,7.949722
-7.09,51,7.986059
-6.372981,51,8.022379
-6.880039,51,8.058903
-6.46,51,8.095584
-6.512447,51,8.132078
-6.554184,51,8.168461
-7.01,51,8.205654
-6.703342,51,8.243188
-7.145424,51,8.280331
-7.2,51,8.31685
-7.194146,52,8.354906
-6.742008,52,8.392246
-6.61,51,8.428714
-6.687024,51,8.465269
-6.670193,51,8.501715
-6.932471,52,8.538872
-5.911672,51,8.575329
-6.063241,51,8.611788
-7.08,51,8.648249
-7.160048,52,8.685353
-6.965958,51,8.721801
-6.14629,51,8.758329
-6.94,51,8.794857
-6.666057,51,8.831361
-6.75,51,8.867866
-6.883427,51,8.904335
-6.871065,51,8.941158
-6.470582,51,8.977713
-6.837404,52,9.014832
-6.17,51,9.05124
-6.72,51,9.290087
-6.446285,51,9.326826
-6.383212,51,9.363595
-6.578983,51,9.400175
-6.62527,52,9.437364
-6.6604,51,9.47433
-7.290896,51,9.511294
-6.537398,52,9.548814
-6.439112,51,9.585529
-6.92115,51,9.622208
-7.278381,51,9.659069
-6.59,51,9.695811
-6.353641,51,9.732398
-7.169703,51,9.768857
-6.470464,51,9.805386
-6.492617,51,9.841784
-7.01,51,9.878332
-7.02,51,9.91479
-7.340002,51,9.95132
-6.96,51,9.987734
-6.93,51,10.024219
-7.090021,51,10.060656
-6.910527,51,10.097119
-6.87,51,10.133565
-7.012456,51,10.172878
-6.158631,51,10.212807
-6.958862,52,10.252299
-7.300729,52,10.291781
-6.745616,51,10.329942
-6.748833,51,10.367727
-6.791303,52,10.406569
-6.880089,51,10.445073
-6.590005,51,10.483249
-7.15,52,10.521525
-7.267648,51,10.558287
-7.251167,51,10.594942
-7.056206,51,10.631718
-6.92,51,10.668323
-6.59,51,10.705065
-6.99,51,10.742277
-6.59,51,10.977663
-6.360006,51,11.014555
-7.07,51,11.051227
-6.319513,51,11.087836
-6.682964,51,11.12453
-6.631689,51,11.161592
-6.77046,51,11.199563
-6.570067,51,11.236798
-6.807819,51,11.273668
-6.66,51,11.310381
-6.58,51,11.346862
-6.458401,51,11.383441
-6.58,51,11.420313
-7.320973,52,11.457756
-6.281102,52,11.495292
-5.992976,51,11.531808
-6.503611,51,11.56832
-6.659911,51,11.60476
-6.67,51,11.641333
-6.708767,51,11.677869
-6.620046,51,11.714332
-6.757473,51,11.750695
-6.7335,51,11.787272
-6.301235,51,11.823727
-6.746801,51,11.860255
-6.621897,51,11.89672
-6.88,51,11.933199
-6.76026,51,11.969949
-6.405448,51,12.006496
-6.610002,52,12.043783
-6.575402,51,12.08029
-6.711558,51,12.116741
-6.081296,51,12.153104
-6.271028,51,12.18951
-6.20621,51,12.226046
-6.443977,51,12.262726
-6.75595,51,12.299317
-6.717142,51,12.336
-6.671083,51,12.372598
-7.221686,51,12.409207
-6.064781,51,12.644051
-6.93,51,12.680884
-6.49,51,12.717541
-7.063458,51,12.754311
-7.093471,51,12.790916
-6.30016,51,12.827482
-6.544262,51,12.864034
-6.760025,51,12.90074
-6.001429,51,12.937379
-6.431394,51,12.974416
-6.345413,51,13.01102
-6.664887,51,13.047601
-7.150357,51,13.084182
-6.547577,51,13.120812
-7.300629,51,13.220257
-6.883663,51,13.262118
-6.81062,51,13.303919
-6.7,51,13.344927
-6.950154,51,13.387008
-6.602475,52,13.426781
-6.464567,52,13.465342
-7.048355,51,13.502278
-6.288582,51,13.539188
-6.150413,51,13.575926
-7.040257,51,13.612699
-6.829109,51,13.649427
-7.210135,51,13.686191
-6.7,51,13.722926
-6.38,51,13.75985
-6.6,51,13.796617
-6.700201,51,13.833114
-6.72,51,13.869705
-6.180475,51,13.906402
-6.892034,51,13.943116
-6.480651,51,13.97987
-6.439936,51,14.016483
-6.629377,51,14.053072
-6.670419,51,14.089801
-6.897754,51,14.12883
-6.85916,52,14.166448
-6.665297,51,14.401385
-6.94,51,14.438126
-5.87,51,14.474598
-6.13013,51,14.511016
-6.586166,51,14.547369
-6.18683,51,14.583938
-6.271289,51,14.620332
-6.220565,51,14.656838
-7.184902,52,14.694025
-6.230987,51,14.730442
-6.62,51,14.766776
-7.054439,51,14.803824
-6.341638,51,14.840546
-6.365352,51,14.877055
-6.46,51,14.913642
-6.371778,51,14.950507
-6.82294,51,14.987245
-7.020932,51,15.023755
-6.44498,51,15.060161
-6.421211,52,15.097407
-6.39,51,15.133892
-6.35,51,15.170355
-6.400583,51,15.206841
-6.779575,51,15.24344
-6.76951,51,15.279991
-6.240025,51,15.316397
-6.99587,51,15.352898
-7.07,51,15.389229
-6.34,51,15.425701
-6.473925,51,15.462053
-6.938056,52,15.499277
-6.191268,52,15.53633
-6.260113,51,15.572905
-6.714483,51,15.609574
-6.370925,52,15.647318
-6.96,52,15.685193
-6.761704,51,15.721996
-6.801429,52,15.759412
-6.81611,51,15.796002
-6.86729,51,15.832731
-6.848293,51,16.068203
-6.590366,51,16.105
-6.57284,51,16.14187
-5.950701,51,16.184203
-6.65,52,16.224156
-6.222128,51,16.262056
-6.520457,52,16.301242
-6.899783,52,16.340095
-6.368586,51,16.379551
-7.052703,51,16.418064
-6.656021,51,16.456477
-6.5,51,16.494112
-6.722936,51,16.530895
-6.302384,51,16.567628
-5.96,51,16.604115
-6.43,51,16.640641
-7.160624,51,16.677115
-6.52156,51,16.713786
-6.552572,51,16.750473
-6.76,51,16.787228
-7.200261,51,16.823774
-6.961295,51,16.86034
-6.430145,51,16.896992
-6.690973,51,16.933531
-7.25,51,16.970529
-6.534578,51,17.007093
-6.732047,51,17.043865
-7.200453,51,17.080492
-6.732219,51,17.117053
-6.570909,51,17.153613
-6.642,51,17.190107
-7.34,51,17.226609
-7.257033,52,17.264342
-6.937255,51,17.301141
-7.236176,51,17.337896
-6.5,51,17.374553
-6.798207,52,17.411912
-6.502557,51,17.448672
-7.13,51,17.485293
-6.640696,51,17.521822
-6.643793,51,17.757122
-6.58,51,17.793855
-6.22099,51,17.830441
-6.654752,51,17.867154
-6.147947,51,17.903773
-6.601507,51,17.940354
-6.611232,51,17.977039
-6.770357,51,18.01356
-6.01,51,18.049931
-6.377682,51,18.086466
-6.342175,51,18.123006
-6.660002,51,18.15949
-6.752024,52,18.196708
-7.257649,51,18.233087
-5.810198,51,18.270026
-6.698536,51,18.306527
-6.793209,51,18.343198
-6.214374,51,18.379764
-6.490195,51,18.416241
-6.78,51,18.452817
-6.570044,51,18.489408
-6.651033,51,18.525885
-6.88,51,18.562329
-6.55,51,18.598792
-6.698231,52,18.635937
-6.794419,51,18.672419
-6.52,51,18.709258
-6.3,51,18.74573
-6.640009,51,18.782133
-6.65,51,18.818573
-7.21,52,18.85574
-7.061467,51,18.892368
-6.749335,51,18.928794
-6.251094,51,18.965161
-6.687265,52,19.00263
-6.980711,51,19.039055
-6.57,51,19.075485
-6.343549,51,19.111851
-6.387084,51,19.149213
-6.275321,52,19.1945
-6.440034,51,19.444969
-6.986601,51,19.482577
-6.70824,51,19.51964
-6.901005,51,19.556401
-6.487135,51,19.593145
-6.42,51,19.629888
-6.641272,51,19.666487
-6.540349,51,19.703114
-6.35,51,19.73973
-6.311569,51,19.77647
-6.845576,52,19.813773
-6.224763,51,19.850262
-6.810925,51,19.886805
-6.780268,51,19.923214
-6.724597,51,19.959841
-6.638799,51,19.99668
-6.42167,51,20.033052
-6.81857,52,20.070252
-6.385716,51,20.106671
-6.341927,51,20.143144
-6.580371,51,20.179504
-6.26,51,20.215946
-6.760218,51,20.252363
-6.254366,51,20.288939
-6.530472,51,20.325475
-6.570517,51,20.361907
-6.74,51,20.398336
-6.422861,51,20.434758
-6.990427,51,20.471153
-6.282249,51,20.507617
-6.742839,51,20.544027
-6.38,51,20.580439
-6.43766,51,20.617267
-6.343509,51,20.654182
-6.052449,52,20.691651
-6.871581,51,20.728291
-6.327147,51,20.765086
-6.493104,51,20.801691
-6.080209,51,20.838268
-6.863539,51,20.874861
-6.140799,51,21.110048
-6.62,51,21.146846
-6.67409,51,21.183542
-6.740956,51,21.220153
-6.395611,51,21.256805
-6.54,51,21.293195
-6.585134,51,21.329605
-6.561566,51,21.366697
-6.712454,51,21.403344
-6.335101,51,21.439964
-6.52,51,21.476588
-6.284434,51,21.513365
-6.320047,51,21.54986
-6.315376,51,21.586337
-6.98,52,21.623542
-6.072658,51,21.660021
-6.945763,51,21.696498
-6.823836,51,21.732998
-6.300127,51,21.76988
-6.49,51,21.806456
-6.491646,51,21.842921
-6.061773,51,21.879374
-6.759469,51,21.915784
-6.783869,51,21.952156
-6.54,51,21.988928
-6.778682,51,22.025368
-6.166719,52,22.062505
-6.010034,52,22.099734
-6.085059,51,22.136262
-6.44,51,22.177394
-6.62078,51,22.216942
-6.120687,51,22.256535
-6.682784,51,22.295707
-6.336496,51,22.334771
-6.4,51,22.377188
-6.941075,51,22.417657
-5.886623,51,22.457437
-6.277582,51,22.496758
-6.224274,52,22.534473
-6.237201,51,22.571278
-6.846562,51,22.807342
-6.08,51,22.844089
-6.181975,51,22.880642
-6.480157,51,22.917144
-6.330004,51,22.953653
-6.54,51,22.990915
-6.637864,51,23.027627
-6.870094,51,23.064123
-6.46295,52,23.101372
-7.21513,52,23.138675
-6.41,51,23.17521
-6.560506,51,23.211782
-6.783407,51,23.248255
-6.551161,51,23.284666
-6.265857,51,23.321074
-6.82657,51,23.357574
-6.26,51,23.394041
-6.626068,51,23.430532
-6.252994,51,23.467033
-6.73,52,23.504152
-6.360252,51,23.540509
-6.991976,51,23.576908
-6.694071,52,23.614801
-6.462222,52,23.652443
-6.379413,51,23.689161
-6.341249,51,23.726005
-6.570867,51,23.762652
-6.639892,51,23.799114
-6.305179,51,23.835505
-6.505617,51,23.871931
-6.647598,51,23.908259
-6.125736,51,23.944583
-6.336805,51,23.98102
-6.71,51,24.017387
-6.431367,51,24.053633
-6.37,51,24.089982
-6.79503,51,24.126311
-6.8,51,24.162613
-6.409082,51,24.198935
-6.020681,51,24.235207
-6.97696,51,24.470531
-6.459048,51,24.507434
-6.505202,51,24.544171
-6.202939,51,24.580838
-6.75348,51,24.617737
-6.1,51,24.654442
-6.648392,51,24.690868
-6.31929,51,24.72729
-6.66176,52,24.764479
-6.564881,51,24.800815
-6.680225,51,24.83716
-6.621868,51,24.873565
-6.487918,51,24.909888
-6.836512,51,24.946225
-6.230082,52,24.983379
-6.133204,51,25.020106
-6.306161,52,25.057916
-5.971086,51,25.094628
-6.747331,51,25.131188
-6.750011,51,25.17056
-5.99296,51,25.210492
-6.390217,52,25.25034
-5.893435,51,25.28947
-7.187848,51,25.328071
-6.190746,51,25.366438
-6.478206,51,25.405353
-6.651323,52,25.445074
-5.972625,51,25.483169
-6.65,51,25.519859
-6.439293,51,25.556571
-6.50045,52,25.593927
-6.07,51,25.630895
-6.392595,52,25.668124
-6.244813,51,25.704653
-6.341555,51,25.741128
-6.65201,51,25.777566
-6.77,51,25.814002
-6.371498,51,25.850335
-6.15,51,25.886724
-6.372129,51,25.923141
-6.782588,51,26.158375
-6.373775,52,26.195938
-6.091594,51,26.232455
-6.393593,51,26.269097
-6.812321,52,26.306353
-6.590321,51,26.342894
-6.036696,51,26.379462
-6.4,51,26.41598
-6.531722,51,26.452454
-6.133431,51,26.48952
-6.466096,51,26.526491
-6.268905,51,26.563076
-6.129328,52,26.60033
-6.210013,51,26.637075
-6.13387,51,26.67362
-6.098675,51,26.710134
-6.430301,51,26.746706
-6.99,51,26.783705
-6.850365,51,26.820492
-6.426613,51,26.857295
-6.352876,51,26.89391
-6.064562,51,26.93058
-6.391054,51,26.967278
-6.265883,51,27.004368
-6.612124,51,27.041045
-6.614798,51,27.077802
-6.457975,51,27.114437
-6.844539,51,27.150843
-5.764201,51,27.187311
-6.229402,51,27.223748
-7.170077,51,27.260124
-6.323403,51,27.296486
-6.357867,51,27.332923
-6.620747,51,27.369339
-6.426006,51,27.405796
-6.630011,51,27.442225
-6.434128,51,27.478483
-6.954443,51,27.514888
-6.37,51,27.551355
-5.800026,51,27.587731
-6.770901,51,27.821592
-6.603036,52,27.859076
-6.570816,51,27.895705
-6.07,51,27.932131
-6.370111,51,27.96871
-6.678841,51,28.005266
-6.110778,51,28.041972
-6.334605,51,28.07841
-6.545013,51,28.11487
-6.041029,52,28.151998
-5.952826,51,28.192349
-6.52388,51,28.232405
-6.587397,51,28.271337
-6.709863,51,28.310102
-5.546332,51,28.348355
-6.45137,51,28.386684
-6.43317,51,28.424411
-6.087666,51,28.462467
-6.20511,52,28.500547
-6.102054,51,28.537192
-6.371609,51,28.573748
-6.45424,52,28.61109
-6.700231,51,28.647648
-6.401921,51,28.684155
-5.800065,51,28.720666
-6.471828,51,28.757122
-6.34,51,28.793529
-6.560547,51,28.829963
-6.149514,51,28.866393
-5.940623,51,28.902722
-6.230191,51,28.939123
-6.75263,51,28.975596
-6.973008,51,29.012334
-5.850177,51,29.048784
-6.250844,51,29.085217
-6.060783,51,29.121555
-6.572198,52,29.158632
-6.383499,51,29.195019
-6.150145,51,29.231331
-6.117604,51,29.267606
-6.678818,51,29.501398
-6.061794,51,29.538754
-6.27,51,29.575361
-6.45,51,29.611985
-5.861885,51,29.648441
-6.662504,51,29.684942
-6.63097,51,29.72139
-6.900848,51,29.757791
-6.182356,51,29.79462
-6.909351,51,29.831233
-6.57136,51,29.867745
-6.295658,51,29.904238
-6.883147,51,29.940651
-5.871053,51,29.977006
-6.705008,52,30.014797
-6.871737,51,30.051582
-6.093484,51,30.088159
-6.196999,51,30.124739
-5.68,52,30.162104
-5.906685,51,30.198667
-6.490628,51,30.235234
-6.526555,51,30.271953
-6.4354,51,30.308551
-6.012999,51,30.345226
-6.700654,51,30.381909
-6.271238,52,30.419224
-6.764678,51,30.455733
-6.060837,51,30.49229
-6.372053,51,30.528829
-5.998255,51,30.565425
-6.285586,51,30.601968
-6.219857,51,30.638586
-6.48136,51,30.675072
-6.190009,51,30.712045
-5.996749,51,30.749913
-6.757094,51,30.787031
-5.886004,51,30.823778
-6.294814,51,30.860427
-6.397142,51,30.897079
-6.610248,51,30.933801
-6.41,51,30.970869
-6.302648,51,31.215111
-6.241692,51,31.255661
-6.5239,51,31.294406
-6.561361,51,31.333063
-5.985314,51,31.371774
-6.160736,51,31.410714
-6.37,51,31.449663
-6.02,51,31.486476
-6.360073,52,31.524333
-6.080113,51,31.561083
-6.190941,51,31.597691
-6.296707,51,31.634286
-6.339058,51,31.670912
-6.54,52,31.708576
-6.674149,51,31.745303
-6.12472,51,31.781994
-6.443084,51,31.818596
-5.783585,51,31.855267
-6.39306,51,31.891741
-6.106651,51,31.928295
-5.895404,51,31.96488
-6.56209,52,32.00209
-6.907486,52,32.039699
-6.195183,51,32.076405
-6.143799,51,32.112974
-6.08009,52,32.150196
-6.413095,52,32.187423
-5.938355,51,32.224195
-5.9,51,32.260856
-5.970565,51,32.29737
-6.941706,52,32.334562
-6.119756,51,32.371093
-6.4252,52,32.40826
-6.580264,52,32.44552
-6.762495,51,32.482114
-6.051021,51,32.518582
-6.544591,51,32.555094
-6.079055,51,32.591711
-5.868864,51,32.628188
-6.27986,51,32.66458
-5.833536,52,32.900691
-6.184244,51,32.93731
-6.091036,51,32.973811
-6.59548,51,33.010399
-6.52,51,33.047164
-6.656024,51,33.083823
-6.46022,51,33.120322
-6.19103,51,33.15683
-5.94,52,33.194043
-6.687355,51,33.230597
-6.026712,51,33.267342
-6.287268,51,33.303803
-6.291536,51,33.340241
-6.244296,51,33.376849
-6.118084,51,33.41327
-6.370031,51,33.449735
-5.899068,51,33.486159
-5.630826,51,33.522488
-6.597043,51,33.558845
-6.53282,51,33.595246
-6.340006,51,33.631647
-6.430796,52,33.668718
-5.879765,51,33.705122
-6.187179,51,33.741675
-6.394971,51,33.778078
-5.638991,51,33.814497
-6.195712,51,33.851122
-6.35601,51,33.887774
-6.410558,51,33.924409
-6.37438,51,33.961002
-6.372324,51,33.997919
-5.926655,51,34.034586
-6.242839,51,34.071406
-6.082451,51,34.107913
-6.279451,51,34.144663
-5.991471,51,34.185827
-6.423559,52,34.226438
-6.034932,51,34.264099
-6.33743,51,34.302978
-6.023499,51,34.340697
-6.150052,51,34.62411
-6.866713,51,34.660945
-6.69,51,34.697622
-6.176803,51,34.734222
-6.199406,51,34.771079
-6.120111,52,34.808955
-6.70619,51,34.845703
-6.0198,51,34.8824
-6.147758,51,34.919132
-6.502604,51,34.95575
-6.006888,51,34.992335
-5.913548,51,35.028878
-5.634359,51,35.06575
-6.686749,51,35.102365
-6.682585,51,35.138927
-5.9,51,35.175595
-5.842344,51,35.212154
-6.33156,52,35.249536
-6.018925,51,35.286595
-6.21,51,35.323427
-5.892575,51,35.360226
-7.024413,52,35.397735
-5.637895,51,35.43437
-6.363777,51,35.471038
-6.067547,51,35.507707
-6.350548,51,35.544534
-6.540319,51,35.581152
-6.145042,51,35.617852
-6.50296,51,35.65463
-6.362015,51,35.691194
-6.238381,51,35.727735
-6.408281,51,35.764277
-6.412757,52,35.801528
-6.47,51,35.838086
-6.128441,51,35.874663
-6.160005,51,35.911186
-6.32056,51,35.94769
-6.587375,51,35.984236
-6.19861,52,36.021442
-6.25,51,36.058214
-5.891786,51,36.293731
-6.361245,51,36.330437
-6.425844,51,36.367128
-6.389198,51,36.403656
-6.314818,52,36.44095
-6.32227,52,36.478189
-6.196004,51,36.51484
-6.160288,51,36.551418
-6.193736,51,36.587831
-5.809066,51,36.624226
-5.788939,51,36.66072
-6.44,51,36.69709
-6.040005,51,36.733565
-5.970012,51,36.770016
-6.489383,51,36.80679
-6.56394,51,36.843402
-6.26,51,36.879997
-6.270385,51,36.916439
-6.125547,52,36.953655
-6.2,51,36.990053
-6.552283,51,37.026475
-6.682502,52,37.064014
-6.149938,51,37.100477
-6.166724,51,37.136851
-6.23,51,37.177155
-5.856839,51,37.217076
-6.187546,51,37.255386
-6.524058,52,37.294123
-6.232622,52,37.332604
-5.83,51,37.37027
-5.765978,51,37.408662
-6.712255,52,37.447444
-6.550893,51,37.485307
-6.169806,52,37.522948
-6.45,51,37.559732
-6.28,51,37.596394
-5.715457,51,37.632917
-6.35409,51,37.670167
-6.247176,51,37.707741
-6.419551,51,37.744251
-6.437138,51,37.978719
-6.287498,51,38.015303
-6.334016,51,38.052133
-6.0184,52,38.089768
-6.167431,51,38.12653
-6.058428,51,38.163276
-6.686193,51,38.199904
-5.860011,51,38.236448
-5.9,51,38.273014
-6.450909,51,38.310155
-6.410072,51,38.346989
-5.77,51,38.38368
-6.46,51,38.42037
-5.942927,51,38.456948
-6.316635,51,38.493544
-6.170157,51,38.530251
-6.556463,51,38.566798
-6.031566,51,38.603372
-5.520707,51,38.639976
-5.770077,51,38.67657
-6.413995,51,38.713211
-5.591847,51,38.74987
-6.139328,51,38.786328
-6.063501,51,38.82286
-6.116182,51,38.859424
-5.913533,51,38.895932
-6.042773,51,38.932445
-5.985569,51,38.968942
-6.001831,52,39.006189
-5.730662,51,39.042777
-6.578297,51,39.079699
-6.005799,51,39.116166
-6.654605,51,39.152621
-6.220101,52,39.189792
-6.73533,51,39.226456
-6.019656,51,39.262935
-6.055478,51,39.299379
-6.401032,51,39.335872
-5.852208,51,39.372315
-5.831051,51,39.408838
-6.489899,51,39.644415
-6.00213,51,39.681224
-6.651614,52,39.718492
-6.427407,52,39.755846
-6.001232,51,39.792442
-6.082816,51,39.828953
-6.140534,51,39.865461
-5.85511,52,39.902651
-6.258765,51,39.939197
-5.954585,52,39.976442
-6.395319,51,40.012978
-6.030123,51,40.049403
-6.452092,51,40.086186
-5.601227,51,40.122565
-5.870267,52,40.163393
-5.799709,51,40.202629
-5.931548,51,40.241581
-5.594805,51,40.280956
-5.94397,51,40.320005
-6.345207,51,40.359117
-6.29677,51,40.397737
-6.390019,51,40.43731
-5.731052,51,40.474855
-5.942491,51,40.511575
-5.941275,52,40.548885
-6.460279,51,40.585439
-6.033852,51,40.621936
-5.800004,51,40.65846
-6.158382,51,40.694964
-5.945796,51,40.731401
-6.300961,51,40.767757
-6.090908,51,40.80413
-6.328005,52,40.841163
-5.78283,51,40.877608
-5.863559,52,40.9147
-6.340462,51,40.95114
-6.093639,51,40.987444
-5.502825,51,41.023879
-6.065039,51,41.060424
-6.343236,51,41.096919
-5.642677,51,41.331701
-5.867817,51,41.368396
-5.780551,51,41.404949
-6.170115,51,41.441431
-6.205487,51,41.478017
-5.700158,51,41.514929
-5.933642,51,41.551612
-5.78,52,41.588935
-6.391918,51,41.625596
-5.639281,51,41.66218
-6.012487,51,41.698807
-5.767587,51,41.735328
-6.252932,52,41.772534
-5.61177,51,41.809073
-5.494216,51,41.845638
-6.55,51,41.882147
-5.928357,51,41.918648
-6.240667,51,41.955363
-5.717419,52,41.992595
-5.734617,51,42.029021
-6.390301,52,42.066816
-5.833303,51,42.10328
-5.620016,51,42.139786
-6.414999,51,42.176318
-6.610235,51,42.212796
-6.136983,51,42.249724
-5.96269,51,42.28664
-5.872892,51,42.323413
-5.805828,51,42.360041
-6.566403,51,42.396643
-5.648907,51,42.433179
-5.85,51,42.469664
-5.851957,51,42.506325
-5.758899,51,42.542761
-6.183559,51,42.579365
-5.772491,51,42.615921
-6.220012,51,42.652571
-5.918943,51,42.689107
-6.40178,51,42.725553
-6.14,52,42.762707
-6.117314,51,42.997431
-5.300079,51,43.034265
-6.09008,51,43.071228
-5.921916,51,43.107793
-5.723188,51,43.144437
-6.36,52,43.186343
-5.993625,51,43.225724
-5.51701,52,43.264852
-5.99394,51,43.303556
-6.024648,51,43.3414
-6.524904,52,43.380472
-5.904983,51,43.41879
-6.190726,51,43.456823
-5.672679,51,43.49409
-5.746323,51,43.530836
-5.940309,51,43.567475
-5.861373,51,43.603989
-5.525171,52,43.641297
-5.577664,51,43.677759
-5.572061,51,43.714506
-5.532408,51,43.751335
-5.547423,51,43.788006
-5.772881,51,43.824671
-5.971336,51,43.861283
-6.23,51,43.89795
-5.917107,51,43.934665
-6.445683,52,43.972036
-6.272653,52,44.009404
-5.641141,51,44.04587
-6.151978,51,44.082705
-6.106175,51,44.11935
-6.058222,51,44.155903
-5.652274,51,44.192323
-5.927492,51,44.2288
-5.683559,51,44.265391
-5.435933,51,44.30201
-5.838622,51,44.338622
-5.817172,51,44.37519
-5.779395,52,44.412538
-5.517768,51,44.449073
-5.748217,51,44.683662
-5.553679,51,44.720342
-5.630688,51,44.756873
-5.812547,51,44.793557
-6.000669,51,44.830246
-6.075715,51,44.866858
-6.270872,51,44.903351
-5.89,51,44.939906
-5.935573,52,44.977202
-5.830951,51,45.013746
-5.594526,51,45.050291
-5.524075,51,45.087234
-5.977037,51,45.123678
-5.204666,51,45.160145
-5.923616,52,45.197335
-5.678825,51,45.233765
-6.038736,51,45.270238
-6.124319,51,45.306781
-6.092716,51,45.343226
-5.752468,51,45.379817
-5.204596,51,45.416272
-5.223904,51,45.452767
-5.459062,51,45.489343
-5.760009,51,45.525808
-5.337665,51,45.562358
-6.062472,51,45.599252
-5.25305,52,45.636743
-5.914761,51,45.673383
-5.242529,51,45.710076
-5.933303,51,45.746648
-6.29117,52,45.783943
-5.803298,52,45.821447
-6.038577,51,45.857986
-5.842493,51,45.894481
-5.741479,51,45.93093
-5.661629,51,45.967302
-5.856816,51,46.003617
-5.656018,51,46.039972
-6.045786,51,46.076415
-6.390278,51,46.113097
-6.241239,51,46.366817
-5.38823,51,46.404858
-5.666749,52,46.443867
-5.794198,51,46.482447
-5.432707,51,46.520249
-6.046308,51,46.557088
-6.024173,51,46.593789
-5.760183,52,46.631127
-5.67984,51,46.667876
-5.751241,51,46.704517
-5.46681,51,46.7411
-5.551928,51,46.777764
-5.298408,51,46.814374
-5.56295,51,46.851038
-5.803328,51,46.887659
-5.722495,51,46.924128
-5.380025,51,46.960675
-5.495855,51,46.997287
-6.261607,52,47.034552
-5.932213,51,47.071014
-6.151682,51,47.1078
-5.641367,51,47.144875
-5.90768,51,47.181533
-5.598434,51,47.218111
-5.649585,51,47.254587
-5.661676,51,47.291105
-6.312075,51,47.327956
-5.473205,51,47.364565
-5.825884,51,47.401074
-6.093445,51,47.437481
-5.946025,51,47.473871
-6.380071,51,47.51036
-5.97,51,47.546752
-5.732962,51,47.583132
-5.83867,51,47.619535
-5.894976,51,47.655882
-5.748672,51,47.69226
-5.568162,51,47.728637
-5.934869,52,47.7662
-5.924095,51,47.802805
-5.690736,51,48.03755
-5.521316,51,48.074302
-5.25,51,48.111205
-6.170019,51,48.147821
-5.171545,51,48.184392
-5.325441,51,48.220887
-5.67029,51,48.257492
-6.196081,51,48.294052
-5.434528,51,48.330632
-5.564881,51,48.367328
-5.562083,52,48.404749
-5.687858,51,48.441342
-5.630414,51,48.47787
-5.705936,52,48.515199
-5.15149,51,48.551683
-6.285491,51,48.588077
-5.771164,52,48.625376
-4.82205,51,48.661769
-5.388416,51,48.698209
-5.082206,51,48.735445
-5.51989,52,48.772758
-5.80268,51,48.809201
-5.629063,51,48.845724
-5.327407,51,48.882291
-5.556194,51,48.918674
-5.530284,51,48.955147
-5.774325,51,48.991558
-5.840628,51,49.027852
-5.769852,51,49.064118
-5.587265,51,49.100914
-5.15038,51,49.137233
-5.91,51,49.177272
-5.812837,52,49.217493
-5.94076,51,49.256972
-5.364465,51,49.295344
-5.275825,51,49.334516
-5.842309,52,49.374382
-5.718888,51,49.413456
-5.690463,51,49.45276
-6.15,51,49.491297
-5.821257,52,49.727547
-5.581171,51,49.764291
-6.073151,51,49.801213
-5.111213,51,49.83808
-5.254401,51,49.874825
-5.792089,51,49.912457
-5.652118,51,49.949139
-5.708307,51,49.985641
-5.531027,51,50.022192
-5.799316,51,50.05878
-5.550497,51,50.095338
-5.771003,51,50.131927
-5.829063,52,50.169092
-5.585279,51,50.205506
-5.863643,51,50.241961
-5.284394,52,50.278979
-5.777667,51,50.31536
-5.742921,51,50.351952
-5.152099,51,50.38856
-5.817296,51,50.425116
-5.658724,51,50.461703
-5.585113,51,50.498457
-5.951051,51,50.534984
-5.802508,51,50.571453
-5.419554,51,50.607873
-5.795056,51,50.644827
-5.834629,51,50.681381
-5.648468,51,50.718
-5.54,51,50.754452
-5.330757,51,50.790873
-5.722662,51,50.827378
-5.835079,52,50.864569
-5.563212,51,50.900907
-5.450083,51,50.937948
-5.481485,51,50.974664
-6.007976,52,51.011984
-5.741856,51,51.048481
-5.643978,51,51.085018
-5.502558,51,51.121714
-4.616969,51,51.158317
-5.702031,51,51.396952
-5.990266,51,51.433647
-5.660337,51,51.470257
-5.9195,51,51.507488
-5.490488,52,51.545209
-5.551663,51,51.582667
-6.021706,51,51.61984
-5.267759,51,51.656847
-5.56284,51,51.693708
-5.435648,51,51.730328
-5.828038,52,51.767639
-6.080003,52,51.805021
-5.709343,51,51.841681
-5.515205,51,51.878304
-5.400742,51,51.914805
-5.874449,51,51.951338
-5.580992,52,51.988666
-5.834392,51,52.025272
-5.443724,51,52.06212
-5.538982,51,52.098699
-6.151404,51,52.135617
-5.531497,51,52.175361
-5.127943,51,52.214056
-5.387385,51,52.254348
-5.404995,51,52.293563
-5.693406,51,52.33257
-5.784345,52,52.371736
-5.69,51,52.411001
-5.602559,51,52.449427
-5.505657,51,52.487595
-5.30903,51,52.524525
-5.472052,51,52.56108
-5.41169,51,52.59779
-5.24007,51,52.635972
-5.51,51,52.673161
-5.703276,51,52.709852
-5.474396,52,52.747153
-5.472719,51,52.783826
-5.598612,51,52.820543
-5.738258,51,52.85719
-5.535115,51,53.09222
-5.581864,51,53.129256
-5.412797,51,53.165842
-5.397739,51,53.202243
-5.606107,51,53.238683
-5.988549,52,53.275882
-4.787517,51,53.312526
-5.203473,51,53.349309
-5.705126,51,53.385828
-5.37378,51,53.42237
-5.789112,51,53.458849
-5.709642,51,53.495363
-5.399086,51,53.53181
-5.249815,51,53.568181
-5.587143,51,53.604594
-4.997007,51,53.641056
-5.168513,51,53.677418
-5.606624,51,53.713787
-5.392248,52,53.751006
-5.409183,51,53.787699
-5.444968,51,53.824463
-5.7,51,53.86115
-5.883049,51,53.897762
-5.44284,51,53.934377
-5.568818,51,53.971028
-5.538574,51,54.007717
-5.836463,51,54.044049
-5.634235,51,54.080472
-5.763513,51,54.117199
-5.939988,51,54.153743
-5.299365,51,54.190103
-5.402961,51,54.226459
-5.960619,51,54.262787
-5.399134,51,54.299189
-5.488308,52,54.336552
-5.46,51,54.373092
-5.356868,52,54.410439
-5.607479,52,54.447704
-5.837522,51,54.48422
-5.699214,52,54.521599
-6.006255,51,54.756255
-5.334952,52,54.793886
-4.813637,52,54.831708
-5.214364,51,54.868404
-5.300034,51,54.904943
-5.485209,51,54.9416
-6.274079,51,54.978053
-5.715673,51,55.014833
-5.258292,51,55.051368
-5.431735,51,55.087822
-5.264756,51,55.124545
-5.352487,51,55.161049
-6.093365,51,55.201755
-5.656553,51,55.240985
-5.350958,51,55.280359
-6.05536,51,55.319381
-5.051138,51,55.358881
-5.892651,51,55.397916
-5.462687,51,55.436688
-4.935838,51,55.476086
-4.909511,51,55.513318
-5.722781,51,55.550002
-5.689726,51,55.586736
-5.799697,51,55.623354
-5.512946,51,55.659909
-5.668769,51,55.696606
-5.167272,51,55.733349
-5.25001,51,55.769905
-5.518689,51,55.806501
-5.47969,51,55.843027
-5.660226,51,55.879407
-5.517535,51,55.915863
-4.685705,51,55.952332
-5.82,52,55.989533
-5.767062,52,56.026731
-4.85259,51,56.063205
-5.857576,51,56.099727
-6.020411,52,56.137667
-5.0,51,56.174275
-5.903226,51,56.210725
-6.04451,51,56.445227
-5.402899,51,56.481903
-4.752689,52,56.51963
-5.306324,51,56.556475
-4.881834,52,56.593903
-5.197363,52,56.631396
-5.150676,51,56.667956
-4.951258,52,56.705165
-5.401963,51,56.741756
-5.667734,52,56.778968
-5.869496,51,56.815626
-5.107829,51,56.852303
-5.724577,51,56.889125
-5.454523,51,56.925662
-5.504937,51,56.962252
-5.401563,51,56.998735
-5.368659,51,57.035236
-5.006818,51,57.071773
-5.551511,51,57.108175
-5.653008,51,57.145205
-5.182384,51,57.181725
-5.508029,51,57.218212
-5.205788,51,57.254548
-6.446949,51,57.291007
-5.130237,51,57.327388
-5.342207,52,57.364574
-5.991587,51,57.401011
-5.06852,51,57.437464
-5.48488,51,57.473772
-5.157466,51,57.510034
-5.240294,51,57.546305
-5.593275,52,57.583293
-5.527796,51,57.619622
-5.880081,51,57.656518
-5.494204,51,57.693063
-5.401815,51,57.729486
-5.614401,52,57.766728
-5.510389,51,57.803345
-5.501726,51,57.840215
-5.934949,51,57.876957
-4.820757,51,58.113163
-4.403393,51,58.152187
-5.425193,51,58.193134
-4.944989,51,58.232637
-4.808385,51,58.319049
-5.233475,51,58.35896
-5.264801,51,58.398152
-5.272747,51,58.437996
-5.840337,51,58.476435
-4.995258,51,58.513571
-5.219028,52,58.551121
-5.461266,51,58.587928
-5.12546,51,58.624673
-5.483199,51,58.661873
-5.68894,51,58.698895
-5.369369,52,58.736493
-5.720786,51,58.773358
-5.363053,51,58.810125
-4.757153,51,58.847037
-5.317909,51,58.883798
-5.510393,51,58.920578
-5.432549,51,58.957261
-5.332984,51,58.994282
-5.57446,52,59.031894
-5.163367,51,59.068739
-5.651199,51,59.105476
-5.930024,51,59.142019
-4.759801,51,59.178542
-4.964482,51,59.215163
-5.291431,51,59.25397
-4.565396,51,59.291161
-5.191953,51,59.327935
-4.93627,51,59.364644
-5.129195,51,59.401186
-4.840025,51,59.437564
-5.004668,51,59.474053
-5.223248,51,59.511342
-5.226338,51,59.548113
-5.350392,51,59.584822
-5.467748,51,59.621666
-5.562877,51,59.857153
-5.654775,51,59.894217
-5.158224,51,59.930866
-5.62452,51,59.967435
-4.659027,51,60.004027
-5.3666,52,60.041398
-5.195131,51,60.077949
-5.117869,51,60.114372
-4.408901,51,60.151284
-5.324316,51,60.187978
-5.378033,51,60.224597
-5.35,51,60.26124
-5.174771,51,60.297759
-5.147017,51,60.334236
-4.840125,51,60.370765
-5.093321,51,60.40722
-4.520014,51,60.444582
-4.467045,51,60.481161
-5.488178,51,60.517876
-5.215878,52,60.555176
-4.788225,51,60.591685
-5.058373,51,60.637346
-4.831064,51,60.67493
-5.172452,51,60.712381
-5.240295,51,60.749922
-4.894025,51,60.786984
-5.027379,51,60.823473
-4.586021,51,60.860008
-5.35602,52,60.897705
-4.591178,51,60.934492
-4.82889,51,60.971255
-5.029076,51,61.007696
-5.076686,52,61.044747
-5.192311,51,61.081171
-5.843886,51,61.117506
-4.878741,51,61.154216
-4.393826,51,61.194916
-5.694914,51,61.237577
-5.459733,51,61.278336
-4.99,51,61.317774
-5.964229,51,61.566274
-5.173541,51,61.603074
-5.335182,51,61.639637
-4.912444,51,61.67625
-4.971754,51,61.713321
-4.756496,51,61.749951
-4.790919,51,61.786602
-4.935631,51,61.823153
-4.921711,51,61.859748
-4.314665,51,61.896728
-5.351537,52,61.934535
-4.902814,51,61.97125
-5.251539,51,62.007982
-4.635752,51,62.044636
-5.709702,51,62.081262
-4.866495,51,62.117886
-4.977175,51,62.154884
-5.180192,51,62.19143
-4.854998,52,62.228811
-4.851913,51,62.265418
-5.290265,51,62.301898
-5.063823,51,62.338533
-5.06276,51,62.375122
-5.053688,51,62.411905
-4.942649,51,62.448477
-5.168052,51,62.485013
-5.000707,51,62.521511
-5.429767,51,62.558044
-4.87153,51,62.594976
-5.190726,51,62.631557
-4.319668,51,62.668183
-5.033561,51,62.704925
-4.603938,51,62.741507
-4.582196,51,62.777987
-5.217177,51,62.814401
-5.092964,51,62.851373
-5.151218,51,62.888236
-5.18378,51,62.924928
-4.449159,51,62.961527
-4.729267,51,62.998136
-4.462615,51,63.034567
-5.042139,51,63.269624
-4.611581,51,63.306404
-5.117657,51,63.343368
-4.762708,51,63.380021
-4.755635,51,63.416608
-4.948486,51,63.453068
-5.302577,52,63.490257
-5.246469,52,63.527373
-4.520735,51,63.563846
-4.77409,51,63.600258
-5.117382,51,63.63673
-5.152777,51,63.673111
-4.604123,51,63.709807
-5.310029,51,63.746306
-4.632761,51,63.782782
-4.713603,51,63.819236
-5.09369,51,63.855683
-4.928258,51,63.892149
-4.636542,51,63.928525
-5.088645,51,63.965061
-5.160336,52,64.002214
-4.868048,51,64.038576
-4.754267,51,64.074952
-5.169089,51,64.111741
-5.127179,51,64.148377
-4.74,51,64.189716
-4.991074,51,64.229265
-4.601041,51,64.26736
-5.110747,51,64.30497
-4.66883,51,64.343274
-5.277647,51,64.381572
-4.5,51,64.419622
-5.023337,51,64.457933
-5.260493,51,64.495579
-4.758934,51,64.532171
-4.881047,51,64.568792
-5.000716,51,64.605254
-4.36861,51,64.641621
-4.790791,51,64.678341
-4.878098,51,64.715196
-4.656472,51,64.949993
-4.432107,52,64.987422
-4.522724,51,65.024049
-4.816864,51,65.060644
-4.958982,51,65.097135
-4.550496,52,65.134702
-4.08128,51,65.171422
-4.910441,51,65.207829
-4.87113,51,65.244279
-4.491491,51,65.280638
-5.241888,51,65.317017
-4.903893,51,65.353751
-4.630175,51,65.390473
-4.955071,51,65.427123
-4.866585,51,65.46371
-5.371401,52,65.500976
-4.606272,51,65.537644
-4.375215,51,65.574159
-5.375115,52,65.61144
-4.852979,51,65.647938
-5.012219,51,65.684423
-4.927271,51,65.720943
-4.621319,51,65.757503
-4.753025,51,65.794096
-4.765804,52,65.83134
-4.81471,51,65.868028
-5.311733,51,65.90453
-4.906963,52,65.941835
-4.918753,51,65.978337
-5.293648,51,66.014706
-5.154801,51,66.051148
-4.911222,51,66.087601
-5.048449,51,66.123999
-4.082266,51,66.160301
-5.135377,52,66.197772
-4.811148,51,66.23408
-4.321682,51,66.270367
-4.820097,52,66.307493
-4.671468,51,66.343886
-4.739555,51,66.380428
-4.89139,51,66.646114
-4.445639,51,66.682746
-4.682372,51,66.719347
-4.542392,51,66.755767
-4.606081,52,66.792957
-4.723493,51,66.829486
-4.658314,51,66.866083
-4.887136,52,66.903136
-4.37441,51,66.939431
-4.967282,52,66.97646
-4.517654,51,67.012903
-5.234157,51,67.080794
-4.708525,52,67.118541
-4.825123,51,67.155507
-4.706947,51,67.196745
-4.315422,51,67.2367
-4.67721,51,67.276596
-5.037257,51,67.314979
-4.451158,51,67.354118
-4.414186,51,67.392986
-4.925867,51,67.431591
-4.304486,51,67.470438
-4.858814,51,67.507382
-4.566399,51,67.54412
-4.271576,51,67.580728
-5.182574,51,67.617284
-4.672126,52,67.654601
-4.503469,52,67.693613
-4.744926,51,67.730241
-4.19431,51,67.766767
-3.95,51,67.803175
-4.292787,51,67.839604
-4.497329,51,67.87599
-4.644038,52,67.913
-4.472534,51,67.949298
-4.673243,51,67.985714
-5.082882,51,68.021974
-4.352925,51,68.058278
-4.493735,51,68.094578
-5.040763,51,68.130978
-4.652006,51,68.365945
-4.375373,52,68.403338
-4.182306,51,68.439916
-4.234126,52,68.477014
-3.812867,51,68.513386
-4.229791,51,68.549868
-4.416509,51,68.586248
-4.430938,51,68.622667
-4.759605,51,68.659111
-4.947125,51,68.696298
-4.215602,51,68.732906
-4.303562,52,68.770125
-3.955269,51,68.806656
-4.600071,51,68.843299
-4.548944,51,68.879862
-4.434634,52,68.917183
-4.700913,51,68.95358
-4.767513,51,68.990014
-4.142548,51,69.026529
-4.432748,51,69.062994
-4.789059,51,69.099444
-4.483915,51,69.135831
-4.317075,51,69.172386
-4.653675,51,69.208765
-4.430525,51,69.245491
-4.460044,52,69.282748
-4.520842,51,69.319139
-4.244727,51,69.355669
-4.404735,51,69.392116
-4.395015,51,69.428541
-4.528532,52,69.465814
-4.585614,51,69.502159
-5.107728,51,69.538597
-4.798613,51,69.574961
-4.36006,52,69.612501
-4.569986,52,69.64978
-4.582895,51,69.68625
-4.038032,51,69.722806
-4.52153,51,69.759416
-4.633418,51,69.795884
-4.104883,51,70.031
-3.909285,51,70.067689
-4.500898,52,70.104984
-4.467052,51,70.141668
-4.804812,51,70.180334
-4.402068,51,70.221385
-4.851828,52,70.260922
-4.936379,51,70.298837
-5.191837,51,70.336714
-4.510611,52,70.376083
-4.103713,51,70.414534
-5.620012,51,70.452088
-4.01131,51,70.489414
-4.020271,51,70.525993
-4.302114,52,70.563212
-4.50684,51,70.599677
-4.551781,51,70.636643
-4.277116,51,70.673303
-4.238848,51,70.709845
-4.04067,51,70.746412
-4.114969,51,70.782961
-4.358773,51,70.819518
-4.369492,52,70.856641
-5.127044,51,70.893632
-4.312245,52,70.931078
-4.202999,51,70.967726
-4.15093,51,71.004302
-4.04935,51,71.040816
-4.819456,51,71.077544
-4.53855,51,71.114105
-4.29524,51,71.15056
-4.596239,51,71.187393
-4.402091,51,71.223858
-4.419796,51,71.260478
-3.813833,51,71.296875
-4.29937,51,71.333466
-4.496927,51,71.370149
-4.672284,51,71.406757
-4.968146,52,71.444014
-4.529039,52,71.481279
-4.586117,51,71.716173
-3.776656,51,71.752832
-3.742774,51,71.789591
-3.974105,51,71.826051
-4.515216,51,71.86256
-4.1767,51,71.899192
-3.79907,51,71.935692
-3.870012,51,71.97207
-4.384242,52,72.009229
-4.608214,51,72.045685
-4.77825,51,72.08213
-4.131151,52,72.119236
-4.17267,51,72.155728
-4.070327,51,72.192473
-4.511042,52,72.229641
-4.411699,51,72.266081
-4.257857,51,72.302489
-4.397856,51,72.338854
-4.327082,51,72.375296
-4.108212,51,72.411701
-4.688157,51,72.448024
-4.030052,51,72.484453
-4.142442,51,72.520745
-3.778225,51,72.557037
-4.68346,51,72.59342
-3.894073,51,72.629817
-3.611148,51,72.66626
-4.199688,51,72.702633
-4.392286,51,72.738863
-3.944611,51,72.775073
-4.329443,51,72.81123
-4.391304,51,72.847474
-4.340452,51,72.883762
-4.081862,51,72.920008
-4.100154,51,72.956301
-4.696563,51,72.992615
-3.860192,51,73.028903
-4.683896,51,73.065186
-4.53964,51,73.101669
-4.432255,51,73.137926
-4.296876,52,73.392115
-3.423861,51,73.430219
-4.277083,51,73.468895
-4.350265,51,73.506277
-4.198279,51,73.543108
-3.922966,51,73.579641
-4.15199,51,73.616106
-4.11062,52,73.653309
-4.71697,51,73.689856
-3.891933,51,73.726388
-4.124448,51,73.762875
-4.628955,51,73.799242
-4.720739,52,73.836393
-4.256762,51,73.872902
-4.387054,51,73.909446
-4.215232,51,73.945936
-4.336607,52,73.983029
-3.934613,51,74.01943
-3.987956,51,74.055825
-4.193713,51,74.092267
-4.285367,51,74.12977
-3.855804,51,74.167725
-4.410168,51,74.204889
-4.360977,51,74.241526
-4.221319,51,74.277867
-3.877501,51,74.314252
-4.120054,51,74.35065
-4.595982,51,74.387019
-3.975827,51,74.423381
-4.035721,51,74.459758
-3.75777,51,74.496111
-4.283303,51,74.532429
-4.147348,52,74.569682
-4.602251,51,74.606078
-4.042321,51,74.642455
-3.556736,51,74.6789
-3.853624,52,74.716073
-3.734302,51,74.752431
-4.427888,51,74.788916
-4.004017,52,74.826008
-4.218126,51,75.061103
-4.64447,51,75.09798
-3.496033,51,75.134678
-3.776145,51,75.171385
-3.914891,51,75.208324
-3.748136,51,75.244884
-3.992599,51,75.281376
-3.895407,51,75.317923
-5.022677,51,75.354584
-3.456281,51,75.391116
-4.545604,51,75.427605
-3.541541,51,75.464207
-3.780265,52,75.501561
-3.821307,51,75.538122
-4.072536,51,75.574666
-3.501619,51,75.611198
-4.283594,51,75.647734
-4.702359,51,75.684314
-3.800419,51,75.720823
-4.95288,51,75.757292
-3.672417,51,75.793847
-3.727523,51,75.830404
-4.260986,51,75.866842
-4.104971,51,75.903276
-3.68154,51,75.939741
-3.91687,51,75.976136
-4.060649,51,76.013136
-3.953685,51,76.049832
-3.506061,51,76.086391
-4.116346,51,76.122825
-3.498569,51,76.159446
-4.038049,52,76.203853
-3.752042,51,76.244244
-3.88,51,76.283106
-4.127046,52,76.32327
-3.644426,51,76.364059
-3.57131,51,76.404566
-4.097014,52,76.444284
-3.629569,51,76.482422
-4.114595,51,76.519429
-3.947939,51,76.7552
-3.986107,52,76.792721
-3.666191,51,76.829282
-3.65926,51,76.866124
-4.250271,51,76.902715
-3.331953,51,76.939365
-3.701738,52,76.976585
-3.686048,51,77.012967
-4.133328,51,77.049563
-4.068501,51,77.086108
-3.640783,51,77.122516
-3.879784,51,77.158961
-4.59523,52,77.196131
-3.712485,51,77.23287
-3.513181,51,77.269362
-3.689672,51,77.305845
-4.138504,52,77.343081
-3.643511,51,77.379898
-4.012278,51,77.416697
-3.80042,51,77.453287
-4.193144,52,77.490752
-4.116286,51,77.527345
-3.882911,52,77.564626
-3.380408,51,77.601262
-4.243116,52,77.638629
-4.188714,51,77.675225
-4.014761,51,77.71178
-3.542448,51,77.748389
-3.960121,51,77.784886
-4.036246,51,77.821477
-4.150561,51,77.858278
-3.693731,51,77.89484
-4.276333,51,77.931373
-4.27864,51,77.967717
-3.783904,51,78.004056
-3.931883,51,78.040463
-3.485345,51,78.076957
-3.906669,51,78.113286
-4.108703,51,78.149713
-3.465419,51,78.18602
-3.418665,51,78.421846
-3.404227,51,78.458565
-4.344256,51,78.495192
-3.569201,51,78.531655
-4.105942,52,78.568818
-3.803814,51,78.605333
-3.683812,52,78.642446
-3.817764,52,78.679606
-3.537962,52,78.71711
-4.249589,51,78.753587
-4.120097,51,78.790094
-3.265804,51,78.8265
-3.645993,51,78.863002
-3.874225,51,78.899575
-4.300993,51,78.936108
-3.857842,52,78.97327
-3.88266,51,79.009653
-3.995515,51,79.046165
-3.716671,52,79.083422
-4.093728,51,79.120031
-4.087797,51,79.159478
-3.615899,51,79.1986
-3.565132,51,79.237824
-3.613355,51,79.27651
-3.868201,51,79.314512
-4.237844,51,79.352722
-3.769471,51,79.390456
-3.421247,51,79.42817
-3.576635,51,79.466047
-4.038241,51,79.503447
-3.584825,51,79.540074
-3.488151,51,79.57657
-3.553115,51,79.612997
-3.47363,51,79.649497
-3.584274,51,79.685879
-3.647325,51,79.722256
-4.216025,51,79.758687
-3.757649,51,79.795073
-4.08679,51,79.831423
-3.82904,51,79.867932
-4.107224,51,80.103624
-3.338944,51,80.140342
-4.99372,51,80.177003
-3.869073,51,80.213598
-3.561411,51,80.250729
-3.923265,51,80.287286
-3.745865,51,80.3239
-3.268523,51,80.360501
-3.595768,51,80.397115
-3.927582,51,80.433652
-3.322077,51,80.470259
-3.501973,51,80.506779
-3.344452,51,80.543303
-3.853786,51,80.579848
-3.596726,51,80.616385
-3.475971,51,80.652897
-3.652056,51,80.689466
-3.808127,51,80.726134
-4.493784,51,80.762655
-3.486868,51,80.799257
-3.52177,51,80.835692
-3.276371,51,80.872188
-3.309147,51,80.908695
-3.586859,51,80.945162
-3.646561,51,80.98161
-3.693813,51,81.01807
-3.902903,51,81.054502
-3.985924,51,81.090932
-3.790627,52,81.128535
-3.770547,51,81.16494
-4.193052,51,81.201344
-3.917471,51,81.238025
-3.803818,51,81.274329
-3.401641,52,81.311474
-3.139691,51,81.347735
-3.411768,52,81.385164
-3.17091,51,81.421674
-3.993492,52,81.45886
-3.733097,51,81.495306
-3.488365,52,81.532789
-3.761163,51,81.767686
-2.997111,51,81.804432
-3.252196,51,81.841129
-3.472251,51,81.87769
-3.603529,51,81.914329
-3.713152,51,81.950911
-3.929093,51,81.987445
-3.333193,51,82.023985
-3.554628,51,82.060527
-3.496141,51,82.097109
-3.482766,52,82.134602
-3.55272,51,82.173501
-3.354697,51,82.213869
-3.666167,51,82.253052
-3.214861,51,82.290832
-3.862575,52,82.329172
-3.400776,51,82.367751
-3.084164,52,82.406646
-3.67474,51,82.444829
-3.984181,52,82.483475
-3.511277,51,82.52065
-3.384927,51,82.5574
-3.961296,52,82.59466
-3.673635,51,82.631118
-3.285161,51,82.667617
-3.475691,51,82.704118
-3.674476,51,82.740651
-3.619778,51,82.77703
-3.321175,52,82.814225
-3.574073,51,82.850646
-3.16934,51,82.887015
-3.281985,51,82.923392
-3.136312,51,82.95974
-3.801658,51,82.99618
-3.74618,52,83.033281
-3.737702,51,83.069692
-3.518796,51,83.106184
-4.02287,51,83.142601
-4.004898,52,83.179694
-3.88036,51,83.216168
-3.77657,52,83.451655
-3.734179,51,83.488372
-3.172427,51,83.524918
-3.75778,51,83.561588
-3.101701,51,83.598162
-3.640221,51,83.634798
-3.269754,51,83.671331
-3.0726,51,83.707883
-3.208284,51,83.744861
-3.623744,52,83.782277
-3.558028,51,83.818794
-3.346813,51,83.855238
-3.372638,51,83.891691
-3.231027,51,83.928188
-3.367752,51,83.964691
-3.325225,51,84.001136
-3.543942,51,84.037661
-3.237973,52,84.074824
-3.158781,51,84.111223
-3.047021,51,84.147633
-3.39277,52,84.184713
-3.819283,51,84.221108
-3.303847,51,84.257669
-3.485011,51,84.294062
-4.05,51,84.330507
-2.837517,51,84.366826
-3.284884,51,84.403216
-3.291843,51,84.439577
-3.284539,51,84.475856
-3.242929,51,84.512134
-3.01402,51,84.548416
-3.340662,51,84.584763
-3.563444,52,84.621993
-3.37664,51,84.658377
-3.009328,51,84.69475
-3.44049,52,84.731953
-3.598384,51,84.768279
-3.158613,51,84.804721
-3.241686,52,84.841833
-3.615684,51,84.878082
-3.29976,51,85.112969
-2.96169,51,85.149659
-3.141774,51,85.190173
-3.109239,51,85.230511
-2.756423,51,85.270353
-3.289163,52,85.310031
-3.460431,52,85.349049
-2.906129,51,85.388215
-3.453421,51,85.426979
-3.237046,52,85.466675
-3.126711,51,85.503468
-3.123992,51,85.540182
-3.304463,51,85.576861
-3.894464,52,85.614168
-3.264203,51,85.651228
-3.212862,51,85.687848
-3.274555,51,85.724323
-2.886543,51,85.760915
-2.986314,51,85.797276
-3.24321,51,85.833991
-3.055626,51,85.870539
-3.044723,51,85.90715
-3.521467,52,85.944464
-3.577933,51,85.981074
-3.265453,52,86.018272
-3.367744,51,86.054652
-3.186404,51,86.090986
-3.241092,51,86.127342
-3.420908,51,86.163646
-2.88544,51,86.199986
-3.096331,51,86.236654
-3.584379,51,86.273007
-3.073441,51,86.309293
-3.933969,52,86.346455
-3.269536,51,86.382814
-3.602807,51,86.419204
-3.504895,51,86.456048
-3.476836,51,86.492594
-2.988559,51,86.529374
-3.351483,51,86.565821
-2.88672,51,86.800031
-3.399641,51,86.836716
-2.849017,51,86.873178
-3.430611,52,86.910412
-3.940917,51,86.946876
-3.376069,51,86.983286
-3.701134,51,87.019685
-2.954523,51,87.056046
-3.97507,51,87.09232
-3.107319,51,87.128703
-2.938061,51,87.164995
-2.973324,51,87.201367
-3.173778,51,87.237765
-3.09896,51,87.274293
-3.189341,51,87.310633
-3.253787,51,87.347035
-3.520084,51,87.383328
-3.137159,51,87.419681
-3.233514,51,87.45597
-3.446902,52,87.492994
-3.21327,52,87.53004
-3.196749,51,87.566343
-3.470506,51,87.60307
-2.953444,51,87.639699
-3.708058,52,87.677178
-2.934054,51,87.713806
-2.885179,51,87.750405
-3.20263,51,87.78696
-3.250152,52,87.824254
-3.149229,51,87.860827
-3.522691,51,87.897488
-3.319961,51,87.933939
-3.446292,51,87.970451
-3.402193,51,88.006917
-2.996182,51,88.043368
-3.519417,52,88.080625
-3.688577,52,88.117876
-3.259935,51,88.154345
-2.7,51,88.239459
-3.442911,51,88.27938
-2.859609,51,88.535685
-2.995957,51,88.57248
-2.53116,51,88.609236
-2.938755,51,88.645885
-2.605221,52,88.683202
-2.891347,51,88.7198
-2.992308,51,88.756402
-3.984731,51,88.793002
-2.839324,51,88.82958
-3.260999,51,88.866294
-2.635349,51,88.903466
-3.646453,52,88.940837
-3.024909,52,88.978118
-3.216894,52,89.015377
-2.754582,51,89.051888
-2.560666,51,89.088461
-3.201111,52,89.125679
-3.332925,51,89.162133
-2.710127,51,89.198685
-3.077559,51,89.235124
-2.852869,51,89.271996
-2.96041,51,89.308504
-2.974283,51,89.344832
-2.966564,51,89.381633
-2.680657,51,89.418379
-3.134026,51,89.454923
-2.932218,51,89.49151
-2.889793,52,89.52879
-3.332872,51,89.565321
-2.958917,51,89.601791
-3.244148,51,89.638108
-3.249166,51,89.674538
-3.235547,52,89.71167
-3.106343,51,89.748114
-3.072278,51,89.784476
-2.915319,51,89.820858
-2.985164,51,89.857219
-3.299227,51,89.89426
-3.36787,51,89.931324
-2.601977,51,89.968149
-3.149962,52,90.203681
-2.744155,51,90.24052
-3.06862,51,90.277457
-2.90565,51,90.31413
-2.85028,51,90.350816
-2.942146,51,90.387371
-2.751122,51,90.423974
-2.95944,52,90.461238
-3.357308,51,90.497786
-3.17993,52,90.534993
-3.013863,51,90.571525
-2.965905,51,90.60798
-3.280764,52,90.645365
-3.286053,51,90.682055
-3.309213,51,90.720138
-2.8265,51,90.757054
-2.700027,51,90.794022
-2.944606,51,90.831073
-2.894085,51,90.867907
-2.94923,51,90.904556
-2.774833,51,90.941267
-3.005995,51,90.978284
-2.89274,51,91.015069
-3.047286,51,91.051707
-2.850696,51,91.088266
-3.368529,51,91.124853
-3.268855,51,91.161905
-3.562614,52,91.204712
-3.424069,51,91.243189
-2.828789,51,91.281718
-2.764095,51,91.319869
-2.756306,51,91.357741
-2.942484,51,91.395502
-3.33228,51,91.433445
-2.822493,51,91.471372
-2.438088,51,91.508738
-2.689632,51,91.545378
-2.912289,51,91.581942
-2.707839,51,91.618346
-3.113718,51,91.654835
-3.009951,51,91.889004
-3.08477,51,91.925705
-2.823562,51,91.962245
-2.942059,52,91.999492
-2.834704,51,92.036024
-3.227692,51,92.072554
-2.941509,52,92.109789
-3.006212,51,92.146812
-2.838525,51,92.183346
-2.76613,51,92.219812
-2.826938,51,92.256644
-2.749055,51,92.293204
-3.021626,52,92.330397
-2.750161,51,92.366838
-2.841752,51,92.403592
-2.996834,51,92.440115
-2.56597,51,92.476698
-2.749889,51,92.513163
-2.740061,51,92.54973
-2.803329,51,92.58631
-3.20764,52,92.623534
-2.933207,51,92.660084
-2.968455,51,92.696556
-2.544032,51,92.733081
-3.263864,51,92.769574
-3.328815,51,92.80603
-2.802603,51,92.842514
-2.863757,51,92.878989
-2.553506,51,92.915884
-2.613602,51,92.952684
-2.74605,51,92.989212
-2.725805,51,93.025674
-2.724076,52,93.062748
-2.723499,51,93.099153
-2.427202,51,93.13554
-3.203328,51,93.171877
-2.964259,51,93.20818
-3.046734,51,93.244494
-2.803234,51,93.281113
-3.053821,52,93.318119
-2.615961,51,93.551982
-2.808793,51,93.588532
-2.801498,52,93.625803
-2.660847,51,93.662269
-2.547373,51,93.69877
-2.812391,51,93.735191
-2.578548,51,93.771588
-2.636649,51,93.808007
-2.876915,52,93.845142
-2.794749,51,93.882041
-2.574434,51,93.918578
-2.655821,52,93.95563
-2.579499,51,93.992034
-3.064386,51,94.028349
-2.572911,51,94.064805
-2.903276,51,94.101145
-2.917247,51,94.137492
-2.838973,51,94.178213
-2.700682,51,94.218363
-2.706017,51,94.257339
-2.886112,51,94.295415
-2.782947,51,94.333644
-2.707984,51,94.372428
-3.153147,51,94.411159
-2.988119,51,94.449238
-2.618624,51,94.486684
-2.875938,51,94.523469
-3.036518,51,94.56012
-2.864339,51,94.596641
-2.728184,51,94.633091
-2.653843,51,94.669524
-2.716346,51,94.706091
-3.08312,51,94.742618
-3.108936,51,94.779147
-2.493196,51,94.815549
-3.153466,51,94.852045
-2.73818,51,94.888617
-2.961031,51,94.925474
-3.030365,51,94.962096
-2.74855,51,94.998905
-3.173721,51,95.233147
-2.739694,52,95.270989
-3.074308,51,95.307488
-2.327135,51,95.3441
-2.72981,51,95.3809
-3.012684,51,95.417597
-2.62524,51,95.454026
-2.663411,52,95.49114
-2.72607,51,95.527557
-2.428923,51,95.563874
-2.581516,51,95.600473
-2.700757,51,95.637436
-2.546046,51,95.674026
-2.608723,51,95.710451
-3.189411,51,95.746875
-2.688038,51,95.783128
-2.713208,51,95.819546
-2.873445,51,95.855847
-2.747324,51,95.892265
-2.745148,52,95.929548
-2.610616,51,95.966295
-2.363611,52,96.003649
-2.883964,51,96.040145
-2.565587,51,96.076698
-2.742546,51,96.113226
-2.766278,52,96.150484
-2.639421,51,96.186997
-2.687341,51,96.223564
-2.818939,51,96.260006
-2.727389,51,96.29669
-2.921856,51,96.333236
-2.719747,51,96.369689
-2.701641,51,96.40631
-2.813795,51,96.442777
-2.490584,51,96.479186
-2.711242,51,96.516022
-2.960186,52,96.553339
-2.777389,51,96.589955
-3.043146,51,96.626366
-2.784019,51,96.662994
-2.85007,51,96.897474
-2.666313,51,96.934278
-2.426784,51,96.970929
-2.568233,51,97.007708
-2.988155,51,97.044317
-2.376643,51,97.080878
-2.957705,51,97.117541
-2.768121,52,97.154756
-2.765809,51,97.195888
-2.758766,51,97.235019
-2.465539,52,97.275184
-2.442689,51,97.313583
-2.588352,51,97.352266
-2.752448,51,97.391269
-2.236352,51,97.430262
-2.48336,51,97.470272
-2.475837,51,97.507603
-2.438744,51,97.544289
-2.911496,51,97.580929
-2.706338,51,97.617521
-2.562089,51,97.654037
-2.391742,51,97.692337
-2.695544,51,97.729091
-2.938668,51,97.765652
-2.522125,52,97.802775
-2.750678,51,97.839301
-2.770357,51,97.875767
-2.544957,51,97.912216
-2.367953,51,97.948645
-2.585916,51,97.985129
-2.490412,51,98.021502
-2.737621,51,98.058023
-2.85252,51,98.094917
-2.568599,51,98.13144
-2.837626,51,98.167948
-2.455989,51,98.20444
-2.952932,51,98.240849
-2.797252,51,98.277234
-2.549743,52,98.314661
-2.702323,51,98.351067
-2.418683,51,98.585172
-2.482052,51,98.62199
-2.659853,51,98.658554
-2.484786,52,98.696271
-2.319328,51,98.73298
-2.501152,51,98.769698
-2.492212,51,98.806307
-2.453388,51,98.842851
-2.387783,52,98.880205
-2.491997,51,98.916938
-2.668603,51,98.953565
-2.284324,51,98.99005
-2.688059,51,99.026445
-2.591759,52,99.063655
-2.670955,51,99.100116
-2.463677,51,99.136479
-2.664944,51,99.172791
-2.451352,51,99.209242
-2.137144,51,99.245715
-2.634483,51,99.282089
-2.427553,51,99.318707
-2.792656,51,99.355099
-2.193806,51,99.391752
-2.640055,51,99.428458
-2.361312,51,99.46514
-2.595656,51,99.501613
-2.658676,51,99.538101
-2.321202,51,99.574525
-2.273317,51,99.610996
-2.448402,51,99.647453
-2.464682,51,99.683846
-2.778766,52,99.720961
-2.7688,52,99.758032
-2.404893,51,99.794497
-2.618853,51,99.831247
-2.537625,51,99.867713
-2.524152,51,99.904257
-2.381155,51,99.940669
-2.577665,51,99.977044
-2.427846,51,100.013351
-2.514508,51,100.261062
-2.247305,51,100.300541
-2.26645,51,100.340007
-2.650938,51,100.379131
-2.478793,51,100.417875
-2.62281,51,100.456251
-2.439745,52,100.494892
-2.665818,51,100.531532
-2.238685,51,100.568096
-2.384258,51,100.604651
-2.433862,51,100.641655
-2.476562,51,100.678339
-2.852719,51,100.714845
-2.624212,51,100.751391
-2.460883,51,100.787759
-2.83273,51,100.824209
-2.223344,51,100.860653
-2.561668,51,100.897062
-1.932828,51,100.933469
-2.633658,51,100.969941
-2.35478,51,101.006337
-2.483626,51,101.042749
-2.358704,52,101.079919
-2.485693,52,101.117064
-2.459645,51,101.153556
-2.334831,51,101.190318
-2.294293,51,101.226772
-2.297566,52,101.263863
-2.599043,52,101.301295
-2.728606,51,101.337748
-2.553446,51,101.373982
-2.427734,51,101.410709
-2.712527,52,101.448163
-2.331859,51,101.484752
-2.72601,51,101.521588
-2.598497,51,101.558302
-2.353462,52,101.595657
-2.486618,52,101.632871
-2.255611,51,101.669293
-2.447016,51,101.705545
-2.701259,51,101.940036
-2.180496,52,101.977744
-2.486335,51,102.01435
-2.365928,52,102.051659
-2.687156,51,102.088275
-2.384104,51,102.124885
-2.41236,51,102.161455
-2.264475,51,102.197941
-2.24856,51,102.234401
-2.652413,51,102.270911
-2.220801,51,102.307669
-2.531152,51,102.344138
-2.442513,52,102.381315
-2.331582,51,102.418092
-2.358963,51,102.454632
-2.465382,51,102.491119
-2.651702,51,102.527672
-2.466599,51,102.564181
-2.16291,51,102.601092
-2.037252,51,102.637552
-2.342387,51,102.674054
-2.28937,51,102.71045
-2.465118,52,102.747586
-2.267004,51,102.78402
-2.352303,52,102.821322
-2.241031,51,102.857796
-2.612379,51,102.894288
-2.447132,51,102.930744
-2.560153,51,102.967243
-2.650058,51,103.003628
-2.356459,51,103.040129
-2.298293,51,103.076634
-2.132694,51,103.113001
-2.430455,51,103.149407
-2.299685,51,103.189698
-2.432247,51,103.228983
-2.424409,52,103.267615
-2.240133,51,103.305705
-2.293458,51,103.344019
-2.598913,51,103.381677
-2.673965,51,103.621878
-2.306902,52,103.659592
-2.362448,51,103.696363
-2.464685,51,103.733068
-2.514398,51,103.76973
-2.102576,52,103.807078
-2.249616,51,103.844026
-2.277948,52,103.881502
-2.177927,51,103.917938
-2.309283,51,103.955021
-2.332212,51,103.991562
-2.357529,51,104.028204
-2.19489,51,104.064741
-1.974895,51,104.101228
-2.107955,51,104.13762
-2.165292,51,104.174015
-2.377421,51,104.210669
-2.151967,51,104.247156
-2.347619,51,104.283796
-2.534702,51,104.320707
-2.567447,51,104.357178
-2.020947,52,104.394375
-2.597109,51,104.431106
-2.239218,51,104.467677
-2.385023,51,104.504269
-2.051566,51,104.540889
-2.414209,51,104.577307
-2.292294,51,104.613851
-2.309956,51,104.650396
-2.167167,51,104.686846
-11.37,51,104.723275
-2.010373,51,104.759774
-2.338665,51,104.796298
-2.120092,51,104.832787
-2.396624,52,104.87003
-2.209407,51,104.906455
-2.658317,51,104.942928
-2.193663,51,104.979394
-2.547585,51,105.015777
-2.193957,51,105.052366
-2.326111,51,105.088772
-2.087168,51,105.32278
-2.312298,51,105.359274
-2.440213,51,105.395766
-2.364052,52,105.433089
-2.468387,51,105.469388
-2.667077,51,105.505775
-2.112305,51,105.542094
-2.316898,51,105.57839
-2.003097,51,105.614773
-2.473321,51,105.651569
-1.995121,51,105.688083
-2.078154,51,105.724554
-2.201192,51,105.761094
-1.973365,51,105.79748
-1.91076,51,105.833868
-2.387887,51,105.870302
-2.001413,51,105.906652
-2.273426,51,105.943501
-2.527428,51,105.980005
-1.970043,51,106.016517
-1.853758,51,106.052921
-2.37135,51,106.089289
-2.097192,51,106.125623
-2.392719,51,106.16229
-1.813901,51,106.204564
-2.077954,51,106.243522
-2.001312,51,106.281712
-2.297321,51,106.319367
-2.366406,52,106.358151
-1.959307,51,106.396056
-2.400506,51,106.433643
-2.126352,51,106.471092
-2.18814,51,106.508665
-2.030006,51,106.545653
-1.979455,52,106.583042
-2.25182,51,106.61957
-2.237574,51,106.656212
-1.897954,51,106.692694
-2.384379,51,106.729305
-2.366538,52,106.766858
-2.420579,52,107.002382
-2.273093,51,107.039107
-2.009316,51,107.075676
-2.377169,52,107.112996
-2.288129,51,107.149673
-2.234568,51,107.186289
-2.302614,51,107.222827
-1.965568,51,107.259389
-2.075103,51,107.296446
-2.01769,51,107.333382
-1.962626,51,107.369815
-2.10856,51,107.406256
-2.079541,51,107.442796
-2.046884,51,107.479272
-2.221938,52,107.516516
-2.261805,51,107.552916
-2.037936,51,107.589317
-2.22617,51,107.6259
-2.097927,52,107.663155
-2.140603,52,107.700373
-2.050934,51,107.736795
-1.971561,52,107.773932
-2.453582,51,107.8103
-2.231207,51,107.847135
-2.019231,51,107.883691
-2.163492,51,107.920093
-2.035394,51,107.956518
-2.019653,51,107.993002
-2.473259,51,108.029531
-2.092115,51,108.065878
-2.380118,51,108.102598
-2.104639,51,108.139249
-2.117317,51,108.175828
-2.378023,51,108.212447
-2.368182,51,108.248979
-2.064288,51,108.285499
-2.233063,52,108.322846
-2.262764,51,108.359573
-2.296331,51,108.396173
-2.138004,51,108.432835
-2.102355,51,108.666844
-2.195305,51,108.703573
-2.099903,51,108.74042
-1.952034,51,108.776976
-2.027881,51,108.813558
-2.045609,51,108.850274
-2.063595,51,108.887033
-2.54992,51,108.923867
-1.983272,51,108.960357
-2.125441,51,108.996849
-2.398351,51,109.033322
-2.314344,51,109.069686
-2.018254,51,109.106207
-1.935703,51,109.143128
-2.206909,51,109.183672
-2.073111,51,109.224054
-2.157253,51,109.263075
-2.028256,51,109.30223
-1.920187,51,109.342043
-2.077608,51,109.380838
-2.155939,51,109.41946
-1.879426,51,109.458714
-2.084102,51,109.495659
-2.059815,51,109.53241
-2.213544,51,109.56896
-2.150742,51,109.60571
-2.119656,52,109.643131
-1.947438,51,109.679737
-2.297794,51,109.716285
-2.163343,51,109.752817
-1.97771,51,109.789328
-2.25557,51,109.825862
-1.97253,51,109.862337
-2.100942,51,109.899485
-1.979775,51,109.93628
-2.274748,52,109.973786
-1.930022,51,110.010419
-1.943136,52,110.047779
-1.902224,51,110.084232
-2.385723,51,110.120858
-1.779689,51,110.355894
-2.28846,51,110.392829
-2.059951,51,110.429504
-1.895801,51,110.466114
-2.09776,51,110.502836
-1.977434,51,110.539482
-1.79209,51,110.576098
-2.117343,51,110.612679
-2.084168,51,110.649745
-2.069955,51,110.686319
-1.909676,51,110.722909
-2.285497,52,110.760181
-1.828135,51,110.79658
-1.964536,52,110.833716
-2.257486,51,110.870294
-2.250714,51,110.90698
-2.057524,52,110.94427
-2.165576,51,110.981095
-2.131177,51,111.01754
-1.915383,52,111.054812
-2.076525,51,111.09122
-1.951458,51,111.127586
-1.842634,51,111.164406
-1.966719,51,111.201124
-1.919417,51,111.237818
-2.019982,51,111.274439
-1.96486,51,111.311041
-2.413491,52,111.348678
-2.124269,52,111.386108
-2.035083,51,111.422846
-2.051857,51,111.459431
-2.130052,51,111.495909
-1.933473,51,111.532697
-2.007028,51,111.56942
-2.124921,51,111.605945
-2.049652,51,111.642502
-2.186824,51,111.678976
-1.973737,51,111.715615
-2.120851,51,111.752216
-2.076399,51,111.788749
-2.014306,51,112.02398
-2.098354,51,112.060883
-2.222483,51,112.097552
-1.872781,51,112.134246
-2.051588,51,112.219383
-1.988797,51,112.259515
-1.955015,51,112.30004
-2.024847,51,112.339977
-2.0348,52,112.380473
-2.267473,51,112.420157
-2.050408,51,112.458986
-1.910298,52,112.497543
-2.240291,51,112.53423
-1.897514,51,112.570767
-2.060306,51,112.608055
-2.012217,51,112.645668
-1.88913,52,112.683699
-1.922582,51,112.720773
-2.080366,51,112.757351
-2.265341,51,112.793936
-2.045982,51,112.830428
-1.845305,51,112.866903
-2.066135,51,112.903329
-1.859608,51,112.940219
-2.042137,51,112.977016
-1.896858,51,113.013808
-2.082468,51,113.050535
-1.693477,51,113.08711
-1.999366,51,113.123641
-1.843668,51,113.160158
-1.993922,52,113.197326
-1.941037,51,113.233883
-2.02087,51,113.27046
-1.961988,51,113.307073
-1.811582,51,113.343798
-2.127235,52,113.381178
-1.905115,51,113.417602
-2.062903,51,113.454053
-2.056335,52,113.491327
-2.046129,51,113.527772
-1.963058,51,113.762475
-1.76488,51,113.799256
-2.065801,52,113.836776
-1.805766,52,113.874194
-1.766747,51,113.910822
-2.02572,51,113.947717
-1.822335,51,113.984294
-1.977876,51,114.020869
-2.069633,51,114.057552
-1.972841,51,114.094049
-2.043668,51,114.130569
-2.115962,52,114.167872
-1.897879,51,114.204332
-2.10795,51,114.240872
-2.038503,51,114.277435
-2.103953,51,114.313965
-2.166199,52,114.351343
-1.826349,51,114.387849
-2.04051,52,114.425057
-1.970243,51,114.462009
-1.913544,51,114.498586
-2.041866,51,114.53509
-2.064994,51,114.571521
-1.824436,51,114.608033
-2.054812,51,114.644431
-1.848158,51,114.680827
-2.002543,51,114.717253
-1.748674,51,114.75364
-1.765863,51,114.789951
-2.132279,51,114.826172
-1.969112,51,114.862711
-2.144889,52,114.899848
-2.050746,51,114.936579
-2.291745,51,114.975061
-1.77929,51,115.012016
-1.941273,51,115.049763
-1.931781,52,115.087596
-1.913635,52,115.125057
-1.774224,51,115.16184
-1.937649,51,115.203569
-2.198636,52,115.456108
-1.925213,51,115.494521
-1.769326,51,115.531344
-1.783225,51,115.568116
-1.993936,51,115.60469
-1.881439,51,115.641579
-1.901472,51,115.67831
-1.78036,51,115.714821
-1.831094,51,115.751314
-1.930502,51,115.787854
-1.916818,51,115.824444
-1.873793,51,115.860865
-2.164908,51,115.897824
-2.044102,52,115.935073
-1.73034,51,115.971645
-1.612901,51,116.008044
-1.901744,52,116.045163
-1.911886,52,116.082365
-1.867296,51,116.118859
-1.999891,51,116.155396
-1.788503,51,116.19184
-1.819691,51,116.228388
-1.8255,51,116.264799
-1.88117,51,116.301243
-1.936128,51,116.337666
-1.980378,51,116.374388
-1.769896,51,116.410674
-1.928036,51,116.447031
-1.869364,51,116.483389
-1.783313,51,116.520141
-1.762398,51,116.556773
-2.074907,51,116.59318
-1.740376,51,116.629613
-1.750854,51,116.66603
-1.892565,51,116.702401
-1.826632,51,116.738738
-1.7953,51,116.775129
-1.629753,51,116.81157
-2.072935,51,116.848042
-1.810774,51,116.884488
-2.097112,51,117.11922
-1.947811,51,117.156068
-1.987356,52,117.19346
-1.789504,51,117.230064
-1.748327,51,117.266773
-1.71567,51,117.303343
-1.689097,51,117.34004
-1.896109,51,117.376837
-1.709364,51,117.413487
-1.95413,52,117.451039
-2.08975,51,117.487583
-2.067048,51,117.524495
-1.808046,51,117.561006
-2.111166,51,117.597691
-1.806239,51,117.634212
-2.090582,51,117.670801
-1.711248,51,117.707288
-1.772233,51,117.743862
-1.96664,51,117.780372
-1.790936,51,117.816931
-1.874926,52,117.854161
-1.763055,51,117.890811
-1.746978,51,117.927605
-1.896227,52,117.964956
-1.913891,51,118.001515
-1.816641,51,118.038121
-1.878522,51,118.074717
-1.85355,52,118.111979
-1.948386,51,118.148597
-2.208647,51,118.189199
-1.879765,51,118.227561
-1.955752,51,118.265831
-1.989938,51,118.303755
-1.910513,51,118.341913
-1.967927,51,118.380104
-1.857966,51,118.417818
-2.062925,52,118.45664
-1.971776,51,118.494332
-1.820112,51,118.530967
-1.795674,51,118.567544
-1.62396,51,118.802999
-1.655536,51,118.839756
-2.088403,52,118.877006
-1.880516,52,118.914151
-1.626166,51,118.95064
-2.13152,51,118.987058
-1.948022,52,119.024309
-1.894003,52,119.061542
-1.835368,51,119.09801
-1.663713,51,119.134381
-2.004882,51,119.170747
-1.878844,51,119.207124
-1.738378,51,119.244891
-1.814629,51,119.282247
-1.775325,51,119.318855
-1.800656,51,119.355475
-1.695759,51,119.392083
-1.733154,51,119.428537
-1.920058,51,119.464961
-1.802634,51,119.501535
-1.796488,51,119.538036
-1.819952,51,119.57441
-1.82153,51,119.610762
-1.756725,52,119.647828
-1.848773,51,119.684206
-1.828734,52,119.721489
-1.875861,51,119.757934
-1.776103,51,119.794283
-1.782765,52,119.831379
-2.007203,51,119.867793
-1.618406,51,119.904222
-1.820642,51,119.940916
-1.761294,51,119.977599
-1.70007,51,120.014172
-1.856031,51,120.050726
-1.774427,51,120.087212
-1.752843,51,120.12369
-1.757039,51,120.16017
-1.833493,51,120.197241
-1.812856,51,120.23401
-1.814371,51,120.468841
-1.674276,51,120.505524
-1.868889,51,120.542088
-1.784017,51,120.578599
-1.654697,51,120.615035
-1.949579,51,120.652088
-1.805867,51,120.688867
-1.63182,51,120.728098
-1.666474,51,120.765172
-1.766966,52,120.803014
-1.927751,52,120.84051
-1.908096,51,120.877023
-1.830982,51,120.913498
-1.742626,51,120.951093
-1.650351,51,120.988042
-1.866816,52,121.025291
-1.568178,51,121.061637
-1.565772,51,121.097963
-1.688565,51,121.134388
-1.735215,51,121.173621
-1.885323,51,121.21331
-1.713567,51,121.254182
-1.895055,51,121.293735
-1.714566,51,121.332112
-1.814719,51,121.371197
-1.639853,51,121.410555
-1.906313,51,121.450222
-1.742576,51,121.488138
-1.734012,51,121.525342
-1.934077,51,121.561888
-2.082359,52,121.599041
-1.958313,51,121.635483
-1.708027,51,121.671822
-1.691027,51,121.708934
-1.80216,51,121.745651
-1.790237,51,121.78222
-1.920639,51,121.818791
-1.702034,51,121.855379
-1.951326,51,121.892008
-1.861454,51,121.928712
-1.669257,52,122.167261
-1.732786,51,122.204102
-1.765307,51,122.240786
-1.686041,51,122.277412
-1.596455,51,122.313906
-1.704013,52,122.3513
-2.040837,51,122.388114
-1.811112,52,122.425536
-1.784542,52,122.46342
-1.930972,51,122.500264
-1.883416,52,122.537788
-1.676232,52,122.575201
-1.76307,51,122.611929
-1.680015,51,122.648602
-1.847533,51,122.68523
-1.758759,51,122.721792
-1.74863,51,122.758455
-1.832239,51,122.795042
-1.88529,51,122.831694
-1.648306,51,122.868252
-1.692944,51,122.905084
-1.693709,51,122.941778
-1.520475,51,122.978317
-1.925756,52,123.01563
-1.610149,51,123.052539
-1.617318,51,123.089167
-2.168637,52,123.126384
-1.698633,52,123.163516
-1.577794,51,123.199995
-1.555209,51,123.236403
-1.647415,51,123.272743
-1.813186,51,123.309158
-1.694179,51,123.345637
-1.88029,51,123.382113
-1.696251,51,123.418809
-1.920842,51,123.455507
-1.753473,51,123.492022
-1.761825,51,123.528493
-1.803857,51,123.564963
-1.609244,51,123.601441
-1.552942,51,123.835195
-1.758712,51,123.87203
-1.865108,52,123.909576
-1.833573,52,123.946887
-1.56437,51,123.983383
-1.494422,51,124.01984
-1.747311,51,124.056289
-1.604084,51,124.09277
-1.913919,51,124.12929
-1.588152,51,124.168159
-1.852583,51,124.209069
-1.687296,51,124.249939
-1.636566,51,124.28772
-1.62754,51,124.325266
-1.717492,51,124.363499
-1.576563,51,124.402143
-1.680614,51,124.440457
-1.715791,51,124.47921
-1.653469,52,124.51696
-1.954286,52,124.554514
-1.717274,51,124.591225
-1.823506,51,124.627827
-1.55266,51,124.664438
-1.707561,51,124.701384
-1.787083,51,124.738198
-1.646422,51,124.774808
-1.70308,51,124.811393
-1.596013,52,124.848764
-1.662463,51,124.885448
-1.790639,51,124.922067
-1.77534,51,124.958854
-1.672628,51,124.99539
-1.711644,51,125.03187
-1.690931,51,125.068345
-1.834565,51,125.104884
-1.729591,51,125.141312
-1.731943,52,125.178637
-1.686291,51,125.215096
-1.768244,51,125.251551
-1.744826,52,125.288836
-1.491854,51,125.523428
-1.636255,51,125.560197
-1.579076,51,125.596796
-1.628463,51,125.633446
-1.674517,51,125.670028
-1.667342,51,125.706654
-1.482756,51,125.743477
-1.735452,51,125.780056
-1.653015,52,125.817412
-1.6069,51,125.854018
-1.71599,51,125.890959
-1.528814,51,125.929614
-1.585194,51,125.967326
-1.811829,51,126.004096
-1.69167,51,126.040731
-1.686965,52,126.07826
-1.864351,51,126.115088
-1.588221,51,126.151605
-1.613018,51,126.188357
-1.516764,51,126.224974
-1.684778,51,126.261545
-1.584229,51,126.298041
-1.624799,51,126.334583
-1.574362,51,126.371049
-1.551692,51,126.40789
-1.840348,51,126.444405
-1.487139,51,126.481414
-1.727908,51,126.518382
-1.799058,51,126.555097
-1.700791,51,126.591709
-1.544259,51,126.628287
-1.821255,51,126.66474
-1.61646,51,126.701075
-1.593572,51,126.737417
-1.509691,51,126.773902
-1.769142,51,126.810293
-1.592754,52,126.847368
-1.668543,51,126.883862
-1.703314,51,126.920314
-1.679675,52,126.957404
-1.563796,51,127.199608
-1.910395,51,127.242928
-1.5381,51,127.281561
-1.630015,51,127.319302
-1.59793,51,127.357613
-1.593358,51,127.395804
-1.609905,51,127.433648
-1.515275,52,127.473539
-1.4248,51,127.511319
-1.554775,51,127.548109
-1.479108,51,127.584753
-1.616258,51,127.621325
-1.640464,51,127.657844
-1.822516,51,127.696215
-1.477538,51,127.733009
-1.594598,51,127.76961
-1.604051,51,127.806251
-1.563725,51,127.842935
-1.540762,51,127.879493
-1.606894,51,127.916057
-1.514359,51,127.953101
-1.737479,52,127.990385
-1.574007,51,128.027047
-1.654013,52,128.064418
-1.595661,51,128.100934
-1.728004,52,128.138135
-1.648755,51,128.174792
-1.590722,51,128.211284
-1.624936,52,128.248612
-1.602302,51,128.285149
-1.522943,51,128.321678
-1.57409,51,128.358107
-1.57579,51,128.394593
-1.622878,51,128.431424
-1.5571,51,128.468032
-1.694866,51,128.504516
-1.41807,51,128.541001
-1.703424,51,128.57762
-1.704415,51,128.614265
-1.615022,51,128.652335
-1.607032,51,128.889345
-1.540074,51,128.926272
-1.646696,51,128.963639
-1.678872,51,129.000613
-1.669767,51,129.03719
-1.629308,51,129.0737
-1.659529,51,129.11074
-1.638797,52,129.147986
-1.671351,51,129.184464
-1.723615,51,129.22076
-1.668272,52,129.257903
-1.62887,51,129.294356
-1.413263,51,129.330772
-1.764488,51,129.367194
-1.748473,51,129.403539
-1.702701,51,129.440276
-1.590597,51,129.476652
-1.446293,51,129.513035
-1.79458,51,129.549387
-1.624542,51,129.585861
-1.699788,52,129.623078
-1.712666,52,129.660112
-1.605952,51,129.696568
-1.588296,51,129.732854
-1.713547,51,129.769231
-1.538974,51,129.805605
-1.50898,52,129.842731
-1.485445,52,129.8798
-1.45129,51,129.916214
-1.570496,52,129.953312
-1.716075,51,129.989681
-1.467162,51,130.02674
-1.449653,51,130.063208
-1.636012,51,130.099657
-1.62602,51,130.13615
-1.569839,52,130.176413
-1.691025,51,130.2158
-1.525892,51,130.255041
-1.386501,51,130.293934
-1.736846,51,130.332369
-1.627512,51,130.581635
-1.548487,51,130.618566
-1.551312,51,130.655869
-1.52287,52,130.694493
-1.467809,51,130.734096
-1.500863,51,130.775377
-1.79274,51,130.814327
-1.560171,51,130.851118
-1.491874,51,130.887634
-1.83455,51,130.924049
-1.541714,51,130.960866
-1.528754,51,130.997635
-1.680576,51,131.034262
-1.668325,51,131.070802
-1.482811,51,131.107233
-1.605272,51,131.143776
-1.426778,51,131.180277
-1.525993,51,131.216744
-1.536154,51,131.253261
-1.401577,51,131.289652
-1.561076,51,131.326085
-1.655973,51,131.362633
-1.6846,51,131.399069
-1.543124,51,131.43591
-1.623351,51,131.472687
-1.510363,51,131.509234
-1.708893,52,131.546594
-1.54428,51,131.583117
-1.503569,51,131.619491
-1.510451,51,131.656498
-1.532903,51,131.693256
-1.605531,51,131.729921
-1.742212,51,131.766577
-1.658285,51,131.803246
-1.460794,51,131.839716
-1.541551,51,131.876231
-1.529264,51,131.912847
-1.698902,51,131.949409
-1.429218,51,131.986383
-1.659776,52,132.023811
-1.446479,51,132.257631
-1.409681,51,132.294405
-1.496194,51,132.331161
-1.64906,51,132.36771
-1.53692,51,132.404358
-1.61927,51,132.441223
-1.417252,51,132.478137
-1.550431,51,132.514661
-1.498216,51,132.551067
-1.446525,51,132.587542
-1.509292,51,132.624022
-1.463403,51,132.660409
-1.759703,51,132.696838
-1.376398,51,132.733281
-1.60014,51,132.769659
-1.498802,51,132.806004
-1.511876,51,132.842364
-1.596798,52,132.879615
-1.525885,52,132.916675
-1.534951,51,132.953044
-1.511903,51,132.989409
-1.593962,51,133.025767
-1.40442,51,133.062119
-1.357418,51,133.098472
-1.670356,51,133.13486
-1.519746,51,133.173831
-1.676929,52,133.214739
-1.488083,52,133.254104
-1.40965,51,133.292288
-1.551941,51,133.330016
-1.758025,51,133.367859
-1.519063,51,133.40576
-1.477433,51,133.444128
-1.627194,51,133.481949
-1.607238,51,133.519182
-1.705661,51,133.555842
-1.571365,51,133.592345
-1.424194,51,133.628815
-1.671371,51,133.665165
-1.610875,52,133.702278
-1.706848,52,133.937234
-1.481723,51,133.974338
-1.543333,51,134.010926
-1.470236,51,134.047468
-1.51914,51,134.083916
-1.559023,51,134.120686
-1.378056,51,134.157485
-1.492604,52,134.194813
-1.489745,51,134.231263
-1.553514,51,134.267746
-1.544278,51,134.304242
-1.471321,51,134.340808
-1.595441,51,134.377323
-1.500535,52,134.41436
-1.42129,51,134.450714
-1.580784,51,134.487397
-1.584771,51,134.523846
-1.557339,52,134.56114
-1.610003,51,134.597585
-1.634356,51,134.63401
-1.385669,51,134.670396
-1.561452,51,134.706749
-1.49521,51,134.743561
-1.612858,51,134.780237
-1.380717,51,134.816794
-1.624153,51,134.853318
-1.537124,51,134.890964
-1.595266,51,134.927672
-1.486612,51,134.964698
-1.484894,51,135.001709
-1.686368,52,135.039076
-1.573048,51,135.075517
-1.550097,51,135.112046
-1.485533,51,135.148414
-1.493296,51,135.18479
-1.466325,51,135.221101
-1.776757,51,135.257451
-1.672756,51,135.293872
-1.390699,51,135.330361
-1.415564,51,135.369164
-1.775519,51,135.605888
-1.590069,51,135.642793
-1.459572,51,135.679441
-1.562241,51,135.716205
-1.532393,51,135.752864
-1.460299,51,135.789532
-1.386937,51,135.826235
-1.375372,51,135.862773
-1.4585,51,135.899323
-1.576732,51,135.93598
-1.363757,51,135.972805
-1.601014,52,136.010201
-1.47097,51,136.046661
-1.409026,51,136.083196
-1.476671,52,136.120312
-1.566253,51,136.156878
-1.477507,51,136.197955
-1.533706,51,136.282055
-1.475582,51,136.322011
-1.467918,51,136.363119
-1.556006,51,136.404022
-1.33723,51,136.447599
-1.316816,51,136.486904
-1.441828,51,136.523988
-1.475444,51,136.560933
-1.419763,51,136.597627
-1.466889,51,136.634224
-1.546505,51,136.670911
-1.472267,51,136.70768
-1.422827,51,136.744354
-1.566363,51,136.781
-1.645287,51,136.817626
-1.446876,52,136.856307
-1.42329,51,136.893976
-1.476438,51,136.932314
-1.473855,51,136.969331
-1.468108,51,137.005907
-1.61767,52,137.043257
-1.613345,51,137.079802
-1.291748,51,137.116262
-1.515171,51,137.351142
-1.580202,51,137.390096
-1.681527,51,137.42774
-1.466089,51,137.464701
-1.529671,51,137.502057
-1.344712,51,137.538769
-1.468787,51,137.575405
-1.357996,51,137.612062
-1.520783,51,137.648686
-1.375946,52,137.686065
-1.421807,51,137.722731
-1.325537,52,137.760022
-1.417387,51,137.796706
-1.445076,51,137.833261
-1.464942,51,137.869798
-1.387977,51,137.906295
-1.496289,51,137.94296
-1.298133,51,137.980044
-1.430111,51,138.016679
-1.438831,52,138.054099
-1.443076,52,138.091363
-1.592814,52,138.128539
-1.579845,52,138.166256
-1.454169,51,138.203833
-1.43915,51,138.240387
-1.541218,51,138.276783
-1.497545,52,138.313998
-1.53917,51,138.350419
-1.48025,51,138.386939
-1.358165,51,138.42326
-1.486679,51,138.459976
-1.40873,51,138.496661
-1.582798,51,138.533267
-1.378999,51,138.56977
-1.460337,51,138.606209
-1.508817,51,138.642705
-1.47088,51,138.679203
-1.599425,52,138.716365
-1.557362,52,138.753552
-1.423873,51,138.790022
-1.392977,51,139.02542
-1.467562,51,139.062256
-1.487715,51,139.098918
-1.48263,52,139.136096
-1.473845,51,139.175524
-1.410323,51,139.214596
-1.534729,52,139.25531
-1.447508,51,139.294338
-1.344229,51,139.333261
-1.549671,51,139.37242
-1.336055,51,139.411446
-1.481489,51,139.45116
-1.464821,51,139.488656
-1.321595,51,139.525412
-1.344812,51,139.562001
-1.547767,51,139.598542
-1.482684,51,139.635205
-1.542554,52,139.672553
-1.452475,51,139.709131
-1.55144,52,139.746477
-1.45077,51,139.783015
-1.368086,51,139.819514
-1.522879,52,139.856663
-1.481253,51,139.893169
-1.391267,51,139.929707
-1.476265,51,139.966363
-1.390865,51,140.00348
-1.48474,51,140.040122
-1.5024,52,140.077376
-1.574866,52,140.114594
-1.558975,51,140.151156
-1.434291,51,140.187632
-1.525009,51,140.224114
-1.562049,51,140.260453
-1.369138,51,140.296908
-1.402397,51,140.333367
-1.581165,52,140.370501
-1.409236,51,140.407018
-1.525406,51,140.44347
-1.57676,51,140.48037
-1.454415,51,140.715446
-1.446148,51,140.752204
-1.501838,52,140.789438
-1.444429,51,140.82598
-1.379695,51,140.862515
-1.365738,51,140.898942
-1.351134,51,140.935542
-1.405581,51,140.971929
-1.311611,51,141.008753
-1.491883,51,141.045267
-1.456179,51,141.081774
-1.288003,51,141.118209
-1.413836,51,141.154661
-1.400184,51,141.191102
-1.237777,51,141.227585
-1.40386,51,141.263953
-1.40333,52,141.301098
-1.427437,51,141.337563
-1.489995,51,141.373959
-1.431603,51,141.410253
-1.442858,51,141.446615
-1.600338,51,141.483741
-1.431734,51,141.520695
-1.37199,51,141.557166
-1.415619,51,141.593485
-1.569608,51,141.629854
-1.487834,51,141.666139
-1.535897,51,141.702462
-1.461788,51,141.738811
-1.404885,52,141.776049
-1.436765,51,141.812535
-1.322594,51,141.848869
-1.426096,52,141.886045
-1.463606,51,141.922415
-1.497385,51,141.958696
-1.480064,51,141.995471
-1.499976,51,142.031916
-1.505964,52,142.069299
-1.398569,51,142.105968
-1.478231,51,142.142618
-1.339075,51,142.40538
-1.310879,51,142.444779
-1.407845,51,142.482959
-1.319894,51,142.519572
-1.369191,51,142.556193
-1.559226,51,142.593142
-1.373417,51,142.631316
-1.324072,51,142.667996
-1.45508,52,142.705343
-1.380642,51,142.741949
-1.264206,51,142.778432
-1.545814,51,142.815011
-1.385013,51,142.85148
-1.507053,51,142.88792
-1.328736,51,142.924328
-1.217436,51,142.960835
-1.592933,51,142.998197
-1.382742,52,143.035636
-1.249012,51,143.072373
-1.355537,52,143.109712
-1.620706,51,143.146158
-1.464448,51,143.182663
-1.476258,52,143.219915
-1.488128,51,143.256447
-1.399969,51,143.292788
-1.539333,51,143.329144
-1.441701,51,143.365429
-1.550296,52,143.40264
-1.424097,52,143.439698
-1.430148,51,143.476339
-1.456713,51,143.513188
-1.449393,51,143.549752
-1.548012,52,143.586957
-1.372547,51,143.623459
-1.364143,51,143.659813
-1.293678,51,143.696295
-1.459778,52,143.733648
-1.443206,51,143.770188
-1.376202,51,143.806598
-1.404412,51,143.842984
-1.403413,52,144.08102
-1.223947,51,144.118388
-1.299734,51,144.155096
-1.385438,51,144.191571
-1.472688,51,144.22812
-1.224819,52,144.265433
-1.434975,52,144.302686
-1.496282,51,144.339113
-1.385737,51,144.375594
-1.485362,51,144.412109
-1.40521,51,144.448625
-1.274008,51,144.48546
-1.446625,52,144.522679
-1.390172,51,144.559104
-1.432919,51,144.595551
-1.448879,51,144.631891
-1.260277,51,144.668336
-1.44361,51,144.704789
-1.312588,51,144.741199
-1.367996,51,144.777663
-1.473701,51,144.814059
-1.484876,51,144.850445
-1.337408,51,144.886805
-1.354642,51,144.92319
-1.347559,51,144.959616
-1.226995,51,144.996023
-1.437379,51,145.032393
-1.515785,52,145.069397
-1.410247,51,145.105684
-1.410035,51,145.142112
-1.338389,51,145.18305
-1.400505,51,145.222742
-1.387438,51,145.262001
-1.301599,51,145.30084
-1.449137,51,145.339974
-1.473932,51,145.379171
-1.394511,51,145.417945
-1.35556,52,145.458099
-1.3663,51,145.495355
-1.406006,51,145.532096
-1.419871,52,145.569369
-1.342503,51,145.804578
-1.38928,51,145.84127
-1.404631,51,145.877914
-1.284411,51,145.914593
-1.347401,51,145.951315
-1.478217,52,145.988816
-1.424458,52,146.026297
-1.317253,51,146.063073
-1.389863,52,146.100576
-1.208858,51,146.137204
-1.373042,51,146.173879
-1.335588,51,146.210552
-1.284895,51,146.247089
-1.402888,51,146.283737
-1.324881,51,146.320355
-1.390521,51,146.35689
-1.338587,51,146.393452
-1.464014,51,146.431322
-1.376811,51,146.467985
-1.305303,52,146.505638
-1.250993,51,146.542587
-1.398361,51,146.579381
-1.363764,51,146.616059
-1.431616,51,146.652702
-1.416745,51,146.689352
-1.327978,51,146.725923
-1.410605,51,146.762577
-1.364171,51,146.799149
-1.420049,51,146.835703
-1.517432,52,146.872912
-1.304669,51,146.909404
-1.412194,51,146.945956
-1.359405,51,146.982634
-1.436514,51,147.019613
-1.353467,51,147.056112
-1.291574,51,147.092538
-1.320408,51,147.129017
-1.461097,51,147.165416
-1.412313,51,147.201853
-1.50078,52,147.238999
-1.308722,51,147.473066
-1.333387,51,147.510333
-1.294414,52,147.547788
-1.332991,51,147.584378
-1.253793,51,147.620925
-1.477164,51,147.657537
-1.479615,52,147.694851
-1.26679,51,147.731317
-1.301178,51,147.767841
-1.261378,51,147.804407
-1.403176,51,147.840942
-1.321984,51,147.877538
-1.306732,51,147.913992
-1.416521,51,147.950452
-1.354535,51,147.986971
-1.265599,51,148.024129
-1.408676,51,148.06077
-1.287235,51,148.097275
-1.250692,51,148.133778
-1.30516,51,148.172716
-1.292207,51,148.211714
-1.310976,51,148.251183
-1.290574,51,148.290087
-1.308872,51,148.328802
-1.36916,51,148.367576
-1.323736,51,148.406426
-1.309821,51,148.445448
-1.37408,51,148.483207
-1.327411,51,148.520356
-1.268126,51,148.557309
-1.388488,51,148.593916
-1.340399,52,148.631285
-1.440592,51,148.667772
-1.412661,51,148.704397
-1.347732,51,148.741111
-1.313553,51,148.777686
-1.302429,52,148.814993
-1.257823,52,148.852214
-1.324841,51,148.88875
-1.456093,52,148.925931
-1.283131,51,149.160438
-1.194444,51,149.197215
-1.327594,51,149.233827
-1.208706,51,149.270454
-1.192209,51,149.307146
-1.224767,51,149.343648
-1.282867,51,149.380212
-1.421938,51,149.416738
-1.307713,51,149.453764
-1.398079,52,149.491511
-1.362401,52,149.528975
-1.361741,51,149.565544
-1.480795,51,149.601974
-1.394513,51,149.638604
-1.220633,51,149.675243
-1.254969,51,149.711877
-1.389175,51,149.748379
-1.383813,51,149.784892
-1.354736,51,149.821276
-1.432511,51,149.857717
-1.543766,51,149.894103
-1.241751,51,149.930437
-1.320321,52,149.967534
-1.280544,51,150.004198
-1.203101,51,150.040805
-1.365349,51,150.07736
-1.231055,51,150.113934
-1.456786,51,150.150545
-1.28629,52,150.187716
-1.311682,51,150.224194
-1.374918,51,150.260737
-1.333101,51,150.297259
-1.409429,52,150.334342
-1.40179,51,150.370678
-1.265862,52,150.407734
-1.354691,51,150.444037
-1.365083,51,150.48053
-1.234633,51,150.517031
-1.287945,51,150.553356
-1.17927,51,150.589788
-1.338031,51,150.828179
-1.336865,52,150.865608
-1.224554,51,150.902148
-1.228015,51,150.938701
-1.24161,52,150.976468
-1.332728,51,151.013479
-1.320402,51,151.050076
-1.256583,51,151.086757
-1.168587,51,151.123388
-1.385662,51,151.160758
-1.327962,51,151.202423
-1.269168,51,151.24192
-1.387305,51,151.279266
-1.259095,52,151.317639
-1.26958,51,151.355206
-1.355401,51,151.393489
-1.361632,51,151.431225
-1.247021,52,151.470144
-1.275011,51,151.507933
-1.362705,52,151.545672
-1.360903,52,151.582988
-1.216469,51,151.619487
-1.373613,51,151.655911
-1.125474,51,151.692372
-1.312602,51,151.728803
-1.180634,51,151.76528
-1.334857,51,151.801688
-1.331807,51,151.838035
-1.248656,51,151.874409
-1.302049,51,151.910733
-1.178463,51,151.94704
-1.380784,51,151.983418
-1.354608,51,152.02004
-1.474822,51,152.056644
-1.283284,51,152.093188
-1.204962,51,152.129893
-1.35431,51,152.166475
-1.227247,52,152.203705
-1.237137,51,152.240457
-1.252326,51,152.276944
-1.131566,51,152.511402
-1.21529,51,152.548276
-1.249531,51,152.584909
-1.212329,51,152.621527
-1.265723,51,152.65803
-1.2779,51,152.694537
-1.319101,51,152.731056
-1.13833,51,152.767692
-1.291811,51,152.804259
-1.328619,51,152.84075
-1.244318,51,152.877267
-1.226639,51,152.913811
-1.182069,51,152.950393
-1.208427,51,152.986879
-1.394324,51,153.023421
-1.246873,51,153.060041
-1.259419,51,153.096558
-1.256699,52,153.134232
-1.287171,51,153.170937
-1.28707,52,153.208334
-1.163653,51,153.24493
-1.141585,51,153.281564
-1.144997,51,153.318051
-1.26058,52,153.355447
-1.368266,51,153.392013
-1.297681,51,153.428657
-1.253589,51,153.465214
-1.151172,51,153.50162
-1.261808,51,153.538446
-1.279939,51,153.574929
-1.325361,51,153.611463
-1.27034,51,153.647954
-1.250785,51,153.684544
-1.381818,52,153.72168
-1.237975,51,153.758227
-1.200509,51,153.794708
-1.171234,52,153.831946
-1.320293,52,153.869161
-1.34525,51,153.905581
-1.230785,51,153.942182
-1.273773,51,154.180827
-1.245883,51,154.220683
-1.24159,51,154.259963
-1.3082,51,154.298927
-1.401104,51,154.33812
-1.160708,51,154.376706
-1.260959,52,154.416577
-1.182324,51,154.455351
-1.28672,51,154.492737
-1.182863,51,154.529778
-1.326002,51,154.566489
-1.225331,51,154.603018
-1.295514,51,154.639582
-1.271922,52,154.676783
-1.255549,51,154.713222
-1.232556,51,154.749941
-1.348592,51,154.78649
-1.252733,51,154.822849
-1.316555,51,154.859297
-1.270306,51,154.895698
-1.127522,51,154.932124
-1.132005,51,154.968534
-1.371718,51,155.004989
-1.216775,51,155.041388
-1.245105,51,155.07781
-1.292122,51,155.114207
-1.220876,51,155.150683
-1.212654,51,155.187126
-1.337569,51,155.223531
-1.252611,51,155.259949
-1.173191,51,155.296369
-1.245459,51,155.332634
-1.340544,51,155.369006
-1.147598,51,155.405345
-1.24163,51,155.441609
-1.275493,52,155.478797
-1.271537,51,155.515675
-1.131554,51,155.552457
-1.220445,51,155.589143
-1.315371,51,155.625823
-1.176402,52,155.860477
-1.215014,51,155.897259
-1.216657,51,155.933853
-1.338153,51,155.970275
-1.241125,51,156.007216
-1.26165,51,156.043914
-1.28173,52,156.081126
-1.253081,51,156.117601
-1.235807,51,156.15408
-1.212425,52,156.191351
-1.22241,51,156.228085
-1.323446,52,156.265452
-1.301769,51,156.301941
-1.213145,52,156.339332
-1.236632,51,156.375818
-1.215964,51,156.412342
-1.164464,52,156.44972
-1.226244,51,156.486222
-1.244318,51,156.523268
-1.178467,51,156.560033
-1.288585,51,156.596458
-1.241946,51,156.632857
-1.228207,51,156.669249
-1.319536,51,156.70566
-1.258055,51,156.741931
-1.242455,51,156.778314
-1.256283,51,156.81472
-1.187991,51,156.85101
-1.287118,51,156.887424
-1.289314,51,156.92377
-1.139285,51,156.960135
-1.323003,51,156.996662
-1.228327,51,157.03335
-1.266772,52,157.070586
-1.329877,51,157.107033
-1.267157,52,157.144289
-1.318265,51,157.184972
-1.215362,51,157.224537
-1.215657,51,157.262692
-1.274422,51,157.301685
-1.217741,52,157.554633
-1.226392,51,157.591305
-1.281262,51,157.627978
-1.180565,51,157.664443
-1.39095,51,157.702814
-1.182502,51,157.73976
-1.252634,51,157.776549
-1.148964,51,157.813169
-1.253642,51,157.849794
-1.385609,51,157.889134
-1.129421,51,157.925791
-1.221832,52,157.96305
-1.199459,51,157.999471
-1.219973,51,158.036192
-1.255585,52,158.073601
-1.22035,51,158.110227
-1.181612,51,158.146636
-1.179621,51,158.183024
-1.158353,52,158.220153
-1.216729,51,158.256569
-1.307534,52,158.293662
-1.15105,52,158.330842
-1.268535,51,158.367247
-1.149988,51,158.403557
-1.249123,51,158.440172
-1.148192,51,158.476663
-1.290698,51,158.513306
-1.284916,51,158.550059
-1.142387,51,158.586409
-1.097004,51,158.622871
-1.357923,52,158.660051
-1.347016,51,158.696472
-1.449074,52,158.733573
-1.320655,51,158.769889
-1.096597,51,158.806325
-1.204914,51,158.842636
-1.200543,51,158.879455
-1.224271,51,158.915979
-1.210839,51,158.952533
-1.235268,51,158.989044
-1.272724,51,159.223521
-1.31057,51,159.260323
-1.117722,51,159.296949
-1.101625,51,159.333692
-1.224385,51,159.370387
-1.129019,51,159.406981
-1.250222,51,159.443596
-1.259295,51,159.480134
-1.260069,51,159.516884
-1.201835,51,159.553675
-1.152757,51,159.590301
-1.10869,51,159.626803
-1.2273,51,159.663408
-1.190648,51,159.700031
-1.147541,51,159.736535
-1.322005,51,159.77312
-1.177607,51,159.809618
-1.417068,51,159.846242
-1.248309,51,159.88291
-1.170453,51,159.919501
-1.193859,51,159.955898
-1.207788,51,159.992247
-1.324778,51,160.028738
-1.251136,51,160.065151
-1.265742,51,160.101786
-1.31011,51,160.138196
-1.113889,51,160.177524
-1.332232,51,160.217153
-1.246419,51,160.256673
-1.197815,51,160.295197
-1.244645,51,160.333997
-1.152973,51,160.372704
-1.144874,51,160.41132
-1.184338,51,160.450261
-1.232769,51,160.524066
-1.199962,51,160.562013
-1.09515,51,160.598944
-1.215283,52,160.636484
-1.303257,51,160.673499
-1.087386,51,160.710053
-1.138499,51,160.943752
-1.164089,51,160.980358
-1.187344,52,161.017788
-1.14934,52,161.055087
-1.33847,51,161.091648
-1.196712,52,161.12918
-1.19294,51,161.16589
-1.098626,51,161.202753
-1.175502,51,161.239391
-1.345413,51,161.275773
-1.237598,51,161.312153
-1.180426,51,161.348551
-1.112526,51,161.38496
-1.17656,51,161.421421
-1.162322,51,161.457827
-1.243637,51,161.494297
-1.066475,51,161.531139
-1.181302,51,161.56802
-1.275169,51,161.604634
-1.163784,51,161.641182
-1.154263,51,161.677758
-1.241551,51,161.714358
-1.195862,51,161.750947
-1.228692,51,161.787517
-1.160327,51,161.824001
-1.198107,51,161.860638
-1.154332,51,161.89721
-1.199204,52,161.934713
-1.120171,51,161.971274
-1.15434,51,162.007736
-1.198856,52,162.045253
-1.176024,51,162.084231
-1.111838,51,162.120967
-1.162903,51,162.157423
-1.103927,51,162.193937
-1.182828,51,162.230331
-1.236376,51,162.266838
-1.141044,51,162.30327
-1.178885,51,162.339917
-1.228805,51,162.376408
-1.2021,51,162.611622
-1.104927,51,162.648618
-1.161036,51,162.685234
-1.186363,51,162.721943
-1.170628,51,162.758562
-1.03102,51,162.795159
-1.220129,51,162.831837
-1.067279,51,162.868389
-1.140912,52,162.90575
-1.139282,51,162.942565
-1.265695,51,162.979355
-1.16211,51,163.015894
-1.18643,51,163.052437
-1.158031,51,163.088995
-1.09391,51,163.125289
-1.156955,51,163.16444
-1.168474,52,163.205507
-1.076729,51,163.246143
-1.207675,52,163.285289
-1.269855,51,163.324237
-1.113338,51,163.362158
-1.107472,52,163.400722
-1.143916,51,163.439233
-1.276088,52,163.478228
-1.219994,51,163.515807
-1.167385,51,163.552804
-1.150885,51,163.589448
-1.224604,51,163.625909
-1.10119,51,163.662371
-1.171915,52,163.69999
-1.124529,51,163.736881
-1.305146,51,163.773557
-1.291712,51,163.8101
-1.154376,51,163.846744
-1.101108,51,163.883361
-1.324233,52,163.920621
-1.293246,51,163.957248
-1.065061,51,163.99389
-1.122079,51,164.030413
-1.17802,51,164.066993
-1.141564,51,164.302165
-1.130936,52,164.339691
-1.170166,52,164.377003
-1.167774,51,164.413594
-1.247714,51,164.450208
-1.027156,51,164.486746
-1.188507,51,164.523272
-1.147662,51,164.559909
-1.087067,51,164.596458
-1.093977,51,164.632947
-1.190428,51,164.669598
-1.247739,51,164.706147
-1.249144,51,164.74254
-1.185548,51,164.779032
-1.194259,52,164.816313
-1.216361,51,164.852799
-1.10272,51,164.889297
-1.133165,51,164.925813
-1.135895,51,164.962235
-1.186433,52,164.999477
-1.16416,51,165.036011
-1.221642,51,165.072466
-1.39559,51,165.108992
-1.245676,51,165.145532
-1.278244,52,165.182661
-1.041911,51,165.219115
-1.219279,51,165.255566
-1.072707,51,165.292092
-1.180365,51,165.328572
-1.095637,51,165.364974
-1.221762,51,165.401475
-1.226962,51,165.437921
-1.1936,52,165.475052
-1.121044,51,165.511885
-1.251917,51,165.548426
-1.114638,51,165.585193
-1.183608,52,165.622735
-1.106039,51,165.659317
-1.136703,51,165.69582
-1.169901,51,165.732216
-1.105022,51,165.965946
-1.159865,51,166.002798
-1.143704,51,166.039453
-1.132559,51,166.076141
-1.119293,51,166.112744
-1.23102,51,166.149264
-1.103578,51,166.190633
-1.063945,51,166.230693
-1.160476,51,166.268904
-1.240361,51,166.308237
-0.99594,51,166.346676
-1.127268,51,166.386086
-1.076873,51,166.424789
-1.06532,51,166.46374
-1.160117,51,166.500414
-1.171284,51,166.537577
-1.130144,51,166.574619
-1.108157,51,166.611091
-1.140943,51,166.647535
-1.237036,51,166.684295
-1.111746,51,166.721067
-0.998636,51,166.757666
-1.12517,51,166.794134
-1.301008,52,166.831264
-1.122311,51,166.86762
-1.099721,51,166.903981
-1.142503,51,166.940441
-1.19505,51,166.976903
-1.115712,51,167.013254
-1.292934,51,167.049786
-1.183639,51,167.086206
-1.037875,51,167.122589
-1.141391,51,167.159042
-1.103199,51,167.195349
-1.146489,51,167.231652
-1.075507,52,167.268778
-1.048799,51,167.305157
-1.072141,51,167.341564
-1.054197,51,167.378038
-1.129052,51,167.414257
-1.266255,51,167.649628
-1.161328,51,167.686463
-1.036724,51,167.723183
-1.167881,51,167.759793
-1.189523,51,167.796407
-1.130269,51,167.833061
-1.166796,51,167.869975
-1.171044,51,167.906709
-1.117576,51,167.943231
-1.083642,51,167.979739
-1.135637,52,168.01703
-1.024232,51,168.053748
-1.023026,51,168.090464
-1.180393,51,168.127075
-1.132022,51,168.163658
-1.068295,52,168.200987
-1.204116,52,168.23832
-1.055514,51,168.274856
-1.054906,51,168.311449
-1.111022,51,168.347917
-1.113014,52,168.385271
-1.140792,51,168.421972
-1.168403,52,168.459172
-1.168911,52,168.496412
-1.09599,51,168.533333
-1.091805,51,168.570105
-1.017127,51,168.606614
-1.11842,52,168.643715
-1.102611,51,168.680222
-1.022018,51,168.716752
-1.060512,52,168.753894
-1.089512,52,168.791181
-1.158517,51,168.827571
-0.947094,51,168.866626
-1.02784,51,168.905747
-1.326431,51,168.944712
-1.066121,51,168.983961
-1.041718,51,169.02205
-1.196096,52,169.061946
-1.122991,52,169.099623
-1.138283,51,169.400768
-1.127189,51,169.44512
-1.11045,51,169.483941
-1.153853,52,169.522144
-1.087505,51,169.559227
-1.10308,51,169.595915
-1.067051,51,169.632387
-1.040588,51,169.669023
-1.202431,51,169.705583
-1.157871,51,169.742161
-1.175342,51,169.778683
-1.117126,51,169.815079
-1.084393,51,169.851497
-1.096766,52,169.888683
-1.201456,51,169.925116
-1.087723,51,169.961519
-1.107075,51,169.997776
-1.100908,52,170.034869
-1.135033,52,170.071938
-1.063933,51,170.108363
-1.119331,51,170.144765
-1.192612,51,170.181238
-1.047562,51,170.217601
-1.120137,51,170.254339
-1.107297,51,170.290839
-1.218597,51,170.327238
-1.096778,51,170.363551
-1.123565,51,170.399861
-1.097075,51,170.436288
-1.100281,51,170.472536
-1.011991,51,170.509067
-1.232018,51,170.54585
-1.06948,51,170.583411
-1.10311,52,170.620985
-1.11594,52,170.65864
-1.163085,51,170.695179
-1.058595,51,170.731681
-1.201297,51,170.768053
-0.970378,51,170.804415
-1.101372,51,170.840869
-1.073448,51,171.147309
-1.146983,51,171.189049
-1.108428,52,171.22947
-1.090444,51,171.26906
-1.134081,52,171.310057
-0.960946,52,171.350606
-1.045582,51,171.390829
-1.228717,51,171.440671
-1.230342,52,171.55067
-0.983379,51,171.697044
-1.249379,51,171.783586
-1.22377,51,171.863087
-1.19086,52,171.907348
-1.143743,51,171.954318
-1.108552,51,171.993346
-1.107393,51,172.031285
-1.087555,51,172.06861
-1.060309,52,172.106144
-1.16736,51,172.142919
-1.062123,51,172.185967
-1.094413,51,172.237139
-1.099096,51,172.277043
-1.02357,51,172.317698
-1.122927,51,172.356946
-1.091866,51,172.394521
-1.10715,51,172.431328
-1.10444,51,172.467999
-1.188104,51,172.504485
-1.163144,51,172.541031
-1.069228,51,172.578094
-1.12593,52,172.615712
-1.093314,51,172.652481
-1.079294,52,172.689713
-1.04232,51,172.726814
-1.109949,51,172.763745
-1.138016,52,172.801347
-1.070964,51,172.839483
-1.070938,51,172.881262
-1.097342,52,172.922252
-1.196401,51,172.96025
-0.991485,51,173.19822
-1.008271,51,173.234866
-1.021648,51,173.271407
-1.101167,51,173.308176
-1.01575,51,173.34519
-1.038527,52,173.383374
-1.127142,51,173.420661
-1.054139,51,173.457595
-1.21791,51,173.494332
-1.102613,51,173.531098
-1.200375,51,173.567647
-1.107877,51,173.60432
-1.045698,51,173.641031
-1.126476,51,173.677665
-1.003916,51,173.714471
-1.084937,51,173.751082
-1.059475,51,173.78764
-1.093587,51,173.824086
-0.971273,51,173.860591
-1.050003,51,173.896927
-0.996235,51,173.933388
-1.001129,51,173.969782
-1.038058,51,174.006167
-1.034335,51,174.042662
-1.063444,51,174.079258
-1.040602,51,174.116555
-1.215113,51,174.154221
-1.122185,51,174.191084
-1.229975,52,174.228615
-1.093093,51,174.265272
-1.057528,51,174.301918
-0.980571,51,174.338647
-0.998384,51,174.37542
-1.118945,51,174.412197
-1.125521,51,174.449417
-1.107841,51,174.486012
-1.040492,51,174.522697
-1.148126,51,174.559508
-1.06963,51,174.596286
-1.059732,51,174.632872
-1.101959,52,174.868519
-1.03705,51,174.905492
-0.99801,51,174.942297
-0.953717,51,174.978891
-1.044245,51,175.015737
-1.079571,51,175.052941
-1.080335,51,175.089522
-1.194748,51,175.126743
-1.068611,51,175.163645
-1.072907,52,175.201023
-1.088375,51,175.237605
-1.062681,51,175.274275
-0.991437,51,175.310755
-1.097913,51,175.347232
-1.074289,51,175.383717
-1.009968,51,175.420114
-0.992863,51,175.456507
-1.038834,51,175.493001
-1.303053,51,175.529502
-1.096145,51,175.565983
-0.994359,51,175.602453
-0.998634,52,175.640129
-1.081122,51,175.676947
-1.0864,51,175.713555
-1.059772,51,175.750098
-1.031754,51,175.786596
-1.118788,51,175.823113
-1.146578,51,175.859684
-1.1016,51,175.896183
-1.125648,51,175.93263
-1.081219,52,175.969887
-0.993507,51,176.006442
-1.115754,51,176.042894
-1.068241,52,176.080179
-1.110086,51,176.116632
-0.97766,51,176.153091
-1.100216,51,176.189593
-1.134272,51,176.226029
-0.997155,51,176.262513
-1.009788,51,176.29904
-1.142891,52,176.533847
-1.264884,51,176.57076
-0.96769,51,176.607922
-1.024831,51,176.644591
-0.97063,51,176.681208
-1.087238,51,176.717838
-1.007937,51,176.754416
-1.102146,51,176.79097
-1.185259,51,176.827657
-1.048453,51,176.864185
-1.114546,51,176.900686
-1.135282,51,176.937378
-1.102804,52,176.975948
-0.996026,51,177.013232
-1.003905,51,177.050787
-0.988815,51,177.092324
-1.171481,51,177.130663
-1.078311,51,177.168806
-1.124688,52,177.206301
-1.084928,51,177.243427
-1.049626,51,177.280147
-1.173822,51,177.316792
-1.181961,51,177.35315
-0.949782,51,177.389605
-1.003619,51,177.426024
-1.080565,51,177.462403
-1.06486,51,177.498796
-0.98219,51,177.535266
-0.998512,51,177.571907
-1.078402,52,177.609584
-1.114944,51,177.646083
-1.059577,51,177.682479
-1.052858,52,177.719549
-1.045305,51,177.75593
-1.042436,51,177.792299
-1.194174,52,177.829408
-1.02484,51,177.86573
-1.060609,51,177.902104
-1.017706,51,177.938498
-1.01602,51,177.974769
-1.103869,51,178.207887
-1.126054,51,178.244545
-0.989735,51,178.28105
-1.030339,51,178.317565
-0.994996,51,178.354121
-0.986259,51,178.390696
-1.054285,51,178.427168
-1.072974,51,178.463588
-1.062066,51,178.500109
-0.984788,51,178.536495
-0.931002,51,178.57295
-1.078316,52,178.610041
-0.975589,51,178.646683
-0.968278,51,178.68301
-1.014978,51,178.719479
-1.057355,51,178.755871
-1.090216,51,178.792245
-1.103967,51,178.828736
-0.96756,51,178.86513
-1.048351,52,178.902222
-1.061697,51,178.938679
-1.007312,51,178.976394
-0.962881,51,179.0129
-1.018905,51,179.049346
-1.060357,51,179.085721
-1.127226,52,179.122797
-1.113926,51,179.159103
-1.160644,51,179.195432
-1.178487,51,179.231826
-1.064068,51,179.26817
-1.099588,52,179.305214
-1.057115,51,179.341567
-1.105887,51,179.377875
-1.040626,51,179.414325
-1.009861,51,179.450735
-1.093474,51,179.48697
-1.119218,51,179.523254
-1.045028,52,179.560447
-1.033504,51,179.596745
-1.071135,51,179.633179
-1.150152,51,179.866747
-0.987975,51,179.903471
-0.964222,51,179.939924
-1.066491,52,179.977318
-0.993895,51,180.013875
-0.923487,51,180.050263
-0.965782,51,180.086737
-1.085079,51,180.123149
-1.069707,51,180.159591
-1.082366,52,180.196716
-1.054471,51,180.233165
-1.073502,51,180.269522
-1.170634,51,180.30589
-1.021073,51,180.342301
-1.080303,51,180.378648
-0.936183,51,180.415059
-1.141467,51,180.451367
-1.050115,51,180.487772
-0.979331,51,180.524081
-1.097017,51,180.561029
-1.012743,51,180.597688
-0.920261,51,180.634518
-1.087116,51,180.671188
-1.095753,52,180.708376
-1.072952,51,180.744809
-0.954589,51,180.781251
-0.977561,51,180.817572
-1.029196,51,180.854024
-1.076266,51,180.890374
-1.084729,52,180.927552
-0.984012,51,180.963831
-1.068299,51,181.000167
-1.075087,51,181.036498
-0.96809,52,181.073869
-1.141233,51,181.110402
-0.968016,51,181.147122
-0.963974,51,181.183569
-0.968829,51,181.21995
-0.958813,51,181.25627
-0.979237,51,181.292579
-1.034638,51,181.5257
-0.999228,51,181.56259
-0.999784,51,181.599437
-1.026432,51,181.636349
-1.019091,51,181.672951
-1.065095,51,181.709534
-1.021567,51,181.746128
-0.993402,51,181.782612
-1.066142,51,181.819237
-1.15592,51,181.85575
-1.005287,51,181.892323
-1.117021,52,181.929629
-1.0159,52,181.966942
-1.06613,51,182.003882
-1.111963,52,182.041549
-1.011554,51,182.078105
-0.950014,51,182.114562
-1.155869,52,182.151773
-1.02398,51,182.188219
-1.062087,51,182.22461
-0.985678,51,182.261038
-0.952789,51,182.297402
-1.00038,52,182.334591
-1.096345,51,182.370985
-1.029286,51,182.407422
-0.976824,51,182.443863
-1.131298,51,182.48015
-0.975804,51,182.516512
-1.034052,51,182.553258
-1.006823,52,182.590992
-1.084596,51,182.627987
-1.01529,51,182.66482
-1.005582,51,182.701443
-0.993968,51,182.738126
-0.994473,51,182.774649
-1.122754,52,182.811998
-0.972321,51,182.848749
-0.949791,51,182.885258
-1.087016,51,182.921851
-1.263855,51,182.958342
-0.9689,51,183.191874
-0.97974,52,183.229389
-1.064165,51,183.265924
-1.116109,51,183.30238
-0.94919,51,183.338845
-0.93926,51,183.375295
-0.973399,51,183.411827
-1.036071,51,183.448169
-1.007991,51,183.484728
-1.045273,52,183.522005
-0.975105,51,183.558469
-0.904493,51,183.594815
-1.117001,52,183.631858
-1.117366,52,183.669503
-0.952802,51,183.706074
-1.089999,51,183.74267
-0.980898,51,183.779165
-0.950509,51,183.815657
-1.112405,51,183.852258
-0.954541,51,183.888909
-0.977682,51,183.925455
-0.95103,52,183.962781
-1.014323,52,184.000197
-0.965396,51,184.036661
-1.055587,52,184.074018
-1.048688,51,184.110569
-0.984894,51,184.147014
-1.090977,51,184.183427
-1.019518,51,184.219902
-0.976922,51,184.256493
-1.155726,51,184.292935
-1.010596,51,184.329424
-1.032894,51,184.365928
-1.033793,51,184.402369
-1.039186,51,184.43895
-1.095101,51,184.47538
-1.03059,52,184.512543
-1.002183,51,184.54912
-1.141207,51,184.585891
-1.070364,51,184.622405
-1.04162,51,184.856433
-0.970596,51,184.89322
-0.992031,51,184.929695
-0.947505,51,184.966261
-0.976223,51,185.002722
-1.04495,52,185.039833
-0.944509,52,185.077214
-1.150523,51,185.113667
-1.013718,51,185.150051
-0.984438,51,185.186422
-0.954098,51,185.222909
-1.075541,51,185.259274
-1.028182,51,185.295677
-1.030192,51,185.332052
-0.990553,51,185.368471
-0.979896,51,185.404752
-0.98629,51,185.441063
-1.017287,51,185.477408
-1.039616,51,185.513856
-1.006338,52,185.551013
-1.024089,51,185.587353
-1.087398,51,185.623762
-1.06601,51,185.660932
-1.063186,51,185.69765
-0.966076,51,185.73408
-0.962845,51,185.770488
-1.042525,52,185.807698
-1.06934,51,185.844043
-1.026947,51,185.880541
-0.967528,51,185.916874
-0.978311,51,185.953207
-1.028609,51,185.989594
-0.942652,51,186.025888
-0.970835,52,186.063119
-1.028686,52,186.100293
-0.97822,51,186.136661
-0.945359,51,186.173036
-1.033911,51,186.209395
-1.021431,51,186.245777
-0.9977,51,186.282575
-1.059739,51,186.515877
-0.98459,52,186.553616
-0.965067,51,186.590666
-0.972979,51,186.627361
-1.017357,51,186.664103
-1.0264,52,186.701438
-0.928912,51,186.738104
-1.036184,51,186.774627
-0.984795,52,186.81205
-0.951839,51,186.848705
-1.066018,51,186.885384
-1.010053,51,186.921971
-0.995662,51,186.958581
-1.007491,52,186.995823
-0.960831,51,187.032282
-0.949085,51,187.06911
-0.969367,51,187.10578
-0.947358,51,187.142381
-0.966467,51,187.178845
-0.979229,51,187.215362
-1.01026,51,187.251801
-0.971103,51,187.28828
-0.947116,51,187.324779
-1.03054,52,187.361931
-1.129285,51,187.398317
-0.993493,51,187.434747
-0.929749,51,187.471203
-0.992881,51,187.507549
-1.021572,51,187.543932
-0.900996,51,187.580428
-1.010497,52,187.617587
-0.948091,51,187.654385
-0.954237,52,187.692367
-1.01361,51,187.729879
-0.997177,51,187.766466
-0.97282,51,187.803372
-1.014814,51,187.839877
-1.139948,51,187.876559
-0.94087,51,187.913025
-1.023167,51,187.949429
-0.992035,51,188.183352
-1.020891,51,188.220335
-1.006294,51,188.256995
-0.999108,52,188.294434
-1.006379,51,188.331076
-1.036617,52,188.368424
-0.967207,51,188.405047
-0.98035,51,188.441713
-1.037837,51,188.478251
-1.095987,51,188.514817
-0.974617,51,188.551416
-1.025733,51,188.588757
-1.007151,51,188.625986
-0.93524,51,188.663611
-1.01785,51,188.700337
-1.035968,51,188.736875
-0.946093,51,188.773494
-0.9728,51,188.810019
-1.029406,51,188.846648
-0.955962,51,188.883104
-0.993638,51,188.91963
-1.044432,51,188.958353
-0.907904,51,188.995142
-1.017285,52,189.032406
-0.982384,51,189.068865
-0.982742,51,189.10692
-0.948887,51,189.143974
-0.988959,51,189.180463
-0.969716,51,189.216958
-1.005641,51,189.253579
-0.961854,51,189.290174
-0.95886,51,189.327116
-0.982046,51,189.363797
-0.920787,51,189.400296
-1.002149,51,189.43672
-1.051888,51,189.47313
-0.989088,51,189.509634
-0.965697,51,189.546115
-1.041426,52,189.583826
-0.944509,51,189.620431
-0.948339,51,189.6569
-0.935368,52,189.891859
-1.023543,51,189.928419
-0.937977,51,189.964993
-1.007026,51,190.001428
-1.122885,51,190.037848
-1.014455,51,190.074317
-1.018048,51,190.110646
-1.132375,51,190.147066
-0.904527,51,190.184446
-0.929676,51,190.221056
-1.011276,51,190.257461
-0.998203,52,190.294656
-1.057474,51,190.331107
-0.957316,51,190.367545
-0.942544,51,190.403875
-1.038486,51,190.440567
-0.907909,51,190.477015
-0.971957,51,190.513425
-1.057566,51,190.549904
-0.982112,51,190.586369
-0.902872,51,190.622747
-1.078344,52,190.6601
-1.008643,51,190.696843
-0.957052,52,190.734054
-1.051088,52,190.771258
-1.029495,52,190.808396
-0.918104,51,190.844981
-0.945338,51,190.881576
-1.030379,51,190.91791
-1.01756,51,190.954153
-1.049107,51,190.990472
-1.013326,51,191.026803
-0.920685,51,191.063217
-1.008482,51,191.099543
-0.886182,51,191.135892
-1.040662,51,191.17226
-0.965128,51,191.208606
-1.067225,52,191.245812
-0.929019,51,191.282081
-0.983679,51,191.318315
-1.046937,51,191.552239
-0.984399,51,191.589381
-0.971531,51,191.625976
-0.957067,51,191.662767
-0.910075,51,191.699622
-0.896805,51,191.736247
-0.952601,51,191.772846
-0.913103,51,191.809873
-0.92141,52,191.847102
-0.920004,51,191.883548
-1.094208,51,191.920054
-0.928189,51,191.956483
-0.937307,51,191.992954
-1.002387,52,192.030108
-1.046032,51,192.067407
-0.892552,52,192.105379
-1.017234,52,192.142811
-0.887486,52,192.179933
-0.949073,52,192.217091
-0.91966,51,192.25349
-0.894078,51,192.29001
-0.90169,51,192.326892
-1.071101,52,192.36426
-0.91936,51,192.400903
-1.082975,51,192.437394
-0.944768,51,192.473912
-1.013119,51,192.510358
-0.928684,51,192.546823
-0.974014,51,192.583364
-1.008832,51,192.620089
-1.009028,51,192.656736
-1.024932,52,192.694085
-0.928681,51,192.730664
-0.991384,51,192.767202
-1.014871,51,192.803816
-0.957477,52,192.841252
-0.993278,51,192.877639
-0.923969,51,192.914144
-0.982857,52,192.951364
-0.938009,51,192.987839
-1.055436,51,193.221857
-0.948873,51,193.258363
-0.94192,51,193.294786
-0.981823,51,193.331142
-0.89726,51,193.367622
-1.096653,51,193.403952
-0.9932,51,193.440265
-1.009966,51,193.476654
-0.928632,51,193.513076
-0.909895,51,193.549416
-0.98055,51,193.585838
-0.955755,51,193.622151
-0.930333,51,193.65847
-0.838735,51,193.694816
-1.002805,51,193.73126
-0.995122,51,193.767611
-0.965587,51,193.803938
-0.946057,51,193.840354
-0.9572,51,193.876672
-1.005369,52,193.913723
-0.948024,51,193.950264
-1.050232,51,193.987268
-0.889319,51,194.023816
-1.08028,51,194.060302
-0.907728,51,194.096722
-1.056933,51,194.133178
-0.984144,51,194.169574
-1.066657,51,194.205993
-0.921729,52,194.242964
-0.95208,51,194.279254
-0.933187,51,194.315635
-0.917165,51,194.351943
-0.962078,51,194.388249
-0.951045,51,194.424635
-1.010197,51,194.460975
-1.006491,51,194.497267
-1.045832,51,194.533634
-0.967134,51,194.570043
-0.886256,51,194.606334
-0.889039,51,194.642688
-0.904919,51,194.876438
-0.881704,51,194.912939
-0.957008,51,194.949422
-0.895857,51,194.985939
-0.919907,51,195.022317
-0.959787,51,195.0587
-0.92137,51,195.09516
-0.884868,51,195.132155
-0.900563,51,195.168758
-0.974157,51,195.205266
-0.904158,51,195.241609
-0.879787,51,195.277987
-0.963384,51,195.31445
-0.98945,51,195.350761
-1.076661,51,195.387066
-0.953817,51,195.423413
-1.006515,51,195.459815
-0.913446,51,195.496165
-0.992153,51,195.532545
-0.962293,51,195.568827
-0.955288,51,195.605175
-0.945566,51,195.641673
-1.022174,51,195.678911
-0.989392,51,195.71543
-0.963579,51,195.751911
-0.914975,51,195.788409
-0.901347,51,195.824854
-1.001273,51,195.861286
-0.934404,51,195.897644
-0.921808,51,195.933959
-0.906666,51,195.970304
-0.952882,52,196.007402
-0.983787,52,196.04443
-0.938936,51,196.080691
-0.925427,51,196.116944
-0.943128,51,196.153302
-0.975886,51,196.189598
-0.97867,51,196.225887
-0.884076,51,196.262428
-0.882996,51,196.298983
-0.991417,51,196.533616
-0.878669,51,196.570588
-0.89108,51,196.607563
-1.070521,51,196.644279
-0.955151,51,196.681301
-0.989973,51,196.718
-0.933832,51,196.754496
-0.965697,51,196.790927
-0.954816,51,196.82734
-0.853555,51,196.86377
-0.969934,52,196.900945
-0.984705,51,196.937272
-0.944142,51,196.973674
-0.988414,51,197.010146
-0.978847,51,197.04673
-1.090542,51,197.083152
-0.909951,51,197.119812
-0.928875,51,197.156359
-0.960836,51,197.192841
-1.031754,51,197.229323
-0.909689,51,197.265784
-0.987834,51,197.302252
-0.876538,51,197.338802
-0.953432,51,197.375279
-1.051152,51,197.411603
-0.9204,51,197.447928
-0.932889,51,197.484262
-0.89568,51,197.520636
-0.957101,51,197.556929
-1.013395,52,197.59392
-0.844656,51,197.630444
-0.891905,51,197.667284
-0.964932,51,197.704078
-1.052112,51,197.740608
-0.974696,51,197.777153
-0.929846,51,197.813728
-0.947158,51,197.850299
-0.895085,51,197.887342
-0.89935,51,197.925876
-0.972413,51,197.962668
-0.963244,51,198.20821
-0.937785,51,198.247521
-0.879126,51,198.290157
-0.901807,51,198.329235
-0.957519,51,198.366384
-0.996009,52,198.404197
-0.882561,51,198.440822
-0.836402,51,198.477462
-0.990379,52,198.514689
-0.88598,51,198.5512
-0.956986,51,198.587621
-1.003442,51,198.624539
-0.906967,52,198.662098
-0.966908,51,198.698759
-0.884586,51,198.735298
-1.022394,51,198.771835
-0.942081,51,198.808354
-0.985139,51,198.844733
-1.03178,51,198.881253
-0.940541,51,198.917722
-0.87301,51,198.95415
-0.858807,51,198.990487
-0.937579,51,199.026876
-0.937812,51,199.063224
-0.945669,52,199.100382
-0.947982,51,199.137298
-0.993173,51,199.174025
-0.985437,51,199.210809
-0.980387,51,199.24757
-0.945079,51,199.284193
-0.891406,51,199.320676
-0.99777,52,199.357939
-0.936062,51,199.394512
-0.924905,51,199.431034
-0.809133,51,199.467522
-0.968566,51,199.504088
-0.845679,51,199.540559
-0.87924,52,199.577893
-0.904418,51,199.614484
-0.972009,51,199.650945
-0.931915,51,199.88531
-0.91601,51,199.922142
-0.944194,51,199.958862
-0.844161,51,199.995487
-0.990091,51,200.032073
-0.930804,51,200.068716
-0.898775,51,200.105228
-0.984732,51,200.142219
-0.915847,51,200.179028
-0.875518,52,200.216685
-0.935988,52,200.253909
-0.936512,51,200.290398
-0.96003,51,200.326748
-0.9355,51,200.363053
-0.920436,51,200.399408
-0.918488,51,200.435763
-0.936214,52,200.472769
-0.918162,51,200.509084
-0.949891,51,200.545355
-1.020426,51,200.581698
-0.94316,51,200.618105
-0.933708,51,200.655298
-0.942358,51,200.691888
-0.966493,51,200.728418
-0.860335,52,200.765632
-0.905673,51,200.802008
-0.93085,52,200.83924
-0.911495,51,200.87561
-0.85984,52,200.912742
-0.901863,51,200.949176
-0.940176,51,200.985557
-0.950381,51,201.021908
-0.913055,52,201.059044
-0.920669,52,201.0962
-0.879924,51,201.132539
-0.950764,52,201.170399
-0.939634,51,201.208189
-0.972813,51,201.245265
-0.92415,51,201.282154
-1.018934,51,201.318762
-0.873268,51,201.552549
-0.960564,51,201.589652
-0.838924,51,201.626401
-0.864566,51,201.662958
-0.910574,52,201.700339
-0.876536,51,201.736911
-0.868565,51,201.773454
-0.925772,51,201.810037
-0.967518,51,201.846567
-0.938793,51,201.883193
-0.933431,51,201.920014
-0.895647,51,201.956553
-0.873234,51,201.99345
-0.931832,51,202.03005
-0.964534,51,202.066498
-0.980712,51,202.103606
-0.841225,51,202.140864
-0.870295,51,202.177528
-0.949936,51,202.214074
-0.939341,51,202.250718
-0.865367,51,202.287261
-0.947722,52,202.324574
-0.841799,51,202.362564
-0.818065,51,202.402542
-0.923788,52,202.444196
-0.970334,51,202.482997
-0.939105,52,202.523008
-1.042361,51,202.560503
-0.938131,51,202.597505
-0.901189,51,202.634238
-0.91652,52,202.671566
-0.901375,51,202.708135
-0.865418,51,202.744728
-0.910305,51,202.781229
-0.93091,51,202.817692
-0.943787,51,202.8544
-0.993798,51,202.89156
-0.866225,51,202.92908
-0.898217,51,202.96577
-0.900414,51,203.002314
-0.849429,51,203.236828
-0.95306,51,203.273594
-0.905198,51,203.310157
-0.874128,51,203.34666
-0.865706,52,203.384039
-0.847015,51,203.421026
-0.97292,52,203.458408
-0.935756,51,203.495017
-0.960986,51,203.531604
-0.92614,51,203.568059
-1.002657,51,203.604486
-0.965713,51,203.640889
-0.871568,51,203.677299
-0.904441,51,203.713677
-0.919728,51,203.750169
-1.028782,51,203.786576
-0.84808,51,203.822917
-0.945125,51,203.85934
-0.914575,51,203.895711
-0.844716,51,203.932109
-0.900294,51,203.968424
-0.997095,51,204.004711
-0.925934,52,204.041751
-0.994683,51,204.07808
-0.896405,51,204.115701
-0.950523,51,204.152387
-0.878746,51,204.188796
-0.987881,51,204.225274
-0.998687,51,204.261694
-0.895022,51,204.297964
-0.846643,52,204.335006
-1.023921,51,204.371335
-0.929192,51,204.407679
-1.049877,51,204.444057
-0.838802,51,204.480302
-0.926907,51,204.516661
-0.896206,51,204.553041
-0.92329,51,204.589351
-0.876972,51,204.625858
-0.990148,51,204.662626
-0.892458,51,204.895844
-0.890488,51,204.93265
-0.934466,51,204.969406
-1.029047,52,205.006858
-0.864975,51,205.043741
-0.906204,51,205.080281
-1.030247,51,205.116919
-0.94049,52,205.154497
-0.865881,51,205.191441
-0.891875,51,205.228253
-0.803,51,205.264826
-0.936972,51,205.30141
-0.878252,51,205.33802
-0.975743,52,205.375246
-0.908442,51,205.41173
-1.038848,51,205.448253
-0.984041,51,205.484772
-0.889588,51,205.521276
-0.920991,51,205.557699
-0.879115,51,205.594166
-0.868878,52,205.631414
-0.830878,51,205.668437
-0.944549,51,205.705233
-0.848474,51,205.741728
-0.938244,51,205.778227
-1.005308,51,205.814764
-0.808749,51,205.85123
-0.849466,51,205.887735
-0.875294,51,205.924109
-0.858803,51,205.960473
-0.934127,51,205.996846
-0.854306,51,206.033239
-0.980789,52,206.070269
-0.956362,51,206.1068
-0.923369,52,206.143912
-0.9301,51,206.180314
-0.965027,51,206.216586
-0.902225,51,206.252931
-0.893413,51,206.289456
-0.920493,51,206.326013
-0.874519,51,206.559459
-0.864125,51,206.596398
-0.910545,51,206.632968
-0.865959,51,206.669966
-0.950199,52,206.707885
-0.920423,51,206.744678
-0.887519,51,206.781312
-0.916194,52,206.819559
-0.860791,51,206.856023
-0.842677,51,206.892392
-0.892408,51,206.928824
-0.834767,51,206.965216
-0.998247,51,207.001517
-0.920349,51,207.037823
-0.895126,51,207.074427
-0.917918,51,207.110868
-1.050559,51,207.147184
-0.94951,51,207.183763
-0.98363,52,207.220954
-0.957801,51,207.258003
-0.943721,51,207.294603
-0.919765,51,207.33094
-0.952427,51,207.367322
-0.860747,51,207.403842
-1.024571,51,207.440329
-0.960037,51,207.476793
-1.030979,51,207.513207
-0.934314,52,207.550848
-0.883339,51,207.587547
-0.96682,51,207.624216
-0.875988,51,207.660822
-0.87923,51,207.697417
-0.888798,51,207.734114
-0.91962,51,207.770764
-1.009276,51,207.80736
-0.950817,51,207.844045
-0.900479,52,207.881325
-0.938629,51,207.918005
-0.897222,52,207.95526
-0.930977,51,207.991912
-0.886439,52,208.231316
-0.90883,51,208.268093
-0.922072,52,208.305592
-0.888081,52,208.342823
-0.908194,51,208.380272
-0.914418,51,208.417944
-0.890528,51,208.455564
-0.806109,51,208.493194
-0.840844,51,208.531156
-0.963305,51,208.568668
-0.943642,51,208.606285
-0.921911,51,208.643536
-0.864639,52,208.681013
-0.872857,51,208.718324
-0.85898,51,208.755409
-0.930996,51,208.792519
-0.856044,51,208.829278
-0.893374,51,208.873632
-0.874603,52,208.912505
-0.816086,51,208.950303
-0.971437,51,208.98765
-0.934368,51,209.024603
-0.948772,52,209.062782
-0.965529,51,209.099802
-0.87291,51,209.136805
-0.910344,51,209.174046
-0.937502,51,209.211397
-0.944961,51,209.248637
-0.863866,51,209.285995
-0.840023,51,209.322664
-0.873341,51,209.359523
-0.8807,51,209.396315
-0.916155,51,209.432766
-0.980953,51,209.46994
-0.818011,51,209.506801
-0.94396,51,209.54368
-0.912641,51,209.580799
-0.975008,52,209.617832
-0.839079,51,209.65438
-0.864059,51,209.691286
-0.872225,51,209.938556
-0.92652,51,209.975344
-0.867371,51,210.01215
-0.967949,51,210.048992
-0.924158,51,210.086204
-0.945067,51,210.123223
-0.995947,51,210.160393
-0.883244,51,210.197431
-1.068116,51,210.234478
-0.85368,52,210.272349
-0.843928,51,210.309807
-0.886068,51,210.347118
-0.94087,51,210.384489
-0.91947,51,210.421631
-0.864427,51,210.459
-1.062937,51,210.496505
-0.860738,51,210.533744
-0.788712,51,210.570855
-0.947792,51,210.608139
-0.902446,52,210.646097
-0.900806,52,210.684433
-0.939361,51,210.721573
-0.901652,51,210.758589
-0.893183,51,210.795422
-0.878264,51,210.831812
-0.842665,51,210.868179
-0.869947,51,210.905234
-0.885529,51,210.943809
-0.959052,51,210.982254
-0.922228,51,211.020666
-0.87835,52,211.059597
-0.990265,51,211.09713
-0.921969,51,211.133616
-0.882096,51,211.170028
-0.911448,52,211.207456
-1.024775,51,211.243815
-0.965922,51,211.281183
-0.932119,51,211.317979
-0.919859,52,211.355123
-0.839892,51,211.39513
-0.883169,51,211.649407
-0.875633,51,211.686241
-0.885402,51,211.722931
-0.857887,51,211.759872
-0.812737,51,211.796518
-0.917111,51,211.833065
-0.859407,51,211.869706
-0.86646,51,211.906184
-0.969562,51,211.94269
-0.954297,51,211.979182
-0.83858,51,212.015677
-0.899398,51,212.052109
-0.834455,51,212.088702
-0.913927,51,212.125427
-0.89949,51,212.162227
-0.919932,51,212.199471
-0.881026,51,212.236059
-0.849657,51,212.272618
-0.880463,51,212.309074
-0.823457,51,212.345527
-0.908972,52,212.382744
-0.816205,51,212.419229
-0.873421,51,212.457558
-0.983477,51,212.49624
-0.932162,51,212.534147
-0.84262,51,212.572131
-0.846563,51,212.60986
-0.942335,51,212.647358
-0.812653,51,212.68446
-0.885612,51,212.721597
-0.79597,51,212.758433
-0.844945,51,212.79539
-0.968188,51,212.832314
-0.980152,51,212.869315
-0.912679,51,212.90633
-0.969403,51,212.943603
-0.883823,51,212.980088
-0.844883,51,213.017256
-0.879075,52,213.054485
-0.834088,51,213.091634
-0.853081,51,213.330693
-0.897183,52,213.368673
-0.854966,51,213.405896
-0.887847,51,213.442933
-0.832286,51,213.479785
-0.979615,51,213.517398
-0.795261,51,213.554497
-0.804725,51,213.591479
-0.836201,51,213.628547
-0.79945,52,213.667947
-0.831453,51,213.706444
-0.862757,51,213.744957
-0.855847,51,213.783255
-0.855149,51,213.820367
-0.931774,51,213.85767
-1.077389,51,213.89489
-0.873585,51,213.932035
-0.944061,51,213.96921
-0.921819,51,214.006478
-0.811421,51,214.043686
-0.861053,51,214.080852
-0.925029,52,214.118867
-0.824353,51,214.155598
-0.875119,51,214.194089
-0.878992,51,214.232642
-0.942595,51,214.271119
-0.811427,51,214.309682
-0.801255,51,214.347517
-0.890723,51,214.384227
-0.902116,51,214.421353
-0.854433,51,214.457781
-0.965464,51,214.494305
-0.872509,51,214.531018
-0.844941,51,214.56753
-0.891626,51,214.604018
-0.830732,51,214.640378
-0.897299,51,214.676796
-0.910553,51,214.713193
-0.903973,51,214.749708
-0.872471,51,214.786092
-0.892857,51,215.019652
-0.823519,51,215.056629
-0.835197,51,215.09331
-0.799462,51,215.130135
-0.78921,51,215.166743
-0.848216,51,215.203671
-0.807433,51,215.240284
-0.835745,52,215.277537
-0.820586,51,215.314394
-0.783937,51,215.352233
-0.79129,51,215.389743
-0.918786,51,215.427284
-0.88334,51,215.464585
-0.831318,51,215.502042
-0.939269,52,215.539274
-0.83831,51,215.575785
-0.803205,51,215.612293
-0.92744,51,215.648839
-0.867778,52,215.686575
-0.935211,51,215.723397
-0.875036,51,215.760008
-0.855502,51,215.796977
-0.90787,51,215.833728
-0.787924,51,215.870096
-0.874462,51,215.906462
-0.928542,51,215.94287
-0.828921,51,215.97929
-0.827189,51,216.016404
-0.789246,51,216.054879
-0.933611,51,216.093259
-0.904082,51,216.131638
-0.910967,51,216.169739
-0.839511,51,216.207123
-0.958459,51,216.244255
-0.867088,52,216.282188
-0.904623,51,216.319312
-0.891435,51,216.356464
-0.931409,51,216.393664
-0.826384,51,216.430702
-0.893499,51,216.467643
-0.860867,52,216.711665
-1.008583,52,216.751637
-0.809879,51,216.790384
-0.908749,52,216.828868
-0.910941,51,216.86572
-0.89243,51,216.902269
-0.807254,51,216.938796
-0.838616,52,216.976154
-0.907854,51,217.012709
-0.743816,51,217.049228
-0.807428,51,217.086674
-0.822583,51,217.124667
-0.908339,52,217.162986
-0.834892,51,217.201135
-0.988727,51,217.239075
-0.824532,51,217.276394
-0.825003,51,217.313998
-0.980487,51,217.350682
-0.887092,52,217.388118
-0.817425,51,217.424975
-0.869361,52,217.462134
-0.863257,51,217.499041
-0.848712,51,217.535917
-0.759158,51,217.572812
-0.949812,51,217.609748
-0.83801,52,217.647347
-0.946778,52,217.685307
-0.871594,51,217.724091
-0.825509,51,217.761141
-0.973437,51,217.798073
-0.830268,52,217.835668
-0.81691,52,217.873024
-0.837327,51,217.909557
-0.977943,51,217.946773
-0.984542,51,217.983709
-0.808095,51,218.020356
-0.812381,51,218.056836
-0.912114,51,218.093697
-0.880095,52,218.131345
-0.800874,51,218.168429
-0.941964,51,218.414105
-0.853992,51,218.451518
-0.82098,51,218.488589
-0.84391,51,218.525742
-0.8689,51,218.563665
-0.826019,51,218.60103
-0.907516,51,218.638394
-0.879552,51,218.675854
-0.907239,52,218.713867
-0.799491,51,218.751105
-0.815703,51,218.788266
-0.909552,51,218.8268
-0.784797,52,218.866706
-0.853887,52,218.906245
-0.811174,51,218.944527
-0.867925,51,218.982063
-0.887639,51,219.018471
-0.799284,51,219.054847
-0.802014,51,219.091306
-0.966864,51,219.127594
-0.956722,51,219.163959
-0.897037,51,219.2004
-0.847074,51,219.237964
-0.812839,51,219.275908
-0.780551,52,219.314522
-0.863394,51,219.352314
-0.813497,51,219.389876
-0.87434,51,219.427001
-0.809582,51,219.464239
-0.81255,51,219.500872
-0.869285,52,219.538309
-0.830365,52,219.575767
-0.899993,51,219.612315
-0.941681,51,219.649216
-0.92909,51,219.686817
-0.948323,51,219.723473
-0.816134,51,219.759913
-0.876554,51,219.796432
-0.902081,51,219.832869
-0.929235,51,219.870099
-0.821267,51,220.115933
-0.826767,51,220.153454
-0.917264,51,220.190637
-0.882941,51,220.228179
-0.920956,51,220.265465
-0.761638,52,220.303443
-0.815763,51,220.340664
-0.769597,51,220.37794
-0.803103,52,220.415711
-0.857264,51,220.45293
-0.908364,51,220.491704
-0.888895,51,220.530356
-0.773834,51,220.568986
-0.77667,51,220.607423
-0.792068,51,220.644936
-0.867403,51,220.682462
-0.912511,51,220.719321
-0.792891,51,220.756117
-0.893272,51,220.79266
-0.816544,51,220.829254
-0.770468,51,220.865932
-0.951354,51,220.902624
-0.865115,51,220.940767
-0.854035,51,220.978465
-0.808083,52,221.017028
-0.814333,51,221.054443
-0.913626,51,221.092014
-0.790005,51,221.12911
-0.904703,51,221.166665
-0.900259,51,221.204328
-0.850533,52,221.241753
-0.886007,51,221.27851
-0.91918,51,221.315095
-0.832081,51,221.35186
-0.81772,51,221.388451
-0.841597,51,221.425574
-0.830965,51,221.462565
-0.82547,51,221.499239
-0.835561,51,221.535843
-0.857759,51,221.572624
-0.824508,51,221.60969
-0.876975,51,221.849998
-0.914743,51,221.888786
-0.904333,51,221.927617
-0.834395,51,221.966751
-0.78901,51,222.004534
-0.86761,51,222.041951
-0.798638,51,222.079254
-0.842161,51,222.116486
-0.845478,51,222.153692
-0.883116,52,222.191661
-0.821677,51,222.228895
-0.877396,52,222.266809
-0.862065,51,222.304039
-0.860937,51,222.341347
-0.810505,51,222.378646
-0.846337,51,222.417536
-0.835283,51,222.456122
-0.859907,51,222.494754
-0.867671,51,222.53329
-0.870759,51,222.571
-0.898424,51,222.60793
-0.848042,51,222.644566
-0.76088,51,222.681061
-0.821308,51,222.717713
-0.912007,51,222.754209
-0.826726,51,222.790623
-0.88727,52,222.828649
-0.916655,51,222.866745
-0.836678,52,222.905838
-0.863628,51,222.943274
-0.882567,51,222.980752
-0.784959,51,223.017927
-0.858522,52,223.055633
-0.847882,51,223.092864
-0.966584,51,223.129684
-0.869923,51,223.16614
-0.845018,51,223.202756
-0.863011,52,223.239965
-0.884119,51,223.276594
-0.824923,51,223.313139
-0.843363,51,223.548771
-0.923435,51,223.585371
-0.883584,51,223.623515
-0.791605,51,223.66197
-0.768782,51,223.700369
-0.84098,52,223.739658
-0.942935,51,223.777197
-0.897611,51,223.814246
-0.868089,51,223.851365
-0.956868,51,223.88837
-0.811578,52,223.926204
-0.839178,51,223.963816
-0.776927,51,224.001142
-0.794522,51,224.038169
-0.822262,51,224.075738
-0.826097,52,224.115169
-0.829161,51,224.154455
-0.858354,51,224.193085
-0.794714,51,224.231075
-0.802424,51,224.26821
-0.895865,51,224.304706
-0.840558,51,224.3412
-0.822114,51,224.377674
-0.79902,51,224.41414
-0.965824,51,224.450538
-0.922466,51,224.487124
-0.972294,51,224.525317
-0.787901,51,224.562217
-0.858761,51,224.600414
-0.787779,51,224.637668
-0.981614,51,224.674587
-0.937481,51,224.712785
-0.828561,52,224.750744
-0.845315,51,224.787472
-0.870237,51,224.824083
-0.878605,51,224.860683
-0.798823,51,224.897324
-0.786536,51,224.933807
-0.876102,51,224.970474
-0.829058,51,225.007164
-0.93748,51,225.253895
-0.835985,51,225.29122
-0.922454,51,225.328294
-0.836722,51,225.365259
-0.796848,51,225.40237
-0.807676,51,225.439439
-0.827448,51,225.476466
-0.84408,51,225.513514
-0.857688,51,225.550824
-0.815875,51,225.588381
-0.820979,51,225.626914
-0.877929,51,225.665369
-0.867196,51,225.703816
-0.852646,51,225.742365
-0.808539,52,225.780832
-0.748543,51,225.817312
-0.818486,51,225.853801
-0.974755,51,225.890196
-0.820806,51,225.926632
-0.868606,51,225.963014
-0.919139,51,225.999525
-0.785872,51,226.037001
-0.84733,52,226.075518
-0.844263,51,226.113502
-0.88203,51,226.150969
-0.832546,52,226.189084
-0.769445,51,226.226222
-0.868758,51,226.263132
-0.921649,51,226.300118
-0.913023,51,226.336749
-0.806952,51,226.373334
-0.842214,51,226.409904
-0.823259,51,226.446345
-0.939494,51,226.483364
-0.776567,51,226.520281
-0.860755,51,226.556751
-0.897559,51,226.593644
-0.848662,51,226.630409
-0.779078,51,226.667936
-0.813337,51,226.706585
-0.897704,52,226.951416
-0.810623,51,226.988881
-0.804329,51,227.026174
-0.745014,52,227.064271
-0.828726,51,227.101644
-0.831441,51,227.138809
-0.821851,51,227.17593
-0.798136,51,227.213233
-0.809167,51,227.250551
-0.785066,51,227.287778
-0.807943,51,227.324148
-0.834102,51,227.360583
-0.811395,51,227.397017
-0.897106,51,227.433424
-0.887823,51,227.470866
-0.80184,51,227.508682
-0.823979,52,227.546861
-0.83078,51,227.58458
-0.91573,51,227.622865
-0.818621,52,227.661123
-0.860382,52,227.69912
-0.908833,51,227.73588
-0.911411,52,227.773626
-0.805954,51,227.810209
-0.831364,51,227.847213
-0.791553,51,227.88412
-0.829079,51,227.920659
-0.842281,51,227.957588
-0.941517,51,227.994665
-0.808632,51,228.031244
-0.795955,51,228.068276
-0.872813,51,228.10509
-0.836529,51,228.141484
-0.823963,51,228.178176
-0.882233,51,228.214745
-0.847783,51,228.251545
-0.784158,51,228.288084
-0.817855,51,228.324773
-0.820665,51,228.361719
-0.862679,52,228.399498
-0.82037,52,228.636673
-0.918282,51,228.673618
-0.846273,52,228.711779
-0.824657,51,228.749891
-0.794136,51,228.788463
-0.859745,51,228.82695
-0.770692,51,228.86543
-0.837152,51,228.903004
-0.782696,51,228.940051
-0.8294,52,228.977884
-0.732478,51,229.01483
-0.826972,51,229.051902
-0.844342,51,229.088951
-0.901768,51,229.125968
-1.036904,52,229.163824
-0.815421,52,229.201658
-0.806825,51,229.238971
-0.839251,51,229.276203
-0.856305,51,229.313664
-0.814504,51,229.35226
-0.796592,51,229.390857
-0.858333,51,229.429472
-0.816154,51,229.467649
-0.839921,51,229.505021
-0.837959,51,229.541509
-0.945151,51,229.578076
-0.812995,52,229.615195
-0.940684,52,229.652352
-0.759094,51,229.68892
-0.829265,51,229.725322
-0.872809,51,229.761915
-0.884912,51,229.799637
-0.869924,51,229.837195
-0.973189,51,229.874367
-0.803649,51,229.911405
-0.901574,51,229.94884
-0.823865,51,229.98539
-0.823947,51,230.022589
-0.830401,51,230.05947
-0.894002,51,230.096654
-0.796927,51,230.33703
-0.823149,51,230.374806
-0.844005,51,230.412115
-0.781609,51,230.449249
-0.78039,52,230.487654
-0.837702,52,230.52599
-0.8234,51,230.563335
-0.774697,51,230.601056
-0.81358,52,230.639675
-0.924988,51,230.67782
-0.943774,51,230.715434
-0.85346,51,230.752787
-0.830521,51,230.790473
-0.864974,51,230.828897
-0.802422,51,230.866165
-0.870586,51,230.903935
-0.78003,51,230.941335
-0.880469,51,230.98603
-0.840786,51,231.028448
-0.898937,51,231.067303
-0.863217,51,231.105484
-0.836429,51,231.143825
-0.818711,51,231.180732
-0.804615,51,231.218445
-0.736879,51,231.256769
-0.739752,51,231.293783
-0.811606,52,231.332083
-0.829982,51,231.369675
-0.821285,51,231.407885
-0.828385,51,231.447186
-0.810384,51,231.488975
-0.839963,51,231.531823
-0.798583,51,231.571945
-0.804341,52,231.614402
-0.765859,51,231.653707
-0.746526,51,231.692881
-0.806571,51,231.731538
-0.846423,51,231.770942
-0.786712,51,231.808563
-0.870006,51,231.846014
-0.799913,51,232.090557
-0.782926,51,232.127665
-0.819833,51,232.165133
-0.819119,51,232.202534
-0.818547,51,232.239636
-0.827851,51,232.277958
-0.861178,52,232.316181
-0.797575,51,232.353338
-0.858281,51,232.390158
-0.823122,51,232.426983
-0.867072,51,232.464724
-0.896003,51,232.503211
-0.858826,51,232.541822
-0.785016,51,232.580385
-0.776522,51,232.618652
-0.78049,51,232.655809
-0.766781,51,232.692779
-0.901288,51,232.730319
-0.828624,51,232.767809
-0.815595,51,232.805183
-0.844264,51,232.842396
-0.870029,52,232.880547
-0.88034,51,232.917727
-0.837916,51,232.954834
-0.850076,51,232.991883
-0.872446,51,233.030894
-0.86765,51,233.067457
-0.888005,52,233.105267
-0.900931,51,233.141629
-0.727078,51,233.178728
-0.830729,51,233.215053
-0.824547,51,233.251633
-0.772034,51,233.288254
-0.763551,51,233.326134
-0.807452,51,233.365124
-0.833819,51,233.404541
-0.835725,51,233.445633
-0.93371,52,233.491831
-0.828412,51,233.55658
-0.843764,51,233.611401
-0.888966,51,234.585897
-0.876398,51,235.177563
-0.881083,51,235.241824
-0.831552,52,235.313134
-0.762142,51,235.460236
-0.801133,52,235.582922
-0.75502,51,235.641418
-0.83521,51,235.684607
-0.849019,51,235.727831
-0.897107,51,235.768677
-0.810595,51,235.809301
-0.772954,51,235.849875
-0.851741,52,235.892968
-0.84011,52,235.934636
-0.75941,51,235.978593
-0.757083,51,236.019999
-0.781858,51,236.065145
-0.805994,51,236.106223
-0.914603,51,236.146227
-0.836926,51,236.187825
-0.817845,51,236.230003
-0.768876,51,236.272611
-0.863792,52,236.32161
-0.859711,52,236.362564
-0.836991,51,236.400335
-0.788389,52,236.439111
-0.721436,51,236.477509
-0.809256,51,236.515248
-0.757466,51,236.553874
-0.804552,52,236.592752
-0.791178,51,236.631567
-0.869091,51,236.669658
-0.82623,51,236.706711
-0.852748,51,236.743524
-0.846011,52,236.780829
-0.838539,51,236.817411
-0.83986,51,236.853966
-0.819804,51,236.891637
-0.895437,51,236.931016
-0.863767,52,236.971455
-0.927667,51,237.263562
-0.822807,51,237.301237
-0.815795,51,237.339258
-0.814551,52,237.378124
-0.855552,51,237.41563
-0.974616,52,237.45354
-0.832688,52,237.492655
-0.725433,52,237.530824
-0.828882,51,237.568628
-0.810518,51,237.608183
-0.915492,52,237.648043
-0.746226,51,237.686799
-0.83349,51,237.725847
-0.886762,51,237.765076
-0.855107,51,237.809293
-0.793168,51,237.847153
-0.794613,51,237.885007
-0.864014,51,237.925009
-0.835597,51,237.962363
-0.772252,51,237.999439
-0.770421,51,238.036739
-0.787353,51,238.073697
-0.813885,51,238.112991
-0.767015,51,238.152288
-0.826682,51,238.190183
-0.877707,51,238.227852
-0.812748,52,238.265518
-0.840775,51,238.302325
-0.890869,51,238.33909
-0.783789,51,238.37576
-0.820691,51,238.412499
-0.792001,51,238.450009
-0.787233,51,238.489451
-0.784474,52,238.529513
-0.764351,51,238.567302
-0.864411,51,238.604888
-0.897422,51,238.642869
-0.815915,52,238.680627
-0.82236,51,238.71875
-0.831528,51,238.759128
-0.782756,51,239.029883
-0.833371,51,239.067687
-0.785243,51,239.105541
-0.821979,51,239.142827
-0.852823,51,239.179769
-0.88703,51,239.21657
-0.787646,51,239.253359
-0.814001,51,239.29084
-0.762289,51,239.32801
-0.830907,51,239.364927
-0.819219,51,239.401612
-0.830985,52,239.4392
-0.739219,51,239.476657
-0.798182,51,239.513752
-0.890191,51,239.552088
-0.959961,52,239.58994
-0.823277,51,239.628819
-0.821298,51,239.669213
-0.886339,51,239.709454
-0.917419,51,239.747086
-0.771819,51,239.785303
-0.823823,51,239.824568
-0.74862,51,239.865095
-0.779166,51,239.918194
-0.81425,51,239.966881
-0.817511,51,240.008731
-0.997214,51,240.049113
-0.800028,51,240.088065
-0.820793,51,240.126932
-0.964121,51,240.166102
-0.867548,51,240.20451
-0.816464,52,240.243327
-0.858856,51,240.280248
-0.889276,51,240.316929
-0.808025,51,240.353553
-0.865296,51,240.390145
-0.855467,51,240.426982
-0.845309,51,240.464216
-0.886636,51,240.500932
-0.828307,51,240.537725
-0.796256,51,240.78037
-0.884763,51,240.818391
-0.78555,51,240.855484
-0.838561,51,240.892344
-0.818264,51,240.929731
-0.837572,51,240.966645
-0.858333,51,241.003509
-0.759639,51,241.04035
-0.796172,52,241.077783
-0.802356,51,241.114865
-0.816334,51,241.152542
-0.801935,51,241.189373
-0.920101,51,241.226061
-0.807442,51,241.262505
-0.770324,51,241.299434
-0.84773,51,241.336127
-0.854062,51,241.372821
-0.777404,51,241.409514
-0.871135,51,241.445936
-0.821679,51,241.482387
-0.916609,51,241.518963
-0.911764,51,241.555531
-0.820168,51,241.59293
-0.842263,51,241.629847
-0.78685,51,241.666751
-0.780163,51,241.703349
-0.855907,51,241.739986
-0.841477,51,241.776571
-0.883958,51,241.813096
-0.846114,52,241.850322
-0.775594,51,241.887469
-0.873323,51,241.924172
-0.821105,51,241.960704
-0.827343,51,241.997306
-0.797335,51,242.034058
-0.813848,51,242.071188
-0.770064,51,242.108491
-0.917629,51,242.145234
-0.815388,52,242.182589
-0.829937,51,242.219307
-0.775049,51,242.453792
-0.794942,51,242.490815
-0.784866,51,242.527553
-0.79291,52,242.566504
-0.869178,51,242.605125
-0.846036,52,242.645666
-0.789085,51,242.685623
-0.85655,52,242.729904
-0.759951,51,242.769216
-0.762148,51,242.809387
-0.812523,51,242.848262
-0.80595,51,242.889916
-0.820629,51,242.936255
-0.772375,51,242.98058
-0.844446,51,243.020756
-0.868702,51,243.062797
-0.749671,51,243.103409
-0.820529,51,243.142467
-0.873754,52,243.18184
-0.861369,51,243.222596
-0.807114,52,243.26361
-0.807447,51,243.301934
-0.865695,52,243.340763
-0.811062,52,243.378887
-0.842002,51,243.416981
-0.834415,51,243.456714
-0.876025,51,243.505127
-0.827542,51,243.544685
-0.820824,51,243.582909
-0.802022,51,243.621961
-0.830822,52,243.660515
-0.796954,52,243.699103
-0.76775,51,243.737236
-0.752731,51,243.774949
-0.865248,51,243.812183
-0.872488,52,243.850121
-0.766473,52,243.889701
-0.774817,51,243.926743
-0.824108,51,243.963767
-0.85742,51,244.00102
-0.769752,51,244.254393
-0.837831,51,244.294514
-0.806614,51,244.332792
-0.786185,51,244.371406
-0.828528,51,244.408514
-0.815649,51,244.445522
-0.766175,51,244.48359
-0.88744,51,244.520753
-0.838786,51,244.558256
-0.736296,51,244.597388
-0.754464,51,244.635748
-0.832814,51,244.6737
-0.866033,51,244.711664
-0.83133,51,244.74954
-0.919653,51,244.789316
-0.839639,52,244.829027
-0.799189,51,244.869826
-0.762745,52,244.909509
-0.80415,51,244.947848
-0.800788,51,244.987402
-0.863596,51,245.025759
-0.848116,51,245.064016
-0.796894,51,245.102972
-0.827823,52,245.141508
-0.780942,51,245.179031
-0.755009,51,245.216748
-0.818392,51,245.254745
-0.820088,51,245.291685
-0.778841,51,245.328408
-0.836101,52,245.365709
-0.810695,51,245.402196
-0.803628,51,245.43873
-0.861678,51,245.475329
-0.815128,52,245.512488
-0.805013,52,245.549767
-0.812889,51,245.58663
-0.780268,52,245.625356
-0.818726,51,245.662197
-0.794687,51,245.698931
-0.83082,51,245.735597
-0.899642,51,245.984657
-0.855218,51,246.022779
-0.83649,51,246.061261
-0.820256,52,246.099822
-0.870547,52,246.139183
-0.850328,51,246.176959
-0.840352,51,246.215098
-0.86613,51,246.251925
-0.887085,51,246.288591
-0.784705,51,246.32508
-0.802097,51,246.361641
-0.874087,51,246.398178
-0.867123,51,246.434687
-0.726777,51,246.474444
-0.780679,51,246.512525
-0.824005,51,246.549941
-0.947817,51,246.587652
-0.793415,51,246.624609
-0.768979,51,246.661535
-0.847321,51,246.700378
-0.825453,52,246.738452
-0.752205,51,246.775244
-0.739092,51,246.812552
-0.967646,51,246.849305
-0.810545,51,246.886114
-0.793252,51,246.922752
-0.835164,51,246.95991
-0.805185,51,246.9965
-0.824156,51,247.033174
-0.882443,51,247.07027
-0.807525,51,247.108087
-0.790645,51,247.145226
-0.837175,51,247.182448
-0.794238,51,247.220215
-0.807974,51,247.257457
-0.858911,51,247.294709
-0.788931,51,247.332069
-0.824093,51,247.370417
-0.78382,52,247.407997
-0.790009,51,247.445051
-0.813158,51,247.682551
-0.733679,51,247.722329
-0.766183,51,247.760127
-0.786928,52,247.798975
-0.805739,51,247.836685
-0.775421,51,247.873833
-0.853998,51,247.911163
-0.805947,51,247.949221
-0.816283,51,247.986299
-0.835482,52,248.02398
-0.853045,51,248.060606
-0.828216,51,248.097875
-0.843504,51,248.134822
-0.833227,51,248.171528
-0.843585,51,248.208245
-0.736051,51,248.244905
-0.820154,52,248.28241
-0.871472,51,248.319091
-0.751269,51,248.357475
-0.84568,51,248.394306
-0.793662,52,248.432726
-0.985801,51,248.469575
-0.84424,51,248.50623
-0.738583,51,248.543089
-0.792072,51,248.58082
-0.711307,51,248.620973
-0.781205,51,248.657712
-0.882418,51,248.694305
-0.778591,52,248.731646
-0.8709,51,248.768239
-0.8343,51,248.804767
-0.749094,52,248.842434
-0.89192,51,248.87924
-0.753985,51,248.978143
-0.847247,51,249.019694
-0.752679,51,249.062149
-0.840452,51,249.105842
-0.777125,51,249.152764
-0.79533,51,249.193635
-0.786365,51,249.231431
-0.773737,51,249.46663
-0.860403,51,249.503444
-0.839318,52,249.540905
-0.787651,51,249.577593
-0.889923,51,249.61482
-0.887525,51,249.651686
-0.790745,52,249.690222
-0.76959,51,249.729242
-0.797995,51,249.767407
-0.769668,51,249.804897
-0.793287,51,249.842665
-0.826012,51,249.88034
-0.762034,51,249.920954
-0.970373,51,249.958461
-0.857637,52,249.996183
-0.792327,51,250.032924
-0.928609,51,250.069699
-0.766886,51,250.107222
-0.780957,51,250.145031
-0.822027,51,250.182404
-0.784327,51,250.219645
-0.871296,51,250.256395
-0.805055,52,250.293926
-0.790909,52,250.331312
-0.874106,52,250.368644
-0.834211,52,250.405968
-0.833994,51,250.442499
-0.881505,52,250.479795
-0.849697,51,250.516388
-0.918609,52,250.554095
-0.910519,51,250.590902
-0.736236,51,250.627527
-0.82637,51,250.664132
-0.849018,51,250.700731
-0.724175,51,250.737236
-0.810181,52,250.774464
-0.785892,51,250.813524
-0.762267,51,250.852291
-0.776476,51,250.889332
-0.817232,51,250.926182
-0.795884,51,251.163943
-0.807673,51,251.20109
-0.786465,51,251.237759
-0.794922,51,251.274655
-0.763139,51,251.311286
-0.847864,51,251.347938
-0.731453,51,251.38463
-0.803094,52,251.422051
-0.845813,51,251.45874
-0.781285,51,251.495573
-0.746575,51,251.532402
-0.773169,51,251.570333
-0.878488,51,251.60797
-0.781948,51,251.646226
-0.807336,51,251.683453
-0.810823,51,251.721186
-0.846656,51,251.758622
-0.72332,51,251.795937
-0.774335,52,251.833712
-0.805736,51,251.870927
-0.844171,51,251.912889
-0.943838,51,251.954002
-0.786567,51,251.994079
-0.937677,51,252.032201
-0.810173,51,252.072358
-0.823609,51,252.11094
-0.774224,51,252.149648
-0.802896,51,252.187826
-0.876397,51,252.225172
-0.808728,51,252.262329
-0.787134,51,252.299268
-0.8048,51,252.336541
-0.769544,51,252.374091
-0.891773,51,252.412175
-0.798639,51,252.449821
-0.838053,51,252.488332
-0.829844,51,252.526234
-0.803067,51,252.563189
-0.866935,52,252.601057
-0.787609,51,252.638052
-0.759014,51,252.880454
-0.767435,51,252.918267
-0.786628,51,252.955327
-0.765801,51,252.992353
-0.875792,51,253.029298
-0.800391,51,253.066171
-0.769712,51,253.10386
-0.823478,51,253.140775
-0.820352,52,253.178822
-0.782067,51,253.21572
-0.805949,51,253.252455
-0.793289,52,253.323547
-0.739994,51,253.3628
-0.848655,51,253.400776
-0.792528,51,253.437565
-0.800566,51,253.474228
-0.847491,52,253.511477
-0.844009,51,253.548442
-0.825098,52,253.587886
-0.87722,51,253.626034
-0.833091,52,253.665118
-0.869074,51,253.70381
-0.872738,51,253.741431
-0.772282,51,253.778549
-0.822002,52,253.817475
-0.924722,51,253.854499
-0.885722,51,253.894688
-0.842495,51,253.935617
-0.799901,52,253.976465
-0.705376,51,254.014706
-0.757106,51,254.053101
-0.748453,51,254.090994
-0.817424,51,254.128329
-0.834197,51,254.166896
-0.740129,52,254.205354
-0.828435,51,254.243782
-0.810525,51,254.28376
-0.853758,51,254.324097
-0.750451,52,254.365876
-0.754221,51,254.405798
-0.728246,51,254.64635
-0.749323,51,254.68371
-0.763129,51,254.72096
-0.808698,51,254.759058
-0.837219,51,254.801507
-0.870885,51,254.849426
-0.777846,51,254.887609
-0.766789,51,254.93909
-0.873079,51,254.981938
-0.813788,51,255.060072
-0.861603,51,255.125426
-0.757952,51,255.175903
-0.730962,51,255.220725
-0.84144,51,255.263214
-0.771609,51,255.303028
-0.830287,51,255.343375
-0.72512,51,255.382806
-0.762109,51,255.425296
-0.94242,51,255.479398
-0.765706,51,255.52204
-0.802138,51,255.56238
-0.866947,51,255.60045
-0.710792,51,255.637726
-0.793971,52,255.675562
-0.806164,51,255.712617
-0.785944,51,255.749492
-0.764611,52,255.786942
-0.900983,52,255.824758
-0.865051,51,255.862337
-0.877117,51,255.90044
-0.887385,51,255.940378
-0.756045,52,255.981477
-0.750385,51,256.022133
-0.782713,51,256.062519
-0.751431,51,256.102759
-0.816325,51,256.141972
-0.80817,51,256.180574
-0.797123,51,256.218726
-0.755995,51,256.256882
-0.766791,51,256.294985
-0.814512,51,256.538524
-0.783531,51,256.579885
-0.834504,51,256.620801
-0.89159,51,256.660819
-0.806072,51,256.698887
-0.694237,51,256.737013
-0.703908,51,256.774729
-0.817243,51,256.81156
-0.772929,51,256.848226
-0.768373,51,256.884939
-0.750583,51,256.922089
-0.812279,51,256.958981
-0.805331,51,256.996067
-0.755688,51,257.033053
-0.785998,51,257.07082
-0.85169,51,257.109849
-0.754177,51,257.148955
-0.783553,51,257.187193
-0.81276,51,257.225718
-0.805083,51,257.265578
-0.780953,51,257.304249
-0.80492,51,257.341802
-0.744817,51,257.379254
-0.812492,51,257.416394
-1.042987,51,257.45351
-0.768703,51,257.490687
-0.722523,52,257.528777
-0.736671,51,257.566013
-0.746475,51,257.602982
-0.784534,51,257.639915
-0.74804,51,257.676931
-0.68924,51,257.714036
-0.764527,51,257.751104
-0.855622,51,257.788055
-0.785611,51,257.825661
-0.778766,51,257.863147
-0.751373,51,257.901257
-0.74031,51,257.947963
-0.731613,51,257.988383
-0.769918,51,258.028361
-0.772419,51,258.313386
-0.80386,51,258.356479
-0.806359,51,258.39827
-0.833147,51,258.43874
-0.836939,51,258.47796
-0.802161,51,258.516276
-0.709112,51,258.556491
-0.746071,52,258.597272
-0.816651,51,258.634899
-0.812474,51,258.672261
-0.789083,51,258.709842
-0.878517,51,258.747072
-0.771003,52,258.784603
-0.799482,52,258.822095
-0.805583,51,258.859168
-0.878073,51,258.896297
-0.686503,51,258.933456
-0.840235,51,258.970191
-0.80947,51,259.009432
-0.89017,51,259.048968
-0.779398,52,259.089403
-0.743246,51,259.129645
-0.724246,51,259.169022
-0.740995,51,259.209606
-0.811758,51,259.248457
-0.803978,51,259.287989
-0.791073,51,259.326305
-0.819034,52,259.365073
-0.798455,52,259.403849
-0.7969,52,259.442732
-0.730947,52,259.481382
-0.7475,51,259.519788
-0.841298,51,259.557969
-0.718036,51,259.59624
-0.751584,51,259.634298
-0.766499,52,259.673118
-0.759897,51,259.710691
-0.802659,51,259.747738
-0.828677,51,259.785301
-0.810793,51,259.822463
-0.786197,51,260.060064
-0.796822,51,260.097182
-0.820472,51,260.134398
-0.801282,51,260.171779
-0.743469,52,260.209685
-0.677722,51,260.247922
-0.760603,51,260.285683
-0.842759,51,260.323585
-0.769268,51,260.361595
-0.839096,51,260.399351
-0.805436,52,260.437382
-0.789421,51,260.474909
-0.736289,51,260.511941
-0.764501,51,260.548888
-0.862022,51,260.585759
-0.730558,51,260.622536
-0.764012,51,260.659464
-0.892652,51,260.697829
-0.881388,51,260.73639
-0.828013,51,260.775085
-0.764775,51,260.813811
-0.787077,51,260.852368
-0.808615,51,260.894632
-0.8199,51,260.946519
-0.815872,51,261.021525
-0.797329,52,261.072362
-0.841856,51,261.115552
-0.815726,51,261.158955
-0.762141,52,261.201996
-0.853842,51,261.256412
-0.724628,51,261.294999
-0.784007,51,261.3332
-0.762139,51,261.370536
-0.798123,51,261.407549
-0.792111,52,261.445592
-0.742224,51,261.482542
-0.749384,51,261.519947
-0.777507,52,261.558717
-0.845267,52,261.598191
-0.741654,51,261.639447
-0.726202,51,261.924574
-0.754677,52,261.966136
-0.702017,51,262.004824
-0.763447,52,262.043626
-0.936836,51,262.081446
-0.817109,51,262.119203
-0.831708,51,262.156629
-0.905903,51,262.193809
-0.776518,51,262.23053
-0.868037,51,262.267948
-0.832196,51,262.305901
-0.784766,52,262.348492
-0.77022,51,262.391817
-0.814994,51,262.433249
-0.758178,52,262.473931
-0.824477,51,262.514274
-0.776931,51,262.554221
-0.831292,51,262.593552
-0.769578,51,262.631711
-0.846312,52,262.671434
-0.735605,51,262.708835
-0.757325,51,262.746535
-0.835287,51,262.784501
-0.737428,51,262.822103
-0.793388,52,262.860836
-0.788391,51,262.898629
-0.774928,51,262.936353
-0.813356,51,262.97477
-0.901095,51,263.013856
-0.799549,51,263.052156
-0.806758,51,263.090394
-0.849261,51,263.12999
-0.747038,52,263.170397
-0.671735,51,263.402037
-0.790456,51,263.485572
-0.789734,51,263.544466
-0.748263,51,263.591798
-0.749987,52,263.633674
-0.827531,52,263.674353
-0.786463,51,263.714334
-0.805103,51,264.122024
-0.831655,51,264.163413
-0.886229,51,264.20363
-0.757109,51,264.242592
-0.786945,51,264.281299
-0.776808,52,264.319729
-0.852871,52,264.357815
-0.738912,51,264.394862
-0.817556,51,264.432081
-0.812462,51,264.469163
-0.777253,51,264.506391
-0.781083,51,264.543437
-0.820039,51,264.580479
-0.79856,51,264.617331
-0.86485,52,264.65563
-0.699928,51,264.692372
-0.798147,51,264.729165
-0.809618,51,264.766051
-0.825413,51,264.803683
-0.749879,51,264.84219
-0.848676,51,264.880695
-0.758022,51,264.92799
-0.825076,51,264.981993
-0.842414,51,265.024867
-0.79678,51,265.06253
-0.876629,52,265.101296
-0.818917,51,265.139098
-0.821629,51,265.180093
-0.736422,51,265.219879
-0.841996,51,265.259178
-0.758084,51,265.297319
-0.728243,51,265.335144
-0.800479,51,265.373305
-0.730675,51,265.411805
-0.846931,51,265.448893
-0.807799,51,265.48564
-0.806586,51,265.522537
-0.748926,51,265.559293
-0.781574,51,265.595966
-0.812264,51,265.632666
-0.759457,52,265.894297
-0.797445,51,265.932672
-0.785199,51,265.974625
-0.817426,51,266.015304
-0.737837,52,266.056371
-0.818906,51,266.097216
-0.728296,51,266.136478
-0.784306,51,266.175434
-0.745478,51,266.213524
-0.865631,51,266.257595
-0.774146,51,266.295218
-0.798189,51,266.332591
-0.895186,52,266.372046
-0.761869,51,266.412472
-0.726163,51,266.452636
-0.767992,51,266.491724
-0.802281,52,266.531582
-0.765811,51,266.569494
-0.802152,51,266.607338
-0.82686,51,266.644859
-0.7683,51,266.681829
-0.752713,51,266.718678
-0.822869,51,266.756061
-0.726168,51,266.793549
-0.791297,51,266.830673
-0.818198,51,266.867625
-0.794656,51,266.914665
-0.860792,51,266.963099
-0.74547,51,267.006914
-0.789641,52,267.04826
-0.76678,52,267.088256
-0.838715,51,267.127763
-0.844385,51,267.166504
-0.788827,51,267.204841
-0.839515,52,267.243475
-0.738902,51,267.280489
-0.810683,51,267.31717
-0.836969,51,267.353954
-0.773679,51,267.390425
-0.760361,51,267.427073
-0.793025,51,267.668487
-0.770482,52,267.707369
-0.805374,51,267.745093
-0.819793,51,267.782041
-0.82192,51,267.81861
-0.776751,51,267.855205
-0.840518,51,267.892046
-0.771657,51,267.928575
-0.825334,51,267.965749
-0.838873,51,268.002479
-0.73356,51,268.039446
-0.772488,51,268.077251
-0.814583,51,268.115042
-0.714501,51,268.152821
-0.784534,51,268.19065
-0.768536,52,268.228963
-0.740811,51,268.266503
-0.786751,51,268.303992
-0.734902,51,268.341606
-0.846275,51,268.379375
-0.757304,51,268.416925
-0.728757,51,268.454352
-0.74794,51,268.491741
-0.790481,52,268.5298
-0.731465,51,268.567182
-0.804591,51,268.604807
-0.869466,51,268.642145
-0.739662,52,268.680613
-0.769551,51,268.718247
-0.776337,51,268.755465
-0.793677,51,268.792284
-0.688459,51,268.828919
-0.741357,51,268.865517
-0.896448,51,268.90212
-0.825155,51,268.938839
-0.773335,51,268.975894
-0.773472,52,269.013123
-0.764844,51,269.049892
-0.83983,52,269.087381
-0.8324,51,269.123945
-0.78783,51,269.160425
-0.776667,51,269.394091
-0.819732,51,269.430683
-0.688546,52,269.46789
-0.733204,51,269.504408
-0.718093,51,269.54087
-0.793681,51,269.577287
-0.799712,51,269.614011
-0.769552,51,269.650788
-0.747251,51,269.687268
-0.721969,51,269.723783
-0.736529,51,269.760186
-0.779627,51,269.796588
-0.776934,52,269.834003
-0.764018,51,269.870523
-0.903467,51,269.911484
-0.756814,51,269.950977
-0.778557,52,269.990191
-0.835296,51,270.028781
-0.775483,51,270.067373
-0.742778,51,270.105444
-0.848662,51,270.14348
-0.820684,51,270.18166
-0.808765,51,270.218973
-0.774048,51,270.255631
-0.776613,52,270.293029
-0.804205,51,270.32963
-0.739051,51,270.366394
-0.843953,51,270.405871
-0.744598,51,270.44576
-0.754495,51,270.485249
-0.782762,51,270.524546
-0.727789,51,270.564254
-0.795544,52,270.605244
-0.776949,51,270.64536
-0.823164,51,270.683357
-0.767961,51,270.72201
-0.677468,51,270.759158
-0.736446,51,270.796466
-0.832507,51,270.83342
-0.817817,51,270.870275
-0.844521,51,271.122495
-0.834953,51,271.161906
-0.788506,52,271.202861
-0.738548,51,271.241701
-0.817064,51,271.279242
-0.754018,52,271.318092
-0.739279,51,271.355204
-0.768258,51,271.392593
-0.779043,51,271.429872
-0.778432,51,271.467288
-0.885908,51,271.504334
-0.766378,51,271.541406
-0.725984,51,271.578575
-0.801639,51,271.615722
-0.794966,52,271.653453
-0.758058,51,271.690362
-0.783115,52,271.727973
-0.718107,52,271.765863
-0.777977,51,271.803605
-0.779708,52,271.842086
-0.728004,51,271.879732
-0.777286,51,271.917368
-0.794868,51,271.954943
-0.761371,52,271.993232
-0.830757,51,272.030162
-0.770776,51,272.067078
-0.743048,51,272.103913
-0.879674,51,272.140852
-0.782785,51,272.177439
-0.819382,52,272.214778
-0.771098,51,272.251798
-0.764846,51,272.288816
-0.783281,51,272.325908
-0.766441,51,272.362389
-0.709342,52,272.399622
-0.845692,51,272.436036
-0.824306,51,272.47253
-0.811115,51,272.50906
-0.809283,51,272.545757
-0.704964,51,272.584525
-0.752256,51,272.851891
-0.724674,51,272.890491
-0.804043,51,272.993381
-0.689058,51,273.03804
-0.765156,51,273.081057
-0.765761,51,273.123243
-0.694426,51,273.16546
-0.79204,51,273.204215
-0.834412,51,273.242282
-0.783124,51,273.280106
-0.718593,51,273.317587
-0.761098,51,273.354806
-0.853478,51,273.393211
-0.746569,51,273.430895
-0.792188,51,273.468477
-0.855462,52,273.506672
-0.924967,52,273.544493
-0.813829,51,273.582015
-0.825203,51,273.619648
-0.77305,51,273.656815
-0.820733,51,273.693981
-0.804829,51,273.731119
-0.814186,51,273.767914
-0.795935,51,273.804824
-0.810388,51,273.841743
-0.730432,51,273.878766
-0.745371,51,273.915949
-0.712576,51,273.953322
-0.861363,51,273.99121
-0.712099,51,274.029176
-0.928451,51,274.067397
-0.7631,51,274.104733
-0.726274,51,274.142555
-0.817428,51,274.179958
-0.73808,51,274.217161
-0.797296,52,274.254954
-0.734551,51,274.292108
-0.777675,51,274.329304
-0.738875,51,274.366677
-0.798877,51,274.403882
-0.789783,52,274.643432
-0.747125,51,274.680692
-0.855665,51,274.718144
-0.808919,51,274.756235
-0.766721,51,274.795601
-0.759009,51,274.835721
-0.797938,51,274.875725
-0.782816,51,274.915262
-0.838201,51,274.958248
-0.793697,51,274.998161
-0.785472,51,275.038021
-0.768504,52,275.078188
-0.701037,51,275.116191
-0.745019,51,275.156421
-0.841245,51,275.195355
-0.723482,51,275.233231
-0.730465,51,275.270566
-0.688478,51,275.307884
-0.803474,52,275.345908
-0.805159,51,275.382947
-0.8022,52,275.420954
-0.706991,51,275.458322
-0.765119,51,275.495511
-0.814646,51,275.532797
-0.80295,51,275.569641
-0.715059,51,275.606793
-0.772863,51,275.643935
-0.782618,51,275.681291
-0.839763,51,275.718756
-0.73688,51,275.756333
-0.730902,51,275.793873
-0.781884,51,275.83222
-0.809888,51,275.87024
-0.835198,51,275.911267
-0.765786,51,275.956381
-0.77453,51,275.999556
-0.791051,52,276.039689
-0.691314,52,276.079658
-0.820798,51,276.117792
-0.796772,51,276.156484
-0.732739,51,276.402281
-0.830588,51,276.440058
-0.78358,51,276.477432
-0.783261,51,276.514792
-0.82622,51,276.551875
-0.714357,51,276.588942
-0.884494,51,276.626346
-0.736858,52,276.664234
-0.79498,51,276.701318
-0.796179,51,276.738387
-0.758763,51,276.775444
-0.849789,51,276.812448
-0.770316,51,276.84947
-0.775325,51,276.886514
-0.810974,51,276.923609
-0.757869,51,276.96072
-11.500234,51,276.997987
-0.826331,51,277.03533
-0.867606,51,277.0724
-0.832688,51,277.109452
-0.749356,51,277.146322
-0.79726,51,277.183288
-0.755731,51,277.220127
-0.758059,51,277.257148
-0.73348,51,277.294177
-0.732007,51,277.331207
-0.740438,51,277.368045
-0.706599,51,277.404744
-0.820382,51,277.442105
-0.733281,51,277.479083
-0.714919,51,277.51617
-0.794566,51,277.552917
-0.795659,51,277.589525
-0.8214,51,277.626606
-0.768961,51,277.663545
-0.778336,51,277.700314
-0.82866,51,277.738573
-0.768372,51,277.775814
-0.701417,51,277.813272
-0.773049,51,277.852585
-0.789316,51,278.114421
-0.852786,51,278.151699
-0.730333,51,278.189698
-0.886908,51,278.230466
-0.710764,51,278.268333
-0.79025,52,278.30733
-0.730426,51,278.345081
-0.799742,51,278.382456
-0.82306,51,278.419609
-0.769511,52,278.457669
-0.709828,52,278.495536
-0.775465,51,278.532545
-0.775729,51,278.569325
-0.835477,52,278.606995
-0.743254,51,278.643887
-0.766756,51,278.680777
-0.875913,51,278.717555
-0.767976,51,278.754135
-0.688683,51,278.790735
-0.739943,51,278.827982
-0.860279,52,278.8655
-0.772631,51,278.905034
-0.750609,51,278.955157
-0.804989,51,278.999192
-0.796431,51,279.044553
-0.71076,51,279.085091
-0.790331,51,279.124314
-0.891404,51,279.16523
-0.791239,51,279.207123
-0.75172,51,279.247127
-0.789538,51,279.284747
-0.860509,51,279.321996
-0.803219,52,279.360123
-0.866157,51,279.397259
-0.78999,51,279.434349
-0.74247,51,279.47153
-0.79607,51,279.508651
-0.700746,51,279.545652
-0.798747,51,279.582845
-0.886336,51,279.619892
-0.772348,51,279.859238
-0.834876,51,279.898125
-0.891032,51,279.936134
-0.894499,51,279.974237
-1.01637,51,280.012045
-0.803903,52,280.050258
-0.681151,51,280.088035
-0.787489,51,280.12523
-0.84026,51,280.162417
-0.756545,51,280.199446
-0.692237,51,280.236359
-0.796917,52,280.274379
-0.880003,51,280.311572
-0.771862,51,280.34853
-0.825429,51,280.385582
-0.822012,51,280.422578
-0.881605,51,280.459597
-0.893987,51,280.496508
-0.743068,51,280.533506
-0.727112,51,280.570391
-0.813677,51,280.607415
-0.813065,52,280.645089
-0.796804,51,280.682432
-0.807127,51,280.71952
-0.78473,51,280.75641
-0.785858,51,280.793348
-0.710882,51,280.83005
-0.92687,51,280.866817
-0.78787,51,280.903701
-0.74806,51,280.94063
-0.783392,51,280.977495
-0.75307,51,281.01524
-0.880689,51,281.053322
-0.787405,51,281.091401
-7.936095,52,281.131849
-0.711663,51,281.170197
-0.825278,51,281.207932
-0.791465,51,281.245293
-0.853754,51,281.282226
-0.765017,51,281.319017
-0.799671,51,281.554641
-0.744693,51,281.592326
-0.9055,51,281.630366
-0.779975,51,281.668491
-0.796219,51,281.70638
-0.767162,51,281.743884
-0.743128,51,281.781516
-0.779277,51,281.81888
-0.770995,51,281.856044
-0.716918,51,281.89313
-0.891463,51,281.934072
-0.774753,51,281.974284
-0.838762,51,282.013913
-0.783237,52,282.054405
-0.817638,51,282.0938
-0.792953,52,282.133721
-0.774377,51,282.172811
-0.749493,51,282.211879
-0.73356,52,282.250133
-0.825909,51,282.286968
-0.797235,51,282.323944
-0.713004,51,282.360595
-0.749781,51,282.397178
-0.753111,51,282.433639
-0.74104,51,282.470389
-0.822869,51,282.507152
-0.743689,51,282.543742
-0.739216,51,282.580406
-0.783384,52,282.617746
-0.740868,51,282.654383
-0.761834,51,282.690929
-0.764411,51,282.727402
-0.845067,51,282.764068
-0.727798,51,282.800591
-0.77007,51,282.837182
-0.8137,52,282.874653
-0.742947,51,282.911212
-0.87709,51,282.947777
-0.768421,51,282.984376
-0.714038,51,283.021085
-0.693194,51,283.255165
-0.759468,51,283.292127
-0.759459,51,283.329094
-0.810676,51,283.366
-0.840583,51,283.403372
-0.734599,51,283.441561
-0.72775,51,283.478989
-0.774397,51,283.516229
-0.93199,51,283.553746
-0.808274,51,283.59447
-0.722729,51,283.633652
-0.788465,51,283.675597
-0.862868,51,283.713368
-0.77609,52,283.752689
-0.778332,52,283.793512
-0.828865,52,283.83442
-0.895376,51,283.874359
-0.77741,51,283.914732
-0.745434,51,283.955436
-0.783299,51,283.997757
-0.759732,51,284.03693
-0.785367,51,284.076333
-0.767947,51,284.117353
-0.843482,51,284.156228
-0.747172,51,284.195864
-0.724846,51,284.2339
-0.747204,51,284.270693
-0.780959,51,284.307711
-0.663194,51,284.344692
-0.812074,51,284.381512
-0.817673,51,284.418336
-0.76159,51,284.455012
-0.757904,52,284.492618
-0.732741,51,284.529539
-0.734626,51,284.566338
-0.760207,51,284.603085
-0.703108,51,284.639925
-0.764728,51,284.676765
-0.799556,51,284.713438
-0.763192,51,284.750028
-0.749366,52,284.998419
-0.693529,51,285.036209
-0.72043,51,285.073476
-0.772249,51,285.110496
-0.788966,51,285.147363
-0.876255,51,285.184138
-0.700765,51,285.221107
-0.751508,51,285.257964
-0.767541,51,285.294666
-0.746133,52,285.332456
-0.815471,51,285.369096
-0.79546,51,285.405796
-0.797929,51,285.44232
-0.785592,51,285.47894
-0.733805,51,285.515625
-0.785976,51,285.553542
-0.72894,51,285.59372
-0.779721,51,285.633957
-0.75303,51,285.674587
-0.75166,51,285.714713
-0.72328,51,285.755612
-0.768005,51,285.793519
-0.879218,51,285.831015
-0.70667,51,285.868696
-0.685864,51,285.905938
-0.769119,51,285.943213
-0.730898,51,285.980392
-0.765196,51,286.017744
-0.670357,52,286.056165
-0.920347,51,286.093177
-0.766822,51,286.130262
-0.828184,51,286.168931
-0.787104,51,286.208566
-0.714469,51,286.248218
-0.880524,52,286.288623
-0.786144,51,286.328113
-0.836892,51,286.366783
-0.736244,51,286.403886
-0.831077,51,286.441284
-0.730046,52,286.47911
-0.857048,51,286.717482
-0.763411,51,286.754627
-0.741584,51,286.791683
-0.793563,52,286.829408
-0.691335,51,286.867222
-0.722586,51,286.907343
-0.73014,51,286.946991
-0.702596,51,286.986695
-0.721058,51,287.02653
-0.746324,51,287.067798
-0.725909,51,287.105566
-0.784268,52,287.144036
-0.753983,51,287.181557
-0.777904,51,287.224066
-0.729783,51,287.262507
-0.859939,51,287.300082
-0.790959,51,287.337268
-0.883574,51,287.374545
-0.851315,51,287.411955
-0.771658,51,287.448863
-0.718743,51,287.485683
-0.844254,52,287.523724
-0.750113,52,287.561432
-0.788249,51,287.598753
-0.739933,51,287.63669
-0.764649,51,287.674482
-0.870794,51,287.712289
-0.789967,51,287.751372
-0.770126,51,287.788923
-0.887672,51,287.826707
-0.779797,51,287.864219
-0.703081,51,287.901445
-0.858921,51,287.944611
-0.713583,51,287.986906
-0.803715,51,288.025588
-0.842744,51,288.064815
-0.786705,51,288.10438
-0.792005,51,288.143181
-0.729549,51,288.182701
-0.751468,51,288.221149
-0.774022,51,288.461858
-0.926337,51,288.499826
-0.800258,51,288.536899
-0.910265,51,288.574178
-0.771105,52,288.612235
-0.733451,51,288.64945
-0.822781,51,288.686445
-0.687702,51,288.723395
-0.775296,51,288.76029
-0.720341,51,288.797319
-0.765391,52,288.8349
-0.782687,51,288.871719
-0.711252,51,288.908729
-0.746323,51,288.945872
-0.688246,51,288.982827
-0.790005,51,289.019849
-0.778953,51,289.057174
-0.718754,51,289.094112
-0.797257,51,289.131309
-0.742886,51,289.168333
-0.717768,51,289.205155
-0.774214,51,289.242467
-0.804409,51,289.279607
-0.801245,52,289.317531
-0.712886,51,289.354596
-0.757795,51,289.391915
-0.770096,51,289.428874
-0.804312,51,289.465745
-0.728815,51,289.502471
-0.75147,51,289.539423
-0.779052,51,289.576347
-0.765882,51,289.612985
-0.8319,52,289.650834
-0.721066,51,289.687802
-0.813616,51,289.724784
-0.725419,51,289.761793
-0.814313,51,289.798676
-0.701799,52,289.836355
-0.868184,51,289.873333
-0.742545,51,289.910252
-0.755928,52,290.148243
-0.715759,51,290.18593
-0.771582,51,290.223
-0.861826,51,290.260102
-0.761527,52,290.298126
-0.70177,52,290.33596
-0.790627,51,290.373162
-0.82225,51,290.410238
-0.770888,51,290.447409
-0.829086,51,290.484183
-0.823964,51,290.521039
-0.751023,51,290.55791
-0.781408,51,290.594878
-0.688131,51,290.632075
-0.717361,51,290.66892
-0.893348,51,290.706277
-0.791313,51,290.743569
-0.679635,51,290.780544
-0.690509,51,290.817511
-0.761559,51,290.854687
-0.752679,51,290.891545
-0.832461,51,290.932801
-0.88563,51,290.972059
-0.785261,51,291.010954
-0.738444,51,291.050014
-0.794811,52,291.08886
-0.821318,51,291.127542
-0.738622,51,291.165943
-0.774364,51,291.203928
-0.765255,52,291.242476
-0.869637,51,291.279869
-0.872946,51,291.316955
-0.798859,51,291.353888
-0.823897,51,291.39114
-0.765171,52,291.428823
-0.750692,51,291.466075
-0.722292,51,291.503337
-0.756473,51,291.540781
-0.740996,51,291.578248
-0.839637,51,291.615222
-0.784168,51,291.854434
-0.733662,52,291.892399
-0.747582,51,291.929647
-0.804164,51,291.96963
-0.771646,51,292.008366
-0.728658,51,292.045665
-0.792348,51,292.083828
-0.797213,51,292.121225
-0.824892,51,292.15849
-0.7355,51,292.196569
-0.742875,51,292.238523
-0.70305,51,292.276522
-0.727188,52,292.314941
-0.733123,51,292.352364
-0.758848,51,292.389343
-0.686051,51,292.42632
-0.742345,51,292.463595
-0.724362,51,292.500905
-0.806235,51,292.538032
-0.801243,52,292.576068
-0.701925,51,292.613162
-0.697823,51,292.650114
-0.755178,51,292.68725
-0.746337,51,292.724022
-0.728739,51,292.760748
-0.765559,51,292.797448
-0.769577,51,292.834193
-0.716883,51,292.870811
-0.800852,51,292.907536
-0.781881,51,292.944248
-0.712675,51,292.98072
-0.881056,51,293.017459
-0.752985,51,293.05438
-0.768588,51,293.091245
-0.795255,51,293.128082
-0.761401,51,293.16514
-0.697029,51,293.202022
-0.760144,51,293.238694
-0.760701,51,293.275711
-0.801327,52,293.313363
-0.735937,51,293.549905
-0.713753,51,293.586929
-0.743362,51,293.624124
-0.731853,51,293.661266
-0.731067,51,293.698313
-0.758696,51,293.735305
-0.744037,51,293.772997
-0.717658,51,293.809913
-0.786303,51,293.847087
-0.721098,51,293.883964
-0.847862,51,293.92538
-0.792272,51,293.965243
-0.850907,51,294.005233
-0.752515,51,294.042513
-0.773801,51,294.082679
-0.768255,51,294.122001
-0.741324,51,294.162818
-0.887657,52,294.200815
-0.782723,51,294.238519
-0.873111,51,294.276108
-0.729817,51,294.313318
-0.858823,51,294.350498
-0.782853,51,294.387617
-0.752967,51,294.42493
-0.890649,51,294.461952
-0.700629,51,294.499006
-0.770089,52,294.536956
-0.805265,51,294.574177
-0.765655,51,294.611245
-0.705008,51,294.64805
-0.835932,51,294.684826
-0.748873,51,294.721612
-0.752957,51,294.758599
-0.785252,51,294.795604
-0.71498,51,294.832513
-0.754157,51,294.869405
-0.82224,51,294.906531
-0.790796,51,294.943774
-0.783717,51,294.980932
-0.694799,51,295.018064
-0.911881,51,295.055765
-0.732688,51,295.300583
-0.752681,52,295.341882
-0.72883,51,295.381105
-0.791736,51,295.418174
-0.747531,51,295.455012
-0.817438,51,295.49188
-0.727862,51,295.53075
-0.783044,51,295.568235
-0.867921,52,295.60634
-0.735614,51,295.643231
-0.800348,51,295.680373
-0.741602,51,295.718067
-0.775967,51,295.755298
-0.721492,51,295.793325
-0.768356,51,295.83078
-0.766116,51,295.868231
-0.737924,51,295.905506
-0.73967,51,295.942236
-0.793427,51,295.978815
-0.757237,51,296.015504
-0.75777,52,296.052862
-0.777854,51,296.089565
-0.718305,51,296.126332
-0.81765,51,296.16401
-0.704333,52,296.202894
-0.773802,51,296.24032
-0.747096,51,296.277965
-0.767283,51,296.315727
-0.778064,52,296.355633
-0.738723,51,296.395696
-0.741001,51,296.434592
-0.742287,51,296.472336
-0.799879,51,296.509599
-0.897961,51,296.546665
-0.715754,52,296.584868
-0.733559,51,296.623235
-0.693935,51,296.662408
-0.760478,52,296.703935
-0.752032,51,296.742826
-0.868471,51,296.781095
-0.74961,51,297.050892
-0.74884,51,297.093483
-0.78129,51,297.136394
-0.767646,51,297.240278
-0.83718,52,297.280515
-0.799215,52,297.320461
-0.681123,51,297.360084
-0.719938,51,297.398101
-0.738692,51,297.435622
-0.783216,51,297.473801
-0.817042,51,297.511954
-0.790943,51,297.552222
-0.756244,51,297.594674
-0.764414,51,297.635267
-0.719885,51,297.677019
-0.74078,51,297.717026
-0.710328,51,297.756361
-0.737588,51,297.798202
-0.730324,51,297.836757
-0.772237,51,297.874609
-0.763964,51,297.913084
-0.732872,52,297.956235
-0.785099,51,297.995783
-0.740299,51,298.033044
-0.865565,51,298.070006
-0.687161,51,298.10699
-0.742511,51,298.143828
-0.698224,52,298.181883
-0.736306,51,298.219745
-0.793925,51,298.259812
-0.740041,51,298.298978
-0.684214,51,298.337187
-0.794546,51,298.374106
-0.783881,51,298.411287
-0.790004,52,298.4494
-0.861581,51,298.487758
-0.809235,51,298.525946
-0.812943,51,298.563292
-0.705672,51,298.600439
-0.741574,51,298.639043
-0.759873,52,298.879329
-0.80194,51,298.916577
-0.720062,51,298.962577
-0.773184,51,299.028062
-0.80761,51,299.069761
-0.781661,51,299.109463
-0.768173,51,299.150341
-0.697804,51,299.192671
-0.807305,51,299.235054
-0.791798,51,299.279664
-0.740628,51,299.325944
-0.718553,51,299.365741
-0.768989,52,299.403432
-0.701905,52,299.44113
-0.763524,51,299.47882
-0.860987,51,299.516646
-0.739856,51,299.55388
-0.83049,52,299.593757
-0.774523,51,299.635138
-0.766725,51,299.673012
-0.717664,51,299.711469
-0.77156,51,299.751041
-0.743678,51,299.790275
-0.753449,51,299.829026
-0.804616,51,299.867811
-0.713999,51,299.907184
-0.804979,51,299.96
-0.735204,51,300.005214
-0.811122,51,300.051389
-0.809742,51,300.093361
-0.712573,51,300.135474
-0.730313,51,300.175737
-0.745142,51,300.213976
-0.820876,51,300.251217
-0.693757,51,300.287937
-0.790694,51,300.325151
-0.748072,51,300.362117
-0.839329,51,300.39898
-0.74189,51,300.435924
-0.755917,51,300.472852
-0.792101,52,300.711275
-0.726642,51,300.748644
-0.684326,51,300.785639
-0.680576,52,300.8232
-0.797234,51,300.859834
-0.842992,51,300.8966
-0.762491,52,300.934326
-0.78607,51,300.971199
-0.806667,51,301.007855
-0.726264,51,301.044939
-0.733811,51,301.082153
-0.829837,52,301.119835
-0.769524,51,301.156581
-0.736628,51,301.193379
-0.786413,52,301.23069
-0.672034,52,301.268154
-0.709183,51,301.304855
-0.768413,52,301.343109
-0.827329,51,301.380653
-0.781359,51,301.417636
-0.794008,51,301.454728
-0.709023,51,301.491721
-0.692433,51,301.528585
-0.773161,51,301.565421
-0.71789,51,301.602057
-0.722534,51,301.638685
-0.79487,51,301.675418
-0.712155,52,301.712862
-0.724816,51,301.749305
-0.754794,51,301.785828
-0.768952,51,301.822456
-0.774884,52,301.859809
-0.676746,51,301.896426
-0.738457,51,301.932866
-0.73976,51,301.969296
-0.749701,52,302.006804
-0.74629,51,302.043703
-0.7345,51,302.080066
-0.797067,51,302.116431
-0.766281,51,302.15324
-0.757318,52,302.39872
-0.818485,51,302.436095
-0.822535,51,302.473233
-0.81145,51,302.510078
-0.779051,51,302.547085
-0.752614,51,302.584039
-0.76408,52,302.621942
-0.782806,52,302.659662
-0.879127,51,302.696593
-0.714657,51,302.733539
-0.764576,51,302.770425
-0.787801,51,302.807303
-0.758121,51,302.843965
-0.692888,51,302.880754
-0.737114,51,302.921087
-0.782453,51,302.963176
-0.799738,51,303.004535
-0.711158,51,303.043715
-0.74581,52,303.083353
-0.673365,51,303.12209
-0.766708,51,303.161451
-0.759734,51,303.200831
-0.716866,52,303.239886
-0.793071,51,303.277681
-0.72233,51,303.319243
-0.744671,51,303.361574
-0.74771,51,303.40246
-0.826767,51,303.443259
-0.696296,51,303.489647
-0.778069,51,303.551625
-0.708194,52,303.594437
-0.693867,51,303.650618
-0.718614,51,303.691726
-0.752702,51,303.733432
-0.657779,51,303.784213
-0.692393,51,303.829735
-0.714163,51,303.875119
-0.824324,51,303.919272
-0.777114,52,304.031283
-0.791741,51,304.097893
-0.765827,51,304.419401
-0.731309,51,304.457423
-0.703421,51,304.496187
-0.721936,51,304.534279
-0.844451,51,304.57206
-0.702242,51,304.608889
-0.723104,52,304.65197
-0.821168,51,304.68941
-0.851489,51,304.726238
-0.694428,51,304.763005
-0.78038,51,304.799717
-0.731387,51,304.838013
-0.665454,51,304.877305
-0.738496,51,304.915373
-0.671142,51,304.952976
-0.765865,51,304.997107
-0.720017,52,305.05398
-0.753342,52,305.118555
-0.836633,51,305.157984
-0.715726,52,305.195973
-0.816192,52,305.234133
-0.855959,51,305.271442
-0.681829,51,305.30903
-0.701968,51,305.357042
-0.707596,52,305.399475
-0.72718,51,305.439959
-0.845255,51,305.491727
-0.709192,51,305.529353
-0.805443,51,305.567427
-0.69778,51,305.606706
-0.765101,51,305.644898
-0.780266,51,305.682515
-0.78936,51,305.720574
-0.679082,51,305.758452
-0.763843,52,305.796274
-0.919523,51,305.83308
-0.864916,51,305.869735
-0.948387,51,305.906478
-0.743828,52,305.944488
-0.669833,51,305.983131
-0.701104,52,306.303373
-0.77641,51,306.342516
-0.754906,51,306.382293
-0.732614,51,306.420809
-0.900216,51,306.459684
-0.754054,51,306.498171
-0.76926,51,306.539823
-0.76148,51,306.581704
-0.826183,51,306.62944
-0.714522,51,306.681352
-0.754621,51,306.729491
-0.664963,51,306.769854
-0.892737,51,306.808982
-0.710849,51,306.848374
-0.857254,51,306.889002
-0.71183,51,306.928377
-0.73886,51,306.966901
-0.785606,52,307.006741
-0.733428,51,307.04661
-0.719348,51,307.087301
-0.719469,51,307.126532
-0.77816,51,307.165533
-0.781687,51,307.204115
-0.702539,51,307.243573
-0.774324,52,307.283194
-0.74842,51,307.321959
-0.811923,51,307.359341
-0.72347,51,307.39619
-0.76893,51,307.433117
-0.705809,51,307.469678
-0.846928,52,307.507394
-0.859009,51,307.544254
-0.774461,52,307.581838
-0.704526,51,307.618465
-0.673072,51,307.655069
-0.732433,52,307.692379
-0.798531,51,307.730859
-0.747556,52,307.768774
-0.713228,51,307.805544
-0.796831,51,307.850743
-0.790926,51,308.103336
-0.774647,52,308.141144
-0.711631,51,308.177975
-0.721893,51,308.215381
-0.743086,51,308.25237
-0.706428,51,308.289448
-0.649921,51,308.326396
-0.726167,51,308.363812
-0.688485,51,308.402531
-0.730351,51,308.440661
-0.713703,51,308.477368
-0.725628,51,308.514134
-0.732528,51,308.553219
-0.73005,51,308.593228
-0.71835,51,308.633515
-0.74559,51,308.67726
-0.758816,52,308.717888
-0.80937,51,308.762845
-0.70061,52,308.810802
-0.715585,51,308.849184
-0.640635,51,308.888649
-0.79448,51,308.929547
-0.769467,51,308.970164
-0.690835,51,309.026118
-0.739215,51,309.068877
-0.78607,51,309.109214
-0.779763,52,309.171377
-0.898494,52,309.212661
-0.677345,51,309.251999
-0.805506,51,309.290097
-0.817096,51,309.329667
-0.892728,52,309.370566
-0.713834,51,309.417127
-0.715704,51,309.461699
-0.7546,51,309.503799
-0.789836,51,309.544134
-0.86795,51,309.581104
-0.815495,51,309.619864
-0.697775,51,309.657641
-0.872524,51,309.694501
-0.779045,51,309.928666
-0.77412,51,309.965241
-0.73099,52,310.002646
-0.717086,51,310.039104
-0.911406,52,310.076478
-0.6785,51,310.113184
-0.739711,51,310.15095
-0.741477,51,310.191314
-0.726463,51,310.23167
-0.812546,51,310.27311
-0.745567,52,310.313684
-0.693078,51,310.35257
-0.686067,51,310.390517
-0.743863,51,310.428149
-0.759306,51,310.465935
-0.758353,51,310.502773
-0.796821,52,310.543185
-0.99564,52,310.590377
-0.748566,51,310.631732
-0.780248,51,310.676933
-0.781203,51,310.72048
-0.753175,51,310.765852
-0.711815,51,310.813029
-0.890395,51,310.851055
-0.635575,51,310.888912
-0.762055,51,310.932129
-0.742073,51,310.973251
-0.766595,51,311.013956
-0.712807,51,311.052441
-0.831856,52,311.090931
-0.730053,51,311.127772
-0.648398,51,311.165449
-0.771341,52,311.203013
-0.759756,51,311.239713
-0.799937,51,311.27706
-0.703024,51,311.313793
-0.727004,51,311.350389
-0.703421,52,311.387757
-0.878363,51,311.426098
-0.731974,51,311.465365
-0.789029,51,311.71548
-0.896256,51,311.759603
-0.776367,51,311.80181
-0.760636,51,311.842887
-0.710455,51,311.886027
-0.756095,51,311.92575
-0.740257,51,311.964399
-0.8346,51,312.003228
-0.709977,51,312.042067
-0.75228,51,312.080572
-0.785874,51,312.119239
-0.731797,51,312.15939
-0.724331,51,312.198102
-0.787717,51,312.235664
-0.826273,52,312.27352
-0.800191,51,312.310546
-0.811154,51,312.347526
-0.683784,51,312.384405
-0.70647,52,312.421868
-0.754263,51,312.45997
-0.722859,52,312.509524
-0.768331,51,312.547887
-0.757866,51,312.585255
-0.764237,51,312.622793
-0.750304,51,312.660707
-0.78419,51,312.69871
-0.788991,51,312.737104
-0.815643,51,312.774378
-0.891699,51,312.811102
-0.72064,51,312.847796
-0.799468,52,312.885333
-0.796986,51,312.922069
-0.66729,51,312.959333
-0.817707,51,312.99625
-0.809212,51,313.032964
-0.807925,51,313.069782
-0.748785,51,313.106757
-0.883161,52,313.149867
-0.826572,51,313.188241
-0.79715,51,313.227686
-0.753105,51,313.474839
-0.677977,52,313.512597
-0.739412,51,313.549574
-0.800753,51,313.586394
-0.714653,51,313.623161
-0.669773,52,313.660828
-0.801662,52,313.704725
-0.793288,51,313.779359
-0.738245,51,313.906478
-0.79775,51,313.969938
-0.697136,51,314.01259
-0.688755,51,314.0531
-0.731714,51,314.096183
-0.716428,51,314.137247
-0.839005,51,314.180056
-0.752592,51,314.226934
-0.794911,51,314.269896
-0.767019,51,314.343768
-0.864005,51,314.413951
-0.806979,51,314.464546
-0.757157,51,314.516677
-0.772547,52,314.562217
-0.816913,51,314.604818
-0.780225,51,314.647394
-0.707407,51,314.688284
-0.734653,51,314.731829
-0.749952,51,314.781532
-0.692163,51,314.825835
-0.69449,51,314.865581
-0.719504,51,314.904525
-0.815207,51,314.944034
-0.760072,52,314.984145
-0.759993,51,315.02265
-0.793014,51,315.060481
-0.746267,51,315.098654
-0.789069,51,315.137485
-0.721353,51,315.176012
-0.743305,51,315.214411
-0.751633,51,315.252883
-0.806479,51,315.291182
-0.678227,51,315.544255
-0.712758,51,315.581864
-0.752094,51,315.619887
-0.678412,51,315.657301
-0.816543,51,315.696158
-0.665093,51,315.73374
-0.74016,51,315.771633
-0.71876,51,315.809179
-0.685112,51,315.846818
-0.741871,52,315.8859
-0.711325,51,315.92376
-0.783804,51,315.961187
-0.718019,51,315.998827
-0.79043,51,316.036895
-0.710753,51,316.074768
-0.756436,51,316.112547
-0.681273,51,316.150787
-0.670957,51,316.18834
-0.681141,51,316.225774
-0.750612,52,316.264033
-0.765114,51,316.316683
-0.686881,51,316.372489
-0.721706,51,316.413424
-0.725389,51,316.45156
-0.661816,51,316.489041
-0.813758,51,316.527108
-0.737813,52,316.565481
-0.709972,52,316.603298
-0.702463,51,316.639961
-0.675913,51,316.676869
-0.680607,51,316.714321
-0.786696,51,316.751193
-0.799432,51,316.787948
-0.789613,51,316.824675
-0.74414,51,316.862119
-1.017977,51,316.899194
-0.736506,51,316.936797
-0.701547,51,316.974532
-0.66143,51,317.011825
-0.715837,51,317.050766
-0.810841,51,317.296659
-0.722139,51,317.334677
-0.734157,52,317.3729
-0.751547,52,317.410866
-0.727154,51,317.449002
-0.759856,51,317.486936
-0.849043,51,317.524899
-0.716067,51,317.562342
-0.708081,51,317.600359
-0.700012,51,317.637823
-0.726938,51,317.675932
-0.823945,52,317.714251
-0.67953,51,317.752214
-0.671242,51,317.789725
-0.795714,51,317.827018
-0.822525,51,317.864851
-0.771499,51,317.902734
-0.757697,52,317.941527
-0.686352,51,317.9792
-0.738754,52,318.017368
-0.742935,51,318.05541
-0.720499,51,318.09344
-0.773676,51,318.131111
-0.687378,51,318.168466
-0.677854,51,318.205503
-0.688901,51,318.24276
-0.744257,51,318.280618
-0.712024,51,318.31863
-0.833032,51,318.356046
-0.706869,51,318.393537
-0.688413,51,318.431876
-0.717552,51,318.469245
-0.778442,51,318.507007
-0.693695,51,318.544781
-0.753652,52,318.584602
-0.704329,51,318.622655
-0.866864,51,318.660135
-0.723162,51,318.69776
-0.691029,51,318.735892
-0.677053,51,318.773485
-0.738627,52,319.017983
-0.704735,51,319.055623
-0.702578,52,319.093627
-0.713197,51,319.132679
-0.718245,52,319.17167
-0.785883,51,319.210149
-0.723441,51,319.248941
-0.797276,51,319.287185
-0.758759,51,319.325213
-0.725916,51,319.362824
-0.718909,51,319.40075
-0.682961,51,319.438493
-0.720771,52,319.47606
-0.765234,51,319.513756
-0.706418,51,319.551281
-0.821398,51,319.588731
-0.684577,51,319.6261
-0.724937,51,319.664656
-0.74385,51,319.702457
-0.704107,51,319.74002
-0.715917,52,319.778616
-0.743184,51,319.816782
-0.751003,51,319.854645
-0.78011,52,319.89286
-0.912944,51,319.93041
-0.871995,51,319.968298
-0.733081,51,320.006161
-0.689826,51,320.043643
-0.685701,51,320.081197
-0.718202,51,320.119856
-0.782456,51,320.158154
-0.716246,51,320.199794
-0.773149,51,320.237459
-0.772662,51,320.275398
-0.78958,51,320.31258
-0.694439,51,320.349811
-0.791791,51,320.387368
-0.797687,51,320.425181
-0.711063,51,320.462383
-0.802747,51,320.4996
-0.719668,51,320.744337
-0.706605,51,320.781964
-0.740674,51,320.81953
-0.782684,52,320.857277
-0.690385,51,320.893968
-0.685933,51,320.930624
-0.765146,51,320.967129
-0.705862,52,321.004341
-0.865418,51,321.040993
-0.785851,51,321.077474
-0.699593,51,321.113877
-0.694883,52,321.151123
-0.693089,51,321.187817
-0.853047,51,321.224289
-0.750612,51,321.261242
-0.709372,51,321.298516
-0.728731,51,321.335921
-0.825061,51,321.372917
-0.724417,51,321.410119
-0.784962,51,321.451188
-0.732103,51,321.489391
-0.781833,51,321.526963
-0.681662,51,321.564262
-0.733405,51,321.602049
-0.789594,52,321.640105
-0.698094,51,321.677603
-0.787981,52,321.715941
-0.720538,51,321.753273
-0.78496,51,321.790284
-0.700186,51,321.827641
-0.745798,51,321.865199
-0.830926,51,321.903101
-0.690692,51,321.940686
-0.717097,51,321.977979
-0.698545,51,322.015079
-0.739215,51,322.052171
-0.772695,51,322.08912
-0.732703,51,322.126249
-0.753256,51,322.163925
-0.741137,51,322.201275
-0.684067,51,322.444813
-0.834875,51,322.482923
-0.771849,51,322.520853
-0.781742,51,322.558
-0.746793,51,322.595601
-0.68174,51,322.633284
-0.716115,51,322.670541
-0.744893,51,322.707791
-0.680049,51,322.745484
-0.739864,51,322.782851
-0.725545,51,322.820151
-0.822857,51,322.85807
-0.795327,51,322.895527
-0.843315,51,322.933466
-0.711613,52,322.971499
-0.718842,51,323.009455
-0.788645,51,323.046934
-0.721762,51,323.084238
-0.773407,51,323.121843
-0.715766,52,323.160328
-0.703529,51,323.197968
-0.713899,51,323.235537
-0.725643,51,323.272657
-0.74329,51,323.310298
-0.71991,51,323.348121
-0.772675,52,323.386094
-0.772364,51,323.423838
-0.793108,51,323.461105
-0.778349,51,323.49862
-0.729134,51,323.536254
-0.891485,51,323.57388
-0.773837,51,323.611405
-0.686984,51,323.64895
-0.777286,52,323.687307
-0.705691,51,323.72421
-0.706483,51,323.761066
-0.851095,51,323.79792
-0.702732,51,323.834603
-0.916867,51,323.871511
-0.780457,51,323.90831
-0.698581,51,324.143784
-0.696796,51,324.180761
-0.65942,51,324.217595
-0.736372,51,324.254222
-0.729756,51,324.291191
-0.721778,51,324.327938
-0.808241,52,324.365438
-0.861693,51,324.401991
-0.823235,51,324.439034
-0.761509,51,324.476002
-0.756878,51,324.512823
-0.695139,52,324.550202
-0.663812,51,324.587686
-0.73406,51,324.624529
-8.15129,51,324.661698
-0.847742,51,324.698794
-0.704897,51,324.736248
-0.736038,51,324.773153
-0.71023,51,324.810682
-0.699765,51,324.848171
-0.738805,51,324.885972
-0.704973,51,324.923338
-0.793937,51,324.960496
-0.751191,51,324.997853
-0.722327,51,325.035116
-0.732053,51,325.072151
-0.676763,52,325.109679
-0.657355,51,325.146377
-0.671615,51,325.183143
-0.788968,51,325.219774
-0.78565,51,325.256371
-0.723074,51,325.293204
-0.773272,52,325.330576
-0.761346,51,325.3671
-0.698954,51,325.403657
-0.714456,51,325.440265
-0.705043,51,325.476853
-0.683834,51,325.513396
-0.751537,51,325.549922
-0.704584,51,325.586434
-0.761296,52,325.822714
-0.670678,51,325.859618
-0.682154,51,325.899326
-0.694967,51,325.947718
-0.77278,51,325.991245
-0.700923,51,326.031511
-0.655609,51,326.069695
-0.824654,51,326.107766
-0.647418,51,326.145984
-0.782031,51,326.184254
-0.688314,51,326.221758
-0.763257,51,326.259745
-0.776024,51,326.299341
-0.730013,51,326.342141
-0.821027,51,326.38204
-0.659135,51,326.420313
-0.687752,51,326.458406
-0.672167,51,326.496099
-0.81578,51,326.534484
-0.731644,51,326.572388
-0.730126,51,326.610659
-0.810511,51,326.649263
-0.722251,51,326.686981
-0.823511,51,326.725557
-0.741028,52,326.763808
-0.7695,51,326.801904
-0.677544,51,326.839631
-0.827225,51,326.877873
-0.776049,52,326.916687
-0.871348,52,326.955048
-0.715398,51,326.993137
-0.648203,51,327.03113
-0.794534,51,327.069057
-0.673783,51,327.106858
-0.665937,51,327.144862
-0.725413,51,327.183501
-0.679816,51,327.221071
-0.89827,51,327.259152
-0.673551,51,327.297216
-0.799904,51,327.33504
-0.764397,51,327.579404
-0.753555,51,327.617358
-0.729424,51,327.655091
-0.708859,52,327.693611
-0.74055,52,327.732307
-0.700637,51,327.770624
-0.763109,51,327.80917
-0.719838,51,327.847556
-0.735644,51,327.885949
-0.686509,51,327.923684
-0.740147,51,327.961802
-0.693282,51,327.999839
-0.892676,51,328.037315
-0.746109,51,328.074705
-0.777022,51,328.112096
-0.664904,51,328.150701
-0.729409,51,328.188702
-0.775648,51,328.226648
-0.679413,51,328.265584
-0.772768,51,328.304002
-0.685559,51,328.342126
-0.662618,51,328.380879
-0.775154,51,328.433236
-0.712391,51,328.473668
-0.671454,51,328.511748
-0.835243,51,328.550017
-0.736276,51,328.588962
-0.794569,51,328.628496
-0.742655,52,328.670974
-0.724787,51,328.7151
-0.677009,51,328.759122
-0.695181,51,328.801583
-0.725083,51,328.844374
-0.761251,51,328.884298
-0.809806,51,328.925351
-0.75165,51,328.973539
-0.725065,51,329.023781
-0.757813,52,329.098087
-0.725764,51,329.164951
-0.721281,52,329.210199
-0.757993,51,329.584163
-0.764689,51,329.628724
-0.770799,51,329.689762
-0.726772,51,329.733507
-0.757263,51,329.778966
-0.747576,51,329.82582
-0.722836,51,329.874132
-0.714122,52,329.93806
-0.81069,51,329.977196
-0.678098,51,330.016803
-0.746438,52,330.056354
-0.715003,51,330.095667
-0.770931,52,330.136384
-0.731916,51,330.174745
-0.695678,51,330.212743
-0.701185,52,330.251164
-0.743852,51,330.288642
-0.681896,51,330.326042
-0.74562,51,330.363949
-0.715277,51,330.402484
-0.72291,51,330.440437
-0.722669,51,330.478218
-0.729394,51,330.516609
-0.740162,51,330.554261
-0.759915,51,330.592159
-0.699648,51,330.629768
-0.78259,51,330.667986
-0.728586,51,330.706912
-0.761032,51,330.746696
-0.687673,51,330.785998
-0.70076,51,330.823789
-0.783774,51,330.861462
-0.765737,51,330.90002
-0.78934,51,330.938769
-0.704245,51,330.977167
-0.733243,51,331.014925
-0.759592,51,331.052986
-0.70026,51,331.091277
-0.777252,51,331.129516
-0.687852,52,331.16829
-0.879326,51,331.419542
-0.68474,52,331.458729
-0.705763,51,331.497025
-0.722169,52,331.535623
-0.805011,51,331.57353
-0.708513,51,331.611744
-0.714256,51,331.650262
-0.766275,51,331.687676
-0.704446,51,331.725493
-0.761432,51,331.763314
-0.73456,51,331.801751
-0.706172,52,331.840052
-0.798889,51,331.877518
-0.754957,51,331.915988
-0.830746,51,331.954059
-0.701548,51,331.99182
-0.704153,51,332.029494
-0.678085,51,332.066935
-0.767637,51,332.106016
-0.728155,51,332.143982
-0.720733,51,332.181485
-0.903296,51,332.219923
-0.739543,52,332.258439
-0.751536,51,332.296352
-0.837442,51,332.333967
-0.769177,51,332.37146
-0.756185,51,332.41002
-0.723917,52,332.448235
-0.703867,51,332.485637
-0.719792,52,332.523789
-0.649714,51,332.562334
-0.857554,51,332.600624
-0.727222,51,332.638338
-0.694445,51,332.675664
-0.643483,51,332.713863
-0.774107,51,332.75557
-0.768872,51,332.793388
-0.688966,52,332.831963
-0.741623,51,332.869529
-0.655675,52,332.908179
-0.722691,51,333.152792
-0.655563,51,333.190896
-0.65749,51,333.2289
-0.714636,51,333.267217
-0.693673,51,333.304923
-0.832502,51,333.342815
-0.728994,51,333.380895
-0.684209,51,333.418953
-0.71043,52,333.457336
-0.677837,51,333.494661
-0.750036,51,333.532931
-0.754848,52,333.571863
-0.725754,52,333.610364
-0.766704,52,333.649107
-0.750217,51,333.687473
-0.671865,51,333.725283
-0.812894,51,333.762296
-0.674398,51,333.799246
-0.830008,51,333.836066
-0.778587,51,333.872829
-0.705542,51,333.910407
-0.6847,51,333.947529
-0.663823,51,333.984387
-0.709246,51,334.02119
-0.688368,51,334.057977
-0.740103,51,334.094649
-0.744577,51,334.131173
-0.720008,51,334.168098
-0.779774,51,334.205837
-0.779554,51,334.245325
-0.66824,51,334.282741
-0.73826,51,334.320206
-0.692872,51,334.358141
-0.743545,51,334.396886
-0.705292,51,334.434611
-0.86326,51,334.472017
-0.6879,51,334.509868
-0.775813,51,334.547563
-0.713357,51,334.585146
-0.764351,51,334.622275
-0.808392,51,334.867137
-0.73986,52,334.905855
-0.666973,51,334.944177
-0.699684,51,334.981476
-0.748756,51,335.020275
-0.698288,51,335.058202
-0.723931,51,335.096689
-0.699187,51,335.134651
-0.696834,52,335.172407
-0.686911,51,335.210799
-0.852264,52,335.249208
-0.772357,51,335.287278
-0.754817,51,335.325658
-0.825199,51,335.364099
-0.751781,52,335.402978
-0.691772,51,335.441765
-0.778333,51,335.479768
-0.777926,51,335.519847
-0.837689,51,335.559507
-0.807554,51,335.599064
-0.790713,51,335.637394
-0.827244,51,335.675601
-0.818256,51,335.712536
-0.681158,51,335.750432
-0.6943,51,335.788084
-0.749114,51,335.825713
-0.830962,51,335.863647
-0.756244,51,335.901771
-0.732351,51,335.940062
-0.738302,51,335.978526
-0.687098,51,336.018392
-0.773063,52,336.058365
-0.657624,51,336.097193
-0.756211,51,336.13552
-0.771822,51,336.173583
-0.751242,51,336.211244
-0.694027,52,336.248754
-0.78166,51,336.295305
-0.679607,51,336.335051
-0.746567,51,336.373875
-0.815302,51,336.411329
-0.636821,51,336.658189
-0.684446,51,336.695781
-0.798297,51,336.733775
-0.650742,51,336.772046
-0.760885,51,336.810992
-0.725665,51,336.848524
-0.717784,51,336.8864
-0.72658,51,336.927608
-0.708319,52,336.968019
-0.893376,51,337.007074
-0.778483,51,337.046331
-0.731569,51,337.085156
-0.730023,51,337.122975
-0.776626,52,337.161651
-0.682022,51,337.199545
-0.699466,51,337.237346
-0.795912,51,337.275201
-0.679982,51,337.313354
-0.676108,51,337.351713
-0.68552,51,337.389199
-0.714091,51,337.427084
-0.683888,51,337.465224
-0.715127,52,337.504119
-0.744129,51,337.542169
-0.681668,52,337.581026
-0.696014,51,337.61949
-0.648156,51,337.657282
-0.817178,51,337.695389
-0.746213,51,337.735771
-0.639146,51,337.773831
-0.715751,52,337.813164
-0.788725,51,337.917951
-0.691718,51,337.965137
-0.76155,51,338.006028
-0.721788,51,338.045384
-0.733504,51,338.083455
-0.765423,51,338.123182
-0.699594,51,338.161549
-0.699312,52,338.199289
-0.770599,51,338.236285
