#{"t_start": 1789404497.905855, "env_id": "None"}
r,l,t
-2.365166,51,0.908168
-1.880623,52,0.939214
-1.942198,51,0.969861
-1.736722,51,1.000018
-2.16101,52,1.032526
-1.516237,51,1.062861
-1.697975,51,1.093017
-1.919986,51,1.123105
-1.815541,51,1.153287
-1.87843,52,1.187273
-1.465172,51,1.221408
-1.923405,51,1.260304
-1.62515,51,1.291168
-1.576502,51,1.321393
-1.805049,51,1.348296
-1.866148,51,1.382798
-1.978894,51,1.413853
-1.887614,51,1.442095
-2.70321,51,1.470109
-2.023695,51,1.498069
-2.420711,51,1.527747
-1.487016,51,1.556236
-1.941207,51,1.585046
-2.249995,52,1.615333
-1.840881,51,1.64496
-1.725077,51,1.674499
-1.62293,52,1.704785
-1.970856,52,1.733021
-1.498646,51,1.762748
-1.38301,51,1.791176
-2.241059,51,1.82069
-1.794346,51,1.850347
-1.969059,52,1.880593
-1.208017,51,1.910085
-2.074782,51,1.939629
-2.127091,51,1.968628
-1.921714,51,1.996738
-1.672374,51,2.023486
-1.638955,51,2.051829
-1.877638,51,2.081398
-1.551985,51,2.394234
-1.98539,51,2.420905
-1.800159,51,2.447127
-1.713323,51,2.47348
-1.882843,51,2.49958
-1.589144,52,2.526239
-1.750362,51,2.55265
-1.338191,51,2.578823
-1.75425,51,2.605028
-1.746567,52,2.631468
-1.929334,51,2.656911
-1.33895,51,2.682377
-1.921931,51,2.707938
-1.547485,52,2.734794
-1.574387,51,2.760984
-1.77945,51,2.786874
-2.359522,51,2.812705
-2.64688,51,2.838417
-1.709749,51,2.864118
-1.582225,51,2.889863
-2.385097,51,2.915499
-2.21814,52,2.942091
-1.92117,51,2.968042
-1.688804,51,2.99366
-1.531456,51,3.019216
-1.908015,51,3.044735
-2.373882,51,3.07028
-2.469382,51,3.09572
-1.665831,51,3.121185
-1.937691,51,3.14668
-1.64523,51,3.172136
-1.512443,51,3.197744
-1.970407,51,3.223203
-1.663478,51,3.248581
-1.452544,51,3.27412
-1.685024,51,3.299657
-1.700154,51,3.325295
-1.683462,51,3.350693
-1.580219,52,3.376843
-1.648176,51,3.402447
-1.636626,51,3.694014
-1.827468,51,3.724371
-2.270098,51,3.755551
-1.355197,52,3.864778
-1.544644,51,3.896693
-1.857337,51,3.931337
-1.474247,51,3.963702
-1.711709,51,3.994572
-1.930451,51,4.026169
-1.652412,51,4.062001
-1.980636,51,4.090134
-1.423052,51,4.116243
-2.025938,51,4.14184
-1.813701,51,4.167647
-1.861707,51,4.193387
-2.051505,51,4.226778
-1.70317,52,4.253911
-1.847206,51,4.279934
-1.465895,51,4.305831
-1.294789,51,4.331674
-1.556944,51,4.357476
-1.448549,51,4.38331
-1.686476,51,4.408962
-1.822277,51,4.434727
-1.768322,51,4.460406
-1.575958,51,4.485983
-1.76749,51,4.51149
-1.784697,52,4.537598
-1.95161,51,4.563349
-2.294596,52,4.589534
-1.808846,52,4.615903
-1.653617,51,4.641492
-1.391837,51,4.667125
-1.932738,52,4.693226
-1.758259,52,4.719419
-1.519322,52,4.745572
-1.612213,51,4.77165
-1.578619,52,4.799456
-2.709395,51,4.825469
-1.898344,51,4.851216
-1.834884,51,5.11407
-1.881243,51,5.140803
-1.765582,51,5.167385
-1.74887,51,5.194105
-1.664871,51,5.225791
-1.661264,51,5.254214
-1.51228,51,5.28113
-1.320199,51,5.307892
-1.649837,51,5.334036
-1.767626,51,5.360041
-1.533734,51,5.385631
-1.515339,52,5.411821
-1.589239,51,5.437865
-1.901344,51,5.463458
-1.844526,51,5.488967
-1.80021,51,5.514566
-1.317469,52,5.54079
-1.687671,51,5.566282
-1.264547,51,5.59193
-1.710436,52,5.617942
-1.598714,51,5.643644
-2.174086,51,5.669173
-2.022531,51,5.694799
-1.568736,51,5.720431
-1.710525,51,5.746093
-1.449535,51,5.771812
-2.514925,51,5.797486
-1.750378,51,5.823132
-1.735662,52,5.849216
-1.582346,51,5.875054
-1.240394,51,5.900601
-1.821869,51,5.926144
-2.217195,51,5.951674
-1.682741,51,5.977283
-1.659579,51,6.002715
-1.722451,52,6.028742
-1.540241,51,6.054212
-1.657736,51,6.079817
-1.54196,52,6.10602
-1.436725,51,6.131713
-1.436408,51,6.394566
-1.512073,52,6.422301
-1.524905,51,6.449045
-1.628314,51,6.475475
-1.634368,51,6.501966
-2.134635,51,6.528304
-1.497094,51,6.554664
-1.983434,51,6.580883
-1.859824,51,6.607199
-2.007713,51,6.635455
-1.656589,51,6.665772
-1.607301,51,6.693785
-1.383055,51,6.725144
-2.055629,51,6.752408
-1.403018,51,6.778606
-1.339479,51,6.804477
-1.323334,51,6.830283
-1.594233,51,6.856151
-1.640669,51,6.881842
-1.418904,52,6.908141
-1.468675,51,6.933629
-1.706243,52,6.959712
-1.88418,51,6.985411
-1.668713,51,7.011018
-1.476281,51,7.036541
-1.439304,52,7.062793
-1.3331,51,7.088575
-1.547747,52,7.119508
-1.605808,51,7.146799
-1.531389,51,7.172742
-1.62507,51,7.198224
-1.349425,51,7.224002
-1.676864,51,7.249658
-2.32823,51,7.275206
-1.539537,51,7.300836
-1.735096,52,7.326935
-1.980771,51,7.352227
-1.825813,51,7.377801
-1.767521,52,7.403863
-1.634048,51,7.429351
-1.772361,52,7.683142
-2.246041,51,7.708
-1.997469,51,7.732857
-1.968863,51,7.757624
-1.682185,51,7.782444
-1.615512,51,7.807496
-1.759145,51,7.832294
-1.462285,52,7.857788
-1.836609,51,7.882533
-1.497813,51,7.906836
-1.756098,51,7.931375
-2.141187,51,7.955194
-1.41221,52,7.981287
-1.940178,51,8.005094
-1.81524,51,8.02943
-1.450406,51,8.054209
-1.488933,52,8.07944
-1.497752,51,8.106551
-1.74172,51,8.131729
-1.477877,51,8.156677
-1.5988,51,8.180687
-1.428063,51,8.206121
-1.894073,51,8.23028
-1.802895,51,8.255983
-1.528078,51,8.279802
-1.739305,51,8.304321
-1.878986,51,8.329358
-1.344643,51,8.353256
-1.424646,52,8.379406
-1.59726,51,8.403226
-1.443073,51,8.428644
-1.55917,51,8.452663
-1.543588,51,8.478368
-1.849752,51,8.502283
-1.538159,51,8.526736
-1.864678,51,8.551513
-1.443336,51,8.57647
-1.362175,51,8.600966
-1.507118,51,8.624699
-1.515326,51,8.6503
-1.387682,52,8.904466
-1.459351,51,8.928468
-1.565958,51,8.954865
-2.179828,51,8.979788
-1.61529,51,9.004467
-1.718531,51,9.029128
-1.323085,51,9.054373
-1.420705,51,9.079236
-1.670825,51,9.104023
-1.689021,52,9.128952
-1.460246,51,9.153614
-1.768103,51,9.177457
-1.773316,51,9.20313
-1.291889,51,9.227298
-1.50137,51,9.252486
-1.638502,51,9.276431
-1.447636,51,9.302049
-1.523081,52,9.326409
-1.731956,51,9.352077
-2.612734,52,9.376377
-1.889162,51,9.401886
-1.632413,51,9.425921
-1.800864,52,9.450788
-2.027037,51,9.475988
-1.6519,52,9.501074
-2.169761,51,9.525814
-1.373594,51,9.549421
-2.027499,51,9.575009
-1.557326,51,9.598791
-1.614385,51,9.624384
-1.815926,51,9.648186
-1.555423,51,9.672679
-1.532133,51,9.697536
-1.767568,51,9.722302
-1.598392,51,9.74676
-1.864028,51,9.77043
-1.389947,51,9.795874
-1.927686,51,9.819758
-1.973716,51,9.844974
-1.38324,51,9.868754
-1.68322,51,10.122067
-1.305961,51,10.146283
-1.492663,51,10.172611
-1.601284,51,10.197625
-1.490446,51,10.223383
-1.533097,51,10.248364
-1.844714,51,10.273268
-1.600319,51,10.298379
-1.536969,51,10.323282
-2.089597,51,10.347745
-2.043537,51,10.372027
-1.57073,51,10.396514
-1.715098,52,10.421914
-1.326795,51,10.445673
-1.627867,51,10.471361
-1.605174,52,10.495752
-2.119812,51,10.521091
-1.622603,51,10.545185
-1.614386,51,10.569331
-1.325307,51,10.594535
-1.902517,51,10.619092
-1.546853,51,10.643958
-2.432212,51,10.667886
-2.741384,51,10.693026
-1.722712,51,10.717218
-1.470947,51,10.742623
-1.644868,52,10.766966
-1.793952,51,10.791387
-1.406007,52,10.817012
-1.626992,51,10.840882
-1.570192,51,10.866393
-1.541117,51,10.890235
-1.882497,51,10.915461
-1.680892,51,10.939483
-1.557978,51,10.963658
-1.364161,51,10.98889
-1.472396,52,11.013165
-1.18181,52,11.038327
-1.859407,51,11.063179
-1.396819,52,11.088784
-1.214367,51,11.340641
-1.974164,51,11.364666
-1.459623,51,11.390756
-1.346145,51,11.4156
-1.579989,51,11.441641
-1.482961,51,11.466526
-2.190396,51,11.491359
-1.321017,52,11.51673
-1.522006,51,11.541553
-1.18476,51,11.565295
-1.557256,51,11.590342
-1.947055,52,11.615586
-1.408292,52,11.639933
-1.755104,51,11.665489
-1.41642,51,11.689167
-1.454921,51,11.714647
-1.724704,51,11.738429
-1.784808,51,11.763037
-1.712639,51,11.787849
-1.641668,51,11.811805
-2.046817,51,11.837044
-1.310235,51,11.861265
-1.3877,51,11.886781
-1.698598,51,11.910625
-1.639147,51,11.936019
-1.439891,51,11.959909
-1.774525,51,11.984795
-1.482262,51,12.009282
-1.547355,51,12.033124
-1.240412,51,12.058638
-1.395783,51,12.082476
-1.986076,51,12.108079
-1.354994,51,12.131813
-1.396763,51,12.156437
-1.726655,51,12.180893
-1.424356,51,12.204649
-1.690904,51,12.230097
-1.837561,51,12.253991
-1.521198,51,12.279479
-1.370169,51,12.303194
-1.653039,51,12.572047
-1.288191,52,12.598425
-2.187082,51,12.622751
-1.866668,51,12.647624
-1.518209,51,12.672465
-1.353481,51,12.697284
-1.975199,51,12.722151
-1.817928,51,12.746992
-1.717717,51,12.771725
-1.501175,51,12.796334
-1.664044,51,12.82059
-1.828186,51,12.844668
-1.597271,51,12.87043
-1.376139,52,12.894822
-1.768471,52,12.920099
-1.525194,51,12.944746
-1.815562,51,12.968508
-1.736567,51,12.993797
-1.965206,51,13.017869
-1.563162,51,13.043406
-1.604696,51,13.067176
-1.533661,51,13.091699
-1.43623,51,13.116622
-1.816158,51,13.140423
-2.03165,51,13.166015
-1.258461,52,13.190269
-1.502374,51,13.215822
-1.189472,51,13.239563
-1.818277,51,13.263834
-1.710922,51,13.288977
-1.580199,51,13.312723
-1.330698,51,13.338257
-1.805271,51,13.361838
-1.382328,51,13.387146
-1.374126,52,13.41162
-1.501677,51,13.437096
-1.902549,51,13.460849
-1.365524,51,13.48533
-2.234558,51,13.510166
-1.788042,51,13.534038
-1.728985,51,13.787244
-1.459656,51,13.811531
-1.411695,51,13.836861
-1.381689,51,13.8616
-1.952884,52,13.886892
-1.425476,51,13.911658
-1.478868,51,13.937998
-1.579631,51,13.962645
-1.718067,51,13.987751
-1.839884,51,14.012257
-1.813829,51,14.037653
-1.556751,51,14.062487
-2.537882,51,14.087317
-1.57681,51,14.112905
-1.842259,51,14.136608
-1.284679,51,14.163095
-1.400103,52,14.187513
-1.743669,51,14.212981
-1.521793,52,14.237505
-1.64999,51,14.263112
-1.580198,51,14.286867
-1.426575,51,14.311388
-2.017863,52,14.336709
-1.578957,51,14.361489
-1.396193,51,14.385997
-1.253918,52,14.410318
-1.432393,51,14.435924
-1.821061,52,14.460412
-1.497016,51,14.485984
-1.314956,51,14.509772
-1.470675,52,14.534765
-1.62885,52,14.560209
-1.93418,51,14.584741
-1.330704,51,14.609087
-1.847253,51,14.632763
-1.322918,51,14.658151
-1.343093,51,14.681866
-1.628786,52,14.706626
-1.550999,51,14.73173
-1.461562,51,14.756419
-1.530205,51,15.008814
-1.435324,52,15.033763
-1.477262,51,15.05953
-1.687464,51,15.083832
-1.4516,51,15.10973
-1.753481,51,15.135233
-1.633198,51,15.159985
-1.254874,51,15.184851
-1.694379,51,15.211156
-1.19663,51,15.23581
-1.401735,51,15.259943
-1.821224,51,15.284689
-1.867789,52,15.310369
-1.650591,51,15.334247
-1.32351,51,15.359211
-1.377832,51,15.383482
-1.286871,52,15.407825
-1.368222,51,15.433257
-2.111496,51,15.457025
-1.37385,52,15.483048
-1.714073,51,15.506901
-1.318737,52,15.532188
-1.710054,51,15.556822
-1.541034,51,15.58071
-1.322619,51,15.606229
-1.539893,51,15.630165
-1.741291,51,15.655867
-1.403164,51,15.679687
-1.518196,51,15.704236
-1.419742,52,15.729577
-1.929802,51,15.753447
-1.437639,51,15.778929
-1.284718,51,15.802783
-1.541117,51,15.82844
-1.53565,51,15.852237
-1.550266,52,15.877118
-1.450724,52,15.902658
-1.747649,51,15.926442
-1.766028,51,15.952019
-1.499096,51,15.975921
-1.449245,51,16.22938
-1.525698,51,16.253625
-1.54677,52,16.280131
-1.257511,51,16.304578
-1.559046,51,16.330773
-1.573535,51,16.355746
-1.548612,51,16.380572
-1.510325,51,16.405555
-1.47424,51,16.430301
-1.792693,51,16.454909
-1.271223,51,16.480154
-1.497379,52,16.504826
-1.333104,51,16.530127
-1.629732,51,16.554572
-1.483704,52,16.578956
-1.993943,52,16.604952
-1.311479,51,16.628751
-1.640931,52,16.653684
-1.278283,52,16.679234
-1.492909,51,16.703895
-1.64725,51,16.793888
-1.392776,51,16.820592
-1.55219,51,16.847833
-1.421146,51,16.87514
-1.478469,51,16.901457
-2.193006,51,16.929208
-1.534364,51,16.95481
-1.410672,51,16.978916
-1.633487,51,17.004098
-1.580696,52,17.029297
-1.840606,51,17.054583
-1.495564,52,17.079348
-1.472535,51,17.104955
-1.515511,52,17.12936
-1.278483,51,17.153736
-1.592583,51,17.178837
-1.970552,51,17.202666
-1.28921,51,17.227694
-1.42438,51,17.252119
-1.302676,51,17.277462
-1.43168,51,17.529237
-1.25269,51,17.555004
-1.421235,51,17.57944
-1.24073,51,17.603971
-1.480104,51,17.630162
-1.519942,51,17.654967
-1.983999,51,17.679709
-1.576066,51,17.704543
-1.361894,52,17.729003
-1.515143,52,17.754956
-1.182357,51,17.779258
-1.570448,51,17.803691
-1.837352,51,17.827785
-1.95081,51,17.853356
-1.222962,51,17.877032
-2.036215,51,17.902378
-1.731174,51,17.926192
-1.452227,51,17.951038
-1.422434,51,17.975359
-1.57983,51,17.999168
-1.646383,51,18.024772
-1.578967,51,18.048513
-1.551991,51,18.074113
-1.216628,51,18.097825
-1.594003,51,18.122737
-1.56175,51,18.147048
-1.344579,51,18.172319
-1.575476,51,18.196191
-1.447852,51,18.220314
-1.78038,51,18.245512
-1.410471,51,18.26931
-1.476815,52,18.295311
-1.706564,51,18.319059
-1.468948,51,18.343985
-1.382725,51,18.368104
-1.764479,51,18.392068
-1.295197,51,18.417136
-1.414323,51,18.441533
-1.733561,51,18.466314
-1.576667,51,18.489938
-1.327531,51,18.742617
-1.268802,51,18.768764
-1.765323,51,18.792788
-1.136579,51,18.818711
-1.271655,52,18.843422
-1.390212,51,18.869677
-1.521006,51,18.894603
-1.342809,52,18.918487
-1.331512,51,18.9433
-1.465643,51,18.968101
-1.821556,51,18.993433
-1.568273,51,19.017698
-1.744483,52,19.04338
-1.908199,51,19.070569
-1.571119,51,19.095856
-1.300283,51,19.120388
-1.476612,51,19.144255
-1.250073,51,19.170056
-1.601984,52,19.19463
-1.569489,51,19.219998
-1.672484,51,19.243829
-1.859174,51,19.268568
-1.357715,52,19.293788
-1.222448,51,19.318658
-1.497309,51,19.343077
-1.184871,51,19.366853
-1.607736,52,19.392953
-1.347177,51,19.416965
-1.286197,51,19.442383
-1.602124,51,19.466162
-1.733673,51,19.490708
-1.317593,51,19.515393
-1.436295,51,19.539063
-1.181558,51,19.564476
-1.466086,51,19.588384
-1.276555,51,19.613795
-1.245378,51,19.637614
-1.499047,51,19.662126
-1.471894,51,19.686875
-1.527052,51,19.715098
-1.716188,52,19.967778
-1.712569,51,19.993449
-1.475228,51,20.017669
-1.20912,51,20.043092
-2.075035,51,20.06849
-1.337176,51,20.094126
-1.335352,51,20.119071
-1.277813,51,20.144
-1.30783,51,20.168779
-1.34921,51,20.19365
-1.563926,52,20.218478
-1.444225,52,20.242996
-1.546179,51,20.267701
-1.233946,51,20.292694
-1.337091,52,20.317121
-2.031961,52,20.342687
-1.245682,51,20.3672
-2.053162,51,20.392604
-1.647199,52,20.417086
-1.47209,51,20.44125
-1.5085,51,20.466407
-1.379357,51,20.490144
-1.405136,51,20.515679
-1.780086,51,20.539448
-1.574993,51,20.564538
-1.248483,51,20.588572
-1.314126,51,20.612496
-1.365842,51,20.637708
-1.39661,51,20.661509
-1.28114,51,20.687077
-1.888339,51,20.710821
-1.75411,51,20.735987
-1.405598,51,20.760188
-1.185322,52,20.784645
-1.565735,52,20.810602
-1.433731,51,20.834752
-1.575479,51,20.859769
-1.412877,51,20.883417
-1.672875,51,20.908285
-1.870651,52,20.93301
-1.656566,51,21.185923
-1.431063,52,21.211121
-1.63222,51,21.23522
-1.561522,51,21.260595
-1.439567,51,21.284974
-1.292428,52,21.311255
-1.526944,52,21.336235
-1.36592,51,21.360961
-1.525735,51,21.38557
-1.490099,52,21.410568
-1.31447,51,21.433877
-1.491307,51,21.459224
-1.314568,51,21.483535
-1.570598,51,21.507587
-1.410163,51,21.532921
-1.456119,51,21.557169
-1.686924,51,21.582025
-1.907726,52,21.606126
-1.242578,51,21.63091
-1.235088,51,21.654902
-1.404074,51,21.678564
-1.225463,51,21.703863
-1.765878,51,21.727506
-1.630787,51,21.752795
-1.802905,51,21.776371
-1.506413,51,21.801307
-1.582141,52,21.825835
-1.301849,51,21.849604
-1.472216,52,21.875255
-1.485227,51,21.898785
-1.612975,51,21.924155
-1.214139,52,21.948349
-1.378427,51,21.973114
-1.541443,51,21.997284
-1.430108,51,22.020975
-1.64339,51,22.046204
-1.261804,51,22.070484
-1.20864,51,22.095212
-1.521762,51,22.118682
-1.259619,51,22.143483
-1.243865,51,22.395
-1.257567,52,22.41946
-1.473325,51,22.445031
-1.232452,52,22.46985
-1.270509,51,22.495831
-1.345918,51,22.519904
-1.439667,51,22.544814
-1.336562,51,22.570892
-1.69732,51,22.595545
-2.004253,51,22.620077
-1.598915,51,22.644608
-1.410712,51,22.668701
-1.167592,51,22.694442
-1.242095,51,22.718623
-1.179726,51,22.742963
-1.423899,51,22.768191
-1.311228,52,22.792431
-1.187282,51,22.81793
-1.481238,51,22.841718
-1.462528,51,22.867081
-1.525119,52,22.891769
-1.485056,52,22.916218
-1.679512,51,22.94166
-1.505363,51,22.965452
-1.338108,51,22.991008
-1.320051,51,23.01458
-1.398216,52,23.040183
-1.367047,51,23.06447
-1.313248,51,23.088141
-1.637183,51,23.113492
-1.263323,52,23.13771
-1.544893,51,23.16201
-1.600787,51,23.186644
-1.589196,51,23.210333
-1.368626,51,23.235746
-1.455204,51,23.259517
-1.270365,51,23.28501
-1.385907,51,23.308676
-1.154175,51,23.334138
-1.50366,51,23.357807
-1.379913,51,23.608326
-1.280993,51,23.633256
-1.182893,51,23.657965
-1.719895,51,23.683304
-1.355002,51,23.707599
-1.126446,51,23.731894
-1.257496,51,23.757625
-1.669064,51,23.782455
-1.4943,51,23.808941
-1.398032,51,23.833633
-1.155633,51,23.858873
-1.356319,51,23.883172
-1.554833,51,23.907896
-1.309987,51,23.931876
-1.430685,52,23.95784
-1.276846,51,23.981898
-1.231939,51,24.005978
-1.651452,51,24.030964
-1.230557,51,24.054862
-1.245624,51,24.080342
-1.472763,51,24.104056
-1.411238,51,24.129292
-1.330571,51,24.153048
-1.451578,51,24.177088
-1.401119,51,24.20216
-1.605577,51,24.225771
-1.259577,51,24.250559
-1.423439,51,24.274977
-1.311661,51,24.300107
-1.262041,51,24.323934
-1.421307,52,24.34846
-1.495897,51,24.373521
-1.537938,51,24.397175
-1.3075,51,24.421988
-1.45691,51,24.446191
-1.277066,51,24.469728
-1.302012,51,24.495133
-1.283172,52,24.519515
-1.526018,51,24.544456
-1.252344,51,24.568035
-1.415778,51,24.818772
-1.568341,51,24.843835
-1.255404,51,24.86855
-1.345553,52,24.894439
-1.318823,51,24.91893
-1.278633,51,24.943086
-1.209308,51,24.968926
-1.396736,51,24.993645
-1.348184,51,25.018778
-1.555931,51,25.044859
-1.544368,51,25.069404
-1.829518,51,25.093592
-1.117276,51,25.117681
-1.354701,51,25.143148
-1.363532,51,25.167503
-1.511273,51,25.191605
-1.504856,51,25.217002
-1.392101,51,25.240783
-1.29811,51,25.265381
-1.646017,51,25.289967
-1.31042,51,25.313715
-1.265596,51,25.339233
-1.27416,52,25.36363
-1.346622,52,25.389679
-1.306233,52,25.413864
-1.330262,51,25.438109
-1.531101,51,25.462788
-1.264967,51,25.486404
-1.154715,51,25.511503
-1.265132,51,25.535826
-1.135193,52,25.561816
-1.344309,51,25.585709
-1.402832,51,25.609913
-1.34727,51,25.634905
-1.261367,51,25.65858
-1.514724,51,25.683514
-1.504994,51,25.707757
-1.242984,51,25.732906
-1.515072,51,25.756705
-1.460699,51,25.780896
-1.573549,51,26.033474
-1.325261,52,26.058411
-1.1587,51,26.083034
-1.574391,51,26.108355
-1.203006,51,26.132442
-1.214754,51,26.158295
-1.36282,51,26.182454
-1.271524,51,26.208287
-1.573374,51,26.233131
-1.273233,52,26.258507
-1.295284,51,26.283284
-1.306763,51,26.309237
-1.141749,51,26.33337
-1.360683,51,26.358167
-1.400506,51,26.383204
-1.162992,51,26.407161
-1.282275,51,26.432822
-1.57177,52,26.457127
-1.420113,52,26.482973
-1.3076,51,26.506881
-1.28405,51,26.531152
-1.418263,51,26.556167
-1.453859,51,26.580036
-1.489974,51,26.605483
-1.420095,51,26.629323
-1.254573,51,26.654648
-1.31468,51,26.678359
-1.393129,51,26.703753
-1.418372,51,26.727515
-1.397436,52,26.752373
-1.41481,51,26.777129
-1.536725,51,26.800664
-1.435566,51,26.826095
-1.324616,51,26.849894
-1.414102,52,26.876065
-1.434883,51,26.899723
-1.405931,52,26.924585
-1.304008,52,26.950093
-1.434526,51,26.973708
-1.178535,51,26.999021
-1.158373,51,27.25263
-1.065983,52,27.277905
-1.337144,51,27.302488
-1.162423,51,27.326561
-1.261325,51,27.352021
-1.47242,51,27.376252
-1.387015,51,27.402045
-1.618635,51,27.426678
-1.234274,52,27.452366
-1.24883,51,27.478463
-1.381169,51,27.503156
-1.301329,52,27.527867
-1.397725,51,27.552855
-1.314338,51,27.577176
-1.288295,51,27.601646
-1.744947,51,27.625705
-1.536671,51,27.651288
-1.394861,52,27.676035
-1.508168,51,27.701205
-1.407784,51,27.724952
-1.553488,51,27.749843
-1.68136,51,27.774375
-1.237372,52,27.798887
-1.597385,51,27.824508
-1.21562,51,27.848298
-1.682616,51,27.873834
-1.379066,51,27.897544
-1.270515,51,27.92218
-1.439354,51,27.946978
-1.215343,51,27.971977
-1.361713,51,27.996221
-1.324506,51,28.020006
-1.17554,51,28.045481
-1.463575,51,28.069294
-1.736378,51,28.093651
-1.472387,51,28.11858
-1.28924,52,28.143976
-1.234139,52,28.169033
-1.201393,51,28.1928
-1.697483,51,28.218308
-1.383136,51,28.468436
-1.499754,51,28.492652
-1.873543,51,28.518471
-1.464699,51,28.542574
-1.475024,52,28.568778
-1.138297,51,28.59268
-1.284755,51,28.61782
-1.42518,51,28.642999
-1.405767,51,28.66782
-1.187104,51,28.693656
-1.600896,51,28.71863
-1.368078,51,28.743256
-1.07135,51,28.767488
-1.385978,52,28.792235
-1.118594,51,28.817561
-1.379381,51,28.84153
-1.354421,51,28.866324
-1.301274,51,28.890754
-1.517534,51,28.915954
-1.657117,51,28.940053
-1.689414,51,28.963947
-1.472826,51,28.989377
-1.181943,51,29.013096
-1.339771,51,29.037821
-1.661282,51,29.062592
-1.471561,51,29.087798
-1.220328,51,29.112217
-1.478247,52,29.136613
-1.363596,51,29.162196
-1.275581,51,29.186315
-1.386861,51,29.210556
-1.432282,51,29.23564
-1.29917,51,29.26023
-1.293512,51,29.284911
-1.391472,51,29.308628
-1.326606,51,29.334039
-1.23322,52,29.358373
-1.290407,51,29.383897
-1.086163,51,29.407457
-1.333978,51,29.431854
-1.194529,51,29.683432
-1.240482,51,29.70758
-1.625835,52,29.732813
-1.210851,51,29.757684
-1.254881,51,29.781799
-1.276278,52,29.807915
-1.129329,51,29.832022
-1.407751,52,29.858361
-1.357784,51,29.882955
-1.623588,51,29.907658
-1.196562,51,29.932862
-1.407558,51,29.956554
-1.14152,51,29.981678
-1.338787,51,30.006063
-1.349059,51,30.030476
-1.196399,51,30.054582
-1.365293,51,30.080179
-1.678453,51,30.104026
-1.471223,51,30.128751
-1.363636,51,30.15348
-1.358498,51,30.177179
-1.237265,51,30.202481
-1.583974,51,30.226461
-1.191091,51,30.251925
-1.322642,51,30.275719
-1.442882,51,30.300214
-1.223968,51,30.324841
-1.400309,51,30.348527
-1.408694,51,30.373923
-1.332718,51,30.397857
-1.229373,51,30.423407
-1.717859,51,30.44728
-1.335266,51,30.471737
-1.372786,52,30.497148
-1.471952,51,30.520993
-1.563068,51,30.54606
-1.421278,51,30.570143
-1.372196,51,30.593896
-1.4896,51,30.6191
-1.84908,51,30.642879
-1.412895,51,30.941505
-1.262645,51,30.969245
-1.378003,51,30.996405
-1.768085,51,31.023446
-1.143619,51,31.050778
-1.546717,51,31.077823
-1.43876,51,31.102319
-1.16798,52,31.127873
-1.361348,52,31.154079
-1.367986,52,31.179328
-1.283364,52,31.205113
-1.34796,51,31.230014
-1.249496,52,31.254909
-1.550671,51,31.279899
-1.301708,51,31.304102
-1.27951,51,31.329637
-1.2872,51,31.353822
-1.318706,51,31.378018
-1.191313,51,31.403149
-1.633376,51,31.427613
-1.280592,51,31.452335
-1.332695,51,31.476081
-1.416278,52,31.501761
-1.340366,51,31.525888
-1.379246,51,31.549947
-1.233037,51,31.575145
-1.440782,51,31.598823
-1.301644,51,31.624442
-1.341836,51,31.64808
-1.124471,51,31.673095
-1.383208,51,31.697363
-1.324057,51,31.72146
-1.241271,51,31.746906
-1.641629,51,31.77134
-1.481662,51,31.796385
-1.176452,52,31.820637
-1.286857,52,31.846121
-1.410488,51,31.870553
-1.501972,51,31.894287
-1.192125,52,31.92041
-1.955238,51,32.171625
-1.382749,51,32.197617
-1.376836,51,32.221668
-1.230717,51,32.246088
-1.697289,51,32.271694
-1.390477,51,32.295842
-1.583427,51,32.321621
-1.431572,51,32.345972
-1.455605,51,32.371916
-1.226902,51,32.396728
-1.153735,52,32.423318
-1.191595,51,32.448547
-1.411933,52,32.473287
-1.264136,51,32.499204
-1.305105,51,32.523493
-1.395568,51,32.54786
-1.458972,51,32.573102
-1.212955,51,32.597862
-1.583611,51,32.622839
-1.499274,51,32.646534
-1.348051,51,32.671811
-1.244349,51,32.695898
-1.467984,51,32.719877
-1.307775,52,32.745725
-1.564332,51,32.769507
-1.50342,51,32.795227
-1.391014,51,32.819174
-1.454874,51,32.844239
-1.619153,51,32.868435
-1.184611,51,32.892269
-1.421199,52,32.918059
-1.275201,51,32.94181
-1.266753,51,32.967304
-1.414532,52,32.991543
-1.274935,52,33.016868
-1.14593,51,33.041203
-1.229881,51,33.064963
-1.266835,51,33.090423
-1.311978,51,33.11405
-1.341212,51,33.139485
-1.287967,52,33.390941
-1.261256,51,33.415591
-1.726034,51,33.440929
-1.468521,51,33.464999
-1.272279,51,33.490302
-1.300059,51,33.515207
-1.191263,51,33.539641
-1.403947,52,33.566106
-1.408875,52,33.590806
-1.430179,51,33.615563
-1.314634,51,33.64187
-1.469869,51,33.666412
-1.385928,51,33.691171
-1.316039,51,33.716397
-1.298685,51,33.740547
-1.172608,51,33.766243
-1.128174,51,33.790241
-1.3861,51,33.815711
-1.181238,51,33.83991
-1.390395,51,33.86414
-1.444882,51,33.889536
-1.265429,51,33.913372
-1.27716,51,33.938975
-1.251863,52,33.963355
-1.428026,51,33.988473
-1.264472,51,34.012729
-1.175647,52,34.03706
-1.615787,51,34.062577
-1.569253,51,34.086467
-1.051694,51,34.112062
-1.317787,51,34.135951
-1.131357,51,34.160799
-1.340115,51,34.185245
-1.335866,51,34.209107
-1.150402,51,34.23458
-1.133749,51,34.258294
-1.354825,51,34.282715
-1.292207,51,34.307634
-1.156385,51,34.332431
-1.359707,52,34.35744
-1.499988,51,34.608296
-1.321943,51,34.632586
-1.29125,51,34.657978
-1.286008,51,34.682244
-1.188134,51,34.708052
-1.177838,51,34.731872
-1.285873,51,34.756739
-1.19061,51,34.782168
-1.216466,51,34.806253
-1.230051,51,34.832612
-1.557163,51,34.85734
-1.192336,51,34.883268
-1.566468,51,34.908154
-1.248153,51,34.932435
-1.39603,51,34.958474
-1.283661,51,34.982696
-1.216972,52,35.00875
-1.103705,51,35.032582
-1.400137,51,35.0572
-1.395157,51,35.082111
-1.45883,51,35.105898
-1.224139,51,35.131242
-1.204831,51,35.155411
-1.44098,51,35.179523
-1.196277,52,35.205379
-1.253679,51,35.229818
-1.184421,51,35.254877
-1.296527,51,35.278741
-1.22116,52,35.304047
-1.23452,51,35.328469
-1.146963,51,35.35366
-1.252258,51,35.377739
-1.169163,51,35.401756
-1.260108,51,35.42697
-1.245165,51,35.450655
-1.239697,51,35.475444
-1.464678,52,35.500557
-1.330125,51,35.526177
-1.243077,52,35.550357
-1.828066,51,35.575858
-1.199779,51,35.826973
-1.120134,51,35.852916
-1.37187,51,35.877264
-1.405716,51,35.90149
-1.495008,51,35.927128
-1.237586,51,35.951119
-1.127348,51,35.976233
-1.225777,51,36.001336
-1.268493,51,36.025398
-1.464082,51,36.051452
-1.207569,52,36.077252
-1.360803,51,36.102067
-1.299772,51,36.126543
-1.134519,51,36.152502
-1.41606,51,36.176927
-1.20037,51,36.202227
-1.060689,51,36.226942
-1.100687,51,36.251927
-1.233949,51,36.276801
-1.155626,51,36.301372
-1.361749,51,36.325071
-1.369921,51,36.350583
-1.412683,51,36.374393
-1.368982,51,36.398691
-1.144419,51,36.423614
-1.218611,51,36.44737
-1.218119,51,36.472395
-1.210356,51,36.496631
-1.312457,51,36.520514
-1.395717,51,36.545796
-1.226537,52,36.570075
-1.194519,51,36.594737
-1.35564,51,36.619611
-1.19301,51,36.64635
-1.098541,51,36.671623
-1.264209,51,36.697032
-1.220888,51,36.721862
-1.167176,51,36.74611
-1.208993,51,36.771899
-1.234021,52,36.796713
-1.465769,51,36.822422
-1.179944,51,37.074948
-1.397606,51,37.099165
-1.473824,51,37.123745
-1.351536,51,37.149162
-1.399287,51,37.174146
-1.354737,51,37.19943
-1.289836,51,37.223789
-1.315904,51,37.248054
-1.090327,51,37.274137
-1.172402,51,37.299164
-1.299421,51,37.32404
-1.217569,51,37.348686
-1.475561,51,37.374239
-1.102087,51,37.398437
-1.185315,51,37.423571
-1.385597,51,37.448574
-1.182836,51,37.472691
-1.172077,51,37.498109
-1.404255,51,37.522312
-1.61834,51,37.546526
-1.29982,51,37.571899
-1.495735,51,37.596437
-1.288342,51,37.621289
-1.330462,51,37.645191
-1.138005,51,37.670494
-1.234585,52,37.695272
-1.144392,51,37.719354
-1.100148,51,37.745056
-1.177945,51,37.768994
-1.13505,51,37.794634
-1.191446,51,37.818565
-1.416114,51,37.843459
-1.341523,51,37.868176
-1.171842,51,37.892013
-1.194035,51,37.917536
-1.194752,51,37.941528
-1.158717,51,37.965819
-1.110974,51,37.99094
-1.198142,51,38.014761
-1.287297,51,38.040501
-1.249667,52,38.29337
-1.255747,51,38.317499
-1.315517,51,38.342834
-1.265125,51,38.367614
-1.141564,51,38.393267
-1.24194,52,38.418396
-1.120311,51,38.442859
-1.120118,51,38.46878
-1.182552,51,38.493143
-1.341692,51,38.518494
-1.27918,52,38.543883
-1.214549,51,38.569046
-1.418133,51,38.59329
-1.318659,51,38.617459
-1.18871,52,38.643744
-1.276381,51,38.667882
-1.171194,51,38.693542
-1.387384,51,38.717598
-1.585961,51,38.742103
-1.343292,52,38.767747
-1.27323,52,38.792162
-1.433311,52,38.817696
-1.467125,51,38.84222
-1.464302,51,38.867504
-1.204969,51,38.891562
-1.338182,51,38.915811
-1.133033,51,38.94122
-1.134777,52,38.965751
-1.18978,51,38.990476
-1.433068,51,39.01532
-1.405996,51,39.039273
-1.096811,51,39.064497
-1.285372,51,39.088687
-1.171481,51,39.112766
-1.308534,51,39.138047
-1.459074,51,39.161824
-1.11213,51,39.186545
-1.239454,52,39.211791
-1.161638,51,39.235658
-1.42628,52,39.261645
-1.243024,51,39.513666
-1.430164,52,39.540086
-1.085863,51,39.564268
-1.284079,51,39.589925
-1.333904,51,39.614401
-1.262932,51,39.638937
-1.184357,51,39.664541
-1.714111,51,39.688702
-1.381603,52,39.714244
-1.253537,51,39.739348
-1.128654,51,39.764799
-1.347279,51,39.789094
-1.173725,52,39.81521
-1.315694,51,39.839598
-1.207305,51,39.863781
-1.292952,51,39.889445
-1.439898,51,39.91348
-1.409895,51,39.938259
-1.2758,52,39.96369
-1.238272,51,39.987493
-1.125284,51,40.01307
-1.296057,51,40.036849
-1.150792,51,40.062336
-1.244563,51,40.086256
-1.33904,51,40.110725
-1.340267,51,40.13565
-1.234,51,40.159492
-1.299057,51,40.184638
-1.339629,51,40.208899
-1.58725,51,40.232793
-1.201454,52,40.258802
-1.069065,51,40.282641
-1.203303,51,40.307063
-1.388065,51,40.331919
-1.12089,51,40.356931
-1.14306,51,40.381499
-1.401104,51,40.4052
-1.165852,51,40.430868
-1.240671,51,40.454696
-1.13665,51,40.479145
-1.325852,51,40.730319
-1.113493,51,40.755679
-1.214988,51,40.78062
-1.26807,51,40.805622
-1.094254,51,40.829964
-1.239322,51,40.855487
-1.451703,51,40.880105
-1.157025,51,40.904391
-1.343312,51,40.930174
-1.110924,51,40.955054
-1.247286,51,40.98018
-1.357248,51,41.005633
-1.298856,51,41.029863
-1.306342,51,41.055057
-1.234775,52,41.080396
-1.229869,51,41.104434
-1.236885,51,41.129949
-1.199805,51,41.154136
-1.146337,51,41.17834
-1.161988,51,41.203616
-1.264312,51,41.228278
-1.300319,51,41.253118
-1.159105,51,41.276944
-1.316056,51,41.302122
-1.283389,51,41.32625
-1.048139,51,41.350235
-1.193749,51,41.375628
-1.539525,51,41.399968
-1.302213,51,41.424819
-1.16091,51,41.448548
-1.107175,51,41.473637
-1.1161,51,41.497777
-1.194644,51,41.521652
-1.293015,51,41.547154
-1.201687,51,41.570955
-1.167061,51,41.595501
-1.367906,51,41.620323
-1.231126,51,41.644028
-1.088877,51,41.669569
-1.258024,51,41.693367
-1.283645,51,41.945151
-1.328912,51,41.970756
-1.124606,51,41.995262
-1.290115,51,42.021179
-1.163688,51,42.045661
-1.305031,51,42.070506
-1.238209,51,42.095829
-1.395411,51,42.120315
-1.177657,51,42.147886
-1.272919,51,42.173012
-1.163211,51,42.197796
-1.102192,51,42.223434
-1.139816,51,42.248347
-1.383519,51,42.272453
-1.278358,51,42.298355
-1.106966,51,42.322634
-1.305072,51,42.348265
-1.230894,51,42.372262
-1.305863,51,42.39699
-1.208893,51,42.42183
-1.147148,52,42.446194
-1.283723,51,42.471499
-1.142412,51,42.49566
-1.218438,51,42.521202
-1.332017,51,42.545048
-1.255998,51,42.569653
-1.350246,51,42.59612
-1.094123,51,42.620405
-1.492332,51,42.645631
-1.424111,52,42.670917
-1.152854,51,42.694872
-1.258977,51,42.720481
-1.371773,51,42.744647
-1.290194,51,42.768914
-1.081912,51,42.794092
-1.469675,51,42.818787
-1.345769,51,42.843908
-1.182974,51,42.867869
-1.474989,51,42.892982
-1.113882,51,42.917222
-1.366451,51,43.170168
-1.288281,51,43.194888
-1.280792,51,43.219067
-1.471672,51,43.244872
-1.248339,51,43.269402
-1.211787,52,43.294657
-1.214126,51,43.320479
-1.237041,51,43.345337
-1.245811,51,43.370701
-1.248914,51,43.395291
-1.483865,51,43.419883
-1.316957,51,43.444047
-1.150132,52,43.468727
-1.097079,51,43.494566
-1.284222,51,43.518708
-1.389148,51,43.544405
-1.130241,51,43.568349
-1.191138,51,43.593191
-1.206605,51,43.617897
-1.271942,51,43.641803
-1.386004,51,43.667345
-1.139958,51,43.691512
-1.470256,51,43.71728
-1.242386,51,43.741149
-1.265537,51,43.765563
-1.13099,51,43.790355
-1.079838,51,43.81413
-1.119037,51,43.839341
-1.275457,51,43.863501
-1.067904,51,43.887529
-1.284561,51,43.912803
-1.157992,51,43.936634
-1.494686,52,43.96279
-1.181884,51,43.986603
-1.221867,52,44.012002
-1.129072,51,44.036403
-1.244948,51,44.060181
-1.109223,51,44.085712
-1.136668,52,44.110242
-1.103106,52,44.13677
-1.210397,51,44.387865
-1.254331,51,44.411824
-1.27358,51,44.437725
-1.173391,51,44.461635
-1.327636,51,44.486996
-1.246467,51,44.512124
-1.271126,51,44.536443
-1.20967,51,44.562186
-1.438851,51,44.586538
-1.04354,51,44.611393
-1.123124,51,44.637582
-1.297979,51,44.661937
-1.209114,51,44.686768
-1.236553,51,44.711826
-1.180885,51,44.735822
-1.218948,51,44.76155
-1.063473,51,44.785498
-1.56526,51,44.811118
-1.191355,51,44.834986
-1.116195,51,44.859297
-1.130679,52,44.884878
-1.30466,51,44.908654
-1.166405,52,44.934792
-1.166316,52,44.959197
-1.286792,51,44.984462
-1.291978,51,45.008757
-1.234491,51,45.032754
-1.046201,51,45.058178
-1.07894,51,45.082151
-1.192804,51,45.106861
-1.152814,51,45.131596
-1.082849,51,45.156757
-1.137344,52,45.181967
-1.327228,51,45.205722
-1.182442,51,45.231289
-1.270442,51,45.25503
-1.418466,52,45.279887
-1.287715,51,45.305037
-1.178128,51,45.329793
-1.206091,51,45.354417
-1.148331,51,45.663856
-1.241998,51,45.69021
-1.305203,51,45.716646
-1.082835,51,45.742367
-1.195291,51,45.766895
-1.311241,51,45.791974
-1.171755,52,45.817872
-1.12896,51,45.84306
-1.152259,51,45.868078
-1.097595,51,45.892635
-1.207878,51,45.918588
-1.143411,51,45.943278
-1.070951,51,45.967456
-1.442089,51,45.992915
-1.16537,51,46.016836
-1.113469,51,46.042354
-1.147611,51,46.066231
-1.156124,51,46.091198
-1.294077,51,46.1156
-1.12827,51,46.139319
-1.098214,51,46.164787
-1.21159,51,46.188558
-1.224044,51,46.214052
-1.205947,51,46.237746
-1.124612,51,46.262573
-1.224652,51,46.287013
-1.285088,51,46.310956
-1.111096,52,46.337178
-1.128754,51,46.361078
-1.158053,51,46.386641
-1.115341,51,46.410436
-1.489414,51,46.435133
-1.290047,52,46.460358
-1.194751,51,46.484101
-1.426646,51,46.509086
-1.149866,51,46.53296
-1.210973,51,46.55848
-1.153592,51,46.582107
-1.357133,51,46.606695
-1.272582,51,46.631509
-1.381184,51,46.883851
-1.29615,51,46.908846
-1.083735,51,46.932818
-1.126687,51,46.95838
-1.310703,51,46.9826
-1.303983,51,47.008355
-1.146792,51,47.032569
-1.19914,51,47.057
-1.234142,51,47.082526
-1.105467,51,47.10742
-1.232769,52,47.133494
-1.309361,51,47.158848
-1.146315,51,47.182842
-1.198438,51,47.20798
-1.218674,51,47.232421
-1.024199,52,47.258372
-1.235673,51,47.282487
-1.077485,51,47.308164
-1.060646,51,47.333858
-1.132422,51,47.365366
-1.200333,52,47.392402
-1.123053,51,47.418267
-1.240661,51,47.443359
-1.288268,51,47.468031
-1.284997,51,47.491973
-1.14979,51,47.520128
-1.078419,51,47.544902
-1.096879,51,47.568922
-1.141267,51,47.59456
-1.213942,51,47.618487
-1.218765,51,47.644101
-1.234653,52,47.668404
-1.314732,51,47.693175
-1.331223,51,47.71773
-1.309089,51,47.741641
-1.191218,52,47.767673
-1.228699,52,47.79231
-1.287192,51,47.816531
-1.343576,51,47.841811
-1.203953,51,47.86639
-1.181442,51,48.119538
-1.490828,51,48.143955
-1.346177,51,48.169937
-1.258408,51,48.194064
-1.182673,51,48.219539
-1.225717,52,48.245484
-1.267841,51,48.269958
-1.239068,51,48.296058
-1.173293,51,48.320384
-1.133316,51,48.346185
-1.225967,51,48.371007
-1.22527,51,48.395436
-1.17341,51,48.419912
-1.145175,51,48.445241
-1.157847,51,48.470121
-1.274295,52,48.495492
-1.100866,51,48.519481
-1.249856,51,48.545244
-1.169895,52,48.569667
-1.2635,51,48.595217
-1.130918,52,48.619682
-1.237626,51,48.64399
-1.171935,51,48.669147
-1.340721,51,48.694675
-1.129743,51,48.720294
-1.246899,51,48.744169
-1.251871,51,48.769817
-1.168241,51,48.795042
-1.141932,51,48.819255
-1.344114,51,48.843395
-1.264658,51,48.868732
-1.355584,52,48.893141
-1.245441,51,48.918882
-1.206216,51,48.942804
-1.142261,51,48.967745
-1.193311,51,48.992157
-1.241017,51,49.016091
-1.208226,51,49.041683
-1.142411,51,49.065549
-1.369331,51,49.091171
-1.270638,51,49.342857
-1.18631,51,49.368743
-1.116776,51,49.392955
-1.199568,51,49.417938
-1.265515,51,49.443418
-1.197747,51,49.46887
-1.134987,51,49.493912
-1.08968,51,49.51809
-1.145858,52,49.544195
-1.200273,51,49.568767
-1.34574,51,49.593275
-1.173713,51,49.618998
-1.092322,51,49.643083
-1.157462,52,49.66832
-1.26806,51,49.693529
-1.13518,51,49.720354
-1.152526,51,49.74579
-1.184674,51,49.770977
-1.124291,51,49.795741
-1.142916,51,49.819574
-1.213845,51,49.845038
-1.215886,51,49.869002
-1.151387,51,49.893319
-1.323302,51,49.918363
-1.086846,51,49.942226
-1.182878,51,49.967723
-1.061749,51,49.991461
-1.084022,51,50.016909
-1.159477,51,50.040899
-1.143187,51,50.065181
-1.212143,51,50.09044
-1.103391,51,50.114335
-1.306378,51,50.140032
-1.324497,51,50.163837
-1.169323,51,50.188954
-1.197807,51,50.212968
-1.259796,51,50.236955
-1.220199,51,50.262154
-1.192705,51,50.285831
-1.142742,51,50.311245
-1.282646,52,50.563196
-1.138908,51,50.588318
-1.095921,51,50.613656
-1.209642,51,50.637818
-1.375019,51,50.663912
-1.198743,51,50.688303
-1.061615,51,50.714149
-1.078257,51,50.738514
-1.302619,51,50.763195
-1.200363,51,50.788894
-1.116634,51,50.813897
-1.151081,51,50.839473
-1.132911,52,50.864084
-1.248249,51,50.889126
-1.386925,51,50.913951
-1.115258,51,50.939369
-1.292098,51,50.963788
-1.122277,51,50.988001
-1.158953,51,51.013525
-1.211908,52,51.037942
-1.208504,51,51.06325
-1.10683,51,51.08702
-1.229731,51,51.111949
-1.14384,51,51.136322
-1.173935,51,51.159952
-1.091672,51,51.185379
-1.43845,51,51.209139
-1.544988,51,51.233582
-1.208753,51,51.258421
-1.203112,51,51.283299
-1.031793,51,51.307691
-1.177343,51,51.331502
-1.209371,51,51.357054
-1.105787,52,51.381411
-1.100094,51,51.406391
-1.158047,51,51.430036
-1.150917,51,51.454844
-1.252683,51,51.479405
-1.246487,51,51.503176
-1.282204,51,51.528631
-1.275327,52,51.778831
-1.252959,52,51.803504
-1.15617,51,51.829345
-1.120451,51,51.853664
-1.223133,51,51.879259
-1.104092,51,51.903499
-1.098833,51,51.928526
-1.066449,51,51.952846
-1.240464,51,51.977482
-1.275848,51,52.001432
-1.193663,52,52.028165
-1.280603,51,52.052409
-1.123789,51,52.076412
-1.157194,51,52.102166
-1.060611,51,52.126003
-1.45171,51,52.150973
-1.120891,51,52.17548
-1.078698,51,52.199331
-1.246344,51,52.224723
-1.108322,51,52.250327
-1.267143,51,52.275955
-1.240663,52,52.300127
-1.145436,51,52.324406
-1.223628,52,52.350016
-1.155133,51,52.375466
-1.15631,51,52.400522
-1.316944,51,52.425503
-1.098834,51,52.449477
-1.092829,51,52.47503
-1.139419,51,52.499305
-1.310575,51,52.523604
-1.033682,51,52.549007
-1.208823,51,52.573563
-1.105852,51,52.598729
-1.192049,51,52.622646
-1.226096,52,52.648425
-1.067782,51,52.672788
-1.191372,51,52.698532
-1.135062,51,52.722422
-1.238464,52,52.748623
-1.066887,51,52.999892
-1.178209,51,53.026068
-1.201177,51,53.050535
-1.083842,51,53.076267
-1.309507,51,53.100652
-1.420901,51,53.125946
-1.099795,51,53.151423
-1.193225,52,53.176263
-1.108195,51,53.201476
-1.221666,51,53.226302
-1.240379,51,53.25105
-1.37417,51,53.275287
-1.308561,51,53.301076
-1.103341,51,53.32508
-1.115695,51,53.349587
-1.236875,51,53.374713
-1.290394,52,53.400069
-1.138866,51,53.425037
-1.163424,51,53.448902
-1.342219,51,53.474315
-1.092758,51,53.498351
-1.30656,51,53.523864
-1.232939,51,53.547405
-1.416516,51,53.572032
-1.115768,52,53.597516
-1.169269,51,53.621415
-1.163934,51,53.646561
-1.20475,51,53.670841
-1.200927,51,53.694821
-1.078005,51,53.72011
-1.186187,51,53.744298
-1.170965,51,53.769024
-1.217405,51,53.792564
-1.23222,51,53.817481
-1.154335,51,53.841534
-1.061288,51,53.865483
-1.145897,51,53.89079
-1.227701,51,53.914599
-1.191469,51,53.939322
-1.232272,52,53.964486
-1.171481,51,53.98824
-1.157566,51,54.241546
-1.101674,51,54.266526
-1.177561,51,54.290648
-1.119655,51,54.316587
-1.05232,51,54.341189
-1.126996,51,54.365758
-1.138793,52,54.392155
-1.047227,51,54.416462
-1.283122,51,54.440616
-1.136583,51,54.466254
-1.194628,51,54.491547
-1.170586,51,54.515808
-1.269461,51,54.541356
-1.303553,51,54.565987
-1.206063,51,54.590092
-1.258969,52,54.616304
-1.068437,52,54.641006
-1.128236,52,54.666002
-1.364788,51,54.6911
-1.288973,51,54.715032
-1.14676,51,54.740681
-1.118669,51,54.764538
-1.209813,51,54.789925
-1.171545,51,54.814127
-1.252916,51,54.838245
-1.21549,51,54.863556
-1.29314,51,54.887605
-1.35365,51,54.913204
-1.106128,51,54.937121
-1.149799,51,54.96219
-1.160219,51,54.986377
-1.141951,51,55.01026
-1.223629,51,55.03576
-1.10735,51,55.059624
-1.32018,51,55.084227
-1.039598,51,55.109024
-1.108394,51,55.132852
-1.267225,52,55.159155
-1.146744,51,55.182895
-1.078161,51,55.208441
-1.256574,52,55.460517
-1.092993,52,55.485388
-1.32206,51,55.511233
-1.202133,52,55.53635
-1.093358,51,55.562339
-1.180815,51,55.586588
-1.185634,52,55.611827
-1.041092,51,55.637116
-1.233155,51,55.66134
-1.090101,51,55.687067
-1.187301,51,55.71201
-1.168959,51,55.736233
-1.067646,52,55.762501
-1.138544,51,55.787107
-1.224475,51,55.812939
-1.37116,51,55.837043
-1.093869,51,55.862693
-1.199704,52,55.887118
-1.244128,51,55.91196
-1.200064,51,55.936626
-1.086736,51,55.96051
-1.178156,51,55.986158
-1.332138,51,56.010069
-1.200142,51,56.034315
-1.334767,51,56.059681
-1.170517,51,56.084222
-1.141223,51,56.108939
-1.221639,51,56.132804
-1.114305,51,56.158116
-1.157989,52,56.18283
-1.245537,51,56.206785
-1.077753,51,56.232099
-1.109894,51,56.256495
-1.179782,51,56.28148
-1.251615,51,56.305255
-1.074508,51,56.330323
-1.254245,51,56.354514
-1.112241,51,56.378405
-1.097125,51,56.403768
-1.11799,52,56.42815
-1.108991,51,56.680565
-1.18561,51,56.706314
-1.28615,51,56.730894
-1.151636,51,56.756454
-1.113866,51,56.780776
-1.224486,52,56.806527
-1.124542,51,56.831578
-1.044822,51,56.85705
-1.156041,51,56.881775
-1.27219,52,56.906805
-1.036023,51,56.932632
-1.123101,52,56.957299
-1.192664,52,56.982253
-1.219865,51,57.00761
-1.336183,51,57.031684
-0.999191,51,57.056622
-1.088061,51,57.08138
-1.215116,51,57.106629
-1.242475,51,57.130902
-1.217679,52,57.155479
-1.158517,51,57.181064
-1.20667,51,57.204822
-1.175326,52,57.229857
-1.085002,51,57.254784
-1.165468,51,57.280261
-1.097635,52,57.304882
-1.148831,51,57.330862
-1.250789,51,57.356569
-1.093031,51,57.389444
-1.131328,52,57.416582
-1.131298,51,57.442596
-1.288755,52,57.468985
-1.221502,51,57.494817
-1.238799,51,57.521377
-1.215584,52,57.549147
-1.236121,51,57.575049
-1.192757,51,57.600802
-1.177642,51,57.62656
-1.16523,51,57.652366
-1.06715,51,57.678267
-1.218841,51,57.945625
-1.365476,51,57.971606
-1.210514,51,57.997633
-1.10968,51,58.023828
-1.111832,51,58.049731
-1.163226,51,58.075575
-1.109666,51,58.101447
-1.090372,51,58.127376
-1.199426,51,58.153222
-1.129677,51,58.179797
-1.190582,51,58.205709
-1.216106,51,58.231549
-1.127485,51,58.257224
-1.233255,51,58.282852
-1.054273,52,58.30899
-1.080369,51,58.334786
-1.130684,51,58.360568
-1.148354,51,58.386176
-1.289009,51,58.411903
-1.113705,51,58.437529
-1.148679,51,58.463583
-1.159807,51,58.489223
-1.138625,51,58.514763
-1.125025,51,58.540336
-1.063179,51,58.565967
-1.038179,51,58.591573
-1.143118,52,58.617685
-1.233151,51,58.64325
-1.20672,51,58.668786
-1.158735,51,58.694295
-1.08529,52,58.720318
-1.155062,51,58.745836
-1.191556,51,58.77136
-1.128752,51,58.796853
-1.353432,52,58.822856
-1.292105,51,58.848391
-1.112786,51,58.873886
-1.04392,51,58.899286
-1.095981,51,58.924873
-1.175481,51,58.950566
-1.0537,51,59.213506
-1.345391,51,59.239512
-1.296562,51,59.265373
-1.059943,51,59.291541
-1.20765,51,59.317549
-1.095249,51,59.343598
-1.150619,51,59.369601
-1.190903,51,59.395579
-1.093914,51,59.421504
-1.236581,51,59.44997
-1.370222,51,59.47666
-1.053231,51,59.502827
-1.255324,51,59.528924
-1.118329,51,59.55499
-1.24329,51,59.579191
-1.142067,51,59.605132
-1.086352,51,59.629375
-1.173803,51,59.654515
-1.154346,51,59.679438
-1.157541,51,59.704753
-1.190377,51,59.729371
-1.215988,51,59.75333
-1.167901,51,59.779105
-1.031334,51,59.80305
-1.199801,51,59.827653
-1.220341,51,59.85271
-1.165115,51,59.878461
-1.156026,51,59.904295
-1.146071,51,59.930134
-1.090242,51,59.954155
-1.218017,51,59.979774
-1.102199,51,60.00364
-1.165195,51,60.029189
-1.132924,51,60.053218
-1.010168,51,60.078484
-1.086645,51,60.104146
-1.116877,51,60.128789
-1.082475,51,60.153653
-1.155173,51,60.179299
-1.119372,51,60.204863
-1.078946,51,60.474359
-1.160851,51,60.500533
-1.312475,51,60.581847
-1.158979,51,60.611603
-1.217783,51,60.642087
-1.189646,51,60.671524
-1.118439,51,60.698742
-1.059107,51,60.724931
-1.183577,51,60.751002
-1.091438,51,60.777246
-1.111104,51,60.803205
-1.172845,51,60.828918
-1.232676,51,60.853025
-1.124149,51,60.878705
-1.137036,51,60.903078
-1.208472,51,60.928521
-1.271618,51,60.954331
-0.98996,51,60.980242
-1.171797,51,61.005994
-1.237971,51,61.031522
-1.087294,51,61.057047
-1.322597,51,61.082551
-1.141342,52,61.108614
-0.970621,52,61.134551
-1.235204,52,61.160555
-1.074982,51,61.186046
-1.359254,51,61.211659
-1.234859,51,61.237164
-1.070991,52,61.263211
-1.276609,51,61.288706
-1.110169,51,61.314196
-0.973722,51,61.339652
-1.167357,52,61.365594
-1.25307,51,61.391087
-1.07932,51,61.41669
-1.164485,51,61.442261
-1.23158,51,61.467719
-1.260685,51,61.493235
-1.242956,52,61.522429
-1.083109,51,61.550336
-1.151834,51,61.807977
-1.216778,51,61.833947
-1.109759,51,61.860054
-1.055258,51,61.885467
-1.218754,51,61.910774
-1.170208,51,61.93507
-1.057744,51,61.960963
-1.167667,52,61.985686
-1.016697,51,62.015332
-1.145668,51,62.041463
-1.144089,51,62.067094
-1.146276,51,62.091937
-1.109264,51,62.117215
-1.007344,51,62.141634
-1.087486,51,62.165813
-1.149794,52,62.192097
-1.172607,51,62.216401
-1.189231,51,62.241719
-1.126339,51,62.266272
-1.159759,51,62.291072
-1.066011,51,62.316655
-1.134996,51,62.34211
-1.251104,51,62.367723
-1.295704,51,62.393379
-1.075506,51,62.418868
-1.183128,51,62.444489
-1.080134,52,62.468904
-1.181113,51,62.494354
-1.179847,52,62.519034
-1.122145,51,62.546134
-1.143689,51,62.570633
-1.265958,51,62.595969
-1.137914,51,62.620543
-1.04322,51,62.645648
-1.155214,51,62.669591
-1.147231,51,62.695312
-1.236847,51,62.719077
-1.246597,51,62.744678
-1.109501,51,62.7688
-1.379747,51,62.794149
-1.240149,52,63.04814
-1.142875,51,63.072386
-1.110254,51,63.098206
-1.118406,51,63.12255
-1.376423,51,63.148386
-1.129678,51,63.172571
-1.163378,51,63.19849
-1.205686,52,63.223236
-1.33374,51,63.248611
-1.177357,51,63.273115
-1.304603,51,63.298876
-1.159539,51,63.323224
-0.975559,51,63.347515
-1.072261,51,63.372992
-1.225257,51,63.398745
-1.045381,51,63.422679
-1.132172,51,63.447603
-1.246039,51,63.472387
-1.157927,51,63.497586
-1.056918,51,63.52168
-1.166253,51,63.545482
-1.163932,51,63.570823
-1.173635,51,63.595109
-1.244491,51,63.620023
-1.127579,51,63.644648
-1.191477,51,63.669205
-1.180505,52,63.694532
-1.135121,51,63.718623
-1.201986,51,63.742429
-1.1552,51,63.767859
-1.135291,52,63.792669
-1.176809,51,63.817837
-1.118925,51,63.842475
-1.159955,51,63.867117
-1.010602,51,63.892013
-1.332639,51,63.916102
-1.280571,51,63.939925
-1.126375,51,63.965294
-1.068996,51,63.989487
-1.061692,51,64.014291
-1.134264,51,64.267391
-1.149181,51,64.291512
-1.080324,51,64.317428
-1.211488,51,64.341746
-1.069185,51,64.367837
-1.131228,51,64.392035
-1.12444,51,64.417494
-1.166341,51,64.44197
-1.21614,51,64.467671
-1.111554,51,64.491646
-1.158385,51,64.516396
-1.003975,51,64.541787
-1.044496,51,64.565781
-1.40122,51,64.591531
-1.041006,51,64.615505
-1.108738,51,64.640898
-1.154055,51,64.665281
-1.06063,51,64.691108
-1.202019,51,64.715045
-1.143484,52,64.741239
-1.107711,51,64.765225
-1.1513,51,64.789909
-1.112251,51,64.814398
-1.16323,51,64.83926
-1.296179,51,64.863209
-1.168629,51,64.886891
-1.226733,51,64.911933
-1.125219,51,64.935463
-1.221671,51,64.960716
-1.049687,51,64.984159
-1.186288,51,65.009052
-1.085685,51,65.032879
-1.291388,51,65.058133
-1.177181,51,65.081618
-1.057765,51,65.106037
-1.180029,51,65.130643
-1.112566,51,65.154263
-1.214179,51,65.179683
-1.219748,52,65.203919
-1.2247,51,65.229584
-1.110846,51,65.481212
-1.088711,51,65.505446
-1.228526,51,65.531257
-1.064567,51,65.555737
-1.150095,51,65.580696
-1.187096,51,65.606228
-1.061179,51,65.631228
-1.297505,51,65.656169
-1.168541,51,65.6805
-1.09915,51,65.706317
-1.202013,51,65.730628
-1.258784,51,65.756554
-1.093416,51,65.780916
-1.18544,51,65.806512
-1.175559,51,65.830387
-1.070334,51,65.855166
-1.161217,51,65.879845
-1.205919,51,65.905014
-1.097459,51,65.929522
-1.092076,51,65.953424
-1.096616,52,65.979434
-1.208742,51,66.003724
-1.210939,51,66.02865
-1.119019,51,66.052314
-1.101188,52,66.078332
-1.328142,51,66.102039
-1.267261,51,66.127189
-1.087372,52,66.151789
-1.122844,51,66.177385
-1.093334,51,66.201072
-1.08303,51,66.225359
-1.226738,51,66.250034
-1.10111,51,66.274755
-1.215338,51,66.299094
-1.07251,51,66.322874
-1.104776,51,66.348213
-1.125849,51,66.371937
-1.213767,51,66.397336
-1.092472,51,66.420968
-1.116998,51,66.445757
-1.102343,52,66.700238
-1.131452,51,66.724979
-1.218637,51,66.750081
-1.107603,51,66.774414
-1.135525,51,66.799905
-1.147175,51,66.82474
-1.2039,51,66.848936
-1.089693,51,66.874787
-1.158787,51,66.899029
-1.080286,51,66.923577
-1.190217,52,66.949703
-1.128195,51,66.973961
-1.03568,51,66.999617
-1.126364,51,67.023641
-1.093499,51,67.048889
-1.082979,51,67.073283
-1.11527,51,67.097446
-1.053977,51,67.123128
-1.092257,51,67.148881
-1.226955,51,67.174892
-1.096921,51,67.200529
-1.066297,51,67.226047
-1.265803,51,67.251646
-1.084864,51,67.277304
-1.086688,51,67.302678
-1.264549,51,67.328432
-1.070891,51,67.354137
-1.200833,51,67.379801
-1.227201,51,67.40533
-1.076089,51,67.430965
-1.115726,51,67.456605
-1.163168,51,67.482176
-1.136539,51,67.507762
-1.180845,51,67.53362
-1.195426,51,67.559669
-1.238904,51,67.585329
-1.30312,51,67.610924
-1.101539,51,67.636467
-1.17318,51,67.661886
-1.090663,52,67.687833
-1.144758,51,67.950684
-1.094834,51,67.976541
-1.028977,51,68.002314
-1.112651,51,68.028346
-1.086014,51,68.054236
-1.119808,51,68.080498
-1.059429,51,68.106544
-1.05126,51,68.132623
-1.063008,51,68.158601
-1.097437,51,68.184528
-1.137956,51,68.210362
-1.20821,52,68.236789
-1.168172,51,68.26258
-1.133416,51,68.289559
-1.12888,51,68.315412
-1.084765,51,68.341121
-1.256737,51,68.365526
-1.186826,52,68.39128
-1.176775,51,68.415133
-1.13624,51,68.439963
-1.15484,51,68.464008
-1.09538,52,68.488823
-1.067707,52,68.514791
-1.029832,52,68.539219
-1.208445,51,68.563464
-1.102345,51,68.588672
-1.019949,51,68.612491
-1.199652,51,68.637374
-1.172553,52,68.662356
-1.13127,51,68.687574
-1.103135,51,68.711799
-1.084955,51,68.735875
-1.145947,51,68.761217
-1.378062,52,68.786112
-1.069604,52,68.811567
-0.9685,51,68.836208
-1.08672,51,68.860784
-1.088971,51,68.885889
-1.034975,51,68.9102
-1.23928,51,68.935902
-1.136028,51,69.189175
-1.171518,51,69.214999
-1.23014,51,69.240358
-1.105858,51,69.26506
-1.062892,51,69.291764
-1.053251,51,69.316048
-1.160678,52,69.342664
-1.042933,51,69.36709
-1.092129,51,69.392829
-1.107706,51,69.41748
-1.130409,51,69.442701
-1.051755,51,69.467556
-1.363993,51,69.492536
-1.147463,51,69.516483
-1.201883,51,69.541709
-1.191864,51,69.565986
-1.131491,51,69.591639
-1.10043,51,69.615526
-1.146168,52,69.64168
-1.161902,51,69.665386
-1.048032,51,69.690051
-1.239937,51,69.714719
-1.091752,51,69.740353
-1.09423,51,69.764161
-1.238227,51,69.789742
-1.200151,52,69.814137
-1.147321,51,69.83955
-1.077218,51,69.86375
-1.189876,51,69.888695
-1.180473,52,69.914456
-0.972517,51,69.938026
-1.245515,51,69.963396
-1.181214,51,69.988434
-1.132755,51,70.012494
-1.198989,51,70.038047
-1.142779,51,70.062214
-1.132138,51,70.087292
-1.210569,51,70.112761
-1.075652,51,70.136509
-1.114786,52,70.162464
-1.065425,52,70.425504
-1.091027,51,70.450951
-1.198287,51,70.475388
-1.069853,51,70.499624
-1.007645,51,70.525486
-1.182971,51,70.549648
-1.086672,51,70.575606
-1.196118,51,70.600401
-1.095353,51,70.625876
-1.117905,51,70.650227
-1.074328,51,70.680282
-1.195124,52,70.707353
-0.945153,51,70.734337
-1.099843,51,70.760576
-1.159175,51,70.785191
-1.103866,52,70.811278
-1.10127,52,70.836672
-1.382417,51,70.861901
-1.073505,51,70.887746
-1.089303,51,70.913003
-1.069844,51,70.938113
-1.095364,51,70.962724
-1.11154,51,70.988464
-1.062877,51,71.014229
-1.227772,51,71.038216
-1.155784,52,71.064461
-1.157203,51,71.088699
-1.135884,51,71.114046
-1.184162,51,71.13795
-1.223624,51,71.163599
-1.16047,51,71.187604
-1.120958,52,71.213753
-1.07965,51,71.237778
-1.080578,51,71.263217
-1.034514,51,71.288509
-1.074899,51,71.314125
-1.065756,51,71.339757
-1.040189,51,71.365342
-1.168759,51,71.390776
-1.164949,51,71.416177
-1.127066,52,71.670095
-1.205842,51,71.696199
-1.062118,51,71.720073
-1.061438,51,71.746042
-1.103887,51,71.770597
-1.011519,51,71.796236
-1.124905,51,71.820492
-1.286622,51,71.845513
-1.086544,51,71.870695
-1.069176,51,71.894906
-1.135385,51,71.920341
-1.042314,51,71.945403
-1.126962,51,71.969466
-1.26786,51,71.995075
-1.024267,51,72.019599
-1.267294,51,72.044866
-1.143925,52,72.071135
-1.154914,51,72.095118
-1.120816,51,72.120733
-1.149006,51,72.144693
-1.016163,52,72.170518
-1.189038,51,72.194655
-1.173037,51,72.22024
-1.087115,51,72.24404
-1.216608,51,72.268752
-1.135387,51,72.29376
-1.009886,52,72.319016
-1.097082,51,72.343651
-1.092162,51,72.367339
-1.089275,51,72.392973
-1.132997,51,72.416832
-1.179766,51,72.442417
-1.138686,51,72.466712
-1.171923,52,72.492314
-1.219009,51,72.516896
-1.094158,51,72.541746
-1.084395,51,72.566693
-1.174981,51,72.591163
-1.103024,52,72.617962
-1.051509,51,72.642489
-1.178339,51,72.895262
-1.196686,51,72.921427
-1.08783,51,72.945207
-1.128287,51,72.970941
-1.030055,51,72.995632
-1.044341,51,73.021691
-1.103201,52,73.046588
-1.114746,51,73.072529
-1.163524,51,73.096603
-1.105775,51,73.121451
-1.054977,51,73.146491
-1.137709,51,73.170875
-1.024573,51,73.196145
-1.102551,51,73.220551
-1.178232,51,73.246145
-1.098191,51,73.270443
-1.050886,51,73.294894
-1.178571,51,73.320131
-1.124167,51,73.344758
-1.057712,51,73.369659
-1.138401,51,73.394564
-1.039572,51,73.418934
-1.233087,51,73.444246
-1.164694,51,73.468253
-1.146684,51,73.492317
-1.107568,51,73.517541
-1.123874,51,73.541274
-1.402319,51,73.566863
-1.087608,52,73.591267
-1.130638,51,73.616814
-1.104227,51,73.640558
-1.112123,51,73.666173
-1.105229,51,73.689986
-1.023077,52,73.715953
-1.121255,51,73.739738
-1.102102,51,73.765288
-1.218362,51,73.789074
-1.082279,51,73.814383
-1.160498,51,73.838212
-1.063619,52,73.863955
-1.178149,52,73.888785
-1.06797,52,74.142644
-1.15656,52,74.16971
-1.030414,51,74.194141
-1.077797,51,74.219671
-1.074887,51,74.244684
-1.111818,52,74.270836
-1.033654,51,74.295569
-1.110257,52,74.321893
-1.24363,51,74.346511
-1.07952,52,74.372913
-1.082741,51,74.397276
-1.0336,51,74.421817
-1.024562,51,74.446997
-1.1761,51,74.471861
-1.145045,51,74.496802
-1.006818,51,74.520777
-1.163032,51,74.546495
-1.079276,51,74.570513
-1.111186,51,74.596217
-1.02948,51,74.620002
-1.052844,51,74.644267
-1.20679,51,74.66922
-1.150583,51,74.694072
-1.09438,51,74.718529
-1.188551,51,74.742259
-1.145213,52,74.768384
-1.074908,51,74.792407
-1.055803,51,74.817874
-1.089975,51,74.841791
-1.088345,51,74.8674
-1.116956,51,74.89109
-1.20357,51,74.916737
-1.065977,51,74.941801
-1.140546,51,74.966183
-0.949612,51,75.043037
-1.028345,51,75.070337
-1.165019,51,75.098036
-1.073927,51,75.125098
-1.100434,51,75.154917
-1.094986,51,75.179376
-1.130261,51,75.433128
-1.185304,51,75.457079
-1.16297,52,75.483568
-1.108179,51,75.507976
-1.168471,51,75.534208
-1.056506,52,75.559063
-1.001533,51,75.584236
-1.093999,52,75.609764
-1.137147,51,75.633985
-1.022682,51,75.659567
-1.180498,51,75.684108
-1.131669,51,75.708376
-1.047816,51,75.733786
-1.005729,52,75.758902
-1.102828,51,75.784161
-1.142136,51,75.808098
-1.087509,51,75.833798
-1.055167,52,75.858354
-0.968422,51,75.883677
-0.944136,51,75.908001
-1.12624,52,75.934063
-1.230796,51,75.957905
-1.049984,52,75.983949
-1.186677,51,76.007827
-1.169436,52,76.032896
-1.070353,51,76.057644
-1.06044,51,76.0825
-1.04268,51,76.106943
-1.25137,51,76.130725
-1.227143,51,76.156241
-1.104598,52,76.180927
-0.982588,51,76.206064
-1.093656,51,76.230551
-1.041797,51,76.255484
-0.9895,51,76.279115
-1.130746,51,76.304317
-1.024241,51,76.32833
-1.087894,51,76.353776
-0.982268,51,76.377502
-1.036128,51,76.403006
-1.111584,51,76.654299
-1.095911,51,76.679408
-1.046739,51,76.703516
-1.091012,51,76.728696
-1.098762,52,76.754158
-1.085609,52,76.778802
-1.10931,51,76.804709
-1.00521,51,76.828852
-1.006054,51,76.854643
-1.188789,51,76.878935
-1.049248,51,76.903489
-1.026047,51,76.928783
-1.093555,51,76.952734
-0.975043,51,76.978406
-1.102287,51,77.00234
-1.044435,51,77.027696
-1.187611,51,77.052086
-1.151136,51,77.077842
-1.062451,51,77.101769
-1.139899,52,77.127749
-1.015899,52,77.151979
-1.096003,51,77.176445
-1.088867,51,77.200896
-1.038694,52,77.226375
-1.119436,51,77.250676
-1.230551,51,77.274342
-1.071035,52,77.300352
-1.147353,51,77.324629
-1.04613,51,77.349769
-1.093362,51,77.37427
-1.033576,51,77.39888
-1.144315,52,77.424334
-1.095771,51,77.448819
-1.017083,51,77.472541
-1.194758,51,77.498127
-1.034126,51,77.522289
-1.131046,51,77.547316
-0.990431,51,77.571001
-1.025488,51,77.596554
-1.016343,51,77.620224
-1.019899,51,77.87501
-1.045461,52,77.899439
-1.093569,51,77.925181
-1.162711,51,77.949402
-1.117847,51,77.975004
-1.059074,51,77.99953
-0.970041,51,78.023807
-1.102789,52,78.050047
-1.022528,51,78.074118
-1.016853,51,78.098919
-1.127704,51,78.124116
-0.976309,52,78.148741
-0.993827,51,78.173847
-1.058444,51,78.198407
-1.150176,51,78.223893
-0.970675,51,78.248002
-1.123821,51,78.272308
-1.091904,51,78.297606
-1.090376,51,78.322262
-0.976523,51,78.347137
-1.011773,51,78.370834
-1.084661,51,78.396405
-1.083128,51,78.420101
-1.035527,51,78.445614
-1.03788,51,78.469429
-1.142903,52,78.494347
-1.027097,51,78.519192
-1.039731,51,78.543906
-1.152758,51,78.568438
-1.041063,51,78.592159
-1.097565,51,78.617683
-1.169001,51,78.641557
-1.090793,51,78.667109
-1.267529,51,78.690867
-0.956738,51,78.716364
-0.93492,51,78.740114
-1.05205,51,78.765542
-1.233543,51,78.790715
-1.063698,51,78.814787
-1.161084,51,78.838778
-0.959877,52,79.091318
-1.115251,51,79.115504
-1.166133,51,79.140819
-1.042253,51,79.165589
-0.955843,51,79.191053
-1.063395,51,79.216254
-0.965288,51,79.241357
-1.10894,52,79.265896
-1.062726,51,79.291738
-0.964626,51,79.315894
-1.101636,51,79.341488
-1.089807,51,79.365854
-1.094675,51,79.390243
-1.032895,51,79.415465
-1.199375,51,79.440136
-1.090122,51,79.464897
-0.947969,51,79.488741
-1.027755,51,79.513959
-1.067899,51,79.538171
-1.041082,51,79.563698
-0.976897,51,79.587384
-1.053144,51,79.61178
-0.924543,51,79.636531
-1.061472,51,79.660266
-1.124822,51,79.685903
-1.078856,51,79.712207
-1.119634,51,79.739346
-1.117458,52,79.764636
-1.107833,51,79.788606
-1.019209,51,79.814223
-0.964207,51,79.838404
-0.974261,52,79.864401
-1.164506,51,79.888945
-1.067104,51,79.913982
-1.101842,51,79.937797
-1.006374,51,79.962882
-1.057859,52,79.987678
-1.13187,51,80.013024
-1.018181,52,80.037609
-1.036793,51,80.061929
-1.091294,51,80.315549
-1.005721,51,80.339829
-1.087942,51,80.365182
-1.007435,51,80.389552
-1.032581,52,80.416147
-1.197029,51,80.440499
-1.168119,51,80.465702
-1.137304,51,80.490796
-1.049336,51,80.51497
-1.158563,51,80.540604
-0.917488,52,80.565515
-1.025654,51,80.589769
-0.992963,51,80.615391
-1.068684,52,80.63986
-1.04363,51,80.665602
-1.050821,51,80.689542
-1.008843,51,80.714575
-1.179697,51,80.739308
-1.217396,51,80.763148
-1.099647,51,80.78874
-0.94625,51,80.812648
-1.077912,51,80.838002
-1.164415,51,80.861755
-0.919246,51,80.887239
-0.974914,51,80.910973
-1.131393,51,80.935951
-1.084322,51,80.960147
-1.233373,52,80.984559
-1.101496,51,81.009984
-1.032497,51,81.034159
-1.156303,52,81.059796
-1.000479,51,81.083699
-0.989087,51,81.108404
-1.180721,52,81.133335
-1.499449,52,81.158949
-1.066296,52,81.183528
-1.036779,51,81.207449
-1.021428,51,81.232735
-0.993279,51,81.256536
-0.952105,51,81.281162
-0.952326,51,81.533172
-0.887268,51,81.557989
-1.017097,51,81.582645
-0.910963,51,81.608089
-1.139655,51,81.632898
-1.104224,51,81.657211
-1.180219,51,81.683275
-1.044158,51,81.70758
-1.120556,51,81.733544
-0.884024,51,81.757796
-1.04123,52,81.783122
-1.007405,51,81.808082
-0.989559,52,81.832642
-1.058399,52,81.858893
-0.979814,51,81.882847
-1.156465,52,81.90897
-0.976173,52,81.933774
-1.094117,51,81.959528
-0.964362,51,81.983555
-1.105239,51,82.007988
-1.088042,52,82.033515
-0.949419,52,82.057793
-0.924402,51,82.082667
-1.086555,51,82.107054
-0.965035,51,82.132348
-0.945305,51,82.156295
-0.931195,51,82.180456
-1.057525,51,82.205485
-1.082364,51,82.229006
-1.012638,51,82.254416
-0.864281,51,82.277918
-0.95686,51,82.303166
-0.911808,51,82.327224
-0.979289,52,82.351836
-1.067969,52,82.377385
-1.141383,51,82.401014
-1.291132,51,82.426483
-0.978235,52,82.450761
-1.166983,52,82.476692
-0.990116,52,82.500994
-0.93621,51,82.753277
-1.033653,51,82.777757
-0.970574,52,82.802138
-0.840568,51,82.828354
-0.991052,51,82.852912
-1.018964,51,82.878877
-1.005838,51,82.903149
-1.068878,51,82.92914
-1.036822,51,82.953476
-1.143685,51,82.978553
-1.166228,51,83.003551
-0.950785,51,83.02873
-1.119864,51,83.053152
-1.231964,51,83.077197
-1.161965,51,83.102774
-0.956527,52,83.127222
-1.051214,51,83.151676
-0.993459,51,83.176718
-1.111296,51,83.200585
-1.025895,51,83.226505
-1.180046,51,83.250305
-1.150608,52,83.276096
-0.987785,51,83.300165
-1.13089,51,83.324527
-1.046025,52,83.350373
-1.075547,51,83.374817
-1.259332,51,83.399744
-1.093378,51,83.423342
-0.878265,52,83.449413
-1.022758,51,83.473129
-1.013911,51,83.498641
-0.931946,51,83.522389
-0.926098,51,83.546534
-0.945127,51,83.571851
-1.100502,51,83.59558
-1.07379,51,83.621163
-1.047026,51,83.644876
-0.959777,51,83.670144
-1.13383,51,83.694236
-0.963097,51,83.71833
-0.992676,51,83.971021
-1.086468,51,83.995055
-0.96043,51,84.020682
-0.913101,51,84.045038
-1.051747,51,84.070083
-0.896598,51,84.095367
-0.806905,51,84.120525
-1.062928,51,84.145415
-0.967841,52,84.170136
-1.045174,51,84.19413
-0.7928,51,84.219982
-1.025444,51,84.243833
-0.901758,51,84.268437
-1.081987,51,84.29341
-0.94587,51,84.318437
-1.001629,51,84.343349
-0.91733,51,84.367337
-0.988239,51,84.392848
-1.083312,51,84.417033
-0.982959,51,84.442764
-1.00251,51,84.466689
-1.2423,51,84.491362
-1.424353,51,84.515964
-1.065936,52,84.54042
-1.077766,51,84.565698
-1.00648,51,84.590041
-0.918717,51,84.615439
-1.110244,51,84.63928
-1.027649,52,84.664146
-1.07883,51,84.689094
-1.087848,51,84.712825
-1.033821,51,84.738336
-1.022256,51,84.76192
-0.965445,51,84.787245
-0.948157,51,84.81109
-0.931754,51,84.835153
-0.987554,51,84.860034
-1.005678,52,84.884298
-0.923147,51,84.909798
-0.960091,51,84.933495
-0.740625,51,85.18626
-0.988417,51,85.210829
-1.125324,51,85.234877
-1.02948,51,85.260923
-0.990715,51,85.285474
-1.150022,51,85.311397
-0.912107,51,85.335628
-0.948516,51,85.360425
-0.838644,51,85.385621
-0.990456,51,85.409711
-0.972092,51,85.435075
-0.979928,51,85.459311
-1.128309,51,85.483354
-0.974173,51,85.508855
-1.252981,51,85.532718
-1.046601,51,85.558371
-0.98769,51,85.582276
-0.927004,51,85.607327
-1.137742,51,85.631936
-1.130439,52,85.657847
-1.029855,52,85.682488
-0.996817,51,85.706403
-1.03755,51,85.73168
-0.978837,51,85.755425
-1.219557,51,85.780983
-0.999047,51,85.804708
-0.90923,51,85.829804
-0.940917,51,85.854089
-1.054069,51,85.877999
-1.084813,51,85.90331
-0.924622,51,85.927137
-1.387678,51,85.952773
-0.972907,51,85.976457
-0.929138,52,86.001929
-1.008975,51,86.026268
-0.997078,51,86.049954
-1.005542,51,86.075266
-0.869641,51,86.099436
-0.814637,51,86.124456
-0.849358,51,86.148129
-0.912451,51,86.400074
-1.085709,51,86.42505
-0.90845,51,86.450061
-0.867411,51,86.474894
-0.985867,51,86.499089
-1.032113,51,86.524861
-1.190063,51,86.549169
-0.853736,51,86.573636
-0.95492,51,86.59804
-1.007678,51,86.623262
-1.100913,51,86.647451
-1.07996,52,86.673383
-1.031747,52,86.700177
-0.991861,51,86.726357
-0.979139,52,86.752642
-1.162995,51,86.778333
-1.126025,51,86.803989
-1.212353,51,86.829774
-1.018581,51,86.855404
-0.933564,51,86.881146
-1.038006,51,86.90675
-1.001234,51,86.932258
-1.001225,51,86.957746
-1.139028,51,86.983346
-1.03722,51,87.008946
-0.858604,52,87.035151
-0.990609,51,87.06062
-0.989852,51,87.08626
-0.890246,51,87.112291
-1.046125,52,87.138444
-0.916472,52,87.164279
-0.973905,51,87.18955
-0.985744,51,87.214936
-0.968436,51,87.240473
-1.046103,51,87.267627
-0.963827,51,87.29368
-1.066938,51,87.319374
-1.138759,51,87.345126
-1.077777,51,87.370651
-0.869263,51,87.396181
-1.016591,51,87.657992
-1.02215,51,87.683597
-0.921574,51,87.709231
-0.958099,51,87.735231
-0.994191,51,87.761118
-1.018051,52,87.787487
-1.055919,51,87.813325
-0.998472,51,87.837459
-1.424147,51,87.861534
-1.007073,51,87.887341
-1.126738,51,87.911335
-0.861468,51,87.9352
-0.992993,52,87.960304
-1.057815,51,87.985139
-0.96691,51,88.009102
-0.943836,52,88.035374
-0.95095,51,88.059303
-1.085766,52,88.085546
-0.93258,51,88.109424
-1.011509,51,88.133834
-0.917626,51,88.160312
-0.981935,52,88.186145
-1.033014,52,88.211789
-0.918727,52,88.236273
-1.063929,51,88.262088
-0.980935,51,88.285773
-0.988336,51,88.31107
-0.908278,51,88.335258
-1.026007,52,88.361312
-1.104817,51,88.385127
-1.055986,51,88.410669
-0.87788,51,88.436175
-1.007536,51,88.461808
-1.032517,51,88.485605
-0.995318,51,88.511043
-1.001853,51,88.534627
-1.032699,52,88.560446
-0.969725,51,88.585764
-1.207247,51,88.60966
-1.080835,51,88.635009
-1.018919,51,88.887577
-1.177047,51,88.913438
-0.930745,51,88.937301
-0.84654,51,88.963319
-0.861316,51,88.987728
-0.867925,51,89.012745
-0.857881,51,89.037913
-1.038206,51,89.063128
-0.963978,52,89.08859
-0.949055,51,89.113999
-0.927892,52,89.139204
-0.965062,52,89.16503
-1.089627,51,89.190882
-0.906127,51,89.215421
-1.068395,51,89.241284
-1.070295,51,89.267065
-0.80217,51,89.2911
-1.001456,51,89.316924
-0.99321,52,89.34164
-1.026181,52,89.367087
-1.031637,51,89.392065
-0.983798,51,89.417804
-1.021789,52,89.44214
-0.977375,51,89.467714
-0.899112,51,89.493038
-0.967878,51,89.517052
-1.070247,51,89.542505
-1.046709,51,89.566254
-1.180349,52,89.592174
-0.925878,51,89.616688
-0.864732,51,89.641334
-0.968114,51,89.66694
-1.048394,51,89.690647
-1.045421,51,89.716093
-0.958665,51,89.741633
-0.933054,51,89.765776
-0.911378,51,89.79102
-0.925588,51,89.816447
-0.95592,51,89.842093
-1.023549,52,89.869819
-0.823915,51,90.188409
-0.933281,51,90.215931
-1.001335,51,90.240058
-1.048966,51,90.266577
-0.780435,51,90.292777
-0.974045,51,90.319272
-0.888003,51,90.345815
-0.945066,52,90.371089
-0.736101,51,90.397016
-0.980723,51,90.421682
-0.824524,51,90.447213
-1.02923,51,90.471288
-0.928085,51,90.49618
-0.982112,52,90.521465
-0.970516,52,90.546042
-1.034179,51,90.571881
-1.056348,52,90.598189
-1.07478,51,90.624293
-1.058913,51,90.650038
-0.877081,51,90.674503
-0.874967,51,90.700373
-0.783751,51,90.724397
-0.972632,51,90.748992
-0.886983,51,90.773963
-1.052371,51,90.798764
-0.882448,51,90.823436
-0.989292,51,90.848651
-0.87363,52,90.873437
-0.875991,51,90.899016
-1.064556,51,90.922855
-1.013618,51,90.948368
-0.922985,51,90.972182
-0.867248,51,90.996853
-0.980725,51,91.021476
-1.021377,51,91.046626
-0.730812,51,91.072138
-0.940735,51,91.097213
-1.027324,51,91.123305
-0.805409,51,91.147529
-1.096647,51,91.173382
-0.866979,51,91.42679
-0.859787,51,91.451292
-0.880578,51,91.475455
-0.829125,51,91.50136
-0.953733,51,91.526201
-0.947494,51,91.551817
-1.08366,51,91.578012
-1.051288,51,91.602201
-0.986117,51,91.628089
-0.85536,51,91.653309
-0.835393,51,91.678049
-0.969345,51,91.703445
-0.872925,51,91.727473
-0.822316,51,91.751764
-0.721929,51,91.777359
-0.99871,52,91.802426
-0.817702,51,91.827709
-0.97802,51,91.852614
-1.065552,51,91.877553
-0.800131,51,91.901459
-0.853736,51,91.927186
-0.918519,51,91.951333
-0.796613,51,91.976844
-0.767273,51,92.000671
-0.92553,51,92.026297
-0.813627,51,92.050039
-1.024841,51,92.075694
-1.021187,52,92.099954
-1.035764,51,92.124955
-0.982996,51,92.149176
-1.027316,51,92.174686
-1.068691,52,92.199066
-0.994238,51,92.224545
-0.880832,51,92.248315
-0.890531,52,92.274386
-0.866995,51,92.298099
-0.836986,51,92.322869
-0.979169,52,92.34775
-0.857394,51,92.373021
-0.958278,51,92.397196
-0.946716,51,92.65029
-1.114644,52,92.674917
-0.982262,51,92.700681
-1.035311,52,92.725702
-0.886012,52,92.752291
-0.823502,51,92.776823
-0.851219,51,92.802753
-0.983193,51,92.827575
-0.818439,51,92.853093
-0.846342,51,92.87817
-0.813196,51,92.903238
-0.75772,51,92.927088
-0.921002,51,92.952681
-0.724245,52,92.97728
-1.005324,51,93.003
-0.903733,51,93.027113
-0.859001,52,93.053357
-0.912828,51,93.07742
-0.811026,52,93.103656
-1.071535,51,93.127797
-0.840918,51,93.152823
-0.926948,52,93.178104
-1.057279,51,93.203271
-1.1329,51,93.22753
-0.906877,51,93.253051
-0.899614,52,93.277488
-0.826424,52,93.302248
-0.930457,52,93.327967
-0.921716,51,93.352627
-0.813261,51,93.377597
-0.940722,51,93.402611
-0.95589,51,93.42712
-0.85914,51,93.450869
-0.913962,52,93.477051
-1.049669,51,93.501101
-0.929846,51,93.526406
-0.945144,51,93.550348
-0.918776,51,93.575896
-0.846556,52,93.600397
-0.851086,51,93.625436
-0.73499,51,93.878497
-0.853672,51,93.903536
-0.982722,51,93.92769
-0.796251,51,93.953776
-0.894444,51,93.978155
-1.099113,51,94.004233
-0.760106,51,94.028656
-0.815982,51,94.054638
-0.910782,51,94.078984
-0.776479,51,94.103784
-0.890881,51,94.129151
-0.867994,51,94.153974
-0.933552,51,94.178605
-0.892847,51,94.202649
-0.825902,51,94.228342
-0.905358,51,94.252173
-0.849988,51,94.277732
-0.873068,51,94.301769
-0.934246,51,94.326292
-0.946375,51,94.351571
-0.800905,51,94.37646
-0.956161,52,94.401888
-0.933121,51,94.427011
-0.849322,51,94.45154
-1.074753,51,94.475402
-0.890589,51,94.501062
-0.929947,51,94.525287
-0.824343,51,94.550614
-0.700861,51,94.574471
-0.935607,51,94.599409
-0.840054,51,94.62404
-1.004538,51,94.649242
-0.915708,51,94.673234
-0.700128,51,94.697259
-0.989806,51,94.722639
-1.012608,51,94.747089
-0.706913,51,94.772178
-0.929706,51,94.79609
-0.888165,52,94.82174
-0.789104,51,94.846192
-0.769863,51,95.099719
-0.949253,51,95.123661
-0.885731,51,95.149292
-0.837159,51,95.174136
-0.780468,51,95.200193
-0.809936,51,95.224734
-0.759586,51,95.249463
-0.77701,51,95.275094
-0.804215,51,95.299937
-1.006058,51,95.325204
-0.7675,51,95.34934
-0.79435,52,95.375031
-0.791311,52,95.399999
-0.907451,51,95.425496
-0.944708,51,95.449835
-0.701503,51,95.474156
-0.903829,51,95.499703
-0.818447,51,95.524267
-0.938095,51,95.549521
-0.781321,51,95.57357
-0.775131,51,95.599208
-0.875686,52,95.623617
-0.790729,51,95.649015
-0.890744,51,95.673149
-0.738168,51,95.697435
-0.822194,52,95.72329
-0.701646,51,95.74776
-0.839514,51,95.772735
-0.849331,51,95.796653
-0.900907,51,95.822335
-0.826473,51,95.846119
-0.747893,51,95.871557
-1.027119,51,95.895439
-1.025881,51,95.921027
-0.739399,51,95.944885
-0.729281,51,95.969489
-0.832235,51,95.994224
-0.9069,51,96.019341
-0.830934,52,96.044008
-0.83781,51,96.067857
-0.868877,51,96.32108
-0.797297,51,96.345055
-1.047618,51,96.370969
-0.769484,51,96.395642
-0.900489,52,96.42198
-0.86339,51,96.446231
-0.69592,52,96.472733
-0.935494,51,96.496947
-0.757426,51,96.522102
-0.696058,52,96.547694
-0.872887,51,96.5718
-0.959477,51,96.597074
-0.808398,51,96.621612
-0.762695,51,96.649268
-0.745952,51,96.673876
-0.818727,51,96.699833
-0.982743,51,96.723955
-0.80222,52,96.750373
-1.034899,51,96.774483
-0.956064,51,96.799162
-0.946828,51,96.82418
-0.849338,51,96.849235
-0.87415,51,96.87354
-0.724184,51,96.897414
-0.70393,52,96.923643
-0.695531,52,96.947908
-0.87548,51,96.973534
-0.753788,51,96.997279
-0.860204,52,97.022461
-0.782032,51,97.04712
-0.869317,51,97.070834
-0.80001,51,97.096376
-0.830267,51,97.120212
-0.888676,51,97.145656
-0.902448,52,97.169987
-0.792427,51,97.19449
-0.763378,51,97.219263
-0.898662,51,97.244145
-0.769074,51,97.268354
-0.884391,51,97.292096
-0.681335,51,97.545318
-0.796427,51,97.56918
-0.84434,51,97.595252
-0.842562,51,97.619936
-0.924165,51,97.645755
-0.845968,51,97.670056
-0.856409,51,97.695093
-0.780948,51,97.720208
-0.764591,51,97.744424
-0.654439,51,97.770002
-0.79831,51,97.79457
-0.836545,51,97.818496
-0.766589,52,97.84444
-0.752137,51,97.86849
-0.770297,51,97.893284
-1.017422,51,97.918423
-0.91765,51,97.943468
-0.740275,52,97.968693
-0.755194,51,97.992816
-0.92272,51,98.018609
-1.040445,51,98.042789
-0.908936,52,98.069074
-0.713418,51,98.092909
-0.775466,51,98.118493
-0.784951,51,98.142363
-0.688257,51,98.167185
-0.940481,51,98.191927
-0.774566,51,98.215723
-0.846357,51,98.241387
-0.938913,51,98.265458
-0.756197,51,98.290789
-0.820448,51,98.314669
-0.762095,52,98.339714
-0.780116,51,98.364398
-0.866661,51,98.38813
-0.663652,51,98.413639
-0.805606,51,98.437557
-0.776934,51,98.463163
-0.810841,51,98.486953
-0.891194,51,98.512524
-0.88786,51,98.764075
-0.876972,51,98.78981
-0.827444,51,98.814176
-0.8193,52,98.839894
-0.794039,51,98.865183
-0.926261,51,98.889529
-0.829081,52,98.916069
-0.762564,51,98.940205
-0.715419,52,98.966361
-0.762015,52,98.991383
-0.914072,52,99.015985
-0.78201,51,99.041465
-1.148605,51,99.065238
-0.817552,51,99.090999
-0.822163,51,99.114903
-0.84845,52,99.140406
-0.869565,51,99.16518
-0.891961,51,99.189087
-0.794309,52,99.215267
-0.877046,51,99.239294
-0.757124,51,99.26492
-0.838223,51,99.288765
-0.892518,51,99.314348
-0.719851,51,99.338133
-0.856133,51,99.362971
-0.710936,51,99.387402
-0.803842,51,99.412662
-0.828687,51,99.436759
-0.869631,51,99.460979
-0.624933,51,99.486258
-0.782177,51,99.50992
-0.775035,51,99.535513
-0.877186,51,99.55926
-0.829902,51,99.584515
-0.733606,51,99.608797
-0.764342,51,99.632781
-0.790377,52,99.65866
-0.687648,51,99.683078
-0.792853,51,99.70815
-0.760176,51,99.731979
-0.688541,51,99.985208
-0.895397,51,100.009293
-0.801073,51,100.03467
-0.801815,51,100.059625
-0.743716,51,100.083861
-0.866854,51,100.109648
-0.833889,51,100.134017
-0.691121,51,100.158223
-0.703865,51,100.182949
-0.810142,51,100.208319
-0.835332,51,100.23242
-0.733212,51,100.257409
-1.071738,51,100.281743
-0.671963,51,100.30729
-0.735907,51,100.33153
-1.011691,51,100.355806
-0.826216,51,100.381105
-0.830721,51,100.405067
-0.673909,52,100.431354
-0.816256,51,100.455303
-0.816258,51,100.480464
-0.855221,51,100.504909
-0.703017,51,100.530338
-0.825669,51,100.554227
-0.896472,51,100.57853
-0.809517,51,100.603683
-0.710333,51,100.628427
-0.911393,51,100.653235
-0.935855,51,100.677132
-0.785728,51,100.702366
-0.710087,51,100.726388
-0.812295,51,100.75198
-0.834221,51,100.775811
-0.799478,51,100.800311
-0.738278,51,100.825213
-0.698738,51,100.849052
-0.800802,51,100.874672
-0.790567,52,100.899028
-0.776687,51,100.924587
-0.76035,51,100.94842
-0.744646,51,101.20086
-0.852448,52,101.225518
-0.729339,51,101.250336
-0.721183,51,101.276094
-0.767894,52,101.301496
-0.795164,51,101.326865
-0.882672,51,101.351138
-0.808238,51,101.376465
-0.786359,51,101.401224
-0.842885,51,101.425334
-0.875994,52,101.451447
-0.902001,51,101.47548
-0.731651,51,101.499665
-0.915072,51,101.524956
-0.846047,51,101.549666
-0.728566,51,101.5744
-0.722295,51,101.598483
-0.721463,51,101.623943
-0.943791,51,101.648278
-0.814847,51,101.674056
-0.782567,51,101.698089
-1.045189,51,101.722476
-0.711831,51,101.7474
-0.728005,52,101.771688
-0.988933,51,101.79727
-0.874963,52,101.821405
-0.898588,51,101.846899
-0.615634,51,101.8707
-0.875803,51,101.896285
-0.815776,51,101.920016
-0.709407,51,101.94459
-0.682373,51,101.969379
-0.747269,51,101.994171
-0.843817,52,102.01903
-0.731937,51,102.042828
-0.720838,51,102.068307
-0.883013,51,102.092168
-0.712647,51,102.11769
-0.909488,51,102.141545
-0.666875,51,102.16707
-0.760382,51,102.418244
-0.787881,51,102.442301
-0.825669,51,102.46841
-0.780163,51,102.49264
-0.627553,51,102.518305
-0.953659,51,102.542915
-0.816823,51,102.567248
-0.81616,51,102.593087
-0.616875,52,102.61789
-0.659059,51,102.642501
-0.732738,51,102.666892
-0.786659,51,102.691709
-0.891099,52,102.717091
-0.766149,51,102.741729
-0.723187,51,102.765767
-0.676738,51,102.791714
-0.765064,51,102.816015
-0.793846,51,102.841717
-0.679492,51,102.866237
-0.774778,52,102.892069
-0.762758,51,102.915999
-0.838984,51,102.9417
-0.802468,52,102.966085
-0.915847,51,102.991304
-0.773301,51,103.015478
-0.740085,51,103.03967
-0.741779,51,103.06502
-0.812696,51,103.088932
-0.850671,51,103.114496
-0.853544,51,103.138195
-0.750563,52,103.163881
-0.800026,51,103.188271
-0.730204,51,103.212104
-0.766113,51,103.237562
-0.796006,51,103.261856
-0.711422,51,103.286974
-0.743578,51,103.310757
-0.859033,52,103.336174
-0.801259,51,103.360607
-0.755752,51,103.38589
-0.747539,51,103.637505
-0.790234,51,103.663063
-0.730053,51,103.687823
-0.65073,51,103.712159
-0.813026,51,103.738176
-0.845792,51,103.762604
-0.616157,51,103.787552
-0.797409,51,103.812888
-0.640126,51,103.83716
-0.734584,51,103.862413
-0.719227,51,103.887233
-0.799236,52,103.91176
-0.833429,51,103.937236
-0.728706,51,103.961386
-0.734094,51,103.986934
-0.981889,51,104.010916
-0.747526,51,104.035831
-0.91626,51,104.060761
-0.75204,51,104.08599
-0.714546,51,104.110691
-0.679109,51,104.134699
-0.853877,51,104.160516
-0.732353,51,104.18458
-0.768306,51,104.209951
-0.96713,51,104.23372
-0.769058,51,104.258499
-0.710513,51,104.282942
-0.779739,51,104.307971
-0.842837,51,104.332236
-0.85886,51,104.356117
-0.7982,52,104.382017
-0.650184,51,104.405745
-0.650722,51,104.431189
-0.709357,51,104.455039
-0.767002,51,104.479965
-0.832305,51,104.504133
-0.705847,51,104.527926
-0.822955,51,104.591841
-0.737915,52,104.634642
-0.843306,51,104.661663
-0.778734,51,104.918858
-0.726657,51,104.943373
-0.723777,51,104.969416
-0.928254,51,104.994321
-0.929912,51,105.020094
-0.758222,51,105.04443
-0.762889,51,105.069656
-0.753188,51,105.09467
-0.878156,51,105.118968
-0.679292,51,105.144544
-0.747412,51,105.169044
-0.801279,51,105.19315
-0.809169,52,105.219087
-0.680512,51,105.243525
-0.741145,52,105.269451
-0.724524,51,105.293481
-0.764365,51,105.318485
-0.780414,51,105.343024
-0.643597,51,105.368281
-0.658696,52,105.393036
-0.709472,51,105.417192
-0.865889,51,105.442675
-0.92211,51,105.46712
-0.767518,51,105.492285
-0.861442,51,105.51602
-0.791595,52,105.541548
-0.603013,51,105.565955
-0.895678,51,105.591253
-0.854481,51,105.615296
-0.803749,51,105.639403
-0.715113,51,105.664644
-0.845306,51,105.688446
-0.739105,51,105.713203
-0.851338,51,105.737634
-0.694871,51,105.762746
-0.872006,51,105.786986
-0.738951,51,105.81098
-0.791636,52,105.836802
-0.817212,51,105.860425
-0.858929,51,105.885921
-0.830914,51,106.136378
-0.758641,51,106.161534
-0.733034,51,106.186881
-0.715837,51,106.212235
-0.736118,51,106.236699
-0.907332,51,106.261218
-0.719879,52,106.285885
-0.756392,51,106.311818
-0.815154,51,106.335936
-0.780476,51,106.360612
-0.765694,51,106.385701
-0.785378,51,106.409439
-0.739063,51,106.434759
-0.713429,51,106.459071
-0.765008,51,106.484594
-0.704912,52,106.509101
-0.740456,51,106.533379
-0.748905,51,106.558745
-0.783705,51,106.583296
-0.771286,51,106.608179
-0.729908,51,106.632052
-0.856203,51,106.657293
-0.752921,51,106.681407
-0.745914,51,106.706947
-0.757727,51,106.730636
-0.891107,51,106.755026
-0.911743,51,106.779953
-0.688324,51,106.803697
-0.806398,51,106.829155
-0.740804,52,106.853546
-0.791851,52,106.87934
-0.725284,51,106.903375
-0.736333,51,106.928933
-0.882622,51,106.952762
-0.761082,51,106.977202
-0.807211,51,107.001864
-0.722396,52,107.026201
-0.713689,51,107.051855
-0.87719,51,107.075617
-0.813167,51,107.102086
-0.72892,51,107.12679
-0.717544,51,107.380264
-0.729595,51,107.404617
-0.791064,51,107.430549
-0.757323,51,107.454777
-0.653359,51,107.479344
-0.732202,51,107.503837
-0.79067,51,107.529095
-0.698449,51,107.553263
-0.785306,51,107.580898
-0.821141,51,107.605558
-0.885879,52,107.631443
-0.805096,51,107.656078
-0.653137,51,107.680054
-0.843211,51,107.705846
-0.765378,51,107.730003
-0.6789,51,107.755878
-0.903362,51,107.77979
-0.750124,51,107.804779
-0.78005,51,107.829745
-0.807903,51,107.855271
-0.910863,51,107.879947
-0.712063,51,107.903961
-0.722816,52,107.929983
-0.812987,51,107.95389
-0.696661,51,107.978274
-0.848424,51,108.003347
-0.751781,51,108.028135
-0.899023,51,108.053055
-0.954677,51,108.077077
-0.916397,51,108.102882
-0.818109,51,108.126792
-0.750864,51,108.152425
-0.761278,51,108.176286
-0.662149,51,108.200812
-0.875359,51,108.225686
-0.971758,51,108.250674
-0.690845,51,108.27511
-0.76036,51,108.298968
-0.710833,52,108.325012
-0.804301,51,108.348927
-0.761607,51,108.601862
-0.653991,51,108.626462
-0.747852,51,108.651112
-0.822908,51,108.676923
-0.68997,51,108.701739
-0.694623,51,108.727028
-0.799244,51,108.751193
-0.792592,51,108.77702
-0.813524,51,108.801183
-0.795249,51,108.82672
-0.747379,51,108.850681
-0.772197,52,108.875192
-0.717382,52,108.901013
-0.704055,51,108.924996
-0.771918,51,108.95067
-0.723095,51,108.974597
-0.774506,51,108.999815
-0.80832,51,109.024226
-0.749769,52,109.048574
-0.898331,51,109.074213
-0.820434,51,109.098453
-0.63954,51,109.123699
-0.785126,51,109.147422
-0.715459,51,109.172231
-0.657001,51,109.196677
-0.756006,51,109.220563
-0.937143,51,109.246134
-0.822246,51,109.270148
-0.713301,51,109.295536
-0.729515,51,109.319442
-0.821101,51,109.344002
-0.761899,51,109.368708
-0.757759,51,109.393649
-0.697991,51,109.41807
-0.82051,51,109.441766
-0.719876,51,109.467356
-0.847215,52,109.492015
-0.691448,51,109.517237
-0.874364,51,109.541182
-0.754003,51,109.566743
-0.717406,51,109.821333
-0.759533,51,109.847353
-0.829298,51,109.871807
-0.595095,52,109.89723
-0.78732,51,109.922531
-0.689992,51,109.946789
-0.774622,51,109.972775
-0.807765,51,109.997009
-0.7933,51,110.022652
-0.6949,52,110.047425
-0.695314,51,110.071608
-0.708461,51,110.096938
-0.637573,51,110.120598
-0.762442,52,110.146667
-0.76995,51,110.170783
-0.762536,52,110.196146
-1.008315,51,110.220817
-0.740131,51,110.244759
-0.763339,51,110.27037
-0.749433,51,110.294486
-0.706477,51,110.319975
-0.962991,51,110.34378
-0.691566,51,110.368337
-0.674975,51,110.393058
-0.826958,51,110.418023
-0.757154,51,110.442539
-0.740293,51,110.466336
-0.913692,51,110.491854
-0.826394,52,110.516124
-0.702103,52,110.542156
-0.708427,51,110.565899
-0.805057,51,110.590634
-0.708543,51,110.615129
-0.72967,51,110.638869
-0.768939,52,110.664809
-0.701186,51,110.688563
-0.715076,51,110.713942
-0.616355,51,110.737678
-0.817013,51,110.762257
-0.691939,51,110.78666
-0.887673,51,111.038432
-0.734898,52,111.064141
-0.789867,52,111.089015
-0.696204,51,111.11515
-0.767177,52,111.139875
-0.807375,52,111.16613
-0.916544,51,111.190754
-0.708822,51,111.215004
-0.850875,51,111.24063
-0.770119,51,111.264613
-0.779609,51,111.289253
-0.688063,51,111.31401
-0.80213,51,111.337787
-0.884329,51,111.363472
-0.753028,51,111.387426
-0.708017,51,111.412999
-0.727184,51,111.436877
-0.73741,51,111.462467
-0.733298,51,111.486369
-0.708941,51,111.511282
-0.74854,51,111.536101
-0.697098,51,111.561184
-0.804389,51,111.585391
-0.712348,51,111.609252
-0.80415,51,111.634587
-0.730382,52,111.658954
-0.889133,51,111.683383
-0.6335,51,111.7081
-0.714713,51,111.731699
-0.703632,52,111.757338
-0.671781,52,111.781992
-0.80975,51,111.807496
-0.801921,51,111.831238
-0.751152,51,111.855768
-0.812436,51,111.880732
-0.981976,51,111.905351
-0.709263,51,111.929928
-0.779441,51,111.953569
-0.816859,52,111.979449
-0.904895,51,112.003287
-0.806534,51,112.255875
-0.806279,51,112.280312
-0.69683,52,112.305481
-0.909466,51,112.331155
-0.691092,51,112.35541
-0.699325,51,112.381346
-0.791684,51,112.40553
-0.741151,51,112.430848
-0.853876,51,112.455453
-0.740551,51,112.480002
-0.768113,52,112.505896
-0.766108,51,112.529951
-0.706045,51,112.554093
-0.728792,51,112.579301
-0.654231,51,112.603215
-0.670984,51,112.629104
-0.825905,52,112.653678
-0.73403,51,112.679326
-0.658918,51,112.703262
-0.71547,51,112.728916
-0.760609,51,112.753163
-0.921537,51,112.778609
-0.906217,51,112.802955
-0.779543,51,112.827973
-0.701983,51,112.8516
-0.674277,52,112.877118
-0.717314,52,112.90186
-0.77494,51,112.92557
-0.755029,51,112.950913
-0.783029,51,112.974664
-0.705316,51,112.999996
-0.735699,51,113.023831
-0.780888,51,113.048705
-0.628483,51,113.073037
-0.652857,51,113.096678
-0.733153,51,113.123427
-0.813423,51,113.147901
-0.71357,51,113.172464
-0.785118,51,113.197712
-0.719854,52,113.223013
-0.726015,51,113.475462
-0.740576,51,113.49995
-0.810107,51,113.525128
-0.807691,51,113.550524
-0.917379,51,113.575873
-0.687166,51,113.600918
-0.756095,52,113.625655
-0.76129,51,113.649861
-0.746152,52,113.676159
-0.722672,51,113.700279
-0.755694,51,113.72469
-0.720414,51,113.749889
-0.691523,51,113.773573
-0.722305,51,113.799032
-0.762564,51,113.82289
-0.61417,51,113.848247
-0.768127,51,113.872621
-0.816131,51,113.900223
-0.604893,52,113.926746
-0.765272,52,113.951885
-0.689361,51,113.976359
-0.706338,52,114.002887
-0.709111,51,114.027372
-0.814218,51,114.052591
-0.804688,51,114.076496
-0.793762,52,114.102759
-0.875071,51,114.126501
-0.715586,51,114.151592
-0.836132,51,114.175774
-0.705445,52,114.200283
-0.731412,51,114.226026
-0.643886,51,114.250106
-0.728911,51,114.274821
-0.822605,51,114.299716
-0.739601,51,114.32467
-0.876393,51,114.349269
-0.809415,51,114.373169
-0.662438,51,114.39874
-0.708191,52,114.423208
-0.841965,52,114.449403
-0.736841,51,114.707996
-0.823145,51,114.734646
-0.711684,52,114.760508
-0.789907,51,114.785902
-0.820846,51,114.810259
-0.702592,51,114.835568
-0.807201,51,114.860111
-0.752994,52,114.88474
-0.949084,51,114.910488
-0.781001,51,114.934376
-0.6938,51,114.958878
-0.719773,51,114.983778
-0.794261,51,115.007474
-0.783448,51,115.033035
-0.700155,51,115.057527
-0.671233,51,115.083103
-0.787448,51,115.10719
-0.82676,51,115.131651
-0.700288,51,115.156922
-0.678217,51,115.180987
-0.764609,51,115.206638
-0.834673,51,115.230782
-0.725684,51,115.256051
-0.699764,52,115.280801
-0.751613,51,115.306165
-1.006801,51,115.330068
-0.756054,51,115.355588
-0.701747,51,115.379482
-0.683016,51,115.40412
-0.640419,51,115.428707
-0.700095,52,115.452998
-0.766742,52,115.479072
-0.807883,51,115.502837
-0.626778,52,115.528771
-0.759939,51,115.552496
-0.803686,51,115.576923
-0.769207,51,115.601705
-0.672509,51,115.626538
-0.831311,51,115.651012
-0.778507,51,115.674807
-0.818262,51,115.928663
-0.780314,51,115.954362
-0.823277,51,115.979341
-0.690561,51,116.003454
-0.714338,51,116.029256
-0.80642,51,116.053504
-0.672203,51,116.078547
-0.740417,51,116.104032
-0.59499,51,116.128146
-0.974837,51,116.153243
-0.802331,52,116.178396
-0.663271,51,116.202222
-0.767238,51,116.227695
-0.723777,51,116.251657
-0.735456,51,116.277223
-0.645467,51,116.301274
-0.783928,51,116.326046
-0.817374,51,116.350898
-0.766177,51,116.376023
-0.722979,52,116.401123
-0.705918,51,116.425101
-0.747533,51,116.45089
-0.684371,51,116.474934
-0.691977,51,116.500143
-0.739561,51,116.523898
-0.857902,51,116.548621
-0.734457,51,116.572948
-0.715079,51,116.596604
-0.781915,52,116.622725
-0.797332,51,116.646668
-0.803145,51,116.671988
-0.746099,51,116.695624
-0.888394,51,116.720433
-0.832684,51,116.745071
-0.759927,51,116.769971
-0.714346,51,116.794096
-0.755331,52,116.818613
-0.756184,51,116.844065
-0.75794,51,116.868243
-0.823338,51,116.893256
-0.852676,51,117.145293
-0.715443,51,117.16995
-0.721639,51,117.195762
-0.744695,51,117.220806
-0.822418,51,117.246029
-0.677339,51,117.270046
-0.725302,51,117.294151
-0.664405,51,117.319787
-0.825015,51,117.343936
-0.792817,51,117.368308
-0.87674,51,117.393413
-0.777682,51,117.417078
-0.685812,51,117.441916
-0.811558,51,117.466298
-0.715602,52,117.492332
-0.654632,51,117.516688
-0.750209,51,117.540823
-0.82076,52,117.566794
-0.705333,52,117.591822
-0.807539,51,117.617061
-0.755086,51,117.641048
-0.765645,52,117.666548
-0.622319,51,117.690906
-0.765142,51,117.714683
-0.80531,52,117.740654
-0.856307,51,117.764642
-0.683799,51,117.792044
-0.683019,51,117.822214
-0.761312,51,117.851004
-0.805131,51,117.874989
-0.849624,51,117.900171
-0.628992,51,117.924391
-0.831655,52,117.948945
-0.733432,51,117.97441
-0.771388,51,117.998196
-0.774566,51,118.022895
-0.647336,52,118.048363
-0.745027,51,118.073262
-0.688186,51,118.097706
-0.738946,51,118.122927
-0.745065,51,118.378239
-0.736826,51,118.402571
-0.775281,51,118.427932
-0.631479,51,118.452991
-0.795323,51,118.477276
-0.690257,51,118.503247
-0.814399,51,118.527591
-0.691535,51,118.553461
-0.743838,51,118.577594
-0.625156,51,118.602152
-0.692967,52,118.627791
-0.676454,51,118.651527
-0.780357,51,118.676476
-0.773921,51,118.700842
-0.800181,51,118.726436
-1.003897,51,118.750568
-0.631647,52,118.775301
-0.656645,51,118.80063
-0.750531,52,118.82511
-0.700775,51,118.850642
-0.814568,52,118.875094
-0.763283,51,118.900197
-0.771058,51,118.924659
-0.76287,51,118.94847
-0.752288,51,118.974087
-0.749905,51,118.998355
-0.690929,51,119.023664
-0.730562,51,119.047496
-0.749742,51,119.072462
-0.676578,52,119.097528
-0.735639,52,119.123114
-0.727841,51,119.147373
-0.755353,51,119.171323
-0.710068,51,119.196743
-0.621454,51,119.220567
-0.669925,52,119.245624
-0.815624,51,119.270568
-0.659408,51,119.294342
-0.80958,51,119.319842
-0.690392,51,119.343514
-0.610009,51,119.596485
-0.781206,51,119.621456
-0.778834,52,119.646334
-0.756516,52,119.672826
-0.82504,52,119.697644
-0.718258,51,119.77735
-0.776581,51,119.804672
-0.772646,51,119.831628
-0.747295,51,119.859766
-0.690916,51,119.884241
-0.87473,51,119.90999
-0.74341,51,119.934213
-0.911686,51,119.958406
-0.742844,51,119.983805
-0.677313,51,120.007932
-0.62368,51,120.033675
-0.886926,51,120.057713
-0.724933,51,120.082947
-0.62763,52,120.108011
-0.644878,52,120.133992
-0.73388,51,120.158418
-0.62325,51,120.182528
-0.669245,51,120.20795
-0.710654,51,120.23183
-0.673311,51,120.25749
-0.671229,51,120.28111
-0.880588,52,120.306743
-0.60299,51,120.331113
-0.716704,51,120.35492
-0.669025,52,120.380915
-0.827457,51,120.405103
-0.677376,51,120.430113
-0.755247,51,120.453976
-0.652292,51,120.478932
-0.689537,51,120.503339
-0.855684,51,120.527089
-0.676359,51,120.552566
-0.78533,51,120.576631
-0.805913,51,120.601668
-0.707048,51,120.625469
-0.842857,51,120.879174
-0.721314,51,120.903762
-0.698647,51,120.928816
-0.710945,51,120.954197
-0.697277,51,120.979451
-0.701336,52,121.005194
-0.636841,51,121.029539
-0.748285,51,121.055593
-0.853453,51,121.079572
-0.612508,51,121.105367
-0.718953,51,121.129331
-0.74238,52,121.154225
-0.763869,51,121.1794
-0.738408,51,121.203943
-0.707313,51,121.228728
-0.69861,51,121.252605
-0.641429,51,121.278138
-0.669127,51,121.30259
-0.712145,51,121.326865
-0.789693,51,121.352448
-0.625468,51,121.376923
-0.683175,51,121.402268
-0.713659,51,121.427013
-0.646076,51,121.451735
-0.881585,51,121.475577
-0.808638,51,121.500945
-0.840204,51,121.525071
-0.746255,51,121.549207
-0.721081,51,121.574643
-0.799825,51,121.599138
-0.718777,51,121.624097
-0.707129,51,121.647794
-0.695351,52,121.673412
-0.741635,51,121.697784
-0.727875,51,121.721646
-0.743797,51,121.747093
-0.803315,52,121.771849
-0.730409,51,121.797235
-0.725119,51,121.821111
-0.703415,51,121.84602
-0.648352,52,122.099365
-0.657561,51,122.124
-0.820644,51,122.150034
-0.698014,51,122.17439
-0.743183,51,122.199739
-0.640435,51,122.224507
-0.698289,51,122.248609
-0.68047,51,122.272975
-0.740145,51,122.29869
-0.648381,51,122.322734
-0.894785,51,122.348348
-0.731827,51,122.372164
-0.641687,51,122.396944
-0.776637,51,122.421387
-0.968796,51,122.445359
-0.674071,51,122.471068
-0.7521,51,122.495254
-0.641768,51,122.520725
-0.740258,51,122.544756
-0.743006,51,122.570573
-0.676046,51,122.594471
-0.673483,52,122.620188
-0.697021,51,122.644672
-0.801125,51,122.668524
-0.646719,51,122.69407
-0.604942,51,122.718334
-0.834669,51,122.743559
-0.834348,51,122.767416
-0.74364,51,122.792277
-0.653785,51,122.816791
-0.721269,52,122.842437
-0.755198,51,122.866589
-0.713095,51,122.890676
-0.750509,52,122.916555
-0.688221,51,122.940311
-0.807077,51,122.965914
-0.632881,51,122.989887
-0.83897,52,123.01541
-0.749523,51,123.039796
-0.642096,51,123.063619
-0.734622,51,123.316906
-0.737255,51,123.342
-0.713961,51,123.367875
-0.817552,51,123.392475
-0.848709,51,123.417034
-0.70129,51,123.442853
-0.755762,51,123.46753
-0.64152,51,123.491887
-0.826632,51,123.51693
-0.72187,52,123.54133
-0.632858,51,123.567002
-0.843383,51,123.590855
-0.690462,52,123.616744
-0.777879,51,123.640565
-0.752231,51,123.664879
-0.663256,51,123.690303
-1.058603,51,123.714239
-0.850523,51,123.739842
-0.697863,51,123.763793
-0.776776,51,123.789174
-0.665926,52,123.81407
-0.687416,51,123.839714
-0.892854,51,123.863696
-0.706745,52,123.888408
-0.745458,52,123.914114
-0.668982,52,123.938529
-0.833431,51,123.963337
-0.706594,51,123.987971
-0.703738,51,124.011837
-0.755654,51,124.037417
-0.786859,51,124.061293
-0.672682,51,124.086546
-0.847695,51,124.110376
-0.632842,51,124.135026
-0.902507,51,124.159831
-0.819524,51,124.183597
-0.803924,51,124.20925
-0.75604,51,124.233015
-0.772531,52,124.259144
-0.759499,51,124.282948
-0.671728,51,124.534961
-0.852943,51,124.561335
-0.662674,51,124.585795
-0.766121,51,124.610724
-0.802175,51,124.636134
-0.73649,51,124.660373
-0.807553,51,124.685539
-0.728157,52,124.710481
-0.873878,51,124.734935
-0.572932,51,124.760511
-0.722607,51,124.784433
-0.763024,51,124.808776
-0.856527,51,124.833926
-0.918197,51,124.85771
-0.867963,51,124.882942
-0.789272,51,124.907581
-0.601516,51,124.933116
-0.713918,51,124.957375
-0.803736,51,124.981739
-0.644772,52,125.00781
-0.838465,51,125.032351
-0.729668,51,125.057484
-0.695975,51,125.081368
-0.787139,51,125.10652
-0.813074,51,125.130964
-0.812589,51,125.154741
-0.71609,51,125.1804
-0.745036,51,125.204751
-0.644691,51,125.230002
-0.816477,51,125.253715
-0.680109,51,125.27842
-0.700815,51,125.302862
-0.720313,51,125.326414
-0.724657,51,125.351924
-0.759071,51,125.375666
-0.720555,51,125.401117
-0.673241,51,125.424932
-0.87074,51,125.449685
-0.99322,51,125.474222
-0.780173,52,125.498464
-0.824742,52,125.75186
-0.714889,52,125.777697
-0.612089,52,125.803677
-0.757182,51,125.828107
-0.680616,51,125.852617
-0.687763,51,125.876841
-0.6541,52,125.903049
-0.716689,52,125.927573
-0.72888,51,125.951571
-0.769859,51,125.977096
-0.572643,51,126.000962
-0.687513,51,126.025983
-0.715842,51,126.050218
-0.763382,52,126.074553
-0.710608,51,126.100178
-0.698784,51,126.124151
-0.607378,52,126.15046
-0.849705,51,126.174459
-0.804698,51,126.199415
-0.721583,51,126.224116
-0.61742,51,126.248038
-0.725166,51,126.27383
-0.780672,52,126.298304
-0.708367,51,126.323913
-0.857562,51,126.347753
-0.682777,51,126.372309
-0.741848,51,126.397153
-0.719637,52,126.421588
-0.760969,51,126.447192
-0.616796,51,126.470902
-0.728885,51,126.496359
-0.691252,52,126.520785
-0.704426,51,126.545056
-0.67756,51,126.570106
-0.704566,51,126.593977
-0.826962,52,126.620132
-0.710563,52,126.6471
-0.707647,51,126.673558
-0.777567,51,126.698618
-0.642924,51,126.722668
-0.649962,51,126.975493
-0.79297,51,127.001091
-0.743931,51,127.026207
-0.762317,51,127.050406
-0.758846,51,127.07618
-0.756337,51,127.100689
-0.656422,51,127.12518
-0.769575,51,127.150813
-0.798135,51,127.174672
-0.701304,51,127.19943
-0.723109,51,127.22414
-0.653319,51,127.249154
-0.79153,52,127.273844
-0.791118,51,127.299078
-0.826346,51,127.323215
-0.640064,51,127.347639
-0.716152,51,127.372865
-0.641942,51,127.397439
-0.759695,51,127.422147
-0.84908,51,127.447307
-0.729268,51,127.471893
-0.792144,51,127.495865
-0.632584,52,127.522116
-0.761043,51,127.545755
-0.779072,51,127.570005
-0.676152,51,127.594768
-0.786471,52,127.618982
-0.710963,51,127.644616
-0.860863,51,127.668501
-0.899573,52,127.694375
-0.719334,52,127.718793
-0.689918,51,127.742946
-0.753866,52,127.76863
-0.629788,51,127.792317
-0.624456,51,127.817014
-0.827957,51,127.841571
-0.631559,51,127.865127
-0.60904,51,127.890525
-0.656059,52,127.914913
-0.896152,51,127.940282
-0.74613,51,128.190636
-0.683819,51,128.215003
-0.667045,51,128.239861
-0.744582,51,128.265073
-0.778872,51,128.289279
-0.700417,51,128.314694
-0.701823,51,128.339096
-0.706633,52,128.363957
-0.72206,51,128.389608
-0.671929,52,128.413942
-0.689587,51,128.437653
-0.718081,52,128.463767
-0.732241,51,128.487323
-0.62791,51,128.512106
-0.712042,51,128.536423
-0.681179,51,128.560468
-0.746582,52,128.586644
-0.586147,51,128.610559
-0.793918,51,128.636139
-0.761022,51,128.659929
-0.645059,51,128.684912
-0.715249,51,128.709443
-0.699026,51,128.733206
-0.695124,51,128.75864
-0.718878,51,128.782275
-0.710871,51,128.806688
-0.769624,52,128.832027
-0.721761,51,128.856748
-0.780432,51,128.881403
-0.705918,51,128.905026
-0.720862,52,128.931029
-0.690942,51,128.954876
-0.68589,51,128.979154
-0.796302,51,129.00421
-0.790052,51,129.027848
-0.688849,51,129.052785
-0.802472,51,129.077131
-0.736512,51,129.100945
-0.811479,51,129.12627
-0.778816,51,129.149899
-0.663928,52,129.401465
-0.731132,51,129.427299
-0.726112,51,129.452183
-0.788508,51,129.477644
-0.668694,51,129.501719
-0.855551,51,129.525886
-0.730612,52,129.551794
-0.807351,51,129.576265
-0.748959,51,129.600273
-0.690489,52,129.626342
-0.690649,51,129.650093
-0.707677,51,129.674623
-0.778823,51,129.699443
-0.777884,51,129.723169
-0.728462,51,129.74862
-0.734249,51,129.772487
-0.670367,51,129.798055
-0.750424,51,129.821966
-0.640644,51,129.846541
-0.696159,52,129.872168
-0.666167,51,129.896128
-0.640475,51,129.921292
-0.650546,51,129.945831
-0.661482,52,129.971649
-0.558254,51,129.995608
-0.617729,51,130.019648
-0.659321,52,130.045404
-0.732413,51,130.069265
-0.705381,51,130.093923
-0.767146,51,130.118542
-0.869553,51,130.144049
-0.890799,51,130.16986
-0.78403,51,130.195492
-0.779719,51,130.220744
-0.883013,51,130.244746
-0.734265,51,130.270319
-0.737659,51,130.294055
-0.661808,51,130.319604
-0.727447,51,130.343414
-0.773277,52,130.368758
-0.790054,51,130.61934
-0.633406,52,130.645201
-0.680659,51,130.670641
-0.766339,52,130.695995
-0.610627,52,130.720701
-0.692259,51,130.74497
-0.829,51,130.770843
-0.662578,51,130.794979
-0.627896,51,130.819538
-0.717281,51,130.844592
-0.609334,51,130.868356
-0.705266,51,130.893916
-0.683139,51,130.917803
-0.655431,51,130.943354
-0.681615,51,130.967131
-0.75275,52,130.992049
-0.67858,51,131.017326
-0.858443,52,131.041716
-0.730767,51,131.066539
-0.809796,51,131.091243
-0.719961,51,131.115276
-0.705834,51,131.141065
-0.707781,52,131.165612
-0.708418,51,131.191172
-0.695466,51,131.214875
-0.64988,51,131.239455
-0.704029,51,131.264175
-0.671126,51,131.287887
-0.648753,51,131.313385
-0.811582,51,131.33716
-0.665717,51,131.362683
-0.685534,51,131.386429
-0.629785,51,131.410749
-0.703252,51,131.435524
-0.847192,51,131.459312
-0.688211,51,131.484482
-0.757983,51,131.5086
-0.741694,51,131.532529
-0.691139,52,131.558246
-0.748668,51,131.582508
-0.677047,51,131.833145
-0.667873,52,131.859387
-0.758119,51,131.883802
-0.674956,51,131.909839
-0.747474,51,131.933969
-0.695292,51,131.958098
-0.757707,52,131.984062
-0.576581,51,132.008489
-0.695437,51,132.032598
-0.832509,51,132.058229
-0.615845,51,132.081973
-0.654471,51,132.106562
-0.653016,51,132.131302
-0.669507,51,132.155088
-0.800234,51,132.180485
-0.754343,52,132.205002
-0.75852,51,132.2307
-0.656092,51,132.254662
-0.7489,51,132.279204
-0.64646,51,132.304422
-0.594702,51,132.328136
-0.789855,52,132.354253
-0.701214,51,132.378018
-0.712034,52,132.403845
-0.784985,51,132.42784
-0.6794,51,132.45179
-0.634683,51,132.476909
-0.754986,51,132.500639
-0.70789,52,132.52597
-0.675859,51,132.550395
-0.821842,52,132.574618
-0.638767,51,132.600127
-0.729287,52,132.624552
-0.742955,52,132.650565
-0.727747,51,132.674253
-0.735255,51,132.698736
-0.823688,51,132.723356
-0.825494,51,132.747052
-0.660868,51,132.772292
-0.75106,51,132.796226
-0.673331,51,133.048134
-0.795623,52,133.074544
-0.776073,51,133.098978
-0.681009,51,133.123464
-0.748101,51,133.149095
-0.631325,51,133.173227
-0.696222,51,133.199467
-0.67704,52,133.224163
-0.616993,52,133.249706
-0.688165,51,133.274344
-0.658795,52,133.298677
-0.793683,51,133.324058
-0.751923,51,133.347874
-0.603173,52,133.372447
-0.765483,51,133.397192
-0.622588,52,133.421635
-0.624721,51,133.447166
-0.807481,51,133.470983
-0.922716,51,133.49631
-0.756992,51,133.520394
-0.666996,51,133.544568
-0.671662,52,133.570437
-0.749314,51,133.594996
-0.783655,51,133.620112
-0.70822,51,133.643961
-0.718913,51,133.668975
-0.719401,51,133.693298
-0.770485,51,133.717157
-0.747145,51,133.742557
-0.750268,51,133.766199
-0.805515,52,133.791111
-0.883293,51,133.815811
-0.703127,51,133.840729
-0.696009,51,133.864833
-0.871925,51,133.888556
-0.769217,52,133.914538
-0.585345,51,133.93814
-0.826158,51,133.962488
-0.692024,51,133.987255
-0.695595,51,134.011075
-0.75305,51,134.268491
-0.832761,51,134.342811
-0.665849,51,134.377797
-0.633843,52,134.408099
-0.715593,51,134.435694
-0.746897,51,134.464977
-0.663021,51,134.491844
-0.682899,51,134.517997
-0.79532,51,134.54278
-0.649151,51,134.568186
-0.71784,51,134.594085
-0.627769,51,134.618041
-0.822028,51,134.643784
-0.836543,51,134.669506
-0.563126,51,134.694646
-0.748604,51,134.719175
-0.685839,51,134.745115
-0.827652,51,134.769405
-0.7382,51,134.794959
-0.718595,51,134.820856
-0.625501,52,134.846102
-0.638178,51,134.871382
-0.877268,51,134.897225
-0.693898,51,134.922151
-0.697186,52,134.947274
-0.738542,51,134.972853
-0.801322,51,134.99802
-0.639892,51,135.02218
-0.659481,51,135.047821
-0.806481,51,135.071987
-0.6959,52,135.097871
-0.781825,51,135.122295
-0.731171,51,135.147286
-0.648672,51,135.172836
-0.815966,51,135.196548
-0.661379,51,135.222094
-0.64611,51,135.245937
-0.629763,52,135.272005
-0.661866,51,135.297735
-0.802793,52,135.322002
-0.704146,51,135.580468
-0.93455,51,135.605052
-0.828991,51,135.631016
-0.692362,51,135.6565
-0.628164,51,135.681251
-0.639299,51,135.707118
-0.853806,51,135.73129
-0.728745,51,135.75697
-0.762367,51,135.782805
-0.725353,52,135.807428
-0.609507,51,135.833118
-0.682174,51,135.857669
-0.775978,52,135.882978
-0.717911,51,135.908568
-0.760622,51,135.932222
-0.634459,51,135.957568
-0.827496,51,135.981893
-0.635748,51,136.007395
-0.805528,51,136.031264
-0.716761,51,136.055713
-0.676551,51,136.080727
-0.75819,51,136.104687
-0.734099,51,136.130304
-0.84511,51,136.154181
-0.752529,52,136.180354
-0.747926,51,136.20423
-0.700558,51,136.229534
-0.905405,51,136.253468
-0.667428,51,136.278089
-0.641253,51,136.302747
-0.719047,51,136.327715
-0.717712,51,136.352045
-0.73022,51,136.375865
-0.713859,51,136.401386
-0.62689,51,136.42518
-0.695206,51,136.450651
-0.644356,51,136.474384
-0.612641,51,136.499282
-0.764611,51,136.523429
-0.745146,51,136.547237
-0.69438,52,136.800028
-0.625862,51,136.824776
-0.711653,52,136.851575
-0.739039,51,136.876072
-0.795612,51,136.902025
-0.666496,51,136.926328
-0.646106,51,136.95111
-0.66281,51,136.976662
-0.791516,51,137.000715
-0.692878,51,137.025809
-0.76686,52,137.050964
-0.76196,52,137.075336
-0.711734,51,137.100854
-0.7112,52,137.12552
-0.685755,51,137.150962
-0.661319,51,137.175011
-0.633126,51,137.199729
-0.719547,51,137.224768
-0.722039,51,137.249905
-0.644914,51,137.274655
-0.696992,52,137.299088
-0.887739,51,137.32482
-0.620057,51,137.348941
-0.735028,51,137.374636
-0.924688,51,137.398486
-0.808582,51,137.423103
-0.69749,51,137.447927
-0.779675,51,137.472777
-0.744501,52,137.497883
-0.724924,51,137.521722
-0.658247,51,137.547313
-0.809519,51,137.571223
-0.593266,51,137.5969
-0.839975,51,137.620737
-0.693134,51,137.64535
-0.689587,51,137.670048
-0.680001,51,137.693855
-0.747241,51,137.719465
-0.756946,51,137.743382
-0.816484,51,137.768791
-0.625859,52,138.019287
-0.777446,52,138.04471
-0.891427,51,138.070574
-0.67278,51,138.094838
-0.6726,51,138.119824
-0.780113,51,138.145113
-0.576386,51,138.169379
-0.693202,51,138.193511
-0.694272,51,138.219037
-0.626424,51,138.2434
-0.745098,51,138.269015
-0.745146,51,138.292798
-0.689732,52,138.317775
-0.633649,51,138.342814
-0.748172,51,138.366537
-0.699137,51,138.39228
-0.72853,51,138.416285
-0.608023,51,138.441976
-0.684176,51,138.466277
-0.667778,51,138.49065
-0.633945,51,138.516977
-0.768809,51,138.542765
-0.790736,52,138.568999
-0.776818,51,138.593758
-0.74668,51,138.618825
-0.579249,51,138.642829
-0.791366,51,138.668011
-0.725349,51,138.692567
-0.68371,51,138.716422
-0.599589,51,138.742084
-0.790946,51,138.767776
-0.615831,51,138.792686
-0.664853,52,138.817628
-0.68849,51,138.842595
-0.747195,51,138.866382
-0.696105,51,138.891444
-0.852986,52,138.916111
-0.622036,51,138.941528
-0.750037,52,138.966002
-0.721783,51,138.990271
-0.709044,51,139.242615
-0.67776,52,139.267515
-0.829336,51,139.292259
-0.6753,52,139.318403
-0.835157,51,139.343264
-0.746785,51,139.368445
-0.66393,51,139.392564
-0.750537,51,139.417849
-0.743792,51,139.442184
-0.746524,51,139.466089
-0.728857,51,139.491449
-0.728213,51,139.515721
-0.731695,51,139.540847
-0.701484,51,139.56466
-0.728255,51,139.589428
-0.771321,51,139.613966
-0.819359,51,139.639515
-0.67748,51,139.663668
-0.691022,51,139.687857
-0.684683,51,139.713125
-0.660416,51,139.741489
-0.834909,51,139.766048
-0.61317,51,139.791438
-0.612531,51,139.816066
-0.69047,51,139.840129
-0.73713,52,139.865093
-0.756121,51,139.890388
-0.853047,51,139.914235
-0.768145,52,139.938814
-0.660635,51,139.964017
-0.700762,52,139.98823
-0.654837,51,140.012831
-0.737718,51,140.037405
-0.672623,52,140.061612
-0.650662,51,140.086895
-0.622058,51,140.110949
-0.652472,51,140.134963
-0.710534,51,140.160142
-0.852214,51,140.184574
-0.734248,51,140.20934
-0.80706,51,140.459796
-0.609305,51,140.485444
-0.656508,51,140.510667
-0.646809,51,140.534792
-0.902634,51,140.560364
-0.633435,51,140.584659
-0.760956,51,140.609125
-0.635505,51,140.633389
-0.767765,51,140.658496
-0.715039,51,140.682506
-0.763188,51,140.707342
-0.755435,52,140.732354
-0.721713,51,140.757666
-0.751866,51,140.781617
-0.65794,51,140.805683
-0.638515,51,140.830896
-0.72471,52,140.855296
-0.70983,51,140.880242
-0.650971,51,140.904873
-0.691754,52,140.930473
-0.646829,51,140.954872
-0.625947,51,140.978859
-0.761193,51,141.004492
-0.662944,51,141.0284
-0.747708,51,141.052985
-0.732067,52,141.078244
-0.657359,52,141.102536
-0.705549,51,141.128028
-0.704346,52,141.152297
-0.71379,51,141.177641
-0.787246,51,141.201511
-0.68372,51,141.225556
-0.754293,51,141.250494
-0.710332,51,141.27422
-0.752065,52,141.299596
-0.843811,51,141.324038
-0.586552,51,141.349291
-0.860707,51,141.373349
-0.680334,51,141.397478
-0.633127,51,141.422746
-0.699832,51,141.673123
-0.735431,51,141.698062
-0.654008,51,141.723642
-0.67661,51,141.747978
-0.592263,52,141.774378
-0.802216,51,141.798482
-0.697199,51,141.823716
-0.6915,51,141.848014
-0.606676,51,141.872174
-0.780313,52,141.896961
-0.742571,51,141.922127
-0.704415,51,141.94651
-0.730567,51,141.971254
-0.648536,51,141.994986
-0.671259,52,142.020573
-0.833714,51,142.044782
-0.730947,51,142.069007
-0.74545,51,142.094421
-0.668329,51,142.118861
-0.713826,51,142.14399
-0.836204,51,142.167892
-0.626375,51,142.192958
-0.70714,52,142.217926
-0.659629,52,142.243824
-0.662517,51,142.267775
-0.77061,51,142.291882
-0.676827,51,142.316897
-0.812153,51,142.340642
-0.823251,51,142.365594
-0.836624,52,142.390675
-0.830122,51,142.414421
-0.709463,52,142.440351
-0.635101,51,142.464159
-0.74299,51,142.489612
-0.725859,51,142.513323
-0.704913,51,142.537938
-0.705428,51,142.562549
-0.699508,51,142.586182
-0.747119,51,142.61157
-0.634824,51,142.635483
-0.703206,51,142.885438
-0.643577,51,142.911645
-0.73241,51,142.936125
-0.766148,51,142.960944
-0.648256,51,142.986352
-0.704334,51,143.011368
-0.774245,51,143.036335
-0.697816,51,143.060438
-0.671905,52,143.086608
-0.666326,51,143.110897
-0.738027,51,143.134915
-0.557996,51,143.160287
-0.684772,51,143.183943
-0.670128,51,143.208603
-0.672051,52,143.233618
-0.675253,51,143.258611
-0.661043,51,143.283212
-0.726938,51,143.307234
-0.644714,51,143.332894
-0.723209,51,143.356844
-0.710457,51,143.381424
-0.902052,51,143.406468
-0.804167,51,143.431377
-0.715245,51,143.456109
-0.863138,51,143.479879
-0.698277,51,143.505215
-0.733576,51,143.529009
-0.82306,51,143.553386
-0.670217,51,143.57833
-0.725517,51,143.602193
-0.642108,52,143.628137
-0.754725,51,143.651944
-0.742425,51,143.677188
-0.716326,52,143.70171
-0.581482,51,143.725764
-0.634173,52,143.751417
-0.795191,51,143.775261
-0.664388,51,143.799966
-0.651228,51,143.824576
-0.930203,51,143.848403
-0.726456,52,144.10088
-0.7466,51,144.126086
-0.696902,51,144.150582
-0.766348,51,144.17647
-0.72862,51,144.200665
-0.794973,51,144.226548
-0.607477,51,144.250841
-0.650212,52,144.275976
-0.731673,51,144.301308
-0.72975,51,144.32521
-0.680149,51,144.350032
-0.691225,51,144.374441
-0.629636,51,144.399677
-0.662648,52,144.424236
-0.726483,51,144.448137
-0.65503,51,144.473342
-0.667141,51,144.497244
-0.845243,51,144.522057
-0.634657,51,144.546712
-0.632325,51,144.571843
-0.696777,51,144.596198
-0.614042,51,144.6202
-0.807441,51,144.645687
-0.687713,51,144.669529
-0.747326,52,144.694578
-0.696661,51,144.719423
-0.685825,51,144.743284
-0.642541,51,144.768441
-0.635345,51,144.792565
-0.736977,51,144.816606
-0.700168,51,144.841903
-0.692313,51,144.866379
-0.68447,51,144.891238
-0.622264,51,144.914985
-0.768731,51,144.940007
-0.75005,51,144.964312
-0.730298,51,144.98822
-0.601303,51,145.013532
-0.661202,51,145.037248
-0.64451,51,145.061862
-0.719535,52,145.087176
-0.661463,51,145.338397
-0.785437,51,145.363676
-0.712207,52,145.389335
-0.624677,51,145.413472
-0.631605,52,145.43943
-0.634095,51,145.464095
-0.879467,51,145.488189
-0.744621,51,145.512441
-0.630886,52,145.538245
-0.565602,51,145.561842
-0.635106,51,145.587369
-0.68733,51,145.61098
-0.606715,51,145.634557
-0.729465,51,145.660154
-0.815139,52,145.684547
-0.7082,51,145.71031
-0.731344,52,145.734755
-0.637475,51,145.759361
-0.625612,51,145.784421
-0.675062,51,145.808484
-0.638305,51,145.833668
-0.705498,51,145.858162
-0.7823,51,145.883677
-0.691416,51,145.90775
-0.944597,51,145.931882
-0.620213,51,145.957025
-0.751536,51,145.980858
-0.66768,51,146.005746
-0.705072,51,146.030157
-0.62868,51,146.053865
-0.731083,51,146.079267
-0.811503,51,146.103038
-0.720404,52,146.127836
-0.678467,51,146.152854
-0.743991,51,146.176725
-0.814438,51,146.202372
-0.675451,52,146.226634
-0.6836,51,146.251883
-0.670417,51,146.275981
-0.725102,51,146.300061
-0.661216,51,146.552129
-0.758799,51,146.576569
-0.642122,51,146.601279
-0.805678,51,146.626797
-0.807905,51,146.650877
-0.721619,51,146.675885
-0.655598,51,146.700756
-0.643978,51,146.726464
-0.7786,52,146.750991
-0.780789,52,146.777605
-0.817898,51,146.803117
-0.706664,52,146.828071
-0.744129,51,146.853716
-0.677774,52,146.878249
-0.654193,51,146.903597
-0.659043,51,146.927883
-0.649915,51,146.953145
-0.765956,51,146.977799
-0.780684,51,147.002814
-0.712169,51,147.028028
-0.828164,51,147.05264
-0.898087,51,147.07804
-0.696854,51,147.102369
-0.735585,52,147.128523
-0.72851,51,147.154072
-0.693284,51,147.178245
-0.779032,51,147.203834
-0.669537,51,147.228291
-0.69368,51,147.253303
-0.69903,51,147.278061
-0.838768,51,147.302652
-0.812044,51,147.327682
-0.635503,51,147.352063
-0.701176,51,147.377403
-0.597682,51,147.401271
-0.676452,51,147.42676
-0.829824,51,147.450511
-0.697278,51,147.475844
-0.682504,51,147.500625
-0.649966,51,147.525138
-0.745201,51,147.779316
-0.697206,51,147.805488
-0.69128,51,147.829735
-0.697485,51,147.8556
-0.750153,51,147.880902
-0.674066,51,147.905685
-0.672199,51,147.929843
-0.634843,51,147.955579
-0.68819,51,147.979583
-0.628517,51,148.005206
-0.657392,52,148.029659
-0.671843,51,148.055158
-0.611344,51,148.079048
-0.690777,51,148.104619
-0.636631,51,148.129428
-0.798777,51,148.15385
-0.77229,51,148.177811
-0.654309,51,148.2034
-0.690721,51,148.227138
-0.702401,51,148.251671
-0.671393,51,148.27654
-0.600258,51,148.301477
-0.706225,51,148.325978
-0.641171,51,148.34984
-0.719189,51,148.375314
-0.690617,52,148.399599
-0.895515,51,148.424008
-0.65229,51,148.448878
-0.803132,52,148.474058
-0.6643,51,148.498808
-0.732477,51,148.522488
-0.624427,51,148.547725
-0.622695,51,148.571739
-0.646868,51,148.597319
-0.682808,51,148.621008
-0.676184,51,148.646454
-0.709066,51,148.670157
-0.763318,51,148.695008
-0.652816,52,148.719876
-0.765288,51,148.743604
-0.730012,51,148.995747
-0.603213,51,149.020406
-0.702062,51,149.044635
-0.731096,51,149.070364
-0.627674,52,149.095327
-0.704964,52,149.121391
-0.754377,51,149.145382
-0.649162,51,149.170201
-0.724468,52,149.195619
-0.703268,52,149.219943
-0.657866,52,149.245514
-0.669835,51,149.269741
-0.881116,51,149.293579
-0.710252,51,149.318993
-0.62173,52,149.343556
-0.832127,51,149.421407
-0.63275,51,149.450209
-0.758167,51,149.477065
-0.690241,51,149.503115
-0.70521,51,149.530156
-0.770112,51,149.55927
-0.694036,51,149.584046
-0.810833,51,149.608974
-0.712098,51,149.633118
-0.693155,51,149.65883
-0.938527,51,149.682948
-0.63279,51,149.70855
-0.737487,51,149.732529
-0.670974,51,149.757267
-0.659343,51,149.782235
-0.857987,51,149.806147
-0.740868,51,149.831594
-0.741902,51,149.855889
-0.684862,51,149.879967
-0.706845,51,149.905296
-0.789015,51,149.928961
-0.596224,51,149.95364
-0.718179,51,149.978255
-0.766627,51,150.003564
-0.706359,51,150.027659
-0.661827,51,150.27874
-0.684481,51,150.304706
-0.70762,52,150.32981
-0.779802,51,150.354268
-0.702945,51,150.379899
-0.673106,51,150.404037
-0.645715,51,150.42819
-0.66133,51,150.4533
-0.656713,51,150.47806
-0.671329,51,150.502264
-0.7464,51,150.527769
-0.776593,51,150.551751
-0.628128,52,150.576446
-0.653462,51,150.601614
-0.658754,51,150.625188
-0.667535,51,150.6501
-0.653714,52,150.67542
-0.642375,51,150.700728
-0.742912,52,150.725498
-0.754162,52,150.751327
-0.705232,51,150.775319
-0.710848,52,150.801345
-0.82915,51,150.82516
-0.644079,51,150.84961
-0.568093,51,150.874364
-0.703235,51,150.898166
-0.651757,51,150.923462
-0.716887,51,150.947505
-0.657467,51,150.971647
-0.795858,51,150.996928
-0.636227,51,151.02063
-0.671471,51,151.04611
-0.66093,51,151.069946
-0.662745,51,151.094867
-0.705324,52,151.119595
-0.667611,51,151.143514
-0.692891,51,151.169059
-0.739295,51,151.192836
-0.676889,51,151.218433
-0.898529,51,151.242304
-0.724251,51,151.494289
-0.761748,51,151.519725
-0.636124,51,151.544075
-0.742327,51,151.56945
-0.661902,52,151.594764
-0.642882,52,151.619545
-0.652995,51,151.645477
-0.78181,51,151.669744
-0.737951,51,151.695435
-0.694874,51,151.719327
-0.617659,51,151.743837
-0.6572,51,151.768586
-0.627991,52,151.79284
-0.709507,51,151.817865
-0.654929,51,151.841943
-0.618884,51,151.867594
-0.686686,52,151.891961
-0.763145,52,151.916801
-0.660209,51,151.941963
-0.637511,51,151.965759
-0.654663,51,151.990658
-0.587958,51,152.015134
-0.717289,51,152.040463
-0.755618,51,152.064669
-0.750769,51,152.088692
-0.675531,51,152.114104
-0.761954,51,152.137911
-0.755742,51,152.162494
-0.749958,51,152.187131
-0.698404,51,152.212167
-0.642666,51,152.23633
-0.722399,51,152.260205
-0.603641,51,152.285436
-0.695022,51,152.309305
-0.783102,51,152.333915
-0.73488,51,152.358403
-0.750254,51,152.382041
-0.623705,51,152.407344
-0.615349,51,152.431178
-0.679279,51,152.456658
-0.698564,51,152.707716
-0.657193,51,152.732172
-0.86937,51,152.756783
-0.812038,51,152.782166
-0.677042,51,152.806213
-0.652059,51,152.831394
-0.685173,52,152.856157
-0.741259,52,152.881081
-0.611436,51,152.905151
-0.712467,51,152.930783
-0.661708,52,152.955177
-0.649847,51,152.979721
-0.84638,51,153.004633
-0.847573,52,153.028849
-0.620129,51,153.053759
-0.761205,51,153.077979
-0.668967,51,153.103713
-0.619318,51,153.127566
-0.606127,51,153.152011
-0.770103,51,153.17611
-0.694775,51,153.200948
-0.672294,52,153.226495
-0.716735,51,153.251055
-0.742709,51,153.274951
-0.617063,51,153.300332
-0.672459,51,153.323897
-0.731213,51,153.34826
-0.711451,52,153.373485
-0.771357,52,153.397645
-0.665204,51,153.422807
-0.907677,51,153.44692
-0.702636,51,153.470746
-0.746576,52,153.496625
-0.619879,51,153.520401
-0.738397,51,153.544912
-0.632382,51,153.569759
-0.686864,51,153.59467
-0.746949,51,153.619164
-0.597821,51,153.642963
-0.759644,51,153.66845
-0.865691,51,153.919468
-0.767029,51,153.943962
-0.699947,52,153.968951
-0.664296,51,153.994525
-0.685428,51,154.018719
-0.722888,51,154.043793
-0.712416,51,154.068758
-0.680855,51,154.092921
-0.841594,51,154.11843
-0.68584,51,154.14254
-0.867669,51,154.166693
-0.692003,51,154.19189
-0.64263,51,154.216262
-0.849863,51,154.240335
-0.682376,51,154.264688
-0.730645,51,154.289953
-0.610196,51,154.314177
-0.698613,51,154.338295
-0.769251,51,154.363534
-0.651473,51,154.38738
-0.699412,51,154.412098
-0.742736,51,154.436652
-0.703435,52,154.461034
-0.749822,51,154.486801
-0.694686,51,154.512397
-0.708463,52,154.536756
-0.706732,52,154.562716
-0.802568,51,154.58818
-0.721217,51,154.611958
-0.763341,51,154.636324
-0.819452,51,154.661105
-0.69991,52,154.685289
-0.710943,51,154.71076
-0.595545,51,154.734294
-0.688071,51,154.759721
-0.655547,51,154.783383
-0.594314,51,154.808768
-0.682028,52,154.83303
-0.79533,51,154.857693
-0.731727,51,154.882173
-0.730511,51,155.133343
-0.724203,51,155.15945
-0.810161,51,155.183744
-0.698582,51,155.209395
-0.696548,51,155.233924
-0.73257,51,155.258327
-0.658959,51,155.282788
-0.702927,51,155.308283
-0.727391,51,155.33238
-0.748254,52,155.358689
-0.65045,51,155.382543
-0.883526,51,155.4075
-0.717851,52,155.432367
-0.639209,52,155.458546
-0.629969,51,155.482399
-0.608516,51,155.507668
-0.7365,51,155.531587
-0.665081,51,155.555981
-0.657152,51,155.580916
-0.618493,51,155.604836
-0.769623,51,155.629958
-0.658173,51,155.654265
-0.5849,51,155.67837
-0.79799,51,155.703893
-0.685661,51,155.728132
-0.779144,51,155.753133
-0.635374,51,155.776773
-0.596742,51,155.801718
-0.791133,51,155.826217
-0.785313,51,155.850073
-0.676722,51,155.875629
-0.623269,51,155.899419
-0.621032,51,155.923904
-0.678011,51,155.948662
-0.662416,51,155.972399
-0.688733,51,155.997564
-0.591176,51,156.021581
-0.755315,51,156.045313
-0.685781,52,156.071141
-0.626163,51,156.094977
-0.828503,51,156.345693
-0.77904,51,156.371766
-0.691213,51,156.3959
-0.700653,51,156.420952
-0.544606,51,156.445859
-0.639776,51,156.469906
-0.885258,51,156.495391
-0.658039,51,156.519745
-0.79548,51,156.544067
-0.664139,51,156.569423
-0.647451,51,156.593128
-0.707202,51,156.617815
-0.710341,51,156.643916
-0.665453,51,156.668071
-0.609712,51,156.693694
-0.72002,51,156.717556
-0.645958,51,156.743295
-0.604985,51,156.76747
-0.70686,51,156.791864
-0.613523,51,156.817018
-0.633394,51,156.841024
-0.60213,51,156.866029
-0.706328,51,156.890536
-0.70457,51,156.914444
-0.693515,51,156.940068
-0.600249,51,156.96384
-0.713215,51,156.988188
-0.71613,51,157.013196
-0.700882,51,157.037869
-0.631937,51,157.062396
-0.735915,51,157.086205
-0.671956,51,157.111587
-0.650863,51,157.135311
-0.679429,51,157.159683
-0.68434,51,157.184492
-0.611098,51,157.209563
-0.66944,52,157.234987
-0.716559,52,157.259975
-0.623322,51,157.283603
-0.768779,51,157.30893
-0.653063,51,157.5594
-0.728381,51,157.583799
-0.661946,51,157.609707
-0.780139,51,157.633866
-0.644523,51,157.658631
-0.719877,51,157.68305
-0.866087,51,157.707967
-0.797585,51,157.732091
-0.697191,51,157.757698
-0.676623,52,157.782389
-0.695672,51,157.806482
-0.641893,51,157.831724
-0.731011,51,157.855471
-0.877675,51,157.880124
-0.808898,52,157.9052
-0.624622,51,157.928668
-0.641101,51,157.95401
-0.687013,51,157.978103
-0.72447,51,158.002318
-0.54869,51,158.027538
-0.765833,51,158.051353
-0.700654,51,158.076233
-0.679158,51,158.100807
-0.718318,51,158.126014
-0.864845,51,158.150194
-0.612275,51,158.174097
-0.818236,51,158.199362
-0.632893,52,158.223489
-0.672042,51,158.247962
-0.765077,51,158.272474
-0.728327,51,158.296235
-0.652112,51,158.321514
-0.749218,51,158.345278
-0.764945,51,158.369311
-0.659746,51,158.394341
-0.64834,51,158.417946
-0.639229,51,158.442907
-0.777737,51,158.467094
-0.657728,51,158.490803
-0.596262,51,158.515898
-0.778994,51,158.766411
-0.879779,51,158.790481
-0.672051,52,158.815809
-0.644055,51,158.840986
-0.707322,51,158.865124
-0.92606,51,158.889408
-0.621807,51,158.914954
-0.682099,51,158.939302
-0.678436,51,158.963666
-0.767729,51,158.987874
-0.753471,51,159.013023
-0.873338,52,159.037373
-0.670217,51,159.062271
-0.72499,51,159.0866
-0.662214,51,159.110333
-0.683726,52,159.136164
-0.639968,52,159.160344
-0.668328,51,159.185883
-0.676395,51,159.209647
-0.632416,51,159.233475
-0.647457,51,159.258863
-0.777296,52,159.283173
-0.604718,51,159.308638
-0.760047,51,159.332586
-0.777259,51,159.356931
-0.73374,51,159.381898
-0.669685,51,159.405605
-0.669612,51,159.430427
-0.642074,51,159.454634
-0.698793,51,159.478337
-0.705164,51,159.503579
-0.804544,51,159.52775
-0.729074,51,159.552535
-0.701811,51,159.576316
-0.828432,51,159.601204
-0.72596,51,159.62522
-0.718554,51,159.648978
-0.76136,51,159.674219
-0.740017,51,159.697842
-0.825597,52,159.722832
-0.674622,51,159.973208
-0.710003,52,159.998902
-0.692258,51,160.023071
-0.674741,51,160.048495
-0.727842,52,160.0738
-0.627355,52,160.098434
-0.751297,52,160.124863
-0.782728,51,160.149122
-0.662226,51,160.17347
-0.696798,51,160.198957
-0.841147,51,160.222763
-0.773581,51,160.247393
-0.61741,51,160.271838
-0.62927,51,160.295525
-0.705689,51,160.320944
-0.714963,51,160.344708
-0.674845,51,160.370135
-0.71256,52,160.394554
-0.6853,51,160.418414
-0.64344,52,160.444506
-0.697084,51,160.468222
-0.647992,51,160.493487
-0.590012,51,160.517501
-0.659917,51,160.541617
-0.65564,51,160.566679
-0.69759,51,160.590411
-0.700249,51,160.615118
-0.802533,52,160.639918
-0.733131,51,160.663509
-0.650184,51,160.688841
-0.805512,51,160.712417
-0.670591,51,160.736589
-0.646269,51,160.761422
-0.636331,51,160.786159
-0.605166,51,160.810337
-0.705649,51,160.833943
-0.694819,51,160.859228
-0.762406,51,160.882874
-0.637927,52,160.907635
-0.657956,51,160.932427
-0.648078,51,161.182043
-0.816308,51,161.20699
-0.590455,51,161.23218
-0.625781,51,161.256651
-0.700905,51,161.281243
-0.683261,51,161.305554
-0.75802,51,161.331251
-0.726196,51,161.355396
-0.682335,51,161.380185
-0.717923,51,161.404579
-0.764849,51,161.429307
-0.74391,51,161.453071
-0.668139,51,161.478483
-0.708007,51,161.502276
-0.757853,51,161.526468
-0.701082,52,161.55214
-0.683805,51,161.5757
-0.634408,51,161.600644
-0.736249,51,161.625259
-0.670661,51,161.649035
-0.625961,51,161.674539
-0.581138,52,161.699021
-0.755267,51,161.723423
-0.680188,51,161.748509
-0.802082,51,161.772326
-0.745662,51,161.797281
-0.733551,51,161.875442
-0.645614,51,161.902489
-0.749714,51,161.930179
-0.748488,52,161.958266
-0.616923,51,161.984546
-0.641635,52,162.009379
-0.67444,52,162.034494
-0.668712,51,162.059597
-0.675539,51,162.083448
-0.619052,52,162.110238
-0.958878,51,162.135314
-0.695018,52,162.159883
-0.851229,51,162.185354
-0.702535,51,162.20915
-0.692591,51,162.460208
-0.805686,51,162.484639
-0.640646,51,162.510523
-0.737454,52,162.535494
-0.741212,51,162.560507
-0.670174,52,162.586396
-0.750685,51,162.610592
-0.710198,51,162.634805
-0.677204,51,162.660364
-0.738486,51,162.68492
-0.670467,51,162.709097
-0.740444,52,162.735124
-0.627164,51,162.758762
-0.845163,51,162.783208
-0.77064,51,162.807958
-0.734031,52,162.832347
-0.776671,51,162.857309
-0.5911,52,162.882207
-0.763845,51,162.907845
-0.635431,51,162.931994
-0.675124,51,162.956299
-0.644461,52,162.98209
-0.644654,51,163.00609
-0.682805,51,163.03101
-0.562149,51,163.055726
-0.640523,51,163.079652
-0.787785,51,163.105118
-0.786507,51,163.128873
-0.753178,51,163.153152
-0.687487,51,163.178269
-0.751678,51,163.202049
-0.810538,51,163.227072
-0.804802,51,163.251555
-0.730366,51,163.275321
-0.750467,51,163.300969
-0.752472,51,163.32504
-0.730209,51,163.350115
-0.689229,52,163.374372
-0.680838,51,163.399055
-0.680764,51,163.423212
-0.652815,51,163.674862
-0.66626,51,163.699051
-0.680599,52,163.725127
-0.627368,51,163.749656
-0.682977,51,163.774093
-0.734706,51,163.799751
-0.644569,51,163.823838
-0.776058,51,163.848603
-0.659693,51,163.873197
-0.671239,52,163.898668
-0.682662,52,163.923121
-0.651898,51,163.948361
-0.741644,51,163.972466
-0.707385,51,163.996519
-0.699696,51,164.021828
-0.626303,51,164.04551
-0.738901,52,164.070528
-0.692116,51,164.095284
-0.694781,51,164.119207
-0.661169,51,164.144727
-0.605526,51,164.168931
-0.761725,51,164.19306
-0.736844,51,164.21836
-0.729891,51,164.242958
-0.765005,51,164.26798
-0.789396,51,164.291871
-0.703633,51,164.316929
-0.67227,51,164.341228
-0.731857,51,164.365005
-0.653674,51,164.39029
-0.695807,51,164.413953
-0.732659,51,164.438656
-0.771548,51,164.463211
-0.735456,51,164.486842
-0.804293,51,164.512235
-0.663927,51,164.536075
-0.632986,51,164.560277
-0.740581,52,164.585821
-0.628673,51,164.610423
-0.587686,52,164.635599
-0.750018,51,164.887874
-0.739091,51,164.912022
-0.641084,51,164.937181
-0.808863,51,164.961989
-0.738471,51,164.986244
-0.687551,51,165.010498
-0.687178,52,165.036936
-0.818312,51,165.061046
-0.797062,51,165.085707
-0.65391,51,165.110079
-0.715777,51,165.134956
-0.705196,51,165.158772
-0.65824,51,165.18412
-0.784859,51,165.208175
-0.677405,51,165.232258
-0.695334,51,165.257508
-0.590382,51,165.281198
-0.62345,51,165.305933
-0.751149,51,165.330462
-0.62624,52,165.354847
-0.684798,51,165.380254
-0.725318,51,165.404204
-0.632507,52,165.430356
-0.648334,51,165.454198
-0.787844,51,165.478737
-0.736628,51,165.503703
-0.684975,51,165.527531
-0.704655,51,165.552747
-0.626068,51,165.576722
-0.633864,51,165.600735
-0.610357,51,165.625872
-0.698815,51,165.649608
-0.660037,51,165.67438
-0.61585,52,165.699362
-0.627987,51,165.72309
-0.672691,51,165.746982
-0.691241,51,165.772251
-0.68563,51,165.796463
-0.79233,51,165.821384
-0.579034,51,165.845036
-0.826331,51,166.095734
-0.651804,51,166.121166
-0.676032,51,166.145908
-0.762599,51,166.170306
-0.785566,51,166.194741
-0.654864,51,166.220514
-0.631558,51,166.2448
-0.638963,51,166.26962
-0.757322,51,166.294865
-0.688255,51,166.318948
-0.783789,51,166.343063
-0.624477,51,166.368573
-0.674115,51,166.392454
-0.722828,51,166.416688
-0.710214,51,166.441888
-0.634147,51,166.465756
-0.692766,51,166.490659
-0.808029,51,166.515015
-0.618677,51,166.539032
-0.738168,51,166.564762
-0.784919,51,166.588784
-0.653479,51,166.61329
-0.711256,51,166.638583
-0.695029,52,166.663076
-0.613492,51,166.688118
-0.646436,52,166.713362
-0.77335,51,166.738619
-0.677836,51,166.762789
-0.670548,52,166.787272
-0.643147,52,166.811877
-0.705847,51,166.837035
-0.654282,51,166.860886
-0.842228,51,166.885695
-0.618714,51,166.910119
-0.838811,51,166.935234
-0.607577,51,166.959231
-0.648667,51,166.982934
-0.689245,52,167.0077
-0.66917,51,167.032563
-0.684039,51,167.057349
-0.633103,51,167.307428
-0.677877,52,167.333286
-0.783212,52,167.358744
-0.726475,51,167.383203
-0.682392,51,167.4089
-0.641248,51,167.433399
-0.592094,52,167.458256
-0.720005,51,167.482762
-0.665479,51,167.508234
-0.683918,51,167.532394
-0.648041,51,167.557394
-0.733291,52,167.582612
-0.730196,51,167.606463
-0.640249,51,167.631868
-0.62408,51,167.655949
-0.752232,51,167.680193
-0.70544,51,167.706594
-0.709844,51,167.730712
-0.815699,51,167.755902
-0.804824,51,167.781161
-0.580661,52,167.805944
-0.685077,51,167.831419
-0.667523,51,167.856082
-0.608561,51,167.880172
-0.73305,52,167.906472
-0.724202,51,167.930447
-0.639286,51,167.954953
-0.651165,51,167.980047
-0.786657,51,168.003955
-0.633631,51,168.028997
-0.643488,51,168.053124
-0.793918,51,168.077095
-0.730671,51,168.101308
-0.688528,51,168.126542
-0.630041,51,168.150275
-0.675251,51,168.175163
-0.76226,51,168.19972
-0.818311,51,168.223657
-0.78704,52,168.24967
-0.667516,51,168.273685
-0.651608,51,168.52476
-0.689473,51,168.549441
-0.639027,51,168.575234
-0.787508,51,168.599839
-0.728254,51,168.625021
-0.64172,51,168.6503
-0.647085,51,168.674517
-0.715126,51,168.699878
-0.828592,51,168.724573
-0.880067,51,168.748711
-0.670992,51,168.77466
-0.78811,52,168.799488
-0.622052,52,168.824341
-0.672028,51,168.849605
-0.671757,51,168.873607
-0.703724,51,168.898575
-0.67631,51,168.923084
-0.590344,52,168.947412
-0.698332,51,168.973127
-0.692221,51,168.997253
-0.776921,51,169.021782
-0.727743,52,169.047732
-0.78737,51,169.072445
-0.626567,51,169.097524
-0.697347,51,169.121552
-0.703373,51,169.146822
-0.666705,51,169.171164
-0.650428,51,169.195149
-0.708359,51,169.220523
-0.621399,51,169.244442
-0.672982,51,169.269189
-0.615136,52,169.294353
-0.67404,51,169.318116
-0.65298,51,169.343395
-0.626652,51,169.367431
-0.595659,51,169.391511
-0.601697,52,169.417231
-0.781681,51,169.44104
-0.638694,51,169.466798
-0.670019,51,169.490682
-0.674189,51,169.740877
-0.634996,51,169.766931
-0.711558,51,169.791228
-0.731876,51,169.816765
-0.777911,51,169.841361
-0.726577,51,169.865596
-0.710046,52,169.891878
-0.823099,51,169.91642
-0.611197,52,169.942505
-0.754249,51,169.966675
-0.683837,51,169.99145
-0.692583,51,170.016188
-0.608975,52,170.040624
-0.752173,51,170.065784
-0.722294,51,170.089732
-0.667963,51,170.113606
-0.650749,51,170.138687
-0.721119,51,170.162148
-0.742119,51,170.18708
-0.698481,51,170.211613
-0.690023,51,170.235377
-0.630495,51,170.260861
-0.650864,51,170.284591
-0.606503,51,170.308926
-0.73867,51,170.333921
-0.677754,51,170.357739
-0.699086,51,170.382762
-0.675004,51,170.406958
-0.68854,51,170.430866
-0.86089,51,170.456146
-0.766887,51,170.47972
-0.666556,51,170.504222
-0.717892,52,170.529401
-0.616234,51,170.55297
-0.679374,51,170.578288
-0.788522,51,170.602053
-0.754201,51,170.627407
-0.819177,51,170.650901
-0.739383,51,170.675357
-0.763113,52,170.700493
-0.639574,52,170.724721
-0.706173,51,170.97561
-0.732089,51,171.001315
-0.648162,51,171.026065
-0.843165,51,171.050393
-0.679885,51,171.074815
-0.703438,51,171.100391
-0.612505,51,171.124565
-0.664398,51,171.149447
-0.651695,51,171.173806
-0.609085,51,171.198345
-0.685689,51,171.222106
-0.73934,51,171.247804
-0.743306,51,171.271638
-0.603502,51,171.295964
-0.823217,51,171.320724
-0.842593,51,171.3455
-0.5941,51,171.369815
-0.6858,51,171.39374
-0.668686,51,171.419187
-0.566974,51,171.443075
-0.691368,52,171.468041
-0.641615,51,171.493236
-0.649569,51,171.517168
-0.836943,51,171.542225
-0.606486,51,171.566799
-0.741455,51,171.590783
-0.673479,51,171.61624
-0.691167,51,171.639942
-0.715844,51,171.664263
-0.702327,51,171.689105
-0.636223,52,171.71337
-0.777728,51,171.738302
-0.650655,51,171.762608
-0.768469,51,171.786444
-0.862626,51,171.811713
-0.725528,51,171.835559
-0.719323,51,171.85995
-0.7052,51,171.884643
-0.650334,52,171.909013
-0.737455,52,171.93472
-0.682804,52,172.186167
-0.715419,51,172.210469
-0.782391,51,172.236034
-0.641685,52,172.262346
-0.785811,51,172.287172
-0.717071,51,172.31161
-0.794663,51,172.336175
-0.695997,51,172.361867
-0.726395,51,172.386958
-0.699074,52,172.411704
-0.709874,51,172.436586
-0.738468,51,172.46058
-0.654953,52,172.485479
-0.695611,52,172.509841
-0.74288,51,172.535492
-0.636286,52,172.559917
-0.794526,51,172.585421
-0.753084,51,172.609414
-0.652337,51,172.634303
-0.809788,51,172.659269
-0.683648,51,172.683222
-0.66449,51,172.708759
-0.710481,51,172.733081
-0.675383,51,172.75724
-0.669981,51,172.782556
-0.683884,51,172.806329
-0.751026,51,172.83104
-0.627368,51,172.855603
-0.679406,51,172.879404
-0.710802,51,172.904832
-0.630919,52,172.929075
-0.681981,51,172.953203
-0.727514,51,172.978005
-0.652162,51,173.001694
-0.657686,51,173.026644
-0.719437,51,173.050836
-0.652539,51,173.074589
-0.844676,51,173.099913
-0.665662,52,173.12504
-0.655942,51,173.154752
-0.638168,51,173.416786
-0.630176,51,173.441165
-0.771021,51,173.465767
-0.698271,51,173.491278
-0.67057,51,173.515543
-0.647858,51,173.539912
-0.624635,51,173.565166
-0.64535,51,173.589974
-0.636907,51,173.614187
-0.75028,52,173.638977
-0.822091,51,173.664548
-0.699838,52,173.688957
-0.678929,51,173.713578
-0.694821,52,173.738979
-0.762465,52,173.763295
-0.660162,51,173.788413
-0.656174,51,173.812739
-0.859351,51,173.836635
-0.761523,51,173.862216
-0.702246,51,173.88626
-0.612507,52,173.91138
-0.834952,51,173.936436
-0.714792,51,174.013192
-0.642048,51,174.040542
-0.613345,51,174.06739
-0.711017,51,174.095418
-0.738196,51,174.124302
-0.655722,51,174.149105
-0.675585,51,174.173347
-0.726073,51,174.19787
-0.677504,51,174.223238
-0.734735,52,174.247833
-0.653343,51,174.272816
-0.766362,51,174.297565
-0.7475,52,174.321833
-0.788418,51,174.347345
-0.674846,51,174.371541
-0.68276,52,174.396235
-0.666551,51,174.421604
-0.671489,51,174.445596
-0.657508,51,174.697137
-0.758928,51,174.722135
-0.727337,51,174.747444
-0.656385,51,174.771622
-0.675419,51,174.795805
-0.697675,51,174.821488
-0.672109,51,174.845852
-0.707579,51,174.870054
-0.720005,51,174.894659
-0.632199,52,174.920554
-0.691545,51,174.944462
-0.679964,51,174.969205
-0.670525,51,174.993712
-0.782132,51,175.017576
-0.737217,51,175.043034
-0.617066,51,175.066891
-0.6086,51,175.09117
-0.772905,51,175.116088
-0.732257,51,175.141786
-0.586124,52,175.168035
-0.805357,51,175.193623
-0.790854,52,175.219051
-0.781028,51,175.243936
-0.65384,51,175.267707
-0.71787,51,175.293282
-0.709751,51,175.317356
-0.666555,51,175.341621
-0.736504,51,175.366641
-0.842522,51,175.39024
-0.728867,51,175.415247
-0.614818,51,175.439534
-0.638548,51,175.463201
-0.62851,52,175.489214
-0.784073,51,175.512942
-0.613569,51,175.537364
-0.650425,51,175.562252
-0.66309,51,175.587066
-0.726624,51,175.611431
-0.65736,52,175.635668
-0.730497,51,175.661163
-0.66422,51,175.912326
-0.618799,52,175.937018
-0.776951,51,175.963179
-0.74862,51,175.987505
-0.758605,51,176.0122
-0.6568,51,176.037713
-0.59993,51,176.061861
-0.619901,51,176.086945
-0.673225,51,176.111428
-0.632295,51,176.136036
-0.673532,51,176.159744
-0.820387,51,176.185312
-0.703718,51,176.209033
-0.70997,51,176.233504
-0.746157,51,176.258198
-0.672981,52,176.282426
-0.579173,51,176.307549
-0.705528,51,176.33152
-0.782385,51,176.355682
-0.726088,51,176.381191
-0.734468,51,176.405068
-0.66677,51,176.429913
-0.635669,51,176.45464
-0.674425,51,176.478504
-0.684996,51,176.504222
-0.660965,51,176.528143
-0.79452,51,176.553548
-0.81251,51,176.577402
-0.719091,51,176.601986
-0.791293,51,176.626115
-0.725114,51,176.650425
-0.711341,51,176.675685
-0.738314,52,176.700199
-0.796214,52,176.724785
-0.680841,52,176.750533
-0.605087,52,176.774754
-0.736808,51,176.799207
-0.682178,51,176.823835
-0.661721,51,176.847635
-0.686429,51,176.872797
-0.640756,51,177.123454
-0.597268,51,177.147768
-0.560385,51,177.172294
-0.67455,52,177.198573
-0.759641,51,177.222783
-0.626772,51,177.247763
-0.688435,51,177.272911
-0.710186,51,177.297135
-0.584314,51,177.321275
-0.762829,51,177.346826
-0.576177,51,177.370859
-0.631306,51,177.394893
-0.680639,51,177.420014
-0.673346,51,177.443698
-0.645469,51,177.468553
-0.741383,51,177.492881
-0.691215,51,177.516631
-0.683255,51,177.541928
-0.642445,51,177.565825
-0.706654,51,177.59035
-0.78235,51,177.615367
-0.624162,52,177.639887
-0.732605,51,177.665481
-0.687828,51,177.698192
-0.735874,51,177.725418
-0.71488,51,177.749717
-0.671099,51,177.775324
-0.802882,51,177.799267
-0.605088,51,177.823903
-0.716764,51,177.848606
-0.784714,51,177.872412
-0.72034,51,177.897713
-0.697516,51,177.921693
-0.647718,51,177.945797
-0.657692,51,177.970903
-0.625837,51,177.994599
-0.71864,51,178.018275
-0.62709,51,178.043249
-0.741539,52,178.067899
-0.754095,51,178.09322
-0.657127,51,178.342674
-0.668076,51,178.368342
-0.64048,52,178.393033
-0.69049,51,178.417678
-0.702251,51,178.442891
-0.64242,51,178.466962
-0.777121,51,178.491029
-0.608512,52,178.516943
-0.675572,51,178.541365
-0.671543,51,178.565444
-0.588828,51,178.590815
-0.647808,51,178.614623
-0.73045,51,178.639029
-0.743891,52,178.663346
-0.755426,51,178.68763
-0.797603,51,178.712947
-0.710538,51,178.736931
-0.867208,51,178.761026
-0.706474,51,178.785969
-0.616166,52,178.810242
-0.755134,51,178.834972
-0.589408,51,178.859437
-0.695858,51,178.883244
-0.834205,51,178.908708
-0.576112,51,178.932506
-0.79105,51,178.956919
-0.745523,51,178.981782
-0.626256,52,179.005996
-0.702042,51,179.030846
-0.70907,52,179.055448
-0.746921,51,179.079189
-0.675455,51,179.1046
-0.724404,51,179.128152
-0.583018,51,179.152596
-0.700499,51,179.177279
-0.618366,51,179.200961
-0.676511,51,179.226005
-0.664862,51,179.249887
-0.768457,51,179.273971
-0.623046,52,179.299439
-0.619384,51,179.550203
-0.646756,51,179.574105
-0.683766,51,179.598987
-0.73275,51,179.624307
-0.664012,51,179.648554
-0.758934,51,179.673948
-0.689503,51,179.698704
-0.684647,51,179.722926
-0.733431,52,179.749229
-0.620093,51,179.773225
-0.62467,52,179.797998
-0.662068,51,179.822925
-0.695256,52,179.847158
-0.667722,51,179.871965
-0.823909,51,179.896268
-0.626477,51,179.919871
-0.655486,51,179.945167
-0.578605,51,179.968844
-0.68231,51,179.993011
-0.736349,51,180.017962
-0.813766,51,180.041778
-0.590126,52,180.067422
-0.693162,51,180.091549
-0.645515,52,180.116053
-0.743556,52,180.142051
-0.666016,51,180.166314
-0.711554,51,180.191437
-0.725338,51,180.21516
-0.760376,51,180.239831
-0.783292,51,180.264093
-0.670445,51,180.287712
-0.661832,51,180.313018
-0.722886,51,180.336536
-0.707892,51,180.360945
-0.712465,51,180.385578
-0.696456,52,180.409794
-0.729618,51,180.43487
-0.604409,51,180.458745
-0.721475,51,180.482614
-0.732843,51,180.507668
-0.622089,51,180.757041
-0.693903,51,180.782177
-0.756294,51,180.806293
-0.618931,51,180.831659
-0.622268,52,180.856868
-0.71977,51,180.880982
-0.732187,51,180.906584
-0.758747,51,180.930582
-0.652223,51,180.954921
-0.744472,51,180.980226
-0.711199,51,181.004044
-0.786966,51,181.027732
-0.61123,51,181.052889
-0.771368,51,181.076671
-0.605749,51,181.100656
-0.681685,51,181.12572
-0.817624,51,181.149303
-0.658181,51,181.174126
-0.740026,51,181.198307
-0.606223,51,181.222124
-0.571147,51,181.247558
-0.805411,51,181.271368
-0.702052,51,181.295758
-0.675546,51,181.320633
-0.678961,51,181.345349
-0.813712,51,181.369413
-0.72922,52,181.394119
-0.694972,51,181.419583
-0.732476,51,181.443381
-0.728413,51,181.467306
-0.638278,51,181.492183
-0.719278,51,181.51583
-0.787325,52,181.541187
-0.813377,52,181.565645
-0.81732,51,181.589493
-0.667864,51,181.613521
-0.597373,51,181.638497
-0.665828,51,181.66205
-0.799637,51,181.686704
-0.756349,51,181.710967
-0.693309,51,181.961525
-0.714095,51,181.985612
-0.706028,51,182.011443
-0.67653,51,182.03602
-0.65446,51,182.060512
-0.718657,51,182.084935
-0.624082,51,182.110307
-0.610722,52,182.135006
-0.782434,51,182.160196
-0.649837,51,182.184572
-0.705671,52,182.209648
-0.624107,51,182.233508
-0.687001,51,182.259176
-0.821174,51,182.283077
-0.653453,51,182.307489
-0.681835,51,182.332326
-0.757751,51,182.356154
-0.684391,51,182.38003
-0.667205,51,182.405527
-0.65122,51,182.429255
-0.673634,51,182.455033
-0.714369,51,182.478961
-0.687234,51,182.503719
-0.631963,51,182.528577
-0.738064,51,182.55249
-0.595735,51,182.577784
-0.649205,51,182.601826
-0.686892,51,182.625953
-0.615904,51,182.650044
-0.681229,51,182.674868
-0.825468,51,182.698715
-0.729641,51,182.723758
-0.573346,51,182.748011
-0.608799,51,182.771907
-0.751657,51,182.797297
-0.616568,51,182.821059
-0.662063,51,182.845618
-0.732852,51,182.87031
-0.657881,52,182.894542
-0.812012,51,182.91962
-0.712371,51,183.16835
-0.688384,51,183.194008
-0.674823,52,183.218515
-0.737586,51,183.243085
-0.620232,51,183.268485
-0.757947,51,183.292616
-0.868897,51,183.316718
-0.730796,52,183.342418
-0.73593,52,183.367615
-0.605107,51,183.391706
-0.640294,51,183.417286
-0.664484,51,183.441246
-0.846303,51,183.465012
-0.735632,51,183.490408
-0.649675,52,183.514624
-0.677144,51,183.539605
-0.649051,51,183.563988
-0.765991,52,183.588218
-0.707868,52,183.612632
-0.685694,51,183.637973
-0.671206,51,183.661851
-0.684838,51,183.686687
-0.640494,51,183.711419
-0.726224,51,183.735319
-0.736669,51,183.760889
-0.725014,51,183.784795
-0.759383,51,183.810331
-0.783017,51,183.834181
-0.625835,51,183.858733
-0.671129,52,183.883305
-0.718437,51,183.907862
-0.714395,51,183.931421
-0.801552,51,183.956837
-0.649368,51,183.980631
-0.736402,51,184.004765
-0.717179,51,184.029829
-0.634007,51,184.053683
-0.757839,51,184.078416
-0.945734,51,184.102802
-0.662846,51,184.126418
-0.616535,51,184.377237
-0.725968,52,184.401836
-0.853197,51,184.427397
-0.619272,51,184.451558
-0.595539,51,184.476364
-0.685538,51,184.501644
-0.673062,51,184.525785
-0.589899,51,184.549875
-0.739804,51,184.575378
-0.713053,51,184.59966
-0.756672,51,184.623698
-0.639719,51,184.648106
-0.725402,51,184.673124
-0.654028,51,184.696799
-0.72441,51,184.721634
-0.67983,51,184.745738
-0.71473,51,184.769669
-0.662746,52,184.795544
-0.769713,52,184.819663
-0.705261,52,184.843751
-0.790493,51,184.869272
-0.701245,51,184.893037
-0.695378,51,184.918337
-0.69203,51,184.989562
-0.774484,51,185.019296
-0.739021,51,185.047909
-0.65296,51,185.073754
-0.637317,51,185.101455
-0.628779,52,185.127915
-0.728652,51,185.152317
-0.671537,51,185.176589
-0.785873,51,185.202051
-0.603327,51,185.225993
-0.551111,51,185.249709
-0.641495,51,185.274646
-0.588819,52,185.299329
-0.831174,51,185.323232
-0.687135,51,185.348778
-0.637682,51,185.372481
-0.672123,51,185.398092
-0.759571,51,185.64862
-0.589313,51,185.674044
-0.67263,51,185.698119
-0.826193,51,185.723174
-0.614481,52,185.748611
-0.693182,51,185.772795
-0.688451,51,185.798511
-0.814846,51,185.822809
-0.794799,51,185.846809
-0.661594,51,185.871426
-0.717286,51,185.895686
-0.639008,51,185.92061
-0.667808,51,185.944421
-0.703597,51,185.969836
-0.647992,51,185.994142
-0.76916,51,186.018435
-0.700368,51,186.043746
-0.671395,51,186.067558
-0.653576,51,186.092226
-0.613334,52,186.117379
-0.710782,52,186.141847
-0.679464,52,186.167762
-0.699958,52,186.19275
-0.623288,51,186.216801
-0.611952,51,186.242571
-0.707606,51,186.266663
-0.607278,51,186.291435
-0.751897,51,186.316497
-0.709037,51,186.340509
-0.631319,51,186.365572
-0.604166,52,186.390361
-0.66622,51,186.414225
-0.711632,51,186.439711
-0.650453,52,186.464471
-0.714186,51,186.489666
-0.631778,51,186.513615
-0.739526,51,186.537373
-0.699729,51,186.562512
-0.779635,51,186.586768
-0.674819,51,186.610705
-0.744309,51,186.865103
-0.750357,51,186.890687
-0.652724,51,186.915081
-0.674768,51,186.939297
-0.674659,51,186.965075
-0.678121,52,186.989768
-0.707335,51,187.01388
-0.784914,51,187.038897
-0.940093,51,187.063263
-0.79101,51,187.087906
-0.687045,52,187.112616
-0.639753,51,187.138357
-0.69905,51,187.162255
-0.709703,51,187.18779
-0.689397,52,187.21218
-0.71689,51,187.235899
-0.711227,51,187.260797
-0.726367,51,187.285177
-0.64658,51,187.309063
-0.643388,51,187.334598
-0.657826,51,187.358222
-0.735972,51,187.38378
-0.811536,51,187.40761
-0.626182,51,187.431609
-0.76528,52,187.457739
-0.699988,51,187.481604
-0.701222,51,187.5072
-0.770272,51,187.531196
-0.656456,51,187.555598
-0.806576,51,187.580735
-0.597093,51,187.604507
-0.634715,51,187.629437
-0.644879,52,187.654328
-0.64886,51,187.67805
-0.674652,51,187.703512
-0.671266,51,187.727197
-0.616484,51,187.751549
-0.665261,51,187.776326
-0.690251,51,187.8001
-0.668464,51,187.825141
-0.673977,51,188.074432
-0.64375,51,188.100025
-0.739152,52,188.124811
-0.747684,52,188.149451
-0.666322,51,188.17528
-0.637187,51,188.199399
-0.682634,51,188.224088
-0.639028,52,188.248977
-0.700101,51,188.273878
-0.660777,51,188.297906
-0.605098,51,188.321931
-0.616222,52,188.348035
-0.784174,51,188.372009
-0.716625,51,188.396225
-0.625777,52,188.42158
-0.708483,52,188.445781
-0.759354,52,188.471234
-0.764104,51,188.495707
-0.625156,51,188.519463
-0.745874,51,188.544926
-0.72856,51,188.568429
-0.616786,51,188.592991
-0.630486,52,188.618666
-0.638239,51,188.642623
-0.631291,51,188.667856
-0.646278,51,188.692392
-0.62698,51,188.716251
-0.714529,51,188.741809
-0.701207,52,188.76629
-0.652726,51,188.790695
-0.64464,51,188.815518
-0.661949,51,188.839331
-0.656522,51,188.863051
-0.819679,51,188.888455
-0.697597,51,188.912201
-0.694768,51,188.936344
-0.628963,51,188.961269
-0.660981,51,188.984805
-0.610495,51,189.009733
-0.689101,51,189.033811
-0.728009,52,189.284785
-0.81595,51,189.309265
-0.614959,51,189.333333
-0.62433,51,189.358679
-0.813095,51,189.382797
-0.799778,51,189.407729
-0.681993,51,189.432824
-0.6602,51,189.458003
-0.700193,52,189.483296
-0.660961,51,189.507556
-0.677074,51,189.533329
-0.659511,52,189.557937
-0.722298,51,189.582041
-0.678277,51,189.607261
-0.693824,51,189.630941
-0.678642,52,189.655155
-0.672931,51,189.680153
-0.638826,52,189.704665
-0.625187,51,189.728323
-0.665119,51,189.75355
-0.819101,51,189.777125
-0.785381,51,189.801954
-0.707748,52,189.827184
-0.600054,51,189.850975
-0.665941,51,189.876383
-0.774236,52,189.900934
-0.63668,51,189.925066
-0.849214,51,189.950424
-0.643201,51,189.974368
-0.651015,51,189.999183
-0.769798,51,190.023755
-0.590357,51,190.047452
-0.716748,51,190.072808
-0.691475,51,190.096577
-0.632524,51,190.120744
-0.592891,51,190.145678
-0.691556,51,190.169411
-0.615576,51,190.194257
-0.672733,51,190.218201
-0.647572,51,190.242044
-0.811767,51,190.492295
-0.670044,51,190.51671
-0.60289,51,190.542154
-0.636082,51,190.566077
-0.668345,51,190.591197
-0.732826,51,190.616336
-0.874158,51,190.640594
-0.618101,51,190.666164
-0.591342,51,190.690641
-0.632922,51,190.714987
-0.68917,52,190.741235
-0.580988,51,190.765097
-0.812542,51,190.800397
-0.717849,51,190.837481
-0.662757,51,190.868678
-0.634662,52,190.896717
-0.644604,51,190.924016
-0.662805,51,190.950103
-0.678071,51,190.976789
-0.748352,51,191.002149
-0.645655,51,191.029091
-0.629308,51,191.056682
-0.722974,51,191.081546
-0.724701,51,191.107387
-0.677815,51,191.131704
-0.634432,51,191.156399
-0.635195,51,191.181483
-0.692132,52,191.20611
-0.720088,51,191.231194
-0.601447,52,191.256248
-0.753713,51,191.28022
-0.768028,51,191.305717
-0.794073,51,191.329579
-0.618934,51,191.353917
-0.606017,51,191.379014
-0.775281,51,191.402728
-0.649732,51,191.427739
-0.676653,51,191.452218
-0.705077,51,191.476089
-0.618349,51,191.501853
-0.677671,51,191.7512
-0.771791,51,191.77689
-0.697879,51,191.800927
-0.6484,51,191.82579
-0.787749,51,191.851021
-0.743721,51,191.875191
-0.714968,51,191.900572
-0.712027,51,191.924948
-0.60489,51,191.949296
-0.597349,52,191.974041
-0.684967,51,191.999562
-0.652712,51,192.023544
-0.732972,52,192.048042
-0.794311,51,192.07279
-0.59773,51,192.09718
-0.673907,51,192.130912
-0.655114,51,192.159339
-0.739348,51,192.184756
-0.788091,51,192.208993
-0.77902,51,192.23353
-0.640255,52,192.259061
-0.693645,51,192.283088
-0.676177,51,192.308243
-0.593635,51,192.333002
-0.613081,51,192.356928
-0.678162,51,192.382653
-0.827317,51,192.406914
-0.613327,51,192.431448
-0.594028,51,192.456712
-0.800321,51,192.48086
-0.688267,52,192.507086
-0.633872,51,192.531229
-0.709071,51,192.556458
-0.594925,51,192.580809
-0.705428,51,192.604816
-0.657059,52,192.630788
-0.622461,51,192.65508
-0.623658,52,192.680821
-0.739716,51,192.704697
-0.683422,51,192.728562
-0.631607,51,192.981309
-0.647392,51,193.006491
-0.725362,51,193.030593
-0.638289,51,193.05586
-0.655175,51,193.080558
-0.945228,51,193.105004
-0.651379,51,193.130925
-0.733526,51,193.155095
-0.648898,52,193.17979
-0.696853,51,193.204736
-0.588458,51,193.229776
-0.653036,52,193.254383
-0.601113,51,193.279581
-0.66878,51,193.305897
-0.615132,51,193.336016
-0.599766,51,193.37475
-0.681155,51,193.422738
-0.75216,51,193.454301
-0.640254,51,193.492722
-0.65124,51,193.532726
-0.745277,51,193.566158
-0.65998,51,193.594438
-0.677064,51,193.622376
-0.732221,52,193.649618
-0.674127,51,193.676907
-0.639289,51,193.703552
-0.693967,51,193.73106
-0.710542,51,193.757884
-0.725691,51,193.782337
-0.668359,51,193.807194
-0.702145,51,193.832327
-0.622533,51,193.85624
-0.67631,51,193.881419
-0.625988,51,193.905862
-0.699444,52,193.930349
-0.595537,51,193.956087
-0.84861,51,193.979932
-0.643273,51,194.00565
-0.64889,51,194.029469
-0.662795,51,194.054357
-0.67864,51,194.308554
-0.739408,52,194.333231
-0.659091,51,194.358731
-0.682995,51,194.383722
-0.68408,51,194.408942
-0.645362,51,194.433192
-0.768939,51,194.458764
-0.796549,51,194.483291
-0.67099,51,194.507648
-0.660982,51,194.5334
-0.75877,51,194.557607
-0.651668,52,194.58283
-0.637244,51,194.607756
-0.644,51,194.631505
-0.873036,51,194.65665
-0.6894,51,194.680837
-0.82525,51,194.704847
-0.771899,51,194.730095
-0.689069,51,194.753754
-0.689365,52,194.778868
-0.677003,51,194.803492
-0.695344,51,194.828242
-0.715702,51,194.852628
-0.76146,51,194.876546
-0.614671,51,194.902191
-0.621045,51,194.926222
-0.659811,51,194.950892
-0.671666,52,194.976447
-0.862623,51,195.000309
-0.741528,51,195.02595
-0.629693,52,195.050265
-0.661292,51,195.075602
-0.683885,51,195.099651
-0.836493,51,195.123786
-0.656177,51,195.148884
-0.646789,51,195.172608
-0.683251,51,195.197513
-0.708033,51,195.221774
-0.662093,51,195.245629
-0.709625,52,195.271717
-0.678831,51,195.589334
-0.767888,51,195.613851
-0.647892,51,195.639423
-0.70926,51,195.663708
-0.631258,51,195.688576
-0.64559,51,195.714075
-0.679023,51,195.738281
-0.790261,51,195.763672
-0.824636,51,195.788688
-0.61457,51,195.814226
-0.665061,51,195.838842
-0.764221,51,195.863122
-0.654421,51,195.888941
-0.77801,51,195.912754
-0.737919,51,195.937362
-0.678079,52,195.962815
-0.68142,51,195.986658
-0.618855,51,196.011818
-0.695269,51,196.036091
-0.903682,51,196.060089
-0.695322,51,196.085446
-0.596764,51,196.10927
-0.713571,51,196.13407
-0.604283,51,196.159038
-0.632685,51,196.182844
-0.669133,51,196.208327
-0.671208,51,196.232285
-0.701015,52,196.258587
-0.695843,51,196.2839
-0.714001,51,196.309856
-0.770569,51,196.333947
-0.584536,51,196.358559
-0.589926,51,196.38367
-0.658245,51,196.407638
-0.595705,51,196.432679
-0.771334,51,196.457058
-0.616299,51,196.481006
-0.675135,51,196.506523
-0.593429,51,196.530284
-0.767386,52,196.555402
-0.733621,52,196.805998
-0.779527,51,196.831639
-0.698686,51,196.855472
-0.648931,51,196.881467
-0.762773,51,196.905745
-0.715822,51,196.93143
-0.63461,51,196.955888
-0.686058,51,196.980298
-0.730796,51,197.004718
-0.703767,51,197.030104
-0.595676,51,197.05421
-0.652619,51,197.079436
-0.995382,51,197.104087
-0.682805,51,197.127885
-0.714992,51,197.153287
-0.783312,51,197.17709
-0.863711,51,197.201474
-0.701201,51,197.226673
-0.786141,51,197.250377
-0.648064,51,197.275829
-0.583741,51,197.299633
-0.665076,51,197.324891
-0.625875,51,197.348892
-0.670192,51,197.373205
-0.658026,51,197.398264
-0.716421,51,197.422094
-0.776077,51,197.446968
-0.663889,51,197.471483
-0.762285,51,197.496712
-0.868322,51,197.520853
-0.699553,51,197.544923
-0.739202,51,197.570014
-0.793616,51,197.59373
-0.741022,51,197.618499
-0.64968,51,197.642869
-0.727158,51,197.666541
-0.67505,52,197.6924
-0.699753,51,197.716144
-0.772315,51,197.740424
-0.758079,51,197.765397
-0.750543,51,197.790098
-0.756722,51,198.039389
-0.616103,51,198.064483
-0.704614,51,198.089044
-0.625154,51,198.11476
-0.751343,51,198.139225
-0.663593,51,198.163629
-0.653348,51,198.189359
-0.635894,51,198.213626
-0.691936,51,198.238666
-0.560769,51,198.263888
-0.709911,51,198.288055
-0.681436,51,198.313275
-0.649189,51,198.337505
-0.644604,51,198.361541
-0.643906,51,198.386834
-0.621567,52,198.411089
-0.7358,51,198.435662
-0.734167,51,198.460301
-0.670949,51,198.484042
-0.654729,51,198.509399
-0.690186,51,198.53319
-0.733352,51,198.557562
-0.751886,52,198.583284
-0.633717,51,198.607038
-0.792713,51,198.63187
-0.658729,51,198.656283
-0.805705,51,198.680124
-0.734505,51,198.705712
-0.713505,51,198.729746
-0.753627,51,198.754847
-0.646278,51,198.779119
-0.618621,51,198.803784
-0.626237,51,198.827368
-0.744886,51,198.85257
-0.734912,51,198.876652
-0.800165,51,198.900672
-0.709202,51,198.925954
-0.632589,51,198.949641
-0.652238,51,198.974378
-0.768498,51,198.998802
-0.702883,51,199.249628
-0.835624,51,199.273611
-0.753874,51,199.299026
-0.667796,51,199.323355
-0.65994,51,199.347747
-0.719003,52,199.372557
-0.778403,51,199.396912
-0.623845,51,199.422847
-0.611156,51,199.448057
-0.626996,51,199.473035
-0.634694,51,199.498329
-0.688212,51,199.522698
-0.693173,51,199.546571
-0.636654,52,199.572443
-0.713411,51,199.59605
-0.671703,51,199.620413
-0.621204,51,199.645048
-0.604801,51,199.668801
-0.713581,51,199.693969
-0.803748,51,199.718026
-0.700883,51,199.747259
-0.630551,51,199.772904
-0.601356,51,199.79754
-0.653023,51,199.821619
-0.657944,51,199.847218
-0.793798,51,199.871162
-0.698382,52,199.896312
-0.676222,51,199.921444
-0.718119,51,199.945403
-0.722376,52,199.971077
-0.710157,51,199.995483
-0.733384,51,200.019395
-0.711544,51,200.044842
-0.743192,51,200.06868
-0.70021,51,200.09328
-0.771428,51,200.118147
-0.754344,51,200.142135
-0.718015,51,200.167218
-0.707999,52,200.19204
-0.7688,51,200.216012
-0.681901,51,200.468079
-0.817421,51,200.492331
-0.660405,51,200.517983
-0.644264,51,200.542702
-0.748785,52,200.568796
-0.593985,51,200.59294
-0.681542,51,200.618009
-0.69773,51,200.643015
-0.623325,51,200.667273
-0.636095,51,200.692761
-0.692084,51,200.717366
-0.691833,51,200.741331
-0.72169,51,200.766608
-0.619681,51,200.790344
-0.620495,51,200.815042
-0.645799,51,200.83971
-0.699615,52,200.864019
-0.670045,51,200.887888
-0.607518,51,200.913489
-0.673659,51,200.937247
-0.727537,51,200.961477
-0.679317,51,200.986241
-0.615591,51,201.011203
-0.585005,51,201.035719
-0.761736,52,201.060082
-0.678511,51,201.085733
-0.603523,51,201.109658
-0.643167,51,201.133967
-0.76497,51,201.159033
-0.724371,51,201.182885
-0.656946,51,201.207782
-0.899129,51,201.232167
-0.665497,51,201.25588
-0.745223,52,201.280363
-0.661837,51,201.305575
-0.686495,51,201.329953
-0.649769,51,201.354833
-0.741992,51,201.378636
-0.63545,51,201.403716
-0.78781,51,201.427975
-0.712819,51,201.67915
-0.612057,51,201.703554
-0.576821,51,201.727755
-0.643403,52,201.754064
-0.684829,52,201.77883
-0.656614,52,201.803618
-0.76918,51,201.828722
-0.675108,51,201.853822
-0.571696,51,201.878019
-0.631837,51,201.903537
-0.660758,51,201.927939
-0.6236,51,201.952165
-0.661925,51,201.976414
-0.745038,51,202.001668
-0.703005,51,202.025408
-0.675859,51,202.049222
-0.628208,51,202.074424
-0.727717,51,202.098753
-0.696806,52,202.123179
-0.65812,51,202.148806
-0.756695,51,202.172559
-0.678195,51,202.197207
-0.849947,51,202.222134
-0.650186,52,202.246498
-0.71602,51,202.271883
-0.70055,51,202.296316
-0.701488,52,202.320908
-0.724359,51,202.346588
-0.761131,51,202.370612
-0.661384,51,202.395235
-0.754629,51,202.420148
-0.762771,51,202.444003
-0.632082,51,202.469026
-0.663519,51,202.493262
-0.578622,51,202.517258
-0.76757,51,202.542623
-0.658969,51,202.566528
-0.612566,52,202.591717
-0.692599,51,202.616542
-0.87085,51,202.64024
-0.628988,52,202.892317
-0.646492,51,202.916584
-0.673299,51,202.941858
-0.765021,52,202.967066
-0.652316,51,202.9915
-0.754458,51,203.017417
-0.709875,52,203.04225
-0.670609,51,203.067095
-0.706935,51,203.092528
-0.746441,51,203.116735
-0.680025,51,203.140861
-0.792487,51,203.166318
-0.668096,51,203.190412
-0.647304,52,203.214998
-0.629134,51,203.240346
-0.631825,51,203.264086
-0.63189,52,203.288475
-0.735746,51,203.313448
-0.720225,51,203.337767
-0.581889,51,203.361528
-0.715124,51,203.386941
-0.757868,51,203.411153
-0.677388,51,203.435434
-0.706789,51,203.460425
-0.687736,51,203.484328
-0.615897,51,203.510001
-0.707161,51,203.533962
-0.715168,51,203.559539
-0.728323,51,203.583478
-0.774899,51,203.607894
-0.748426,51,203.632955
-0.706998,52,203.657337
-0.637696,52,203.681705
-0.754124,51,203.706886
-0.696023,51,203.731062
-0.668573,51,203.755004
-0.702509,51,203.780211
-0.622828,51,203.803917
-0.678655,51,203.82848
-0.775101,51,203.852972
-0.734018,51,204.103728
-0.776253,51,204.128557
-0.597218,51,204.152369
-0.767939,51,204.178385
-0.747716,51,204.202809
-0.699106,51,204.227546
-0.72507,52,204.252547
-0.654693,51,204.27799
-0.731792,51,204.302156
-0.690392,51,204.327539
-0.612823,51,204.352071
-0.707059,51,204.376698
-0.759401,51,204.400751
-0.8357,51,204.42624
-0.695766,51,204.450118
-0.669511,51,204.474797
-0.675715,51,204.499774
-0.719128,51,204.523692
-0.657335,51,204.549056
-0.758029,51,204.573447
-0.760534,51,204.597341
-0.712574,51,204.622918
-0.652095,51,204.646932
-0.743041,51,204.671905
-0.812225,51,204.696931
-0.799304,51,204.720972
-0.600587,52,204.74684
-0.805079,51,204.771302
-0.632734,51,204.795569
-0.6814,51,204.821321
-0.656631,51,204.845202
-0.604395,51,204.869785
-0.725003,51,204.894624
-0.720767,51,204.918445
-0.72291,52,204.944149
-0.647378,51,204.968334
-0.610609,51,204.992334
-0.622712,51,205.017763
-0.740368,51,205.041543
-0.679037,51,205.066127
-0.683807,51,205.316812
-0.634579,51,205.341735
-0.682067,51,205.366487
-0.619426,52,205.391465
-0.698854,51,205.416973
-0.65466,51,205.441538
-0.581512,51,205.465935
-0.720428,52,205.490978
-0.656826,51,205.516541
-0.681204,51,205.540606
-0.702355,51,205.564649
-0.742899,51,205.589727
-0.705835,51,205.614091
-0.699216,51,205.637944
-0.660885,51,205.663494
-0.72306,51,205.687256
-0.614427,51,205.711737
-0.636724,51,205.735884
-0.781138,51,205.760535
-0.681408,51,205.784362
-0.576964,51,205.809865
-0.627752,51,205.83402
-0.616484,51,205.85964
-0.673621,51,205.883775
-0.686554,51,205.907814
-0.926355,51,205.93288
-0.713682,51,205.95759
-0.694419,51,205.98156
-0.688151,52,206.007695
-0.791539,51,206.031958
-0.688787,51,206.056158
-0.688602,51,206.08131
-0.658161,51,206.105199
-0.688751,51,206.130059
-0.645464,51,206.154636
-0.791548,51,206.178587
-0.879215,51,206.204033
-0.62126,51,206.227959
-0.705618,51,206.251847
-0.601952,51,206.276455
-0.670299,52,206.594291
-0.638643,51,206.618512
-0.735754,51,206.643369
-0.710376,51,206.667892
-0.737925,51,206.692733
-0.620622,51,206.717016
-0.671614,51,206.741404
-0.650625,51,206.767093
-0.62737,51,206.791298
-0.679984,52,206.815934
-0.641986,52,206.841326
-0.622631,51,206.866188
-0.677546,51,206.890001
-0.673377,51,206.913736
-0.729895,51,206.939391
-0.6999,51,206.963162
-0.682712,51,206.987473
-0.648941,51,207.012339
-0.607934,51,207.036039
-0.675422,51,207.061111
-0.738477,51,207.085213
-0.667262,51,207.11076
-0.753498,51,207.134553
-0.563446,51,207.158548
-0.565787,51,207.183441
-0.600788,51,207.208362
-0.717799,51,207.232405
-0.687206,51,207.258098
-0.554213,51,207.282107
-0.645916,52,207.308264
-0.643465,51,207.332164
-0.629637,52,207.356422
-0.726478,51,207.380978
-0.743235,51,207.405521
-0.580983,51,207.429337
-0.651614,52,207.455098
-0.705778,52,207.47965
-0.792451,51,207.503577
-0.610905,51,207.528894
-0.675278,52,207.553326
-0.705142,52,207.805264
-0.586369,51,207.829882
-0.655796,51,207.854804
-0.692493,51,207.879062
-0.727652,51,207.903209
-0.7293,52,207.927762
-0.599249,51,207.953463
-0.609718,51,207.977571
-0.685705,51,208.002047
-0.76167,51,208.026403
-0.56825,51,208.051463
-0.768048,51,208.075436
-0.72238,52,208.099722
-0.680564,51,208.12523
-0.692113,51,208.149142
-0.711747,52,208.173848
-0.668992,51,208.19896
-0.688038,51,208.226302
-0.698776,51,208.264273
-0.731619,51,208.292873
-0.621317,51,208.319465
-0.610846,51,208.347409
-0.65866,51,208.37522
-0.676381,51,208.402049
-0.63216,51,208.429073
-0.687256,51,208.454824
-0.701098,51,208.479207
-0.690167,51,208.503699
-0.575292,51,208.52921
-0.611256,51,208.553227
-0.615712,51,208.577988
-0.727674,52,208.603218
-0.69501,51,208.626985
-0.702229,51,208.652386
-0.742968,51,208.67643
-0.626603,51,208.700704
-0.672651,51,208.725786
-0.626317,51,208.749602
-0.701093,51,208.774491
-0.648401,51,208.79896
-0.686926,52,209.050999
-0.633487,51,209.075279
-0.641223,51,209.100447
-0.664138,51,209.125068
-0.690556,51,209.149379
-0.666043,52,209.175829
-0.670542,51,209.199859
-0.648029,51,209.22401
-0.648347,51,209.248886
-0.624992,51,209.273183
-0.800728,51,209.297541
-0.770194,52,209.322498
-0.667466,51,209.346408
-0.767738,51,209.373515
-0.685246,51,209.401321
-0.833644,51,209.428595
-0.645834,52,209.455691
-0.815221,51,209.480514
-0.623714,51,209.505898
-0.736161,51,209.530105
-0.748477,51,209.554209
-0.611359,51,209.579652
-0.707931,52,209.60426
-0.588272,51,209.629036
-0.622226,51,209.653932
-0.667068,51,209.677914
-0.668662,52,209.703787
-0.679363,51,209.728135
-0.724006,51,209.752335
-0.624603,51,209.777927
-0.655654,52,209.802363
-0.66197,51,209.826956
-0.60131,51,209.851716
-0.679408,51,209.875564
-0.717692,51,209.901009
-0.800917,51,209.925087
-0.689902,52,209.949513
-0.669154,51,209.974917
-0.714312,51,209.998666
-0.631951,52,210.023703
-0.683737,51,210.314584
-0.684917,51,210.342039
-0.628233,51,210.367701
-0.65715,51,210.395482
-0.639084,51,210.421548
-0.73194,52,210.446583
-0.669959,51,210.47098
-0.73087,51,210.495486
-0.658667,51,210.52101
-0.580917,52,210.545642
-0.727385,51,210.56986
-0.622341,51,210.595109
-0.67546,51,210.619219
-0.795349,51,210.643207
-0.629061,51,210.668739
-0.699835,51,210.692521
-0.63591,51,210.716263
-0.715182,51,210.741104
-0.630506,52,210.766115
-0.663874,51,210.79121
-0.593057,51,210.815274
-0.657343,51,210.839217
-0.699224,51,210.864772
-0.721996,51,210.888737
-0.770737,51,210.913464
-0.799739,51,210.938478
-0.684771,51,210.96232
-0.712914,52,210.988086
-0.645042,51,211.012402
-0.698536,51,211.036485
-0.641135,51,211.061845
-0.740373,51,211.0855
-0.758424,51,211.110231
-0.698745,51,211.134918
-0.700456,51,211.159981
-0.75327,51,211.184157
-0.646909,51,211.20804
-0.90286,51,211.231934
-0.698063,51,211.256826
-0.820992,51,211.28057
-0.721052,52,211.5327
-0.71131,51,211.557879
-0.658713,51,211.581804
-0.69192,51,211.607008
-0.70836,51,211.631543
-0.648799,52,211.656255
-0.718315,51,211.681962
-0.643066,51,211.706015
-0.6972,52,211.730586
-0.748012,51,211.755402
-0.609723,51,211.779686
-0.665659,51,211.804442
-0.682818,51,211.828205
-0.605185,52,211.854143
-0.703447,52,211.878466
-0.713966,51,211.902646
-0.656326,51,211.926873
-0.745732,52,211.952081
-0.685366,51,211.97693
-0.749837,52,212.001739
-0.686187,52,212.025955
-0.609684,51,212.051359
-0.636483,51,212.075219
-0.60152,51,212.099747
-0.653815,52,212.125504
-0.7135,51,212.14941
-0.646428,51,212.174318
-0.65346,51,212.19881
-0.652214,51,212.222803
-0.720636,51,212.248355
-0.747449,51,212.272191
-0.635428,51,212.296466
-0.595347,51,212.321316
-0.649703,52,212.345563
-0.712124,51,212.370536
-0.748628,51,212.394915
-0.588795,51,212.418512
-0.590751,51,212.443946
-0.669392,51,212.46767
-0.772445,51,212.492046
-0.768485,51,212.74196
-0.627612,51,212.767026
-0.628902,51,212.790833
-0.770189,51,212.815956
-0.654598,51,212.84044
-0.605867,51,212.864806
-0.656585,51,212.890319
-0.651371,51,212.914508
-0.665686,51,212.938401
-0.665463,51,212.963528
-0.691835,51,212.988272
-0.791964,51,213.012236
-0.710271,51,213.036326
-0.625019,51,213.061736
-0.604893,51,213.085432
-0.624018,51,213.109919
-0.724726,51,213.134541
-0.703391,51,213.158279
-0.652345,51,213.183501
-0.620073,51,213.207267
-0.598889,51,213.231567
-0.681571,51,213.25644
-0.68856,51,213.280364
-0.781352,51,213.305477
-0.626151,52,213.330453
-0.721955,51,213.354333
-0.678504,51,213.379882
-0.676271,51,213.403726
-0.662954,51,213.428127
-0.706103,51,213.453223
-0.810792,51,213.47689
-0.824217,51,213.502406
-0.726559,51,213.526051
-0.754925,51,213.55141
-0.68377,51,213.575201
-0.717176,51,213.599376
-0.797653,51,213.623529
-0.660961,51,213.648104
-0.713529,51,213.671883
-0.808091,51,213.697089
-0.713504,51,213.945669
-0.69308,51,213.971387
-0.713939,51,213.995337
-0.64295,51,214.019549
-0.638215,51,214.044613
-0.720606,51,214.068716
-0.585504,51,214.09392
-0.713552,51,214.11833
-0.630448,51,214.142678
-0.66872,51,214.166916
-0.67012,51,214.191227
-0.693447,51,214.216524
-0.860423,51,214.240652
-0.740578,51,214.264434
-0.723292,51,214.289569
-0.665228,51,214.313562
-0.738909,51,214.337476
-0.607819,52,214.363142
-0.595603,51,214.386889
-0.696075,51,214.411563
-0.630728,51,214.436166
-0.682965,52,214.460134
-0.788894,51,214.485582
-0.680539,51,214.509739
-0.695727,51,214.534145
-0.633579,51,214.559452
-0.717736,51,214.583323
-0.711147,51,214.608031
-0.701449,52,214.633146
-0.715314,51,214.656942
-0.645957,51,214.682632
-0.633557,51,214.711719
-0.837818,51,214.747256
-0.686405,51,214.778598
-0.640748,51,214.807893
-0.640317,52,214.834719
-0.781184,51,214.861884
-0.583087,51,214.889317
-0.699866,51,214.915232
-0.605625,51,214.942319
-0.658288,51,215.19414
-0.856595,51,215.218607
-0.705296,51,215.243038
-0.727328,51,215.266945
-0.706953,51,215.292308
-0.632951,51,215.316866
-0.655877,51,215.341289
-0.706778,51,215.366394
-0.607318,51,215.390604
-0.700572,51,215.415919
-0.586819,51,215.440449
-0.669827,51,215.464672
-0.653008,52,215.489445
-0.741498,51,215.515017
-0.752578,51,215.538775
-0.730343,51,215.563532
-0.600138,51,215.588205
-0.673608,51,215.612004
-0.664028,51,215.637372
-0.703982,51,215.661254
-0.582583,51,215.68545
-0.678768,52,215.710999
-0.605393,51,215.734835
-0.676823,51,215.75978
-0.72735,51,215.784417
-0.765948,52,215.808855
-0.652839,52,215.834694
-0.718333,51,215.858785
-0.750466,52,215.883304
-0.863531,51,215.908505
-0.618465,51,215.932356
-0.722953,51,215.957008
-0.602036,51,215.981385
-0.769951,51,216.005189
-0.760823,51,216.02877
-0.697999,51,216.054112
-0.697527,52,216.078434
-0.683526,51,216.102938
-0.657723,51,216.127819
-0.623119,51,216.151601
-0.669252,51,216.401101
-0.682909,52,216.427172
-0.70477,52,216.451933
-0.63821,51,216.476105
-0.747479,51,216.501633
-0.574216,51,216.525582
-0.648558,51,216.550445
-0.856686,52,216.576158
-0.671228,51,216.600297
-0.703877,51,216.625589
-0.699952,51,216.709011
-0.687856,52,216.736038
-0.812806,51,216.76345
-0.775498,51,216.791653
-0.668432,52,216.817573
-0.751263,51,216.84545
-0.716836,51,216.87109
-0.871327,51,216.895331
-0.708625,51,216.920793
-0.622278,51,216.944984
-0.589753,51,216.969724
-0.706531,52,216.994841
-0.634475,51,217.018776
-0.721777,52,217.044735
-0.765478,51,217.06921
-0.743912,51,217.093323
-0.701044,51,217.118711
-0.790069,51,217.142742
-0.681938,51,217.167513
-0.659259,51,217.192417
-0.712176,51,217.216385
-0.687246,52,217.242203
-0.640006,51,217.266269
-0.762561,51,217.290269
-0.690339,51,217.315617
-0.618625,51,217.339461
-0.62061,51,217.364065
-0.781478,51,217.388781
-0.694113,52,217.413094
-0.768691,51,217.438358
-0.620405,51,217.68913
-0.657929,51,217.713841
-0.650701,51,217.738112
-0.723545,51,217.763858
-0.762642,51,217.787648
-0.796389,51,217.812391
-0.703431,51,217.837536
-0.68123,51,217.861793
-0.772026,51,217.887289
-0.850615,51,217.911922
-0.7375,51,217.936195
-0.653675,51,217.960536
-0.633318,51,217.986072
-0.638749,52,218.010699
-0.632619,51,218.035431
-0.621047,51,218.05997
-0.661194,51,218.083772
-0.866867,51,218.109126
-0.635895,51,218.132972
-0.73945,51,218.157039
-0.676816,51,218.182122
-0.782617,51,218.205821
-0.682284,51,218.230648
-0.632688,51,218.255261
-0.720879,51,218.279176
-0.652055,51,218.304701
-0.71412,51,218.328438
-0.790838,52,218.353408
-0.698931,52,218.380438
-0.619738,51,218.405042
-0.634291,51,218.429917
-0.732516,51,218.453691
-0.617583,51,218.478774
-0.637599,51,218.502899
-0.682654,51,218.52675
-0.681434,51,218.552164
-0.669092,51,218.575856
-0.741319,51,218.600462
-0.801726,51,218.625056
-0.698462,52,218.649334
-0.618106,51,218.89958
-0.666686,51,218.925449
-0.707813,52,218.950558
-0.62072,51,218.974575
-0.752503,51,218.999838
-0.605653,51,219.023659
-0.601226,51,219.048637
-0.72129,51,219.073838
-0.682297,52,219.098568
-0.675677,51,219.12392
-0.720076,51,219.148685
-0.722702,51,219.172971
-0.668633,52,219.199382
-0.640436,51,219.223468
-0.721372,51,219.247214
-0.609822,52,219.272296
-0.700455,51,219.297105
-0.731057,51,219.321802
-0.743727,51,219.345814
-0.642685,51,219.369753
-0.637581,51,219.393889
-0.641513,51,219.422743
-0.782863,51,219.447511
-0.732448,52,219.475476
-0.626528,51,219.499668
-0.641247,51,219.524272
-0.740103,52,219.550171
-0.736108,51,219.574054
-0.677304,51,219.599035
-0.775555,52,219.624372
-0.792981,51,219.648386
-0.647813,51,219.674017
-0.64982,51,219.699493
-0.71455,51,219.723426
-0.657666,51,219.748924
-0.629211,51,219.77442
-0.608864,51,219.798241
-0.740499,51,219.822949
-0.726191,51,219.847657
-0.613632,51,219.871372
-0.642103,51,220.121764
-0.696601,51,220.14771
-0.806193,51,220.172016
-0.73408,51,220.196173
-0.634423,51,220.221376
-0.573022,51,220.245105
-0.7015,51,220.27014
-0.669955,51,220.295169
-0.697606,51,220.319369
-0.619276,51,220.345025
-0.820998,51,220.369541
-0.704383,51,220.395428
-0.817258,51,220.41955
-0.64783,51,220.444037
-0.590821,51,220.469109
-0.719254,51,220.492814
-0.673503,51,220.516412
-0.639174,51,220.541571
-0.624318,51,220.565628
-0.783564,51,220.589725
-0.697667,51,220.614985
-0.71835,52,220.639056
-0.64592,51,220.6636
-0.803308,51,220.688242
-0.683946,51,220.712118
-0.666859,52,220.738061
-0.672959,52,220.762462
-0.798249,51,220.786833
-0.734275,51,220.812225
-0.594983,51,220.836217
-0.765831,51,220.8619
-0.712321,51,220.887443
-0.805133,51,220.913066
-0.637471,51,220.938507
-0.699309,51,220.964018
-0.657463,51,220.98781
-0.662795,51,221.013257
-0.646514,51,221.03709
-0.648631,51,221.061349
-0.744023,51,221.086293
-0.673071,51,221.109886
-0.724033,51,221.362434
-0.633379,51,221.386758
-0.616143,51,221.411561
-0.686653,51,221.43524
-0.648704,51,221.460864
-0.650183,51,221.485201
-0.60036,52,221.511573
-0.697745,51,221.535752
-0.772097,51,221.559812
-0.753153,51,221.584782
-0.633513,51,221.609901
-0.797228,51,221.634007
-0.721185,51,221.658042
-0.604316,51,221.683597
-0.66168,52,221.707859
-0.596113,51,221.732034
-0.654074,51,221.756047
-0.609778,51,221.780698
-0.660276,51,221.804407
-0.639017,51,221.829627
-0.640292,51,221.85365
-0.690006,52,221.87804
-0.631597,51,221.90339
-0.686657,52,221.927887
-0.68528,51,221.953453
-0.645014,51,221.97736
-0.645352,51,222.002564
-0.794676,51,222.026892
-0.774263,51,222.050881
-0.678209,51,222.076432
-0.65091,51,222.100194
-0.655291,51,222.125584
-0.708263,51,222.150921
-0.756648,51,222.175093
-0.636047,51,222.198965
-0.664622,51,222.224392
-0.734928,51,222.248627
-0.703509,51,222.272801
-0.779832,51,222.298046
-0.654687,51,222.321987
-0.693651,51,222.573335
-0.782428,51,222.598062
-0.751155,51,222.622227
-0.568894,51,222.646887
-0.669744,51,222.671857
-0.733415,51,222.696641
-0.615681,52,222.721541
-0.679773,51,222.747574
-0.627134,51,222.771905
-0.663594,52,222.79713
-0.622036,52,222.823242
-0.63903,51,222.847431
-0.708095,51,222.872578
-0.623254,51,222.897663
-0.794607,51,222.921383
-0.689567,51,222.946782
-0.718523,51,222.971046
-0.710426,51,222.995161
-0.575255,51,223.02044
-0.754156,51,223.044319
-0.718321,51,223.06894
-0.62704,51,223.093407
-0.741606,51,223.117403
-0.682682,51,223.141502
-0.629063,51,223.167104
-0.674154,52,223.191579
-0.795831,51,223.216196
-0.703837,51,223.241195
-0.662701,51,223.265108
-0.698821,51,223.2908
-0.691152,52,223.316935
-0.656204,51,223.34257
-0.682721,51,223.368152
-0.66118,51,223.393573
-0.71245,51,223.417453
-0.599827,51,223.442827
-0.647649,51,223.466581
-0.639593,51,223.491158
-0.833409,51,223.515837
-0.7551,51,223.54075
-0.649391,51,223.794591
-0.685358,51,223.819711
-0.783444,51,223.844651
-0.652655,51,223.871219
-0.743019,51,223.899696
-0.712532,51,223.925614
-0.636596,51,223.951036
-0.74185,52,223.976305
-0.651642,51,224.001777
-0.659715,51,224.026571
-0.688846,51,224.050816
-0.713121,52,224.077259
-0.624562,51,224.1017
-0.727521,51,224.125955
-0.693564,51,224.151358
-0.681784,51,224.175079
-0.728012,51,224.199954
-0.711434,51,224.224383
-0.736318,51,224.248096
-0.679231,51,224.272003
-0.6815,52,224.297824
-0.641828,51,224.321656
-0.654362,52,224.346776
-0.648625,51,224.371823
-0.611107,51,224.395835
-0.716177,51,224.421475
-0.669237,51,224.44546
-0.650312,51,224.471105
-0.623036,51,224.495044
-0.69657,51,224.519443
-0.705754,51,224.543786
-0.63914,51,224.568555
-0.762062,52,224.592943
-0.797769,51,224.618198
-0.710459,52,224.642938
-0.680693,51,224.666786
-0.689309,51,224.692161
-0.632284,51,224.71585
-0.599236,51,224.740491
-0.626768,51,224.765122
-0.682624,51,225.015504
-0.671948,51,225.040379
-0.682241,51,225.064333
-0.723365,51,225.089933
-0.633668,51,225.113787
-0.617128,51,225.138613
-0.653051,51,225.164049
-0.722885,51,225.188172
-0.627857,51,225.213267
-0.614797,51,225.237751
-0.606038,51,225.262391
-0.632707,51,225.286528
-0.793472,51,225.312418
-0.675739,51,225.336554
-0.71674,51,225.360355
-0.704103,51,225.384946
-0.5891,52,225.410215
-0.555116,51,225.434013
-0.671161,51,225.459194
-0.70674,51,225.483385
-0.674829,51,225.507429
-0.630011,51,225.532635
-0.666625,51,225.556212
-0.704513,51,225.581127
-0.561654,51,225.605856
-0.661618,52,225.630402
-0.669534,51,225.655811
-0.752639,52,225.680475
-0.566397,51,225.704746
-0.653647,51,225.730205
-0.766176,51,225.754137
-0.832026,51,225.778983
-0.87315,51,225.803556
-0.640584,52,225.827798
-0.740964,52,225.853637
-0.612908,52,225.878102
-0.608185,51,225.903558
-0.707433,51,225.927227
-0.919764,51,225.951789
-0.829594,51,225.976818
-0.635212,51,226.226519
-0.641357,51,226.250876
-0.698183,51,226.275504
-0.738553,51,226.299414
-0.662964,52,226.325459
-0.645608,51,226.35008
-0.698835,52,226.376503
-0.732035,51,226.400783
-0.614727,51,226.425553
-0.67225,51,226.450983
-0.712207,51,226.475244
-0.735429,51,226.500577
-0.659411,51,226.525412
-0.721245,51,226.549306
-0.692,51,226.574772
-0.751937,51,226.598611
-0.84322,51,226.622804
-0.632379,51,226.647725
-0.62277,51,226.671445
-0.778232,51,226.69656
-0.691896,51,226.720699
-0.644146,51,226.744425
-0.661647,51,226.76975
-0.741163,52,226.794226
-0.716223,51,226.818783
-0.698276,51,226.843693
-0.633609,51,226.867522
-0.637218,51,226.892714
-0.689766,52,226.917551
-0.671443,51,226.941455
-0.614149,51,226.966972
-0.617821,51,226.99102
-0.667599,51,227.015402
-0.773103,52,227.040525
-0.656278,51,227.064234
-0.600167,51,227.089332
-0.625086,51,227.114272
-0.86229,51,227.138882
-0.639341,51,227.165039
-0.725549,51,227.188702
-0.619997,52,227.440508
-0.671234,51,227.464502
-0.756542,51,227.4892
-0.828952,51,227.514043
-0.793821,51,227.537682
-0.65956,52,227.563765
-0.665212,51,227.588533
-0.725905,51,227.612835
-0.669094,51,227.638731
-0.685207,51,227.662907
-0.599558,52,227.687974
-0.710111,51,227.713313
-0.716582,51,227.737487
-0.699242,51,227.76243
-0.627604,51,227.786875
-0.6354,52,227.811083
-0.758875,52,227.836997
-0.606596,51,227.863276
-0.728054,51,227.900212
-0.7151,51,227.929862
-0.65213,52,227.961432
-0.632661,51,227.994541
-0.8391,51,228.021273
-0.694014,51,228.047213
-0.788117,51,228.07183
-0.727717,51,228.096458
-0.661437,51,228.122137
-0.619207,52,228.14715
-0.690479,51,228.171265
-0.698763,52,228.196966
-0.725238,52,228.222461
-0.588663,51,228.246453
-0.622194,51,228.271693
-0.68356,51,228.295834
-0.709252,51,228.319949
-0.658497,51,228.345465
-0.812943,51,228.3693
-0.605036,51,228.393917
-0.782982,51,228.418654
-0.624441,51,228.442395
-0.742839,51,228.693604
-0.749451,51,228.719455
-0.689822,51,228.743437
-0.740468,51,228.768997
-0.696854,51,228.792785
-0.678416,52,228.819231
-0.644565,51,228.84356
-0.774738,51,228.867764
-0.713079,51,228.892819
-0.692497,52,228.91832
-0.630009,51,228.942492
-0.781059,51,228.968046
-0.762152,51,228.992536
-0.714592,51,229.01661
-0.739019,52,229.041298
-0.69852,51,229.066548
-0.66425,52,229.090852
-0.677663,51,229.115661
-0.67664,51,229.140106
-0.641313,51,229.164045
-0.63678,51,229.189414
-0.676753,52,229.213585
-0.62778,52,229.238301
-0.663258,51,229.263179
-0.685399,52,229.287556
-0.63609,51,229.312522
-0.667485,51,229.336902
-0.771201,51,229.36063
-0.697306,51,229.386132
-0.803208,52,229.410574
-0.651774,51,229.436156
-0.691256,51,229.460003
-0.788474,52,229.485155
-0.625717,51,229.509779
-0.636793,51,229.533469
-0.782451,51,229.558807
-0.648912,51,229.582578
-0.806805,51,229.606829
-0.64499,51,229.631892
-0.716489,52,229.656085
-0.698661,51,229.908804
-0.691147,51,229.933176
-0.740136,51,229.958112
-0.735765,51,229.983222
-0.62065,51,230.007607
-0.597238,51,230.031713
-0.739923,51,230.057552
-0.604046,51,230.081727
-0.722652,51,230.105872
-0.715482,51,230.130744
-0.707242,52,230.155636
-0.608207,51,230.180509
-0.675029,52,230.206428
-0.635158,52,230.231619
-0.837032,51,230.255463
-0.781418,51,230.281011
-0.591268,51,230.304738
-0.589397,52,230.329504
-0.719408,51,230.3544
-0.747277,51,230.378149
-0.672561,51,230.403026
-0.606028,51,230.42726
-0.617331,52,230.451509
-0.645463,52,230.477348
-0.624252,52,230.50201
-0.756758,51,230.52717
-0.775483,51,230.550895
-0.673558,51,230.575661
-0.678728,51,230.599689
-0.635034,51,230.623838
-0.733827,51,230.647785
-0.649419,52,230.673768
-0.652265,51,230.697922
-0.66047,52,230.722287
-0.687012,51,230.746933
-0.658056,51,230.770641
-0.629041,51,230.79592
-0.599191,51,230.819696
-0.724141,51,230.843856
-0.650575,52,230.869369
-0.625127,51,231.121198
-0.641431,51,231.145115
-0.688802,51,231.169926
-0.723799,51,231.194783
-0.907661,51,231.218511
-0.816456,51,231.244097
-0.70582,52,231.269138
-0.617748,51,231.293659
-0.683605,51,231.319396
-0.793052,51,231.343604
-0.679913,52,231.368948
-0.744017,51,231.39421
-0.726576,52,231.418986
-0.786247,51,231.444839
-0.700273,51,231.4686
-0.707259,52,231.494702
-0.608612,52,231.520053
-0.736332,51,231.547678
-0.67253,51,231.572252
-0.603044,51,231.596336
-0.594222,51,231.621953
-0.686753,51,231.645935
-0.82003,51,231.670647
-0.626443,51,231.695492
-0.741586,52,231.721105
-0.691072,51,231.745973
-0.639615,51,231.769957
-0.663916,51,231.79557
-0.735096,51,231.819719
-0.672512,51,231.844193
-0.650074,51,231.869463
-0.639117,52,231.894066
-0.654826,51,231.918964
-0.62538,51,231.943628
-0.637895,51,231.967528
-0.750614,51,231.992862
-0.659071,51,232.016982
-0.626052,51,232.041154
-0.686351,51,232.066312
-0.788925,51,232.090198
-0.727518,51,232.342256
-0.736926,51,232.367247
-0.723275,52,232.392845
-0.702972,51,232.416664
-0.744252,52,232.442275
-0.731982,51,232.466783
-0.752871,51,232.491245
-0.654234,51,232.517201
-0.598406,51,232.54149
-0.732747,51,232.566259
-0.711629,51,232.591543
-0.732609,51,232.615707
-0.661274,52,232.640519
-0.658377,51,232.666049
-0.839268,51,232.690395
-0.707448,51,232.714512
-0.802203,51,232.739831
-0.670715,51,232.763794
-0.651639,51,232.78863
-0.720661,51,232.813677
-0.76926,51,232.837568
-0.667516,51,232.862688
-0.726207,51,232.886746
-0.698899,51,232.912256
-0.685821,51,232.936365
-0.666236,51,232.961051
-0.571743,52,232.986915
-0.687463,51,233.011683
-0.713174,51,233.036014
-0.596899,52,233.061273
-0.663311,51,233.085313
-0.665995,51,233.111125
-0.626518,51,233.135628
-0.644989,51,233.159848
-0.658539,51,233.185126
-0.816278,51,233.208996
-0.686927,51,233.233879
-0.620951,51,233.258045
-0.656868,52,233.282934
-0.618499,51,233.306845
-0.711245,51,233.558318
-0.747885,51,233.58419
-0.597903,52,233.608747
-0.723412,51,233.633074
-0.649654,51,233.658203
-0.566039,51,233.682129
-0.879676,51,233.707258
-0.645653,51,233.732366
-0.658262,51,233.7566
-0.706906,51,233.782326
-0.62166,51,233.806835
-0.844501,51,233.831253
-0.643279,51,233.857018
-0.616988,51,233.881179
-0.652132,51,233.905891
-0.743052,51,233.930594
-0.694412,51,233.954493
-0.642131,51,233.978128
-0.576285,51,234.003506
-0.759971,52,234.027809
-0.590247,51,234.052226
-0.848927,51,234.077153
-0.66053,51,234.100978
-0.608561,51,234.126028
-0.671363,51,234.150461
-0.545482,51,234.176133
-0.689481,51,234.200341
-0.70423,51,234.224365
-0.691434,52,234.250598
-0.589666,51,234.274562
-0.574129,52,234.299944
-0.733088,52,234.325142
-0.834174,51,234.348964
-0.66388,51,234.372604
-0.634955,52,234.39859
-0.680855,51,234.422371
-0.695333,51,234.446799
-0.740721,51,234.471652
-0.684492,52,234.495931
-0.618759,51,234.52096
-0.715823,51,234.771204
-0.625587,51,234.795647
-0.657352,52,234.82013
-0.770423,51,234.844414
-0.718538,51,234.869665
-0.689795,51,234.894507
-0.655538,51,234.919001
-0.694846,51,234.944085
-0.697544,52,234.968753
-0.573583,51,234.994374
-0.745304,51,235.018819
-0.74477,52,235.043732
-0.655953,51,235.068101
-0.646438,51,235.093701
-0.700719,51,235.117628
-0.62504,51,235.141487
-0.696231,51,235.166597
-0.664225,51,235.190959
-0.714309,51,235.214951
-0.718733,51,235.24043
-0.710906,51,235.264264
-0.655211,52,235.289211
-0.694658,51,235.314131
-0.713512,51,235.337664
-0.668164,52,235.363488
-0.755953,51,235.387928
-0.796078,52,235.412444
-0.606063,51,235.438085
-0.648714,51,235.462181
-0.715087,51,235.486922
-0.716704,51,235.51196
-0.657237,51,235.536803
-0.738785,51,235.561056
-0.74128,51,235.585435
-0.649285,52,235.611347
-0.586178,52,235.635987
-0.824304,51,235.659739
-0.666402,51,235.685194
-0.647285,51,235.708907
-0.640093,51,235.732554
-0.723241,51,235.987076
-0.652153,51,236.012204
-0.814841,51,236.036073
-0.822267,51,236.059943
-0.683014,51,236.085376
-0.726446,51,236.109449
-0.759149,51,236.135941
-0.732261,51,236.160137
-0.826008,51,236.184313
-0.724516,52,236.20963
-0.719863,51,236.23482
-0.682595,52,236.259483
-0.746823,51,236.283608
-0.749259,52,236.309621
-0.654724,51,236.333712
-0.670143,51,236.357657
-0.693297,51,236.38161
-0.729555,51,236.406352
-0.58707,51,236.43009
-0.647212,52,236.455767
-0.85499,51,236.480124
-0.551543,51,236.504033
-0.690482,52,236.53012
-0.683765,51,236.553836
-0.595218,51,236.579467
-0.635329,52,236.603931
-0.695268,51,236.628888
-0.597874,51,236.653562
-0.671961,51,236.677525
-0.655355,52,236.703471
-0.736481,51,236.727577
-0.611432,51,236.751818
-0.584659,51,236.777062
-0.753515,51,236.800729
-0.629722,51,236.825442
-0.778092,51,236.849527
-0.699157,52,236.874363
-0.632982,51,236.899678
-0.675736,51,236.923512
-0.668507,51,236.947196
-0.606757,51,237.198593
-0.636953,51,237.222723
-0.599642,52,237.24808
-0.747092,51,237.272979
-0.722146,51,237.296768
-0.586546,51,237.32246
-0.810717,51,237.346763
-0.680325,52,237.373136
-0.618202,51,237.397559
-0.676002,51,237.422179
-0.72838,52,237.448324
-0.588144,51,237.472491
-0.692516,51,237.497427
-0.691382,51,237.52237
-0.642534,51,237.546289
-0.608079,51,237.571553
-0.608031,51,237.59564
-0.691517,51,237.619926
-0.719813,52,237.645734
-0.770312,51,237.669415
-0.714528,51,237.693994
-0.658409,52,237.71908
-0.667868,51,237.742909
-0.775709,51,237.768299
-0.824367,51,237.792415
-0.77945,51,237.816904
-0.740641,51,237.842186
-0.806445,51,237.866153
-0.659852,51,237.893805
-0.647073,51,237.926569
-0.631238,51,237.95257
-0.674824,52,237.97827
-0.622395,51,238.00251
-0.684156,51,238.026683
-0.631812,51,238.051716
-0.635546,52,238.076016
-0.626122,52,238.101437
-0.707697,51,238.125791
-0.742375,51,238.14946
-0.673487,51,238.174929
-0.654603,51,238.485477
-0.6585,51,238.512089
-0.675848,51,238.538239
-0.649088,51,238.563552
-0.706985,51,238.589223
-0.710178,51,238.613507
-0.644268,52,238.639633
-0.778222,51,238.664553
-0.658939,51,238.688863
-0.741187,51,238.713089
-0.681819,51,238.738811
-0.61796,51,238.76305
-0.613319,51,238.787391
-0.705657,51,238.812947
-0.664659,51,238.838979
-0.641458,51,238.862874
-0.613087,51,238.886458
-0.701666,51,238.916637
-0.640869,51,238.943346
-0.689694,51,238.969796
-0.598866,51,238.994622
-0.779124,51,239.017905
-0.672773,51,239.041527
-0.737001,51,239.066264
-0.726062,52,239.094635
-0.696119,51,239.118393
-0.826721,51,239.141568
-0.720807,51,239.165323
-0.716821,52,239.191713
-0.765218,51,239.216689
-0.656653,51,239.240023
-0.641767,51,239.261816
-0.644165,51,239.285352
-0.719869,51,239.307158
-0.621351,51,239.329597
-0.680594,51,239.359682
-0.628253,51,239.381934
-0.623429,51,239.405164
-0.800403,51,239.427706
-0.633246,51,239.44946
-0.619984,51,239.672656
-0.694139,51,239.691237
-0.630832,51,239.709638
-0.71703,51,239.728225
-0.710296,52,239.747257
-0.701244,51,239.765373
-0.597597,51,239.782196
-0.843354,51,239.798947
-0.7953,51,239.816203
-0.686778,51,239.833496
-0.757744,51,239.850042
-0.608436,51,239.866526
-0.661686,51,239.882992
-0.635353,51,239.899448
-0.650139,51,239.91508
-0.820229,51,239.930472
-0.613704,51,239.945854
-0.692798,51,239.961258
-0.659687,51,239.976705
-0.669283,51,239.992091
-0.653119,51,240.00741
-0.804461,51,240.021713
-0.654731,51,240.036087
-0.673613,51,240.050491
-0.715615,51,240.064802
-0.597138,51,240.079165
-0.640958,51,240.093425
-0.576935,52,240.108109
-0.627787,51,240.122498
-0.715285,51,240.13689
-0.635061,51,240.151255
-0.713189,51,240.165606
-0.650784,51,240.179948
-0.657209,51,240.19431
-0.625653,52,240.208964
-0.630443,51,240.223324
-0.725679,52,240.237963
-0.757112,51,240.252324
-0.698687,51,240.266607
-0.773772,51,240.280525
-0.654235,52,240.42199
-0.610358,51,240.436025
-0.827749,51,240.449987
-0.701255,51,240.463888
-0.606778,51,240.477623
-0.632717,51,240.491326
-0.679834,51,240.505076
-0.6552,51,240.518805
-0.733327,51,240.532555
-0.691478,51,240.546312
-0.599317,51,240.560025
-0.625321,51,240.573735
-0.618012,51,240.587422
-0.714773,51,240.601085
-0.630353,51,240.614779
-0.769304,51,240.628612
-0.637292,51,240.642335
-0.594806,51,240.656023
-0.62703,51,240.669742
-0.705081,51,240.684611
-0.798374,52,240.699668
-0.736709,51,240.713686
-0.761853,51,240.727565
-0.644786,51,240.741254
-0.809933,51,240.754978
-0.768766,51,240.76868
-0.633464,51,240.782441
-0.760076,51,240.796166
-0.751641,51,240.809918
-0.650328,51,240.823701
-0.613565,51,240.837399
-0.705546,51,240.85111
-0.628629,51,240.864815
-0.763617,52,240.878776
-0.617789,51,240.893125
-0.585117,51,240.90922
-0.569529,51,240.924806
-0.600176,51,240.940232
-0.797353,51,240.957025
-0.744377,51,240.974405
