#{"t_start": 1789365941.7625852, "env_id": "None"}
r,l,t
-1.798023,52,1.245656
-1.742894,51,1.282064
-1.479466,52,1.320027
-1.73944,51,1.356618
-2.024469,51,1.389674
-1.660046,51,1.420797
-1.509427,51,1.456331
-1.549903,50,1.500642
-1.437631,51,1.537703
-1.603451,51,1.569031
-2.002063,51,1.601729
-1.653087,51,1.635992
-2.049202,52,1.672771
-1.950265,51,1.70587
-1.741333,51,1.73533
-1.572371,51,1.762778
-2.323192,51,1.791728
-1.633492,51,1.819707
-1.409096,51,1.846148
-1.684796,52,1.875542
-1.496304,52,1.904692
-3.258388,51,1.93303
-1.563864,52,1.960462
-1.863378,51,1.989148
-2.088573,51,2.018087
-1.47716,51,2.045824
-1.718067,51,2.076252
-1.867169,51,2.108071
-2.170799,51,2.152286
-1.864296,50,2.199197
-1.430115,52,2.245819
-1.424756,51,2.288724
-1.396601,51,2.32602
-1.610083,51,2.366469
-1.484516,51,2.399668
-1.807726,51,2.429379
-1.856612,51,2.459273
-1.376863,50,2.490661
-1.697017,51,2.520997
-1.597742,51,2.549908
-1.508083,51,2.890282
-1.793794,51,2.921912
-1.892149,51,2.953064
-1.453679,51,2.985217
-1.510626,51,3.017954
-2.050515,51,3.0518
-1.637942,51,3.083603
-2.248744,51,3.112124
-1.687614,51,3.142332
-1.791454,50,3.173853
-1.541348,52,3.206213
-1.762606,51,3.239339
-1.356084,52,3.270204
-2.573317,51,3.300455
-1.40127,52,3.335719
-1.940365,51,3.363178
-1.510927,51,3.390963
-1.648969,52,3.420203
-1.559741,51,3.448721
-1.258338,51,3.476323
-1.867093,51,3.505832
-1.547526,50,3.534485
-1.508995,51,3.561572
-2.196307,51,3.592662
-2.91801,51,3.621507
-1.584513,51,3.649598
-1.753529,51,3.675813
-1.602194,52,3.705144
-1.546781,50,3.733726
-1.904472,51,3.76549
-2.194075,51,3.796242
-1.786096,51,3.885788
-2.309479,51,4.086799
-1.471169,51,4.278089
-2.546576,51,4.352009
-2.06289,51,4.402371
-1.503313,51,4.443969
-1.341132,52,4.478526
-1.829355,52,4.509231
-2.44526,51,4.549781
-1.994006,51,4.952132
-1.636239,51,4.990838
-1.635584,51,5.034954
-1.980839,51,5.073648
-1.842554,52,5.113765
-1.684725,51,5.149491
-1.830227,51,5.184051
-1.37571,50,5.217804
-1.343027,51,5.251573
-1.558289,52,5.288238
-1.864989,50,5.323136
-1.402522,51,5.367324
-1.284901,50,5.401356
-1.725348,51,5.437262
-1.952323,51,5.486164
-1.454909,50,5.618925
-2.513818,52,5.664733
-1.662331,51,5.705273
-1.819999,51,5.742607
-1.732306,52,5.778615
-1.400879,51,5.811132
-1.7127,51,5.840896
-1.92967,51,5.871698
-1.45922,52,5.90335
-1.567053,51,5.93484
-2.405406,51,5.969536
-2.11907,50,6.000133
-1.727072,52,6.035517
-1.949451,51,6.07114
-1.547753,50,6.108749
-1.660566,51,6.1466
-2.004402,51,6.18969
-1.727023,51,6.226672
-1.37794,50,6.261278
-1.567554,52,6.295399
-1.33631,50,6.35403
-1.362415,51,6.39412
-1.906775,52,6.427654
-1.490043,52,6.465035
-1.689842,51,6.497249
-1.447371,52,6.923698
-2.008429,50,6.966247
-2.058305,51,7.006918
-1.718638,51,7.043936
-1.65321,51,7.077492
-1.68189,51,7.114759
-1.837528,51,7.149592
-2.265668,52,7.183435
-1.339599,51,7.213808
-1.192259,51,7.246458
-1.957833,51,7.277359
-1.894656,51,7.312383
-1.593936,51,7.345638
-1.526638,52,7.374492
-1.647807,51,7.402842
-1.467657,50,7.428867
-2.003924,51,7.457933
-1.805361,52,7.486924
-1.404288,52,7.515039
-1.326262,51,7.541297
-1.569583,51,7.571909
-1.67978,52,7.601851
-2.303093,50,7.631321
-1.587858,51,7.661712
-1.865979,51,7.695364
-1.915993,51,7.729695
-1.688906,51,7.766877
-2.057971,51,7.795153
-1.997988,51,7.826681
-1.60891,51,7.856485
-1.658013,51,7.889565
-1.334634,50,7.920369
-1.429237,52,7.951012
-1.470024,51,7.982668
-1.451451,51,8.015101
-1.789861,51,8.045923
-1.448263,51,8.076413
-2.168537,51,8.110028
-1.681324,51,8.143787
-1.350356,51,8.180823
-1.643729,51,8.52531
-1.440788,52,8.559294
-1.454958,52,8.591967
-1.816906,51,8.623265
-1.957032,51,8.654235
-1.44158,51,8.692594
-1.437122,50,8.740237
-1.362473,51,8.779532
-1.997215,51,8.818108
-1.779495,51,8.851751
-1.425836,51,8.88783
-1.520851,51,8.918017
-2.286746,51,8.949642
-1.682014,51,8.978843
-1.568005,51,9.01182
-1.48006,51,9.042417
-1.578526,50,9.076616
-1.578761,51,9.112137
-1.363975,51,9.143389
-1.783584,51,9.175103
-1.481063,51,9.206517
-1.485773,51,9.239999
-1.365276,50,9.269506
-1.603449,51,9.295775
-1.530428,50,9.321905
-2.064849,51,9.349259
-1.687351,52,9.38144
-1.763343,51,9.411257
-1.828086,52,9.446147
-1.571002,51,9.479009
-1.491528,52,9.520084
-1.433287,51,9.552583
-1.586307,52,9.586584
-1.874129,51,9.628931
-1.391453,51,9.661795
-1.856277,51,9.737335
-1.486505,51,9.78035
-1.914432,51,9.824443
-1.594136,51,9.86691
-1.632436,51,9.901346
-1.88621,51,10.218936
-1.602797,52,10.24893
-1.888688,51,10.277115
-1.998493,51,10.307767
-1.679448,51,10.336981
-1.632239,51,10.367544
-1.332929,51,10.397506
-1.515869,51,10.427876
-1.736239,51,10.460225
-1.607064,52,10.494975
-1.390917,52,10.530792
-1.808671,51,10.569403
-1.441736,51,10.602586
-1.660515,51,10.638025
-1.651495,50,10.671848
-1.439496,50,10.703968
-1.74348,51,10.740663
-1.657255,51,10.774977
-1.722237,51,10.808214
-1.551188,51,10.846666
-1.655952,51,10.881489
-1.436987,51,10.917104
-1.647265,51,10.952607
-1.672567,51,10.987993
-1.697634,52,11.024367
-1.762696,51,11.059032
-1.729816,51,11.091078
-2.212803,52,11.121045
-1.481743,50,11.149519
-2.212057,51,11.177256
-1.677719,51,11.207117
-2.463663,51,11.236164
-1.854511,51,11.263219
-1.764381,51,11.292166
-1.932946,51,11.322159
-1.473474,51,11.35102
-1.508886,52,11.381287
-1.574599,52,11.411676
-1.542597,52,11.440822
-1.539244,51,11.470587
-1.315521,50,11.811136
-1.406277,51,11.84489
-1.557667,51,11.883392
-1.444025,52,11.922425
-1.419607,51,11.959218
-1.735043,51,11.996418
-1.174354,50,12.033711
-1.49707,51,12.067838
-1.550046,51,12.102774
-1.598399,52,12.137447
-1.75122,51,12.175895
-1.888567,51,12.213717
-1.686185,51,12.245983
-1.526437,50,12.275472
-1.369033,51,12.307403
-2.456968,51,12.338288
-1.433225,50,12.369906
-1.372231,51,12.399963
-1.744589,51,12.561482
-1.821036,51,12.604138
-1.872936,50,12.633403
-1.675003,51,12.664445
-1.538663,52,12.693688
-1.793594,51,12.724229
-1.529963,52,12.756298
-1.364255,52,12.789289
-1.541054,51,12.82112
-1.502927,50,12.851442
-1.60087,51,12.882523
-1.379909,50,12.91224
-1.977974,50,12.944879
-1.556831,52,12.977404
-1.485115,51,13.009577
-1.213944,51,13.049686
-1.773328,51,13.084888
-1.434566,50,13.111843
-1.482817,51,13.140797
-1.2857,51,13.170151
-1.420957,51,13.198895
-1.50863,51,13.228894
-2.282967,51,13.530682
-1.622557,51,13.559606
-1.43416,51,13.58949
-1.903917,51,13.619936
-1.982621,52,13.648855
-1.926484,51,13.676683
-1.19823,51,13.706016
-1.63757,51,13.73559
-1.664734,51,13.76289
-1.392869,51,13.792107
-1.326869,51,13.821291
-1.810903,52,13.851469
-1.472144,52,13.881142
-1.652888,51,13.910435
-2.267053,51,13.940443
-1.880097,52,13.969912
-1.395274,51,13.997731
-2.043176,50,14.025565
-1.402937,50,14.054284
-1.351311,51,14.083264
-1.642553,52,14.110924
-1.268004,50,14.139523
-1.280322,51,14.168258
-1.530717,51,14.195476
-1.815615,51,14.224419
-1.594644,51,14.252728
-1.734139,51,14.280975
-1.736837,51,14.310172
-1.602897,51,14.33893
-1.533537,51,14.367944
-1.908767,51,14.395107
-1.52551,51,14.423973
-1.509036,52,14.45288
-1.916424,51,14.481847
-1.730486,51,14.50933
-1.844293,51,14.53807
-1.464401,51,14.567934
-1.92801,51,14.595792
-1.540005,51,14.624086
-1.71432,51,14.654391
-1.740264,51,14.953206
-1.600039,51,14.982069
-1.274491,51,15.010211
-1.679443,51,15.039829
-1.710671,51,15.069111
-1.316098,51,15.101436
-1.51537,51,15.129366
-1.312146,51,15.160998
-1.962535,51,15.190092
-1.525222,51,15.218347
-1.412765,52,15.246965
-1.459505,50,15.274645
-1.861318,51,15.30349
-1.492697,51,15.332317
-1.504497,51,15.359489
-1.651043,52,15.388759
-1.795126,51,15.41752
-1.605673,51,15.443571
-1.960701,51,15.47204
-1.473697,50,15.500928
-1.738493,51,15.52832
-1.303137,51,15.556979
-1.590131,52,15.586514
-1.584371,51,15.615445
-1.698069,52,15.643378
-1.664756,51,15.67271
-1.965958,51,15.702195
-1.803881,51,15.729593
-1.719153,51,15.758969
-1.424245,51,15.787519
-1.640938,50,15.812668
-1.168956,51,15.841137
-1.334641,51,15.869355
-1.742651,51,15.894765
-1.299804,50,15.920777
-1.751589,51,15.947846
-1.576831,51,15.973484
-1.262234,50,15.99957
-1.678922,51,16.024682
-1.912428,51,16.052242
-1.55551,52,16.077686
-2.436054,51,16.358193
-1.437062,51,16.387267
-1.574849,51,16.413854
-1.419046,51,16.44396
-1.517619,50,16.474563
-1.614425,51,16.504408
-1.604438,51,16.536445
-1.484252,52,16.568027
-1.585642,51,16.600543
-1.73708,50,16.628632
-1.480038,51,16.659301
-1.479855,51,16.690324
-1.587772,51,16.720018
-1.388163,51,16.751229
-1.500037,52,16.783178
-1.499375,51,16.81428
-1.388874,50,16.844036
-1.388012,51,16.873212
-1.421874,51,16.904596
-1.416861,51,16.935519
-1.674265,51,16.966466
-1.677738,51,16.994596
-1.137433,50,17.023375
-1.453058,51,17.052585
-1.814618,51,17.082184
-1.892093,51,17.114182
-1.347179,51,17.144473
-1.433442,51,17.174935
-1.55096,51,17.209347
-1.713571,51,17.23932
-1.77978,51,17.271551
-1.676369,51,17.302356
-1.337694,51,17.332194
-1.736128,51,17.362264
-1.492199,51,17.392705
-1.605557,51,17.423358
-1.370173,51,17.45592
-1.537835,51,17.485094
-1.654083,51,17.514154
-1.723608,51,17.544091
-1.425783,51,17.872192
-1.743721,51,17.906236
-1.50552,52,17.940413
-1.357902,51,17.975517
-1.808036,51,18.00745
-1.430152,51,18.038604
-1.838179,52,18.070189
-1.23016,50,18.098033
-1.414455,51,18.128635
-1.522883,50,18.159582
-1.462393,51,18.188855
-1.485512,51,18.219542
-1.674018,51,18.252625
-1.375675,51,18.283537
-1.674776,52,18.316242
-1.891883,51,18.34652
-1.497079,52,18.377727
-1.720313,51,18.407911
-1.385507,51,18.438913
-1.64988,51,18.46974
-1.500282,51,18.499874
-1.701892,52,18.530546
-1.458344,51,18.562691
-1.208235,51,18.591191
-1.53248,51,18.620822
-1.289336,52,18.653032
-1.883006,50,18.68187
-1.330762,51,18.710669
-1.297612,51,18.741694
-1.323133,50,18.771722
-2.035839,51,18.80249
-1.438082,52,18.835189
-1.350446,51,18.864673
-1.442133,51,18.894216
-1.484283,51,18.92343
-1.412563,52,18.954039
-2.05657,51,18.982941
-1.788023,51,19.012496
-1.498442,51,19.042649
-1.307981,52,19.074912
-1.174205,51,19.425307
-1.198737,51,19.460582
-1.140614,51,19.498276
-1.337282,50,19.528534
-1.220226,52,19.561184
-1.847427,51,19.594217
-1.660771,51,19.624727
-1.161387,52,19.655295
-1.25273,51,19.683849
-1.23475,52,19.712283
-1.378209,50,19.741627
-1.277722,52,19.772237
-1.456339,51,19.801897
-1.552165,52,19.83428
-1.546628,51,19.865077
-1.410454,51,19.899541
-1.651461,51,19.93665
-1.16663,51,19.974986
-1.631918,51,20.010319
-1.603169,51,20.044047
-1.533399,51,20.074121
-1.216516,50,20.104856
-1.166477,51,20.138777
-1.093664,51,20.171566
-1.808911,51,20.204187
-1.803355,51,20.239278
-1.521841,50,20.273357
-1.541005,51,20.305746
-1.532725,51,20.340254
-1.217199,51,20.371418
-1.330264,51,20.401647
-1.405946,52,20.432848
-1.347702,50,20.462701
-1.428214,51,20.495476
-1.278581,51,20.533858
-1.708419,51,20.566067
-1.638315,51,20.594965
-1.783527,51,20.62596
-1.797339,51,20.657649
-1.600179,52,20.688909
-1.254268,52,21.022077
-1.689624,50,21.054943
-1.369935,51,21.086468
-1.500515,52,21.116118
-1.615127,52,21.145673
-1.814939,51,21.177252
-1.676716,52,21.208443
-1.466988,51,21.239275
-1.527986,51,21.270432
-1.757874,51,21.302576
-1.413622,52,21.33586
-1.499954,51,21.365371
-1.914051,51,21.394916
-1.350884,50,21.425494
-1.633681,51,21.454921
-1.251645,50,21.486579
-1.545559,51,21.516655
-1.655594,51,21.545901
-1.314244,52,21.57634
-1.337076,50,21.608613
-1.459201,51,21.637827
-1.795287,51,21.666345
-1.297083,52,21.697232
-1.259496,51,21.728964
-1.391975,51,21.761585
-1.582286,51,21.925015
-1.317259,51,21.992799
-1.511124,51,22.049982
-1.195719,51,22.112415
-1.536647,51,22.179089
-1.970725,51,22.241959
-1.605702,51,22.279259
-1.305006,51,22.325466
-1.533709,51,22.362803
-2.178477,51,22.400312
-1.668709,50,22.444666
-1.388303,50,22.480727
-1.212922,51,22.515968
-1.413785,51,22.555784
-1.670613,51,22.594598
-1.457471,51,23.013618
-1.370711,51,23.077396
-1.319345,51,23.116865
-1.384062,51,23.150149
-1.322426,51,23.185544
-1.54576,52,23.217872
-1.349967,51,23.252513
-1.707271,51,23.285972
-1.800826,51,23.324677
-1.35408,50,23.358897
-1.5351,51,23.39483
-1.63467,51,23.42758
-1.298195,50,23.457556
-1.493592,52,23.49132
-1.567331,51,23.522359
-1.262007,52,23.552238
-1.593792,51,23.584242
-1.640836,51,23.617425
-1.893773,51,23.659156
-1.613633,51,23.688839
-1.494703,50,23.718086
-1.337106,52,23.750076
-1.468519,51,23.783065
-1.387813,50,23.81647
-1.799932,52,23.851067
-1.259296,50,23.881339
-1.607493,51,23.914079
-1.4919,51,23.947638
-1.448341,51,23.97587
-1.977138,51,24.006106
-1.503253,51,24.03742
-1.212628,52,24.066593
-1.423596,52,24.098493
-1.759298,50,24.131022
-1.318033,51,24.161987
-1.528354,51,24.191394
-1.491733,50,24.219886
-1.229121,50,24.250538
-1.230444,51,24.278586
-1.48214,51,24.310115
-1.21576,51,24.700313
-1.673979,52,24.771252
-1.435714,51,24.838781
-1.415051,50,24.883052
-1.39297,51,24.930391
-1.371496,51,24.968451
-1.223283,51,25.000812
-1.389282,52,25.040844
-1.335692,51,25.080474
-1.549005,50,25.113524
-1.23655,51,25.144877
-1.769026,51,25.17782
-1.456331,50,25.211433
-2.101646,51,25.243696
-1.422021,52,25.282583
-1.351917,51,25.317124
-1.406392,51,25.360032
-1.569305,52,25.403317
-1.37802,52,25.457637
-1.765718,51,25.49093
-1.850883,51,25.530557
-1.318921,52,25.573151
-1.383339,52,25.614247
-1.310063,50,25.652772
-1.353688,51,25.692988
-1.213737,51,25.730207
-1.435958,51,25.769852
-1.67449,51,25.807706
-1.192668,50,25.847598
-1.424598,52,25.882496
-1.414036,51,25.914295
-1.532728,52,25.945423
-1.86908,51,25.98091
-1.782383,51,26.015917
-1.743165,51,26.054796
-1.341458,51,26.090731
-1.287831,51,26.130294
-1.413264,51,26.168753
-1.962056,51,26.204607
-1.798151,51,26.244919
-1.640616,51,26.625079
-1.399785,51,26.657804
-1.338696,51,26.69134
-1.476749,51,26.724314
-1.560096,51,26.759606
-1.620981,51,26.795895
-1.410577,50,26.82856
-1.378595,51,26.86254
-1.153551,51,26.894902
-1.340145,51,26.925571
-1.51004,51,26.956725
-1.858558,51,26.989174
-1.36558,51,27.020241
-1.486375,50,27.051361
-1.209209,51,27.083671
-1.188353,50,27.116102
-1.766084,51,27.146998
-2.205287,51,27.182813
-1.372725,51,27.222994
-1.358421,50,27.255962
-1.219287,50,27.290603
-1.342985,51,27.323788
-1.201473,50,27.357939
-1.423017,51,27.392531
-1.258396,51,27.427064
-1.618075,51,27.462927
-1.291918,52,27.502913
-1.919394,51,27.539069
-1.21476,50,27.575771
-1.308768,50,27.611194
-1.490745,51,27.645821
-2.021097,51,27.680854
-1.17247,52,27.716426
-1.620384,51,27.750612
-1.80959,51,27.784817
-1.194049,51,27.8189
-1.709917,51,27.853932
-1.184323,51,27.886579
-1.35627,51,27.919538
-1.314008,50,27.952424
-1.375854,51,27.986582
-1.185534,50,28.382316
-1.520031,51,28.420998
-1.289187,50,28.456034
-1.193344,52,28.488039
-1.850741,51,28.520184
-1.359572,52,28.551652
-1.111979,50,28.583232
-1.175511,51,28.623491
-1.642624,51,28.658465
-1.206349,52,28.692913
-1.493782,52,28.73806
-1.481137,51,28.770453
-1.626656,51,28.801708
-1.407741,51,28.831673
-1.315448,51,28.860648
-1.47655,51,28.88987
-1.347248,51,28.918253
-1.34999,52,28.945659
-1.507058,52,28.975008
-1.41288,51,29.004074
-1.232396,51,29.032338
-1.323661,52,29.060255
-1.564001,52,29.089307
-1.482825,51,29.118323
-1.637505,51,29.145136
-1.379365,51,29.17327
-1.389896,51,29.201971
-1.372662,50,29.229246
-1.58978,51,29.259735
-1.298151,51,29.291552
-1.107151,51,29.321391
-1.742131,51,29.351629
-1.247244,51,29.384133
-1.377311,51,29.414107
-1.893581,51,29.443024
-1.305681,52,29.473342
-1.988856,51,29.501328
-1.655881,51,29.528326
-1.888566,51,29.554788
-1.42159,51,29.581528
-1.697866,51,29.8691
-1.262797,51,29.900304
-1.434237,50,29.929817
-1.037343,50,29.957242
-1.450869,52,29.987076
-1.524173,51,30.016375
-1.483847,51,30.044385
-1.203649,52,30.073039
-1.329303,50,30.101349
-1.404501,51,30.129408
-1.177624,51,30.157845
-1.333804,50,30.186858
-1.532157,51,30.216519
-1.437112,51,30.245977
-1.181345,51,30.275132
-1.470302,51,30.305024
-1.684337,51,30.33168
-1.416117,51,30.358249
-1.578718,51,30.386488
-1.703892,52,30.415303
-1.076364,51,30.443015
-1.336136,51,30.469691
-1.251195,51,30.495673
-1.488035,51,30.523721
-1.335871,52,30.55208
-1.401162,52,30.579815
-1.327989,51,30.607107
-1.440629,51,30.633299
-1.920332,51,30.660299
-1.430989,51,30.689038
-1.522843,51,30.717494
-1.479715,52,30.747617
-1.290296,52,30.779005
-1.485259,51,30.808988
-1.388357,51,30.838852
-1.165164,51,30.867202
-1.359539,51,30.895899
-1.534629,51,30.924643
-1.303539,51,30.952294
-1.630583,51,30.98016
-1.550828,50,31.344778
-1.330105,51,31.383323
-1.314193,51,31.418447
-1.469212,51,31.448202
-1.254792,51,31.481721
-1.527386,51,31.522122
-1.226288,51,31.562735
-1.328993,51,31.602087
-1.360662,51,31.636823
-1.235659,52,31.676668
-1.257552,52,31.705347
-1.272818,51,31.734291
-1.309172,51,31.760519
-1.393852,50,31.788472
-1.508951,51,31.815764
-1.418468,51,31.843923
-1.307096,51,31.870706
-1.228036,51,31.89786
-1.254719,52,31.926236
-1.437184,51,31.952804
-1.461161,51,31.980841
-1.45974,50,32.006718
-1.174682,51,32.034787
-1.195318,51,32.060667
-1.432397,51,32.088644
-1.436463,51,32.115809
-1.385183,51,32.150151
-1.56892,51,32.17823
-1.606738,52,32.211437
-1.56612,51,32.245814
-1.639051,51,32.273942
-1.177885,50,32.307563
-1.303942,51,32.333433
-1.279537,51,32.359388
-1.289397,51,32.386397
-1.390616,51,32.512364
-1.576466,51,32.569581
-1.358123,51,32.597417
-1.281627,51,32.625764
-1.815842,51,32.654441
-1.37908,51,32.969113
-1.653519,52,32.998861
-1.284479,51,33.026622
-1.445332,51,33.056471
-1.293496,51,33.087648
-1.285673,50,33.119812
-1.25933,51,33.156125
-1.377862,52,33.195782
-1.394092,51,33.234524
-1.219829,52,33.270017
-1.421226,51,33.324154
-1.405043,50,33.373865
-1.652242,51,33.419318
-1.433512,52,33.44966
-1.250553,51,33.474791
-1.475806,51,33.5006
-1.392259,51,33.526109
-1.248139,51,33.552474
-1.16768,51,33.577548
-1.304066,51,33.604948
-1.521665,51,33.635057
-1.512945,52,33.662545
-1.994215,51,33.691843
-1.397999,52,33.721952
-1.273053,52,33.751713
-1.453537,51,33.782511
-1.490183,51,33.823836
-1.397267,51,33.867468
-1.23872,52,33.901639
-1.24612,51,33.951453
-1.527706,51,33.994569
-1.201503,51,34.038608
-1.107769,50,34.075685
-1.502897,50,34.10905
-1.379158,50,34.145684
-1.562903,51,34.205339
-1.301713,51,34.241262
-1.33682,51,34.281659
-1.097356,51,34.321448
-1.269797,52,34.355384
-1.180253,51,34.690098
-1.16831,50,34.727039
-1.234405,50,34.769044
-1.42785,52,34.808637
-1.43659,51,34.840793
-1.248196,51,34.871706
-1.50279,50,34.900812
-1.80542,51,34.931876
-1.229802,51,34.960846
-1.260199,52,34.990514
-1.356168,51,35.020649
-1.812482,51,35.048432
-1.234388,51,35.079078
-1.573668,52,35.118235
-1.151999,50,35.148759
-1.340774,50,35.179165
-1.353528,51,35.209199
-1.168816,50,35.237075
-1.269551,51,35.261972
-1.33374,52,35.289076
-1.772074,51,35.315238
-1.248081,50,35.340008
-1.244848,51,35.367233
-1.324476,51,35.391047
-1.283994,51,35.418185
-1.294533,51,35.444405
-1.071171,51,35.480481
-1.418124,51,35.51034
-1.094028,51,35.538984
-1.750086,51,35.570117
-1.267968,51,35.599491
-1.479203,50,35.628115
-1.609662,51,35.656267
-1.193655,51,35.684865
-1.284548,51,35.710235
-1.502369,51,35.736678
-1.304569,50,35.761396
-1.173034,50,35.787163
-1.316905,50,35.811784
-1.40316,51,35.840787
-1.610139,51,36.152051
-1.40563,51,36.177589
-1.31182,50,36.204404
-1.230933,50,36.229279
-1.164449,50,36.254697
-1.390145,51,36.278646
-1.36951,51,36.307728
-1.442109,51,36.335074
-1.41122,51,36.362373
-1.412615,51,36.390696
-1.429694,50,36.42056
-1.417296,51,36.448709
-1.666108,51,36.474179
-1.2038,51,36.502525
-1.367969,51,36.528957
-1.432883,51,36.557081
-1.183062,50,36.586396
-1.213495,51,36.614254
-1.283831,50,36.639353
-1.257479,51,36.667261
-1.51371,51,36.691051
-1.421338,50,36.717118
-1.327332,51,36.742242
-1.231204,51,36.770601
-1.371247,51,36.805099
-1.417168,51,36.8363
-1.272482,51,36.867579
-1.331921,50,36.897612
-1.629546,51,36.931572
-1.431916,51,36.96709
-1.28039,51,37.003601
-1.243282,50,37.039166
-1.438867,50,37.073228
-1.267454,50,37.107962
-1.463116,51,37.141975
-1.288369,51,37.17346
-1.442027,51,37.208647
-1.704033,51,37.241034
-1.331578,51,37.269963
-1.289024,51,37.298455
-1.311149,50,37.327314
-1.21378,50,37.6382
-1.251461,51,37.667598
-1.143296,52,37.698623
-1.395421,51,37.728684
-1.117302,51,37.758815
-1.339294,51,37.787846
-1.195079,51,37.817279
-1.337823,51,37.84548
-1.480461,51,37.874215
-1.25118,52,37.904089
-1.434113,51,37.932637
-1.440757,51,37.960621
-1.254403,51,37.989532
-1.281213,51,38.017455
-1.144901,50,38.043802
-1.252209,51,38.072483
-1.634661,51,38.100888
-1.309378,51,38.128466
-1.482715,51,38.157275
-1.189142,51,38.18645
-1.225646,50,38.214591
-1.224035,52,38.24331
-1.468237,51,38.27167
-1.4345,51,38.300063
-1.457844,51,38.326634
-1.332689,51,38.355279
-1.377784,51,38.383831
-1.272269,51,38.410939
-1.302394,51,38.439492
-1.270148,51,38.468177
-1.351675,51,38.499995
-1.45072,51,38.527037
-1.312236,50,38.554656
-1.38712,51,38.583223
-1.186717,51,38.61065
-1.144405,50,38.63912
-1.2431,51,38.667766
-1.216463,51,38.694682
-1.278295,52,38.724045
-1.114045,51,38.752927
-1.117537,51,39.069653
-1.136202,51,39.121033
-1.269999,51,39.149926
-1.514642,51,39.189191
-1.24415,51,39.219314
-1.156438,51,39.259718
-1.437623,51,39.292819
-1.366533,50,39.323532
-1.141817,50,39.360073
-1.257121,51,39.39688
-1.259485,52,39.438023
-1.486267,51,39.467287
-1.423922,51,39.496858
-1.298547,50,39.528332
-1.315889,52,39.561132
-1.614575,52,39.591808
-1.238124,52,39.625812
-1.093761,51,39.656123
-1.361199,51,39.690994
-1.62345,52,39.72552
-1.128432,50,39.755597
-1.088995,50,39.782721
-1.33935,51,39.809921
-1.439602,52,39.836979
-1.444492,51,39.864801
-1.149779,51,39.895096
-1.462497,52,39.924627
-1.29783,52,39.954052
-1.460806,51,39.982934
-1.316218,51,40.009503
-1.352217,51,40.038273
-1.489004,51,40.066866
-1.525891,51,40.101997
-1.219828,51,40.148376
-1.140193,50,40.174699
-1.253377,51,40.203117
-1.307048,51,40.231632
-1.113915,51,40.259039
-1.214197,50,40.28703
-1.476706,52,40.316302
-1.254078,51,40.640028
-1.339499,51,40.671159
-1.219199,52,40.7041
-1.2289,51,40.735142
-1.28206,51,40.764438
-1.392954,51,40.794465
-1.463144,51,40.824653
-1.180957,51,40.85464
-1.251639,51,40.884559
-1.28644,51,40.91246
-1.301303,51,40.941084
-1.309894,51,40.97057
-1.101465,51,41.000057
-1.481611,51,41.030208
-1.312182,52,41.058633
-1.228763,51,41.086151
-1.239216,51,41.119407
-1.305946,51,41.148478
-1.248007,51,41.176192
-1.165329,51,41.205297
-1.255787,51,41.233687
-1.339686,51,41.258771
-1.526572,51,41.286869
-1.156085,50,41.314023
-1.354143,51,41.341636
-1.206013,50,41.370207
-1.223749,51,41.398756
-1.301089,51,41.424575
-1.12388,50,41.451747
-1.491534,51,41.478019
-1.199774,51,41.506774
-1.161977,51,41.534467
-1.260134,50,41.561526
-1.189983,50,41.58752
-1.312458,52,41.617944
-1.280513,51,41.64543
-1.699594,51,41.672705
-1.384596,51,41.699897
-1.378722,51,41.727147
-1.100965,51,41.754703
-1.171788,51,42.032121
-1.378636,52,42.058826
-1.166125,51,42.084149
-1.192662,50,42.110171
-1.236599,51,42.136063
-1.383296,51,42.159374
-1.077437,52,42.185313
-1.206044,51,42.210264
-1.153099,51,42.236407
-1.399556,51,42.264982
-1.615951,51,42.291314
-1.407354,51,42.321456
-1.571712,51,42.351321
-1.383102,51,42.382953
-1.160359,50,42.414968
-1.37233,50,42.441396
-1.466844,51,42.470121
-1.546345,51,42.499923
-1.23748,51,42.533437
-1.344272,51,42.561493
-1.288783,51,42.587414
-1.233885,51,42.614644
-1.205901,51,42.642377
-1.311508,52,42.669958
-1.444027,51,42.701128
-1.40318,51,42.735308
-1.15975,51,42.781183
-1.414552,51,42.89964
-1.31065,51,42.990939
-1.249648,52,43.03514
-1.220712,51,43.064643
-1.06491,52,43.09602
-1.476143,51,43.124198
-1.149772,50,43.154306
-1.298632,51,43.184185
-1.176225,52,43.218886
-1.255015,52,43.251508
-1.168721,50,43.280711
-1.424998,51,43.31167
-1.24237,50,43.341647
-1.16251,51,43.643132
-1.251041,50,43.672468
-1.348704,51,43.700475
-1.228508,50,43.725935
-1.363551,52,43.751934
-1.284884,51,43.777717
-1.303664,51,43.80477
-1.477362,51,43.830906
-1.22613,51,43.855521
-1.153062,51,43.883402
-1.249252,51,43.908861
-1.264304,51,43.936199
-1.266053,51,43.96103
-1.534294,51,43.988245
-1.076518,51,44.018113
-1.309251,51,44.044209
-1.514386,51,44.07111
-1.125083,51,44.097063
-1.247118,51,44.123886
-1.076163,50,44.149345
-1.222735,51,44.177366
-1.131409,50,44.205005
-1.452276,51,44.231628
-1.19722,51,44.256328
-1.13432,51,44.284036
-1.093935,51,44.309767
-1.415657,51,44.341902
-1.322703,52,44.372701
-1.489074,51,44.401531
-1.263906,50,44.427204
-1.271645,50,44.454989
-1.244205,51,44.481252
-1.32593,51,44.506357
-1.234787,51,44.531506
-1.405899,51,44.559405
-1.196197,51,44.584593
-1.622045,51,44.611598
-1.33355,52,44.639483
-1.32443,51,44.67005
-1.278269,51,44.699027
-1.167005,52,44.72635
-1.229824,51,45.002445
-1.173792,50,45.028466
-1.142791,51,45.054002
-1.25318,51,45.078458
-1.162341,51,45.104904
-1.411259,50,45.128046
-1.341274,52,45.155147
-1.552199,51,45.179045
-1.005078,51,45.205471
-1.282427,51,45.232678
-1.167992,51,45.256607
-1.377449,52,45.287023
-1.233236,51,45.31424
-1.253492,51,45.340861
-1.320229,50,45.369521
-1.313216,51,45.396078
-1.355796,51,45.422018
-1.370431,51,45.449503
-1.397189,51,45.475784
-1.196947,52,45.500913
-1.319034,51,45.527442
-1.253465,51,45.556911
-1.264516,52,45.583627
-1.228194,52,45.611912
-1.195603,50,45.638419
-1.240811,51,45.665223
-1.353223,52,45.691499
-1.27723,50,45.717929
-1.422835,51,45.742364
-1.360609,51,45.766628
-1.191797,51,45.792294
-1.423498,51,45.818456
-1.23012,51,45.843188
-1.627821,51,45.869293
-1.318719,51,45.897327
-1.311787,50,45.922111
-1.313668,50,45.948395
-1.224092,51,45.974036
-1.303588,52,46.001016
-1.186039,51,46.043665
-1.121474,52,46.407549
-1.152569,52,46.444726
-1.156773,51,46.486996
-1.698847,51,46.518135
-1.151131,51,46.547951
-1.262185,51,46.574159
-1.532435,51,46.60242
-1.225551,51,46.62718
-1.278421,50,46.652768
-1.182916,50,46.678496
-1.323565,51,46.705194
-1.378084,52,46.732657
-1.317901,51,46.757757
-1.096501,50,46.78575
-1.210609,51,46.81231
-1.31673,51,46.839591
-1.504455,51,46.865925
-1.217788,52,46.89205
-1.084671,51,46.916594
-1.621604,51,46.943927
-1.138983,52,46.968916
-1.090672,50,46.992039
-1.243087,50,47.017199
-1.321755,51,47.042607
-1.353625,51,47.067764
-1.308348,51,47.092505
-1.246956,51,47.120544
-1.174184,51,47.144373
-1.225373,51,47.169754
-1.221593,51,47.193903
-1.173796,51,47.219334
-1.129515,51,47.243294
-1.184741,50,47.26918
-1.315053,51,47.29364
-1.374268,51,47.319793
-1.326789,51,47.343821
-1.427555,51,47.371157
-1.442718,51,47.395474
-1.267784,51,47.422452
-1.196865,51,47.448909
-1.188988,51,47.723777
-1.294613,50,47.749673
-1.287698,52,47.775959
-1.312521,52,47.804184
-1.198223,51,47.830553
-1.131348,51,47.856115
-1.188382,51,47.883722
-1.0239,50,47.907765
-1.224309,51,47.933661
-1.159139,51,47.958137
-1.354623,52,47.98523
-1.135556,50,48.011178
-1.26444,51,48.035841
-1.362181,51,48.062746
-1.070483,50,48.087977
-1.37467,52,48.115097
-1.206895,51,48.140505
-1.138434,52,48.166227
-1.17147,50,48.191445
-1.216308,51,48.219172
-1.038264,50,48.242963
-1.022657,50,48.269091
-1.229163,51,48.293688
-1.081628,52,48.32048
-1.21027,51,48.344787
-1.178874,51,48.371286
-1.178737,51,48.396204
-1.175295,51,48.421931
-1.356104,51,48.449271
-1.388428,51,48.477299
-1.162313,51,48.508939
-1.197205,51,48.537067
-1.280601,51,48.562116
-1.409088,51,48.589443
-1.186043,51,48.619327
-1.205288,51,48.65088
-1.192395,51,48.676307
-1.270066,51,48.703944
-1.206552,51,48.728205
-1.116469,51,48.756235
-1.405585,51,49.051792
-1.077352,50,49.080851
-1.348458,51,49.108918
-1.271701,51,49.136222
-1.21638,50,49.163372
-1.19715,51,49.189873
-1.361768,52,49.218198
-1.118237,51,49.243571
-1.242447,51,49.270161
-1.264129,51,49.296202
-1.120062,52,49.322037
-1.24391,52,49.347689
-1.312985,50,49.373496
-1.368375,50,49.398751
-1.30771,51,49.424354
-1.133226,51,49.449716
-1.206786,51,49.474382
-1.460319,52,49.503451
-1.231773,51,49.527847
-1.109729,51,49.554827
-1.097446,51,49.58411
-1.32654,51,49.618284
-1.258576,51,49.650339
-1.113346,50,49.68181
-1.18034,51,49.713024
-1.169086,50,49.741438
-1.195195,51,49.769152
-1.483749,50,49.795721
-1.417768,51,49.824761
-1.105191,51,49.854181
-1.236151,51,49.88106
-1.230377,51,49.907676
-1.460837,52,49.935659
-1.142758,51,49.961282
-1.209719,51,49.988788
-1.212598,52,50.017749
-1.112278,51,50.045942
-1.208421,51,50.073567
-1.186101,51,50.101788
-1.132079,51,50.126924
-1.327034,51,50.405297
-1.247343,50,50.430611
-1.236464,51,50.456448
-1.205839,51,50.482929
-1.429743,51,50.509823
-1.301402,51,50.536486
-1.118299,50,50.561197
-1.115351,51,50.588978
-1.207954,51,50.61582
-1.275159,50,50.643095
-1.104556,51,50.670475
-1.323685,52,50.695616
-1.063763,51,50.723736
-1.221199,51,50.749937
-1.239917,51,50.776557
-1.223434,51,50.80262
-1.132609,51,50.828735
-1.135487,52,50.855941
-1.323659,51,50.8836
-1.052722,51,50.910924
-1.257248,51,50.937572
-1.048479,50,50.96138
-1.347104,52,50.98839
-1.627306,51,51.014108
-1.123337,51,51.040174
-1.326852,52,51.067183
-1.155385,51,51.091583
-1.244697,51,51.118442
-1.220996,52,51.142845
-1.478107,51,51.168376
-1.209813,51,51.193801
-1.050473,51,51.219646
-1.299665,51,51.243791
-1.461044,51,51.270286
-1.260815,51,51.294324
-1.217466,50,51.319697
-1.226539,51,51.343897
-1.198238,51,51.3708
-1.421992,51,51.394614
-1.239237,51,51.421148
-1.322399,50,51.74378
-1.075508,51,51.771762
-1.110639,51,51.801039
-1.145691,51,51.830979
-1.061689,51,51.862387
-1.250071,51,51.893627
-1.269982,52,51.925821
-1.319133,51,51.954815
-1.335564,52,51.986248
-1.478491,51,52.017455
-1.009022,51,52.047685
-1.121777,51,52.078604
-1.355202,50,52.109981
-1.270781,51,52.144444
-1.061647,51,52.181139
-1.24796,52,52.213734
-1.221642,51,52.243505
-1.374829,51,52.27564
-1.084755,51,52.305489
-1.178865,52,52.337793
-1.15429,51,52.367192
-1.218955,51,52.397363
-1.246953,52,52.428468
-1.044428,51,52.4592
-1.138831,51,52.544565
-1.200117,51,52.589724
-1.155842,51,52.626025
-1.102705,51,52.665602
-1.168064,51,52.693765
-1.157391,50,52.771562
-1.31395,50,52.820682
-1.181578,51,52.863959
-1.028748,51,52.919839
-1.341329,51,52.98991
-1.150593,51,53.04915
-1.235584,50,53.093585
-1.220261,51,53.261816
-1.371062,51,53.458403
-1.357123,51,53.542919
-1.184122,50,53.585734
-1.038918,50,53.630724
-1.456945,51,53.965399
-1.156293,51,53.995538
-1.096249,51,54.026305
-1.241366,51,54.055358
-1.314323,51,54.084492
-1.432312,51,54.11159
-1.155866,52,54.142726
-1.100552,51,54.172615
-1.22845,51,54.206889
-1.34909,51,54.2421
-1.162687,50,54.277635
-1.260599,50,54.311309
-1.156947,50,54.344781
-1.251572,51,54.38645
-1.057768,51,54.449908
-1.345595,51,54.49399
-1.042436,51,54.537687
-1.23533,52,54.584346
-1.054113,50,54.618326
-1.180873,50,54.650818
-1.416606,51,54.684774
-1.200698,51,54.721203
-1.575719,51,54.754643
-1.243906,51,54.787875
-1.113143,51,54.835422
-1.111235,51,54.869937
-1.185405,51,54.902203
-1.185499,51,54.935243
-1.358589,51,54.966655
-1.352547,52,54.99904
-1.26971,51,55.026598
-1.161423,51,55.056047
-1.183609,51,55.085157
-1.413507,51,55.11358
-1.096552,50,55.142325
-1.570331,51,55.170755
-1.255545,51,55.19858
-1.357139,51,55.227416
-1.260735,51,55.256781
-1.18798,51,55.287555
-1.276286,52,55.633488
-1.195389,52,55.691809
-1.046494,51,55.732166
-1.149857,51,55.777427
-1.159785,51,55.867353
-1.150869,51,55.918026
-1.170538,51,56.003509
-1.079215,51,56.050641
-1.162124,51,56.089565
-1.192147,51,56.119484
-1.018598,50,56.149861
-1.293317,51,56.178129
-1.197704,50,56.207779
-1.191827,51,56.240274
-1.160767,50,56.270878
-1.293143,51,56.300873
-1.231673,51,56.327706
-1.158776,51,56.354183
-1.069749,50,56.381199
-1.060145,50,56.407372
-1.180145,50,56.436465
-1.141518,51,56.468087
-1.178452,52,56.498657
-1.189715,51,56.525296
-1.239195,51,56.554887
-1.199122,51,56.582474
-1.224906,51,56.65413
-1.071321,51,56.690995
-1.068509,52,56.725314
-1.056846,51,56.777361
-1.219993,51,56.849384
-1.371568,51,56.916365
-1.182826,50,56.97808
-1.212791,51,57.047271
-1.203924,50,57.086321
-1.244118,51,57.124084
-1.155729,51,57.161042
-1.068104,51,57.197767
-1.254636,51,57.289617
-1.216235,51,57.342174
-1.069508,51,57.801979
-1.074412,51,57.842421
-1.163283,51,57.874397
-1.15873,51,57.904426
-1.104938,51,57.935557
-1.103053,51,57.961806
-1.272314,52,57.992146
-1.16609,51,58.020918
-1.435682,51,58.051326
-1.295981,52,58.085508
-1.166514,50,58.120482
-1.199846,52,58.162262
-1.348424,51,58.206173
-1.15674,52,58.242863
-1.150603,52,58.276687
-1.1334,50,58.308297
-1.140612,50,58.340396
-1.067942,50,58.370018
-1.211218,51,58.402142
-1.34542,51,58.432889
-1.283213,51,58.464731
-1.344704,51,58.502288
-1.41733,50,58.532674
-1.291152,51,58.561585
-1.044107,50,58.590237
-1.369333,52,58.621713
-1.278076,51,58.652208
-1.174813,51,58.683496
-1.292,51,58.710574
-1.119748,51,58.73975
-1.176135,51,58.768347
-1.177858,51,58.792761
-1.253551,51,58.820296
-1.219476,50,58.845614
-1.062571,50,58.875511
-1.116085,51,58.911264
-1.246175,51,58.95016
-1.348437,51,58.988956
-1.267553,52,59.027982
-1.207412,51,59.067589
-1.169829,51,59.400562
-1.15057,51,59.429613
-1.169363,51,59.464341
-1.240329,51,59.498886
-1.199243,51,59.536538
-1.000876,50,59.571634
-1.126782,51,59.621703
-1.190854,51,59.668517
-1.247302,51,59.70341
-1.052137,51,59.732945
-1.220911,51,59.759463
-1.221718,51,59.787831
-1.178575,51,59.81531
-1.052191,51,59.841307
-1.263866,51,59.868975
-1.119684,51,59.893144
-1.176031,51,59.920662
-1.079787,51,59.946369
-1.25057,51,59.972401
-1.267973,52,60.001358
-1.119938,51,60.027305
-1.129297,51,60.05578
-1.429259,52,60.13741
-1.176383,52,60.175869
-1.263879,51,60.221535
-1.254371,51,60.278369
-1.499614,51,60.317666
-1.150061,51,60.358021
-1.408011,51,60.404295
-1.234658,51,61.003706
-1.080591,50,61.050769
-1.313844,52,61.115731
-1.151069,51,61.199694
-1.194205,52,61.23068
-1.269873,51,61.259648
-1.284077,51,61.288654
-1.194289,51,61.318876
-1.18829,51,61.345517
-1.05084,51,61.374191
-1.205128,51,61.400677
-1.112428,51,61.692664
-1.246782,51,61.721213
-1.163169,51,61.754677
-1.069637,51,61.783349
-1.258661,51,61.810153
-1.052408,50,61.837143
-1.252376,51,61.865336
-1.172539,51,61.891382
-1.089831,51,61.917284
-1.166835,51,61.942376
-1.019894,50,61.987112
-1.184636,52,62.017394
-1.18344,52,62.046061
-1.139769,51,62.076386
-1.227648,51,62.105812
-1.131472,51,62.135638
-1.189916,50,62.163083
-1.092141,51,62.193546
-1.157351,52,62.22301
-1.044632,51,62.258781
-1.089038,51,62.294334
-1.258423,51,62.331367
-1.14503,51,62.358179
-1.176082,51,62.384615
-1.23628,52,62.41285
-1.014581,51,62.437791
-1.21331,51,62.461363
-1.149145,51,62.487269
-1.134364,51,62.510888
-1.117561,51,62.537405
-1.111992,52,62.566729
-1.260578,50,62.595542
-1.121525,52,62.627089
-1.04756,52,62.661742
-1.284909,50,62.693363
-1.102396,51,62.724343
-1.185329,51,62.751116
-1.171266,52,62.777082
-1.222593,51,62.803255
-1.168284,51,62.828424
-1.135255,51,63.103817
-1.12812,51,63.131575
-1.113418,51,63.157635
-1.074736,51,63.190218
-1.120675,51,63.219534
-1.129839,51,63.248795
-1.214101,51,63.273971
-1.31157,51,63.302531
-1.086702,51,63.328611
-1.038279,51,63.355691
-1.083438,51,63.380452
-1.2228,52,63.405887
-1.492445,51,63.432309
-1.221378,51,63.456208
-1.314627,52,63.484109
-1.251738,51,63.509995
-1.203168,51,63.535767
-1.244695,52,63.561697
-1.344967,51,63.586541
-1.141114,51,63.614841
-1.271963,51,63.641483
-1.182254,52,63.67315
-1.230234,51,63.705333
-1.17853,50,63.73658
-1.044715,50,63.769993
-1.136984,51,63.795912
-1.174353,51,63.822842
-1.061063,50,63.851516
-1.226804,52,63.882143
-1.31064,51,63.910657
-1.163857,52,63.938915
-1.114167,51,63.966131
-1.273492,51,63.992314
-1.175789,51,64.019459
-1.100629,51,64.050072
-1.228224,51,64.080808
-1.269151,51,64.1094
-1.241573,51,64.139126
-1.167572,51,64.171806
-1.35419,51,64.221146
-1.161833,52,64.524483
-1.386693,51,64.561146
-1.010565,51,64.593011
-1.065514,51,64.621058
-1.241851,51,64.648646
-1.176477,51,64.67411
-1.264555,51,64.699421
-1.282178,51,64.723231
-1.154725,51,64.748057
-1.081007,51,64.77182
-1.177978,51,64.798629
-1.203349,51,64.822782
-1.203065,51,64.847969
-1.206061,50,64.871631
-1.156107,51,64.898613
-1.379143,51,64.922568
-1.112393,50,64.949488
-1.289612,51,64.973909
-1.119224,51,65.001401
-1.138469,51,65.025591
-1.215173,51,65.051735
-1.185619,50,65.075548
-1.196357,51,65.101074
-1.277842,51,65.125903
-1.1791,51,65.151387
-1.155271,50,65.176262
-1.024065,51,65.202664
-1.286244,50,65.225462
-1.055848,50,65.250661
-1.129572,51,65.276156
-1.156353,51,65.30144
-1.149546,52,65.325801
-1.103685,51,65.350357
-1.060495,50,65.373776
-1.084273,51,65.39982
-1.171891,51,65.423675
-1.198168,52,65.448803
-1.190263,51,65.472911
-1.147378,52,65.498324
-1.237454,51,65.523337
-1.113994,51,65.549168
-1.045107,51,65.816566
-1.060979,52,65.841578
-1.080279,51,65.867016
-1.23968,51,65.892027
-1.140251,52,65.917733
-1.152652,51,65.941657
-1.195611,51,65.96849
-1.149354,51,65.992548
-1.129124,51,66.018161
-1.154416,51,66.041899
-1.178956,51,66.066592
-1.167973,51,66.089807
-1.157832,51,66.1156
-1.148744,51,66.139721
-1.139905,51,66.1654
-1.088657,51,66.190715
-1.343337,51,66.216651
-1.15506,52,66.240978
-1.111054,51,66.266968
-1.379001,51,66.291231
-1.096127,51,66.316323
-0.975304,51,66.340051
-1.223135,52,66.365676
-1.310853,51,66.389888
-1.285909,52,66.415778
-1.31404,51,66.439715
-1.193959,51,66.46464
-1.124207,51,66.488105
-1.129838,51,66.51201
-1.061759,51,66.537099
-1.292855,52,66.561646
-1.249794,51,66.587444
-1.173146,51,66.611304
-1.271963,51,66.637805
-1.171217,52,66.670056
-1.162857,51,66.698625
-1.157943,51,66.723395
-1.199148,52,66.752519
-1.178849,52,66.783053
-1.109956,50,66.815955
-1.300936,52,67.107521
-1.210151,51,67.134222
-1.17179,51,67.159451
-1.226489,51,67.184709
-1.261337,51,67.208638
-1.064264,52,67.234696
-1.14957,51,67.25794
-1.144538,51,67.282279
-1.109395,51,67.307979
-0.976312,51,67.341404
-1.084382,51,67.368732
-1.168608,51,67.393565
-1.005071,52,67.422962
-1.104613,51,67.449778
-1.039715,51,67.474794
-1.168057,51,67.502506
-1.064782,51,67.526689
-1.050626,50,67.55183
-1.131204,52,67.57695
-1.067582,51,67.603251
-1.234013,51,67.62642
-1.105034,51,67.65146
-1.110868,51,67.67678
-1.108361,51,67.702593
-1.026226,50,67.73392
-1.108433,52,67.761513
-1.255659,51,67.791563
-1.098349,51,67.820391
-1.141684,51,67.848771
-1.110037,50,67.874785
-1.250313,51,67.903401
-1.328191,51,67.930048
-1.117563,51,67.955789
-1.071124,51,67.980079
-1.151128,51,68.007417
-1.119784,51,68.035428
-1.121091,51,68.059705
-1.167283,51,68.085146
-1.206956,51,68.108784
-1.123362,51,68.136815
-1.215955,51,68.626967
-1.134689,51,68.658449
-1.292508,51,68.686976
-1.271361,51,68.715658
-1.143925,52,68.744493
-1.176432,50,68.772913
-1.067837,50,68.802248
-1.201823,51,68.836394
-1.170052,51,68.86936
-1.30305,51,68.907753
-1.122732,52,68.940625
-1.113594,50,68.975868
-1.193007,51,69.017525
-1.185589,51,69.04932
-1.260845,51,69.076488
-1.160898,51,69.104932
-1.196947,51,69.133534
-1.220677,51,69.160117
-1.124552,51,69.194021
-1.090832,51,69.238074
-1.207107,51,69.267614
-1.234848,52,69.294054
-1.006724,51,69.319899
-1.118526,51,69.343642
-1.102008,51,69.370473
-1.204269,51,69.394774
-1.249517,51,69.483248
-1.078399,50,69.551905
-1.237091,51,69.587596
-1.169804,51,69.63274
-1.08977,51,69.672755
-1.172468,51,69.711179
-1.188227,51,69.751961
-1.177651,50,69.785788
-1.263079,51,69.822574
-1.071668,51,69.856415
-1.085728,51,69.889432
-1.189014,51,69.922378
-1.164499,51,69.957596
-1.173525,50,69.989712
-1.094886,51,70.315794
-1.102679,51,70.344081
-1.059987,51,70.372091
-1.177335,51,70.401491
-1.138322,51,70.427327
-1.125175,51,70.454699
-1.163594,52,70.483055
-1.402542,51,70.509752
-1.434625,51,70.53621
-1.319599,51,70.565594
-1.185184,51,70.594198
-1.148492,51,70.622749
-1.019887,50,70.648699
-1.228087,52,70.674088
-1.316966,51,70.700409
-1.297347,51,70.724845
-1.074639,51,70.751406
-1.111926,51,70.776868
-1.093911,52,70.803407
-1.120453,51,70.828175
-1.112438,51,70.855289
-1.30757,51,70.881189
-1.336357,51,70.905939
-1.116086,51,70.93263
-0.958639,51,70.956904
-1.202025,51,70.98348
-0.953286,50,71.007292
-1.243262,51,71.03395
-1.179174,51,71.059502
-1.085492,51,71.084999
-1.109383,52,71.111017
-1.027218,50,71.135689
-1.164288,50,71.159636
-1.03108,51,71.184906
-1.116591,51,71.209164
-1.102663,51,71.23677
-1.122176,51,71.268294
-1.17808,51,71.292758
-1.117009,52,71.321489
-1.108331,51,71.347128
-1.128401,51,71.640316
-0.920967,51,71.67086
-1.230355,51,71.701162
-1.089396,51,71.727804
-1.071752,51,71.755173
-1.265631,51,71.781801
-1.208668,51,71.80703
-1.126977,51,71.834167
-1.066757,51,71.859592
-1.188463,51,71.886458
-1.16816,51,71.912066
-1.130177,51,71.938813
-1.166803,51,71.965796
-1.115306,52,71.992957
-1.181233,51,72.01925
-1.08602,50,72.044869
-1.197844,52,72.071744
-1.19779,51,72.098452
-1.145178,51,72.124549
-1.135551,51,72.152281
-1.105392,51,72.177759
-1.057847,52,72.205289
-1.316425,52,72.232172
-1.278255,50,72.256537
-1.039069,51,72.283537
-1.043453,51,72.308639
-1.15281,51,72.334849
-1.087202,50,72.360476
-1.027865,51,72.387932
-1.190235,51,72.414986
-1.175941,52,72.440821
-1.085052,51,72.467419
-1.146487,51,72.492947
-1.142908,50,72.519779
-1.180693,51,72.547541
-1.190802,51,72.571359
-1.211273,51,72.598675
-1.122536,51,72.623589
-1.126046,51,72.650534
-1.162348,51,72.676599
-1.216698,51,72.952344
-1.327798,51,72.97947
-1.147296,51,73.006499
-1.30101,52,73.035393
-1.092517,51,73.060559
-1.033906,51,73.087066
-1.078852,51,73.112445
-1.116469,51,73.138595
-1.200426,51,73.164613
-1.17935,51,73.189569
-1.414447,51,73.216979
-1.01423,51,73.242499
-1.288904,51,73.269004
-1.10339,50,73.294447
-1.045636,51,73.321493
-1.035795,51,73.34836
-1.064634,51,73.373916
-1.09104,51,73.400883
-1.055307,51,73.427425
-1.029278,51,73.452351
-1.055407,51,73.477813
-1.119534,51,73.504976
-1.121101,51,73.533819
-1.213917,52,73.559427
-1.073097,51,73.586482
-1.104654,51,73.611709
-1.13688,51,73.638741
-1.309067,51,73.666311
-1.170633,51,73.692785
-1.265,51,73.718892
-1.018863,51,73.744339
-1.120004,51,73.770411
-1.216161,52,73.797586
-1.092298,51,73.823448
-1.153848,51,73.849411
-1.099368,51,73.874349
-1.221802,51,73.901113
-1.04182,50,73.925607
-1.082022,51,73.952366
-1.153104,51,73.976258
-1.246407,51,74.254629
-1.084501,50,74.281157
-1.101505,51,74.307631
-1.182583,51,74.334625
-1.127613,50,74.360594
-1.005398,52,74.390026
-1.210699,51,74.417217
-1.195961,52,74.444183
-1.015684,50,74.472112
-1.056629,52,74.500737
-0.967591,52,74.528042
-1.122559,51,74.555569
-1.153502,51,74.583091
-1.160391,51,74.608437
-1.136421,51,74.636004
-1.228334,51,74.661456
-1.105358,51,74.6893
-1.244158,51,74.719422
-1.088712,51,74.745125
-1.087601,50,74.771552
-1.065337,52,74.797961
-1.228312,51,74.823083
-1.197845,51,74.849728
-1.090206,52,74.874405
-1.114711,51,74.901423
-1.229417,51,74.926075
-1.187415,51,74.955017
-1.233043,51,74.983323
-1.316184,50,75.007322
-0.99393,50,75.034083
-1.143852,51,75.059458
-1.164211,51,75.085255
-1.185697,51,75.109634
-1.223134,51,75.135843
-1.123455,51,75.160679
-1.155452,51,75.187744
-1.098358,51,75.214218
-1.060865,52,75.239005
-1.095217,51,75.266299
-1.036241,51,75.291298
-1.192711,51,75.319813
-1.165818,51,75.58919
-1.278148,51,75.616019
-1.116942,51,75.641324
-1.120726,51,75.666788
-1.056583,51,75.692775
-1.166531,51,75.718138
-1.05852,51,75.74321
-1.105131,51,75.769774
-1.19658,51,75.793487
-1.126012,52,75.820566
-1.094885,51,75.844243
-1.236486,52,75.870866
-0.981392,51,75.896878
-1.240184,51,75.922423
-1.387028,51,75.948785
-1.087709,50,75.972133
-1.019115,51,75.999198
-1.418722,51,76.024633
-1.146858,51,76.050414
-1.028784,52,76.076283
-1.236854,51,76.101622
-1.086209,51,76.126998
-1.085718,51,76.151873
-1.089241,51,76.176788
-1.048497,51,76.203222
-1.25418,51,76.227152
-1.135486,51,76.253892
-1.254818,52,76.278125
-1.155067,51,76.305123
-1.168386,51,76.329229
-1.200168,52,76.354932
-1.16964,51,76.379674
-1.186536,51,76.405536
-1.158053,51,76.431532
-1.140294,52,76.456251
-1.12788,51,76.481902
-1.127131,51,76.506157
-1.01395,51,76.532228
-1.078713,52,76.556939
-1.081278,51,76.583503
-1.068029,51,76.849857
-1.145293,51,76.873833
-1.125739,51,76.899469
-1.118659,51,76.92334
-1.075659,51,76.948638
-1.080642,50,76.973433
-1.180304,52,76.999358
-1.077431,51,77.024367
-1.085814,52,77.05052
-1.127964,51,77.075631
-1.017291,50,77.105264
-1.070266,52,77.130386
-0.972196,51,77.15576
-1.209587,51,77.179833
-1.085412,51,77.205042
-1.178879,51,77.231729
-1.007723,51,77.257496
-1.024052,50,77.283909
-1.070622,51,77.308258
-1.045745,52,77.336417
-1.112348,51,77.362838
-1.10747,52,77.389227
-1.045353,51,77.416262
-1.145427,51,77.441269
-1.062833,51,77.469072
-1.047556,51,77.494605
-1.134131,51,77.521639
-1.311816,51,77.549358
-1.055762,51,77.575688
-1.071765,51,77.602097
-1.169717,51,77.628603
-1.112229,51,77.65515
-1.125999,51,77.683967
-0.986274,50,77.710025
-1.158081,51,77.736821
-1.103617,51,77.76395
-1.084599,51,77.788656
-1.162112,51,77.814886
-1.167008,51,77.839984
-1.08479,52,77.866407
-1.264311,51,78.134829
-1.115022,51,78.160106
-0.99302,51,78.186072
-1.086065,50,78.212573
-1.145945,50,78.242432
-1.026018,51,78.270854
-1.082861,51,78.294529
-0.981641,51,78.321261
-1.218468,52,78.348445
-0.990494,51,78.37275
-1.008834,50,78.398288
-1.034965,51,78.422853
-1.09684,51,78.450438
-1.1093,51,78.474751
-0.893514,50,78.502233
-1.241857,50,78.527084
-1.056216,51,78.552229
-1.136536,50,78.576789
-1.1579,51,78.602324
-1.166513,51,78.627227
-1.076854,52,78.65454
-1.067918,51,78.679329
-1.114739,51,78.70439
-1.186165,51,78.731517
-1.352796,51,78.756186
-1.121771,51,78.783081
-1.099928,51,78.807906
-1.068948,51,78.834943
-1.184672,51,78.858782
-1.091976,51,78.885512
-1.08745,50,78.908582
-1.375026,51,78.934874
-1.016329,50,78.958329
-1.011567,52,78.985011
-1.120558,51,79.008448
-1.011157,50,79.035247
-1.071715,51,79.060164
-1.024964,52,79.087032
-1.123456,51,79.11104
-1.114024,52,79.137807
-1.154526,52,79.418504
-1.085326,50,79.443407
-1.018183,51,79.468356
-1.141315,50,79.493202
-1.150263,51,79.518021
-1.005468,51,79.542428
-1.034813,51,79.568303
-1.06247,51,79.592978
-1.004286,51,79.618315
-0.990999,52,79.643978
-0.960905,51,79.670339
-1.09988,52,79.697014
-1.056267,51,79.721371
-0.955062,51,79.746009
-1.230337,51,79.772742
-1.162772,51,79.798502
-1.10324,50,79.823851
-1.154075,50,79.848926
-1.27667,51,79.874064
-1.150573,51,79.899803
-1.113681,51,79.924411
-1.059213,51,79.950303
-1.117669,51,79.974977
-1.245282,51,80.001777
-1.293676,51,80.026298
-1.170982,51,80.05149
-1.014015,51,80.076786
-1.053019,50,80.101513
-1.034887,50,80.124588
-1.13247,50,80.149546
-1.150673,50,80.175078
-1.016284,51,80.200241
-1.107835,52,80.227828
-1.149942,51,80.257007
-1.02895,51,80.28396
-1.047162,50,80.312551
-1.271537,51,80.338636
-1.165342,51,80.364832
-1.102058,51,80.389711
-1.14086,52,80.416465
-1.227591,51,80.692568
-1.08252,52,80.721008
-1.215387,51,80.74645
-1.249954,51,80.772485
-1.238756,51,80.799183
-1.14031,51,80.824712
-1.047522,50,80.850319
-1.166467,51,80.875807
-1.039961,51,80.900667
-1.061606,51,80.925727
-1.103969,51,80.951555
-0.947995,51,80.975113
-0.953619,52,81.002529
-1.100743,51,81.027132
-1.06179,51,81.054026
-1.199053,51,81.079724
-1.173086,51,81.104998
-1.181594,51,81.128467
-1.289774,51,81.155865
-1.108696,51,81.181405
-1.218937,51,81.207238
-1.206196,51,81.232621
-1.105093,51,81.258126
-1.00278,51,81.284152
-1.122596,51,81.310327
-1.025501,51,81.336804
-1.10719,51,81.360272
-1.108782,51,81.385488
-1.126005,51,81.410538
-1.179402,51,81.43619
-0.97883,51,81.460886
-1.106589,51,81.486982
-1.08449,51,81.512315
-1.029116,50,81.537316
-0.967831,51,81.563727
-1.088265,51,81.588011
-1.133983,51,81.612278
-1.173655,51,81.638552
-1.035417,51,81.665571
-1.208499,51,81.690706
-1.053057,51,81.95528
-1.092302,52,81.982676
-0.997218,51,82.006221
-0.970842,50,82.032004
-0.963221,51,82.056179
-1.351227,51,82.082609
-1.079882,51,82.106266
-1.042036,52,82.133038
-1.136414,51,82.15632
-0.959093,50,82.181676
-1.458022,51,82.206779
-1.018857,50,82.231332
-1.189552,51,82.255992
-1.350905,51,82.281955
-0.935285,50,82.306818
-1.052917,51,82.331605
-1.054018,51,82.35558
-1.103265,51,82.381303
-1.07711,52,82.40599
-1.00305,50,82.432234
-1.138526,51,82.456047
-1.108889,51,82.481595
-1.131012,51,82.504538
-1.020216,50,82.530454
-1.07355,50,82.554442
-0.99827,52,82.579449
-1.128644,51,82.605243
-1.064775,51,82.629832
-0.963665,51,82.65592
-1.078151,51,82.681373
-1.055096,51,82.705812
-0.945293,50,82.730385
-1.094429,51,82.755481
-1.146569,51,82.781316
-1.036171,50,82.806728
-1.099967,52,82.832301
-1.067128,52,82.857373
-1.102413,51,82.882479
-1.148487,51,82.907696
-0.996617,52,82.933425
-0.988613,51,82.95704
-1.109683,52,83.22638
-0.993306,50,83.25531
-1.102353,52,83.282673
-1.04246,52,83.309365
-1.070199,51,83.33594
-1.040194,50,83.360429
-1.109764,51,83.388089
-1.210997,51,83.414897
-1.066023,50,83.439874
-0.976397,51,83.469503
-1.04527,50,83.494205
-1.009375,51,83.522807
-1.179067,51,83.552165
-1.019781,52,83.579997
-1.107712,51,83.607013
-1.142511,51,83.63575
-1.081122,52,83.662578
-1.163375,51,83.690991
-1.116771,51,83.719648
-1.008321,51,83.746191
-1.107994,52,83.773056
-1.158175,51,83.800081
-1.203573,51,83.823888
-1.117019,51,83.850267
-1.112394,51,83.875414
-1.154084,51,83.900865
-1.064893,51,83.925011
-1.269747,51,83.951784
-1.044513,50,83.975184
-1.085068,51,84.002112
-1.282447,51,84.026083
-0.982297,51,84.051779
-1.017335,51,84.07624
-1.119092,51,84.101246
-1.078176,51,84.126371
-1.220656,51,84.151484
-1.069211,51,84.175481
-1.076905,51,84.202703
-1.141256,52,84.227306
-1.201129,51,84.253975
-1.009876,51,84.522087
-1.046315,50,84.548982
-1.065167,52,84.573169
-1.124193,51,84.599999
-1.259518,51,84.624037
-1.063029,51,84.65058
-1.148598,51,84.674557
-1.353638,51,84.700168
-1.050445,51,84.72543
-1.549255,51,84.751283
-0.992574,52,84.776783
-1.050192,51,84.802458
-1.158376,51,84.826877
-1.178415,51,84.85272
-0.963437,51,84.877057
-1.211985,51,84.90368
-1.228778,51,84.928059
-1.154542,51,84.953456
-1.077283,51,84.978341
-1.250806,51,85.004471
-1.020458,51,85.030922
-1.041222,51,85.055204
-1.110626,51,85.080341
-1.241499,51,85.105013
-1.35894,51,85.130564
-1.016255,51,85.15398
-0.999248,50,85.178855
-0.982898,51,85.204153
-1.183461,51,85.227897
-1.183214,51,85.254956
-1.184461,51,85.280032
-1.03905,51,85.304329
-1.071901,51,85.331281
-1.016485,52,85.355602
-1.074102,52,85.3816
-1.071844,51,85.406458
-0.939061,51,85.435691
-1.038941,51,85.460876
-1.052821,51,85.485872
-1.292871,51,85.511112
-1.07584,52,85.785723
-1.039829,51,85.809866
-1.052661,50,85.835789
-1.339865,51,85.86007
-1.132308,52,85.886017
-0.971028,50,85.90995
-0.969961,51,85.936878
-1.033387,50,85.960428
-1.152897,51,85.990139
-1.090488,51,86.020023
-0.824884,51,86.04412
-1.055965,51,86.069678
-0.971669,52,86.095922
-1.045021,50,86.120698
-0.953847,50,86.143827
-1.114942,51,86.170853
-0.919787,51,86.194774
-0.964582,50,86.220167
-1.087601,50,86.249924
-1.197105,51,86.275715
-1.061033,51,86.303515
-0.978088,52,86.330626
-1.092988,50,86.355686
-1.181858,51,86.3813
-0.930367,52,86.408127
-1.02387,50,86.434449
-1.075236,51,86.460436
-1.084696,51,86.487666
-1.010547,51,86.513042
-1.041511,51,86.539908
-0.925575,50,86.566899
-0.991085,50,86.593547
-1.096066,52,86.622046
-1.292035,51,86.650472
-1.12895,52,86.676138
-1.099148,51,86.70445
-0.737035,51,86.73141
-1.065611,52,86.758257
-1.103102,51,86.784974
-1.047656,51,86.81022
-0.949146,51,87.0743
-1.162989,52,87.101465
-1.008243,50,87.124594
-1.097358,51,87.150218
-1.12322,52,87.175747
-1.111769,50,87.200809
-1.134205,51,87.226299
-0.977915,51,87.25174
-1.064756,51,87.275226
-1.157,51,87.302256
-1.029141,52,87.326037
-0.945495,52,87.352947
-0.918402,51,87.377281
-1.104875,51,87.403947
-0.996161,51,87.42872
-1.010253,52,87.456146
-1.079362,51,87.481537
-0.978656,51,87.505675
-0.992215,50,87.532466
-0.895071,51,87.557114
-1.127781,51,87.5827
-1.032843,51,87.606748
-1.025251,51,87.633257
-0.966368,52,87.657789
-1.026324,52,87.685791
-1.222335,51,87.710096
-0.99896,51,87.73575
-1.029285,52,87.761818
-1.065663,51,87.788484
-0.937584,51,87.814248
-1.143759,51,87.839254
-0.981749,50,87.864267
-0.955092,51,87.88923
-1.016957,51,87.914314
-1.069696,51,87.938181
-1.075513,51,87.964692
-0.923436,52,87.989217
-1.139503,52,88.014643
-0.992953,50,88.038877
-1.084132,51,88.064006
-1.132381,52,88.328565
-1.015851,51,88.354952
-1.025238,51,88.378666
-1.552587,51,88.403934
-1.076242,52,88.430907
-1.042105,50,88.454388
-1.073206,51,88.478077
-1.252741,51,88.505425
-1.056626,51,88.530385
-1.105001,51,88.554899
-1.133758,51,88.580926
-1.117783,51,88.604926
-0.999441,51,88.631469
-1.082767,51,88.655113
-0.991346,51,88.678424
-1.077478,52,88.705085
-1.009459,51,88.73059
-1.299087,51,88.75484
-1.129027,51,88.780988
-1.146946,51,88.805512
-1.072234,51,88.831656
-0.980225,51,88.85617
-1.198914,51,88.881407
-0.915462,51,88.906898
-1.222841,51,88.942453
-1.040654,51,88.969324
-0.997188,50,88.995103
-1.029429,51,89.034087
-1.194068,52,89.059663
-1.038754,51,89.085229
-1.111014,51,89.110513
-0.940512,51,89.135422
-1.045939,52,89.159336
-1.13312,51,89.184837
-1.238126,51,89.20902
-0.975206,50,89.236207
-0.960173,51,89.265055
-1.026886,51,89.290711
-0.976074,51,89.318383
-0.986402,52,89.343853
-1.072566,52,89.631959
-0.941793,51,89.658853
-1.227062,51,89.687008
-1.170901,51,89.715467
-1.074233,52,89.742144
-1.030151,50,89.767607
-0.986775,51,89.791709
-1.112864,51,89.819076
-1.068489,51,89.844361
-1.095921,52,89.871245
-1.152646,51,89.894596
-1.161505,50,89.920484
-1.052763,51,89.944619
-1.066507,51,89.971477
-1.044212,51,89.997471
-1.014275,50,90.024585
-1.022925,50,90.050161
-0.957599,50,90.075509
-1.126394,51,90.101638
-1.04505,51,90.125878
-1.067434,51,90.152517
-1.167296,51,90.176249
-1.231366,51,90.20238
-1.15417,51,90.226933
-1.038309,50,90.251669
-1.031775,51,90.276859
-1.118731,51,90.302906
-1.119478,51,90.326419
-1.327898,52,90.354054
-1.026282,52,90.378389
-1.000188,52,90.404737
-0.971421,50,90.431148
-1.033348,50,90.454278
-0.730498,51,90.479356
-1.177349,51,90.505105
-1.069306,52,90.531209
-1.121507,51,90.556434
-1.015996,51,90.581507
-1.003303,51,90.605544
-1.015956,51,90.63233
-1.053037,51,90.898285
-0.820823,51,90.922511
-0.944707,51,90.947213
-0.949143,52,90.973323
-0.937263,51,90.998483
-1.030355,51,91.022266
-1.170437,50,91.04797
-0.980974,51,91.071673
-0.982123,51,91.096163
-1.269928,51,91.121644
-1.029728,51,91.147185
-0.971833,51,91.171495
-1.02415,51,91.196929
-1.031427,52,91.222565
-0.990425,51,91.247445
-1.056128,51,91.272676
-1.127874,52,91.299165
-1.189237,51,91.322667
-1.171182,51,91.34663
-1.063661,51,91.372837
-1.07328,51,91.397984
-1.03671,50,91.42163
-1.163835,51,91.448416
-1.123315,52,91.47321
-1.09397,51,91.498742
-1.04095,51,91.522737
-1.093002,51,91.548824
-1.135348,51,91.573015
-1.148518,51,91.597796
-0.895926,51,91.620988
-1.07914,51,91.647088
-1.053623,51,91.670963
-1.059863,51,91.697005
-1.046183,50,91.722047
-1.012737,52,91.747434
-1.11323,51,91.771452
-0.966227,51,91.794826
-1.020208,51,91.821363
-1.06203,51,91.844829
-1.072952,51,91.870553
-0.994263,52,92.13379
-1.098098,51,92.157624
-1.04875,51,92.183198
-1.06102,51,92.207173
-1.057882,51,92.234289
-1.048312,51,92.261609
-1.160855,51,92.292083
-1.002429,51,92.318781
-0.980145,51,92.34518
-1.154646,51,92.37175
-1.027062,50,92.399231
-0.95052,52,92.426427
-1.007517,50,92.452447
-0.97271,50,92.477212
-1.041886,51,92.504306
-0.981503,50,92.52892
-1.108012,50,92.555523
-1.115577,52,92.583358
-1.220476,51,92.608283
-1.011255,51,92.635943
-1.093105,51,92.660854
-1.138865,51,92.688088
-1.059782,51,92.715103
-1.006697,51,92.739607
-1.170468,51,92.766624
-1.09866,51,92.789556
-1.034955,52,92.815461
-1.047896,50,92.840589
-1.220316,51,92.867927
-1.052973,51,92.892439
-1.054428,50,92.91917
-1.042772,51,92.942648
-1.037252,51,92.969688
-1.114241,51,93.000721
-0.961974,52,93.036432
-0.978607,50,93.060848
-0.892265,52,93.088443
-0.981445,51,93.111629
-0.980947,52,93.138097
-1.275317,51,93.164939
-1.1818,51,93.193145
-0.933276,51,93.698168
-0.978892,51,93.726137
-1.051212,51,93.756239
-1.084722,51,93.783875
-0.806295,51,93.809395
-1.066835,51,93.841507
-0.960956,51,93.901684
-1.132462,51,93.92821
-1.040836,51,93.965517
-1.02588,50,93.998643
-0.977651,51,94.026462
-1.081902,51,94.055181
-0.999897,51,94.082932
-1.168637,52,94.108682
-1.10157,51,94.135637
-1.012616,52,94.16078
-0.959747,52,94.193366
-1.050416,51,94.221585
-1.066931,52,94.248641
-0.976285,51,94.273102
-0.981334,50,94.299041
-1.117732,51,94.323054
-1.146214,51,94.349703
-0.982236,50,94.374424
-0.997807,51,94.399758
-0.985994,50,94.423888
-1.041543,51,94.449783
-1.099394,51,94.474968
-1.010295,50,94.499601
-1.296855,51,94.52282
-0.963079,51,94.5497
-1.021964,51,94.574136
-0.976427,52,94.601546
-1.002761,51,94.625145
-0.949206,52,94.651341
-0.991797,50,94.675545
-1.225025,51,94.700652
-1.078253,51,94.725326
-1.095522,51,94.75081
-0.934997,51,94.773795
-1.07742,51,95.038043
-1.08087,51,95.061477
-1.0559,52,95.087394
-1.093559,51,95.112594
-0.9901,51,95.137217
-1.136986,51,95.161119
-1.216952,51,95.186926
-0.9744,50,95.210471
-1.130043,51,95.238751
-1.042103,51,95.270459
-0.999514,50,95.294571
-1.034626,51,95.321991
-1.25701,51,95.34868
-0.980332,50,95.375913
-1.190884,52,95.410254
-1.024418,51,95.445242
-0.994205,51,95.480299
-1.170454,51,95.510937
-1.195933,51,95.541277
-0.949496,50,95.573333
-1.163969,51,95.603515
-1.072722,51,95.634431
-0.948006,50,95.664666
-0.984778,51,95.698236
-1.161508,51,95.727129
-1.203102,51,95.755106
-1.045346,51,95.784514
-1.211797,52,95.815097
-1.072705,50,95.843211
-1.088708,51,95.875639
-0.996489,51,95.904572
-1.083241,51,95.936825
-0.932396,51,95.993959
-1.184711,51,96.097254
-1.289427,52,96.149432
-1.076911,51,96.280407
-1.174076,51,96.354382
-0.973604,51,96.385988
-1.278369,51,96.417663
-1.084701,51,96.449238
-1.068093,50,96.809441
-1.012557,51,96.840699
-1.045226,51,96.870089
-1.091579,50,96.901611
-1.059465,52,96.932619
-1.214513,51,96.961342
-1.001085,52,96.99696
-1.072685,51,97.025691
-1.254286,51,97.055679
-1.095468,52,97.087044
-1.001664,52,97.120539
-1.149707,51,97.150357
-1.025344,51,97.175685
-1.172585,51,97.204524
-1.046496,51,97.241625
-1.092892,51,97.271999
-1.090955,51,97.301756
-0.958509,51,97.33577
-1.166832,51,97.372827
-0.974637,51,97.40709
-0.964921,51,97.438028
-1.104113,51,97.465453
-0.963507,51,97.493425
-1.044159,51,97.52364
-1.074286,51,97.555016
-0.977835,51,97.590382
-1.223227,51,97.63873
-1.084772,50,97.684383
-1.077537,52,97.72366
-1.073725,51,97.755058
-1.046286,51,97.788703
-1.237421,51,97.821828
-1.038345,51,97.85662
-0.947763,51,97.890706
-1.143545,51,97.932918
-0.798485,52,97.967987
-1.090602,51,98.001491
-1.039905,51,98.031879
-1.016754,51,98.058462
-0.894512,51,98.086727
-1.179518,51,98.422469
-0.980244,51,98.467783
-0.931135,51,98.505923
-0.958675,52,98.541674
-1.000264,51,98.57525
-1.060074,50,98.609142
-1.045074,50,98.641939
-1.067826,51,98.679388
-0.940866,51,98.712332
-0.898587,51,98.745538
-1.07318,51,98.779315
-1.024518,50,98.819107
-1.108734,51,98.859823
-0.881403,51,98.903218
-1.250625,51,99.01142
-0.908313,50,99.070818
-1.115052,51,99.118109
-1.02074,51,99.158664
-1.001422,51,99.193816
-1.074422,52,99.237991
-1.013732,51,99.275575
-1.011337,51,99.314214
-0.810486,51,99.351912
-1.041312,51,99.387149
-1.000708,50,99.424271
-1.102627,51,99.467061
-1.052611,51,99.518926
-1.081008,51,99.582848
-1.095019,51,99.656913
-1.04049,51,99.711093
-1.057654,51,99.77846
-0.929394,52,99.835708
-1.104726,52,99.881691
-0.981577,51,99.925786
-1.044526,52,99.969361
-0.981306,50,100.014748
-1.12843,51,100.058545
-1.101126,51,100.113092
-1.04826,52,100.155889
-1.051658,51,100.190186
-1.053182,51,100.539259
-1.015106,51,100.57041
-1.128764,50,100.59857
-1.14735,51,100.627693
-0.991191,52,100.659458
-0.954633,50,100.689394
-1.007781,52,100.719664
-1.127952,52,100.750475
-0.948216,51,100.77771
-1.037813,51,100.808224
-1.100697,51,100.841132
-0.995398,50,100.871093
-1.045567,52,100.901023
-1.070922,50,100.927344
-1.007259,51,100.962236
-0.950281,52,100.992128
-1.025854,51,101.020753
-0.965398,51,101.049375
-1.192909,51,101.076125
-1.00431,51,101.104735
-1.079993,51,101.133486
-0.989133,51,101.160274
-1.015461,51,101.189003
-1.104558,50,101.217373
-1.088386,51,101.247203
-1.099384,51,101.275824
-1.009064,52,101.30781
-0.942228,51,101.339369
-1.110917,51,101.369974
-1.168094,51,101.402086
-1.045432,51,101.431934
-1.040916,52,101.461015
-1.029329,50,101.491368
-1.028536,51,101.522616
-1.120781,51,101.554654
-1.138144,52,101.586339
-1.032814,51,101.618423
-0.946905,51,101.648682
-1.112654,50,101.67665
-0.996409,50,101.706308
-0.983622,51,102.004278
-0.987167,52,102.033121
-0.983533,51,102.060091
-1.117618,51,102.089568
-1.358638,51,102.118096
-0.983326,51,102.145469
-0.95777,51,102.173402
-0.972846,51,102.202512
-1.085835,51,102.23041
-1.042847,50,102.257084
-0.989244,51,102.285888
-0.97743,52,102.314605
-0.992715,51,102.341722
-1.103839,51,102.36989
-0.900985,51,102.398204
-0.968241,50,102.424767
-1.1429,51,102.452687
-1.059002,51,102.48175
-0.896634,50,102.508503
-1.063376,51,102.537754
-1.071503,52,102.566763
-1.055444,50,102.593363
-0.899474,51,102.621075
-1.041881,51,102.650007
-1.065517,52,102.677593
-0.920347,51,102.706682
-1.096363,51,102.735831
-0.992624,51,102.762245
-1.174952,51,102.790553
-0.923518,51,102.819101
-0.916794,50,102.846631
-1.005791,52,102.874401
-1.267056,51,102.902616
-0.974201,52,102.932034
-1.10685,51,102.95932
-1.06398,51,102.987812
-1.40326,51,103.016421
-1.138896,51,103.042919
-1.108122,51,103.071228
-0.941321,50,103.094709
-1.136456,52,103.122591
-0.820012,51,103.41693
-1.107904,51,103.442236
-0.961877,52,103.470496
-1.052655,51,103.497624
-1.11662,51,103.523957
-1.008277,51,103.551173
-1.116931,51,103.576407
-0.958873,50,103.60321
-0.926029,52,103.628483
-1.071443,52,103.655811
-1.035979,52,103.683474
-1.097594,51,103.710544
-0.883512,52,103.737681
-0.966562,50,103.763438
-0.882047,51,103.789398
-1.131001,51,103.817054
-1.038124,52,103.842874
-0.886355,51,103.87049
-1.133166,51,103.896031
-1.010043,52,103.921835
-1.08168,51,103.948142
-1.173827,51,103.972874
-1.037128,51,103.999806
-0.984479,50,104.024319
-1.014044,50,104.050322
-1.026241,51,104.075564
-0.928409,50,104.102292
-1.031498,52,104.128085
-1.116782,51,104.15344
-1.153932,51,104.178451
-1.192264,51,104.204459
-0.943434,51,104.230641
-0.951519,52,104.260424
-1.086147,51,104.289491
-0.971229,51,104.3192
-1.205417,52,104.348537
-1.011292,50,104.376174
-1.018695,52,104.406467
-1.043662,52,104.435078
-0.882548,51,104.46309
-1.023258,51,104.761115
-0.928001,51,104.788315
-0.911893,52,104.816347
-0.967912,51,104.841936
-1.062552,51,104.868701
-1.009476,51,104.894125
-0.880675,50,104.920469
-0.991384,52,104.946042
-0.962033,50,104.97121
-1.05175,51,104.999674
-1.033018,51,105.025953
-0.933951,50,105.053914
-1.103761,51,105.082363
-1.05734,51,105.10942
-0.933988,51,105.136333
-1.012748,50,105.161643
-1.287474,52,105.189181
-1.082797,51,105.21643
-1.072221,51,105.242222
-1.061173,51,105.268966
-1.215527,51,105.29507
-1.004869,52,105.32308
-0.958356,51,105.351364
-0.729135,51,105.376617
-0.940575,51,105.403233
-1.128087,52,105.430059
-1.094673,51,105.455892
-0.83718,50,105.481645
-0.880837,50,105.506651
-1.159223,52,105.533606
-0.992899,50,105.558855
-1.0512,52,105.586258
-1.244414,51,105.61137
-1.06726,51,105.638305
-1.065146,51,105.665388
-0.957756,51,105.691241
-0.985656,52,105.719791
-0.927255,51,105.744465
-0.946527,50,105.772044
-1.044856,51,105.798996
-1.10803,51,106.073707
-0.990631,51,106.100353
-1.146701,51,106.124018
-1.135709,51,106.151333
-0.979094,50,106.176069
-1.015068,51,106.20236
-1.066715,51,106.226667
-1.022946,52,106.254079
-1.20842,51,106.2794
-0.863976,51,106.305407
-0.885287,50,106.331488
-0.98145,52,106.355688
-1.170257,51,106.382041
-1.007739,51,106.407229
-1.105931,51,106.434233
-1.03251,51,106.459686
-1.068042,51,106.485003
-0.930794,50,106.511872
-1.043028,51,106.553333
-1.021366,52,106.586646
-1.003824,51,106.617142
-1.069663,51,106.644441
-1.034507,51,106.674713
-1.048055,51,106.707887
-1.103565,51,106.738932
-1.088647,51,106.771346
-0.92666,51,106.808799
-1.197912,51,106.841332
-1.176648,51,106.876728
-0.96186,52,106.910659
-0.985819,51,106.940611
-1.092227,51,106.971798
-0.969633,52,107.002561
-1.107086,51,107.031405
-1.121508,51,107.060527
-1.242441,51,107.090424
-1.020561,51,107.121642
-1.002117,50,107.157756
-0.95199,50,107.18866
-1.064333,51,107.219494
-0.977762,50,107.506206
-0.952135,52,107.535192
-1.12724,51,107.564384
-0.7398,51,107.59279
-0.944199,50,107.620676
-0.968873,51,107.648969
-1.175735,52,107.675542
-0.963761,50,107.702965
-1.0683,51,107.731165
-1.034081,50,107.75798
-0.996782,51,107.782328
-1.221004,51,107.806527
-1.022272,52,107.832185
-1.123024,51,107.857286
-1.005499,51,107.882856
-1.06668,52,107.907786
-0.993273,51,107.933382
-1.096057,51,107.95898
-1.016199,51,107.984214
-0.948633,51,108.00829
-0.967884,51,108.034024
-0.877699,51,108.059241
-0.963603,51,108.084418
-0.990275,51,108.108229
-1.021295,52,108.13449
-1.011421,52,108.159543
-1.032277,52,108.186366
-0.718806,51,108.210249
-0.997574,52,108.235384
-0.978941,50,108.260457
-1.121428,51,108.285935
-1.017893,51,108.309754
-0.938394,51,108.335328
-0.89846,51,108.360379
-0.832404,51,108.386257
-0.901979,51,108.410151
-1.045793,52,108.436221
-0.954986,51,108.461766
-0.675962,51,108.487229
-0.909183,51,108.514561
-1.061063,51,108.775852
-0.889918,51,108.801076
-1.012474,50,108.826964
-1.11628,51,108.852706
-1.02494,51,108.877819
-0.883501,50,108.902362
-0.962422,51,108.925536
-0.792817,51,108.951208
-1.072425,52,108.975683
-0.938596,51,109.002269
-0.935092,51,109.025786
-1.104841,51,109.051108
-0.927959,51,109.075969
-1.096387,51,109.101705
-0.994076,52,109.127648
-0.984146,51,109.153623
-1.107357,51,109.18083
-0.87003,51,109.210253
-1.122703,51,109.241961
-0.837156,51,109.267752
-0.977832,51,109.2914
-1.028524,51,109.316658
-1.025086,52,109.341339
-1.050531,51,109.366433
-1.145163,51,109.391759
-1.006493,51,109.417108
-1.171809,51,109.441005
-0.897447,51,109.466734
-1.072764,51,109.490417
-0.876474,51,109.515371
-1.103657,51,109.539141
-0.915763,50,109.563789
-0.98525,51,109.588504
-1.058803,51,109.614177
-1.204269,51,109.638158
-0.990604,50,109.662006
-0.782144,51,109.686914
-0.986686,52,109.713481
-1.033839,51,109.737284
-0.956212,51,109.761286
-1.270835,51,110.025078
-0.956272,51,110.050633
-1.061408,51,110.074374
-1.103968,51,110.099993
-0.780444,51,110.123971
-1.044225,51,110.148856
-1.056306,51,110.172669
-1.080669,51,110.197502
-0.85721,51,110.221617
-1.119057,51,110.244758
-0.698193,51,110.273045
-0.936968,50,110.298479
-1.122351,51,110.324439
-1.089006,51,110.351349
-1.049175,50,110.376565
-0.743096,52,110.40427
-0.910729,51,110.433168
-0.723371,51,110.458613
-0.915381,51,110.486711
-1.041659,51,110.512894
-1.037793,51,110.5398
-1.12406,51,110.567718
-0.967242,51,110.594246
-1.074592,51,110.620824
-0.742682,50,110.646902
-0.903749,50,110.673477
-0.932922,50,110.700915
-0.850482,50,110.726218
-0.970126,51,110.754051
-0.831123,51,110.781965
-1.008444,51,110.806329
-1.018878,51,110.831274
-0.944276,50,110.854773
-1.073135,50,110.87958
-0.971499,51,110.904098
-0.78215,51,110.927921
-1.034782,51,110.954127
-1.016047,51,110.979823
-0.978981,51,111.004103
-0.855073,52,111.027817
-1.037256,52,111.289878
-0.610846,51,111.31598
-1.01917,51,111.340177
-0.805593,51,111.365535
-1.034027,51,111.389641
-1.080033,52,111.415724
-1.020649,51,111.439837
-0.78925,51,111.464149
-0.962495,52,111.489016
-0.88369,50,111.51423
-0.867732,50,111.538411
-0.888855,51,111.563909
-1.034533,51,111.589882
-0.904687,52,111.61573
-0.971137,51,111.640413
-0.950813,51,111.666003
-1.078676,51,111.690841
-0.87904,51,111.716476
-0.931279,50,111.740024
-0.89569,51,111.76677
-0.832447,52,111.791779
-1.069684,51,111.817281
-1.182118,51,111.841155
-0.939055,51,111.866778
-1.048038,51,111.89044
-0.972168,51,111.915061
-0.806758,50,111.938634
-0.839864,51,111.963226
-1.037055,51,111.987651
-0.96837,52,112.011599
-1.246755,51,112.037363
-0.998381,51,112.061191
-0.927425,51,112.086862
-0.986618,50,112.109832
-1.112909,50,112.135039
-1.147729,51,112.159243
-0.855904,52,112.184337
-0.738518,52,112.208855
-0.904748,51,112.233116
-1.129464,51,112.256911
-0.740771,51,112.28336
-0.767844,51,112.543425
-1.028874,52,112.569688
-0.771012,51,112.593659
-0.981819,51,112.619343
-0.917374,51,112.6435
-0.949393,50,112.668242
-1.028245,51,112.692143
-1.051645,51,112.716695
-0.983249,51,112.740746
-0.882042,51,112.765328
-1.041231,51,112.789363
-0.803112,52,112.815105
-0.854038,51,112.839052
-0.979641,51,112.864903
-0.908019,51,112.888616
-0.710357,51,112.914623
-0.97106,51,112.938756
-1.034358,51,112.963935
-1.148002,51,112.987921
-1.104087,51,113.012474
-1.023223,51,113.036964
-0.964731,51,113.060872
-0.990378,52,113.086762
-0.853545,50,113.109753
-0.889764,51,113.135133
-1.029238,51,113.15874
-0.724817,51,113.18414
-0.756256,52,113.208441
-1.020179,51,113.233375
-0.818499,50,113.258163
-0.990986,52,113.286537
-1.066776,51,113.311329
-0.859401,51,113.337537
-1.12045,51,113.363584
-0.883232,51,113.388448
-1.103314,51,113.414311
-0.743771,50,113.438925
-0.981946,50,113.465667
-0.905676,51,113.491713
-0.973495,51,113.521379
-0.94981,50,113.801642
-0.712972,51,113.825769
-1.052909,51,113.853081
-0.870086,52,113.878165
-0.911951,50,113.902898
-0.944144,51,113.927396
-0.99548,51,113.953156
-1.033085,51,113.976344
-1.100852,51,114.001743
-0.666338,52,114.026355
-0.694585,51,114.051855
-0.963266,51,114.075202
-0.74355,51,114.100095
-0.835571,51,114.124335
-1.150877,52,114.150007
-0.872213,52,114.174372
-0.776743,51,114.200241
-1.024891,52,114.226178
-0.973987,51,114.251713
-0.912114,51,114.275948
-1.011422,51,114.301835
-1.015906,52,114.325983
-0.843064,51,114.351235
-0.92537,52,114.375219
-0.811094,51,114.400725
-0.844938,50,114.423591
-1.005471,51,114.448868
-1.042173,51,114.473051
-0.755601,51,114.498424
-0.756143,51,114.522619
-0.916356,51,114.547697
-0.824831,51,114.571274
-1.134262,51,114.596704
-0.878682,51,114.620825
-1.060104,51,114.644302
-0.877338,51,114.669539
-0.914438,51,114.693237
-1.241442,51,114.717975
-1.076127,51,114.742515
-0.986794,52,114.767895
-1.02935,51,115.026626
-0.811456,51,115.051953
-0.796797,51,115.07582
-0.833601,52,115.101501
-0.942835,50,115.124772
-0.662922,50,115.149552
-0.744867,51,115.173478
-0.920475,51,115.198588
-0.925565,51,115.222477
-1.129446,52,115.247326
-0.798818,50,115.271274
-0.808113,51,115.294325
-0.709482,51,115.319446
-1.105371,51,115.34373
-0.809122,51,115.369563
-1.069777,52,115.393891
-0.715568,51,115.419664
-0.997324,51,115.448883
-1.073387,51,115.473227
-0.887096,52,115.500714
-0.867204,50,115.524274
-1.00301,51,115.550294
-0.854415,51,115.574091
-1.022107,51,115.598666
-0.784093,51,115.621958
-0.936315,51,115.646873
-0.87317,51,115.670629
-0.992387,51,115.694529
-1.051377,51,115.720924
-0.979992,51,115.744982
-1.172847,51,115.770725
-0.795841,51,115.794692
-1.120289,51,115.81976
-1.113656,51,115.842934
-0.948427,51,115.868576
-1.062105,51,115.892608
-0.876679,50,115.918135
-0.809709,51,115.942009
-0.983237,51,115.967473
-0.795426,50,115.991362
-0.809679,51,116.251951
-1.220639,51,116.276111
-0.695527,51,116.303463
-0.696595,51,116.330193
-0.86054,51,116.355694
-0.953454,51,116.38243
-0.769564,51,116.407417
-0.824296,52,116.435492
-1.018674,51,116.46057
-0.947059,51,116.48724
-1.200996,52,116.514586
-1.048338,51,116.539909
-0.828519,51,116.56879
-0.715357,51,116.597375
-0.863055,51,116.62296
-0.878914,50,116.649133
-1.033719,52,116.67661
-1.049474,52,116.705853
-1.061147,51,116.733299
-1.008623,51,116.760083
-0.811418,51,116.786839
-0.848131,51,116.810496
-0.940674,52,116.836375
-0.754523,51,116.860194
-1.027847,51,116.884737
-0.745871,50,116.907783
-0.840521,50,116.932997
-0.796729,51,116.957536
-1.102049,52,116.983737
-0.993314,52,117.00926
-0.877105,51,117.035093
-0.735696,51,117.059218
-0.810031,51,117.084548
-0.953077,52,117.108599
-0.92927,51,117.133486
-1.041872,50,117.156758
-0.947098,50,117.182404
-1.017607,51,117.205909
-0.956386,51,117.229774
-1.126874,52,117.254658
-0.663469,51,117.51503
-0.822615,51,117.539133
-1.018985,52,117.565056
-0.82129,50,117.588758
-0.942539,51,117.614301
-0.839961,51,117.63853
-0.999706,52,117.663824
-0.900413,51,117.688077
-0.882476,50,117.710947
-0.719765,50,117.735918
-0.963817,51,117.759537
-0.947161,51,117.785191
-0.990317,51,117.809399
-0.930125,50,117.834452
-1.042097,52,117.85871
-0.893969,51,117.884573
-0.874039,51,117.908137
-0.983003,51,117.933549
-0.948574,51,117.957382
-0.648222,51,117.983029
-0.996352,51,118.007167
-1.02008,51,118.032281
-0.697655,52,118.05617
-0.765674,51,118.081672
-0.814541,51,118.105374
-0.586347,51,118.129772
-0.68149,51,118.154228
-0.966786,51,118.178287
-0.718271,51,118.203654
-0.972149,51,118.227785
-0.927131,51,118.253024
-0.817294,51,118.277175
-1.043965,51,118.302372
-0.888407,51,118.32635
-0.923878,50,118.35107
-1.042484,51,118.374661
-0.885588,51,118.399924
-0.900841,51,118.423997
-0.950388,52,118.449787
-1.077208,51,118.473721
-1.021358,51,118.73286
-0.974658,52,118.757808
-0.934578,51,118.783063
-0.933147,52,118.807255
-0.773654,51,118.832245
-0.731976,51,118.8555
-0.900061,51,118.880797
-1.025399,51,118.905125
-0.879103,52,118.930645
-0.905865,52,118.954836
-1.028115,51,118.979458
-0.69725,51,119.004216
-0.958737,51,119.028287
-1.02617,51,119.053939
-0.799254,51,119.077664
-0.766145,52,119.103553
-0.756511,51,119.126766
-1.057717,51,119.151788
-0.9424,52,119.17594
-0.932256,51,119.201029
-0.750688,51,119.225073
-0.718911,51,119.252305
-0.953007,50,119.276341
-1.019833,52,119.303038
-0.681715,51,119.327798
-0.928806,51,119.354748
-1.023029,51,119.382634
-0.761492,51,119.408884
-0.704211,51,119.436799
-0.715289,51,119.463741
-1.058378,52,119.489711
-0.780517,51,119.516818
-0.723329,51,119.541748
-1.0127,51,119.569434
-0.936884,51,119.59462
-1.121618,52,119.621897
-1.187687,51,119.648987
-0.695782,51,119.674205
-0.828791,50,119.701154
-0.72853,52,119.727787
-1.074514,51,119.991849
-0.736882,50,120.016795
-0.65978,51,120.040615
-0.739063,51,120.065839
-0.661652,51,120.089873
-1.03218,51,120.115751
-0.792958,51,120.139736
-0.861924,51,120.164468
-0.731792,52,120.189214
-0.945275,51,120.213933
-0.797584,51,120.238049
-1.048631,52,120.26387
-0.990163,51,120.287966
-0.829633,51,120.313508
-0.806931,51,120.337875
-0.922883,51,120.36113
-0.768057,50,120.386916
-0.976225,51,120.411255
-1.11643,51,120.437079
-0.743749,51,120.460937
-0.695018,51,120.486509
-0.697703,51,120.510208
-1.157663,51,120.535736
-0.596292,51,120.559906
-0.783432,50,120.585231
-0.691145,51,120.609433
-0.987093,51,120.635765
-1.007898,51,120.659484
-0.739689,51,120.683611
-1.164659,51,120.707125
-0.829616,51,120.73268
-0.855394,51,120.75525
-0.878732,51,120.781946
-0.981033,51,120.806022
-0.755887,51,120.830528
-0.68236,51,120.854476
-0.919447,51,120.877156
-0.707257,51,120.901966
-0.964516,51,120.925867
-0.729851,51,120.950652
-0.675372,52,121.205197
-0.911284,50,121.227311
-0.981251,51,121.253104
-1.031186,51,121.277057
-0.831195,51,121.301196
-0.881801,51,121.324776
-0.910974,52,121.350519
-0.771895,51,121.374544
-1.084019,51,121.398518
-0.838127,51,121.422566
-0.751576,52,121.447468
-0.6797,50,121.470957
-0.84296,51,121.496102
-0.670278,51,121.520972
-0.773797,50,121.544232
-0.669782,51,121.570233
-1.021577,50,121.59203
-0.756608,51,121.617687
-1.05086,52,121.642219
-0.724879,51,121.667718
-0.667262,51,121.690388
-0.876411,51,121.7162
-0.754871,52,121.740647
-0.816335,51,121.766025
-1.018045,51,121.79015
-0.873096,50,121.813848
-0.839895,52,121.837985
-0.750534,50,121.861415
-0.989092,51,121.884908
-0.77495,51,121.908699
-1.067445,51,121.934402
-0.7773,51,121.957288
-0.963448,51,121.981637
-0.814146,51,122.005481
-0.888179,51,122.027766
-0.961895,51,122.052867
-0.75594,51,122.076728
-0.898243,50,122.101404
-0.969099,51,122.124554
-1.038044,51,122.150383
-0.718211,51,122.174303
-0.775411,51,122.461521
-0.778228,51,122.499323
-0.854362,51,122.528765
-0.799803,51,122.556864
-0.722765,52,122.586343
-0.863959,52,122.615734
-0.802287,51,122.640482
-0.972792,51,122.667468
-0.795276,51,122.692484
-0.816327,51,122.719591
-0.753236,52,122.746515
-0.642482,51,122.771697
-0.659149,51,122.797634
-0.798916,51,122.82195
-0.86764,51,122.847148
-0.663829,51,122.87121
-0.697653,51,122.89649
-0.865531,51,122.920447
-0.689694,51,122.9443
-0.856811,51,122.969639
-0.800517,52,122.993867
-0.693698,52,123.019624
-0.707199,51,123.043019
-0.825078,52,123.068882
-0.981475,51,123.092642
-0.781988,51,123.118107
-0.89971,52,123.142699
-0.891629,51,123.169639
-0.795892,51,123.194893
-0.82091,51,123.221809
-0.859306,51,123.245722
-0.757131,51,123.272005
-0.759722,50,123.297677
-0.801857,51,123.324089
-0.772765,52,123.350335
-0.756666,51,123.374407
-0.855176,51,123.399732
-0.80196,51,123.423292
-0.678151,51,123.448536
-0.874069,51,123.472395
-0.745382,51,123.738483
-0.86143,51,123.764516
-0.732468,51,123.790612
-0.838817,51,123.816092
-0.840703,52,123.840438
-0.691946,51,123.865498
-0.79753,50,123.889379
-0.887896,52,123.915496
-0.710355,51,123.93946
-0.727507,51,123.964095
-0.794716,52,123.988593
-0.840033,50,124.012864
-0.794176,52,124.038047
-1.101396,51,124.063858
-0.86834,51,124.088396
-0.863033,50,124.111243
-0.809075,51,124.136944
-0.814312,51,124.161023
-0.767937,51,124.186777
-0.912581,51,124.210928
-0.841975,51,124.236608
-1.003885,52,124.260559
-1.133034,51,124.285204
-0.740145,51,124.30903
-0.706982,51,124.334468
-0.7155,50,124.357739
-0.649323,51,124.382472
-0.803059,50,124.406175
-0.830482,51,124.431369
-0.773072,50,124.455161
-0.659952,52,124.480343
-0.833851,51,124.505441
-0.764519,51,124.530711
-0.833204,52,124.555323
-0.828251,51,124.580263
-0.807336,52,124.604691
-0.810008,51,124.629701
-0.742965,51,124.653613
-0.783341,51,124.677261
-0.729997,51,124.703064
-0.907387,51,124.961029
-0.75574,50,124.985922
-1.022777,51,125.010257
-0.859734,51,125.036117
-0.659125,51,125.059568
-0.846558,51,125.085311
-0.695382,51,125.10859
-0.668006,51,125.132901
-0.75808,51,125.156802
-0.740783,51,125.181295
-0.630505,51,125.205383
-0.744437,52,125.231175
-0.704523,51,125.256139
-0.805738,51,125.283688
-0.593387,50,125.307643
-1.154979,51,125.334363
-0.785297,52,125.360865
-0.62937,51,125.387169
-0.664854,51,125.413201
-0.869243,51,125.438565
-0.752644,51,125.466474
-0.631174,51,125.490942
-0.857651,51,125.519381
-0.737707,51,125.546569
-0.659523,50,125.572377
-0.794109,50,125.597462
-0.99639,52,125.622678
-0.911259,51,125.649816
-0.780739,52,125.676088
-0.756742,51,125.704305
-0.670733,51,125.732015
-0.727648,50,125.756596
-0.84441,51,125.78341
-0.843406,51,125.807783
-0.725524,52,125.833608
-0.821822,51,125.857589
-0.686627,51,125.883102
-0.703562,50,125.9064
-0.689098,51,125.931771
-0.840452,51,125.956043
-0.787859,52,126.213071
-0.855099,50,126.237694
-0.778298,50,126.260535
-0.71158,51,126.284014
-0.686672,52,126.308271
-0.81484,52,126.334356
-0.872849,51,126.357967
-0.634124,50,126.382889
-0.9147,51,126.405445
-0.72563,52,126.431018
-0.723273,51,126.4548
-0.762515,51,126.47746
-0.78281,51,126.503283
-0.750132,52,126.527673
-0.832158,51,126.5534
-0.788724,51,126.576632
-0.691871,52,126.601051
-0.691489,52,126.625858
-0.775158,50,126.651014
-0.83714,51,126.674823
-0.883757,51,126.699944
-0.730381,52,126.724326
-0.848457,50,126.748667
-0.785727,51,126.772477
-0.756043,51,126.797723
-0.745094,51,126.821559
-0.819206,51,126.845998
-0.880329,52,126.870312
-0.74826,51,126.892787
-0.809243,51,126.918173
-0.747981,52,126.941968
-0.755162,51,126.966801
-0.761997,51,126.990906
-0.860371,51,127.015926
-0.832337,51,127.039553
-0.863638,50,127.064552
-0.704971,51,127.087065
-0.763734,50,127.110221
-0.793975,52,127.136221
-0.797537,52,127.15904
-0.695659,50,127.413756
-0.749344,52,127.437736
-0.832177,50,127.460245
-0.700435,50,127.484848
-0.693421,51,127.50819
-0.703042,51,127.534094
-0.74341,52,127.558499
-0.752406,51,127.584036
-0.98362,51,127.606708
-0.765972,52,127.632062
-0.770257,51,127.656222
-0.739157,51,127.680874
-0.837579,51,127.704052
-0.790581,51,127.727935
-0.759752,51,127.857172
-0.805902,50,127.921111
-0.866165,51,127.967737
-0.750613,51,127.992479
-0.685879,50,128.017248
-0.860097,52,128.041211
-0.798244,51,128.066846
-0.938619,51,128.090664
-0.805053,51,128.115513
-0.755417,51,128.139287
-1.202635,51,128.164151
-0.892397,51,128.187934
-0.865818,51,128.211941
-0.74032,52,128.237631
-0.64572,51,128.261558
-0.810368,52,128.28999
-0.669296,52,128.316548
-0.773102,50,128.340405
-0.670327,51,128.36942
-0.844606,51,128.395547
-0.78134,51,128.422075
-0.732127,51,128.449124
-0.737767,51,128.474017
-0.721281,51,128.501187
-0.726088,51,128.526748
-0.73788,51,128.554048
-0.921716,51,128.826388
-0.700677,51,128.852051
-0.839669,51,128.87621
-0.75521,52,128.902312
-0.735598,51,128.92577
-0.712026,51,128.951721
-0.804585,51,128.975584
-0.653261,51,128.999839
-0.736334,51,129.023002
-0.720814,51,129.048809
-0.803028,51,129.072904
-0.78514,52,129.098688
-0.914073,52,129.123073
-0.754752,51,129.147811
-0.712392,52,129.172437
-0.705952,51,129.199485
-0.937398,50,129.223439
-0.716387,51,129.24921
-0.776673,51,129.272678
-0.752725,52,129.298734
-0.716093,52,129.323441
-0.722906,51,129.349144
-0.792507,51,129.373321
-0.816806,52,129.399081
-0.809488,51,129.423108
-0.800212,51,129.448435
-0.671239,51,129.472284
-0.755019,51,129.497195
-0.76819,51,129.521563
-0.798448,51,129.547196
-0.726271,51,129.570767
-0.87795,51,129.595054
-0.787542,52,129.620123
-0.663205,50,129.64344
-0.925581,51,129.66866
-0.792978,51,129.692709
-0.798305,51,129.718304
-0.669656,52,129.742448
-0.746347,51,129.767971
-0.677926,51,129.794409
-0.680777,51,130.055561
-0.831075,51,130.08092
-0.815872,51,130.104976
-0.726268,51,130.130659
-0.866179,51,130.153963
-0.665576,51,130.177446
-0.759954,51,130.202869
-1.014347,52,130.227412
-0.771982,51,130.252595
-0.721848,50,130.275498
-0.660099,52,130.301738
-0.863055,51,130.325045
-0.71776,51,130.350637
-0.897322,51,130.374782
-0.901052,51,130.400528
-0.654006,50,130.423464
-0.792106,51,130.448732
-0.953476,51,130.472984
-0.80214,51,130.498964
-0.703222,51,130.52364
-0.645979,51,130.549892
-0.758912,51,130.573438
-0.767383,51,130.598331
-0.649636,51,130.621966
-0.766042,51,130.647034
-0.807398,51,130.670914
-0.722318,51,130.692943
-0.723443,51,130.717824
-0.768003,52,130.74154
-1.207513,52,130.766442
-0.685046,51,130.789663
-0.769431,51,130.814555
-0.59925,51,130.838325
-0.812456,51,130.86015
-0.662409,51,130.884524
-0.710455,51,130.908176
-0.657697,51,130.932156
-0.688969,51,130.955844
-0.802567,51,130.981323
-0.810181,51,131.00425
-0.748196,51,131.256358
-0.796529,51,131.284565
-0.74552,50,131.308769
-0.752437,51,131.335668
-0.808101,50,131.362058
-0.793622,51,131.387547
-0.730532,51,131.414592
-0.625291,51,131.439015
-0.653772,51,131.467128
-0.842765,51,131.492549
-0.746989,52,131.520894
-0.729377,51,131.548958
-0.655091,51,131.573486
-0.705064,51,131.601068
-0.706738,52,131.628878
-0.66512,51,131.654935
-0.778135,50,131.682147
-0.796133,52,131.709732
-0.89588,51,131.738043
-0.842188,51,131.765324
-0.860399,52,131.789855
-0.733641,51,131.815515
-0.779382,51,131.839723
-0.739552,50,131.864507
-0.711261,51,131.888944
-0.712343,52,131.914807
-0.69022,51,131.938186
-0.599389,50,131.962399
-0.803669,51,131.987275
-0.787114,52,132.011087
-0.632467,51,132.036457
-0.755397,51,132.059114
-0.847844,51,132.084884
-0.708539,50,132.108169
-0.758063,52,132.131711
-0.791894,51,132.155989
-0.75022,51,132.181167
-0.616082,51,132.2044
-0.955283,52,132.226851
-0.787577,51,132.252547
-0.76509,51,132.509345
-0.733161,51,132.533447
-0.754576,51,132.55763
-0.77473,51,132.582831
-0.950211,51,132.605152
-0.751714,52,132.630938
-0.797904,51,132.654914
-0.776022,51,132.67823
-0.865312,51,132.7035
-0.730384,51,132.727584
-0.829063,50,132.750911
-0.777578,51,132.77478
-0.702868,51,132.800365
-0.688487,51,132.824319
-0.628216,51,132.849562
-0.734429,51,132.872012
-0.754549,51,132.897424
-0.740342,51,132.921443
-0.703102,51,132.947172
-0.695613,51,132.971136
-0.638738,51,132.995665
-0.83351,51,133.019803
-0.726663,51,133.042446
-0.756672,51,133.068675
-0.637074,51,133.092184
-0.73774,51,133.117019
-0.791938,51,133.14043
-0.790158,51,133.164884
-0.793666,51,133.188488
-0.673464,51,133.213354
-0.797711,51,133.236011
-0.776123,51,133.25959
-0.751703,51,133.285062
-0.745346,51,133.307825
-0.729218,51,133.333162
-0.725352,51,133.357834
-0.669555,51,133.382512
-0.751804,51,133.406166
-0.784325,51,133.429782
-0.852199,51,133.453379
-0.761312,51,133.708301
-0.799322,51,133.733854
-0.784437,50,133.757133
-0.767816,51,133.781563
-0.861551,51,133.805747
-0.761774,52,133.831123
-0.63682,51,133.854213
-0.829352,50,133.877644
-0.659414,51,133.90274
-0.744532,52,133.926248
-0.849207,52,133.95178
-0.678852,52,133.97615
-0.980824,52,134.001687
-0.792512,51,134.024829
-0.779186,51,134.050033
-0.816906,51,134.072822
-0.838787,51,134.098452
-0.774119,51,134.121364
-0.927471,51,134.146537
-0.794489,51,134.169859
-0.904261,51,134.193746
-0.731051,51,134.217362
-0.695807,51,134.241223
-0.700852,51,134.269893
-0.805086,51,134.297698
-0.854734,52,134.32251
-0.719331,51,134.348721
-0.675436,51,134.37384
-0.707667,51,134.401457
-0.785047,52,134.427285
-0.605921,52,134.45447
-0.65402,50,134.482702
-0.850477,51,134.508416
-0.890289,51,134.535116
-0.765005,51,134.561406
-0.843361,50,134.58812
-0.904028,52,134.616385
-0.727084,50,134.639948
-0.817199,52,134.667089
-0.866361,51,134.691255
-0.794548,51,134.955655
-0.674429,51,134.981361
-0.838745,51,135.005625
-0.738182,50,135.027556
-0.658822,50,135.052628
-0.819781,50,135.076003
-0.719265,52,135.10039
-0.905456,51,135.124147
-0.67347,51,135.148531
-0.692874,52,135.172807
-0.776405,51,135.197201
-0.84526,52,135.221258
-0.746074,51,135.244393
-0.684387,51,135.269776
-0.680229,51,135.294092
-0.719154,50,135.317821
-0.702335,50,135.341868
-0.63603,51,135.367013
-0.816593,50,135.390288
-0.619292,50,135.41538
-0.600286,51,135.439294
-0.679421,51,135.463699
-0.677401,51,135.487181
-0.904859,51,135.510994
-0.725357,52,135.535184
-0.700629,51,135.558895
-0.716985,51,135.584364
-0.669394,51,135.606957
-0.76423,51,135.631536
-0.840049,51,135.654437
-0.745499,50,135.677462
-0.98833,51,135.702822
-0.655679,51,135.726911
-0.813597,51,135.752958
-0.656139,51,135.777041
-0.717471,52,135.802434
-0.681317,51,135.82511
-0.738709,50,135.84977
-0.759465,51,135.873193
-0.690302,50,135.897327
-0.66323,51,135.921881
-0.686728,51,136.172544
-0.67765,51,136.197375
-0.704228,51,136.220051
-0.7467,50,136.243369
-0.630061,50,136.265857
-0.817864,51,136.288532
-0.694857,51,136.311918
-0.716431,51,136.33625
-0.704366,51,136.360253
-0.874042,51,136.38518
-0.908172,51,136.408082
-0.865524,51,136.433722
-0.79449,51,136.456311
-0.770373,50,136.480799
-0.819415,51,136.503944
-0.772992,51,136.529554
-0.76875,51,136.553152
-0.718713,51,136.575856
-0.763608,51,136.602081
-0.695981,50,136.627994
-0.733504,51,136.656392
-0.849936,51,136.683771
-0.857648,51,136.708482
-0.620005,50,136.735891
-0.810774,51,136.761431
-0.74062,50,136.788061
-0.643607,50,136.814276
-0.727339,51,136.838954
-0.814373,51,136.866086
-0.777975,51,136.893566
-0.724608,51,136.953821
-0.731462,51,137.028767
-0.661001,51,137.069993
-0.626959,50,137.104199
-0.776665,52,137.141449
-0.662201,52,137.171676
-0.772019,51,137.204211
-0.784533,51,137.23659
-0.978989,51,137.270262
-0.864075,51,137.310953
-0.770149,51,137.642528
-0.779904,51,137.66896
-0.835984,51,137.693799
-0.831817,51,137.725176
-0.758601,51,137.765671
-0.724235,52,137.797827
-0.739272,50,137.836961
-0.867027,51,137.874531
-0.670269,52,137.910215
-0.758417,50,137.95098
-0.731243,51,137.990029
-0.759986,52,138.019313
-0.760699,51,138.049504
-0.720176,51,138.077046
-0.727155,50,138.10319
-0.769549,50,138.131577
-0.679253,51,138.156495
-0.760032,52,138.184518
-0.823362,52,138.211866
-0.824714,51,138.237149
-0.758405,50,138.265738
-0.806584,50,138.291052
-0.814859,51,138.318601
-0.707215,52,138.348065
-0.836892,51,138.37533
-0.682779,52,138.40645
-0.708482,51,138.436742
-0.702331,51,138.465806
-0.673808,51,138.501271
-0.759402,51,138.532646
-0.723704,52,138.560287
-0.663805,51,138.588161
-0.889813,51,138.616445
-0.823825,50,138.641622
-0.647727,51,138.673044
-0.787904,52,138.706937
-0.859055,51,138.735968
-0.699518,51,138.764458
-0.619897,51,138.791491
-0.681813,51,138.819657
-0.721759,51,139.136394
-0.67738,50,139.173723
-0.839883,51,139.213952
-0.644088,51,139.250515
-0.727039,50,139.280925
-0.690548,51,139.315112
-0.794801,50,139.346582
-0.761768,51,139.376748
-0.808223,51,139.405319
-0.782685,51,139.434144
-0.847038,51,139.461982
-0.687168,51,139.487774
-0.704922,51,139.515035
-0.798786,51,139.540965
-0.776399,51,139.568619
-0.817935,51,139.593795
-0.713278,51,139.620696
-0.694294,51,139.648378
-0.803196,51,139.672912
-0.917903,52,139.70871
-0.795659,51,139.736658
-0.757728,51,139.763576
-0.805808,51,139.78908
-0.729403,51,139.818381
-0.814404,52,139.844188
-0.720149,51,139.870732
-0.720592,50,139.89729
-0.6574,52,139.922138
-0.834585,51,139.949535
-0.848678,51,139.976712
-0.663084,50,140.002739
-0.817592,52,140.029479
-0.820157,52,140.056069
-0.769565,51,140.082724
-0.616954,50,140.107383
-0.925861,51,140.132416
-0.712372,50,140.157438
-0.812573,51,140.1845
-0.766065,51,140.210311
-0.666518,51,140.236324
-0.65694,51,140.605968
-0.740244,51,140.644632
-0.705066,50,140.682989
-0.760323,51,140.718886
-0.886512,51,140.755152
-0.880743,51,140.792433
-0.753764,51,140.82387
-0.885769,51,140.866029
-0.730632,52,140.900161
-0.775433,51,140.933312
-0.7893,52,140.965834
-0.759851,51,141.009373
-0.811251,52,141.052018
-0.704249,51,141.086756
-0.728579,51,141.12035
-0.722179,51,141.156212
-0.812354,51,141.193158
-0.732382,51,141.227387
-0.619244,51,141.262067
-0.737081,51,141.298515
-0.74599,51,141.369563
-0.951264,51,141.415385
-0.973367,51,141.465681
-0.765714,52,141.508219
-0.738547,51,141.558033
-0.73241,51,141.598318
-0.772492,50,141.648337
-0.854121,51,141.686607
-0.822926,51,141.731048
-0.773418,51,141.775512
-0.713264,51,141.821605
-0.848758,51,141.859596
-0.76878,51,141.896171
-0.768303,51,141.936512
-0.741651,52,141.97363
-0.810764,51,142.057703
-0.729585,51,142.089916
-0.787524,51,142.134482
-0.830329,52,142.163526
-0.784445,51,142.191917
-0.723376,51,142.499341
-0.850561,51,142.526427
-0.749443,51,142.555699
-0.677381,51,142.584094
-0.773402,51,142.609743
-0.648829,50,142.638104
-0.732027,50,142.666492
-0.723391,51,142.693197
-0.726354,50,142.721483
-0.70723,50,142.747248
-0.778432,51,142.773506
-0.808955,51,142.804827
-0.672153,51,142.835937
-0.657705,51,142.866718
-0.943674,51,142.901504
-0.863819,52,142.932696
-0.579199,51,142.963967
-0.633281,51,142.994591
-0.656276,51,143.023401
-0.73173,51,143.053029
-0.719541,51,143.082185
-0.758047,51,143.108351
-0.783082,51,143.136008
-0.701748,51,143.165116
-0.660733,51,143.191546
-0.654598,52,143.220363
-0.688275,51,143.248006
-0.672861,51,143.278539
-0.713113,52,143.319329
-0.712893,51,143.350889
-0.857535,51,143.381022
-0.8614,51,143.409165
-0.739462,51,143.44126
-0.687231,51,143.470986
-0.770229,51,143.504463
-0.799835,51,143.542717
-0.632968,50,143.577197
-0.68321,50,143.608745
-0.794112,51,143.64377
-0.91444,51,143.683206
-0.73939,51,143.726872
-0.828678,51,144.06784
-0.775332,51,144.099
-0.721579,52,144.129253
-0.709296,51,144.158533
-0.750334,51,144.20128
-0.679009,51,144.24288
-0.655301,51,144.281882
-0.840852,51,144.319222
-0.747362,51,144.351504
-0.748471,51,144.384344
-0.737533,51,144.413584
-0.615871,50,144.442642
-0.693369,51,144.473038
-0.883497,51,144.50372
-0.624072,51,144.53498
-0.860159,51,144.565962
-0.719763,50,144.593345
-0.686527,51,144.624675
-0.836371,51,144.65503
-0.741995,52,144.686175
-0.781639,52,144.718677
-0.65115,51,144.767942
-0.682323,51,144.809324
-0.718921,52,144.850119
-0.717339,52,144.881486
-0.679547,51,144.909598
-0.707625,51,144.93904
-0.766814,50,144.968158
-0.756698,50,144.997704
-0.894658,51,145.025722
-0.718128,51,145.055767
-0.613643,51,145.086913
-0.727893,51,145.134951
-0.687828,51,145.179848
-0.871659,51,145.210597
-0.754553,52,145.251047
-0.785057,51,145.281204
-0.750672,50,145.309472
-0.630078,50,145.338628
-0.660208,51,145.368848
-0.739317,51,145.677397
-0.84979,51,145.706417
-0.812164,51,145.73515
-0.735527,51,145.762705
-0.698663,51,145.790683
-0.827392,50,145.818959
-0.662485,51,145.848708
-0.67336,51,145.877745
-0.750359,50,145.915126
-0.654811,50,145.946231
-0.807368,52,145.976353
-0.640784,51,146.010015
-0.813427,52,146.041359
-0.72082,51,146.07204
-0.866835,51,146.10019
-0.703793,51,146.127352
-0.770738,51,146.156643
-0.733305,51,146.184451
-0.736029,50,146.21158
-0.705336,51,146.240341
-0.663017,51,146.271758
-0.805353,52,146.307168
-0.703017,51,146.339915
-0.651127,50,146.371711
-0.720076,52,146.403163
-0.836808,51,146.434773
-0.742226,51,146.465663
-0.881236,51,146.493863
-0.705533,51,146.52312
-0.685917,50,146.55374
-0.70594,51,146.585175
-0.84891,50,146.615911
-0.678974,51,146.655475
-0.68659,51,146.70055
-0.664796,51,146.738927
-0.795804,51,146.773354
-0.793204,52,146.805714
-0.732009,51,146.836871
-0.734616,51,146.869852
-0.551975,51,146.902678
-0.774947,51,147.226926
-0.732588,52,147.257414
-0.647836,51,147.288091
-0.905039,51,147.325587
-0.645192,51,147.364864
-0.708605,50,147.396456
-0.791704,51,147.425681
-0.829948,51,147.462347
-0.639413,51,147.501144
-0.859197,51,147.538842
-0.672149,51,147.574379
-0.787919,52,147.607161
-0.695195,50,147.643864
-0.781854,51,147.677398
-0.683683,51,147.714373
-0.696093,50,147.74697
-0.763725,51,147.776892
-0.745903,51,147.80728
-0.701608,52,147.839822
-0.70748,50,147.869107
-0.986273,51,147.89724
-0.749812,51,147.924436
-0.930308,51,147.954385
-0.78749,51,147.986855
-0.883504,51,148.025744
-0.745296,51,148.067802
-0.702334,51,148.099753
-0.674272,51,148.128461
-0.857458,50,148.156442
-0.731752,52,148.186167
-0.688602,51,148.215141
-0.712945,50,148.248191
-0.757564,52,148.280696
-0.749397,51,148.310023
-0.824205,52,148.339176
-0.686817,51,148.367829
-0.68881,51,148.395267
-0.830672,51,148.423774
-0.796548,50,148.45244
-0.814239,52,148.485983
-0.822435,51,148.780931
-0.760904,51,148.808849
-0.807948,51,148.837504
-0.798791,51,148.866035
-0.663005,52,148.893989
-0.766938,51,148.923021
-0.764179,51,148.952227
-0.792191,51,148.981495
-0.731608,51,149.009231
-0.724828,50,149.03746
-0.613165,51,149.066116
-0.696099,51,149.093481
-0.716708,50,149.122578
-0.621141,51,149.152115
-0.727082,52,149.180964
-0.804034,51,149.208463
-0.780078,51,149.236735
-0.780563,52,149.268225
-0.742859,51,149.299619
-0.640471,51,149.329208
-0.695597,51,149.357717
-0.728293,52,149.387055
-0.603731,51,149.417376
-0.699295,51,149.449093
-0.79459,51,149.481859
-0.700333,52,149.51389
-0.70192,51,149.544242
-0.724572,51,149.57457
-0.710304,50,149.604334
-0.69511,52,149.636341
-0.755177,51,149.666707
-0.954508,51,149.69759
-0.779544,51,149.727313
-0.610476,51,149.759672
-0.789458,51,149.790473
-0.92981,51,149.820365
-0.696687,51,149.849697
-0.669248,51,149.877376
-0.69736,50,149.906298
-0.744057,51,149.93542
-0.765921,51,150.230619
-0.646413,51,150.258439
-0.726483,51,150.288089
-0.634369,50,150.316854
-0.922394,51,150.34376
-0.613211,51,150.372755
-0.675083,50,150.401077
-0.720043,51,150.42965
-0.6976,51,150.457496
-0.769131,51,150.486363
-0.749509,51,150.514453
-0.674972,51,150.543227
-0.703274,51,150.573944
-0.666003,50,150.607103
-0.66949,50,150.641278
-0.68091,51,150.674838
-0.763496,51,150.705553
-0.66821,52,150.735962
-0.573637,51,150.767292
-0.790402,51,150.799231
-0.651313,52,150.831943
-0.956827,52,150.860089
-0.690635,52,150.891224
-0.760652,51,150.921272
-0.748642,52,150.951217
-0.608254,51,150.977992
-0.954758,51,151.007501
-0.87672,51,151.036708
-0.803656,51,151.065126
-0.67888,51,151.090523
-0.713263,51,151.120026
-0.652791,52,151.147431
-0.63403,51,151.174403
-0.709057,51,151.201823
-0.767158,51,151.227752
-0.584845,50,151.253756
-0.733814,50,151.280299
-0.667562,51,151.307689
-0.967524,51,151.334891
-0.82643,51,151.360491
-0.708863,51,151.643896
-0.936375,51,151.677563
-0.660868,51,151.712468
-0.787206,50,151.742489
-0.742952,51,151.77448
-0.725773,52,151.807152
-0.689749,50,151.839012
-0.717136,51,151.873058
-0.728865,51,151.902733
-0.748811,51,151.930955
-0.675989,51,151.95789
-0.737272,51,151.985775
-0.812729,51,152.018514
-0.758074,50,152.048286
-0.752999,51,152.075677
-0.78921,51,152.107747
-0.683277,51,152.141472
-0.698486,52,152.175037
-0.752284,51,152.206242
-0.878087,51,152.237869
-0.687167,52,152.283734
-0.770367,51,152.318389
-0.685261,52,152.351533
-0.771036,50,152.384094
-0.780506,52,152.421709
-0.655384,51,152.455504
-0.717049,52,152.491585
-0.663424,50,152.526698
-0.662297,51,152.56336
-0.682013,51,152.593205
-0.767833,51,152.626733
-0.715026,51,152.660258
-0.707779,52,152.693845
-0.731829,51,152.725576
-0.713753,51,152.758067
-0.728223,51,152.788053
-0.733171,51,152.818241
-0.641706,51,152.8486
-0.758226,52,152.879319
-0.716912,51,152.909574
-0.79064,51,152.938536
-0.72043,51,153.24082
-0.684789,51,153.269377
-0.790517,51,153.301396
-0.71378,51,153.332151
-0.767839,51,153.360125
-0.660073,51,153.389325
-0.889175,51,153.419383
-0.769277,51,153.449459
-0.643443,51,153.477653
-0.726946,51,153.506691
-0.828872,51,153.537525
-0.639472,51,153.56922
-0.674179,51,153.599974
-0.762029,51,153.63046
-0.84819,51,153.65879
-0.626512,51,153.688054
-0.814033,51,153.71872
-0.731076,51,153.747647
-0.774774,51,153.775287
-0.802013,51,153.805084
-0.909951,51,153.834097
-0.69025,51,153.862414
-0.660978,51,153.89074
-0.813882,51,153.919923
-0.767834,51,153.947797
-0.693661,52,153.975316
-0.704921,51,154.003928
-0.683932,50,154.031754
-0.717418,51,154.058755
-0.823509,51,154.08824
-0.637263,51,154.116586
-0.738452,51,154.143403
-0.685593,51,154.172035
-0.947675,51,154.200573
-0.756573,51,154.228058
-0.837153,51,154.256598
-0.675246,51,154.285506
-0.705944,51,154.314117
-0.793756,51,154.341954
-0.693291,51,154.369878
-0.730514,50,154.666454
-0.772827,51,154.693554
-0.661753,51,154.72228
-0.638715,51,154.750844
-0.699241,52,154.779068
-0.783994,51,154.807082
-0.827617,51,154.83652
-0.885707,51,154.865544
-0.760355,51,154.892595
-0.730499,52,154.921549
-0.668816,50,154.948969
-0.67717,51,154.976176
-0.629424,51,155.005447
-0.649221,52,155.034875
-0.751567,51,155.063472
-0.710109,51,155.091001
-0.738272,51,155.119865
-0.756878,51,155.147763
-0.715008,50,155.173337
-0.751143,51,155.200733
-0.722345,51,155.226714
-0.701329,51,155.254081
-0.754477,51,155.285559
-0.737282,52,155.314186
-0.809443,51,155.342515
-0.835063,51,155.371337
-0.756157,51,155.401945
-0.769822,51,155.432002
-0.649471,50,155.459697
-0.728056,51,155.488341
-0.77642,51,155.519969
-0.690988,52,155.550167
-0.711106,50,155.580289
-0.755483,51,155.608162
-0.721975,52,155.638776
-0.691223,51,155.66923
-0.825177,51,155.69789
-0.741189,50,155.727439
-0.903761,51,155.758426
-0.6508,51,155.789185
-0.629683,51,156.075248
-0.850701,51,156.103164
-0.827503,51,156.131625
-0.700938,51,156.15693
-0.642861,50,156.183553
-0.819917,51,156.210138
-0.819924,51,156.238148
-0.737283,51,156.265274
-0.593142,51,156.291701
-0.774547,51,156.318447
-0.787298,51,156.347594
-0.6891,50,156.373153
-0.817655,51,156.400743
-0.685069,51,156.427721
-0.621891,52,156.45602
-0.774144,50,156.482697
-0.667083,52,156.509091
-0.821871,51,156.537779
-0.77751,51,156.565923
-0.715236,51,156.591914
-0.810636,51,156.619094
-0.797038,51,156.648441
-0.726382,51,156.674048
-0.738264,51,156.702347
-0.742365,50,156.727334
-0.682673,51,156.75503
-0.885175,51,156.782653
-0.662391,50,156.808278
-0.870195,51,156.835666
-0.660898,51,156.863786
-0.797578,52,156.890014
-0.689472,51,156.917966
-0.678969,51,156.943024
-0.707967,51,156.971453
-0.776288,51,156.99825
-0.692172,51,157.023551
-0.760402,51,157.052499
-0.796337,51,157.079747
-0.754773,52,157.106333
-0.729858,51,157.134232
-0.896332,51,157.41656
-0.708311,51,157.443187
-0.735771,51,157.470172
-0.762502,51,157.495175
-0.7421,50,157.522276
-0.587386,52,157.551003
-0.869868,51,157.576701
-0.77035,51,157.603946
-0.714142,51,157.631068
-0.690035,52,157.657214
-0.680736,51,157.685962
-0.759432,51,157.714035
-0.579535,50,157.741172
-0.841073,51,157.769126
-0.751708,51,157.796317
-0.722346,51,157.823023
-0.798808,51,157.851037
-0.7042,51,157.876666
-0.695924,52,157.904487
-0.703886,51,157.931748
-0.778083,51,157.95997
-0.907505,51,157.990149
-0.761102,50,158.016598
-0.716471,51,158.042356
-0.826331,51,158.070353
-0.885702,52,158.097515
-0.679961,51,158.123253
-0.723004,51,158.149762
-0.737356,51,158.176165
-0.969262,51,158.203833
-0.658778,51,158.231253
-0.577706,51,158.256882
-0.80367,51,158.287162
-0.767604,51,158.316312
-0.676732,50,158.343051
-0.680281,51,158.372452
-0.687611,51,158.402309
-0.76184,51,158.432748
-0.673445,51,158.46109
-0.630904,51,158.491456
-0.663528,51,158.823227
-0.774473,51,158.853971
-0.771825,52,158.882952
-0.660251,51,158.908593
-0.704151,51,158.937529
-0.665352,51,158.964743
-0.749214,51,158.991094
-0.723768,51,159.018408
-0.743578,52,159.044826
-0.813846,51,159.073306
-0.916433,51,159.101273
-0.747828,51,159.127322
-0.802261,51,159.155023
-0.732063,51,159.182178
-0.846156,51,159.207776
-0.771236,51,159.234537
-1.021606,51,159.260193
-0.769777,50,159.287933
-0.648929,51,159.314997
-0.650268,51,159.341462
-0.75629,51,159.368652
-0.648747,50,159.396003
-0.720466,51,159.423825
-0.893182,51,159.45243
-0.613123,51,159.48161
-0.819499,51,159.508593
-0.691985,51,159.536175
-0.740895,51,159.562617
-0.639584,51,159.589069
-0.705169,51,159.617026
-0.717358,50,159.642134
-0.951166,52,159.669408
-0.653592,50,159.69693
-0.732458,51,159.724366
-0.694727,51,159.7534
-0.819795,51,159.780316
-0.64319,51,159.806554
-0.76768,51,159.834851
-0.813216,52,159.861575
-0.803514,50,159.887585
-0.759638,52,160.1674
-0.717007,50,160.192877
-0.860736,51,160.220044
-0.607417,51,160.246796
-0.816077,51,160.272741
-0.623263,50,160.300786
-0.699449,52,160.32608
-0.854951,51,160.353182
-0.683669,52,160.380999
-0.750102,52,160.407256
-0.760065,51,160.434764
-0.681805,50,160.459741
-0.777392,51,160.487056
-0.760946,51,160.513962
-0.686389,51,160.540337
-0.91421,51,160.568296
-0.742174,51,160.594117
-0.781424,52,160.622573
-0.731412,52,160.650295
-0.753066,51,160.67564
-0.781923,51,160.702736
-0.882153,51,160.729291
-0.742278,51,160.755331
-0.689957,52,160.783619
-0.819351,51,160.809132
-0.855096,51,160.836435
-0.704067,51,160.864191
-0.678576,51,160.889969
-0.741027,51,160.916798
-0.673063,51,160.942007
-0.663092,51,160.969189
-0.738743,51,160.997217
-0.86827,51,161.023036
-0.628741,50,161.050165
-0.753038,51,161.076504
-0.725277,51,161.102829
-0.773008,51,161.129484
-0.825687,51,161.155711
-0.75904,52,161.183768
-0.762401,51,161.209855
-0.762133,50,161.511631
-0.730901,51,161.540625
-0.74478,51,161.569857
-0.89012,51,161.5993
-0.653783,51,161.627088
-0.716696,51,161.656239
-0.613797,50,161.684897
-0.597414,50,161.716797
-0.702341,51,161.748871
-0.704386,51,161.778298
-0.779041,51,161.805798
-0.96362,51,161.834543
-0.650077,51,161.862538
-0.723576,51,161.890547
-0.684178,51,162.022718
-0.719694,51,162.076692
-0.700538,50,162.112308
-0.753261,51,162.141492
-0.72851,51,162.170747
-0.749206,51,162.199731
-0.680662,51,162.22651
-0.719824,51,162.255992
-0.695144,51,162.285568
-0.641121,51,162.315123
-0.845234,51,162.34244
-0.661485,52,162.370083
-0.747167,51,162.397103
-0.774758,50,162.422074
-0.803677,51,162.450416
-0.812132,51,162.476837
-0.714103,51,162.504349
-0.694251,51,162.53148
-0.7753,52,162.558816
-0.808177,51,162.587227
-0.771546,50,162.613263
-0.766962,50,162.639922
-0.883168,51,162.668872
-0.680979,51,162.697843
-0.685062,50,162.723324
-0.840281,51,162.749993
-0.720257,51,162.77582
-0.658027,51,163.069202
-0.739105,51,163.096363
-0.733909,52,163.124175
-0.795138,50,163.151421
-0.799307,51,163.179506
-0.750383,50,163.205255
-0.693761,51,163.23334
-0.712987,51,163.260318
-0.794283,51,163.288413
-0.73327,51,163.316904
-0.931527,51,163.34344
-0.735751,51,163.37126
-0.816061,51,163.400498
-0.728592,52,163.427042
-0.723843,52,163.456619
-0.729927,51,163.484151
-0.870364,51,163.513189
-0.747025,51,163.543248
-0.753178,52,163.573696
-0.686617,51,163.601486
-0.689859,51,163.627196
-0.688146,50,163.654312
-0.724004,51,163.68108
-0.718081,51,163.706927
-0.673423,52,163.736291
-0.744245,51,163.763181
-0.732431,51,163.788058
-0.66475,51,163.815165
-0.627841,50,163.84053
-0.837827,51,163.867118
-0.665562,51,163.892613
-0.722058,51,163.919383
-0.691201,52,163.946804
-0.675924,51,163.972304
-0.764454,51,163.998752
-0.735832,51,164.025311
-0.748426,51,164.052312
-0.749432,51,164.078503
-0.645955,50,164.10415
-0.713761,51,164.131903
-0.714183,50,164.440147
-0.69909,51,164.471142
-0.780546,51,164.500424
-0.857325,51,164.529574
-0.708481,52,164.557119
-0.88537,51,164.588901
-0.606557,50,164.618283
-0.82305,51,164.648382
-0.729438,51,164.677028
-0.662865,51,164.706064
-0.661165,52,164.73765
-0.770968,50,164.767391
-0.817808,51,164.797152
-0.643835,50,164.822643
-0.777169,50,164.850166
-0.701209,51,164.876838
-0.689991,52,164.904585
-0.84273,51,164.931983
-0.658937,51,164.959135
-0.683436,52,164.98656
-0.733371,52,165.014904
-0.806778,51,165.040812
-0.799985,51,165.06864
-0.783118,51,165.095407
-0.700894,51,165.122213
-0.723924,51,165.15014
-0.77262,51,165.17608
-0.679421,51,165.203694
-0.688317,52,165.231547
-0.763999,50,165.257357
-0.862152,51,165.286113
-0.683105,51,165.31402
-0.742019,50,165.339492
-0.623888,51,165.366635
-0.750298,51,165.393402
-0.757943,51,165.41991
-0.701174,52,165.448659
-0.68003,51,165.473966
-0.758461,50,165.50151
-0.676837,51,165.526937
-0.708634,52,165.816346
-0.905156,51,165.842026
-0.723933,51,165.86885
-0.701317,51,165.895474
-0.706177,50,165.920549
-0.791759,51,165.94745
-0.740322,52,165.974402
-0.806531,51,166.000819
-0.699247,52,166.02626
-0.870441,51,166.052571
-0.765763,50,166.078853
-0.696842,50,166.104494
-0.784544,52,166.132454
-0.651784,50,166.157528
-0.655946,50,166.183876
-0.651084,52,166.212275
-0.770314,51,166.237153
-0.759765,50,166.264526
-0.73979,51,166.290441
-0.634582,51,166.317819
-0.717968,51,166.345268
-0.606965,51,166.371277
-0.667176,51,166.397872
-0.609674,51,166.424472
-0.693299,51,166.45136
-0.676994,51,166.479704
-0.638662,51,166.505438
-0.654734,51,166.53214
-0.711039,50,166.55893
-0.70639,51,166.58521
-0.834474,51,166.612099
-0.627343,50,166.637201
-0.617427,51,166.663756
-0.647926,50,166.688607
-0.697296,52,166.716294
-0.74745,52,166.742621
-0.787486,51,166.769884
-0.661494,51,166.797506
-0.688323,50,166.822606
-0.721586,51,166.849997
-0.758055,51,167.125627
-0.914449,51,167.153279
-0.620072,50,167.179863
-0.616772,52,167.206434
-0.777814,51,167.234272
-0.661225,52,167.270235
-0.628651,51,167.309008
-0.661266,52,167.359692
-0.75677,51,167.410244
-0.889076,51,167.453686
-0.78981,51,167.485875
-0.852499,51,167.518202
-0.691796,52,167.550361
-0.643498,50,167.583076
-0.799201,51,167.614667
-0.729552,51,167.643517
-0.680797,51,167.672389
-0.765432,51,167.702948
-0.871159,50,167.73372
-0.84133,51,167.762419
-0.688778,51,167.789647
-0.743192,52,167.81911
-0.831109,51,167.848372
-0.727618,51,167.874316
-0.719434,51,167.901762
-0.67713,50,167.927933
-0.72571,51,167.953939
-0.698565,51,167.981276
-0.652571,52,168.007709
-0.555846,50,168.034125
-0.789573,52,168.061248
-0.689484,50,168.086682
-0.711097,51,168.113337
-0.718705,51,168.140657
-0.716139,52,168.168149
-0.688845,51,168.19364
-0.673454,51,168.221514
-0.658597,51,168.24943
-0.661485,50,168.275231
-0.745987,51,168.302776
-0.703616,51,168.585292
-0.759466,50,168.611191
-0.649313,52,168.638598
-0.911236,51,168.66684
-0.76773,51,168.692298
-0.789273,51,168.719569
-0.821556,50,168.747317
-0.782433,51,168.772718
-0.82373,51,168.801215
-0.673838,51,168.826307
-0.610577,51,168.853182
-0.834222,51,168.881642
-0.7819,52,168.907738
-0.752989,51,168.934818
-0.731815,51,168.960451
-0.657605,51,168.988274
-0.638665,51,169.015573
-0.665592,52,169.041638
-0.69476,51,169.069463
-0.660467,52,169.098376
-0.787914,51,169.124366
-0.710382,51,169.151219
-0.741446,50,169.17742
-0.613548,52,169.204398
-0.624743,50,169.230885
-0.781373,50,169.255784
-0.727167,51,169.283193
-0.697588,51,169.308668
-0.715758,51,169.33564
-0.682753,51,169.360895
-0.660879,51,169.38908
-0.620918,51,169.41659
-0.694972,51,169.441521
-0.631239,50,169.469498
-0.805138,51,169.494644
-0.719117,51,169.521
-0.642894,51,169.549174
-0.7282,51,169.575474
-0.776451,51,169.603154
-0.745121,51,169.629809
-0.660292,51,169.655478
-0.65525,51,169.935286
-0.675394,51,169.960382
-0.649929,51,169.988447
-0.736191,51,170.015286
-0.769051,51,170.040139
-0.81053,50,170.066776
-0.677099,51,170.090993
-0.909944,52,170.118602
-0.764714,51,170.143799
-0.730049,51,170.171429
-0.674125,51,170.199157
-0.800721,52,170.225054
-0.757754,51,170.252159
-0.919414,51,170.277216
-0.572907,51,170.305559
-0.665603,50,170.332521
-0.690246,52,170.359084
-0.881125,51,170.387974
-0.731907,51,170.4162
-0.673128,51,170.444885
-0.599436,51,170.473227
-0.79299,51,170.50259
-0.878837,51,170.531477
-0.672899,51,170.55879
-0.662376,51,170.588336
-0.712111,51,170.618141
-0.720684,51,170.646841
-0.680379,51,170.675284
-0.678907,51,170.703881
-0.697021,51,170.733475
-0.763254,51,170.763305
-0.744858,52,170.791723
-0.739879,52,170.821018
-0.684548,51,170.84948
-0.662227,52,170.875591
-0.780161,51,170.903112
-0.751686,50,170.928937
-0.736345,51,170.955819
-0.77778,51,170.983015
-0.63392,51,171.008601
-0.760681,51,171.286909
-0.670352,50,171.313771
-0.747366,51,171.340692
-0.665085,50,171.366551
-0.722028,51,171.391889
-0.746494,51,171.419547
-0.646776,51,171.44756
-0.69471,51,171.473496
-0.872517,51,171.499627
-0.657471,52,171.527053
-0.744188,51,171.554226
-0.705691,51,171.581353
-0.605641,52,171.609462
-0.710974,52,171.637319
-0.71685,51,171.666357
-0.741231,51,171.693017
-0.782496,52,171.722441
-0.640906,51,171.751331
-0.724975,50,171.779108
-0.585261,51,171.807552
-0.734633,51,171.836104
-0.822572,51,171.861955
-0.735503,51,171.889466
-0.676219,50,171.918723
-0.678008,51,171.947012
-0.689486,52,171.973339
-0.617413,51,172.001721
-0.610272,51,172.028399
-0.703604,50,172.0562
-0.705436,51,172.083032
-0.785348,51,172.110323
-0.669806,51,172.13852
-0.628996,51,172.165247
-0.869597,51,172.192554
-0.793421,52,172.220972
-0.759088,51,172.250085
-0.769992,51,172.275849
-0.715701,51,172.303898
-0.811482,50,172.330608
-0.720501,51,172.357862
-0.711053,51,172.643057
-0.721807,50,172.669467
-0.690681,52,172.698573
-0.785165,51,172.72454
-0.805758,52,172.753367
-0.610611,50,172.780158
-0.691847,50,172.806749
-0.694572,51,172.833841
-0.744662,50,172.859913
-0.692151,50,172.886902
-0.665729,52,172.915061
-0.779156,50,172.942299
-0.722268,51,172.970142
-0.750561,51,172.997347
-0.77489,51,173.024284
-0.674864,50,173.051096
-0.700969,51,173.077592
-0.644202,51,173.104879
-0.682667,52,173.132782
-0.764699,51,173.159703
-0.646675,51,173.187124
-0.676066,51,173.21407
-0.725896,51,173.241186
-0.664051,51,173.26833
-0.768966,52,173.302825
-0.638019,51,173.334598
-0.759707,51,173.367975
-0.737761,51,173.399726
-0.8197,51,173.43108
-0.703528,52,173.46294
-0.59387,50,173.492395
-0.747437,51,173.526082
-0.743666,51,173.556769
-0.64967,50,173.586723
-0.697435,51,173.617846
-0.780218,51,173.649157
-0.688962,52,173.682661
-0.669564,51,173.712304
-0.858375,51,173.742458
-0.728477,50,173.774111
-0.805844,51,174.072416
-0.655118,51,174.101668
-0.758887,51,174.126741
-0.740516,52,174.15636
-0.656778,51,174.184409
-0.850096,51,174.211166
-0.5953,51,174.238792
-0.652349,51,174.267965
-0.685919,51,174.29541
-0.709782,51,174.322653
-0.762444,51,174.350473
-0.661749,51,174.37809
-0.667261,50,174.405382
-0.856362,51,174.432731
-0.741588,51,174.459931
-0.656722,51,174.488605
-0.669689,51,174.517749
-0.741541,51,174.543304
-0.734131,51,174.572609
-0.750443,51,174.602375
-0.722822,50,174.630982
-0.800905,50,174.655851
-0.737577,52,174.68463
-0.735763,52,174.713581
-0.722826,51,174.740689
-0.656831,51,174.768414
-0.802334,51,174.794831
-0.787106,52,174.8256
-0.659771,51,174.854264
-0.699263,52,174.882814
-0.798996,50,174.909427
-0.825239,52,174.941671
-0.705901,51,174.976372
-0.696456,51,175.012688
-0.731939,51,175.047361
-0.685841,50,175.083374
-0.671285,52,175.122419
-0.688851,51,175.157847
-0.731737,51,175.191229
-0.729193,51,175.222444
-0.758423,51,175.536718
-0.763344,51,175.565244
-0.604008,51,175.592302
-0.715136,51,175.621231
-0.881781,51,175.650288
-0.712807,52,175.679254
-0.736902,51,175.706623
-0.796279,52,175.736069
-0.763837,51,175.764472
-0.632255,52,175.792067
-0.668272,51,175.82035
-0.796764,51,175.850493
-0.734693,51,175.884123
-0.714871,52,175.918335
-0.692126,51,175.949934
-0.750172,51,175.981354
-0.709289,51,176.008979
-0.646445,51,176.039027
-0.708312,51,176.068448
-0.722501,51,176.096926
-0.832913,51,176.124054
-0.630242,50,176.156554
-0.704856,51,176.195111
-0.687398,52,176.232218
-0.729155,51,176.268935
-0.783482,52,176.308564
-0.740716,51,176.343242
-0.701779,51,176.375463
-0.739722,51,176.408951
-0.67665,50,176.441754
-0.742163,52,176.474599
-0.653565,51,176.508071
-0.765343,52,176.541791
-0.807947,51,176.574268
-0.739532,51,176.607017
-0.705568,51,176.638755
-0.767404,51,176.672652
-0.704138,51,176.710522
-0.756677,51,176.749755
-0.815719,51,176.784021
-0.818651,51,177.110352
-0.82128,51,177.140178
-0.597027,50,177.168424
-0.674697,52,177.199719
-0.762186,51,177.229704
-0.743092,51,177.259572
-0.713731,51,177.291418
-0.747804,51,177.323835
-0.835493,51,177.355396
-0.818433,51,177.385715
-0.711656,51,177.417872
-0.645968,51,177.456217
-0.76442,51,177.498529
-0.71122,51,177.536302
-0.649005,51,177.575142
-0.747313,51,177.615858
-0.738193,50,177.653319
-0.772394,51,177.693529
-0.6449,52,177.775651
-0.716588,52,177.821671
-0.577586,51,177.861473
-0.637381,52,177.897156
-0.711032,52,177.933465
-0.70653,50,177.973201
-0.666285,51,178.007219
-0.675455,51,178.043811
-0.645266,52,178.080541
-0.662475,51,178.115733
-0.770277,51,178.150661
-0.683622,51,178.183956
-0.905024,51,178.212838
-0.707266,51,178.240949
-0.660843,51,178.269054
-0.656064,51,178.297484
-0.781727,51,178.324695
-0.643045,51,178.35321
-0.838632,51,178.38132
-0.650309,51,178.408439
-0.756981,51,178.436987
-0.771627,51,178.465403
-0.691359,51,178.764148
-0.681216,51,178.795912
-0.691818,52,178.824192
-0.747447,51,178.85399
-0.696202,51,178.882945
-0.820826,52,178.912873
-0.742914,51,178.940363
-0.924541,51,178.969953
-0.792641,51,178.999357
-0.738144,51,179.026858
-0.79094,51,179.055764
-0.745627,51,179.085837
-0.74,51,179.115928
-0.755623,51,179.143765
-0.686669,51,179.173796
-0.744831,51,179.206653
-0.702508,51,179.243017
-0.74389,51,179.284283
-0.762506,50,179.320437
-0.741835,51,179.355137
-0.748434,51,179.389895
-0.715643,51,179.426213
-0.591999,51,179.461498
-0.842934,51,179.498253
-0.651454,52,179.532668
-0.706881,51,179.562128
-0.752868,50,179.592546
-0.818803,51,179.623009
-0.721135,51,179.653765
-0.756429,51,179.68436
-0.650852,51,179.718577
-0.765289,52,179.840969
-0.680618,50,179.899057
-0.669604,50,179.939046
-0.784174,50,179.974405
-0.728932,52,180.013805
-0.67904,50,180.049949
-0.758564,51,180.08388
-0.755858,51,180.117141
-0.785408,52,180.150616
-0.792424,51,180.508198
-0.79786,51,180.545305
-0.792442,50,180.581822
-0.711036,51,180.620765
-0.807432,51,180.657495
-0.710773,51,180.695097
-0.628877,50,180.729751
-0.7034,51,180.764208
-0.935584,51,180.799221
-0.602982,51,180.83455
-0.905181,51,180.865289
-0.64944,52,180.893492
-0.66763,51,180.922999
-0.691385,51,180.952626
-0.787559,51,180.98137
-0.685975,51,181.008393
-0.665085,50,181.036919
-0.922773,51,181.065925
-0.853678,51,181.092895
-0.705555,51,181.125255
-0.642269,50,181.156141
-0.655285,52,181.191232
-0.741478,51,181.221121
-0.7304,51,181.252532
-0.755271,51,181.282481
-0.797684,51,181.313113
-0.710565,50,181.341475
-0.677842,51,181.372211
-0.721161,51,181.403416
-0.705062,51,181.434319
-0.743773,52,181.465113
-0.719874,51,181.498876
-0.704914,51,181.538134
-0.744361,50,181.569353
-0.707143,51,181.600473
-0.839801,51,181.630032
-0.657124,51,181.658299
-0.699364,51,181.688813
-0.842194,51,181.718939
-0.743455,51,181.752818
-0.691356,51,181.783793
-0.675438,51,182.121802
-0.696714,52,182.167925
-0.755487,51,182.207383
-0.766044,51,182.247593
-0.567789,51,182.291561
-0.815741,51,182.33401
-0.907448,51,182.374874
-0.71532,51,182.416389
-0.715402,52,182.490642
-0.640415,52,182.556437
-0.839267,51,182.603155
-0.727764,50,182.64633
-0.763343,51,182.686127
-0.686877,52,182.720885
-0.686022,51,182.753615
-0.782858,51,182.789349
-0.892494,51,182.826166
-0.730402,51,182.857299
-0.739359,51,182.887156
-0.64151,51,182.918786
-0.695603,51,182.950333
-0.833664,51,182.983189
-0.755267,51,183.108496
-0.723271,51,183.199798
-0.68577,50,183.235166
-0.722349,50,183.270822
-0.822766,51,183.303464
-0.774419,51,183.337312
-0.712267,51,183.369393
-0.764753,51,183.399725
-0.677261,52,183.432525
-0.738632,52,183.469838
-0.743009,51,183.50215
-0.73071,50,183.534989
-0.624201,51,183.569234
-0.828794,51,183.603524
-0.713574,51,183.638282
-0.756698,51,183.676732
-0.76397,51,183.712372
-0.785406,50,183.744803
-0.774226,51,184.078382
-0.701688,52,184.107344
-0.751075,51,184.13821
-0.680172,51,184.16777
-0.706478,52,184.194789
-0.713948,51,184.224476
-0.794883,51,184.252466
-0.694091,50,184.279329
-0.721347,50,184.30777
-0.674042,51,184.334184
-0.615868,51,184.363341
-0.724158,51,184.39041
-0.722926,50,184.418691
-0.698832,50,184.444111
-0.709391,51,184.470846
-0.705506,51,184.498424
-0.712049,51,184.525205
-0.730823,51,184.552937
-0.762431,51,184.57857
-0.817587,51,184.605743
-0.76707,51,184.632539
-0.641587,51,184.658608
-0.887166,51,184.685271
-0.725463,51,184.711267
-0.904155,51,184.738744
-0.645439,51,184.766735
-0.791132,51,184.792265
-0.761843,51,184.820101
-0.701605,51,184.84775
-0.640842,51,184.873812
-0.835694,51,184.901218
-0.678461,50,184.926439
-0.647888,51,184.954058
-0.772539,50,184.979109
-0.904374,51,185.005196
-0.761635,51,185.031847
-0.648381,51,185.057517
-0.711909,51,185.08523
-0.722619,51,185.112857
-0.727376,51,185.139187
-0.78516,51,185.444803
-0.72339,52,185.4771
-0.601774,51,185.506122
-0.629904,51,185.537584
-0.671915,52,185.570803
-0.68974,50,185.602295
-0.657438,50,185.634938
-0.725692,51,185.668735
-0.719562,51,185.707068
-0.815031,51,185.752799
-0.683096,51,185.79725
-0.68835,51,185.835854
-0.686867,50,185.870037
-0.783058,51,185.899476
-0.768705,51,185.930187
-0.857553,51,185.956765
-0.728382,51,185.985058
-0.757899,51,186.013056
-0.770339,51,186.041038
-0.766774,51,186.069861
-0.691396,52,186.098413
-0.692144,52,186.130895
-0.76524,51,186.160332
-0.688873,51,186.196735
-0.782581,51,186.234045
-0.696033,51,186.270084
-0.636928,51,186.303934
-0.670812,51,186.340585
-0.742363,51,186.374799
-0.765071,51,186.407762
-0.696002,50,186.440678
-0.788283,51,186.473238
-0.814008,51,186.504188
-0.742099,51,186.532737
-0.709587,51,186.564034
-0.711733,51,186.593367
-0.78024,51,186.625067
-0.776491,51,186.656146
-0.695368,51,186.68599
-0.880282,51,186.71511
-0.685227,51,187.016087
-0.754794,51,187.042775
-0.652052,50,187.07169
-0.608455,51,187.100432
-0.711668,51,187.126924
-0.702186,51,187.155857
-0.706447,51,187.183418
-0.838493,51,187.20977
-0.74195,51,187.237237
-0.798781,51,187.266062
-0.730649,52,187.292019
-0.715339,51,187.320365
-0.675622,50,187.34853
-0.752796,51,187.375084
-0.756244,50,187.404745
-0.674293,51,187.434065
-0.870967,51,187.459962
-0.640614,51,187.489836
-0.761355,51,187.519673
-0.678245,51,187.550261
-0.950674,52,187.58043
-0.650938,51,187.610607
-0.743954,51,187.638785
-0.811821,52,187.669697
-0.681212,51,187.701017
-0.677101,51,187.729853
-0.813624,50,187.759114
-0.73741,51,187.789415
-0.696621,50,187.815682
-0.79644,51,187.843495
-0.750213,51,187.8723
-0.782805,50,187.898634
-0.688888,51,187.924518
-0.729784,51,187.953396
-0.798282,51,187.979547
-0.776374,51,188.006553
-0.725481,50,188.034858
-0.770067,50,188.059963
-0.652997,51,188.087569
-0.775405,51,188.114706
-0.70299,51,188.420043
-0.810972,50,188.453476
-0.69879,51,188.486646
-0.821761,51,188.522847
-0.696012,50,188.560675
-0.758874,51,188.595636
-0.663687,52,188.629795
-0.753629,51,188.66229
-0.69801,51,188.691039
-0.678741,51,188.724188
-0.649152,51,188.760481
-0.65899,51,188.791258
-0.768336,51,188.824456
-0.880188,51,188.854159
-0.79308,51,188.884868
-0.791474,51,188.91331
-0.680994,51,188.945315
-0.677655,51,188.976418
-0.785094,51,189.00901
-0.751188,51,189.040985
-0.706126,51,189.072578
-0.682976,51,189.104849
-0.738961,51,189.137705
-0.737045,51,189.170806
-0.662272,51,189.206368
-0.65538,51,189.240038
-0.684849,51,189.272677
-0.676818,51,189.305016
-0.687139,51,189.336287
-0.710367,50,189.367045
-0.775058,51,189.398653
-0.731539,51,189.42911
-0.694307,51,189.462475
-0.782861,50,189.491669
-0.699541,51,189.524369
-0.717099,51,189.557638
-0.720048,52,189.590114
-0.747734,51,189.622222
-0.604964,51,189.655529
-0.677056,50,189.686433
-0.718911,51,189.718563
-0.73266,51,190.016728
-0.717163,51,190.043279
-0.907824,51,190.071706
-0.668777,51,190.099372
-0.674704,50,190.124808
-0.65955,52,190.153237
-0.732417,51,190.180575
-0.802836,51,190.20767
-0.792704,51,190.23543
-0.747167,51,190.260458
-0.712871,51,190.287689
-0.592275,50,190.315089
-0.659514,50,190.340553
-0.638058,50,190.368459
-0.770844,51,190.394793
-0.544825,51,190.422035
-0.63556,51,190.449444
-0.785053,51,190.475549
-0.781093,51,190.50266
-0.586866,50,190.528506
-0.655379,51,190.556841
-0.629006,51,190.584387
-0.760468,51,190.609939
-0.657511,51,190.638553
-0.686616,51,190.66552
-0.78824,51,190.692329
-0.603097,51,190.7208
-0.704376,52,190.748575
-0.829779,51,190.773605
-0.735111,51,190.801049
-0.730664,51,190.827753
-0.68723,50,190.854747
-0.719733,50,190.881838
-0.678994,51,190.908842
-0.736179,51,190.935715
-0.731421,52,190.964003
-0.836037,51,190.990444
-0.732629,51,191.020456
-0.747705,51,191.048272
-0.814106,51,191.074974
-0.80953,51,191.370004
-0.635885,50,191.403127
-0.858497,51,191.434822
-0.609878,51,191.468011
-0.677952,51,191.500477
-0.654884,52,191.530949
-0.68933,52,191.560991
-0.712267,51,191.592124
-0.663793,51,191.625685
-0.637417,52,191.65915
-0.700432,51,191.691297
-0.686933,51,191.722535
-0.723,51,191.756957
-0.772967,51,191.789475
-0.807378,51,191.820514
-0.670976,50,191.849399
-0.714787,50,191.876786
-0.67322,51,191.906748
-0.669115,52,191.937063
-0.680168,52,191.966998
-0.664585,51,191.996142
-0.786011,50,192.023451
-0.772192,51,192.052923
-0.707568,51,192.081608
-0.748439,52,192.107769
-0.676336,51,192.137136
-0.708065,51,192.165472
-0.765266,51,192.191626
-0.680585,50,192.220416
-0.76128,52,192.25031
-0.653916,50,192.275338
-0.771258,51,192.30425
-0.64831,52,192.332931
-0.681738,51,192.359511
-0.791456,51,192.38931
-0.693553,51,192.417257
-0.685665,51,192.447384
-0.698581,51,192.474944
-0.679432,51,192.503318
-0.745602,51,192.531089
-0.678287,52,192.82516
-0.772935,51,192.853834
-0.743703,51,192.881705
-0.708501,51,192.907456
-0.737053,51,192.937431
-0.719259,52,192.966832
-0.703552,50,192.993719
-0.775663,51,193.023043
-0.688303,51,193.05423
-0.689173,52,193.084526
-0.781845,50,193.115035
-0.769515,51,193.142645
-0.749213,51,193.172224
-0.851863,51,193.204
-0.618693,52,193.233982
-0.843102,52,193.263966
-0.618051,52,193.292706
-0.727471,52,193.323448
-0.652436,52,193.353062
-0.612786,51,193.383124
-0.657173,51,193.411364
-0.627094,51,193.440265
-0.746459,51,193.469118
-0.626737,51,193.561229
-0.862656,51,193.612244
-0.777543,52,193.641414
-0.776996,50,193.670829
-0.609407,52,193.701185
-0.833028,51,193.73074
-0.757924,51,193.758437
-0.700359,52,193.788014
-0.636043,51,193.817311
-0.696105,51,193.845417
-0.696149,51,193.873522
-0.649484,50,193.902636
-0.85859,52,193.932198
-0.683189,52,193.961162
-0.682081,51,193.989647
-0.769582,51,194.019126
-0.672691,51,194.047908
-0.667121,51,194.369191
-0.669668,51,194.400635
-0.70777,52,194.429991
-0.665216,51,194.458589
-0.738196,51,194.488435
-0.669613,51,194.519203
-0.593663,50,194.548513
-0.699351,51,194.580458
-0.600504,50,194.608811
-0.676636,52,194.64013
-0.694583,51,194.672412
-0.723417,51,194.703717
-0.624156,51,194.736136
-0.77957,51,194.768528
-0.614185,51,194.798493
-0.772117,51,194.826738
-0.817612,51,194.855243
-0.691264,50,194.883041
-0.71144,51,194.911756
-0.650025,51,194.939179
-0.762323,51,194.966321
-0.739684,51,194.994306
-0.794886,51,195.021949
-0.807804,52,195.050575
-0.765343,52,195.076506
-0.766827,51,195.105483
-0.699902,51,195.133185
-0.655333,51,195.159714
-0.717128,52,195.18803
-0.673229,51,195.216406
-0.602674,51,195.243011
-0.719971,51,195.270395
-0.82137,51,195.298038
-0.731432,51,195.325776
-0.720362,51,195.354194
-0.697616,50,195.380416
-0.829794,51,195.408408
-0.669215,51,195.436145
-0.708773,51,195.463406
-0.767121,51,195.490057
-0.706363,51,195.779933
-0.689781,51,195.807517
-0.790745,52,195.835821
-0.685603,51,195.865114
-0.634278,51,195.890811
-0.633414,51,195.918565
-0.713838,51,195.945464
-0.79206,50,195.972271
-0.733558,51,196.001215
-0.617591,52,196.027429
-0.786728,51,196.054418
-1.031326,51,196.081564
-0.625735,51,196.108812
-0.834873,52,196.136929
-0.793984,51,196.16534
-0.712956,51,196.191323
-0.627376,51,196.219593
-0.600782,50,196.246815
-0.752483,51,196.273844
-0.699057,50,196.301131
-0.734135,51,196.329731
-0.678674,51,196.355774
-0.613914,50,196.382785
-0.644912,51,196.409
-0.666577,52,196.436572
-0.672411,51,196.463413
-0.754176,50,196.489998
-0.741571,51,196.517767
-0.690171,51,196.543404
-0.633076,51,196.570802
-0.706602,51,196.597996
-0.719936,52,196.624058
-0.754392,52,196.653166
-0.663389,51,196.680611
-0.840384,51,196.706194
-0.707193,51,196.734027
-0.587113,52,196.761614
-0.654969,51,196.787785
-0.823313,51,196.814988
-0.714094,51,196.84016
-0.844932,51,197.119636
-0.672645,51,197.14722
-0.695024,50,197.173766
-0.675249,51,197.201595
-0.611167,50,197.230037
-0.727745,51,197.255674
-0.781106,50,197.282661
-0.755351,52,197.311514
-0.661262,52,197.340438
-0.845581,52,197.369853
-0.685469,52,197.398614
-0.656847,51,197.42545
-0.76434,52,197.456295
-0.720017,51,197.488662
-0.719815,50,197.520172
-0.710399,51,197.549979
-0.660666,50,197.579972
-0.720206,51,197.609139
-0.83846,51,197.638899
-0.699309,50,197.670452
-0.646533,51,197.700692
-0.732768,51,197.730995
-0.789399,50,197.759045
-0.687669,52,197.789746
-0.746676,51,197.817195
-0.647529,52,197.845875
-0.661572,51,197.871927
-0.625995,50,197.899276
-0.735743,52,197.926169
-0.800325,51,197.954757
-0.763175,51,197.983403
-0.619204,51,198.009218
-0.794638,51,198.037024
-0.715269,51,198.06441
-0.796849,51,198.090965
-0.689699,51,198.118381
-0.673882,51,198.146007
-0.798752,51,198.172694
-0.675324,51,198.201485
-0.938284,51,198.228208
-0.683511,50,198.514176
-0.690599,51,198.541103
-0.693173,51,198.567903
-0.684194,51,198.597235
-0.659616,51,198.624571
-0.786925,51,198.654547
-0.676011,51,198.682093
-0.78782,50,198.707392
-0.780436,50,198.735443
-0.618689,51,198.762778
-0.715367,52,198.789719
-0.679292,51,198.81869
-0.757952,51,198.846004
-0.659162,51,198.873876
-0.702714,51,198.901453
-0.6397,50,198.929728
-0.671523,52,198.956386
-0.794138,51,198.984669
-0.703423,51,199.011916
-0.768329,51,199.04005
-0.971811,51,199.067476
-0.671909,50,199.096054
-0.70214,51,199.124596
-0.847371,51,199.151646
-0.675224,50,199.176676
-0.728309,52,199.206369
-0.6876,52,199.234585
-0.698376,52,199.263333
-0.746047,51,199.288878
-0.700196,51,199.317752
-0.658006,51,199.344604
-0.575374,50,199.372327
-0.745826,52,199.400238
-0.814468,51,199.428796
-0.677565,52,199.455879
-0.657468,51,199.486005
-0.706284,51,199.514182
-0.78365,52,199.54209
-0.638242,51,199.570298
-0.731736,50,199.599483
-0.586949,51,199.625958
-0.70449,51,199.917577
-0.756139,51,199.946259
-0.788308,52,199.972787
-0.656695,51,200.001568
-0.623165,51,200.027733
-0.686895,51,200.055811
-0.673093,51,200.08343
-0.734319,51,200.110212
-0.642527,51,200.137685
-0.65204,51,200.164678
-0.602949,51,200.19272
-0.805874,51,200.220137
-0.798612,51,200.248142
-0.718459,52,200.276148
-0.830239,51,200.30395
-0.709777,51,200.33618
-0.656055,51,200.374106
-0.733804,51,200.404181
-0.826194,51,200.43741
-0.85486,51,200.467847
-0.589917,51,200.497932
-0.663876,52,200.529767
-1.026777,52,200.563552
-0.673001,51,200.619875
-0.662599,51,200.671618
-0.649075,51,200.713492
-0.729316,51,200.742725
-0.688392,51,200.77503
-0.724559,51,200.806662
-0.884408,51,200.838232
-0.948468,51,200.869531
-0.659027,51,200.898514
-0.636542,51,200.925691
-0.703388,51,200.955679
-0.671937,51,200.985908
-0.761267,51,201.015246
-0.690999,51,201.042863
-0.638479,50,201.080753
-0.689189,52,201.117524
-0.851943,51,201.147484
-0.687169,50,201.488132
-0.934592,51,201.518959
-0.676691,51,201.54909
-0.677886,51,201.576259
-0.677524,51,201.605953
-0.713541,51,201.637647
-0.681132,51,201.667128
-0.649679,50,201.697513
-0.713319,51,201.725304
-0.642385,51,201.755638
-0.91308,51,201.785506
-0.701027,52,201.816231
-0.668756,51,201.845048
-0.659436,51,201.874597
-0.683375,51,201.904329
-0.695844,51,201.933927
-0.795949,51,201.963039
-0.622506,52,201.991731
-0.845044,51,202.021459
-0.645596,52,202.052118
-0.833592,51,202.081215
-0.719922,51,202.109308
-0.861866,51,202.13863
-0.706344,51,202.16837
-0.750023,50,202.197407
-0.730733,52,202.225556
-0.662039,51,202.254893
-0.727946,50,202.284332
-0.736688,51,202.315078
-0.683898,51,202.342793
-0.663609,51,202.371947
-0.639692,50,202.401286
-0.802867,51,202.430028
-0.757891,50,202.457293
-0.74431,50,202.486473
-0.666589,51,202.516769
-0.755984,51,202.54528
-0.728142,51,202.573369
-0.694555,51,202.603473
-0.640973,50,202.633012
-0.787383,50,202.933905
-0.677452,50,202.964915
-0.634321,51,202.992362
-0.712749,52,203.022089
-0.652412,52,203.05263
-0.703095,50,203.081766
-0.760389,51,203.108875
-0.610406,51,203.138031
-0.712874,50,203.166532
-0.769188,50,203.195447
-0.660262,51,203.224208
-0.757514,51,203.253409
-0.61309,51,203.283245
-0.687425,51,203.317847
-0.747539,51,203.350109
-0.658637,51,203.382253
-0.675938,50,203.412986
-0.635671,52,203.444175
-0.774214,51,203.475616
-0.70958,51,203.509504
-0.756738,50,203.546552
-0.725778,50,203.581838
-0.702042,51,203.614902
-0.676111,50,203.645783
-0.592628,51,203.676477
-0.666694,51,203.708462
-0.700601,52,203.742366
-0.815427,52,203.775686
-0.735943,50,203.806149
-0.693313,51,203.836954
-0.694177,51,203.866595
-0.805287,51,203.895104
-0.790165,51,203.923883
-0.692418,51,203.954069
-0.672949,51,203.983317
-0.698538,51,204.012955
-0.707731,51,204.041772
-0.576311,50,204.070016
-0.807079,51,204.099346
-0.639753,50,204.126788
-0.685865,50,204.435168
-0.708802,50,204.463748
-0.755544,51,204.491627
-0.720663,51,204.520638
-0.762235,51,204.550859
-0.605186,50,204.580061
-0.690387,50,204.607572
-0.685788,51,204.636579
-0.824104,51,204.666204
-0.883324,51,204.694036
-0.649679,51,204.723871
-0.70478,51,204.75358
-0.703509,51,204.781627
-0.770829,51,204.809699
-0.655813,50,204.839723
-0.643075,51,204.869009
-0.696315,50,204.897395
-0.704971,52,204.926741
-0.720865,50,204.958295
-0.654066,50,204.987524
-0.721649,51,205.019873
-0.713374,51,205.048852
-0.692595,51,205.075554
-0.738208,51,205.105372
-0.710256,51,205.134612
-0.687586,50,205.163002
-0.666345,51,205.191303
-0.683139,51,205.220598
-0.708103,50,205.246839
-0.783616,52,205.275398
-0.661155,50,205.305066
-0.659929,50,205.333022
-0.604411,52,205.358929
-0.677417,52,205.388507
-0.821031,51,205.417898
-0.684054,52,205.450044
-0.641813,51,205.479571
-0.605443,51,205.507493
-0.737846,51,205.537374
-0.730088,51,205.567694
-0.811999,51,205.987116
-0.77582,51,206.016633
-0.786734,51,206.044697
-0.724463,51,206.073262
-0.699501,51,206.103016
-0.590899,50,206.131663
-0.61169,50,206.158613
-0.648396,51,206.187195
-0.772389,51,206.216095
-0.636402,51,206.244059
-0.724624,51,206.273547
-0.78461,51,206.306318
-0.848939,51,206.340897
-0.69012,51,206.372768
-0.658629,51,206.403622
-0.790253,51,206.434877
-0.692068,51,206.466618
-0.639643,50,206.497661
-0.64801,51,206.529372
-0.713445,51,206.559346
-0.587576,52,206.591459
-0.786835,52,206.624966
-0.654787,51,206.655378
-0.680786,52,206.687285
-0.687792,51,206.71778
-0.668293,51,206.74839
-0.681953,51,206.779843
-0.671588,52,206.809749
-0.832571,51,206.84016
-0.670839,52,206.870076
-0.83034,52,206.900372
-0.750505,52,206.931493
-0.669889,52,206.9598
-0.651601,51,206.989806
-0.624194,52,207.019821
-0.698289,52,207.050547
-0.666344,52,207.080517
-0.701606,51,207.108
-0.81898,50,207.137823
-0.6842,51,207.167139
-0.645957,51,207.461613
-0.698527,52,207.491254
-0.75408,51,207.52093
-0.783483,51,207.549822
-0.815825,51,207.576934
-0.756208,51,207.606367
-0.758757,51,207.634679
-0.748674,51,207.662163
-0.71986,51,207.690981
-0.875332,51,207.720951
-0.857963,51,207.751573
-0.758777,51,207.78149
-0.702626,51,207.80986
-0.732093,51,207.838944
-0.68376,50,207.867786
-0.732843,51,207.89638
-0.595926,51,207.923458
-0.631315,51,207.952437
-0.664611,52,207.981812
-0.620125,52,208.007915
-0.608739,52,208.037329
-0.671041,51,208.066261
-0.653552,50,208.090891
-0.686881,51,208.11956
-0.707875,51,208.148995
-0.744355,51,208.17485
-0.763892,52,208.20431
-0.659551,51,208.234042
-0.746266,51,208.261797
-0.659695,51,208.291008
-0.827192,51,208.318055
-0.857396,51,208.347341
-0.666047,51,208.374104
-0.673384,50,208.403373
-0.698063,50,208.431017
-0.640531,51,208.456734
-0.622104,51,208.485894
-0.617062,52,208.51781
-0.607185,50,208.547174
-0.745556,51,208.574155
-0.73663,51,208.602904
-0.684275,51,208.898838
-0.713573,50,208.925866
-0.708955,51,208.95382
-0.745278,52,208.984036
-0.89419,51,209.011706
-0.662064,52,209.039295
-0.662528,51,209.069064
-0.757189,51,209.096621
-0.706356,50,209.122066
-0.762975,51,209.151514
-0.703396,51,209.179916
-0.713208,51,209.207822
-0.791715,51,209.236651
-0.710674,51,209.265843
-0.681898,51,209.299216
-0.722968,51,209.332596
-0.658451,52,209.362875
-0.870417,51,209.392856
-0.6756,51,209.424606
-0.655052,50,209.455012
-0.773748,51,209.487606
-0.733217,51,209.520809
-0.709755,51,209.553701
-0.82316,51,209.585604
-0.672219,51,209.617492
-0.675106,51,209.648397
-0.728065,50,209.679603
-0.59563,51,209.709293
-0.615225,52,209.741235
-0.711961,51,209.773635
-0.668911,51,209.804086
-0.619315,52,209.835629
-0.692299,50,209.863981
-0.633008,50,209.889638
-0.74291,51,209.918051
-0.62157,51,209.946083
-0.693217,50,209.972037
-0.702033,51,210.001251
-0.751326,51,210.028145
-0.690733,52,210.055439
-0.630467,51,210.338141
-0.700498,51,210.366759
-0.712342,50,210.392164
-0.793839,51,210.420233
-0.834828,51,210.447837
-0.643963,50,210.473189
-0.622869,51,210.502422
-0.801118,51,210.530809
-0.901572,51,210.557352
-0.680212,51,210.584895
-0.7174,52,210.613375
-0.750042,51,210.640113
-0.72187,50,210.66854
-0.712961,51,210.696703
-0.731257,51,210.722766
-0.754212,51,210.751161
-0.627886,50,210.777586
-0.73701,50,210.803648
-0.699672,51,210.8314
-0.676869,50,210.856998
-0.726284,51,210.883293
-0.687313,52,210.909183
-0.812222,51,210.937233
-0.662156,50,210.963476
-0.836387,51,210.989915
-0.768649,50,211.015721
-0.80403,51,211.042147
-0.658264,51,211.069754
-0.877114,51,211.097453
-0.805656,51,211.122777
-0.655347,52,211.1497
-0.698923,51,211.175152
-0.64941,51,211.202958
-0.668915,51,211.230949
-0.674679,51,211.258906
-0.740466,51,211.28621
-0.733449,51,211.312961
-0.742278,51,211.339024
-0.689351,51,211.366796
-0.759376,51,211.3931
-0.628261,51,211.673126
-0.724189,51,211.70345
-0.82692,52,211.730762
-0.749342,52,211.758935
-0.799964,51,211.787223
-0.687947,51,211.814644
-0.669057,52,211.842222
-0.778575,51,211.870585
-0.673043,51,211.900054
-0.673238,51,211.925593
-0.694527,51,211.953947
-0.835125,51,211.980812
-0.729901,52,212.006299
-0.715982,51,212.034471
-0.686949,52,212.060461
-0.693179,51,212.088204
-0.763934,50,212.115981
-0.75188,51,212.140845
-0.700135,51,212.167651
-0.781603,51,212.192652
-0.738752,52,212.220618
-0.757129,50,212.246901
-0.61308,51,212.273534
-0.807664,51,212.305972
-0.825168,51,212.33808
-0.731822,51,212.36858
-0.672815,51,212.397475
-0.753326,52,212.426501
-0.654136,51,212.45719
-0.766066,51,212.489606
-0.664897,51,212.520724
-0.685312,51,212.552353
-0.707511,51,212.58461
-0.804664,52,212.613832
-0.693342,51,212.647073
-0.678134,51,212.675579
-0.611284,50,212.708637
-0.602213,50,212.738094
-0.798282,51,212.769885
-0.672648,51,212.801792
-0.641994,51,213.095489
-0.730214,51,213.125242
-0.778379,52,213.155141
-0.66864,51,213.186765
-0.620295,51,213.217948
-0.668022,50,213.246964
-0.669165,51,213.278508
-0.602163,51,213.312082
-0.616165,50,213.343995
-0.709251,51,213.37604
-0.762325,50,213.407148
-0.684996,52,213.439588
-0.669872,51,213.471541
-0.645836,52,213.505021
-0.662747,51,213.538486
-0.785925,51,213.570028
-0.654381,51,213.601951
-0.832061,51,213.634724
-0.929192,50,213.663111
-0.687945,50,213.693586
-0.705258,51,213.723764
-0.74961,51,213.755343
-0.7508,51,213.785269
-0.720773,51,213.814684
-0.684765,50,213.845206
-0.711035,50,213.873686
-0.642502,50,213.902308
-0.669797,51,213.928709
-0.714393,52,213.968128
-0.817936,51,213.994165
-0.836213,51,214.024537
-0.693748,51,214.052377
-0.701412,50,214.078826
-0.746309,52,214.108568
-0.738102,51,214.136439
-0.6581,51,214.162488
-0.71658,50,214.189621
-0.635178,51,214.215824
-0.695374,51,214.244071
-0.66376,51,214.270248
-0.763617,50,214.554408
-0.633645,50,214.581965
-0.694519,52,214.609549
-0.625797,51,214.637805
-0.729545,51,214.665657
-0.664942,51,214.692591
-0.733297,51,214.720776
-0.70897,50,214.749423
-0.694392,51,214.776111
-0.923675,51,214.804831
-0.775804,50,214.832416
-0.780341,51,214.85973
-0.637336,51,214.888054
-0.733618,51,214.914088
-0.689151,50,214.941171
-0.70923,51,214.970065
-0.701366,50,214.995741
-0.726332,52,215.02421
-0.647446,51,215.051855
-0.651161,51,215.077149
-0.800865,51,215.106019
-0.672058,51,215.132125
-0.704868,51,215.158503
-0.705433,51,215.184841
-0.721612,51,215.211261
-0.696057,51,215.239473
-0.625461,51,215.267074
-0.678392,51,215.293859
-0.784672,50,215.328163
-0.773134,52,215.360253
-0.799924,51,215.390672
-0.619334,51,215.418619
-0.74803,51,215.448795
-0.728322,52,215.480935
-0.731889,51,215.510646
-0.731437,51,215.541365
-0.711577,52,215.573429
-0.8027,52,215.60608
-0.71744,51,215.638451
-0.745932,51,215.671994
-0.821356,51,215.702496
-0.647278,51,216.025826
-0.752642,52,216.05418
-0.594933,51,216.080523
-0.745765,51,216.108398
-0.701024,51,216.137264
-0.758225,51,216.163914
-0.614844,51,216.191179
-0.71151,51,216.220104
-0.879315,51,216.245352
-0.753485,51,216.273381
-0.698316,51,216.301579
-0.681484,52,216.329128
-0.937494,51,216.357978
-0.640262,52,216.386587
-0.685712,51,216.414189
-0.694058,51,216.442624
-0.687406,51,216.470839
-0.671469,52,216.497007
-0.617982,51,216.525705
-0.711453,50,216.552611
-0.660575,51,216.581082
-0.678031,51,216.610575
-0.776873,51,216.637875
-0.639478,51,216.665357
-0.699697,51,216.692445
-0.749513,52,216.72141
-0.649056,52,216.749182
-0.676562,51,216.776346
-0.703838,51,216.80323
-0.659318,51,216.830441
-0.679306,51,216.858184
-0.727265,51,216.885808
-0.629047,51,216.913367
-0.886474,51,216.941068
-0.819453,51,216.967466
-0.789748,51,216.995716
-0.8979,51,217.023982
-0.658732,51,217.050384
-0.716868,51,217.078054
-0.725032,51,217.107833
-0.702125,52,217.405149
-0.744368,51,217.432889
-0.621709,50,217.52518
-0.68456,51,217.578176
-0.873458,51,217.607612
-0.904628,51,217.636801
-0.797479,51,217.665695
-0.672971,50,217.694929
-0.66771,50,217.725431
-0.650779,51,217.754652
-0.807573,51,217.782582
-0.783741,50,217.814586
-0.752551,50,217.850052
-0.716436,51,217.890033
-0.702193,51,217.92379
-0.613554,51,217.954346
-0.67629,51,217.982697
-0.626035,50,218.015824
-0.669918,51,218.048375
-0.694154,51,218.082715
-0.708653,50,218.114461
-0.758371,51,218.144778
-0.660836,50,218.175901
-0.674725,51,218.209017
-0.70712,52,218.24376
-0.645432,51,218.277561
-0.693841,51,218.311372
-0.852415,51,218.350592
-0.654837,50,218.392686
-0.704656,51,218.429339
-0.786241,51,218.464062
-0.68571,51,218.499607
-0.651615,51,218.534192
-0.655144,50,218.573012
-0.865349,51,218.608887
-0.654989,50,218.643945
-0.665615,51,218.679463
-0.753789,51,218.715405
-0.680858,51,218.751494
-0.757154,51,218.788519
-0.675356,51,219.447983
-0.731239,51,219.487978
-0.648502,51,219.531255
-0.77813,51,219.572292
-0.652079,51,219.613913
-0.677551,51,219.652588
-0.671537,51,219.690903
-0.804458,52,219.727167
-0.673623,50,219.763715
-0.72148,51,219.80162
-0.836639,51,219.842335
-0.650277,51,219.889977
-0.798854,51,219.925621
-0.762621,52,219.962747
-0.705665,51,219.997658
-0.794843,51,220.040574
-0.65724,52,220.084855
-0.879008,51,220.186629
-0.681341,51,220.350264
-0.702967,51,220.412496
-0.710146,51,220.480323
-0.733215,51,220.553338
-0.612653,51,220.598278
-0.744044,51,220.639339
-0.658078,51,220.6787
-0.689283,51,220.722001
-0.618095,51,220.763746
-0.692666,51,220.806406
-0.630401,51,220.84693
-0.626508,52,220.884427
-0.747087,51,220.925241
-0.680405,51,220.963689
-0.77518,51,221.023145
-0.73457,51,221.084854
-0.685779,51,221.136544
-0.708573,52,221.195229
-0.718927,51,221.248674
-0.767768,52,221.305518
-0.659579,51,221.493363
-0.670846,51,221.557112
-0.710815,52,222.054029
-0.711646,51,222.100399
-0.704997,51,222.145876
-0.840005,51,222.183666
-0.685326,51,222.219201
-0.720895,51,222.252627
-0.68969,50,222.288377
-0.785669,52,222.32525
-0.737213,51,222.360407
-0.714963,50,222.395447
-0.677123,51,222.431601
-0.709412,52,222.467282
-0.795444,52,222.507023
-0.654065,50,222.539827
-0.609524,51,222.576021
-0.682923,51,222.610878
-0.669501,51,222.647377
-0.889198,51,222.683247
-0.621894,50,222.718477
-0.667479,51,222.750924
-0.818863,51,222.783558
-0.709529,51,222.819667
-0.643925,52,222.851447
-0.688856,51,222.885074
-0.606997,51,222.91504
-0.745958,51,222.944524
-0.84836,51,222.971239
-0.712564,52,223.002016
-0.664224,51,223.031033
-0.66472,51,223.060121
-0.62674,51,223.092926
-0.644212,51,223.128223
-0.685685,51,223.165068
-0.689972,51,223.203632
-0.685993,51,223.238047
-0.75972,51,223.27119
-0.687464,51,223.304872
-0.623169,51,223.339052
-0.695497,52,223.376675
-0.869846,51,223.41187
-0.693233,50,223.772937
-0.724007,51,223.809463
-0.642455,51,223.843318
-0.715605,52,223.877821
-0.70761,51,223.911105
-0.632187,52,223.946523
-0.798034,51,223.981211
-0.737434,50,224.016294
-0.624551,51,224.053597
-0.83825,51,224.092224
-0.675432,50,224.127345
-0.758683,51,224.163865
-0.714156,51,224.198408
-0.7497,52,224.236797
-0.757901,51,224.278462
-0.786347,50,224.313174
-0.726668,52,224.355908
-0.762853,51,224.393744
-0.615428,51,224.426682
-0.728657,51,224.46382
-0.762613,51,224.500015
-0.638541,50,224.536236
-0.689071,51,224.572943
-0.658362,51,224.616694
-0.681415,51,224.661583
-0.664847,51,224.700082
-0.748933,51,224.739339
-0.67328,51,224.783088
-0.726637,52,224.821926
-0.834007,51,224.863386
-0.7751,51,224.90134
-0.65762,51,224.94229
-0.806118,51,224.986035
-0.713761,51,225.030816
-0.632881,51,225.068383
-0.742315,52,225.111833
-0.852439,51,225.150037
-0.72568,50,225.185654
-0.677698,51,225.22005
-0.69544,51,225.252943
-0.655121,51,225.610209
-0.674096,51,225.649799
-0.718453,50,225.683353
-0.599568,51,225.717703
-0.681029,50,225.752272
-0.71787,51,225.791305
-0.73892,51,225.828896
-0.70237,51,225.864099
-0.74973,51,225.896648
-0.699878,51,225.930027
-0.599088,51,225.96176
-0.773377,51,225.990159
-0.703261,51,226.020215
-0.671639,51,226.050108
-0.606106,50,226.079213
-0.676405,51,226.107915
-0.735789,51,226.139626
-0.735658,51,226.176615
-0.596958,50,226.210059
-0.67735,50,226.242037
-0.671519,50,226.27439
-0.688812,52,226.307707
-0.645364,51,226.343787
-0.662822,51,226.37369
-0.60725,51,226.403613
-0.7675,51,226.434949
-0.724939,51,226.465325
-0.629229,52,226.496486
-0.72935,51,226.528445
-0.696936,51,226.561446
-0.575373,52,226.590619
-0.75155,50,226.62195
-0.641664,50,226.650895
-0.662096,52,226.682196
-0.737363,51,226.718542
-0.793376,51,226.753554
-0.715183,51,226.785052
-0.887043,51,226.817136
-1.004908,51,226.847985
-0.773706,52,226.878797
-0.648395,52,227.198741
-0.683284,51,227.228595
-0.715545,51,227.257076
-0.689498,51,227.286217
-0.741016,51,227.315313
-0.651745,52,227.347606
-0.72094,51,227.380968
-0.706416,51,227.414248
-0.759758,51,227.446691
-0.729978,51,227.485951
-0.604878,51,227.541057
-0.604194,50,227.585916
-0.823725,50,227.635359
-0.564477,51,227.67884
-0.716762,52,227.737136
-0.588026,51,227.788135
-0.641094,51,227.839214
-0.690818,52,227.882448
-0.712663,51,227.921594
-0.744354,50,227.955776
-0.80005,51,227.991623
-0.698639,50,228.030984
-0.77069,52,228.06826
-0.619409,51,228.110233
-0.698753,51,228.158586
-0.644775,51,228.197788
-0.668813,51,228.234197
-0.772205,51,228.264656
-0.732979,51,228.293679
-0.723588,52,228.322958
-0.610681,52,228.354094
-0.723497,51,228.384882
-0.704298,51,228.41519
-0.801014,51,228.446858
-0.613582,51,228.474576
-0.727825,51,228.50361
-0.585526,51,228.533777
-0.629544,50,228.56292
-0.615923,51,228.591069
-0.626037,51,228.620553
-0.718109,51,228.650227
-0.631533,52,228.957501
-0.687312,51,228.988503
-0.637453,51,229.0199
-0.69027,51,229.050495
-0.818855,52,229.079794
-0.747524,51,229.107824
-0.644908,51,229.136674
-0.718602,52,229.166441
-0.609352,50,229.195819
-0.658667,52,229.224773
-0.671896,52,229.255034
-0.655424,51,229.286891
-0.666473,51,229.323108
-0.621986,50,229.354058
-0.69609,51,229.385509
-0.784054,51,229.415117
-0.684561,51,229.442835
-0.676358,50,229.471997
-0.682978,51,229.503014
-0.573482,51,229.531889
-0.688963,51,229.715826
-0.798191,52,229.759162
-0.566652,50,229.791485
-0.692235,51,229.822904
-0.727926,50,229.851086
-0.714632,50,229.879478
-0.752554,51,229.907478
-0.621312,51,229.935867
-0.656226,51,229.96745
-0.700375,51,229.997313
-0.740579,51,230.027877
-0.672401,52,230.058394
-0.632831,50,230.088397
-0.73683,51,230.119743
-0.68421,52,230.152489
-0.71808,51,230.184856
-0.737109,51,230.214307
-0.664077,51,230.245017
-0.662019,51,230.274874
-0.807773,51,230.303905
-0.727339,51,230.662263
-0.754258,52,230.696765
-0.577199,52,230.731356
-0.734118,51,230.766288
-0.692102,51,230.801039
-0.659656,51,230.836266
-0.623286,51,230.870638
-0.786543,51,230.904539
-0.725696,50,230.937824
-0.874008,51,230.971548
-0.694097,51,231.005792
-0.653281,51,231.041503
-0.804883,51,231.075309
-0.562742,50,231.107571
-0.711388,51,231.1402
-0.820989,51,231.173888
-0.65246,51,231.208196
-0.620378,50,231.241854
-0.677353,51,231.273958
-0.665424,51,231.307987
-0.77894,51,231.341695
-0.737266,51,231.375338
-0.574884,51,231.407398
-0.7505,51,231.440807
-0.666051,51,231.472379
-0.710394,51,231.50811
-0.63221,51,231.542154
-0.681209,51,231.575107
-0.6934,51,231.609403
-0.780943,52,231.643602
-0.670693,51,231.677419
-0.669617,51,231.710339
-0.778532,51,231.74309
-0.632475,51,231.775138
-0.715542,50,231.809187
-0.767341,51,231.842908
-0.764436,51,231.875983
-0.732485,51,231.90928
-0.690087,51,231.941062
-0.85846,51,231.972369
-0.672647,52,232.288644
-0.604228,50,232.319238
-0.671165,51,232.349922
-0.649224,50,232.380926
-0.755437,51,232.409506
-0.711144,51,232.440542
-0.651594,52,232.473073
-0.708004,51,232.505093
-0.750685,51,232.534915
-0.688007,51,232.566236
-0.739599,51,232.593731
-0.686033,51,232.625482
-0.647885,51,232.655809
-0.755212,51,232.687122
-0.649689,51,232.717729
-0.749513,51,232.747873
-0.706154,51,232.776819
-0.719101,51,232.807429
-0.772495,51,232.836373
-0.762842,51,232.866893
-0.730371,51,232.897635
-0.718511,52,232.927201
-0.692019,51,232.958828
-0.745144,51,232.989926
-0.655222,51,233.025028
-0.697942,51,233.056753
-0.711559,51,233.087975
-0.749029,51,233.120324
-0.739875,50,233.150579
-0.667754,51,233.182507
-0.68479,51,233.217463
-0.678787,52,233.255161
-0.740836,50,233.293309
-0.838788,51,233.335779
-0.790654,52,233.470463
-0.641549,51,233.52757
-0.641297,51,233.620376
-0.824799,51,233.672007
-0.67034,50,233.727065
-0.722942,52,233.771813
-0.701877,50,234.216791
-0.661376,51,234.255389
-0.690562,51,234.293227
-0.720941,51,234.333121
-0.741997,51,234.373136
-0.832932,51,234.416366
-0.719771,51,234.453925
-0.698297,51,234.495254
-0.699386,51,234.538138
-0.771921,52,234.577962
-0.768901,51,234.617117
-0.67021,51,234.654948
-0.750785,51,234.693923
-0.694854,51,234.732524
-0.724951,52,234.769482
-0.710228,51,234.810048
-0.680743,50,234.856192
-0.696531,50,234.89752
-0.82597,51,234.939536
-0.746064,51,234.977132
-0.755919,51,235.017984
-0.717127,51,235.060721
-0.727549,51,235.105591
-0.713518,51,235.144134
-0.702625,52,235.183055
-0.619345,51,235.22151
-0.669881,52,235.260932
-0.649071,51,235.301243
-0.78312,51,235.342463
-0.677255,52,235.386225
-0.676649,51,235.428044
-0.665155,51,235.48328
-0.637225,51,235.532839
-0.687591,51,235.576176
-0.831108,51,235.622833
-0.842958,51,235.670506
-0.754899,50,235.713229
-0.680598,51,235.771582
-0.662517,52,235.823158
-0.828581,51,235.871168
-0.715856,51,236.600036
-0.738562,50,236.673842
-0.696698,50,236.734253
-0.839069,52,236.804141
-0.596887,51,236.86435
-0.67478,51,236.925362
-0.738264,51,236.978377
-0.728301,52,237.032988
-0.760695,51,237.089547
-0.728232,52,237.139411
-0.633347,52,237.188794
-0.654144,51,237.238168
-0.887309,51,237.281328
-0.682262,52,237.325584
-0.667361,51,237.37717
-0.688982,50,237.422599
-0.779712,51,237.470652
-0.783273,51,237.515248
-0.735597,51,237.559836
-0.789582,51,237.607778
-0.671117,51,237.651952
-0.725523,50,237.695534
-0.741967,52,237.743819
-0.622074,51,237.795544
-0.77407,51,237.841512
-0.770196,52,237.902584
-0.738307,51,237.947843
-0.740704,51,237.993508
-0.79494,51,238.037538
-0.768454,51,238.084056
-0.670475,50,238.128866
-0.639486,51,238.173474
-0.687638,51,238.220649
-0.657221,51,238.26314
-0.753648,52,238.306548
-0.709832,51,238.350549
-0.691237,51,238.39088
-0.674148,51,238.434462
-0.64923,51,238.477797
-0.805024,51,238.5165
-0.641093,50,238.933677
-0.750057,51,238.975703
-0.755804,50,239.013609
-0.707133,51,239.053642
-0.723461,51,239.094597
-0.732124,51,239.136941
-0.727019,51,239.174631
-0.736199,51,239.220237
-0.803375,51,239.257818
-0.804315,51,239.2961
-0.697204,52,239.351976
-0.650118,51,239.457946
-0.72259,51,239.537896
-0.669316,51,239.59942
-0.690756,51,239.650115
-0.812562,51,239.703717
-0.674411,50,239.751046
-0.70375,51,239.818735
-0.740678,51,239.867696
-0.779092,51,239.912939
-0.800924,51,239.961907
-0.654015,52,240.007514
-0.737135,51,240.055981
-0.663385,52,240.101669
-0.694444,51,240.144829
-0.72092,51,240.194327
-0.706159,51,240.239753
-0.685511,51,240.290542
-0.696631,50,240.33467
-0.748401,51,240.376673
-0.741599,52,240.427125
-0.663201,51,240.475275
-0.694666,50,240.522588
-0.630887,51,240.573282
-0.667835,51,240.614665
-0.702455,51,240.672142
-0.76501,52,240.722564
-0.642059,51,240.776396
-0.684313,51,240.827437
-0.75167,51,240.899315
-0.646499,51,241.39308
-0.676228,51,241.440469
-0.617179,51,241.484597
-0.73634,51,241.536427
-0.596455,51,241.577971
-0.716716,51,241.622465
-0.688625,50,241.663523
-0.79957,51,241.705943
-0.703258,51,241.948646
-0.64006,51,242.069615
-0.647435,51,242.117574
-0.672019,51,242.169208
-0.694,52,242.234476
-0.66411,51,242.312388
-0.62795,50,242.401764
-0.710468,52,242.543324
-0.704764,51,242.629422
-0.805523,51,242.695114
-0.676253,51,242.756767
-0.740317,50,242.811285
-0.69423,50,242.87014
-0.671208,51,242.924319
-0.889579,50,242.976263
-0.61675,51,243.027934
-0.651697,51,243.073418
-0.66253,50,243.117907
-0.762918,50,243.173249
-0.708146,50,243.222842
-0.678437,51,243.284538
-0.800355,51,243.337227
-0.667214,51,243.392007
-0.675266,51,243.440484
-0.666422,50,243.489389
-0.76037,51,243.538618
-0.689429,51,243.587059
-0.743915,51,243.639437
-0.838828,51,243.686195
-0.684232,51,243.73239
-0.691045,51,243.787992
-0.695807,51,243.835636
-0.79129,51,243.891538
-0.800744,51,244.343739
-0.655081,51,244.396114
-0.80943,51,244.443821
-0.783284,50,244.484491
-0.797333,51,244.533166
-0.642064,51,244.573992
-0.695793,51,244.612903
-0.754509,51,244.659687
-0.654633,51,244.700902
-0.817469,52,244.744308
-0.713825,50,244.791469
-0.67089,51,244.834232
-0.623686,51,244.879143
-0.804376,51,244.923299
-0.663329,52,244.96273
-0.805301,51,245.007714
-0.746333,51,245.046091
-0.758279,51,245.087122
-0.662655,51,245.130513
-0.628013,51,245.172757
-0.686386,51,245.212415
-0.68801,51,245.26059
-0.637253,51,245.305938
-0.596134,51,245.360068
-0.761544,51,245.413582
-0.876022,51,245.46373
-0.6798,51,245.52375
-0.653427,51,245.574391
-0.734096,51,245.628272
-0.633548,51,245.676233
-0.59372,51,245.733418
-0.722165,51,245.785275
-0.75233,51,245.834009
-0.679116,51,245.888222
-0.671518,51,245.928906
-0.672047,51,245.975247
-0.772987,51,246.019679
-0.715058,51,246.060561
-0.677082,52,246.110208
-0.600405,51,246.152731
-0.686253,51,246.604078
-0.731189,51,246.646819
-0.881998,52,246.690367
-0.769247,50,246.736598
-0.627286,51,246.777246
-0.679004,50,246.821033
-0.699603,51,246.869392
-0.633617,50,246.909272
-0.647767,51,246.956757
-0.671465,51,246.997603
-0.741455,51,247.039011
-0.739301,51,247.079376
-0.913274,51,247.121788
-0.604387,50,247.156852
-0.713822,50,247.19965
-0.713626,51,247.23865
-0.65769,50,247.274213
-0.74802,51,247.313283
-0.651142,50,247.352112
-0.667607,51,247.393242
-0.619987,51,247.437695
-0.819876,50,247.491435
-0.772656,51,247.539795
-0.633554,51,247.598006
-0.753673,51,247.655666
-0.878929,51,247.716711
-0.652717,51,247.776825
-0.604293,50,247.835006
-0.625982,51,247.891122
-0.691235,51,247.942622
-0.621126,50,247.986749
-0.579984,51,248.028339
-0.618317,51,248.073946
-0.694831,51,248.114536
-0.746434,51,248.154376
-0.68002,51,248.194889
-0.657929,51,248.233542
-0.747085,51,248.271015
-0.687428,52,248.311557
-0.753004,51,248.353696
-0.793709,51,248.828019
-0.864094,51,248.87208
-0.703826,52,248.92074
-0.833257,51,248.966053
-0.671234,51,249.007821
-0.700981,51,249.05376
-0.675114,51,249.096651
-0.623035,51,249.142309
-0.749702,50,249.187224
-0.700343,51,249.225348
-0.795958,51,249.264744
-0.74258,51,249.310896
-0.618367,51,249.353876
-0.650879,51,249.395432
-0.602926,51,249.439489
-0.655352,51,249.47913
-0.616029,51,249.523596
-0.69915,50,249.569394
-0.761705,50,249.607789
-0.637709,51,249.653079
-0.739248,51,249.691679
-0.715303,51,249.729141
-0.629241,51,249.775848
-0.65978,51,249.823232
-0.604244,50,249.878222
-0.673248,50,249.968985
-0.656825,51,250.020911
-0.767635,50,250.071174
-0.771701,51,250.129879
-0.714184,52,250.188643
-0.685502,50,250.242451
-0.750509,50,250.289067
-0.645867,51,250.333284
-0.739106,51,250.377646
-0.728894,51,250.422246
-0.713084,50,250.465337
-0.669601,50,250.505573
-0.684049,51,250.546467
-0.675578,51,250.588253
-0.628651,51,250.631661
-0.62895,51,251.060381
-0.682563,51,251.097234
-0.586302,51,251.142181
-0.743783,51,251.178741
-0.699829,51,251.218818
-0.793954,51,251.257317
-0.820476,51,251.296363
-0.778791,51,251.336373
-0.781527,51,251.387258
-0.646481,52,251.43381
-0.68492,50,251.482111
-0.651441,51,251.531137
-0.662121,52,251.580195
-0.890261,51,251.627097
-0.709464,51,251.675077
-0.69657,50,251.72017
-0.687034,51,251.767457
-0.773711,51,251.811055
-0.676936,50,251.856234
-0.671377,51,251.893931
-0.622066,51,251.938934
-0.626024,51,251.987618
-0.834652,51,252.051727
-0.759121,51,252.12472
-0.698975,51,252.177234
-0.663951,51,252.221988
-0.703913,51,252.266778
-0.680739,51,252.307702
-0.636481,51,252.350668
-0.783563,52,252.392255
-0.869759,51,252.435434
-0.656835,50,252.473149
-0.667814,51,252.513615
-0.80973,52,252.557869
-0.807572,51,252.598391
-0.708126,51,252.640801
-0.677052,51,252.68184
-0.686446,51,252.722908
-0.730766,51,252.760701
-0.804646,51,252.801157
-0.691488,51,252.84044
-0.81039,51,253.257834
-0.731092,51,253.29678
-0.617521,51,253.334657
-0.73297,51,253.370821
-0.719441,52,253.407388
-0.690369,52,253.460254
-0.701649,51,253.506596
-0.878078,51,253.544902
-0.868497,51,253.589926
-0.726947,51,253.629075
-0.752338,51,253.677895
-0.704922,51,253.839443
-0.707848,51,253.891575
-0.73568,51,253.932032
-0.70325,51,253.971429
-0.720422,51,254.005157
-0.68494,51,254.040153
-0.716012,51,254.076182
-0.726669,51,254.112592
-0.67486,51,254.153934
-0.715403,51,254.196509
-0.699014,51,254.242022
-0.665829,51,254.286013
-0.633177,50,254.319366
-0.71698,51,254.366629
-0.600747,51,254.411837
-0.708689,51,254.457556
-0.660058,51,254.510434
-0.729771,51,254.571262
-0.699894,52,254.624686
-0.691457,52,254.681139
-0.78845,51,254.731476
-0.781727,51,254.787227
-0.646047,52,254.847858
-0.696493,50,254.905855
-0.645563,51,254.951211
-0.650032,51,254.992186
-0.735246,52,255.040078
-0.717304,50,255.086307
-0.727757,51,255.13693
-0.620057,50,255.592163
-0.625959,51,255.638908
-0.696621,51,255.685946
-0.724857,51,255.730217
-0.682991,50,255.781203
-0.618857,51,255.826158
-0.681423,50,255.876943
-0.894876,51,255.929394
-0.582299,51,255.992231
-0.694589,51,256.125741
-0.746423,51,256.192993
-0.819708,51,256.256014
-0.700094,51,256.314834
-0.795005,51,256.370371
-0.688197,51,256.426937
-0.638981,51,256.479263
-0.718474,51,256.533113
-0.763318,51,256.585434
-0.689245,51,256.631517
-0.622687,51,256.680005
-0.682342,51,256.728159
-0.722898,51,256.777653
-0.736011,50,256.822851
-0.69854,50,256.865186
-0.660758,51,256.908532
-0.675605,52,256.949829
-0.751686,52,256.993578
-0.763627,50,257.031508
-0.633169,51,257.072327
-0.814283,51,257.111298
-0.686655,51,257.151528
-0.685128,51,257.189658
-0.850487,51,257.227127
-0.698465,52,257.265933
-0.725991,51,257.307772
-0.675247,51,257.348271
-1.02208,51,257.407455
-0.736662,51,257.454202
-0.800538,51,257.505353
-0.764297,51,257.546399
-0.923308,51,258.000031
-0.661793,51,258.039356
-0.733035,51,258.074904
-0.676043,51,258.109505
-0.639255,51,258.147713
-0.639451,51,258.185766
-0.721365,51,258.223698
-0.663841,50,258.259328
-0.676496,51,258.29443
-0.672037,51,258.332175
-0.721486,51,258.368364
-0.859435,51,258.40562
-0.670749,50,258.438434
-0.746165,52,258.473596
-0.746658,51,258.510813
-0.741033,51,258.546305
-0.672928,50,258.581137
-0.667692,50,258.615523
-0.692766,51,258.652045
-0.680169,51,258.689257
-0.804352,51,258.727938
-0.635302,50,258.762442
-0.740729,51,258.802612
-0.665399,51,258.840056
-0.771552,51,258.878878
-0.774405,51,258.912279
-0.662054,51,258.945111
-0.741321,51,258.978398
-0.759125,51,259.011782
-0.726937,51,259.044961
-0.756104,51,259.078501
-0.675721,51,259.112295
-0.661764,51,259.145329
-0.61049,51,259.178904
-0.809252,50,259.211928
-0.814925,51,259.245308
-0.83048,51,259.279547
-0.631835,52,259.312572
-0.944883,51,259.346117
-0.699365,51,259.379084
-0.719491,51,259.752511
-0.732236,51,259.785889
-0.770719,51,259.820654
-0.67508,51,259.85504
-0.598015,52,259.89043
-0.611738,51,259.92946
-0.860658,51,259.96723
-0.731713,52,260.010945
-0.777417,51,260.053039
-0.696937,51,260.093281
-0.705128,51,260.129916
-0.707674,51,260.168702
-0.767374,51,260.201858
-0.668965,52,260.237732
-0.787656,51,260.273587
-0.699446,50,260.312202
-0.854101,51,260.353808
-0.557766,50,260.393101
-0.63568,51,260.430337
-0.724424,51,260.468728
-0.709891,50,260.504582
-0.695489,51,260.539402
-0.647307,51,260.576536
-0.739844,51,260.610881
-0.69814,51,260.648428
-0.727011,50,260.683363
-0.675639,51,260.722117
-0.755672,51,260.756413
-0.588098,52,260.7967
-0.800826,51,260.831673
-0.646772,51,260.868489
-0.707754,52,260.901385
-0.634265,51,260.935545
-0.699934,51,260.970821
-0.584478,51,261.004173
-0.768217,51,261.040209
-0.683374,51,261.078262
-0.65646,51,261.110937
-0.731766,51,261.144213
-0.675712,51,261.180019
-0.722956,51,261.670936
-0.717334,51,261.708475
-0.711647,50,261.744998
-0.606431,52,261.781829
-0.685484,50,261.821473
-0.660357,50,261.860834
-0.805927,51,261.898554
-0.769959,51,261.935258
-0.637553,51,261.971913
-0.636428,51,262.010423
-0.706461,51,262.056327
-0.702348,51,262.107934
-0.652928,51,262.14751
-0.713153,51,262.186815
-0.763785,50,262.222995
-0.708548,51,262.258788
-0.715217,52,262.29407
-0.617853,51,262.334563
-0.693363,51,262.390483
-0.716083,51,262.442931
-0.79677,51,262.490817
-0.663325,51,262.530301
-0.714362,51,262.571531
-0.651815,50,262.607004
-0.722042,51,262.643831
-0.716526,51,262.678857
-0.656408,51,262.711369
-0.695728,51,262.745221
-0.642626,51,262.778966
-0.660257,51,262.814696
-0.707806,51,262.852885
-0.740029,51,262.892204
-0.772981,52,262.938534
-0.663096,50,262.976732
-0.670579,51,263.012254
-0.6638,51,263.046387
-0.613806,50,263.080101
-0.93335,51,263.113733
-0.6776,51,263.14715
-0.976461,51,263.180506
-0.736977,51,263.211531
-0.6574,50,263.626138
-0.722146,51,263.663717
-0.625735,51,263.705805
-0.803578,51,263.743957
-0.69114,52,263.789436
-0.746289,51,263.860119
-0.639347,51,263.902718
-0.671321,51,263.942897
-0.654759,51,263.985088
-0.811538,50,264.025873
-0.701086,51,264.065264
-0.75233,51,264.105897
-0.75257,51,264.146466
-0.626575,51,264.186649
-0.654336,51,264.226718
-0.626612,51,264.27501
-0.685188,51,264.315066
-0.745959,51,264.355535
-0.702124,52,264.394498
-0.744752,51,264.4351
-0.722316,51,264.476109
-0.742085,51,264.525038
-0.638464,51,264.566015
-0.636555,51,264.608972
-0.719983,51,264.648803
-0.681606,51,264.692534
-0.773515,51,264.734085
-0.65946,51,264.77533
-0.755486,51,264.821923
-0.671416,51,264.864126
-0.690084,51,264.907837
-0.742722,51,264.961002
-0.743602,50,265.022489
-0.673183,51,265.104433
-0.635817,50,265.192588
-0.697517,51,265.255177
-0.692149,51,265.303057
-0.689431,51,265.357723
-0.730498,51,265.401866
-0.601055,51,265.446035
-0.695004,51,266.156894
-0.581216,51,266.205042
-0.684556,51,266.246005
-0.805905,51,266.288277
-0.733036,51,266.32883
-0.699817,52,266.390039
-0.732445,51,266.469575
-0.68445,50,266.523014
-0.663974,51,266.575189
-0.74505,51,266.621735
-0.733625,51,266.672288
-0.727485,52,266.71897
-0.646757,52,266.770352
-0.688231,51,266.824069
-0.775071,52,266.872903
-0.781246,51,266.922172
-0.614884,51,266.966629
-0.800373,51,267.013197
-0.665722,52,267.055624
-0.604498,50,267.090516
-0.661868,51,267.134435
-0.733229,51,267.174047
-0.664498,51,267.210844
-0.682351,51,267.252491
-0.716328,51,267.291794
-0.789304,51,267.332501
-0.700614,51,267.378111
-0.801493,51,267.418689
-0.616862,52,267.460217
-0.62214,50,267.505708
-0.69119,51,267.543846
-0.686557,50,267.585128
-0.634779,51,267.627289
-0.60118,51,267.664897
-0.667965,51,267.70439
-0.593721,51,267.746877
-0.658079,51,267.78567
-0.637361,50,267.824981
-0.739329,51,267.871791
-0.881927,51,267.911522
-0.581087,51,268.325087
-0.713878,50,268.369478
-0.581937,50,268.406778
-0.645026,52,268.443114
-0.900715,51,268.483957
-0.656672,51,268.525455
-0.64757,50,268.564376
-0.718749,51,268.60693
-0.688923,51,268.645139
-0.69616,51,268.681227
-0.731551,51,268.725839
-0.787859,51,268.767223
-0.718797,51,268.808864
-0.672496,51,268.849417
-0.754748,50,268.890747
-0.74814,51,268.92686
-0.629756,51,268.966384
-0.634669,52,269.008049
-0.685688,50,269.04631
-0.682385,52,269.089663
-0.662795,51,269.12735
-0.708647,51,269.163965
-0.749808,51,269.203536
-0.749077,51,269.243662
-0.63602,51,269.279657
-0.629834,51,269.315787
-0.67943,51,269.360186
-0.634001,51,269.403582
-0.724353,51,269.444542
-0.708334,52,269.498278
-0.790353,51,269.544185
-0.674344,52,269.597795
-0.729371,51,269.641568
-0.690231,51,269.684091
-0.637368,50,269.731979
-0.640714,51,269.778648
-0.726271,52,269.826772
-0.783111,50,269.913134
-0.602486,51,269.964596
-0.72749,50,269.999959
-0.701674,51,270.434628
-0.604609,51,270.477066
-0.758093,51,270.517892
-0.674516,52,270.56169
-0.675352,52,270.60493
-0.623158,51,270.644028
-0.701237,51,270.691205
-0.620962,51,270.730496
-0.669123,51,270.773755
-0.7479,50,270.822491
-0.694482,52,270.864221
-0.670902,51,270.908551
-0.783917,51,270.955332
-0.677098,51,270.993006
-0.622143,51,271.031795
-0.783756,52,271.078799
-0.655736,51,271.116098
-0.621406,50,271.156035
-0.692592,51,271.201468
-0.695889,51,271.240164
-0.761383,51,271.277749
-0.852327,51,271.321398
-0.624588,51,271.361116
-0.70212,50,271.404648
-0.775418,51,271.444247
-0.637585,51,271.480868
-0.745952,51,271.521935
-0.750583,51,271.562821
-0.762116,50,271.601702
-0.743134,51,271.641408
-0.677892,50,271.682705
-0.743737,51,271.722398
-0.623101,50,271.759409
-0.747963,50,271.802719
-0.645231,50,271.84157
-0.679214,51,271.88031
-0.639375,50,271.926153
-0.697142,50,271.964175
-0.695556,50,272.00299
-0.774572,52,272.045154
-0.634808,50,272.499703
-0.82549,51,272.554142
-0.714816,51,272.604435
-0.73807,51,272.660246
-0.62092,50,272.709733
-0.802692,51,272.76302
-0.721062,51,272.814643
-0.744563,52,272.866256
-0.786742,51,272.916791
-0.823486,51,272.961994
-0.691705,51,273.010675
-0.765285,51,273.06109
-0.700476,51,273.104697
-0.628246,52,273.15733
-0.819348,51,273.204988
-0.656788,51,273.256715
-0.714658,51,273.302514
-0.75697,51,273.349051
-0.605471,52,273.405625
-0.741063,51,273.451416
-0.649089,52,273.50799
-0.598031,51,273.558749
-0.661915,51,273.606587
-0.633897,50,273.656832
-0.618538,50,273.698246
-0.680141,51,273.75359
-0.718657,50,273.798824
-0.70738,50,273.852844
-0.8295,51,273.908364
-0.631876,51,273.957699
-0.593318,51,274.007887
-0.713755,51,274.051977
-0.777445,51,274.096554
-0.610725,51,274.149495
-0.667305,51,274.196732
-0.690123,51,274.249281
-0.857675,51,274.290036
-0.720039,52,274.331126
-0.705488,52,274.379012
-0.67335,51,274.418802
-0.772211,51,274.844759
-0.725844,51,274.887922
-0.669092,51,274.928519
-0.848264,51,274.971188
-0.81592,51,275.012666
-0.902198,51,275.053466
-0.687351,50,275.096064
-0.60539,51,275.138272
-0.691524,50,275.177914
-0.776011,51,275.225966
-0.642943,51,275.26919
-0.70638,51,275.307968
-0.689624,51,275.356502
-0.710264,50,275.399167
-0.656736,51,275.444332
-0.708847,51,275.494345
-0.935584,51,275.539513
-0.706803,52,275.594772
-0.662292,51,275.642379
-0.705825,51,275.69164
-0.795032,51,275.739581
-0.69314,50,275.782707
-0.721849,51,275.836811
-0.678248,50,275.888345
-0.616536,51,275.932806
-0.65081,51,275.981868
-0.624703,51,276.025028
-0.713562,51,276.067686
-0.796239,51,276.111772
-0.62275,52,276.155103
-0.618933,50,276.197199
-0.720727,51,276.242244
-0.752965,51,276.280838
-0.592978,50,276.325255
-0.666099,51,276.369401
-0.77485,51,276.412304
-0.682385,51,276.454986
-0.735991,50,276.49416
-0.644222,51,276.538406
-0.642266,51,276.581871
-0.811867,51,276.624168
-0.706635,52,277.060217
-0.700362,51,277.102645
-0.739626,50,277.139651
-0.638387,51,277.176815
-0.639856,52,277.221331
-0.736538,51,277.25924
-0.667688,50,277.294949
-0.649384,51,277.337829
-0.691062,52,277.375187
-0.668465,50,277.411205
-0.747134,51,277.45487
-0.683805,52,277.493018
-0.768352,50,277.528432
-0.602645,50,277.571764
-0.70759,52,277.612099
-0.650767,51,277.647566
-0.833017,51,277.694324
-0.711729,51,277.858733
-0.717634,51,277.912077
-0.719285,51,277.957178
-0.770688,51,277.998012
-0.627773,51,278.03977
-0.689251,51,278.084973
-0.649635,52,278.127292
-0.597829,51,278.167679
-0.702508,51,278.213946
-0.693533,51,278.254737
-0.67865,51,278.293794
-0.668786,50,278.33835
-0.680125,51,278.412243
-0.751902,52,278.472518
-0.69066,50,278.523709
-0.670046,51,278.58562
-0.656609,52,278.636808
-0.635096,51,278.694663
-0.717396,50,278.746675
-0.666511,51,278.803672
-0.734151,51,278.859637
-0.679759,51,278.904031
-0.610841,51,278.954288
-0.6323,51,279.392685
-0.915461,51,279.441087
-0.780578,51,279.483948
-0.710416,51,279.530233
-0.657017,51,279.576633
-0.714172,50,279.621279
-0.705673,52,279.664386
-0.60642,51,279.710211
-0.684804,50,279.753457
-0.808553,51,279.798002
-0.774656,51,279.844024
-0.626858,51,279.891751
-0.735575,51,279.939652
-0.632172,50,279.979502
-0.673678,51,280.02405
-0.705409,50,280.064768
-0.704869,51,280.105599
-0.744534,50,280.145013
-0.687978,51,280.186653
-0.774347,51,280.225501
-0.598505,51,280.270241
-0.765794,51,280.311523
-0.645261,51,280.352847
-0.815592,51,280.399007
-0.682605,51,280.441506
-0.692358,51,280.480935
-0.661187,50,280.522596
-0.6679,51,280.563482
-0.701103,51,280.601804
-0.625365,51,280.645775
-0.730897,51,280.689401
-0.659398,51,280.728674
-0.66515,51,280.774111
-0.59215,52,280.813135
-0.889783,51,280.856257
-0.668101,52,280.90637
-0.821305,51,280.948605
-0.605304,51,280.988986
-0.632944,51,281.03676
-0.845853,51,281.077718
-0.717156,51,281.547833
-0.659522,50,281.598031
-0.641519,51,281.658581
-0.702624,51,281.709254
-0.66579,51,281.763527
-0.715026,50,281.813516
-0.732782,52,281.870979
-0.67455,51,281.929516
-0.760635,51,282.001139
-0.602975,51,282.060932
-0.677486,51,282.128586
-0.775707,51,282.196345
-0.740584,51,282.272777
-0.672063,51,282.343674
-0.617035,52,282.409619
-0.64822,51,282.470473
-0.687205,51,282.535998
-0.687546,51,282.596171
-0.694284,52,282.654156
-0.725483,50,282.706947
-0.663021,50,282.75831
-0.686603,50,282.807957
-0.689241,51,282.865048
-0.735826,51,282.914658
-0.678581,51,282.963886
-0.712522,51,283.019453
-0.615542,51,283.070532
-0.71779,51,283.126346
-0.711607,52,283.178908
-0.693789,51,283.235407
-0.650561,51,283.281581
-0.711632,51,283.326377
-0.594924,51,283.379209
-0.54971,51,283.425502
-0.754534,50,283.472616
-0.709154,51,283.522128
-0.758731,52,283.572076
-0.745576,50,283.626611
-0.683823,51,283.678974
-0.60344,51,283.737937
-0.638858,51,284.360525
-0.625757,50,284.418887
-0.653832,51,284.473233
-0.658658,52,284.527232
-0.710399,51,284.575141
-0.743665,52,284.625725
-0.727932,51,284.673452
-0.645,52,284.722977
-0.715488,51,284.76948
-0.681867,51,284.816636
-0.652378,51,284.865671
-0.644464,50,284.91129
-0.629403,51,284.955283
-0.771902,52,284.997637
-0.718604,51,285.042315
-0.706672,52,285.091928
-0.66334,51,285.135728
-0.731287,51,285.18333
-0.673792,51,285.22825
-0.664312,50,285.273711
-0.639961,52,285.320037
-0.690485,51,285.361543
-0.696784,51,285.404275
-0.729225,51,285.445117
-0.674661,51,285.490546
-0.634641,51,285.55689
-0.641151,51,285.604768
-0.644967,52,285.647258
-0.616906,51,285.690334
-0.682701,50,285.731547
-0.706476,51,285.774912
-0.778709,52,285.820188
-0.737653,51,285.863619
-0.693709,52,285.911481
-0.739274,51,285.952965
-0.682192,51,285.994423
-0.708312,51,286.032825
-0.706432,51,286.072691
-0.989763,51,286.113215
-0.836904,51,286.153558
-0.699903,51,286.546729
-0.712813,52,286.584439
-0.706601,52,286.619071
-0.668685,51,286.655143
-0.79203,51,286.689573
-0.966082,51,286.724012
-0.699502,51,286.75926
-0.728375,51,286.795136
-0.67251,51,286.829612
-0.693004,52,286.865962
-0.653724,50,286.903352
-0.692671,51,286.941023
-0.845281,52,286.976519
-0.793251,51,287.011206
-0.717264,51,287.047846
-0.667021,51,287.084492
-0.586679,50,287.119537
-0.682562,51,287.155768
-0.736584,50,287.189949
-0.86379,51,287.225715
-0.731645,51,287.259868
-0.746448,51,287.298682
-0.619846,51,287.338149
-0.81894,52,287.378621
-0.687287,51,287.423227
-0.713212,51,287.466012
-0.639268,51,287.509499
-0.682806,50,287.553931
-0.722565,51,287.623774
-0.641836,51,287.697909
-0.746598,51,287.754622
-0.650217,52,287.816782
-0.695826,51,287.873274
-0.599233,52,287.931701
-0.794068,51,287.983091
-0.892152,51,288.050646
-0.701966,51,288.098841
-0.688973,51,288.144918
-0.682873,51,288.191483
-0.639728,51,288.240612
-0.74176,51,288.821179
-0.680095,51,288.887387
-0.721571,51,288.944419
-0.71408,51,289.010175
-0.702181,52,289.074503
-0.714676,51,289.127622
-0.689331,51,289.178253
-0.770158,52,289.224429
-0.717294,51,289.271768
-0.671945,50,289.314036
-0.609668,51,289.361693
-0.725529,51,289.414667
-0.843709,51,289.458499
-0.658992,51,289.503652
-0.679035,51,289.553255
-0.663761,52,289.611926
-0.674055,51,289.660482
-0.719482,51,289.705039
-0.656755,51,289.745081
-0.799094,52,289.797348
-0.698489,51,289.841825
-0.646198,51,290.046681
-0.672502,52,290.180572
-0.748544,51,290.230619
-0.651218,52,290.27584
-0.72576,51,290.317053
-0.638858,51,290.373794
-0.714248,51,290.448158
-0.724198,51,290.508377
-0.699595,51,290.557294
-0.776907,51,290.605691
-0.635255,51,290.653989
-0.66215,51,290.701966
-0.655149,51,290.746402
-0.661234,52,290.791954
-0.81166,51,290.839739
-0.752738,50,290.887019
-0.681514,52,290.929333
-0.598125,51,290.97218
-0.645909,51,291.013594
-0.777989,51,291.056491
-0.657957,51,291.487062
-0.607063,51,291.528211
-0.704327,51,291.570497
-0.7215,50,291.610274
-0.833163,51,291.649463
-0.761932,51,291.689457
-0.738517,51,291.7253
-0.571061,50,291.761334
-0.701548,52,291.801244
-0.643093,51,291.840035
-0.678214,51,291.878414
-0.688691,51,291.920225
-0.664296,52,291.959103
-0.67982,50,291.997817
-0.685033,51,292.036408
-0.676992,51,292.076456
-0.728453,51,292.115228
-0.700653,50,292.154135
-0.70748,51,292.192619
-0.657658,52,292.231078
-0.663064,51,292.268323
-0.606114,51,292.305372
-0.645636,51,292.345254
-0.80059,51,292.382201
-0.609298,50,292.420248
-0.628184,51,292.45825
-0.64077,51,292.494965
-0.708313,52,292.533208
-0.758949,51,292.574141
-0.691822,51,292.611401
-0.738467,51,292.647914
-0.627554,51,292.688323
-0.753693,51,292.725236
-0.707164,51,292.763105
-0.630535,52,292.806223
-0.71324,50,292.842331
-0.677374,50,292.879347
-0.676467,51,292.917359
-0.624678,51,292.956482
-0.601709,51,292.992094
-0.657662,51,293.378769
-0.713225,52,293.424326
-0.633512,51,293.473203
-0.643441,51,293.529202
-0.612113,50,293.595227
-0.670143,52,293.653795
-0.692727,51,293.709021
-0.796182,51,293.761547
-0.672692,50,293.81191
-0.781636,51,293.865443
-0.74661,52,293.918469
-0.582232,51,293.968905
-0.619013,51,294.019537
-0.741471,51,294.073001
-0.569057,51,294.121027
-0.700081,51,294.166089
-0.694757,51,294.211976
-0.707369,51,294.258752
-0.620455,50,294.303992
-0.736667,51,294.349364
-0.700466,51,294.400563
-0.603089,51,294.447736
-0.680511,52,294.5103
-0.666728,51,294.595398
-0.671989,51,294.642377
-0.666162,51,294.712567
-0.662733,50,294.847228
-0.751993,52,294.896613
-0.85207,51,294.941377
-0.698827,52,294.987915
-0.764257,51,295.041433
-0.677119,51,295.094149
-0.729023,51,295.146391
-0.634888,51,295.197759
-0.670172,51,295.248888
-0.635782,51,295.294663
-0.725338,51,295.337761
-0.702589,51,295.37849
-0.691627,51,295.419093
-0.814598,51,295.45806
-0.689915,51,295.90298
-0.637292,50,295.939476
-0.582832,50,295.97621
-0.669139,52,296.014159
-0.578069,51,296.05254
-0.683747,50,296.090768
-0.633748,51,296.130667
-0.755632,50,296.173878
-0.605027,50,296.211466
-0.635604,51,296.249372
-0.779893,52,296.290647
-0.729284,51,296.326306
-0.662368,51,296.364425
-0.844861,51,296.407049
-0.603317,50,296.455182
-0.738784,51,296.49915
-0.734074,51,296.542401
-0.752612,51,296.587833
-0.609188,51,296.637075
-0.694267,51,296.684604
-0.650556,51,296.736503
-0.633832,50,296.78021
-0.701034,51,296.829482
-0.761065,51,296.878698
-0.597319,51,296.925977
-0.672341,51,297.061708
-0.670549,51,297.130298
-0.696142,51,297.191333
-0.699607,51,297.239285
-0.624091,51,297.280693
-0.643913,51,297.322981
-0.854818,51,297.364728
-0.627983,51,297.408088
-0.672271,51,297.453089
-0.812058,51,297.494135
-0.639716,50,297.543142
-0.692242,51,297.591533
-0.71639,51,297.641293
-0.781289,52,297.688575
-0.769258,52,297.737016
-0.660089,52,298.207375
-0.617568,50,298.249663
-0.74663,51,298.293225
-0.72923,52,298.330139
-0.678537,50,298.364783
-0.727989,51,298.402489
-0.730198,51,298.439508
-0.677769,52,298.476953
-0.701009,51,298.510466
-0.73083,51,298.544084
-0.714418,52,298.581025
-0.840793,51,298.614007
-0.670507,51,298.649044
-0.71951,51,298.682173
-0.697044,50,298.715477
-0.694114,51,298.749749
-0.621,51,298.781067
-0.701978,51,298.814996
-0.731858,51,298.849136
-0.772181,51,298.883972
-0.674658,51,298.918176
-0.625673,51,298.952714
-0.646711,52,298.987612
-0.673585,52,299.021838
-0.781621,51,299.055613
-0.700646,51,299.089055
-0.812442,51,299.121959
-0.597511,50,299.15425
-0.646464,51,299.186403
-0.598365,51,299.219683
-0.616337,51,299.25369
-0.695777,51,299.286622
-0.802759,51,299.320661
-0.733344,50,299.354736
-0.708195,51,299.395655
-0.674849,51,299.433723
-0.722224,51,299.470423
-0.595442,51,299.504358
-0.730461,51,299.540761
-0.712659,51,299.577027
-0.677581,51,299.968751
-0.655946,50,300.005619
-0.649505,51,300.040973
-0.690111,51,300.075028
-0.906188,51,300.109743
-0.603448,51,300.143615
-0.656842,51,300.179024
-0.674279,51,300.212487
-0.617604,50,300.246435
-0.626712,51,300.280525
-0.762993,52,300.315123
-0.578888,50,300.349278
-0.714108,51,300.382702
-0.618351,51,300.41856
-0.729182,52,300.453791
-0.709938,51,300.487281
-0.754672,51,300.521051
-0.668459,51,300.556027
-0.680377,51,300.589261
-0.722615,51,300.623543
-0.708702,51,300.657301
-0.645778,52,300.691877
-0.614151,51,300.726693
-0.689867,52,300.761055
-0.646565,50,300.794508
-0.683796,51,300.829046
-0.67108,52,300.864356
-0.577746,51,300.897783
-0.671308,52,300.931791
-0.597606,50,300.964852
-0.770048,51,300.99905
-0.545047,51,301.029769
-0.66832,52,301.061609
-0.69903,52,301.091687
-0.579603,50,301.122214
-0.709362,51,301.152846
-0.71488,51,301.185853
-0.709289,51,301.219421
-0.726911,51,301.248532
-0.704245,51,301.279748
-0.679683,51,301.604644
-0.7203,50,301.636262
-0.642984,51,301.669973
-0.720014,50,301.699029
-0.750403,52,301.730682
-0.717572,50,301.886184
-0.73477,50,302.005981
-0.694202,51,302.039914
-0.698918,51,302.076761
-0.701718,51,302.112354
-0.677656,51,302.147136
-0.789194,51,302.180538
-0.726448,50,302.213429
-0.669664,51,302.246976
-0.593354,51,302.280944
-0.667015,51,302.315835
-0.684245,51,302.374724
-0.649251,51,302.419603
-0.701598,51,302.460881
-0.659397,51,302.506164
-0.776471,51,302.548049
-0.657118,51,302.589953
-0.688718,51,302.632259
-0.677629,51,302.674865
-0.707428,51,302.718497
-0.658623,51,302.763507
-0.677168,51,302.808384
-0.755588,51,302.854489
-0.707451,51,302.894816
-0.6825,50,302.932655
-0.660799,50,302.970331
-0.669799,51,303.008339
-0.655618,51,303.047642
-0.670252,51,303.08966
-0.663624,50,303.127961
-0.740297,51,303.169417
-0.692302,52,303.210127
-0.625489,51,303.253246
-0.691825,51,303.294579
-0.598222,51,303.339119
-0.656345,52,303.381205
-0.685359,51,303.780103
-0.696947,50,303.81909
-0.630617,51,303.857629
-0.717208,51,303.897887
-0.721809,51,303.934382
-0.874366,51,303.965498
-0.757321,52,304.005631
-0.650238,50,304.03917
-0.656507,52,304.073764
-0.720163,51,304.107118
-0.720003,51,304.140696
-0.647871,51,304.174491
-0.617535,50,304.208406
-0.744926,51,304.242576
-0.679519,51,304.275697
-0.586822,51,304.309227
-0.745278,51,304.342694
-0.619712,52,304.37594
-0.620653,51,304.409465
-0.798682,51,304.442186
-0.718867,51,304.475994
-0.629657,51,304.508488
-0.711061,52,304.542643
-0.690995,51,304.575981
-0.75332,50,304.609615
-0.770163,51,304.642435
-0.693602,51,304.675217
-0.823553,51,304.708095
-0.698919,51,304.741499
-0.722891,50,304.779117
-0.679041,51,304.813956
-0.846687,51,304.847701
-0.784709,52,304.881722
-0.810974,51,304.91496
-0.626914,50,304.945179
-0.685308,51,304.9731
-0.660751,50,305.004476
-0.751442,51,305.035164
-0.812267,51,305.063656
-0.646224,51,305.095875
-0.722989,51,305.435826
-0.686763,52,305.469885
-0.85356,52,305.505837
-0.628347,52,305.541705
-0.706004,51,305.578837
-0.679507,51,305.619526
-0.72872,51,305.657839
-0.728945,51,305.696184
-0.676535,51,305.739116
-0.65424,52,305.787639
-0.71798,51,305.839883
-0.663244,50,305.891274
-0.764064,51,305.929181
-0.644914,51,305.964774
-0.692584,51,306.004563
-0.701578,51,306.040883
-0.618263,51,306.075326
-0.687554,51,306.111316
-0.700108,52,306.146289
-0.708606,50,306.1804
-0.653267,51,306.214567
-0.751243,52,306.249152
-0.658066,51,306.285985
-0.641889,51,306.320234
-0.767743,50,306.353272
-0.66233,50,306.386615
-0.637555,51,306.420705
-0.742142,52,306.458404
-0.760886,50,306.493412
-0.679559,51,306.528122
-0.651695,51,306.562031
-0.844301,51,306.595828
-0.650039,50,306.629654
-0.773391,51,306.663723
-0.662121,50,306.697994
-0.698635,51,306.732845
-0.709555,51,306.767806
-0.697291,51,306.801574
-0.706246,52,306.837346
-0.652301,51,306.871853
-0.68712,51,307.224577
-0.616865,51,307.258318
-0.70197,51,307.291167
-0.680461,51,307.32529
-0.610525,51,307.36313
-0.74782,50,307.398741
-0.703579,51,307.433696
-0.835464,51,307.470182
-0.670134,50,307.505174
-0.665727,50,307.542266
-0.719218,51,307.578968
-0.696424,51,307.621239
-0.713024,52,307.660382
-0.777926,51,307.696572
-0.645666,51,307.731126
-0.70725,51,307.764988
-0.626471,51,307.798011
-0.648625,51,307.831606
-0.679086,51,307.865537
-0.709724,51,307.898434
-0.735558,51,307.931166
-0.672888,52,307.965726
-0.712708,52,308.000489
-0.60266,51,308.033254
-0.7284,51,308.069038
-0.643391,51,308.103452
-0.5937,51,308.136892
-0.673195,51,308.169802
-0.768329,51,308.204212
-0.709893,50,308.236734
-0.669746,52,308.269816
-0.621783,51,308.299324
-0.751221,51,308.331662
-0.644193,51,308.363012
-0.669747,50,308.398197
-0.664072,52,308.432534
-0.62248,51,308.470541
-0.6701,52,308.507277
-0.657197,51,308.542276
-0.652598,52,308.578643
-0.678199,51,308.95957
-0.621131,50,308.991995
-0.728929,52,309.025144
-0.683265,50,309.057376
-0.639239,50,309.089961
-0.661966,51,309.121995
-0.673689,51,309.157448
-0.7538,52,309.190769
-0.72693,51,309.222622
-0.662604,51,309.256041
-0.733422,51,309.286651
-0.631882,50,309.315683
-0.752848,51,309.347678
-0.77216,51,309.379237
-0.713682,52,309.412894
-0.665705,52,309.445091
-0.775133,51,309.476747
-0.691685,51,309.509802
-0.683811,51,309.539913
-0.766817,51,309.574116
-0.674075,51,309.605326
-0.694751,51,309.637511
-0.665303,51,309.669167
-0.656263,52,309.700838
-0.664545,51,309.73118
-0.742972,51,309.762525
-0.739363,51,309.795255
-0.651654,51,309.828029
-0.692769,51,309.862144
-0.75937,51,309.893771
-0.618462,51,309.926853
-0.651385,51,309.961194
-0.628337,50,309.993916
-0.643747,51,310.028384
-0.666425,51,310.062841
-0.664588,51,310.094931
-0.731253,51,310.127104
-0.825704,50,310.159259
-0.661729,52,310.191421
-0.677016,51,310.22324
-0.704201,51,310.558618
-0.676604,51,310.589346
-0.746175,51,310.620727
-0.771858,52,310.653631
-0.62158,50,310.685
-0.757203,51,310.713092
-0.627431,50,310.742525
-0.652898,51,310.772715
-0.768393,51,310.806175
-0.591375,51,310.840542
-0.739598,51,310.872914
-0.725056,51,310.900175
-0.705112,50,310.930286
-0.731685,51,310.960012
-0.582669,51,310.990872
-0.635124,50,311.019452
-0.668668,51,311.047636
-0.631319,51,311.078241
-0.666607,51,311.10782
-0.712736,51,311.136731
-0.698533,50,311.164259
-0.694422,51,311.194196
-0.710724,51,311.223495
-0.719511,51,311.252492
-0.638542,51,311.282159
-0.689263,51,311.312524
-0.700784,51,311.343118
-0.780931,51,311.376573
-0.668245,50,311.409858
-0.699099,51,311.441979
-0.77675,51,311.477733
-0.702225,52,311.514621
-0.770412,51,311.549097
-0.598095,51,311.585832
-0.66225,52,311.623298
-0.808916,52,311.657261
-0.743682,52,311.690644
-0.687358,51,311.725209
-0.775085,51,311.762341
-0.735761,51,311.797833
-0.682316,51,312.146657
-0.631465,51,312.178508
-0.683729,51,312.207194
-0.6223,51,312.235252
-0.746795,51,312.261766
-0.660053,51,312.289232
-0.690193,51,312.316688
-0.672619,51,312.345438
-0.758998,52,312.374749
-0.785933,51,312.402709
-0.802723,51,312.429028
-0.625072,51,312.455888
-0.635133,51,312.478621
-0.857094,51,312.502231
-0.73615,50,312.524536
-0.747574,51,312.546875
-0.623277,51,312.568936
-0.607535,50,312.588524
-0.730941,51,312.608764
-0.831516,51,312.628857
-0.646147,50,312.648528
-0.614157,51,312.669337
-0.672862,51,312.68827
-0.787026,51,312.706392
-0.690255,51,312.724545
-0.754566,51,312.743155
-0.686133,51,312.761669
-0.657244,51,312.780088
-0.643881,51,312.798411
-0.65314,50,312.814987
-0.705986,52,312.832165
-0.673593,51,312.848916
-0.780005,51,312.865984
-0.759229,50,312.882611
-0.733895,51,312.89954
-0.701959,52,312.917397
-0.695354,52,312.934796
-0.716459,50,312.951295
-0.778165,51,312.968166
-0.654413,51,312.985211
-0.76617,51,313.002412
-0.722907,51,313.18469
-0.692587,51,313.201767
-0.872283,51,313.21911
-0.683895,51,313.236203
-0.613029,52,313.253514
-0.658588,51,313.270653
-0.669484,51,313.287653
-0.642819,51,313.304522
-0.619863,51,313.321376
-0.737168,51,313.338746
-0.772048,51,313.356179
-0.713424,51,313.373572
-0.67434,51,313.390798
-0.709551,52,313.408073
-0.702361,51,313.424812
-0.652495,50,313.441294
-0.661624,51,313.458527
-0.660065,50,313.475371
-0.708836,50,313.492242
-0.660908,51,313.509357
-0.79585,51,313.5265
-0.664178,51,313.543225
-0.769705,51,313.56053
-0.616796,51,313.577751
-0.674312,51,313.594525
-0.771826,51,313.611473
-0.703007,52,313.628636
-0.641791,51,313.646024
-0.774054,51,313.663757
-0.691448,51,313.75816
-0.679198,51,313.786574
-0.709058,51,313.810004
-0.722571,51,313.835797
-0.593673,51,313.860682
-0.611505,52,313.887576
-0.738356,51,313.9117
-0.682857,51,313.939731
-0.712931,52,313.968886
-0.715943,51,313.995733
-0.755514,52,314.025965
-0.665237,51,314.330181
-0.593386,51,314.36024
-0.69872,51,314.394278
-0.737452,52,314.427214
-0.657205,50,314.45766
-0.615882,51,314.487865
-0.668083,50,314.514318
-0.642684,51,314.54754
-0.72565,52,314.580098
-0.632862,51,314.610409
-0.579404,50,314.640165
-0.739573,51,314.67249
-0.651982,51,314.705525
-0.608326,50,314.738115
-0.642303,51,314.768253
-0.613143,52,314.803817
-0.714382,52,314.835368
-0.644142,51,314.865978
-0.633101,51,314.896415
-0.802598,51,314.925853
-0.693171,51,314.95556
-0.654029,51,314.982853
-0.642193,51,315.01232
-0.724156,51,315.042165
-0.729438,52,315.071506
-0.79043,51,315.098758
-0.677801,52,315.126724
-0.832625,51,315.154974
-0.638264,51,315.181487
-0.706511,52,315.211035
-0.807673,50,315.240056
-0.629959,51,315.269517
-0.64519,52,315.29781
-0.659086,51,315.328462
-0.762065,51,315.357662
-0.754758,51,315.382599
-0.685441,51,315.412144
-0.653838,50,315.441598
-0.627333,51,315.470701
-0.659609,52,315.496883
