#{"t_start": 1789350390.683508, "env_id": "None"}
r,l,t
-2.800946,52,1.008596
-3.041854,51,1.033214
-2.634659,52,1.05837
-2.71061,51,1.082691
-2.683003,51,1.108159
-2.667959,51,1.132859
-2.82497,51,1.157695
-2.705638,51,1.183014
-2.739952,51,1.208648
-2.747651,52,1.234693
-2.724641,51,1.26083
-2.760978,51,1.286205
-2.681635,51,1.312925
-2.992844,51,1.342615
-2.74937,51,1.369041
-2.810637,51,1.394633
-2.833761,51,1.419954
-2.812018,51,1.445134
-2.679778,51,1.47058
-2.812854,51,1.496042
-2.982005,52,1.518418
-2.807292,51,1.54077
-2.738382,52,1.563164
-2.776602,51,1.586323
-2.623523,51,1.608453
-2.655939,51,1.630527
-2.624301,51,1.65218
-2.570876,51,1.675226
-2.762337,51,1.699869
-2.720993,51,1.724454
-2.650066,51,1.74907
-2.694678,51,1.774132
-2.611286,51,1.798431
-2.662446,51,1.827474
-2.852732,51,1.853704
-2.738808,51,1.881382
-2.639611,51,1.906146
-2.671873,51,1.930644
-2.63836,52,1.955456
-2.762487,51,1.980195
-2.810791,51,2.76258
-2.731298,51,2.787201
-2.676898,51,2.812408
-2.675272,51,2.837775
-2.615732,51,2.862883
-2.702421,51,2.887777
-2.867895,51,2.913243
-2.54895,51,2.938415
-2.587582,51,2.963964
-2.743306,52,2.990281
-2.711535,51,3.015673
-2.623067,51,3.040975
-2.746461,51,3.066735
-2.978758,51,3.09259
-2.51145,51,3.118202
-2.762847,51,3.144038
-2.820639,51,3.169958
-2.647818,51,3.195253
-2.74375,51,3.220983
-2.654134,51,3.249759
-2.822482,51,3.275063
-2.779752,51,3.297033
-2.730639,52,3.325327
-2.68767,51,3.34869
-2.754139,51,3.371476
-2.585464,51,3.393441
-2.674672,51,3.41575
-2.578061,51,3.439017
-3.078089,51,3.464648
-2.663049,51,3.491172
-2.686218,52,3.51628
-2.780873,52,3.541626
-2.60086,51,3.567735
-2.964496,52,3.594355
-2.746779,51,3.619991
-2.597055,51,3.646807
-2.731375,51,3.672324
-2.828128,51,3.698649
-2.808473,52,3.724536
-2.81302,51,3.75026
-2.672658,51,4.542963
-2.640033,51,4.568212
-2.720647,52,4.593941
-2.779518,52,4.61985
-2.558991,51,4.64479
-2.720223,51,4.669217
-2.590512,51,4.693821
-2.712619,51,4.718573
-2.822339,51,4.745432
-2.691431,51,4.771195
-2.734532,51,4.796189
-2.832425,51,4.82088
-2.638062,51,4.845033
-2.850363,51,4.869536
-2.790779,51,4.894017
-2.723606,51,4.918934
-2.662163,51,4.943272
-2.927763,51,4.967834
-2.717687,52,4.992732
-2.775846,51,5.016967
-2.623494,51,5.040571
-2.919871,51,5.063418
-2.704102,51,5.084745
-2.648734,52,5.106477
-2.705168,52,5.128678
-2.726857,51,5.150595
-2.605905,51,5.172772
-2.758711,51,5.194047
-2.646163,51,5.217862
-2.83807,52,5.24367
-2.709605,51,5.269367
-2.544858,51,5.295183
-2.800517,51,5.320615
-2.747293,51,5.345791
-2.501202,51,5.371177
-2.741731,52,5.396906
-2.854243,51,5.422213
-2.58656,51,5.447738
-2.771913,52,5.473416
-2.746125,51,5.498259
-2.698815,51,6.274221
-2.670379,51,6.298418
-2.664966,51,6.322747
-2.502142,51,6.34711
-2.723501,51,6.371341
-2.713377,51,6.395468
-2.868849,51,6.419845
-2.638031,51,6.444268
-2.653863,51,6.469546
-2.92113,52,6.49499
-2.852941,51,6.519561
-2.865783,52,6.544103
-2.878512,51,6.569513
-2.707606,51,6.597438
-2.741248,51,6.621925
-2.705249,51,6.647131
-2.745959,52,6.672691
-2.6073,52,6.698675
-2.644592,51,6.72446
-2.737423,51,6.750182
-2.627884,51,6.775383
-2.799349,51,6.800908
-3.012384,51,6.827907
-2.672498,51,6.851523
-2.673642,51,6.873072
-2.792337,51,6.894739
-2.713838,51,6.916519
-2.809091,52,6.93839
-2.539994,51,6.962699
-2.653995,52,6.988619
-2.681727,51,7.013662
-2.753965,51,7.039106
-2.910343,51,7.064435
-2.919897,51,7.089867
-2.666258,51,7.115128
-2.684391,51,7.140122
-2.737362,51,7.16558
-2.829367,51,7.190632
-2.820594,51,7.216182
-2.695837,51,7.241792
-2.70196,51,8.003458
-2.646942,51,8.027612
-2.825795,51,8.051788
-2.555768,51,8.076558
-2.528325,52,8.101251
-2.559054,51,8.125806
-2.619104,51,8.150953
-2.513884,51,8.175284
-2.810887,51,8.198771
-2.769675,51,8.223169
-2.700277,51,8.247834
-2.606265,51,8.272559
-2.781992,51,8.297051
-2.629817,51,8.321592
-2.888641,51,8.346098
-3.017913,52,8.371212
-2.703782,51,8.3961
-2.651088,52,8.421346
-2.586141,51,8.446227
-2.492675,51,8.471001
-2.855687,52,8.496268
-2.64348,51,8.520788
-2.777152,51,8.54531
-2.733986,51,8.569921
-2.695884,52,8.594701
-2.651603,51,8.615956
-2.854682,51,8.638034
-2.855654,51,8.659786
-2.749144,51,8.681792
-2.923951,52,8.707155
-2.900154,51,8.732259
-2.851243,51,8.75741
-2.73521,51,8.782589
-2.881609,51,8.807175
-2.703785,51,8.831731
-2.76439,51,8.856181
-2.707061,51,8.880592
-2.694922,51,8.905336
-2.751517,51,8.930828
-2.729227,51,8.9557
-2.554358,51,9.71263
-2.651715,51,9.737519
-2.697788,51,9.762075
-2.694479,52,9.78748
-2.585689,51,9.812122
-2.713206,52,9.837592
-2.696181,52,9.862475
-2.777864,52,9.887484
-2.518103,51,9.91225
-2.651973,51,9.937267
-2.742841,52,9.962475
-2.706346,52,9.987755
-2.671597,52,10.013549
-2.76217,51,10.039453
-2.787329,51,10.064007
-2.735707,51,10.088222
-2.682471,51,10.112255
-2.677494,51,10.136253
-2.648801,51,10.160931
-2.598324,52,10.185302
-2.644452,51,10.209473
-2.736582,51,10.233574
-2.754184,51,10.25774
-2.746019,51,10.281955
-2.748414,52,10.306312
-2.583676,51,10.330691
-2.90452,51,10.354563
-2.598113,51,10.375984
-2.770802,51,10.397103
-2.53635,51,10.422079
-2.660474,51,10.446899
-2.622418,51,10.471576
-2.638323,51,10.496185
-2.814511,51,10.521028
-2.832024,51,10.546722
-2.729897,51,10.571384
-2.626415,51,10.595958
-2.77416,51,10.620726
-2.64535,51,10.645441
-2.624081,51,10.670319
-2.769627,51,11.460342
-2.711821,51,11.483585
-2.74871,51,11.511963
-2.569719,51,11.538201
-2.708612,51,11.563021
-2.829631,51,11.587902
-2.817337,51,11.613484
-2.665484,51,11.637439
-2.970976,52,11.662259
-2.945892,51,11.686204
-2.700766,51,11.710834
-2.647109,51,11.734822
-2.682384,51,11.759443
-2.792333,51,11.783644
-2.745407,51,11.8081
-2.701378,51,11.832448
-2.611895,51,11.856529
-2.732572,51,11.880466
-2.855408,51,11.904961
-2.628207,51,11.928886
-2.637441,51,11.952686
-2.791996,51,11.976079
-2.611323,51,12.000037
-2.727913,51,12.024343
-2.860494,51,12.048751
-2.654434,51,12.072828
-2.647721,52,12.097079
-2.696562,51,12.121229
-2.759644,51,12.145383
-2.651321,51,12.175706
-2.682082,51,12.200588
-2.741823,51,12.225406
-2.795892,51,12.250038
-2.775415,51,12.274523
-2.845755,52,12.299608
-2.631135,52,12.324709
-2.81547,51,12.349787
-2.64336,51,12.380524
-2.66159,51,12.405595
-2.974364,52,12.43118
-2.697586,51,13.194342
-2.720659,51,13.219635
-2.743187,51,13.250988
-2.805789,52,13.274022
-2.706251,51,13.300588
-2.714425,51,13.329236
-2.848191,52,13.357163
-2.771466,51,13.385822
-2.768256,51,13.415397
-2.689415,52,13.442595
-2.930162,51,13.46899
-2.833915,51,13.495105
-2.701964,51,13.520914
-2.757692,51,13.547437
-2.845646,51,13.574071
-2.607291,51,13.600587
-2.878641,51,13.627197
-2.652442,51,13.653511
-2.647206,51,13.679206
-2.818491,51,13.705117
-2.661,52,13.731984
-2.716471,51,13.758128
-2.626767,51,13.783869
-2.631475,51,13.80941
-2.650841,51,13.834554
-2.755661,51,13.859671
-2.913791,51,13.884558
-2.80192,51,13.909676
-2.928037,51,13.933102
-2.764295,51,13.965116
-3.007337,52,13.99635
-2.76716,52,14.021575
-2.52126,51,14.046134
-2.693232,51,14.071226
-2.504337,51,14.098804
-2.612393,51,14.125808
-2.734561,52,14.151598
-3.124461,51,14.176469
-2.691055,51,14.201151
-3.204667,51,14.226005
-2.787644,51,15.005885
-2.692194,51,15.02821
-2.62875,51,15.050526
-2.597126,51,15.072992
-2.671224,51,15.095837
-2.830998,51,15.120829
-2.732417,51,15.145225
-2.770114,51,15.169817
-2.842552,51,15.194284
-2.731898,51,15.218754
-2.652535,51,15.243337
-2.831152,52,15.268729
-2.855032,51,15.293287
-2.92095,51,15.317682
-2.919362,51,15.342428
-2.845427,51,15.367119
-2.755401,51,15.391545
-2.80167,52,15.416474
-2.717353,51,15.441346
-2.636403,52,15.468588
-2.596428,51,15.49613
-2.601762,51,15.521615
-2.596973,51,15.548206
-2.737494,51,15.573856
-2.910454,51,15.59887
-2.750636,51,15.623743
-2.723851,51,15.648159
-2.885754,52,15.673082
-2.600143,52,15.701821
-2.801531,51,15.732123
-2.676628,52,15.763962
-2.710335,51,15.792717
-2.714621,52,15.818413
-2.894982,51,15.843528
-2.888607,51,15.868405
-2.680662,51,15.892376
-2.746994,51,15.916696
-2.761335,51,15.941175
-2.760176,51,15.96574
-2.59513,51,15.990345
-2.712063,51,16.72214
-2.780643,51,16.743946
-2.839987,51,16.765921
-2.650652,51,16.787748
-2.751236,52,16.810194
-2.632062,51,16.831785
-2.573207,52,16.856333
-2.724063,51,16.881785
-2.688775,51,16.906793
-2.730222,51,16.932328
-2.586416,51,16.95722
-2.964414,51,16.982291
-2.655925,51,17.007441
-2.626373,51,17.032372
-2.834197,51,17.057516
-2.654698,52,17.08307
-2.79806,51,17.107888
-3.036989,51,17.132669
-2.562645,51,17.15696
-2.756069,52,17.18181
-2.698083,51,17.206295
-2.673694,51,17.231471
-2.664886,51,17.257772
-2.67575,51,17.285313
-2.793257,51,17.311053
-2.636596,51,17.336738
-2.717617,51,17.362382
-2.790182,52,17.38838
-2.717206,51,17.418852
-2.752586,51,17.449366
-2.842581,52,17.481545
-2.795251,52,17.512739
-2.742789,51,17.544565
-2.790328,51,17.570287
-2.549322,51,17.595373
-2.736357,51,17.620179
-2.709858,51,17.645181
-2.737539,51,17.670102
-2.776273,52,17.695461
-3.000757,52,17.720826
-2.749023,52,18.500568
-2.601056,51,18.522349
-2.877386,52,18.544644
-2.610094,51,18.566481
-2.759235,51,18.587784
-2.688543,51,18.608876
-2.790399,51,18.632881
-2.771366,51,18.657489
-2.590924,51,18.682465
-2.959863,51,18.707189
-2.817509,52,18.732467
-2.837545,51,18.756807
-2.725016,51,18.781537
-2.776877,51,18.805808
-2.808163,51,18.830142
-2.832748,51,18.854435
-2.615934,51,18.87893
-2.689394,51,18.903296
-2.700919,51,18.92753
-2.546522,51,18.951773
-2.772244,51,18.976695
-2.720335,51,19.000924
-2.820749,52,19.025605
-2.743917,51,19.049594
-2.772435,52,19.074394
-2.799204,51,19.098536
-2.693803,51,19.12926
-2.702345,51,19.167458
-2.868169,51,19.204768
-2.68317,51,19.239028
-2.764418,52,19.272708
-2.784647,52,19.304031
-2.685989,51,19.332972
-2.752575,52,19.35814
-2.586517,51,19.382934
-2.666857,51,19.407562
-2.972445,51,19.432519
-2.750021,51,19.457719
-2.751148,51,19.482901
-2.705859,51,19.50855
-2.735602,51,20.267577
-2.730991,51,20.289451
-2.826695,52,20.312154
-2.732409,51,20.33388
-2.671352,51,20.355616
-2.769898,51,20.377435
-2.722368,51,20.399667
-2.566626,51,20.424701
-2.714996,52,20.450044
-2.635847,51,20.474937
-2.762349,52,20.499932
-2.735102,51,20.525085
-2.713243,51,20.551703
-2.724456,51,20.576893
-2.626444,51,20.602077
-2.743926,52,20.627688
-2.601016,51,20.652788
-2.644848,51,20.67798
-2.816457,51,20.703019
-2.727404,51,20.728207
-2.772461,51,20.754032
-2.632291,51,20.779333
-2.598496,51,20.804718
-2.580082,51,20.830709
-2.815892,51,20.855234
-2.69807,51,20.885921
-2.573867,51,20.916873
-2.765377,51,20.948141
-2.770284,52,20.978851
-2.703723,51,21.009093
-2.6779,51,21.038972
-2.736901,51,21.069427
-2.644717,51,21.099695
-2.673727,51,21.125453
-2.722129,51,21.150508
-2.610528,51,21.175467
-2.605468,51,21.200378
-2.826426,51,21.225316
-2.770696,51,21.250418
-2.560435,51,21.2757
-2.738818,51,22.033496
-2.632808,51,22.055202
-2.725723,51,22.076778
-2.580213,51,22.098936
-2.846692,51,22.1211
-2.637334,51,22.142639
-2.639494,51,22.167539
-2.585686,51,22.192698
-2.567208,51,22.218282
-2.847922,51,22.243192
-2.780071,51,22.268276
-2.81701,51,22.300384
-2.717871,51,22.342979
-2.604119,51,22.368942
-2.748021,51,22.394199
-2.704876,51,22.419299
-2.759783,51,22.444427
-2.714038,51,22.469923
-2.699051,52,22.496055
-2.639905,51,22.528374
-2.625402,51,22.555765
-2.753989,51,22.582807
-2.770147,51,22.620324
-2.905197,51,22.650364
-2.787592,51,22.684349
-2.821453,51,22.718652
-2.744814,51,22.754289
-2.636445,51,22.787961
-2.818448,52,22.826975
-3.114989,52,22.867171
-2.467632,51,22.905874
-2.784779,52,22.95849
-2.69848,51,22.988561
-2.744357,51,23.019681
-2.85676,51,23.05986
-2.888043,51,23.089649
-2.628397,51,23.116822
-2.699637,51,23.141832
-2.718864,51,23.170242
-2.664424,51,23.205886
-2.585021,51,24.087452
-2.698014,51,24.110294
-2.698571,51,24.135097
-2.629174,51,24.159044
-2.588807,51,24.184254
-2.645351,52,24.208345
-2.569796,51,24.23259
-2.720668,51,24.258176
-2.740517,51,24.285563
-2.798641,51,24.314252
-2.652366,52,24.34353
-3.024357,51,24.37171
-2.629234,51,24.402401
-2.685933,51,24.430811
-2.556507,52,24.458832
-2.817711,51,24.486842
-2.711284,51,24.513317
-2.861442,51,24.539235
-2.684918,51,24.567691
-2.602847,51,24.59443
-2.774425,51,24.625471
-2.684814,51,24.654845
-2.681897,51,24.681441
-2.550538,52,24.712528
-2.673237,51,24.742686
-2.691735,51,24.774573
-2.658286,51,24.804866
-2.598135,51,24.83521
-2.653763,51,24.865349
-2.916005,51,24.895471
-2.55901,51,24.926782
-2.731577,51,24.957672
-2.827477,51,24.987952
-2.730659,51,25.015045
-2.787043,51,25.040307
-2.962627,52,25.067336
-2.662277,51,25.093019
-2.691516,51,25.118197
-2.838232,51,25.143416
-2.548135,51,25.168855
-2.591373,51,25.925935
-2.651644,51,25.948447
-2.874454,52,25.971817
-2.687837,51,25.99457
-2.633576,51,26.017129
-2.606032,51,26.039258
-2.872874,52,26.061798
-2.652643,51,26.087079
-2.890714,51,26.112358
-2.812253,51,26.138332
-2.515362,51,26.163638
-2.761148,51,26.189294
-3.006563,51,26.214358
-2.680475,51,26.239355
-2.675727,51,26.264239
-2.643875,51,26.28883
-2.90437,51,26.3138
-2.716187,51,26.338804
-2.789581,51,26.363942
-2.780407,51,26.389373
-2.485111,51,26.413808
-2.730998,51,26.441757
-2.746581,52,26.473419
-2.55965,51,26.503597
-2.585369,51,26.533884
-2.841491,51,26.564257
-2.701334,51,26.594214
-2.781997,51,26.624473
-2.610488,51,26.654256
-2.757791,51,26.68386
-2.763291,51,26.713868
-2.773884,52,26.744421
-2.83641,51,26.773949
-2.687771,51,26.798942
-2.800031,52,26.824102
-2.737911,51,26.847922
-2.734187,51,26.872601
-2.838515,51,26.897176
-2.598569,51,26.921829
-2.736754,51,26.946061
-2.649414,51,27.696727
-2.811271,51,27.718522
-2.597063,51,27.740156
-2.680057,51,27.761742
-2.791853,51,27.78319
-2.830487,51,27.805117
-2.660649,51,27.829914
-2.696225,51,27.854692
-2.628292,51,27.879577
-2.756796,51,27.904766
-2.776869,51,27.929002
-2.705927,51,27.953548
-2.597473,51,27.978368
-2.671322,51,28.002453
-2.690582,51,28.026759
-2.667166,51,28.051216
-2.839673,52,28.076205
-2.793563,52,28.101165
-2.602964,52,28.125943
-2.582772,51,28.154316
-2.768243,51,28.186662
-2.96592,51,28.217115
-2.762181,51,28.248498
-2.627123,51,28.280359
-2.724534,51,28.310434
-2.865589,51,28.341102
-2.66109,51,28.371564
-2.908917,51,28.401621
-2.903001,51,28.43214
-2.849147,51,28.462107
-2.808844,51,28.492147
-2.695819,51,28.518987
-2.989087,51,28.544069
-2.691753,51,28.568953
-2.835454,51,28.59376
-2.809935,51,28.618873
-2.592054,51,28.643258
-2.690552,51,28.668177
-2.688372,51,28.693031
-2.577514,51,28.717732
-2.702019,51,29.472792
-2.912506,51,29.495294
-2.779543,51,29.517469
-2.81276,52,29.538627
-2.673526,51,29.565086
-2.744626,51,29.591212
-2.733783,51,29.626262
-2.784399,51,29.66783
-2.845083,51,29.696403
-2.542597,51,29.723673
-2.815625,51,29.75021
-2.676715,51,29.77759
-2.824123,51,29.811031
-2.778379,51,29.838853
-2.705176,51,29.865218
-2.971432,51,29.89026
-2.537999,51,29.915667
-2.574718,51,29.940248
-2.595291,51,29.970806
-2.841447,52,30.002184
-2.605925,51,30.031876
-2.575277,51,30.061682
-2.75906,51,30.092262
-2.607988,51,30.122185
-2.589478,51,30.151708
-2.701931,51,30.187514
-2.686038,51,30.234006
-2.542468,51,30.275171
-2.680863,51,30.311975
-2.719525,51,30.342888
-2.724226,51,30.367847
-2.621052,51,30.391768
-2.731191,51,30.417688
-2.904179,51,30.443826
-2.675396,51,30.470455
-2.598938,51,30.495904
-2.683235,51,30.52104
-2.540235,51,30.549148
-2.67671,51,30.576307
-2.647403,51,30.603057
-2.880838,51,31.407105
-2.647734,51,31.43387
-2.838388,51,31.467725
-2.819024,51,31.492235
-2.793459,51,31.518576
-2.767912,51,31.550726
-2.755821,51,31.577029
-2.723236,51,31.603155
-2.766055,51,31.629413
-2.674253,51,31.655827
-2.605091,51,31.686415
-2.76061,52,31.714964
-2.65938,51,31.741641
-2.657092,51,31.76954
-2.886952,51,31.798344
-2.771333,51,31.826098
-2.633905,51,31.857702
-2.726968,52,31.893148
-2.763944,52,31.929274
-2.658698,51,31.962899
-2.680366,51,31.997761
-2.905722,51,32.030771
-2.828361,51,32.063659
-2.814199,51,32.094915
-2.609223,51,32.126608
-2.566205,51,32.160326
-2.57688,51,32.194501
-2.918258,52,32.228899
-2.720032,51,32.262701
-2.798231,52,32.294002
-2.669361,51,32.323026
-2.847231,51,32.358887
-2.916673,51,32.422376
-2.722535,51,32.473068
-2.611431,51,32.503044
-2.754742,51,32.554369
-2.649578,51,32.580011
-2.762451,51,32.605917
-2.724961,51,32.634765
-2.698256,51,32.662518
-2.735034,51,33.442485
-2.56731,51,33.46469
-2.762031,52,33.487874
-2.69392,51,33.513482
-2.632024,51,33.538944
-2.815816,51,33.563389
-2.719725,51,33.588229
-2.970199,52,33.613633
-2.635603,51,33.638738
-2.765233,51,33.663511
-2.671596,51,33.688171
-2.518389,51,33.712501
-2.777979,51,33.736499
-2.833599,52,33.765426
-2.965444,51,33.795199
-2.728186,51,33.825898
-2.765849,51,33.856804
-2.615265,51,33.886752
-2.757242,52,33.921244
-2.744556,52,33.960022
-2.67067,51,33.997706
-2.629909,51,34.031808
-2.866109,52,34.065374
-2.650753,51,34.099098
-2.717139,51,34.130932
-2.888847,52,34.164008
-2.8126,51,34.196072
-2.804691,51,34.227667
-2.640393,51,34.254227
-2.600388,51,34.280314
-2.756417,52,34.308243
-2.875566,51,34.335411
-2.559878,51,34.36117
-2.806836,52,34.387277
-2.77037,51,34.412721
-2.592899,51,34.437846
-2.751461,51,34.463185
-2.72556,51,34.488549
-2.664386,51,34.510758
-2.630902,51,34.533839
-2.699355,51,35.280981
-2.563622,51,35.307155
-2.826578,51,35.332843
-2.497666,51,35.35943
-2.621714,51,35.384787
-2.681676,51,35.410256
-2.842962,52,35.436075
-2.61361,52,35.4622
-2.640938,52,35.48796
-2.696143,51,35.512163
-2.774862,51,35.552588
-2.764337,51,35.608067
-2.643388,52,35.667841
-2.755352,51,35.719099
-2.62844,51,35.760135
-2.622452,51,35.798862
-2.68827,51,35.838022
-2.710098,51,35.88015
-2.760816,51,35.920631
-2.662443,51,35.958905
-2.686756,51,35.991436
-2.821907,52,36.024109
-2.680662,51,36.056898
-2.560372,51,36.088799
-2.733755,51,36.119249
-2.696087,51,36.145919
-2.719248,51,36.174295
-2.744396,51,36.200544
-2.769703,51,36.226268
-2.648957,52,36.251969
-2.709232,51,36.277158
-2.542126,51,36.302333
-2.705749,51,36.327727
-2.803486,52,36.352858
-2.73794,51,36.378689
-3.065852,51,36.40102
-2.7891,51,36.423122
-2.66343,51,36.445586
-2.765116,52,36.467983
-2.600313,51,36.490261
-2.729431,51,37.238169
-2.734492,51,37.262947
-2.646608,52,37.288203
-2.631028,51,37.31298
-2.914799,51,37.337992
-2.709385,51,37.363431
-2.629575,51,37.387898
-2.664878,51,37.414998
-2.727593,51,37.447171
-2.759663,51,37.477676
-2.722442,52,37.509181
-2.756791,51,37.539893
-2.709479,51,37.57662
-2.575562,51,37.611772
-2.817746,51,37.651943
-2.791015,51,37.685756
-2.886956,51,37.722101
-2.58383,51,37.756013
-2.611053,51,37.789874
-2.647232,51,37.823964
-2.818841,51,37.858972
-2.784104,51,37.891495
-2.796883,51,37.919637
-2.922745,51,37.948073
-2.893399,51,37.984463
-2.917549,51,38.011883
-2.873014,52,38.040576
-2.818151,51,38.067566
-2.781745,51,38.094425
-2.850835,52,38.122253
-2.514723,51,38.150224
-2.575009,51,38.175447
-2.778222,52,38.198696
-2.814789,51,38.22175
-2.723495,51,38.245177
-2.700714,51,38.268615
-2.631407,51,38.291738
-2.783483,51,38.313602
-2.823778,51,38.335411
-2.557982,51,38.357018
-2.767255,51,39.095018
-2.582377,51,39.119912
-2.666899,51,39.144892
-2.750192,51,39.171008
-2.912344,52,39.197754
-2.96231,51,39.230189
-2.622588,51,39.26143
-2.834584,51,39.293147
-2.86026,51,39.324892
-2.830558,51,39.355529
-2.705336,52,39.386406
-2.665435,52,39.419703
-2.756686,51,39.450328
-2.70412,51,39.480508
-2.80295,52,39.511323
-2.728824,51,39.542303
-2.767637,51,39.573973
-2.661127,52,39.605385
-2.680536,51,39.636145
-2.662007,52,39.663745
-2.740983,51,39.689397
-2.767153,51,39.714401
-2.727822,51,39.739242
-2.706048,51,39.764331
-2.662421,51,39.789669
-2.640834,51,39.815097
-2.723038,51,39.839493
-2.773674,51,39.864282
-2.710412,51,39.889286
-2.572482,51,39.914036
-2.8637,51,39.936848
-2.827071,51,39.959403
-2.654807,52,39.982996
-2.542675,51,40.005101
-2.799037,51,40.028198
-2.800691,52,40.051164
-2.821527,51,40.074136
-2.859449,51,40.096552
-2.725104,51,40.119065
-2.518,51,40.14154
-2.716817,51,40.886535
-2.764961,51,40.921847
-3.011853,52,40.955315
-2.848055,52,40.985689
-2.775903,51,41.022878
-2.695408,51,41.05837
-2.798688,52,41.096511
-2.708264,51,41.133302
-2.956018,51,41.164673
-2.598755,51,41.205283
-2.714661,51,41.243254
-2.826544,52,41.281138
-2.794954,52,41.321058
-2.885976,52,41.359136
-2.663514,51,41.393393
-2.963353,52,41.424328
-2.597398,51,41.459581
-3.153505,51,41.488996
-2.764055,51,41.515559
-2.684172,51,41.544674
-2.751368,52,41.571709
-2.730897,52,41.598887
-2.707324,52,41.626861
-2.796797,52,41.65729
-2.800455,52,41.739969
-2.632977,51,41.769626
-2.689184,51,41.797561
-2.557591,51,41.825112
-2.839622,51,41.849931
-2.641646,52,41.873728
-2.66338,51,41.896546
-2.776739,51,41.923592
-2.723447,51,41.947355
-2.611864,51,41.970913
-2.807391,51,41.994131
-2.65758,51,42.019667
-2.412834,51,42.04524
-2.789941,51,42.06913
-2.740918,52,42.094817
-2.77283,52,42.120947
-2.782337,52,42.975485
-2.756132,51,43.012522
-2.693868,51,43.044526
-2.565408,51,43.079684
-2.603477,51,43.116797
-2.714326,52,43.151267
-2.685135,51,43.186971
-2.757179,51,43.228781
-2.766779,51,43.265383
-2.670387,51,43.299075
-2.84516,51,43.334586
-3.085297,51,43.369111
-2.543838,51,43.405609
-2.776575,51,43.437109
-2.793963,52,43.466112
-2.599635,51,43.493201
-2.970394,51,43.520928
-2.852553,51,43.549688
-2.76821,51,43.577731
-2.707484,51,43.609716
-2.694799,51,43.637641
-2.64001,51,43.665042
-2.725721,52,43.696756
-2.710565,51,43.725946
-2.942765,52,43.756774
-3.130748,51,43.783326
-2.48903,51,43.811033
-2.674743,51,43.839102
-2.630826,51,43.865922
-2.663033,52,43.891141
-2.695071,51,43.919052
-2.647972,51,43.950443
-2.742224,52,43.975668
-2.839198,51,43.999961
-2.590884,51,44.024706
-2.660729,51,44.051957
-2.666979,52,44.084038
-2.577383,51,44.109975
-2.736082,51,44.147334
-2.677464,51,44.177301
-2.734203,51,45.105493
-2.793207,51,45.149997
-2.527619,51,45.191635
-2.908329,51,45.235482
-2.79737,52,45.276091
-2.519114,51,45.304996
-2.850113,51,45.334362
-2.776645,52,45.364487
-2.682554,51,45.393193
-2.801349,51,45.432697
-2.795794,51,45.495932
-2.68358,51,45.588632
-2.761843,51,45.643061
-2.717304,51,45.675397
-2.741189,52,45.707186
-2.871464,51,45.735188
-2.701923,51,45.765116
-2.790946,51,45.793075
-2.78296,51,45.820912
-2.599701,51,45.851326
-2.835012,52,45.885697
-2.821081,52,45.923547
-2.803309,52,45.977148
-2.532197,51,46.056282
-2.786994,51,46.097255
-2.866005,51,46.127994
-2.745979,51,46.155407
-2.798694,51,46.180265
-2.837599,52,46.212032
-2.767604,51,46.239593
-2.728539,51,46.270894
-2.539284,51,46.296848
-2.640956,51,46.322082
-2.96801,52,46.348419
-2.721577,51,46.373929
-2.70634,51,46.399696
-2.789156,51,46.425079
-2.852373,51,46.45729
-2.466286,51,46.484641
-2.710276,51,46.511371
-2.776189,51,47.476076
-2.889785,52,47.503244
-2.818261,51,47.530733
-2.796497,51,47.58583
-2.536931,51,47.629746
-2.595147,51,47.676822
-2.925694,51,47.723414
-2.751527,51,47.77127
-2.702216,51,47.829681
-2.699575,51,47.90679
-2.773265,51,48.097608
-2.833584,51,48.174032
-2.650086,51,48.228285
-2.702399,51,48.280839
-2.667131,51,48.332721
-2.683702,51,48.370314
-2.605333,51,48.406962
-2.629884,51,48.439577
-2.642041,51,48.472521
-2.677646,51,48.513497
-2.719488,51,48.549827
-2.653867,51,48.587865
-2.724202,51,48.629286
-2.803148,51,48.67435
-2.744323,51,48.712298
-3.172981,51,48.746225
-2.685751,51,48.782758
-2.847606,52,48.811607
-2.750274,51,48.843299
-2.663427,51,48.872977
-3.148451,51,48.907644
-2.726557,51,48.941767
-2.778655,51,48.98083
-2.819396,51,49.012453
-2.70497,51,49.062991
-2.712554,51,49.106974
-2.760693,51,49.145074
-2.739687,51,49.180403
-2.594454,51,49.218578
-2.844079,51,49.266904
-2.727598,51,50.194622
-2.661548,51,50.231853
-2.833834,52,50.270953
-2.69241,51,50.307728
-2.897794,51,50.342774
-2.782622,51,50.381856
-3.097565,51,50.415677
-2.82769,51,50.451157
-2.644759,51,50.488225
-2.808793,52,50.5245
-2.829316,51,50.56344
-2.8991,52,50.60678
-2.830069,52,50.643541
-2.888911,51,50.681355
-2.789966,51,50.729674
-2.792964,52,50.766941
-2.709704,51,50.802457
-2.590715,51,50.850368
-2.776822,51,50.878973
-2.74769,51,50.907936
-2.707235,51,50.936912
-2.640362,51,50.965176
-2.55968,51,51.003976
-2.817253,51,51.036079
-2.757479,51,51.066443
-2.694183,51,51.103629
-2.643028,52,51.140917
-2.668818,51,51.167425
-2.796181,51,51.195529
-2.776629,51,51.227088
-2.697473,51,51.260276
-2.761783,51,51.284325
-2.703908,51,51.309088
-2.812382,51,51.343765
-2.814663,51,51.373979
-3.031569,51,51.404718
-2.785649,51,51.440393
-2.845949,52,51.4652
-2.576929,51,51.489617
-2.751651,51,51.51503
-2.684837,51,52.629324
-2.645214,52,52.672541
-2.513574,51,52.69992
-2.752464,51,52.74414
-2.701422,51,52.771853
-2.615107,51,52.809708
-2.835069,51,52.850587
-2.550443,51,52.909237
-2.632446,51,52.989854
-2.632699,51,53.032282
-2.618774,51,53.089448
-2.613515,52,53.131348
-2.739102,51,53.1909
-2.775293,51,53.235846
-2.662098,51,53.278995
-2.755707,51,53.316323
-2.643295,51,53.360659
-2.875192,51,53.401184
-2.598185,51,53.451201
-2.792271,51,53.488457
-2.864119,51,53.522772
-2.731659,51,53.564773
-2.677375,51,53.598468
-2.601765,51,53.625434
-2.582087,51,53.662317
-2.59577,51,53.696254
-2.744328,51,53.722065
-2.813599,51,53.75693
-2.846901,51,53.796534
-2.619438,51,53.824253
-2.704646,51,53.850853
-2.631918,51,53.884425
-2.813751,52,53.912198
-2.757835,52,53.940787
-2.774439,51,53.97575
-2.681185,51,54.014477
-2.859175,52,54.050457
-2.920058,51,54.075705
-2.611126,52,54.118165
-2.792701,52,54.144544
-3.2395,51,55.128791
-2.738336,51,55.156634
-2.744019,51,55.185163
-2.713967,51,55.214154
-2.644169,51,55.247702
-2.712628,51,55.286445
-2.615404,51,55.314935
-2.634007,51,55.345186
-2.65548,51,55.37952
-2.879297,51,55.422679
-2.677981,51,55.456861
-2.715658,51,55.488365
-2.588449,51,55.520485
-2.637907,51,55.557365
-2.728853,51,55.594791
-2.612366,52,55.632052
-2.756225,51,55.668677
-2.565326,51,55.695989
-2.838633,51,55.72642
-2.759157,51,55.762067
-2.685265,51,55.788828
-2.806389,51,55.823779
-2.852816,51,55.860378
-2.744283,51,55.894353
-2.934387,52,55.929359
-2.718386,51,55.969935
-2.944813,51,56.011897
-2.680166,51,56.062849
-2.779612,51,56.089708
-2.827468,51,56.125179
-2.646309,52,56.165465
-2.75277,51,56.192275
-2.797907,51,56.245831
-2.597198,51,56.277297
-2.711277,52,56.302353
-2.677069,51,56.33738
-2.705944,51,56.36081
-2.691629,51,56.384766
-2.662893,51,56.409367
-2.92066,51,56.441783
-2.770877,51,57.412503
-2.591467,51,57.448608
-2.800377,51,57.483572
-2.652249,51,57.51934
-2.699923,51,57.555395
-2.733942,51,57.581353
-2.822059,51,57.616743
-2.852689,51,57.654045
-2.769015,51,57.685812
-2.847744,51,57.720489
-2.832738,51,57.761163
-2.676185,51,57.795897
-2.75848,51,57.862525
-2.813555,51,57.907126
-2.500507,51,57.963885
-2.758811,52,58.001009
-2.730231,51,58.034086
-2.821614,51,58.067135
-2.680753,51,58.102694
-2.605932,51,58.14446
-2.844145,51,58.179849
-2.799303,51,58.213785
-2.657212,51,58.241761
-2.807006,51,58.281476
-2.884489,51,58.325759
-2.778628,51,58.385578
-2.680829,51,58.432158
-2.683157,51,58.461556
-2.735364,51,58.49626
-2.989268,51,58.537372
-2.950483,51,58.565667
-2.7813,51,58.600986
-2.735284,52,58.635446
-2.827603,51,58.664382
-2.730914,52,58.692536
-2.685432,51,58.718149
-2.600365,51,58.752821
-2.583244,51,58.788248
-2.637807,51,58.82013
-2.66618,51,58.846376
-2.742661,51,59.912259
-2.790263,51,59.944729
-2.663215,51,59.979974
-2.89771,51,60.019671
-2.592392,51,60.055321
-2.739447,51,60.088069
-2.67537,51,60.127223
-2.656434,52,60.156279
-2.606701,51,60.191971
-2.724847,51,60.242267
-2.676214,51,60.280096
-2.938128,51,60.318949
-3.111794,51,60.364727
-2.772581,51,60.401739
-2.672646,51,60.441985
-2.715538,51,60.485325
-2.556554,51,60.537202
-2.711721,51,60.577462
-2.80607,52,60.632774
-2.700833,51,60.690062
-2.567977,52,60.729313
-2.715499,51,60.774731
-2.76239,51,60.815502
-2.680469,51,60.849142
-2.795866,51,60.894816
-2.635984,51,60.937011
-2.693294,52,60.980651
-2.71233,51,61.029062
-2.832507,51,61.062167
-2.899281,51,61.091128
-2.719747,51,61.129007
-2.846189,51,61.166093
-2.655291,52,61.196198
-2.816891,51,61.237632
-2.737984,51,61.27267
-2.980988,51,61.29881
-3.063632,51,61.34678
-2.6863,52,61.387705
-2.659128,51,61.430759
-2.657933,51,61.466496
-2.726137,51,61.491557
-2.709099,51,62.543939
-2.634604,51,62.575724
-2.724322,51,62.60856
-2.590174,51,62.645662
-2.649123,51,62.67741
-2.576397,51,62.708673
-2.6575,51,62.742469
-2.59165,51,62.781789
-2.823314,52,62.829932
-2.684527,51,62.861201
-2.629265,51,62.90126
-2.818382,52,62.929718
-2.788999,51,62.967237
-2.672755,51,63.012642
-2.73761,52,63.059327
-2.713206,52,63.099496
-2.570132,51,63.12714
-2.774919,51,63.167265
-2.610147,51,63.194146
-2.715794,52,63.224284
-2.694942,51,63.258039
-2.655485,51,63.287067
-3.060628,51,63.320154
-2.815659,51,63.354763
-2.668666,51,63.383293
-2.681069,51,63.413439
-2.637368,51,63.444482
-2.622119,51,63.478382
-2.761842,51,63.50599
-2.820011,51,63.53867
-2.720356,51,63.567482
-2.67487,51,63.600405
-2.696905,51,63.630769
-2.748242,52,63.665208
-2.796669,51,63.693055
-2.994022,51,63.720532
-2.594355,51,63.747102
-2.810228,51,63.776608
-3.094392,51,63.80751
-2.729331,51,63.842457
-2.669749,51,64.828525
-2.87003,51,64.862846
-2.737231,51,64.893399
-2.755548,51,64.926823
-2.671135,51,64.962289
-2.632148,51,64.994439
-2.718616,51,65.033373
-2.809789,51,65.063438
-2.715266,52,65.121154
-2.769356,51,65.208671
-2.700934,51,65.270374
-2.684387,51,65.317527
-3.535501,51,65.350268
-2.670392,51,65.382104
-2.805405,51,65.432764
-3.084763,51,65.501197
-2.595049,51,65.568976
-2.607097,51,65.61893
-2.529672,51,65.685965
-2.735038,51,65.738075
-2.695895,51,65.797125
-2.819852,51,65.867038
-2.728682,51,65.910643
-2.83521,52,65.949102
-2.846025,51,66.083292
-2.720323,51,66.131413
-2.681531,51,66.174281
-2.785483,51,66.198117
-2.667199,51,66.230413
-2.741338,51,66.265709
-2.843467,52,66.305721
-2.770625,52,66.346015
-2.549519,51,66.379215
-2.741196,51,66.422197
-2.71002,51,66.454832
-2.687288,52,66.500353
-2.862286,51,66.532961
-2.743617,51,66.570446
-2.766291,51,66.604927
-2.857589,52,66.6442
-2.721943,51,67.61913
-2.646832,51,67.656292
-2.643781,51,67.695734
-2.68428,51,67.722078
-2.642619,51,67.758781
-2.679456,51,67.798014
-2.735074,51,67.827186
-2.992772,52,67.864489
-2.62017,51,67.904501
-2.790453,51,67.94027
-3.042452,51,67.98215
-2.808491,52,68.02041
-2.760594,51,68.055816
-2.764874,51,68.085948
-2.664139,51,68.121643
-2.506201,51,68.151064
-2.73751,51,68.188777
-2.691788,51,68.224273
-2.961188,51,68.25277
-2.856281,52,68.286558
-2.8114,51,68.319711
-2.732179,51,68.349066
-2.5793,51,68.384403
-2.566008,51,68.411357
-2.724442,51,68.444793
-2.563451,51,68.478215
-2.665401,51,68.506052
-2.706774,51,68.539307
-2.54955,51,68.569109
-2.722461,51,68.603143
-2.704718,51,68.640302
-2.639305,51,68.674549
-2.829357,52,68.707198
-2.832269,52,68.743299
-2.836422,51,68.777923
-2.617539,51,68.810394
-2.985626,51,68.836664
-2.716272,51,68.863919
-2.766826,51,68.888701
-2.734513,51,68.919768
-2.72266,52,69.963479
-2.578163,51,69.99714
-2.931896,51,70.026897
-2.687774,51,70.053715
-2.603675,51,70.085809
-2.738211,52,70.118331
-2.702992,51,70.150681
-2.799375,51,70.186411
-2.590828,52,70.228697
-2.622097,51,70.260124
-2.825484,52,70.295172
-2.555726,51,70.329212
-2.70925,51,70.360389
-2.854189,51,70.395691
-2.791478,51,70.42546
-2.593503,51,70.461225
-2.770727,51,70.496731
-2.581669,51,70.525959
-2.556201,51,70.564514
-2.846919,51,70.596369
-2.673117,51,70.622699
-2.72021,51,70.654083
-2.610764,51,70.685007
-2.64828,51,70.715018
-2.652702,52,70.748029
-2.751745,52,70.775693
-2.643675,51,70.809013
-2.757766,51,70.83732
-2.803622,51,70.870419
-2.676654,52,70.898158
-2.654853,51,70.930775
-2.493842,51,70.960616
-2.814609,51,70.991486
-2.637999,51,71.018294
-2.648531,51,71.049091
-2.78644,51,71.080895
-2.635562,51,71.111369
-2.69441,51,71.136001
-2.673098,51,71.167884
-2.652986,51,71.192401
-2.714053,51,72.147476
-2.808112,51,72.182811
-2.619394,51,72.216823
-2.728378,52,72.246343
-2.641787,51,72.283718
-2.849248,52,72.316939
-2.688614,51,72.352698
-3.173223,51,72.393243
-2.741679,51,72.429359
-2.865659,52,72.460904
-2.701256,51,72.49072
-2.661456,51,72.518881
-2.642061,51,72.551132
-2.648188,51,72.583717
-2.759163,52,72.621058
-2.586087,51,72.649904
-2.588065,51,72.68615
-2.640732,51,72.71906
-2.761041,51,72.749197
-2.956984,51,72.779893
-2.714123,51,72.821915
-2.856703,51,72.857022
-2.484768,51,72.889199
-2.805859,51,72.916275
-2.773244,51,72.947701
-2.866363,51,72.977367
-2.858974,51,73.01
-2.664787,51,73.037138
-3.102759,51,73.070792
-2.69336,51,73.097473
-2.765751,51,73.130243
-2.715762,51,73.165047
-2.837666,52,73.205645
-2.502416,51,73.243758
-2.705917,51,73.290542
-2.671569,51,73.325034
-2.869616,51,73.360339
-2.820628,51,73.399825
-2.560572,51,73.432102
-2.779203,51,73.46615
-2.739294,51,74.840645
-2.756406,52,74.881817
-2.714445,51,74.920734
-2.680575,51,74.955272
-2.794961,51,74.996274
-2.857027,52,75.030994
-2.561515,51,75.062236
-2.631007,51,75.092216
-2.749913,51,75.125355
-2.738326,52,75.167214
-2.807599,51,75.205823
-2.833846,52,75.247174
-2.876278,51,75.284639
-2.600539,51,75.331227
-2.745773,52,75.372488
-2.668411,51,75.417135
-2.817295,52,75.454759
-2.866124,51,75.499782
-2.683409,51,75.536025
-2.733893,51,75.582116
-2.582392,51,75.622517
-2.793104,51,75.661218
-2.70618,51,75.695791
-2.658852,51,75.734122
-2.708067,51,75.762551
-2.922509,51,75.802352
-2.674556,51,75.830119
-2.698488,51,75.866387
-2.739009,51,75.898824
-2.890212,51,75.938537
-2.804422,51,75.9729
-2.672362,51,76.018345
-2.676267,52,76.045962
-3.032644,51,76.079834
-2.745539,52,76.112719
-2.65813,51,76.141066
-2.676492,51,76.180762
-2.807102,51,76.21353
-2.739561,51,76.248701
-2.631341,51,76.288721
-2.839494,51,77.248119
-2.884491,52,77.287298
-2.791479,51,77.314816
-2.6947,51,77.347144
-2.699906,51,77.38023
-2.5751,51,77.408281
-2.71229,52,77.441494
-2.873625,51,77.468214
-2.810667,51,77.502084
-2.803726,51,77.5308
-2.67427,51,77.563647
-2.687513,51,77.59846
-2.755039,51,77.633665
-2.714157,51,77.678086
-2.729362,51,77.712
-2.765789,51,77.750082
-2.774972,51,77.784961
-2.673658,51,77.825842
-2.711807,51,77.890428
-2.728981,51,77.93165
-2.77006,52,77.971031
-2.824824,51,78.006274
-2.697354,51,78.04183
-2.59613,51,78.076037
-2.724413,51,78.112055
-2.709305,51,78.151627
-2.673204,52,78.18531
-2.753759,51,78.215963
-2.56585,51,78.25005
-2.699215,51,78.287918
-2.905315,51,78.323838
-2.599401,51,78.358131
-3.002631,52,78.394187
-2.737793,51,78.431802
-2.848322,52,78.469595
-2.687883,51,78.50371
-2.81226,52,78.545433
-2.68333,51,78.579773
-2.639661,51,78.618296
-3.203473,51,78.660305
-2.604134,51,79.795573
-2.541096,51,79.851486
-2.843066,52,79.888391
-2.631436,51,80.015519
-2.785703,51,80.048886
-2.583793,51,80.082895
-2.901562,52,80.11203
-2.852662,51,80.144309
-2.83924,51,80.189704
-2.943738,52,80.23154
-2.744888,52,80.272235
-2.781911,51,80.307004
-2.735262,51,80.349171
-2.546963,51,80.391483
-2.923737,51,80.436205
-2.968381,51,80.4758
-2.681753,51,80.508385
-2.73356,51,80.54981
-2.658662,52,80.587252
-2.576461,51,80.616365
-2.680126,51,80.649917
-2.633556,51,80.678042
-2.715544,51,80.70658
-2.791388,51,80.740035
-2.645655,51,80.773665
-2.574693,51,80.80854
-2.766236,51,80.836237
-2.670488,51,80.869347
-2.718347,51,80.902259
-2.550608,51,80.937027
-2.736229,51,80.96587
-2.840637,51,81.004966
-2.674486,51,81.042442
-2.612786,51,81.079573
-2.67019,51,81.109653
-2.662879,51,81.143306
-2.74349,51,81.169918
-2.74744,51,81.197261
-2.732612,51,81.2267
-2.518901,51,81.260165
-2.687023,51,82.235341
-2.783274,51,82.263012
-2.832648,51,82.297145
-2.84223,51,82.326334
-2.927601,51,82.361727
-2.984107,51,82.392611
-2.472125,51,82.425763
-2.919791,51,82.461325
-2.845487,51,82.490168
-2.680319,51,82.526902
-2.73396,51,82.554686
-2.731186,51,82.585332
-2.687415,51,82.623007
-2.686658,51,82.654352
-2.676918,52,82.693657
-2.645776,51,82.722781
-2.756032,52,82.759751
-2.804685,52,82.792531
-2.812442,51,82.838929
-2.690699,52,82.872025
-2.716561,51,82.903441
-2.559707,51,82.940606
-2.673915,51,82.983471
-2.672766,51,83.017444
-2.654396,51,83.048961
-2.848274,51,83.081737
-2.633521,51,83.121708
-2.745344,51,83.165364
-2.614575,51,83.19519
-2.795327,51,83.223104
-2.541959,51,83.256711
-2.772273,51,83.286961
-2.75425,51,83.314288
-2.870821,51,83.341841
-2.791272,52,83.370689
-2.651604,51,83.404802
-2.832721,51,83.431724
-2.643559,51,83.459389
-2.897743,51,83.496553
-2.642176,51,83.522248
-2.579206,51,84.525824
-2.721961,51,84.55159
-2.744578,52,84.642951
-2.659023,51,84.669184
-2.57585,51,84.697467
-2.870801,51,84.736992
-2.70653,51,84.763866
-2.548602,51,84.790348
-2.818412,51,84.823881
-2.65347,52,84.867231
-2.669759,51,84.894585
-2.686788,51,84.929774
-2.840857,51,84.972901
-2.80872,51,85.015881
-2.58962,51,85.055901
-2.65598,51,85.085011
-2.640885,51,85.12014
-2.787778,51,85.157815
-2.778477,52,85.194943
-2.683976,51,85.228356
-2.744158,51,85.267663
-2.825037,52,85.297653
-2.638109,51,85.325631
-2.593782,51,85.352459
-2.719483,51,85.381538
-2.874239,51,85.423666
-2.67778,51,85.45205
-2.658905,52,85.490107
-2.574647,51,85.518728
-2.639599,51,85.545513
-2.734041,51,85.578511
-2.595398,51,85.608416
-2.708154,51,85.638363
-2.857426,51,85.67468
-2.555982,52,85.701764
-2.547649,51,85.731901
-2.579124,51,85.761672
-2.887202,51,85.790259
-2.997622,51,85.824176
-2.751391,52,85.856744
-2.768609,51,86.896093
-2.767029,51,86.946851
-2.760285,51,86.991542
-2.638678,51,87.041576
-2.816068,51,87.081217
-2.661915,51,87.120762
-2.750021,52,87.162573
-2.78249,51,87.198283
-2.72073,51,87.233605
-2.710169,51,87.261331
-2.845434,51,87.311369
-2.650115,51,87.338839
-2.688297,51,87.371996
-2.780669,51,87.398899
-2.66928,51,87.43559
-2.792043,51,87.474377
-2.714118,51,87.511019
-2.675429,51,87.54854
-2.738296,52,87.582526
-2.667351,51,87.61959
-2.525259,51,87.648353
-2.709765,51,87.687544
-2.723301,51,87.726408
-2.844789,51,87.760265
-2.706335,51,87.794889
-2.615989,51,87.823921
-2.690955,51,87.851349
-2.571065,51,87.886681
-2.665515,51,87.925046
-2.732827,51,87.953768
-2.742476,52,87.981008
-2.476369,51,88.012392
-2.802144,51,88.039345
-2.712988,51,88.073588
-2.645175,51,88.099491
-2.834054,51,88.132788
-2.879046,51,88.159482
-2.62,51,88.192542
-2.827202,51,88.222542
-2.727432,51,88.252544
-2.645594,51,89.231144
-2.626633,51,89.261124
-2.582077,51,89.291792
-2.838473,51,89.330202
-2.716695,51,89.359742
-2.593773,52,89.391653
-2.506232,51,89.42582
-2.739964,52,89.453759
-2.910992,52,89.487749
-2.724029,51,89.519683
-2.774186,51,89.547829
-2.684366,51,89.585046
-2.898933,51,89.615302
-2.658568,51,89.649351
-2.773484,51,89.683935
-2.751742,51,89.713689
-2.54889,51,89.75019
-2.784753,51,89.782837
-2.721997,51,89.817395
-2.504845,51,89.849435
-2.824201,51,89.878666
-2.715098,51,89.913159
-2.858513,51,89.945819
-2.630817,51,89.974825
-2.707292,51,90.008696
-2.68589,51,90.034645
-2.589016,51,90.060691
-2.629886,51,90.094556
-2.56563,51,90.121621
-2.718679,52,90.15442
-2.860886,52,90.189391
-2.672894,51,90.216304
-2.958929,52,90.247954
-2.64041,51,90.277017
-2.721943,51,90.311535
-2.745605,51,90.339103
-2.551484,51,90.371982
-2.854747,51,90.400066
-2.668578,51,90.433396
-2.736104,51,90.467633
-2.556076,51,91.450873
-2.684695,51,91.484796
-2.822884,52,91.513035
-2.707197,52,91.545803
-2.656183,51,91.577523
-2.512073,51,91.608371
-2.690733,51,91.63729
-2.675113,52,91.670495
-2.579151,51,91.699189
-2.647254,51,91.738179
-2.532592,51,91.765399
-2.80219,52,91.799284
-2.781123,51,91.826675
-2.71403,52,91.864907
-2.714101,51,91.897411
-2.629054,51,91.932499
-2.519089,51,91.961131
-2.554697,51,91.99682
-2.789856,51,92.026512
-2.725909,51,92.063058
-2.572276,51,92.095971
-2.754077,52,92.124542
-2.762824,51,92.157463
-2.599246,51,92.184887
-2.519523,51,92.21827
-2.851797,51,92.246976
-2.910232,51,92.275696
-2.595613,51,92.307392
-2.689364,51,92.33448
-2.788277,51,92.367744
-2.464704,51,92.400767
-2.660578,51,92.427841
-2.657777,51,92.460984
-2.802696,51,92.487622
-2.668818,51,92.522586
-2.686851,51,92.566725
-2.683994,51,92.607738
-2.688439,51,92.662441
-2.440445,51,92.712458
-2.852987,51,92.745668
-2.834959,51,93.694825
-2.580084,52,93.728267
-2.652874,51,93.755258
-2.730113,51,93.785542
-2.609189,51,93.816637
-2.894357,51,93.845432
-2.780406,51,93.872643
-2.75829,51,93.905715
-2.57168,51,93.93306
-2.64715,51,93.969875
-2.681835,52,93.997655
-2.586773,51,94.029394
-2.66812,51,94.057166
-2.945025,51,94.088926
-2.698584,51,94.123754
-2.633152,51,94.155744
-2.595204,51,94.190715
-2.693928,52,94.228103
-2.738298,51,94.259247
-2.776805,51,94.295639
-2.558269,51,94.333287
-2.715583,51,94.362888
-2.812094,52,94.397054
-2.644652,51,94.430939
-2.82378,51,94.459535
-2.774432,52,94.49454
-2.735018,51,94.528387
-2.68787,51,94.557049
-2.776004,51,94.595707
-2.662136,52,94.625253
-2.76516,51,94.658764
-2.718689,51,94.68736
-2.696523,51,94.720873
-2.765914,51,94.754165
-2.597132,52,94.781165
-2.655469,51,94.814171
-2.746153,51,94.846335
-2.539852,51,94.88254
-2.77477,52,94.911087
-2.681058,51,94.943857
-2.744272,51,95.930036
-3.054552,52,95.957723
-2.807002,51,95.991575
-2.670937,51,96.024591
-2.848282,51,96.056831
-2.62425,51,96.085736
-2.598445,51,96.119173
-2.729155,51,96.146712
-2.680077,51,96.180097
-2.797332,51,96.213071
-2.754244,51,96.241425
-2.681635,51,96.274387
-2.856994,51,96.315511
-2.695739,51,96.345022
-2.681261,52,96.381872
-2.688393,51,96.415863
-2.566452,51,96.445863
-2.48942,51,96.487218
-2.812804,52,96.515625
-2.732142,51,96.550515
-2.58571,51,96.582717
-2.646901,51,96.61096
-2.705458,51,96.642761
-2.687238,51,96.67051
-2.817437,51,96.700014
-2.586252,51,96.732476
-2.691002,51,96.75993
-2.609676,51,96.793662
-2.771952,51,96.826665
-2.713476,51,96.853869
-2.831093,52,96.887513
-2.627054,51,96.913647
-2.585067,51,96.943136
-2.627823,51,96.973252
-2.725243,51,97.005379
-2.68855,51,97.032826
-2.783709,51,97.066166
-2.552187,51,97.099345
-2.592517,51,97.126973
-2.537516,51,97.160244
-2.373768,51,98.140666
-2.607109,51,98.173446
-2.733829,51,98.204197
-2.754033,51,98.231211
-2.654475,51,98.258719
-2.718211,51,98.290752
-2.79088,51,98.323307
-2.77127,51,98.350321
-2.679942,51,98.383595
-2.625216,51,98.410676
-2.581997,51,98.442637
-2.808065,51,98.475035
-2.730423,52,98.502722
-2.578139,51,98.534332
-2.790326,52,98.569659
-2.657213,51,98.602068
-2.63814,52,98.633558
-2.711948,51,98.6798
-2.606148,51,98.709494
-2.855561,51,98.741519
-2.78223,51,98.774123
-2.72526,51,98.80111
-2.649772,51,98.833444
-2.58803,51,98.859419
-2.723932,51,98.886571
-2.599419,51,98.913794
-2.611272,51,98.946748
-2.722838,51,98.973625
-2.797546,51,99.00067
-2.739777,51,99.028164
-2.777535,51,99.06118
-2.559318,51,99.087898
-2.624428,51,99.121168
-2.682507,51,99.152829
-2.711733,51,99.190234
-2.782217,51,99.216688
-2.718271,52,99.249701
-2.548889,51,99.278808
-2.773332,51,99.308913
-2.734021,51,99.340936
-2.801708,51,100.292498
-2.590124,51,100.318475
-2.765153,51,100.351943
-2.894335,51,100.385014
-2.687312,51,100.411526
-3.026857,51,100.446016
-2.825457,52,100.474434
-2.622067,51,100.506367
-2.605986,51,100.53829
-2.684054,51,100.571259
-2.791597,51,100.603515
-2.708646,51,100.631551
-2.575514,51,100.65762
-2.642112,51,100.690098
-2.601382,51,100.717045
-2.815804,51,100.751484
-2.9217,51,100.784669
-2.447572,51,100.814593
-3.041898,51,100.851929
-2.868779,51,100.878245
-2.758853,52,100.912448
-2.518182,51,100.940398
-2.586353,51,100.972699
-2.652469,51,101.006294
-2.715182,52,101.033158
-2.777515,51,101.071918
-2.722128,51,101.103191
-2.775011,51,101.143568
-2.870013,51,101.174474
-2.732233,52,101.208693
-2.626527,52,101.243471
-2.605841,51,101.276391
-2.751265,51,101.307213
-2.764982,51,101.335462
-2.651563,51,101.370186
-2.649908,51,101.396699
-2.550134,51,101.428998
-2.950136,51,101.455416
-2.752065,52,101.488699
-2.712608,51,101.521714
-2.496244,51,102.502805
-2.695541,51,102.532384
-2.727633,51,102.563744
-2.692925,51,102.596859
-2.615588,51,102.630434
-2.62451,51,102.663275
-2.822917,51,102.696482
-2.757806,51,102.726557
-2.860956,51,102.755768
-2.566697,51,102.787537
-2.610826,51,102.814041
-2.548401,51,102.846965
-2.602192,51,102.877357
-2.657502,51,102.910555
-2.750007,51,102.946547
-2.981467,51,102.981964
-2.617522,51,103.010287
-2.743016,51,103.044604
-2.893388,52,103.074146
-2.624021,51,103.105269
-2.680687,51,103.139545
-2.993174,51,103.171743
-2.910265,51,103.198459
-2.619105,51,103.23201
-2.647401,51,103.25905
-2.758779,51,103.291651
-2.603273,51,103.324598
-2.722143,51,103.351528
-2.928012,52,103.384334
-2.670188,51,103.410049
-2.872584,52,103.444465
-2.55813,51,103.471401
-2.731056,51,103.503107
-2.888204,52,103.536941
-2.696733,51,103.563951
-2.59599,52,103.596745
-2.697516,51,103.622985
-2.603603,51,103.657107
-2.7563,51,103.683776
-2.800386,51,103.715912
-2.919267,51,104.66799
-2.829791,52,104.703271
-2.707909,51,104.737982
-2.536547,51,104.77092
-3.091954,51,104.797451
-2.651183,51,104.83447
-2.56776,51,104.861928
-2.656259,51,104.894653
-2.638915,51,104.921476
-2.803858,51,104.953827
-2.779087,52,104.9803
-2.701691,51,105.014297
-2.566237,51,105.047031
-2.918813,51,105.073451
-2.603543,51,105.107452
-2.839189,51,105.140492
-2.676495,51,105.171446
-2.75487,51,105.203174
-2.671759,51,105.234821
-2.64903,51,105.261726
-2.731667,51,105.287134
-2.599835,51,105.313521
-2.72369,51,105.34669
-2.667967,51,105.378558
-2.52526,51,105.404676
-2.705396,51,105.441163
-2.669832,51,105.46983
-2.638842,51,105.50183
-2.613765,51,105.52967
-2.685209,51,105.562643
-2.620763,51,105.589165
-2.540446,51,105.622672
-2.776744,51,105.649111
-2.66193,51,105.68188
-2.679529,51,105.707259
-2.597824,52,105.739927
-2.785906,51,105.768222
-2.720606,51,105.799693
-2.938676,51,105.832874
-2.646114,52,105.865434
-2.646299,51,106.81936
-2.469889,51,106.852371
-2.814958,51,106.878475
-2.643318,51,106.910622
-2.780827,51,106.942591
-2.847674,51,106.974764
-2.726639,51,107.000882
-2.743575,51,107.034152
-2.71545,51,107.06877
-2.654171,51,107.097692
-2.611942,51,107.123959
-2.687051,51,107.156129
-2.735065,52,107.189109
-2.659814,51,107.213635
-2.803469,52,107.240853
-2.576813,52,107.275246
-2.675061,51,107.310194
-2.782758,51,107.33631
-2.517147,51,107.370037
-2.757552,51,107.395871
-2.761276,52,107.429597
-2.801778,51,107.461994
-2.803957,51,107.48773
-2.649941,51,107.521481
-2.664111,51,107.547199
-3.093122,51,107.580954
-2.617273,51,107.606469
-2.577072,51,107.639224
-2.477759,51,107.672589
-2.7228,51,107.700167
-2.653798,51,107.733479
-2.823713,52,107.766119
-2.624127,51,107.800114
-2.625799,51,107.827233
-2.776802,51,107.861262
-2.762954,51,107.889431
-2.786897,51,107.921725
-2.730172,52,107.963148
-2.399866,51,107.990688
-2.5962,51,108.023627
-2.659695,51,108.990577
-2.753413,52,109.024324
-2.5605,51,109.057003
-2.73391,51,109.083494
-2.738099,52,109.117474
-2.733514,51,109.145947
-2.659783,51,109.17719
-2.693602,51,109.204582
-2.603493,51,109.236633
-2.640909,51,109.268454
-2.713509,51,109.295996
-2.636693,51,109.327199
-2.616841,52,109.354546
-2.554017,51,109.386419
-2.660101,51,109.413577
-2.674605,51,109.447186
-2.804511,52,109.481894
-2.677249,51,109.509388
-2.603057,51,109.542659
-2.655305,51,109.574492
-2.667477,51,109.601982
-2.860708,52,109.633138
-2.638224,51,109.661254
-2.345317,51,109.692553
-2.926148,51,109.727002
-2.657711,51,109.753453
-2.702753,51,109.784991
-2.832233,52,109.816319
-2.760145,51,109.849402
-2.724282,52,109.876377
-2.836609,51,109.908203
-2.674079,51,109.940903
-2.700995,51,109.966787
-2.762059,51,110.001836
-2.648786,51,110.028985
-2.749501,51,110.060925
-2.662091,51,110.087123
-2.777094,51,110.119187
-2.739727,51,110.146604
-2.863329,51,110.179728
-2.785315,51,111.142514
-2.638529,51,111.177377
-2.558482,51,111.205478
-2.701399,51,111.238495
-2.869452,52,111.271988
-2.759915,51,111.29844
-2.651824,51,111.332206
-2.597171,51,111.358834
-2.55425,51,111.392285
-2.755338,51,111.426057
-2.622286,51,111.453312
-2.652292,51,111.485262
-2.888038,52,111.511649
-2.640095,51,111.545421
-2.542365,51,111.573872
-2.693522,51,111.604262
-2.59732,51,111.637711
-2.8821,51,111.665418
-2.629037,52,111.699023
-2.794166,51,111.72495
-2.61012,51,111.757473
-2.867036,52,111.790563
-2.680856,52,111.81791
-2.800546,51,111.850341
-2.636924,51,111.877677
-2.654296,51,111.909742
-2.755582,51,111.936688
-2.662851,51,111.967047
-2.924538,51,111.997009
-2.655739,51,112.027081
-2.634201,51,112.056918
-2.749899,51,112.089488
-2.67534,51,112.117093
-2.651309,51,112.142296
-2.595576,51,112.175553
-2.660961,52,112.20252
-2.619203,51,112.235404
-2.570471,51,112.268792
-2.636901,51,112.300745
-2.537726,51,112.326327
-2.829861,51,112.35953
-2.491785,51,113.318088
-2.8414,51,113.350302
-2.88781,51,113.376112
-2.894767,52,113.408205
-2.679947,51,113.439207
-2.682051,52,113.467943
-2.676495,52,113.501791
-2.798714,52,113.528518
-2.854571,52,113.560969
-2.565023,51,113.594516
-2.954806,51,113.628416
-2.600891,51,113.655101
-2.886726,51,113.687157
-2.823247,52,113.713801
-2.800902,52,113.747249
-2.808573,51,113.780198
-2.686285,52,113.807253
-2.838359,52,113.847331
-2.585165,51,113.879813
-2.689172,51,113.905512
-2.741356,51,113.938062
-2.650257,51,113.96398
-2.65165,51,113.997547
-2.707751,51,114.022106
-2.703178,51,114.054943
-2.722088,51,114.082099
-2.828729,51,114.116473
-2.793333,51,114.144819
-2.704485,51,114.178337
-2.672504,51,114.206973
-2.717046,51,114.243317
-2.608828,51,114.271851
-2.805254,51,114.30384
-2.62036,51,114.331514
-2.653131,51,114.365417
-2.777418,51,114.397263
-2.463873,51,114.426171
-2.669874,51,114.459799
-2.688731,51,114.488508
-2.706759,52,115.478568
-2.729917,51,115.507555
-2.582795,52,115.540377
-2.453437,51,115.567957
-2.773066,51,115.594152
-2.61339,51,115.626359
-2.677775,51,115.653068
-2.608914,52,115.68448
-2.693585,51,115.71087
-2.883631,51,115.743621
-2.502578,51,115.775337
-2.67571,52,115.803193
-2.721577,51,115.836959
-2.674869,51,115.865399
-2.821452,52,115.899173
-2.656978,52,115.92744
-2.894976,51,115.957168
-2.554953,51,115.990343
-2.704145,51,116.017369
-2.752812,51,116.049443
-2.570309,51,116.07482
-2.650764,51,116.106764
-2.853197,51,116.132579
-2.737965,51,116.165759
-2.621188,51,116.196714
-2.753255,51,116.224414
-2.647639,51,116.25604
-2.64187,51,116.283887
-2.720535,52,116.313306
-2.919806,52,116.347168
-2.823611,51,116.374253
-2.883536,51,116.406677
-2.836901,51,116.43732
-2.81087,51,116.4638
-2.737028,51,116.503306
-2.696407,52,116.529508
-2.967642,51,116.562969
-2.534514,51,116.588893
-2.83113,52,116.62181
-2.714144,51,116.654558
-2.609671,51,117.637077
-2.609766,51,117.668858
-2.462003,51,117.703225
-2.674742,52,117.738277
-2.702314,51,117.766167
-2.837975,52,117.80049
-2.796677,51,117.833034
-2.598744,51,117.862045
-2.838598,52,117.889114
-2.517179,51,117.915532
-2.559877,51,117.948113
-2.838969,51,117.98053
-2.751802,51,118.009748
-2.56986,51,118.042262
-2.576326,51,118.071224
-2.762694,51,118.100918
-2.627,51,118.131801
-2.600653,51,118.163266
-2.58615,51,118.189296
-2.894602,51,118.222423
-2.636756,51,118.25599
-2.941944,51,118.283574
-2.610115,51,118.315142
-2.833241,51,118.347578
-2.650414,51,118.373739
-2.699739,51,118.407312
-2.79815,51,118.434854
-2.728968,52,118.471603
-2.563485,51,118.499056
-2.870435,51,118.531388
-2.655772,51,118.557522
-2.684055,52,118.58816
-2.546792,51,118.618138
-2.720551,51,118.650357
-2.741981,51,118.676692
-2.593986,51,118.710303
-2.911164,51,118.743592
-2.551608,51,118.768699
-2.633112,51,118.802948
-2.644625,51,118.829394
-2.656244,52,119.781276
-2.809141,51,119.814378
-2.681323,52,119.841027
-2.662443,51,119.875052
-2.699623,51,119.906649
-2.65389,51,119.93416
-2.552295,51,119.960623
-2.571678,51,119.990038
-2.924215,51,120.026312
-2.574941,51,120.056855
-2.685758,52,120.092396
-2.733646,51,120.117897
-2.722166,51,120.150715
-2.68259,51,120.178952
-2.800082,51,120.211694
-2.606242,51,120.242286
-2.767725,52,120.275062
-2.751558,52,120.302354
-2.694194,51,120.334588
-2.71325,51,120.362428
-2.588831,51,120.38879
-2.736909,51,120.41697
-2.631896,51,120.445492
-2.549514,51,120.477359
-2.711057,52,120.504222
-2.669501,51,120.536332
-2.629332,51,120.563315
-2.700415,51,120.594432
-2.557484,51,120.6259
-2.807006,51,120.652853
-2.740425,51,120.684495
-2.493791,51,120.709749
-2.728725,51,120.743368
-2.54036,51,120.771642
-2.724919,51,120.802351
-2.612914,51,120.834946
-2.697366,51,120.862739
-2.623153,51,120.895337
-2.832688,51,120.922611
-2.691476,52,120.954902
-2.774987,51,120.982025
-2.837607,52,121.955863
-2.70996,52,121.981464
-2.726905,51,122.014211
-2.637816,51,122.045686
-3.003391,51,122.072901
-2.742905,51,122.09883
-2.658668,52,122.127024
-2.677672,52,122.158413
-2.586761,51,122.191017
-2.950993,51,122.216901
-2.659384,51,122.249669
-2.532611,51,122.276941
-2.631929,51,122.310422
-2.523523,51,122.342385
-2.769337,51,122.369342
-2.584982,51,122.402456
-2.632007,52,122.435744
-2.60879,51,122.462319
-2.713782,51,122.49467
-2.474279,51,122.520504
-2.677511,51,122.565178
-2.784232,51,122.5968
-2.683579,51,122.621249
-2.552459,51,122.655093
-2.67906,51,122.686655
-2.75947,51,122.713182
-2.529931,51,122.745673
-2.703441,51,122.770311
-2.640503,51,122.802924
-2.691306,51,122.83292
-2.695951,51,122.860561
-2.740038,51,122.893751
-2.753986,51,122.917943
-2.666384,52,122.950648
-2.58896,51,122.977453
-2.614815,51,123.009658
-2.744649,51,123.038019
-2.66555,51,123.063032
-2.749986,51,123.095155
-2.617125,51,123.122262
-2.646761,51,124.098852
-2.862252,52,124.132182
-2.713752,52,124.164014
-2.87761,51,124.196436
-2.763368,51,124.228038
-2.64984,51,124.256869
-2.85104,51,124.291039
-2.582998,51,124.317068
-2.894854,51,124.350943
-2.58243,51,124.382155
-2.742378,51,124.415587
-2.649828,51,124.443899
-2.577366,51,124.475945
-2.692856,51,124.508349
-2.729829,52,124.537697
-2.812638,52,124.569945
-2.663035,51,124.598949
-2.730903,51,124.636502
-2.616961,51,124.66873
-2.475933,51,124.697968
-2.727421,51,124.732658
-2.653583,51,124.760436
-2.458804,51,124.790774
-2.775772,52,124.819979
-2.659978,51,124.851576
-2.649397,51,124.883057
-2.739143,51,124.908649
-2.735624,51,124.939088
-2.634055,51,124.968411
-2.637211,51,125.001612
-2.737576,51,125.027952
-2.944516,51,125.061276
-2.512705,51,125.091783
-2.647647,52,125.118123
-2.681594,51,125.151393
-2.664363,51,125.182365
-2.480873,51,125.209187
-2.492036,51,125.240979
-2.70617,51,125.269755
-2.566914,51,125.299544
-2.551845,51,126.147613
-2.950844,51,126.172841
-2.925623,51,126.196279
-2.760269,51,126.225788
-2.875232,52,126.266942
-2.735533,51,126.300483
-2.761935,51,126.330436
-2.707189,51,126.357095
-2.693958,52,126.386396
-2.591673,51,126.417366
-2.664799,51,126.445713
-2.994987,51,126.477717
-2.633584,51,126.505175
-2.971627,52,126.529003
-2.755417,51,126.559586
-2.467397,51,126.584034
-2.775805,51,126.615384
-2.652849,51,126.638627
-2.717257,52,126.669333
-2.558035,51,126.703717
-2.79726,52,126.742046
-2.574041,52,126.771781
-2.74055,51,126.804183
-2.923023,51,126.843602
-2.865103,51,126.881225
-2.587527,51,126.916164
-2.671676,51,126.955503
-2.822997,51,126.985547
-2.780542,51,127.021286
-2.880244,52,127.057377
-2.718216,51,127.095379
-2.682009,51,127.131941
-2.599738,51,127.170448
-2.858627,51,127.211497
-2.727573,51,127.243672
-2.537944,51,127.277562
-2.791923,51,127.31097
-2.682477,51,127.341171
-2.763634,51,127.373589
-2.826502,51,127.408652
-2.65345,51,128.350361
-2.891169,51,128.37536
-2.762517,51,128.399917
-2.611782,52,128.426165
-3.004872,51,128.453412
-2.766024,52,128.478759
-2.523937,51,128.505252
-2.482059,51,128.528704
-2.570087,51,128.553412
-2.735972,52,128.578079
-2.890061,51,128.609516
-2.760655,51,128.633805
-3.014884,52,128.658038
-3.062975,51,128.686702
-2.684926,52,128.710911
-2.684054,51,128.736346
-2.672372,51,128.764346
-2.656517,51,128.791846
-2.887313,52,128.818802
-2.763252,51,128.846191
-2.599202,51,128.879632
-2.570297,51,128.910172
-2.720202,51,128.942731
-2.597408,51,128.977129
-2.645003,51,129.013821
-2.587765,51,129.043342
-2.787543,51,129.073401
-2.676716,51,129.10541
-2.701451,51,129.141819
-2.689444,51,129.174691
-2.682524,51,129.202876
-2.709714,52,129.231533
-2.588741,51,129.278108
-2.752504,51,129.315286
-2.638962,51,129.350445
-2.559586,51,129.385907
-2.578477,52,129.423041
-2.633758,51,129.465011
-2.634787,52,129.506056
-2.716492,52,129.536582
-2.529659,51,130.509575
-2.699689,51,130.544285
-2.681484,51,130.572646
-2.623347,51,130.608331
-2.605913,51,130.637284
-2.799282,51,130.66913
-2.695195,51,130.696326
-2.467598,51,130.731836
-2.603696,51,130.768586
-2.624705,51,130.797338
-2.680057,51,130.833238
-2.593509,51,130.860465
-2.816308,51,130.892091
-2.66197,51,130.917612
-2.665128,51,130.947211
-2.59986,51,130.974594
-2.565623,52,131.014206
-2.637093,51,131.047637
-2.68725,51,131.075429
-2.698533,51,131.110513
-2.492336,51,131.144092
-2.574966,51,131.170491
-2.592232,51,131.206717
-2.621883,51,131.248883
-2.54214,51,131.276404
-2.677765,51,131.310755
-2.625724,51,131.34568
-2.766563,51,131.37341
-2.739768,51,131.409102
-2.531734,51,131.442337
-2.475399,51,131.470104
-2.704577,51,131.502899
-2.914792,51,131.530008
-2.619381,51,131.563383
-2.709608,51,131.597538
-2.554122,51,131.625362
-2.723735,51,131.659319
-2.62684,51,131.689314
-2.659866,51,131.725757
-2.929938,51,131.75465
-2.533281,51,132.711651
-2.616401,51,132.740125
-2.567217,51,132.789055
-2.611487,51,132.816729
-2.508591,51,132.851341
-2.768214,51,132.879047
-2.571761,51,132.907486
-2.545349,51,132.934732
-2.533292,51,132.968589
-2.890285,52,132.996428
-2.629495,51,133.033646
-2.636039,51,133.063609
-2.704319,51,133.10345
-2.423533,51,133.139268
-2.851163,52,133.166732
-2.55796,51,133.199099
-2.714067,51,133.229854
-2.672846,51,133.255682
-2.688525,51,133.282802
-2.790821,51,133.315547
-2.632058,51,133.359606
-2.615464,51,133.387392
-2.738082,51,133.413532
-2.658917,51,133.442248
-2.811149,51,133.478183
-2.632692,52,133.517227
-2.737387,51,133.545033
-2.702328,51,133.574912
-2.772806,51,133.606886
-2.66835,51,133.634442
-2.69883,51,133.668191
-2.67149,51,133.695047
-2.763516,51,133.727331
-2.998327,51,133.758018
-2.56378,51,133.789504
-2.574338,51,133.816736
-2.70533,51,133.854605
-2.510794,51,133.88583
-2.596722,51,133.919397
-2.824339,52,133.954222
-2.710124,51,134.929561
-2.582058,51,134.956013
-2.794381,51,134.993015
-2.651138,51,135.019217
-2.592864,51,135.05328
-2.603813,51,135.081159
-2.597816,51,135.115938
-2.577774,51,135.150231
-2.811636,52,135.180602
-2.660077,51,135.21561
-2.581142,51,135.242336
-2.714552,52,135.275845
-2.645851,51,135.302193
-2.536283,51,135.334513
-2.654354,51,135.367665
-2.819455,51,135.394855
-2.557659,52,135.422001
-2.923371,51,135.454146
-2.652445,51,135.481868
-2.677152,51,135.514317
-2.912984,51,135.545922
-2.640773,51,135.57872
-2.530651,51,135.605389
-2.60444,51,135.637851
-2.624397,51,135.665887
-2.621376,51,135.698045
-2.767643,51,135.724738
-2.620169,51,135.759398
-2.716004,51,135.790179
-2.648218,51,135.817601
-2.61468,51,135.850282
-2.723746,51,135.884915
-2.54083,51,135.912155
-2.656541,52,135.944103
-2.611259,51,135.972604
-2.66647,51,136.005937
-2.816221,51,136.035294
-2.634392,51,136.066336
-2.635491,51,136.099368
-2.689226,51,136.126758
-2.636625,51,137.083102
-2.738232,51,137.11668
-2.644574,51,137.148051
-2.558706,51,137.176829
-2.730252,51,137.209383
-2.776176,51,137.237247
-2.845677,51,137.262135
-2.631535,51,137.289604
-2.54145,51,137.327785
-2.564905,51,137.355931
-2.514655,51,137.38861
-2.540702,51,137.414579
-2.49579,51,137.447698
-2.641011,52,137.475649
-2.71715,52,137.502255
-2.739807,51,137.535679
-2.609378,51,137.564842
-2.590369,51,137.594912
-2.943913,52,137.628399
-2.894587,52,137.654682
-2.65097,51,137.685399
-2.590754,51,137.709618
-2.652581,51,137.740674
-2.687987,51,137.771841
-2.781156,51,137.801572
-2.671251,51,137.834452
-2.465254,51,137.865984
-2.714496,51,137.894458
-2.598784,51,137.928162
-2.652245,52,137.955391
-2.490846,51,137.988962
-2.636834,51,138.022774
-2.603109,51,138.050105
-2.633619,51,138.083204
-2.746749,51,138.109824
-2.64768,51,138.137524
-2.970776,51,138.169027
-2.479267,51,138.199058
-2.415178,51,138.233071
-2.719394,51,138.263189
-2.665638,51,139.245824
-2.764407,51,139.274027
-2.733627,51,139.306312
-2.608851,51,139.336855
-2.640285,51,139.371125
-2.786091,51,139.3969
-2.659017,51,139.42952
-2.678896,52,139.462354
-2.626013,51,139.488539
-2.48135,51,139.521356
-2.705975,51,139.549006
-2.532546,51,139.582705
-2.797869,51,139.608847
-2.812541,51,139.640439
-2.807863,51,139.673609
-2.529397,51,139.699222
-2.675823,52,139.731987
-2.725109,51,139.758997
-2.880584,51,139.792321
-2.559301,52,139.818626
-2.629932,51,139.85
-2.725713,51,139.875341
-2.578076,51,139.906081
-2.699973,51,139.93028
-2.77572,51,139.961006
-2.771152,51,139.994097
-2.720073,52,140.021849
-2.747117,51,140.065185
-2.53826,51,140.093836
-2.749001,51,140.125437
-2.611444,51,140.158611
-2.560334,51,140.189706
-2.601347,51,140.217117
-2.72687,52,140.248544
-2.75249,51,140.278162
-2.769126,51,140.311059
-2.73526,51,140.337538
-2.490748,51,140.37037
-2.660675,52,140.396982
-2.526457,51,140.429441
-2.704371,52,141.386269
-2.496045,51,141.41382
-2.561748,51,141.457082
-2.791341,51,141.48287
-2.562565,51,141.515704
-2.562042,51,141.541149
-2.626807,51,141.573237
-2.682973,51,141.605937
-2.681444,51,141.632752
-2.747352,52,141.665939
-2.724505,51,141.695441
-2.605648,52,141.725372
-2.484489,51,141.758251
-2.600393,52,141.78548
-2.604263,52,141.820814
-2.669627,52,141.851041
-2.694004,51,141.885576
-2.672557,52,141.918307
-2.705187,51,141.950443
-2.504273,51,141.977484
-2.759499,51,142.011306
-2.548046,51,142.038703
-2.578644,51,142.070618
-2.755371,51,142.096454
-2.594716,51,142.127967
-2.661758,51,142.161092
-2.593348,52,142.186825
-2.688669,51,142.218947
-2.873687,51,142.250356
-2.649862,52,142.277804
-2.776575,51,142.310465
-2.719284,51,142.33606
-2.662341,51,142.368963
-2.558394,51,142.395516
-2.626868,51,142.428439
-2.702183,51,142.461413
-2.764029,52,142.48834
-2.624455,51,142.520042
-2.533237,51,142.54611
-2.422299,51,142.578633
-2.907664,52,143.55104
-2.791407,51,143.584248
-2.763213,51,143.612594
-2.563242,52,143.643711
-2.825816,51,143.676954
-2.7214,51,143.703724
-2.749815,51,143.735392
-2.64651,51,143.763393
-2.745696,51,143.79466
-2.65789,51,143.820041
-2.805294,51,143.853406
-2.751283,52,143.88655
-2.710163,52,143.914579
-2.545344,51,143.95311
-2.754443,52,143.980784
-2.642198,51,144.014443
-2.614285,51,144.041176
-2.911204,52,144.073447
-2.721768,51,144.107117
-2.82328,51,144.133872
-2.607571,51,144.167522
-2.540681,51,144.197516
-2.610961,51,144.227364
-2.715288,52,144.259865
-2.818786,51,144.293716
-2.652939,51,144.326282
-2.467658,51,144.35513
-2.641311,51,144.388295
-2.583403,51,144.416191
-2.435114,51,144.448965
-2.594889,51,144.480896
-2.600781,51,144.510318
-2.85609,51,144.542626
-2.73902,51,144.571449
-2.527192,51,144.599608
-2.751644,51,144.632361
-2.62018,51,144.666189
-2.620249,51,144.694299
-2.528803,51,144.727332
-2.731778,51,144.755419
-2.695642,52,145.71829
-2.489867,51,145.746234
-2.637387,51,145.778851
-2.493157,51,145.812081
-2.715383,51,145.83943
-2.686858,52,145.872856
-2.723204,51,145.89957
-2.576253,51,145.930689
-2.655618,51,145.957446
-2.692413,51,145.989153
-2.564585,52,146.022217
-2.434171,51,146.049742
-2.568409,51,146.081468
-2.661516,51,146.111275
-2.602142,51,146.142084
-2.785422,51,146.176562
-2.559157,51,146.204469
-2.615908,51,146.236386
-2.729072,51,146.264385
-2.846254,51,146.298004
-2.572473,51,146.324265
-2.547935,51,146.356711
-2.785104,52,146.389743
-2.826921,51,146.415746
-2.497301,51,146.448739
-2.746252,52,146.474517
-2.660997,51,146.510329
-2.690563,52,146.543744
-2.397616,51,146.574051
-2.657458,51,146.60445
-2.536632,51,146.636936
-2.584624,51,146.664464
-2.730678,51,146.697081
-2.492724,52,146.723369
-2.646905,51,146.75602
-2.862464,51,146.786146
-2.632061,51,146.81432
-2.703829,51,146.845979
-2.671978,51,146.878082
-2.677756,51,146.909275
-2.605751,51,147.872774
-2.725685,51,147.899491
-2.65044,52,147.933435
-2.661586,52,147.962127
-2.440213,51,147.994595
-2.696412,51,148.02762
-2.725286,51,148.056114
-2.664529,51,148.087467
-2.610673,51,148.121805
-2.582555,52,148.149863
-2.52103,52,148.184498
-2.64519,51,148.210549
-2.632746,51,148.243313
-2.714258,51,148.277115
-2.59369,51,148.310412
-2.48016,51,148.336677
-2.682225,51,148.368966
-2.824106,51,148.399605
-2.606669,52,148.430403
-2.647103,51,148.462366
-2.704174,51,148.490551
-2.654588,51,148.524483
-2.61138,51,148.554702
-2.651644,52,148.587672
-2.726715,51,148.620052
-2.604983,51,148.649851
-2.708534,52,148.68539
-2.640555,51,148.719885
-2.792862,51,148.749947
-2.686254,51,148.783196
-2.701431,51,148.810366
-2.836269,51,148.849601
-2.61738,51,148.877901
-2.317574,51,148.91111
-2.553829,51,148.937129
-2.726591,51,148.971356
-2.797939,51,148.997701
-2.578958,51,149.030403
-2.513105,51,149.061092
-2.734382,51,149.092787
-2.886977,51,150.083001
-2.736047,51,150.116302
-2.534564,51,150.150934
-2.448356,51,150.178403
-2.700139,51,150.210676
-2.622048,51,150.239465
-2.843808,51,150.273509
-2.781486,52,150.307332
-2.632232,51,150.341331
-2.596896,51,150.370296
-2.549392,52,150.400972
-2.67037,51,150.429505
-2.706774,51,150.4599
-2.584415,51,150.493238
-2.782726,51,150.519547
-2.745864,51,150.552962
-2.729688,52,150.580529
-2.561759,51,150.606566
-2.71371,51,150.637726
-2.836441,51,150.665627
-2.629491,51,150.69805
-2.687551,51,150.7247
-2.625263,51,150.757895
-2.6463,51,150.789606
-2.616462,51,150.819737
-2.631704,51,150.848117
-2.600963,51,150.885479
-2.600735,51,150.921201
-2.597787,51,150.949643
-2.607221,51,150.98342
-2.58934,52,151.011329
-2.699861,51,151.047436
-2.809615,52,151.075681
-2.925935,51,151.108028
-2.672759,51,151.136889
-2.761959,52,151.168168
-2.470586,51,151.201687
-2.647368,51,151.228275
-2.533504,51,151.259518
-2.460145,51,151.291331
-2.57281,51,152.262961
-2.662357,51,152.292305
-2.616382,51,152.324445
-3.049076,51,152.353162
-2.732495,51,152.390674
-2.584803,51,152.41706
-2.441408,51,152.449188
-2.623384,51,152.475946
-2.670997,52,152.511176
-2.760484,51,152.541716
-2.58224,51,152.581988
-2.575779,51,152.614694
-2.690941,51,152.648116
-2.610567,51,152.675797
-2.570539,51,152.703608
-2.677902,51,152.730027
-2.5585,51,152.770589
-2.777336,51,152.822449
-2.643118,51,152.865084
-2.592945,51,152.906675
-2.638368,51,152.937222
-2.640735,51,152.969276
-2.596351,51,152.995564
-2.596725,51,153.02842
-2.660763,51,153.061098
-2.554714,51,153.090966
-2.758891,51,153.130959
-2.623364,51,153.163227
-2.741498,51,153.1946
-2.658219,52,153.228645
-2.769312,51,153.256966
-2.699394,51,153.290114
-2.784237,51,153.3191
-2.982918,52,153.347218
-2.436832,51,153.374934
-2.61982,51,153.408
-2.668716,51,153.440501
-2.68641,51,153.467411
-2.485066,52,153.501062
-2.58178,51,153.527952
-2.456714,51,154.501049
-2.608269,51,154.530834
-2.551081,51,154.560515
-2.484845,51,154.591218
-2.771098,51,154.619471
-2.543131,51,154.648942
-2.55142,51,154.680514
-2.678795,51,154.713076
-2.400315,51,154.739654
-2.616396,51,154.770593
-2.558058,51,154.80242
-2.721491,51,154.835817
-2.949829,51,154.863546
-2.578252,52,154.897014
-2.499247,51,154.924915
-2.679021,52,154.961657
-2.452225,51,154.993531
-2.720154,51,155.027175
-2.824238,51,155.053105
-2.468671,51,155.087188
-2.719581,51,155.114965
-2.960846,51,155.15129
-2.463316,51,155.179251
-2.730266,51,155.211402
-2.565265,51,155.244284
-2.798232,52,155.270301
-2.634058,51,155.305612
-2.550851,51,155.342615
-2.637051,51,155.38194
-2.731219,51,155.413306
-2.596301,51,155.444461
-2.678018,51,155.474866
-2.528104,51,155.507015
-2.88255,51,155.533641
-2.444469,51,155.566699
-2.589875,51,155.600346
-2.503146,51,155.632242
-2.535121,51,155.662906
-2.710849,51,155.692716
-2.621051,51,155.72594
-2.426546,51,156.686925
-2.623001,52,156.718142
-2.50828,51,156.747437
-2.52714,51,156.780164
-2.635756,52,156.808014
-2.541942,51,156.841314
-2.496002,51,156.868573
-2.664056,51,156.900801
-2.658786,51,156.929364
-2.595374,51,156.962598
-2.642207,51,156.994039
-2.522679,51,157.022297
-2.694152,51,157.05541
-2.387603,51,157.081126
-2.664827,51,157.114484
-2.541949,51,157.140943
-2.535711,51,157.17365
-2.559633,51,157.207421
-2.563443,51,157.233413
-2.523745,51,157.265718
-2.624081,51,157.29129
-2.695883,51,157.324018
-2.5758,51,157.350919
-2.549005,52,157.38309
-2.612497,51,157.409156
-2.70745,51,157.443954
-2.525635,51,157.477192
-2.764298,51,157.513439
-2.777264,51,157.541482
-2.609828,52,157.577502
-2.561031,51,157.612369
-2.708609,51,157.640193
-2.449278,51,157.673603
-2.718131,51,157.699556
-2.678682,51,157.733616
-2.679053,51,157.760138
-2.475009,51,157.792525
-2.460854,51,157.825278
-2.73283,51,157.851166
-2.497301,51,157.884279
-2.756783,51,158.854461
-2.669923,51,158.880287
-2.633531,51,158.911121
-2.629442,51,158.942619
-2.67866,52,158.976848
-2.858185,52,159.008775
-2.607399,51,159.036306
-2.692461,51,159.068461
-2.265048,51,159.094976
-2.576452,51,159.127551
-2.678879,51,159.153129
-2.652334,51,159.186
-2.582342,51,159.211537
-2.624232,52,159.245471
-2.619365,51,159.278117
-2.557336,51,159.303937
-2.626765,52,159.338369
-2.426078,51,159.370412
-2.573972,51,159.403018
-2.621702,51,159.431118
-2.568767,51,159.463387
-2.762386,51,159.490938
-2.499222,51,159.522602
-2.518538,51,159.548006
-2.69139,51,159.585596
-2.538918,51,159.612608
-2.568923,51,159.6467
-2.603915,51,159.680504
-2.534634,51,159.710293
-2.599985,51,159.749073
-2.614412,51,159.78006
-2.559679,51,159.814991
-2.379616,51,159.848609
-2.344066,51,159.874871
-2.581055,51,159.908013
-2.349741,51,159.941349
-2.517341,51,159.972318
-2.576894,51,160.000039
-2.716943,51,160.033233
-2.443538,51,160.06525
-2.65314,51,161.036215
-2.560051,51,161.061902
-2.589588,51,161.093267
-2.726046,51,161.124091
-2.693663,51,161.151223
-2.686548,52,161.183789
-2.553962,51,161.216362
-2.604091,51,161.243819
-2.481589,51,161.277246
-2.503559,51,161.304218
-2.371696,51,161.337882
-2.683521,52,161.371116
-2.680195,51,161.399616
-2.639456,51,161.434051
-2.72315,51,161.464099
-2.781615,51,161.497396
-2.512586,51,161.524104
-2.727299,51,161.557337
-2.424755,51,161.590435
-2.943462,51,161.61726
-2.54746,51,161.644642
-2.649998,51,161.67816
-2.690211,51,161.707009
-2.553222,51,161.739827
-2.673788,52,161.767396
-2.557837,51,161.8014
-3.236051,51,161.835308
-2.468649,51,161.86618
-2.486687,51,161.908127
-2.516844,51,161.938812
-2.700769,51,161.974664
-2.496959,51,162.010372
-2.567661,51,162.040424
-2.793308,51,162.07953
-2.579031,51,162.107349
-2.341734,51,162.140706
-2.574951,51,162.172705
-2.676347,51,162.200965
-2.515074,51,162.232223
-2.621803,52,162.260809
-2.689303,51,163.221707
-2.677713,51,163.249706
-2.643266,51,163.285726
-2.680412,52,163.311668
-2.43701,52,163.344456
-2.516316,51,163.371759
-2.450122,51,163.404758
-2.578925,51,163.433779
-2.655657,51,163.464801
-2.497848,51,163.49844
-2.489123,51,163.525068
-2.493039,52,163.558476
-2.645679,51,163.58691
-2.554784,51,163.616747
-2.467451,51,163.648939
-2.549105,51,163.675758
-2.566353,51,163.707602
-2.594762,51,163.733496
-2.523248,51,163.765669
-2.690231,52,163.792218
-2.584393,51,163.823894
-2.533049,51,163.854674
-2.614221,51,163.887415
-2.629847,52,163.918735
-2.636853,51,163.951194
-2.57524,51,163.978813
-2.57579,51,164.014494
-2.860285,51,164.048369
-2.452171,51,164.07765
-2.348765,51,164.113399
-2.538746,51,164.143714
-2.549538,51,164.177983
-2.409529,51,164.206177
-2.439215,51,164.244061
-2.714947,52,164.270693
-2.649984,51,164.303441
-2.518798,51,164.332418
-2.662198,51,164.365718
-2.408497,52,164.393604
-2.668371,51,164.427037
-2.733757,51,165.392346
-2.705828,51,165.421277
-2.573159,51,165.453325
-2.491033,51,165.479093
-2.609946,51,165.510857
-2.200834,52,165.542657
-2.539097,51,165.576601
-2.641983,51,165.613098
-2.518092,51,165.640872
-2.749408,51,165.674068
-2.609342,51,165.701762
-2.529356,51,165.734652
-2.695588,51,165.76714
-2.532776,51,165.799762
-2.56102,52,165.829251
-2.609184,51,165.859416
-2.655462,51,165.887206
-2.409487,51,165.914988
-2.502119,51,165.948261
-2.657662,51,165.981532
-2.524843,51,166.009354
-2.682621,52,166.043159
-2.506884,52,166.071463
-2.482752,51,166.104614
-2.626626,51,166.137438
-2.762972,52,166.164232
-2.640664,51,166.198925
-2.513693,51,166.231603
-2.65479,52,166.263352
-2.515496,51,166.298837
-2.465715,52,166.334381
-2.489003,51,166.363262
-2.491029,52,166.39976
-2.615392,51,166.428015
-2.520967,51,166.461235
-2.547109,51,166.493866
-2.614458,51,166.52193
-2.666737,51,166.553283
-2.59556,51,166.578539
-2.624796,51,166.611248
-2.493484,51,167.552765
-2.897318,51,167.584429
-2.660829,51,167.609242
-2.473797,51,167.639544
-2.556708,51,167.66355
-2.576327,51,167.694515
-2.536872,51,167.719327
-2.477679,52,167.752353
-2.656675,51,167.780115
-2.759941,51,167.812426
-2.468083,51,167.839258
-2.531397,51,167.871415
-2.618375,51,167.903612
-2.672662,52,167.931066
-2.871419,51,167.962836
-2.471096,51,167.989695
-2.471782,51,168.022561
-2.582254,52,168.056935
-2.482046,51,168.084473
-2.653575,52,168.11762
-2.449221,51,168.149194
-2.487557,51,168.182414
-2.624023,51,168.210047
-2.652666,51,168.243741
-2.607837,52,168.27534
-2.585831,51,168.304491
-2.656241,51,168.338184
-2.392213,51,168.365682
-2.409974,51,168.392913
-2.675812,51,168.425807
-2.607915,51,168.460735
-2.759357,51,168.489749
-2.430779,51,168.52984
-2.519292,51,168.561029
-2.494494,52,168.597734
-2.484505,51,168.626091
-2.98888,51,168.660031
-2.752134,51,168.69258
-2.575669,51,168.719343
-2.574997,51,168.753126
-2.478666,51,168.780106
-2.354961,51,169.747973
-2.629242,51,169.772891
-2.641952,51,169.803264
-2.637328,51,169.828148
-2.578995,51,169.852746
-2.469012,51,169.878918
-2.613447,51,169.91156
-2.592108,51,169.936814
-2.758613,52,169.97064
-2.433816,52,169.997374
-2.443524,51,170.029563
-2.568165,51,170.060662
-2.475704,51,170.088392
-2.470897,51,170.121629
-2.371109,51,170.147726
-2.726635,51,170.18103
-2.495194,52,170.214577
-2.614205,51,170.241531
-2.583898,51,170.266248
-2.606645,52,170.300366
-2.45945,51,170.327009
-2.44618,52,170.360124
-2.639688,51,170.385164
-2.474592,51,170.422767
-2.527276,51,170.450018
-2.493322,51,170.484149
-2.504111,51,170.526436
-2.561949,51,170.569469
-2.435966,51,170.597452
-2.581382,52,170.627138
-2.687166,51,170.655645
-2.578239,51,170.691243
-2.337075,51,170.721614
-2.624089,51,170.755834
-2.449737,51,170.790605
-2.510838,52,170.821377
-2.530303,52,170.856508
-2.581907,51,170.884157
-2.584725,51,170.911667
-2.645696,51,170.943133
-2.642867,51,171.914654
-2.496578,51,171.943188
-2.754037,52,171.971138
-2.566023,51,172.002884
-2.571219,51,172.027814
-2.708796,51,172.059344
-2.318387,51,172.084584
-2.75588,52,172.115673
-2.483233,51,172.141691
-2.454635,51,172.173774
-2.698732,51,172.202815
-2.528336,51,172.233314
-2.726648,51,172.26561
-2.496159,51,172.292532
-2.504649,51,172.323603
-2.655595,51,172.354283
-2.689776,52,172.387763
-2.621191,52,172.416288
-2.792044,51,172.448681
-2.465616,51,172.475766
-2.454052,51,172.507736
-2.668845,51,172.53691
-2.388537,51,172.568561
-2.512978,51,172.601654
-2.33096,51,172.637733
-2.624735,51,172.670927
-2.622953,51,172.697492
-2.591556,51,172.730495
-2.573156,51,172.756407
-2.651365,51,172.791171
-2.346405,51,172.827374
-2.61324,51,172.859728
-2.528977,51,172.889904
-2.52922,51,172.924262
-2.525237,51,172.952522
-2.551384,51,172.980901
-2.544588,51,173.015108
-2.699667,51,173.044968
-2.428499,51,173.079066
-2.603871,51,173.110641
-2.677333,51,174.080365
-2.400119,51,174.105412
-2.596872,51,174.13642
-2.373344,51,174.16098
-2.510068,51,174.191323
-2.329332,52,174.21733
-2.574368,51,174.241657
-2.478413,51,174.273124
-2.480766,52,174.298029
-2.570217,51,174.328941
-2.653371,51,174.354443
-2.457652,51,174.386173
-2.534952,51,174.418993
-2.386972,51,174.451869
-2.544285,51,174.477943
-2.540678,51,174.510474
-2.52085,52,174.536823
-2.539045,51,174.568236
-2.501365,51,174.601513
-2.803177,51,174.626851
-2.377178,51,174.658762
-2.514338,51,174.68556
-2.398752,51,174.717989
-2.880103,51,174.755882
-2.480161,51,174.787817
-2.516076,51,174.815981
-2.640401,51,174.848399
-2.484784,52,174.875626
-2.625266,52,174.911759
-2.797349,51,174.947522
-2.60096,51,174.976833
-2.677449,51,175.013824
-2.54717,51,175.052771
-2.541203,51,175.083621
-2.439118,51,175.12472
-2.533564,51,175.154715
-2.542306,51,175.188101
-2.480535,51,175.223164
-2.533793,51,175.257634
-2.468649,51,175.291883
-2.289089,51,176.24507
-2.660454,52,176.276845
-2.450307,51,176.302161
-2.270556,51,176.326264
-2.550205,51,176.353821
-2.651522,51,176.380732
-2.658968,51,176.411144
-2.347565,51,176.436361
-2.453319,51,176.466752
-2.460318,51,176.49081
-2.646173,51,176.524693
-2.470271,51,176.552094
-2.279873,51,176.583587
-2.426782,51,176.609794
-2.655402,51,176.642917
-2.501469,52,176.671687
-2.473421,51,176.70267
-2.5712,51,176.727575
-2.194559,51,176.760724
-2.59759,51,176.792986
-2.648884,51,176.821108
-2.797922,51,176.853418
-2.265103,51,176.8796
-2.215234,51,176.912752
-2.555486,51,176.9449
-2.568578,51,176.977673
-2.473561,51,177.003995
-2.476008,51,177.037084
-2.618551,51,177.065953
-2.45828,51,177.106019
-2.37747,51,177.141155
-2.387243,51,177.170204
-2.5424,51,177.20493
-2.541526,51,177.237225
-2.675721,51,177.268339
-2.459805,51,177.303679
-2.270621,51,177.337749
-2.377089,51,177.366985
-2.575347,52,177.403283
-2.565048,51,177.436069
-2.571429,51,178.400696
-2.344766,51,178.427203
-2.600586,51,178.45964
-2.387358,51,178.485949
-2.429502,51,178.517878
-2.395675,51,178.54239
-2.399094,51,178.574363
-2.588446,51,178.599748
-2.509641,51,178.631237
-2.521024,51,178.655887
-2.199029,51,178.686292
-2.440214,51,178.711989
-2.349024,51,178.742613
-2.229346,51,178.771704
-2.188289,51,178.800399
-2.647496,51,178.834228
-2.597413,51,178.86147
-2.57122,51,178.895604
-2.429274,51,178.921878
-2.55493,51,178.956162
-2.486783,51,178.989013
-2.286782,51,179.016793
-2.596816,51,179.054328
-2.575736,51,179.081977
-2.461663,51,179.113577
-2.536739,51,179.141072
-2.598156,52,179.174374
-2.825302,51,179.205435
-2.36792,51,179.240459
-2.298477,51,179.268557
-2.587549,52,179.305238
-2.632969,52,179.341732
-2.301793,51,179.370905
-2.421187,51,179.406978
-2.539119,51,179.43571
-2.505578,51,179.471531
-2.562493,51,179.501591
-2.301526,52,179.554735
-2.460555,52,179.616647
-2.316015,51,179.678105
-2.482259,51,180.803897
-2.491317,51,180.829258
-2.570134,51,180.86088
-2.726561,51,180.892392
-2.28279,51,180.91779
-2.483131,51,180.949549
-2.438114,51,180.97842
-2.624217,51,181.007342
-2.271261,51,181.032332
-2.585774,51,181.06373
-2.264144,51,181.094241
-2.35441,51,181.118159
-2.488607,52,181.149298
-2.534664,51,181.172928
-2.473063,51,181.203053
-2.379283,51,181.232659
-2.504026,51,181.260504
-2.342252,51,181.292916
-2.379015,51,181.329467
-2.670973,51,181.361806
-2.300747,51,181.394441
-2.480132,51,181.420021
-2.384559,51,181.452876
-2.41128,51,181.480297
-2.691019,52,181.519869
-2.447549,52,181.548943
-2.475312,51,181.582285
-2.783589,51,181.612525
-2.431087,51,181.641436
-2.450521,51,181.677904
-2.646459,51,181.71371
-2.499473,51,181.744968
-2.489482,52,181.783362
-2.384346,51,181.818842
-2.348828,51,181.854476
-2.485346,51,181.884064
-2.493938,51,181.923196
-2.443976,52,181.954268
-2.427626,51,181.9891
-2.890748,52,182.023856
-2.618902,52,183.029774
-2.694186,51,183.054261
-2.535456,51,183.079493
-2.550209,51,183.108646
-2.623534,52,183.140027
-2.446279,51,183.165142
-2.334093,51,183.196464
-2.561858,51,183.226275
-2.37676,51,183.252341
-2.66094,51,183.284227
-2.461623,51,183.309143
-2.433117,51,183.340563
-2.564676,51,183.366874
-2.158257,51,183.40114
-2.396969,51,183.426611
-2.3887,51,183.453547
-2.467342,51,183.479594
-2.506079,51,183.513103
-2.305665,52,183.540157
-2.521917,51,183.570505
-2.687382,51,183.601177
-2.360697,51,183.63025
-2.390816,51,183.662941
-2.531361,51,183.689165
-2.44715,51,183.722552
-2.545755,51,183.755032
-2.519181,51,183.782406
-2.63084,51,183.815081
-2.581962,51,183.846308
-2.430817,51,183.875964
-2.424659,52,183.911868
-2.490352,52,183.944705
-2.489426,51,183.982943
-2.438728,51,184.018146
-2.695543,51,184.048642
-2.726553,51,184.083262
-2.508307,51,184.116922
-2.512109,51,184.145048
-2.406888,51,184.180749
-2.503904,51,184.21387
-2.495812,51,185.219908
-2.342208,51,185.253953
-2.305034,51,185.285628
-2.431088,51,185.310991
-2.300733,51,185.337058
-2.236003,51,185.361612
-2.395381,51,185.391481
-2.339044,51,185.415904
-2.489302,51,185.449014
-2.357948,51,185.480697
-2.489998,51,185.505753
-2.253821,51,185.53806
-2.806048,51,185.564544
-2.315331,51,185.594062
-2.545696,51,185.618885
-2.452791,51,185.647821
-2.430934,51,185.679509
-2.491958,52,185.707081
-2.256728,51,185.741363
-2.524909,51,185.768018
-2.257006,52,185.803268
-2.33419,51,185.832042
-2.29668,51,185.867215
-2.172876,52,185.899595
-2.263017,52,185.933267
-2.564092,51,185.959276
-2.54916,52,185.991628
-2.406875,52,186.018719
-2.202214,51,186.05132
-2.320392,51,186.077899
-2.438234,51,186.104055
-2.836424,51,186.136845
-2.362006,51,186.170655
-2.49396,52,186.201088
-2.451487,51,186.236861
-2.338243,52,186.268949
-2.420339,52,186.304737
-2.296754,51,186.337155
-2.452809,51,186.371212
-2.601133,52,186.405375
-2.347003,51,187.411771
-2.523003,52,187.446386
-2.515361,51,187.476949
-2.352641,51,187.512901
-2.367163,51,187.538624
-2.660748,51,187.56901
-2.501032,51,187.594726
-2.42547,52,187.626174
-2.436725,51,187.65699
-2.395457,51,187.682411
-2.266896,51,187.713722
-2.059594,51,187.738779
-2.281903,51,187.769734
-2.408939,51,187.801724
-2.512507,51,187.827668
-2.419641,51,187.856102
-2.398477,51,187.888314
-2.283885,51,187.920272
-2.509987,51,187.948224
-2.410253,51,187.980872
-2.484078,51,188.008334
-2.546591,51,188.041409
-2.41918,51,188.07506
-2.526716,51,188.103048
-2.262365,51,188.136218
-2.329722,51,188.166106
-2.539024,51,188.197079
-2.572128,52,188.230853
-2.565664,52,188.258193
-2.507968,51,188.292146
-2.607684,52,188.327249
-2.521636,51,188.36211
-2.61623,51,188.397327
-2.419492,51,188.427886
-2.513308,52,188.466083
-2.720598,51,188.50238
-2.811925,51,188.53484
-2.272084,52,188.570753
-2.269835,51,188.607742
-2.263851,51,188.644911
-2.25196,51,189.643531
-2.522968,51,189.669205
-2.505178,51,189.700879
-2.505663,51,189.725017
-2.437543,51,189.760275
-2.238556,51,189.785723
-2.433023,51,189.811797
-2.426508,51,189.842244
-2.289343,51,189.868041
-2.596775,51,189.897516
-2.323775,51,189.929339
-2.410383,51,189.95406
-2.324932,52,189.985642
-2.311586,51,190.010998
-2.452589,51,190.035615
-2.503102,51,190.067661
-2.484829,51,190.092902
-2.512248,51,190.125008
-2.148436,51,190.152344
-2.545485,51,190.184478
-2.447125,52,190.217161
-2.461322,51,190.243693
-2.48665,51,190.277065
-2.237249,51,190.308316
-2.441413,51,190.337254
-2.167647,52,190.371778
-2.476832,52,190.403968
-2.270476,52,190.433621
-2.260713,51,190.466208
-2.396005,51,190.493308
-2.254794,51,190.528025
-2.426979,51,190.563331
-2.436833,52,190.600395
-2.559815,51,190.635191
-2.54469,51,190.666604
-2.449082,51,190.702222
-2.516037,51,190.734599
-2.691743,51,190.768004
-2.420339,52,190.802491
-2.587031,51,190.833448
-2.54153,51,191.832134
-2.073867,51,191.864703
-2.359851,51,191.889931
-2.253218,51,191.922642
-2.349338,52,191.951339
-2.514713,51,191.979712
-2.306307,51,192.010958
-2.37123,51,192.036518
-2.324697,51,192.06905
-2.448949,52,192.09484
-2.311504,51,192.125404
-2.489813,51,192.150791
-2.599137,52,192.182728
-2.270221,52,192.211804
-2.644572,51,192.241207
-2.3281,51,192.271722
-2.346737,52,192.298691
-2.373018,51,192.329483
-2.263592,51,192.356329
-2.640399,51,192.390514
-2.335654,51,192.418468
-2.272768,51,192.449855
-2.423006,52,192.484574
-2.256166,51,192.510542
-2.40611,51,192.543918
-2.403243,52,192.576933
-2.343782,51,192.604505
-2.220603,51,192.637175
-2.142398,51,192.663666
-2.55376,51,192.69691
-2.571917,51,192.725176
-2.209258,52,192.762632
-2.376622,51,192.798509
-2.26061,51,192.827871
-2.50899,52,192.863542
-2.218163,51,192.899787
-2.340899,52,192.935436
-2.328462,51,192.970372
-2.472107,51,193.003793
-2.407292,51,193.036055
-2.258022,51,194.03721
-2.378065,52,194.062193
-2.287238,51,194.093129
-2.597446,51,194.117645
-2.286501,52,194.149169
-2.524572,52,194.174755
-2.450541,51,194.206185
-2.404179,51,194.232402
-2.261138,51,194.262153
-2.582288,51,194.287868
-2.400413,52,194.320592
-2.795921,51,194.344806
-2.166455,51,194.376142
-2.279582,51,194.405919
-2.149448,52,194.430658
-2.46039,51,194.461518
-2.707024,52,194.490676
-2.347449,51,194.520766
-2.511671,51,194.553134
-2.543563,52,194.586237
-2.326605,51,194.612302
-2.353147,51,194.646028
-2.360236,51,194.677448
-2.425752,51,194.706965
-2.385014,51,194.741059
-2.22438,51,194.773066
-2.283261,51,194.799664
-2.562232,51,194.825455
-2.262014,51,194.852953
-2.512585,52,194.885325
-2.620898,52,194.917524
-2.380649,51,195.000146
-2.192023,52,195.029258
-2.356619,51,195.090748
-2.47108,51,195.207095
-2.005609,51,195.288335
-2.630704,51,195.334897
-2.089458,52,195.378546
-2.491301,52,195.423316
-2.296517,51,195.478732
-2.378707,51,196.719292
-2.655799,51,196.753627
-2.495367,51,196.791352
-2.374036,51,196.827927
-2.427033,52,196.863224
-2.173513,52,196.895328
-2.226661,51,196.928805
-2.748841,52,196.963461
-2.158293,51,196.989065
-2.222305,51,197.026
-2.37029,51,197.063274
-2.464126,52,197.095909
-2.527208,51,197.163115
-2.403838,52,197.206404
-2.131391,51,197.24305
-2.181032,51,197.273074
-2.350407,51,197.305878
-2.385683,51,197.341555
-2.299048,51,197.372031
-2.458089,51,197.413403
-2.312198,51,197.450177
-2.640978,51,197.485273
-2.224691,51,197.52092
-2.042099,52,197.555164
-2.401855,51,197.592666
-2.394265,51,197.623988
-2.353842,51,197.654347
-2.2271,51,197.69601
-2.43378,51,197.748904
-2.324705,51,197.79243
-2.222546,51,197.846207
-2.273455,51,197.881471
-2.273958,52,197.919007
-2.244573,51,197.956394
-2.751254,51,197.994077
-2.295642,51,198.024996
-2.442776,51,198.073944
-2.499137,51,198.107547
-2.502181,51,198.141224
-2.24807,52,198.178744
-2.278482,51,199.178437
-2.48818,51,199.224311
-2.298322,51,199.261541
-2.345582,51,199.293596
-2.220184,52,199.325783
-2.72263,51,199.363507
-2.348242,52,199.397846
-2.146461,51,199.43313
-2.271754,51,199.458755
-2.303566,52,199.490002
-2.591883,51,199.521653
-2.405477,51,199.547184
-2.3048,51,199.579533
-2.169374,51,199.61032
-2.370945,51,199.637497
-2.400646,51,199.673411
-2.168324,51,199.708831
-2.203288,51,199.735236
-2.482594,51,199.765904
-2.64367,51,199.793743
-2.345223,52,199.827222
-2.356408,51,199.854378
-2.217955,51,199.891438
-2.199722,51,199.923514
-2.335502,51,199.951585
-2.129682,51,199.989238
-2.093193,51,200.026719
-2.140216,51,200.057291
-2.417722,51,200.094936
-2.360297,51,200.129534
-2.286322,51,200.162896
-2.723976,51,200.20062
-2.244243,52,200.24037
-2.241013,51,200.277832
-2.199858,51,200.315045
-2.277249,51,200.345735
-2.237691,51,200.381587
-2.330911,51,200.412885
-2.283955,51,200.454079
-2.558658,51,200.492764
-2.214074,52,201.478973
-2.385096,51,201.507654
-2.515203,52,201.535048
-2.276048,52,201.562665
-2.279505,52,201.588667
-2.531934,51,201.61829
-2.202736,51,201.645845
-2.423903,51,201.676962
-2.418144,51,201.702807
-2.472568,51,201.73403
-2.223723,51,201.764668
-2.406539,51,201.790243
-2.320012,51,201.822133
-2.418533,51,201.847847
-2.740249,51,201.881006
-2.527323,51,201.910817
-2.48803,51,201.94296
-2.138573,51,201.969989
-2.273871,52,202.002922
-2.564039,51,202.031313
-2.311239,51,202.061886
-2.378172,51,202.095157
-2.342767,51,202.122204
-2.299912,52,202.163195
-2.539029,51,202.198462
-2.123841,51,202.234376
-2.523211,51,202.264016
-2.161291,51,202.298713
-2.400095,51,202.33439
-2.06821,51,202.363994
-2.193331,51,202.39315
-2.41224,52,202.429874
-2.212941,51,202.457844
-2.387318,51,202.493435
-2.330862,51,202.52242
-2.553857,51,202.557525
-2.065609,51,202.59381
-2.105676,51,202.622844
-2.215221,51,202.659596
-2.154668,51,202.693855
-2.389072,52,203.683199
-2.555573,52,203.715903
-2.366756,51,203.741965
-2.235252,51,203.772923
-2.063287,51,203.804741
-2.206649,51,203.831847
-2.259026,51,203.857579
-2.567715,51,203.889177
-2.26201,51,203.91864
-2.456575,51,203.946318
-2.412366,51,203.978474
-2.258934,51,204.003838
-2.397124,51,204.039556
-2.251425,51,204.067241
-2.48851,51,204.098216
-2.306888,51,204.1259
-2.51018,51,204.156918
-2.016011,51,204.18767
-2.103414,51,204.218034
-2.250961,51,204.251413
-2.057883,51,204.278804
-2.293969,51,204.312545
-2.270216,51,204.33917
-2.170409,52,204.373331
-2.26089,51,204.406546
-2.289582,51,204.433536
-2.089074,52,204.465274
-2.228815,52,204.500604
-2.249875,51,204.529893
-2.501349,52,204.567385
-2.519433,51,204.607139
-2.184431,51,204.668542
-2.315964,51,204.708764
-2.035829,51,204.750758
-2.186036,52,204.777322
-2.413419,51,204.812922
-2.373575,51,204.849975
-2.227047,51,204.885962
-2.276835,51,204.916563
-2.268101,52,204.952619
-2.49467,51,205.929802
-2.067706,51,205.961706
-2.505973,52,205.988662
-2.077892,51,206.018878
-2.112246,51,206.050508
-2.279359,51,206.075946
-2.12457,52,206.107088
-2.136862,51,206.139227
-2.06598,51,206.165599
-2.135166,51,206.197042
-2.307686,51,206.223023
-2.316846,51,206.255306
-2.22711,51,206.286501
-2.518821,51,206.311245
-2.334754,51,206.341946
-2.186175,51,206.367808
-2.456195,52,206.401516
-2.33193,51,206.4279
-2.34389,51,206.462112
-2.119075,51,206.495584
-2.268783,51,206.523024
-2.079797,51,206.555188
-2.390367,52,206.58374
-2.568147,51,206.61665
-2.218584,51,206.648523
-2.2452,51,206.67642
-2.126764,51,206.711941
-2.181455,51,206.746915
-2.320136,51,206.783573
-2.131871,51,206.812922
-2.537816,51,206.848389
-2.235386,51,206.884895
-2.093931,51,206.914675
-2.161236,51,206.95383
-1.990695,51,206.98597
-2.092908,51,207.017718
-2.118116,51,207.054341
-2.191017,51,207.09168
-2.2872,51,207.1282
-2.110079,51,207.15634
-2.558278,51,208.124289
-2.431907,51,208.15503
-2.093722,52,208.187288
-2.321511,52,208.212868
-2.255727,51,208.24405
-1.908799,51,208.26912
-2.220318,52,208.30074
-2.083399,51,208.330112
-2.316151,51,208.35819
-2.069264,52,208.385884
-2.294027,51,208.416391
-2.477721,51,208.443964
-2.382417,51,208.47185
-2.385505,51,208.503015
-2.062909,51,208.52841
-1.93109,51,208.553369
-2.335747,51,208.584824
-2.436933,52,208.610394
-2.619641,51,208.64228
-2.114622,52,208.670935
-2.096723,51,208.707877
-2.158854,51,208.742513
-2.081654,51,208.771357
-2.200023,51,208.798042
-2.057966,52,208.832166
-2.082877,51,208.860922
-2.13454,52,208.891881
-2.322887,51,208.924096
-2.315703,51,208.958689
-2.140037,51,208.989684
-2.266839,51,209.02745
-2.234312,52,209.059608
-2.417772,51,209.094602
-2.010568,51,209.126707
-2.132682,51,209.164417
-2.170591,51,209.199513
-2.179305,51,209.2315
-2.143961,51,209.264117
-2.305433,51,209.301879
-2.311419,51,209.339029
-2.025937,51,210.328617
-2.433261,51,210.358107
-2.143139,51,210.386319
-2.326153,51,210.427086
-2.248442,51,210.457445
-2.231132,51,210.48902
-2.229093,51,210.520845
-2.304394,52,210.546695
-2.226313,51,210.572275
-2.263331,51,210.597878
-2.011795,51,210.636338
-1.979852,51,210.675665
-2.414801,51,210.71527
-2.168928,51,210.747535
-2.512204,51,210.777486
-2.400975,52,210.81272
-1.918251,51,210.839643
-2.178463,51,210.867284
-2.253846,51,210.894827
-1.998831,51,210.924262
-2.042011,51,210.955952
-2.595205,51,210.989512
-2.197472,51,211.018216
-2.420784,52,211.054508
-2.486426,51,211.086164
-2.390349,51,211.121887
-2.07498,51,211.158875
-2.078839,51,211.188666
-2.313609,51,211.222819
-2.008221,51,211.258948
-2.265266,51,211.287999
-1.876685,51,211.33076
-2.209327,51,211.360108
-2.310331,51,211.395505
-2.100864,51,211.429727
-2.184799,51,211.460176
-2.197161,52,211.495573
-2.513702,51,211.529545
-2.332168,51,211.559869
-2.454635,52,211.598425
-2.314384,51,212.558082
-2.166853,51,212.584022
-2.056383,52,212.614439
-2.168013,51,212.638525
-2.054731,51,212.669157
-2.106302,51,212.700691
-2.193118,51,212.724846
-2.060795,52,212.761738
-2.208313,51,212.786462
-2.517602,51,212.817961
-2.216604,52,212.84993
-2.29296,51,212.87646
-2.212496,51,212.919664
-2.175219,51,212.9683
-2.115491,51,213.009097
-2.295174,51,213.062645
-2.336617,51,213.096992
-2.24961,51,213.126776
-2.099846,51,213.162045
-2.100166,51,213.194814
-2.329125,51,213.224453
-2.702995,52,213.261994
-2.171269,51,213.297335
-1.991536,51,213.327097
-2.283533,51,213.365576
-2.038058,51,213.402886
-2.315742,51,213.433452
-2.152871,51,213.468423
-2.078067,51,213.504826
-2.185633,51,213.532091
-2.194787,51,213.564149
-2.07126,52,213.601776
-2.119702,52,213.637142
-2.14655,51,213.667774
-2.265171,51,213.704648
-2.148151,51,213.740518
-1.985761,51,213.776862
-1.955953,52,213.806962
-2.208776,51,213.841397
-2.290381,51,213.872554
-2.418366,52,214.911935
-2.123287,51,214.962689
-2.076924,51,215.000205
-2.35744,51,215.045185
-2.09469,51,215.084441
-1.921239,51,215.123053
-2.004624,51,215.159563
-2.233628,51,215.189297
-2.037857,51,215.225584
-2.10951,51,215.27092
-1.967151,51,215.310116
-2.107253,51,215.355176
-2.064539,51,215.389306
-2.354149,51,215.428903
-2.231343,51,215.468302
-2.152527,51,215.52331
-1.908572,51,215.551418
-2.213482,51,215.588105
-2.083213,51,215.629104
-1.874278,51,215.660922
-2.454011,51,215.688959
-2.094921,51,215.72615
-2.372148,51,215.755978
-1.808595,51,215.79437
-2.057554,51,215.831348
-1.93639,52,215.875031
-1.924324,51,215.905854
-2.256484,51,215.940913
-1.924561,51,215.979455
-2.300792,51,216.013708
-2.028636,51,216.047723
-2.158071,51,216.081359
-1.89336,51,216.110958
-2.262549,51,216.148153
-2.148219,51,216.17974
-1.984006,51,216.215238
-2.303493,51,216.251095
-2.194564,51,216.285621
-2.024722,51,216.315795
-2.327688,51,216.352304
-2.068676,52,217.352957
-1.88217,51,217.385773
-2.109114,51,217.412829
-2.003671,51,217.444392
-2.603716,51,217.469079
-2.104666,51,217.499293
-2.034085,51,217.531344
-2.332679,52,217.564048
-2.032792,51,217.596745
-2.055241,51,217.621442
-2.124852,51,217.653919
-2.09516,51,217.680252
-2.246812,51,217.71043
-2.28385,51,217.737659
-2.165171,51,217.770695
-2.272365,51,217.805036
-2.247139,51,217.832519
-2.152282,51,217.869884
-2.164849,51,217.903951
-1.954739,51,217.933087
-2.295679,51,217.967227
-2.194612,51,217.998045
-2.30746,51,218.033489
-2.169715,51,218.067972
-1.983341,51,218.099131
-2.131862,51,218.139093
-1.948367,51,218.169008
-2.08182,51,218.204841
-2.035673,51,218.234674
-2.067017,51,218.270683
-2.314854,51,218.306384
-2.177926,51,218.344097
-2.017418,51,218.373708
-2.213035,52,218.409779
-2.150265,51,218.445164
-2.209156,51,218.473656
-2.591211,51,218.509661
-2.156222,52,218.545242
-2.093098,51,218.579881
-2.450525,51,218.616705
-2.234973,51,219.576966
-1.939428,51,219.608659
-2.215952,51,219.638574
-2.254549,51,219.665659
-2.233945,51,219.69784
-2.153681,51,219.723105
-1.841571,51,219.753843
-2.109452,51,219.779448
-2.102133,51,219.811668
-2.147298,51,219.835784
-2.134479,52,219.868038
-2.324819,51,219.892962
-2.036897,51,219.924334
-2.115795,51,219.957177
-2.070195,52,219.983767
-2.39866,52,220.022724
-2.429608,51,220.048961
-2.079584,51,220.083114
-1.758479,51,220.116726
-2.126539,51,220.150023
-1.922745,51,220.186527
-2.031239,51,220.219015
-1.823216,51,220.25602
-2.226822,51,220.290553
-2.070171,51,220.320456
-2.214615,51,220.357672
-2.119796,51,220.386032
-2.330769,51,220.417374
-2.215238,51,220.452602
-2.114655,51,220.486406
-2.330216,51,220.522334
-1.945783,51,220.565273
-2.128569,51,220.603304
-1.987132,52,220.645507
-1.949933,51,220.674519
-2.241954,52,220.711357
-2.19766,51,220.74065
-2.043706,51,220.784077
-2.198907,51,220.813693
-1.893969,51,220.842126
-2.034071,51,221.836685
-1.944089,51,221.862892
-1.939043,52,221.895089
-2.205001,51,221.920858
-1.890259,51,221.951416
-2.153405,51,221.982658
-2.060548,51,222.008092
-2.375424,51,222.039318
-2.070926,51,222.07049
-2.017769,51,222.095683
-2.075628,51,222.120489
-2.327128,51,222.151003
-2.073698,51,222.18468
-1.928555,51,222.215809
-2.236398,51,222.242623
-2.1688,51,222.275436
-2.06043,51,222.301523
-2.369738,51,222.33473
-2.288831,51,222.368373
-2.23429,51,222.397646
-1.984921,51,222.426294
-2.274794,51,222.456608
-1.915061,51,222.496915
-2.051133,51,222.526774
-2.135875,51,222.561725
-2.162436,51,222.597709
-2.247345,51,222.626616
-2.033184,51,222.661611
-2.506541,51,222.694944
-2.336738,51,222.730163
-2.360845,51,222.76496
-2.01763,51,222.794751
-2.107032,51,222.830153
-2.173708,51,222.86533
-2.001565,51,222.895891
-2.036195,51,222.932073
-2.120127,51,222.964282
-1.90466,52,222.998135
-2.12866,51,223.033871
-2.446263,52,223.070043
-1.888435,51,224.033671
-1.829747,52,224.071082
-2.065467,51,224.103471
-1.886149,51,224.128733
-2.020211,51,224.163486
-1.802605,51,224.190108
-2.257197,51,224.221217
-1.817237,51,224.246575
-1.81216,51,224.277375
-2.061346,51,224.308815
-2.022389,51,224.333984
-2.072954,51,224.363586
-1.729482,51,224.396077
-2.128121,52,224.430834
-1.931811,52,224.459369
-1.913779,51,224.494069
-2.30874,51,224.521298
-2.120174,51,224.554583
-2.384265,51,224.588661
-2.066721,51,224.62144
-2.011806,51,224.659513
-1.953807,52,224.695042
-2.171139,52,224.725682
-2.360286,51,224.762833
-2.040852,51,224.798684
-2.045725,52,224.82984
-1.895481,52,224.865414
-2.195437,51,224.902768
-1.643829,51,224.931137
-1.936044,51,224.969005
-1.929724,51,225.011167
-1.876864,51,225.041834
-2.284332,51,225.077346
-2.006997,51,225.112404
-2.046087,51,225.143246
-1.923538,52,225.179338
-2.039688,51,225.208142
-2.104153,51,225.244506
-2.033469,52,225.279367
-2.167374,51,225.308388
-1.88657,52,226.299449
-1.961596,51,226.327346
-2.030661,51,226.356049
-1.925506,52,226.387999
-1.93254,51,226.41282
-1.910004,51,226.444475
-1.990587,51,226.468563
-2.210333,51,226.499971
-1.93686,51,226.529486
-1.818866,51,226.555403
-1.950506,51,226.589075
-2.361549,51,226.61553
-2.181168,51,226.653514
-2.209334,51,226.690533
-1.98402,51,226.716453
-2.022515,52,226.750178
-2.006096,52,226.783545
-1.83468,51,226.812116
-1.684848,51,226.847237
-1.944047,51,226.880104
-2.054554,52,226.913651
-1.807401,51,226.950669
-2.200548,51,226.986691
-2.078346,52,227.016233
-2.039162,51,227.049021
-1.887021,52,227.082866
-2.248001,51,227.117102
-2.157014,51,227.153289
-1.778376,51,227.187379
-2.337472,51,227.219497
-1.988038,51,227.255338
-1.699452,51,227.290323
-2.165846,51,227.322505
-1.958286,52,227.357197
-2.10694,51,227.391664
-1.965279,51,227.422091
-2.18314,51,227.4571
-1.923551,51,227.487138
-1.836482,51,227.52018
-1.934531,51,227.554145
-1.952913,51,228.496369
-2.384514,52,228.526521
-1.968766,52,228.55116
-1.843677,51,228.582664
-2.069603,51,228.60861
-1.903077,51,228.63998
-1.946672,51,228.671145
-2.018876,51,228.696789
-1.686298,51,228.721626
-1.608628,51,228.754072
-1.819309,51,228.779508
-1.692592,51,228.812088
-1.848685,51,228.843907
-1.970889,51,228.873269
-1.985856,51,228.920315
-2.392397,51,228.962123
-1.887319,51,229.029032
-2.124228,51,229.08367
-1.91237,51,229.150724
-1.979515,52,229.209885
-1.952628,51,229.261513
-1.956987,51,229.300768
-2.208718,51,229.35162
-2.30338,51,229.385217
-1.843727,51,229.4146
-2.055476,51,229.443421
-1.824046,51,229.478567
-1.826282,51,229.51643
-1.921548,51,229.555731
-1.830644,51,229.605524
-1.947708,51,229.643475
-2.197193,51,229.681215
-1.997884,52,229.719842
-2.101122,51,229.758074
-2.014915,51,229.796622
-2.092319,51,229.84396
-2.059142,51,229.886713
-1.916293,51,229.932022
-1.991534,51,229.971109
-1.963312,51,230.011147
-2.084108,51,231.064925
-1.987977,51,231.10174
-2.041031,51,231.135776
-1.969625,52,231.168397
-2.076105,51,231.194845
-1.864369,51,231.227318
-1.797837,51,231.260632
-1.892154,51,231.296401
-1.894216,51,231.332127
-2.259604,51,231.365026
-2.131716,51,231.39234
-1.912046,51,231.4288
-2.140556,52,231.46532
-2.177938,51,231.499023
-2.094446,51,231.533419
-1.937126,51,231.568042
-1.8544,51,231.60649
-2.043997,51,231.651929
-1.859131,51,231.686638
-1.81287,52,231.731612
-1.843237,51,231.773691
-1.935336,51,231.830173
-1.968328,51,231.868721
-2.103966,51,231.916561
-1.896403,51,231.961901
-1.885776,51,232.001082
-1.958291,51,232.046734
-1.922898,51,232.096989
-2.187335,52,232.147396
-2.032874,51,232.188273
-2.024816,52,232.227133
-1.856032,51,232.268995
-1.844381,51,232.310717
-2.14209,51,232.34738
-1.716795,51,232.385915
-1.760083,52,232.429746
-1.928052,51,232.475141
-2.179317,51,232.513583
-2.014254,51,232.556062
-1.874591,52,232.595777
-2.144258,51,233.691798
-1.847882,51,233.725182
-1.81889,51,233.758697
-1.972642,51,233.791839
-1.736373,51,233.825548
-2.177623,52,233.86405
-1.84589,51,233.897833
-1.83568,51,233.930948
-2.06173,51,233.9646
-1.953312,51,233.99821
-1.75856,51,234.032259
-1.906705,51,234.065829
-1.831954,51,234.106259
-1.699423,51,234.14327
-1.799541,51,234.178593
-1.913011,51,234.213721
-1.827085,51,234.258239
-1.892089,51,234.304012
-1.81712,51,234.345558
-1.972629,52,234.388522
-1.743275,51,234.437712
-1.974628,51,234.497266
-1.936414,52,234.554129
-1.813451,52,234.608312
-1.76633,52,234.66273
-1.865536,52,234.707963
-1.85936,51,234.755213
-2.228882,51,234.797523
-1.949366,51,234.840594
-1.898577,51,234.888394
-1.815347,51,234.934574
-1.875666,51,234.974342
-2.036055,51,235.02474
-1.911822,51,235.074906
-1.734785,51,235.115064
-1.681462,51,235.166987
-2.123013,51,235.207217
-1.633543,51,235.251846
-1.97022,51,235.291937
-1.733338,52,235.331402
-1.837994,51,236.444888
-2.163551,51,236.484536
-1.875473,51,236.520257
-1.8296,52,236.552827
-2.036172,51,236.587001
-1.992097,51,236.621167
-1.652194,51,236.658274
-1.853232,51,236.693162
-1.846021,52,236.726802
-1.920472,51,236.75847
-2.075282,51,236.785051
-1.713223,51,236.817968
-1.82053,51,236.854399
-1.720166,52,236.896208
-1.911148,51,236.935863
-1.64993,51,236.971906
-2.017621,51,237.015245
-1.8629,51,237.052312
-2.001448,52,237.100057
-1.727844,52,237.141288
-1.879498,51,237.187033
-1.894731,51,237.226109
-1.7981,51,237.272034
-2.056631,51,237.311562
-2.216386,51,237.348447
-1.90071,51,237.395112
-2.012599,51,237.432545
-1.729495,51,237.471154
-1.679354,51,237.516605
-1.85998,52,237.559606
-1.920417,52,237.608097
-2.030509,51,237.650287
-1.715659,51,237.698303
-2.136088,51,237.738768
-1.822146,51,237.786013
-1.878532,51,237.821821
-1.930242,51,237.871524
-1.875206,51,237.919299
-2.040976,52,237.955255
-2.158202,52,237.99284
-1.898052,51,239.088034
-1.752859,51,239.125445
-1.850906,51,239.164928
-1.808269,51,239.200295
-1.928657,51,239.234144
-1.867253,51,239.263824
-1.975304,51,239.300916
-1.915244,52,239.329504
-2.05277,51,239.365335
-1.673719,51,239.401455
-1.984338,51,239.442574
-1.917262,51,239.477095
-2.134829,52,239.514112
-1.890854,51,239.552315
-2.036578,52,239.600392
-1.720834,51,239.646
-2.122475,51,239.699553
-2.276067,51,239.750565
-1.794639,51,239.792517
-1.635452,51,239.833304
-1.829562,51,239.873099
-1.892085,51,239.912516
-2.145838,51,239.959377
-1.585033,51,240.007015
-1.6596,51,240.056934
-1.948123,51,240.105051
-2.160555,51,240.151045
-1.883986,51,240.202025
-1.69451,51,240.249716
-1.751215,51,240.292165
-1.751616,51,240.333615
-1.536458,51,240.374055
-1.98965,52,240.423447
-1.737107,51,240.465777
-1.945843,52,240.511254
-1.861255,51,240.558786
-1.829693,51,240.597777
-1.774714,52,240.633957
-1.95894,51,240.670412
-1.920614,51,240.704464
-1.598042,51,241.818721
-1.945452,51,241.859254
-1.960463,52,241.892792
-1.70749,51,241.928095
-1.721219,51,241.966528
-2.01641,51,242.002631
-1.908372,51,242.036136
-1.967926,51,242.069493
-2.020572,51,242.102309
-1.777642,52,242.129799
-1.695428,51,242.170832
-1.700883,52,242.208486
-2.199818,51,242.277333
-1.692162,51,242.339329
-1.641086,51,242.396719
-1.662358,51,242.460418
-2.132559,51,242.508311
-1.745031,51,242.558796
-1.726297,51,242.608464
-1.815257,51,242.653743
-1.87748,52,242.691876
-1.938846,51,242.732308
-1.860027,52,242.775822
-2.063854,52,242.816696
-1.982411,51,242.865582
-1.829238,51,242.905531
-1.926656,51,242.951237
-2.05461,51,242.993025
-1.925204,51,243.034561
-1.984724,51,243.071476
-1.678719,51,243.126982
-1.829882,51,243.165661
-1.818654,51,243.214356
-1.800099,51,243.2639
-1.899191,51,243.301877
-1.844579,51,243.33897
-1.895837,51,243.374145
-1.96813,51,243.408002
-1.750786,52,243.441765
-1.773617,51,243.474495
-1.757454,52,244.573142
-1.924819,52,244.608658
-1.764478,52,244.646469
-1.707169,52,244.681563
-1.945788,51,244.716147
-2.083572,51,244.750897
-2.04259,51,244.792472
-1.668774,52,244.838045
-1.703221,51,244.874654
-2.025551,51,244.903124
-1.807811,52,244.945164
-1.895733,51,244.986168
-2.046835,51,245.033474
-1.674075,51,245.075283
-1.682815,51,245.122587
-1.591867,51,245.163297
-1.698064,52,245.206075
-1.751341,51,245.252007
-2.003922,51,245.294381
-1.749336,52,245.334564
-1.8755,51,245.370222
-1.817512,51,245.405443
-1.70255,51,245.442936
-1.729926,51,245.487659
-1.839701,51,245.527255
-1.805296,51,245.566624
-1.83007,51,245.612383
-1.890033,51,245.656078
-2.009923,51,245.692864
-1.701444,51,245.737365
-1.908839,51,245.789824
-1.939157,51,245.835085
-1.76266,51,245.877956
-1.903412,52,245.913116
-1.873861,51,245.950503
-1.562351,51,245.989307
-1.714889,52,246.024286
-1.734915,51,246.053493
-1.80615,52,246.091057
-1.82373,51,246.128916
-1.651717,51,247.244751
-1.794266,51,247.283149
-1.757238,51,247.323648
-1.949952,51,247.359698
-1.705347,51,247.390321
-1.754418,51,247.432032
-1.797969,51,247.465321
-1.794924,51,247.49583
-1.771052,51,247.529603
-1.628614,52,247.56574
-1.813101,51,247.618741
-1.475012,51,247.665353
-1.764479,51,247.714891
-1.870453,51,247.754985
-1.729506,51,247.789227
-1.895443,51,247.827145
-1.760614,51,247.872732
-1.822662,51,247.904303
-1.7871,51,247.960763
-1.468644,51,248.001033
-2.119342,51,248.044149
-1.68948,52,248.078008
-1.975628,51,248.121806
-1.747593,51,248.171766
-1.803185,51,248.205427
-1.955763,51,248.260828
-1.854255,51,248.318499
-1.981698,51,248.348809
-1.843576,52,248.413391
-1.79112,52,248.470328
-1.904134,51,248.52729
-1.789219,51,248.575735
-1.601338,51,248.613649
-1.523332,52,248.645819
-1.616505,51,248.679037
-1.964608,51,248.714116
-1.712066,51,248.776143
-1.666226,52,248.816536
-1.544162,51,248.860286
-1.887801,51,248.896383
-1.704382,51,250.043383
-1.799711,51,250.073006
-1.641905,51,250.111555
-1.736824,51,250.148166
-1.741642,51,250.18369
-1.594677,52,250.227961
-1.922228,52,250.276613
-1.801906,51,250.315623
-1.689211,51,250.364469
-1.874122,51,250.403195
-1.986873,51,250.442317
-2.055835,51,250.491888
-1.714425,51,250.539812
-1.74164,51,250.583691
-1.751263,51,250.619083
-1.546269,51,250.66316
-1.769075,51,250.709618
-1.851685,51,250.749241
-1.513373,51,250.790438
-1.647267,52,250.822949
-1.632548,51,250.869043
-1.953866,51,250.915662
-1.764872,51,250.954736
-1.893429,51,250.994037
-1.768422,51,251.040093
-1.966306,51,251.079893
-1.854077,51,251.116519
-2.090185,52,251.158332
-1.650455,51,251.198804
-1.829669,51,251.236265
-1.622213,51,251.281309
-1.643627,51,251.32414
-1.738426,51,251.360714
-1.46307,51,251.397333
-2.246626,51,251.436709
-1.765787,51,251.475644
-1.777581,51,251.516517
-1.860044,51,251.557339
-1.593915,52,251.598627
-1.719263,51,251.632646
-1.527675,51,251.674596
-1.727772,51,252.785523
-1.898209,51,252.816454
-1.669411,51,252.862518
-1.788578,51,252.91268
-1.593769,51,252.952288
-1.805752,51,252.988738
-1.70863,51,253.026956
-1.667816,51,253.082836
-1.759034,51,253.124843
-1.725808,51,253.171721
-1.670529,51,253.213673
-1.96733,51,253.277219
-1.662162,51,253.309597
-1.58652,51,253.388403
-1.702395,51,253.446074
-1.764366,51,253.489792
-1.670214,52,253.532842
-1.861561,51,253.577128
-1.645146,51,253.629502
-1.75428,51,253.680235
-1.466062,51,253.730918
-1.770281,51,253.779287
-1.721917,51,253.819065
-1.65568,51,253.857615
-1.811019,51,253.901656
-1.676976,51,253.95296
-1.61161,52,254.002799
-1.482595,52,254.045476
-1.564781,52,254.088146
-2.140144,51,254.129773
-1.735999,52,254.17817
-1.627415,52,254.219175
-1.575113,51,254.259783
-1.627605,51,254.298789
-1.659212,52,254.334296
-1.557203,51,254.364273
-1.549562,51,254.408091
-1.791466,51,254.436823
-1.925394,51,254.472762
-1.716652,51,254.508368
-1.719165,51,255.626738
-2.015641,51,255.66771
-1.895782,51,255.701262
-1.643392,51,255.735516
-1.506059,52,255.769395
-1.647485,51,255.808432
-1.627277,51,255.845699
-1.416505,51,255.883676
-1.840164,51,255.92959
-1.664749,52,255.97108
-1.597507,51,256.014224
-1.848703,51,256.058851
-1.627551,52,256.102911
-1.590979,52,256.146608
-1.47094,52,256.186397
-1.758707,52,256.223314
-1.625131,51,256.269598
-1.514142,52,256.312209
-1.711889,51,256.351775
-1.777042,51,256.390874
-1.702213,51,256.439017
-1.670809,51,256.478738
-1.605974,51,256.517594
-2.006939,51,256.562098
-1.664267,51,256.60077
-1.901577,51,256.647553
-1.982181,51,256.69663
-1.895786,51,256.740036
-1.74364,52,256.790358
-1.604277,51,256.830166
-1.553774,51,256.868656
-1.515195,51,256.920889
-1.480195,52,256.965421
-1.813977,51,257.004029
-1.933427,51,257.046102
-1.494308,51,257.083864
-1.853829,51,257.127575
-1.491952,52,257.165109
-1.760594,51,257.208312
-1.794519,51,257.245531
-1.797345,51,258.364605
-1.513304,51,258.402485
-1.669394,52,258.435996
-1.693879,51,258.469954
-1.713015,52,258.508819
-1.688684,51,258.54938
-1.737873,52,258.592012
-1.868491,52,258.63079
-1.518452,51,258.67929
-1.733682,51,258.719835
-1.787106,51,258.763262
-1.656546,51,258.803691
-1.459193,51,258.841835
-1.578588,52,258.882521
-1.634933,51,258.927869
-1.412709,51,258.968573
-1.632083,51,259.015803
-1.538659,52,259.058686
-1.724458,51,259.104614
-1.726958,51,259.150165
-1.494018,51,259.193497
-1.98122,51,259.24159
-1.85895,51,259.288597
-1.996818,51,259.333896
-1.588865,52,259.374023
-1.488629,51,259.411409
-1.986916,51,259.449323
-1.664638,51,259.490661
-1.606236,51,259.534472
-1.494317,51,259.573803
-1.975986,51,259.609156
-1.870494,51,259.644056
-1.926222,51,259.680815
-1.846396,52,259.722055
-1.802221,51,259.756623
-1.64023,51,259.789826
-1.710728,51,259.828428
-1.573771,51,259.862254
-1.782151,51,259.896231
-1.930131,51,259.931373
-1.500519,51,261.059913
-1.591976,51,261.093921
-1.59784,51,261.128606
-1.733031,51,261.173846
-1.663286,51,261.212456
-1.534923,51,261.249972
-1.662091,51,261.285914
-1.778015,51,261.324825
-1.484303,51,261.363208
-1.794957,51,261.407499
-1.643257,51,261.446116
-1.5878,52,261.484482
-1.788701,52,261.529736
-1.37043,51,261.571939
-1.664144,51,261.618711
-1.595404,51,261.667271
-1.732399,51,261.711439
-1.858914,51,261.7587
-1.691913,51,261.798905
-1.646455,51,261.847555
-1.724267,51,261.891821
-1.642867,51,261.926485
-1.470521,51,261.966885
-1.673833,51,262.003045
-1.546231,51,262.046919
-1.554326,51,262.086219
-1.604309,51,262.123512
-1.44514,51,262.163416
-1.503176,51,262.212277
-1.994238,51,262.259456
-1.714611,51,262.295868
-1.646146,51,262.33303
-1.468372,51,262.363271
-1.476288,51,262.400425
-1.46126,51,262.434368
-1.739256,52,262.46832
-1.526674,52,262.502913
-1.636589,51,262.537109
-1.727372,51,262.57664
-2.015867,51,262.610978
-1.407267,51,263.743095
-1.433153,51,263.779672
-1.668728,51,263.815931
-1.618745,51,263.858383
-1.710502,51,263.895853
-1.389863,51,263.940416
-1.397988,51,263.976293
-1.826452,51,264.011033
-1.687396,51,264.05391
-1.490402,52,264.097713
-1.615836,51,264.138968
-1.724046,51,264.182149
-1.745284,52,264.228559
-1.486911,52,264.273537
-1.630882,51,264.32606
-1.745229,51,264.369003
-1.693871,51,264.41603
-1.779591,51,264.454461
-1.577753,51,264.492391
-1.637857,51,264.52967
-1.576961,51,264.567039
-1.672063,51,264.608981
-1.478762,52,264.648475
-1.705492,51,264.686401
-1.823367,51,264.73043
-1.732095,51,264.77037
-1.56835,51,264.815533
-1.62793,51,264.864309
-1.59761,52,264.905715
-1.509919,51,264.95098
-1.691884,51,264.987089
-1.641824,51,265.022521
-1.507107,51,265.057543
-1.471815,51,265.102187
-1.532186,51,265.138138
-1.952447,51,265.176361
-1.586858,51,265.213206
-1.688923,51,265.247756
-1.520188,51,265.280893
-1.726653,52,265.321648
-1.491648,51,266.438597
-1.523347,51,266.472794
-1.496175,51,266.507672
-1.522524,52,266.543696
-1.365421,51,266.578636
-1.574959,51,266.621426
-1.612385,51,266.658758
-1.653954,51,266.695721
-1.511758,51,266.741445
-1.572402,51,266.783915
-1.583026,51,266.825814
-1.602678,51,266.875222
-1.443605,51,266.917959
-1.757483,51,266.968212
-1.70872,51,267.007119
-1.389681,51,267.044565
-1.586963,51,267.088056
-1.618251,51,267.133756
-1.463755,51,267.170379
-1.546547,51,267.214607
-1.533395,51,267.260906
-1.678702,51,267.303927
-1.65751,51,267.352071
-1.540478,51,267.393425
-1.527191,51,267.431576
-1.64313,51,267.469195
-1.506478,51,267.512251
-1.460379,51,267.548995
-1.541905,51,267.585934
-1.774518,51,267.621642
-1.581107,51,267.661646
-1.650675,51,267.698171
-1.652223,51,267.735147
-1.586639,51,267.771567
-1.648412,51,267.806713
-1.685199,51,267.842381
-1.586054,51,267.880974
-1.934628,51,267.917412
-1.404513,51,267.952035
-1.588993,51,267.985846
-1.506394,51,269.104693
-1.79619,51,269.138249
-1.664352,51,269.175216
-1.48357,51,269.209667
-1.606517,51,269.248129
-1.618584,51,269.294795
-1.529937,51,269.326372
-1.46586,51,269.381965
-1.446293,52,269.42121
-1.66505,51,269.46519
-1.368386,51,269.514597
-1.486436,51,269.556748
-1.809281,51,269.604973
-1.750167,51,269.651621
-1.546529,51,269.694874
-1.441027,51,269.737641
-1.630299,51,269.787622
-1.590946,51,269.828773
-1.562189,51,269.876611
-1.456081,51,269.926402
-1.836386,51,269.970551
-1.594187,51,270.009456
-1.689709,51,270.053464
-1.517443,52,270.092922
-1.655232,51,270.135361
-1.566092,51,270.178356
-1.44568,51,270.223348
-1.88754,51,270.262332
-1.516714,51,270.307702
-1.570329,51,270.338428
-1.554905,52,270.375114
-1.430375,51,270.414502
-1.744899,51,270.453848
-1.519223,51,270.490216
-1.638441,51,270.524575
-1.682594,51,270.557891
-1.635369,51,270.592073
-1.465528,51,270.625644
-1.691646,51,270.659947
-1.579901,52,270.696662
-1.793365,51,271.825277
-1.917371,51,271.863531
-1.602459,52,271.909098
-1.597031,51,271.949129
-1.382071,51,271.988133
-1.486397,51,272.028182
-1.329751,52,272.069794
-1.571068,52,272.108726
-1.523228,51,272.142517
-1.459452,51,272.190583
-1.526668,51,272.230816
-1.809729,51,272.277835
-1.63412,51,272.332466
-1.398455,52,272.371135
-1.433519,51,272.418404
-1.739626,51,272.468085
-1.433394,51,272.508831
-1.635881,52,272.559043
-1.579132,51,272.60516
-1.519762,51,272.646371
-1.60432,51,272.688951
-1.501411,51,272.727931
-1.716644,51,272.773334
-1.358798,51,272.816255
-1.558441,52,272.865799
-1.577268,51,272.905991
-1.264482,51,272.953569
-1.554134,51,272.996499
-1.69165,51,273.032192
-1.54894,51,273.106658
-1.462201,52,273.169052
-1.504266,51,273.208406
-1.441563,51,273.259502
-1.67062,51,273.301666
-1.557511,51,273.334049
-1.390396,51,273.367644
-1.681576,51,273.401534
-1.463722,51,273.436934
-1.520435,51,273.473916
-1.568747,51,273.508216
-1.55875,51,274.632257
-1.786654,51,274.676108
-1.557985,51,274.71231
-1.880822,51,274.748163
-1.524946,51,274.791481
-1.572402,51,274.836777
-1.344392,51,274.876482
-1.421037,51,274.925349
-1.376971,51,274.969687
-1.642869,51,275.010568
-1.715154,51,275.049862
-1.537598,51,275.093186
-1.652118,51,275.140295
-1.626611,51,275.179954
-1.389484,51,275.226364
-1.494754,51,275.271989
-1.446723,51,275.314024
-1.778885,52,275.36339
-1.525568,51,275.402603
-1.758194,51,275.447844
-1.409078,51,275.497167
-1.595077,51,275.543192
-1.470803,51,275.585256
-1.512456,51,275.625781
-1.441324,51,275.674927
-1.464021,51,275.715683
-1.484484,51,275.753923
-1.615168,51,275.791422
-1.569332,51,275.829558
-1.509755,51,275.866051
-1.560365,51,275.900811
-1.400814,51,275.94083
-1.698868,51,275.975183
-1.604636,51,276.009695
-1.467199,51,276.045743
-1.533082,51,276.078856
-1.617619,52,276.11805
-1.549654,51,276.153198
-1.833984,51,276.187399
-1.40801,51,276.220247
-1.286417,51,277.344902
-1.527853,52,277.382057
-1.445873,51,277.419092
-1.535618,51,277.468308
-1.43779,52,277.510465
-1.582537,51,277.558202
-1.526639,52,277.593811
-1.47672,51,277.635123
-1.415398,51,277.675349
-1.805556,51,277.718466
-1.538185,51,277.760357
-1.590134,52,277.799105
-1.565572,51,277.845239
-1.448962,51,277.885171
-1.508673,51,277.938931
-1.598723,51,277.988888
-1.418325,51,278.038957
-1.410112,51,278.080692
-1.264305,51,278.136237
-1.53499,51,278.182705
-1.408726,51,278.226084
-1.606274,52,278.284601
-1.509959,51,278.327012
-1.413431,51,278.375392
-1.599479,51,278.417226
-1.72204,51,278.460892
-1.711181,51,278.49932
-1.404797,51,278.542375
-1.516674,51,278.571894
-1.465727,51,278.607964
-1.680103,51,278.640772
-1.301654,51,278.67269
-1.480908,52,278.699325
-1.336003,51,278.731595
-1.465526,51,278.75747
-1.584118,51,278.789761
-1.54219,51,278.815697
-1.476655,51,278.848916
-1.529967,51,278.875254
-1.528378,51,278.901931
-1.54354,51,279.985766
-1.392511,51,280.022956
-1.638505,51,280.053387
-1.502156,51,280.088462
-1.579463,51,280.126308
-1.323835,51,280.157484
-1.416456,51,280.19427
-1.547857,51,280.223038
-1.386474,51,280.259219
-1.677343,51,280.296692
-1.483177,51,280.327487
-1.424182,51,280.364048
-1.64491,51,280.40183
-1.646107,51,280.43237
-1.529523,52,280.470118
-1.474847,51,280.509386
-1.420675,52,280.540985
-1.355615,51,280.586737
-1.718186,52,280.619967
-1.32935,51,280.658842
-1.497789,51,280.694292
-1.506904,52,280.724366
-1.485393,52,280.761232
-1.457165,51,280.793211
-1.336067,51,280.826315
-1.525189,51,280.862761
-1.414319,51,280.889994
-1.479077,51,280.924511
-1.617274,51,280.958024
-1.409516,51,280.984702
-1.499964,51,281.019999
-1.466799,51,281.047434
-1.506166,51,281.078574
-1.378274,51,281.105742
-1.492748,51,281.137684
-1.518284,51,281.163889
-1.395365,51,281.195972
-1.547265,51,281.222294
-1.506271,51,281.254541
-1.630939,51,281.28062
-1.572627,51,282.314042
-1.57905,51,282.344122
-1.319757,51,282.37887
-1.564312,51,282.419182
-1.615217,52,282.460472
-1.499524,51,282.490747
-1.435559,51,282.525359
-1.422532,52,282.556696
-1.452839,52,282.594153
-1.623178,51,282.629069
-1.446481,51,282.659906
-1.369032,51,282.695015
-1.695628,51,282.730184
-1.582209,51,282.761537
-1.368675,51,282.796563
-1.556734,51,282.832284
-1.314227,52,282.863672
-1.384059,51,282.900826
-1.56035,51,282.933702
-1.509665,51,282.966129
-1.341441,52,283.00514
-1.39803,51,283.041735
-1.533588,51,283.071825
-1.427952,51,283.109515
-1.517026,52,283.144297
-1.388583,51,283.173129
-1.601467,51,283.207108
-1.586672,51,283.235651
-1.43253,51,283.269038
-1.379881,51,283.301
-1.641286,51,283.333188
-1.412289,51,283.365604
-1.395916,52,283.393009
-1.29683,52,283.426248
-1.381852,51,283.459124
-1.395374,51,283.491659
-1.611786,51,283.523909
-1.505224,51,283.554506
-1.385942,51,283.581593
-1.430953,51,283.613685
-1.520366,51,284.601797
-1.576731,51,284.632702
-1.273212,51,284.669193
-1.334148,51,284.704483
-1.332271,51,284.735671
-1.484517,51,284.771269
-1.427269,51,284.806688
-1.472592,51,284.8362
-1.283191,51,284.872854
-1.43759,51,284.903634
-1.378298,51,284.940589
-1.580052,52,284.979816
-1.562502,51,285.013863
-1.423462,51,285.047071
-1.304929,51,285.084567
-1.350621,51,285.121092
-1.469092,51,285.152136
-1.388859,51,285.189544
-1.399886,51,285.225162
-1.462003,51,285.25723
-1.372823,51,285.294565
-1.410772,51,285.329163
-1.406516,51,285.367723
-1.851462,51,285.401313
-1.370793,51,285.429148
-1.508817,51,285.465662
-1.519213,51,285.492655
-1.353183,51,285.525808
-1.302661,51,285.552515
-1.52597,51,285.578843
-1.407431,51,285.6107
-1.562448,51,285.637375
-1.494129,51,285.669822
-1.434557,51,285.702059
-1.551652,51,285.728138
-1.317919,51,285.756588
-1.414236,51,285.788784
-1.503892,51,285.817956
-1.415474,51,285.851968
-1.434424,51,285.88415
-1.327324,51,287.094267
-1.637164,51,287.125186
-1.44815,51,287.172164
-1.298075,51,287.206876
-1.49126,51,287.247515
-1.59335,51,287.277975
-1.453132,51,287.314562
-1.677329,51,287.345292
-1.440933,51,287.380288
-1.432541,51,287.410392
-1.4487,51,287.439356
-1.338635,51,287.473265
-1.40298,52,287.510598
-1.380962,52,287.543177
-1.61077,51,287.579777
-1.446372,51,287.60978
-1.581012,52,287.657132
-1.34511,51,287.695256
-1.479975,51,287.723615
-1.610348,51,287.758163
-1.33367,51,287.784411
-1.50023,51,287.824288
-1.399512,51,287.850901
-1.307286,51,287.885558
-1.527452,51,287.916624
-1.576085,52,287.947231
-1.568078,51,287.978474
-1.348683,51,288.004546
-1.541296,51,288.036843
-1.451687,51,288.063176
-1.526104,51,288.095317
-1.346165,51,288.123575
-1.236566,52,288.153678
-1.342231,51,288.185637
-1.341477,51,288.210512
-1.572403,52,288.237637
-1.540763,51,288.268734
-1.440341,51,288.296133
-1.485345,52,288.325398
-1.5728,51,288.351183
-1.609494,51,289.356087
-1.555245,51,289.386363
-1.386767,51,289.422987
-1.367134,51,289.457416
-1.280695,51,289.49158
-1.316813,52,289.52444
-1.392133,51,289.559053
-1.337052,51,289.592711
-1.519543,51,289.626125
-1.256652,51,289.661158
-1.341379,51,289.719761
-1.362818,52,289.76578
-1.233439,51,289.801005
-1.43325,51,289.843356
-1.461543,51,289.894389
-1.456312,52,289.934515
-1.309904,52,289.965091
-1.353802,52,290.003483
-1.288357,51,290.044642
-1.428375,52,290.08496
-1.423288,51,290.13352
-1.403221,52,290.163787
-1.467876,51,290.235275
-1.377737,52,290.310497
-1.520204,52,290.338424
-1.419541,51,290.384111
-1.491182,51,290.424304
-1.677287,51,290.463901
-1.430326,51,290.50348
-1.383852,51,290.652895
-1.343736,51,290.694091
-1.522604,51,290.726539
-1.554272,52,290.755289
-1.524039,51,290.785499
-1.497546,52,290.816495
-1.575596,51,290.842977
-1.296416,51,290.885912
-1.620424,51,290.921984
-1.349905,51,290.954857
-1.443012,51,290.994721
-1.301836,51,292.023762
-1.398836,51,292.059733
-1.431572,51,292.088638
-1.459066,51,292.125433
-1.336529,51,292.161797
-1.253462,51,292.193193
-1.372708,51,292.228201
-1.473408,51,292.265135
-1.50954,51,292.2975
-1.347082,51,292.331642
-1.483787,51,292.371693
-1.591629,51,292.418672
-1.307923,51,292.458439
-1.36937,51,292.506048
-1.398631,52,292.53943
-1.368768,51,292.572547
-1.449023,51,292.612621
-1.296709,51,292.640777
-1.404054,51,292.674907
-1.338374,51,292.710375
-1.466632,51,292.743407
-1.509445,51,292.772037
-1.32496,52,292.807872
-1.393759,51,292.844009
-1.417551,51,292.878494
-1.376472,51,292.910123
-1.436073,51,292.944647
-1.38441,51,292.973416
-1.462759,51,293.002663
-1.362214,51,293.032931
-1.339114,51,293.064895
-1.383074,51,293.090989
-1.375387,51,293.123351
-1.395551,51,293.149309
-1.443142,52,293.18197
-1.402308,52,293.214443
-1.586211,51,293.240664
-1.301919,51,293.272726
-1.411313,52,293.299267
-1.391289,52,293.33203
-1.326781,51,294.333264
-1.477221,52,294.370576
-1.383759,51,294.40573
-1.57067,52,294.439824
-1.340357,51,294.473062
-1.334135,52,294.509678
-1.473715,51,294.544389
-1.441633,51,294.574611
-1.596666,52,294.611031
-1.420923,51,294.646395
-1.463357,51,294.674813
-1.502447,52,294.711748
-1.459298,51,294.745759
-1.211468,51,294.775751
-1.467313,51,294.809724
-1.314918,51,294.842099
-1.372176,52,294.871748
-1.285451,51,294.90356
-1.491868,51,294.932675
-1.38988,52,294.96654
-1.380708,51,294.994352
-1.468726,51,295.028697
-1.368526,51,295.060864
-1.358912,51,295.089172
-1.425846,52,295.127535
-1.398819,52,295.153041
-1.306851,51,295.185238
-1.363717,51,295.21032
-1.27311,51,295.241794
-1.572621,51,295.267675
-1.336904,51,295.296787
-1.339638,51,295.327903
-1.599647,51,295.353824
-1.63608,51,295.384978
-1.528802,51,295.410457
-1.303353,51,295.441226
-1.358087,51,295.46774
-1.403558,51,295.497963
-1.407836,51,295.523411
-1.29908,51,295.555087
-1.552732,51,296.536782
-1.383206,51,296.5712
-1.472296,51,296.600751
-1.293861,51,296.636724
-1.494855,51,296.670501
-1.492949,51,296.701509
-1.54626,51,296.736225
-1.356803,51,296.765551
-1.48079,51,296.801748
-1.456139,51,296.836483
-1.221997,51,296.864378
-1.526726,51,296.900856
-1.550682,51,296.935413
-1.354821,51,296.962768
-1.369772,52,296.996151
-1.367307,51,297.027134
-1.382859,51,297.056036
-1.439342,51,297.089548
-1.486053,51,297.122384
-1.518961,51,297.160995
-1.422777,51,297.189165
-1.3456,51,297.222563
-1.635515,51,297.24994
-1.272176,51,297.283759
-1.42637,51,297.315527
-1.525588,51,297.340295
-1.41546,51,297.371833
-1.409634,51,297.397103
-1.294619,51,297.426133
-1.27129,51,297.458854
-1.409347,51,297.483677
-1.480415,51,297.515265
-1.54206,51,297.54101
-1.474253,51,297.572709
-1.534009,51,297.601907
-1.308995,51,297.628255
-1.218545,51,297.658715
-1.408863,51,297.683771
-1.412833,51,297.715325
-1.341151,51,297.740622
-1.295226,52,298.727304
-1.244482,51,298.764108
-1.560991,51,298.799499
-1.43145,51,298.831678
-1.395511,51,298.869997
-1.515692,51,298.899472
-1.408411,51,298.935803
-1.290456,51,298.977383
-1.277903,51,299.007476
-1.377308,51,299.043092
-1.218736,51,299.079395
-1.359117,52,299.106894
-1.344178,52,299.140508
-1.455169,51,299.168398
-1.368006,51,299.201447
-1.516419,52,299.235419
-1.423982,51,299.263158
-1.387219,51,299.301941
-1.32737,51,299.330003
-1.390456,52,299.364096
-1.484287,51,299.393633
-1.282636,51,299.426408
-1.492688,52,299.461406
-1.267221,51,299.48947
-1.35649,51,299.522011
-1.564462,51,299.547922
-1.288613,51,299.579017
-1.180159,51,299.611298
-1.400051,51,299.636994
-1.396052,51,299.667378
-1.455011,51,299.700049
-1.352873,51,299.726603
-1.372112,51,299.758726
-1.280941,51,299.784287
-1.383387,52,299.81613
-1.325706,51,299.850872
-1.401515,52,299.877343
-1.301318,52,299.915141
-1.368041,51,299.940022
-1.26078,51,299.971573
-1.393387,51,300.966793
-1.279125,51,300.996951
-1.51591,51,301.031875
-1.409052,51,301.061181
-1.435945,51,301.106911
-1.359341,51,301.140255
-1.306194,52,301.18257
-1.239719,51,301.222189
-1.359088,51,301.257192
-1.650841,51,301.288884
-1.332334,51,301.316049
-1.350423,51,301.349901
-1.348459,51,301.38232
-1.472879,51,301.40988
-1.499,51,301.443606
-1.256557,51,301.4707
-1.309127,51,301.50706
-1.517271,51,301.534764
-1.330653,51,301.568472
-1.363587,51,301.607893
-1.750033,51,301.644968
-1.163337,51,301.672991
-1.194902,51,301.711723
-1.314737,51,301.739746
-1.591873,51,301.772612
-1.264374,51,301.804683
-1.235212,51,301.831447
-1.224806,51,301.85991
-1.471422,51,301.891751
-1.289259,51,301.920553
-1.330425,51,301.948398
-1.404967,51,301.975417
-1.499953,51,302.008133
-1.305538,51,302.037298
-1.456039,51,302.064804
-1.417782,51,302.096064
-1.34551,51,302.128186
-1.268042,51,302.153613
-1.280177,51,302.185321
-1.573364,51,302.210406
-1.272676,51,303.202908
-1.225783,51,303.241654
-1.423947,51,303.272271
-1.320673,51,303.311697
-1.399646,51,303.344783
-1.278163,51,303.381713
-1.432295,51,303.425006
-1.524198,52,303.463878
-1.529113,51,303.500016
-1.322029,52,303.536772
-1.253577,51,303.573624
-1.426313,51,303.607119
-1.456309,51,303.634848
-1.512746,51,303.668306
-1.210733,51,303.701004
-1.287884,51,303.729237
-1.253408,51,303.764005
-1.29811,51,303.793182
-1.421216,51,303.826451
-1.277537,51,303.853855
-1.317686,51,303.887529
-1.201028,52,303.921005
-1.282012,51,303.95117
-1.39791,51,303.988468
-1.418845,51,304.015919
-1.260131,52,304.049402
-1.392261,52,304.081916
-1.364697,51,304.108214
-1.40166,51,304.140303
-1.464417,51,304.167151
-1.3387,51,304.193458
-1.425277,52,304.226008
-1.460171,51,304.252088
-1.379204,51,304.284234
-1.361733,52,304.31688
-1.368764,51,304.342903
-1.188153,51,304.375021
-1.300328,52,304.406613
-1.450039,51,304.433642
-1.233499,51,304.466132
-1.429719,51,305.489412
-1.28712,51,305.525495
-1.358875,51,305.560312
-1.246603,51,305.59356
-1.342196,51,305.632891
-1.348939,51,305.667487
-1.364577,52,305.699037
-1.466537,51,305.734321
-1.318325,51,305.76902
-1.222232,51,305.799114
-1.560157,51,305.833233
-1.286898,51,305.867704
-1.595492,51,305.895149
-1.348027,52,305.929394
-1.318164,51,305.959829
-1.306912,51,305.993728
-1.238601,51,306.021538
-1.44773,51,306.055319
-1.574231,51,306.088375
-1.392622,51,306.116606
-1.309437,51,306.149577
-1.3089,51,306.179282
-1.226718,51,306.210912
-1.438436,51,306.244492
-1.506663,51,306.272494
-1.272442,51,306.304538
-1.212819,51,306.33092
-1.189284,51,306.363241
-1.501903,51,306.394153
-1.347655,51,306.422123
-1.286136,51,306.454857
-1.298281,51,306.481494
-1.435643,51,306.513692
-1.180239,51,306.540186
-1.201332,51,306.572451
-1.515291,51,306.604778
-1.398064,52,306.63226
-1.3248,51,306.664053
-1.28383,51,306.695694
-1.307087,52,306.722645
-1.381875,51,306.754875
-1.232609,51,307.739224
-1.177442,51,307.773512
-1.284729,51,307.804847
-1.38569,51,307.839859
-1.414954,51,307.869306
-1.421515,51,307.905127
-1.337645,51,307.94022
-1.373872,51,307.970807
-1.278124,52,308.011174
-1.543673,51,308.03854
-1.420931,52,308.073127
-1.226102,51,308.106988
-1.263842,51,308.13485
-1.313157,51,308.167796
-1.487407,51,308.195397
-1.283412,52,308.229639
-1.258276,51,308.256634
-1.386822,51,308.30128
-1.361395,51,308.334087
-1.257294,51,308.367421
-1.29533,51,308.401438
-1.244907,51,308.428682
-1.415926,51,308.465509
-1.363848,51,308.493878
-1.351826,51,308.526605
-1.39235,52,308.558446
-1.334419,52,308.590362
-1.23437,51,308.616245
-1.195336,51,308.647578
-1.468544,52,308.674461
-1.335037,51,308.705704
-1.373072,51,308.734765
-1.294687,51,308.76651
-1.293866,51,308.795436
-1.320221,51,308.82139
-1.255027,51,308.85312
-1.237206,51,308.884887
-1.387487,51,308.911579
-1.229699,51,308.943003
-1.248707,51,308.968643
-1.22995,51,309.98168
-1.266979,51,310.013099
-1.312883,51,310.049646
-1.413971,52,310.087417
-1.539156,51,310.121772
-1.321989,51,310.152989
-1.27546,51,310.188546
-1.196961,51,310.221321
-1.357501,51,310.249097
-1.318135,51,310.282656
-1.575001,51,310.310388
-1.508229,51,310.343048
-1.176879,51,310.37022
-1.243948,51,310.403337
-1.261235,51,310.430991
-1.569908,51,310.463844
-1.179896,51,310.490532
-1.388666,51,310.524711
-1.188351,51,310.556925
-1.349372,51,310.584679
-1.421163,51,310.618379
-1.370393,51,310.645815
-1.505478,51,310.679467
-1.47462,52,310.712562
-1.387153,51,310.740489
-1.275722,51,310.772494
-1.174667,51,310.798416
-1.312699,52,310.83005
-1.286921,51,310.855913
-1.328555,51,310.880443
-1.366225,52,310.913146
-1.446259,52,310.938836
-1.430671,52,310.970179
-1.212628,51,310.996085
-1.276775,51,311.028045
-1.324175,51,311.052826
-1.463081,51,311.083625
-1.389216,51,311.115283
-1.52753,51,311.140253
-1.298588,51,311.1717
-1.381137,51,312.166152
-1.309401,51,312.197899
-1.368754,51,312.234119
-1.265919,51,312.270491
-1.18688,51,312.302467
-1.297318,51,312.33995
-1.225687,51,312.374152
-1.356437,51,312.402237
-1.472382,52,312.436496
-1.207616,51,312.469996
-1.481496,51,312.497548
-1.440419,51,312.530536
-1.251851,51,312.562439
-1.241942,51,312.595517
-1.345762,51,312.624664
-1.323191,51,312.655609
-1.254502,51,312.686259
-1.64065,51,312.718063
-1.260824,51,312.745722
-1.261247,51,312.778404
-1.400476,51,312.811728
-1.420916,51,312.838393
-1.335157,51,312.871655
-1.194478,51,312.904835
-1.341373,52,312.935163
-1.117754,51,312.966561
-1.419971,51,312.999085
-1.187212,51,313.03083
-1.231123,51,313.060049
-1.280141,52,313.087209
-1.344091,52,313.119168
-1.451642,51,313.145864
-1.417261,52,313.171028
-1.307226,52,313.201117
-1.351241,51,313.228795
-1.42555,51,313.260501
-1.366881,52,313.287382
-1.312836,51,313.318471
-1.238024,51,313.350359
-1.456401,51,313.381431
-1.228625,51,314.381146
-1.224623,51,314.416067
-1.200282,51,314.449997
-1.375387,51,314.48365
-1.2989,51,314.518354
-1.32146,52,314.549859
-1.318663,51,314.577974
-1.303792,51,314.605877
-1.263413,51,314.637979
-1.365587,51,314.66855
-1.34177,51,314.699101
-1.275893,51,314.731142
-1.351629,51,314.759125
-1.418439,51,314.797844
-1.263943,51,314.827914
-1.302727,52,314.878631
-1.373578,51,314.941031
-1.324471,51,315.016312
-1.284055,51,315.065529
-1.337387,52,315.098368
-1.262117,51,315.125648
-1.351653,51,315.159199
-1.334375,51,315.190862
-1.239007,51,315.219132
-1.243703,51,315.252709
-1.268222,51,315.280329
-1.325673,51,315.311025
-1.248583,51,315.34131
-1.256756,51,315.368612
-1.259974,51,315.399773
-1.353932,51,315.426126
-1.333891,51,315.457403
-1.353316,51,315.482305
-1.435417,51,315.514198
-1.299684,51,315.545299
-1.206544,51,315.5781
-1.303784,51,315.603391
-1.231132,51,315.640724
-1.392532,51,315.666162
-1.411964,51,315.698211
-1.285646,51,316.712498
-1.516595,51,316.749118
-1.292285,51,316.780693
-1.395603,51,316.810527
-1.220075,51,316.84765
-1.375387,51,316.882323
-1.336337,51,316.910594
-1.541078,51,316.946775
-1.384375,51,316.973427
-1.483849,51,317.008746
-1.525479,51,317.041678
-1.400881,51,317.075144
-1.213151,51,317.109389
-1.300689,51,317.143898
-1.395211,51,317.172229
-1.315341,51,317.206309
-1.269552,51,317.241324
-1.205607,51,317.26911
-1.347126,52,317.298442
-1.402195,51,317.326116
-1.211646,51,317.360941
-1.251693,52,317.395383
-1.155354,51,317.423172
-1.282936,51,317.458134
-1.334697,51,317.48977
-1.257229,51,317.524494
-1.247119,51,317.558098
-1.250677,52,317.592279
-1.248202,51,317.619905
-1.316435,52,317.65221
-1.306817,51,317.685714
-1.184489,51,317.718814
-1.309347,51,317.745113
-1.291434,52,317.778843
-1.23553,51,317.813564
-1.182111,52,317.862915
-1.252293,51,317.89427
-1.220921,51,317.924466
-1.285812,51,317.956539
-1.251796,51,317.982741
-1.177952,51,319.020577
-1.239298,51,319.056568
-1.147972,51,319.092457
-1.43403,51,319.125114
-1.278678,51,319.161393
-1.206868,51,319.189711
-1.213196,51,319.22448
-1.069323,51,319.255937
-1.288666,51,319.285828
-1.284386,51,319.319954
-1.362235,51,319.350939
-1.214654,51,319.38248
-1.313699,51,319.41596
-1.333285,51,319.44435
-1.359898,51,319.478531
-1.199348,51,319.511273
-1.40909,51,319.539552
-1.307397,51,319.572315
-1.257382,51,319.605811
-1.239322,51,319.63697
-1.278258,51,319.666305
-1.171112,51,319.699531
-1.265494,51,319.726756
-1.307288,51,319.761127
-1.361744,51,319.788676
-1.374397,51,319.821452
-1.231933,51,319.853771
-1.187312,51,319.884973
-1.245342,52,319.917706
-1.324655,51,319.947671
-1.229478,52,319.981976
-1.400637,51,320.008564
-1.207899,51,320.040663
-1.266818,51,320.0666
-1.52434,51,320.098704
-1.330793,51,320.127526
-1.33251,51,320.156785
-1.468809,51,320.187787
-1.252236,51,320.219379
-1.250971,51,320.24728
-1.313413,51,321.253
-1.403923,52,321.284073
-1.432093,51,321.319195
-1.215363,51,321.354929
-1.414415,51,321.384181
-1.330039,51,321.417622
-1.243332,51,321.448055
-1.228502,51,321.476854
-1.195874,51,321.509911
-1.269451,51,321.536364
-1.213624,51,321.56978
-1.293416,51,321.597368
-1.486448,51,321.629325
-1.147839,51,321.662713
-1.384342,51,321.689728
-1.194753,51,321.722457
-1.199179,51,321.756026
-1.295363,51,321.782644
-1.190441,51,321.816104
-1.236631,51,321.843807
-1.306544,51,321.875291
-1.46556,51,321.903775
-1.357153,51,321.93887
-1.254672,51,321.966493
-1.138938,51,322.000879
-1.169609,51,322.03042
-1.133287,51,322.063307
-1.306164,52,322.091471
-1.229886,51,322.123509
-1.439916,52,322.154529
-1.229773,52,322.179786
-1.275859,51,322.210851
-1.232706,52,322.23767
-1.145123,51,322.268978
-1.406707,51,322.293605
-1.325565,51,322.324357
-1.288076,51,322.349071
-1.364627,51,322.380824
-1.227779,51,322.409346
-1.217464,52,322.438783
-1.340535,51,323.435423
-1.163886,51,323.470535
-1.243237,52,323.502038
-1.169465,51,323.544888
-1.21136,52,323.573119
-1.192103,51,323.606368
-1.210465,51,323.633319
-1.177561,52,323.667136
-1.146831,51,323.700236
-1.173686,52,323.728657
-1.276193,52,323.763602
-1.338668,51,323.790245
-1.325318,51,323.823954
-1.28156,51,323.854805
-1.136052,51,323.884955
-1.282356,52,323.919705
-1.309368,51,323.952212
-1.182421,51,323.981453
-1.24865,52,324.015464
-1.195767,51,324.044975
-1.325882,51,324.076695
-1.304123,51,324.109599
-1.196829,51,324.137617
-1.176795,51,324.168959
-1.250658,51,324.196784
-1.324624,51,324.229717
-1.367537,51,324.256967
-1.322092,51,324.289863
-1.346248,51,324.322416
-1.223052,51,324.348807
-1.31279,52,324.381585
-1.308274,51,324.406728
-1.304762,51,324.433112
-1.125519,51,324.463905
-1.280138,51,324.498939
-1.254787,51,324.527167
-1.386569,51,324.557512
-1.350462,52,324.583323
-1.231719,51,324.614434
-1.263173,51,324.63892
-1.209009,51,325.625244
-1.142793,51,325.659512
-1.259588,51,325.69367
-1.308399,51,325.724133
-1.164786,52,325.756994
-1.256833,51,325.785314
-1.237571,51,325.817908
-1.189064,52,325.845433
-1.278803,51,325.885021
-1.213647,51,325.919823
-1.308831,51,325.953217
-1.258021,51,325.980994
-1.441045,51,326.01483
-1.208962,52,326.042481
-1.304837,51,326.075768
-1.421814,51,326.103142
-1.125309,51,326.13672
-1.404448,51,326.168373
-1.20822,51,326.197829
-1.262616,51,326.230705
-1.252636,51,326.260057
-1.280591,51,326.292135
-1.154936,51,326.325823
-1.243192,51,326.353308
-1.560623,51,326.386216
-1.240843,51,326.419379
-1.162141,51,326.44726
-1.149475,51,326.4807
-1.268409,51,326.511939
-1.496865,51,326.541023
-1.24866,51,326.572705
-1.342484,52,326.598128
-1.241156,52,326.629771
-1.153002,51,326.661817
-1.201023,51,326.691651
-1.17328,51,326.716972
-1.132625,51,326.742774
-1.159525,51,326.778785
-1.291724,52,326.804996
-1.285962,51,326.835739
-1.143735,51,327.814664
-1.156912,51,327.848245
-1.167756,51,327.877188
-1.099626,51,327.904298
-1.167346,51,327.939249
-1.349546,51,327.968007
-1.205105,51,328.002016
-1.093566,51,328.036369
-1.128555,51,328.064573
-1.239061,51,328.099856
-1.133728,51,328.142303
-1.443817,51,328.176337
-1.124151,51,328.2053
-1.310805,51,328.238322
-1.1037,51,328.271983
-1.303975,51,328.299776
-1.176587,51,328.332909
-1.320965,51,328.360425
-1.305085,51,328.394274
-1.246966,51,328.424892
-1.310603,51,328.455447
-1.312,52,328.488202
-1.201519,51,328.516566
-1.296285,52,328.550338
-1.21909,51,328.584741
-1.230147,51,328.612989
-1.180022,51,328.646239
-1.238378,51,328.674089
-1.259047,51,328.706883
-1.344391,51,328.741187
-1.246722,51,328.7687
-1.134099,51,328.802665
-1.230867,52,328.832529
-1.183093,52,328.864685
-1.236944,51,328.895736
-1.196412,51,328.923643
-1.185378,51,328.950323
-1.265444,52,328.982499
-1.31187,51,329.00889
-1.33429,51,329.041033
-1.686067,51,330.054107
-1.229783,51,330.10504
-1.333365,51,330.134115
-1.1675,51,330.169421
-1.277775,51,330.202385
-1.439339,51,330.229041
-1.178455,51,330.258114
-1.167448,52,330.28609
-1.138112,51,330.320519
-1.276987,51,330.351805
-1.473451,51,330.383961
-1.183691,51,330.420015
-1.290585,51,330.46409
-1.330106,51,330.496055
-1.119541,51,330.528446
-1.260631,51,330.577467
-1.251844,52,330.609194
-1.30311,51,330.640402
-1.205935,51,330.671206
-1.29071,52,330.70184
-1.195751,52,330.731675
-1.326054,51,330.758126
-1.243543,51,330.785937
-1.149038,51,330.823655
-1.217184,52,330.855493
-1.144055,51,330.885142
-1.115759,51,330.927579
-1.31035,51,330.967273
-1.265921,51,331.000746
-1.191352,51,331.036855
-1.195924,51,331.070049
-1.301672,51,331.097311
-1.115569,51,331.132763
-1.169499,51,331.160404
-1.146569,51,331.194047
-1.187331,51,331.227713
-1.215561,51,331.255137
-1.162685,51,331.28805
-1.168471,51,331.315021
-1.163609,51,331.346214
-1.457016,51,332.368399
-1.182898,51,332.397021
-1.088334,51,332.431015
-1.162887,51,332.458293
-1.223702,51,332.485664
-1.209519,51,332.519472
-1.168859,51,332.55195
-1.221204,51,332.592639
-1.20604,51,332.619761
-1.235631,51,332.645977
-1.168567,52,332.674827
-1.155663,51,332.702136
-1.262045,51,332.734625
-1.266014,51,332.762977
-1.313628,51,332.794889
-1.106357,51,332.828137
-1.250319,52,332.856484
-1.260865,51,332.890072
-1.460543,52,332.92027
-1.247125,51,332.950829
-1.380253,51,332.984178
-1.20088,51,333.012245
-1.087477,51,333.04622
-1.120066,51,333.080693
-1.151351,51,333.119125
-1.110958,51,333.146106
-1.426429,51,333.179828
-1.351383,51,333.213215
-1.157903,51,333.242066
-1.344265,51,333.268847
-1.136403,51,333.312341
-1.192609,51,333.364248
-1.174922,51,333.422446
-1.238822,51,333.457203
-1.238794,51,333.491503
-1.233802,52,333.520702
-1.208491,51,333.559179
-1.190591,51,333.586104
-1.111607,52,333.61729
-1.233919,51,333.646942
-1.210078,52,334.63808
-1.110089,51,334.671667
-1.186773,51,334.700097
-1.14195,51,334.732803
-1.224392,51,334.76238
-1.026017,51,334.79443
-1.193718,51,334.820591
-1.458762,52,334.853225
-1.265194,51,334.878178
-1.182863,51,334.909359
-1.122317,51,334.939237
-1.361707,51,334.968779
-1.243987,51,335.003572
-1.272503,51,335.036141
-1.292392,51,335.064131
-1.19385,51,335.097042
-1.116377,51,335.130216
-1.166262,51,335.157871
-1.248114,52,335.191295
-1.116973,51,335.218883
-1.181457,51,335.255016
-1.165904,51,335.281074
-1.203191,51,335.314796
-1.279682,51,335.342012
-1.286704,51,335.375703
-1.076985,52,335.409348
-1.360422,51,335.435668
-1.318796,51,335.468972
-1.219033,51,335.501566
-1.168384,51,335.529505
-1.150437,51,335.562374
-1.233477,51,335.588422
-1.24872,51,335.626924
-1.215598,51,335.653581
-1.295476,52,335.687847
-1.175502,51,335.714425
-1.21621,51,335.741208
-1.272784,51,335.774493
-1.201386,51,335.806945
-1.218937,51,335.834432
-1.323811,51,336.827651
-1.123313,51,336.859859
-1.113357,51,336.88811
-1.247945,52,336.92187
-1.19001,51,336.953807
-1.260686,51,336.980782
-1.342532,51,337.011753
-1.32402,51,337.037173
-1.20063,51,337.06244
-1.246636,52,337.088884
-1.297109,51,337.115923
-1.234146,51,337.146267
-1.193561,51,337.177277
-1.263787,51,337.204664
-1.305102,51,337.237708
-1.60496,51,337.268291
-1.340206,51,337.303703
-1.20277,52,337.332289
-1.123928,51,337.365108
-1.169627,51,337.398629
-1.145697,51,337.425745
-1.255595,51,337.458726
-1.110603,51,337.490408
-1.099831,51,337.518174
-1.251757,51,337.552444
-1.190538,51,337.580428
-1.174995,51,337.612259
-1.303831,52,337.647527
-1.361764,51,337.673557
-1.104248,52,337.711183
-1.242134,51,337.745749
-1.091073,51,337.778991
-1.316378,51,337.806029
-1.222113,51,337.839948
-1.340613,51,337.868406
-1.191888,51,337.90243
-1.170462,51,337.928537
-1.246896,51,337.962152
-1.408287,51,337.992249
-1.108091,52,338.02336
-1.169513,51,339.027347
-1.166871,51,339.054745
-1.149087,51,339.087678
-1.272348,51,339.118202
-1.23393,51,339.150282
-1.084789,51,339.182124
-1.299764,51,339.209045
-1.097078,51,339.237746
-1.397385,51,339.269052
-1.221572,51,339.294919
-1.154272,51,339.326647
-1.166644,51,339.351612
-1.192957,51,339.383827
-1.076711,51,339.416656
-1.267724,51,339.449915
-1.255728,51,339.476289
-1.229285,51,339.509509
-1.165371,52,339.536755
-1.225467,51,339.569987
-1.085175,51,339.602473
-1.073093,51,339.630438
-1.201054,51,339.662619
-1.30454,51,339.691746
-1.270412,51,339.725199
-1.213368,51,339.756006
-1.068005,51,339.793401
-1.22577,51,339.821316
-1.207682,51,339.854733
-1.12364,51,339.88176
-1.095472,51,339.916634
-1.174692,51,339.947459
-1.13985,52,339.976682
-1.072791,52,340.011377
-1.326131,51,340.037371
-1.289096,51,340.071649
-1.206017,51,340.098787
-1.199132,51,340.132046
-1.247352,51,340.165978
-1.215013,51,340.194301
-1.21388,51,340.23195
-1.169338,51,341.236499
-1.171948,51,341.269528
-1.267589,51,341.29856
-1.092171,51,341.33198
-1.265013,51,341.357014
-1.194601,51,341.388449
-1.121905,51,341.417195
-1.149312,51,341.445153
-1.193521,51,341.470269
-1.123386,51,341.50189
-1.258921,52,341.527445
-1.141015,51,341.559201
-1.345362,51,341.586949
-1.178758,51,341.614409
-1.154963,51,341.647092
-1.249251,51,341.67383
-1.18991,51,341.70723
-1.102817,51,341.735752
-1.210874,51,341.765885
-1.176655,51,341.799316
-1.337135,51,341.826211
-1.40554,51,341.859044
-1.259616,51,341.88581
-1.13484,51,341.919514
-1.141269,52,341.953336
-1.354036,51,341.983791
-1.211306,51,342.018313
-1.09904,52,342.049655
-1.229379,52,342.082782
-1.109862,51,342.115325
-1.118373,51,342.148878
-1.294323,51,342.175063
-1.340304,51,342.208634
-1.11427,51,342.235016
-1.255598,51,342.263632
-1.168739,51,342.290298
-1.153733,51,342.316983
-1.238479,51,342.350068
-1.212153,52,342.380468
-1.167417,51,342.410397
-1.485916,51,343.404577
-1.238786,51,343.437922
-1.214986,52,343.46622
-1.267458,51,343.50124
-1.17638,51,343.532468
-1.347228,51,343.558188
-1.229843,52,343.591257
-1.234682,51,343.61656
-1.330902,51,343.647667
-1.225442,51,343.673416
-1.095365,51,343.704935
-1.132566,51,343.735668
-1.273282,51,343.762072
-1.048279,51,343.792856
-1.164297,51,343.8179
-1.192121,51,343.848668
-1.197187,51,343.875741
-1.291216,51,343.908669
-1.1839,52,343.935802
-1.247565,52,343.97487
-1.115979,51,344.001519
-1.078265,51,344.034729
-1.047737,51,344.065528
-1.161635,51,344.095307
-1.114554,51,344.128694
-1.187339,51,344.161786
-1.135433,51,344.194986
-1.224557,52,344.222887
-1.260431,51,344.256017
-1.16198,51,344.282696
-1.349165,51,344.315936
-1.126537,51,344.349288
-1.161715,51,344.376144
-1.165028,51,344.409846
-1.123325,51,344.442607
-1.119801,51,344.470728
-1.144084,51,344.50561
-1.203319,52,344.538797
-1.38891,51,344.566706
-1.072822,51,344.603522
-1.360416,51,345.613127
-1.255409,51,345.642582
-1.16843,51,345.675666
-1.077184,51,345.708851
-1.273122,51,345.735618
-1.096716,51,345.767177
-1.245518,51,345.793157
-1.181284,52,345.825357
-1.190737,51,345.856707
-1.154749,51,345.882367
-1.209953,51,345.913969
-1.283945,51,345.939563
-1.231267,51,345.969696
-1.243811,51,345.996799
-1.212184,51,346.028653
-1.150311,51,346.056936
-1.031732,52,346.086826
-1.212612,51,346.119828
-1.115642,51,346.147683
-1.142642,51,346.181211
-1.316523,51,346.210994
-1.142699,51,346.241173
-1.12881,51,346.272103
-1.227528,51,346.300248
-1.201508,51,346.333467
-1.113167,51,346.365998
-1.0707,51,346.393898
-1.372277,51,346.427476
-1.063025,51,346.45364
-1.171385,51,346.492384
-1.200246,51,346.520004
-1.127487,51,346.553134
-1.155141,51,346.585911
-1.204087,51,346.614517
-1.092544,51,346.647629
-1.164409,51,346.681401
-1.107263,51,346.714109
-1.243479,52,346.744769
-1.14209,51,346.77705
-1.14937,51,346.809843
-1.173361,51,346.838252
-1.160041,51,347.838983
-1.167015,52,347.868085
-1.335885,51,347.901672
-1.22416,52,347.930427
-1.099024,51,347.962728
-1.090481,51,347.992832
-1.140245,51,348.019262
-1.263244,51,348.051929
-1.160673,51,348.077388
-1.210835,51,348.109358
-1.061162,51,348.140918
-1.197766,51,348.166862
-1.166633,51,348.199258
-1.079437,51,348.224018
-1.298543,51,348.255385
-1.057299,51,348.281413
-1.113678,51,348.313021
-1.138567,51,348.340222
-1.115571,52,348.373046
-1.145582,51,348.406779
-1.195475,52,348.433408
-1.158142,51,348.467296
-1.208019,51,348.499544
-1.220068,52,348.527022
-1.316457,51,348.565819
-1.144785,51,348.592037
-1.136621,51,348.625694
-1.449772,51,348.654109
-1.248189,51,348.687206
-1.187871,51,348.716601
-1.183978,51,348.747755
-1.197849,51,348.775073
-1.301518,51,348.806739
-1.137755,51,348.835859
-1.167309,51,348.86873
-1.133021,51,348.897197
-1.163427,51,348.929551
-1.253999,51,348.956728
-1.222308,51,348.995575
-1.206197,51,349.022624
-1.22963,51,350.009653
-1.296303,52,350.04007
-1.085534,52,350.074588
-1.294539,51,350.108192
-1.180524,51,350.13482
-1.178305,51,350.166142
-1.076745,51,350.19247
-1.121134,51,350.224219
-1.109873,51,350.249676
-1.178903,51,350.281209
-1.05048,51,350.312472
-1.12607,51,350.338099
-1.161877,51,350.369326
-1.142219,51,350.396162
-1.305245,52,350.427809
-1.105708,51,350.454644
-1.142312,51,350.484355
-1.193172,51,350.515435
-1.172359,52,350.54164
-1.249995,51,350.574104
-1.252325,51,350.607789
-1.090253,52,350.636396
-1.223891,51,350.669069
-1.29929,51,350.701939
-1.275535,51,350.729026
-1.224554,52,350.762809
-1.178847,51,350.795329
-1.091875,52,350.822732
-1.043103,52,350.854122
-1.154278,51,350.886827
-1.147806,52,350.918063
-1.217043,52,350.948483
-1.123495,51,350.981366
-1.157085,51,351.008412
-1.279022,51,351.04251
-1.082342,51,351.075654
-1.174686,52,351.10238
-1.243237,52,351.136352
-1.233756,52,351.169519
-1.162227,52,352.181445
-1.139731,51,352.209051
-1.093784,51,352.24257
-1.166321,51,352.269769
-1.160896,51,352.302757
-1.164685,51,352.327897
-1.200554,51,352.358582
-1.15546,51,352.386627
-1.225499,51,352.416006
-1.123545,51,352.447123
-1.103358,51,352.473014
-1.248159,51,352.504084
-1.14248,51,352.528398
-1.103023,51,352.560035
-1.082176,51,352.584762
-1.088309,51,352.616733
-1.074465,52,352.646921
-1.100926,51,352.672642
-1.274516,51,352.703198
-1.17119,52,352.728178
-1.113623,51,352.760139
-1.259717,51,352.786887
-1.177584,51,352.821014
-1.217586,52,352.853423
-1.103387,51,352.881132
-1.255548,52,352.913828
-1.175119,51,352.941672
-1.173554,51,352.980299
-1.201638,51,353.008655
-1.219836,51,353.041282
-1.176863,51,353.068605
-1.044004,51,353.101015
-1.232888,51,353.129565
-1.181544,51,353.162414
-1.36187,51,353.192421
-1.156882,51,353.221933
-1.073859,51,353.249572
-1.101539,51,353.280534
-1.265061,51,353.31386
-1.15368,51,353.346728
-1.307649,51,353.375268
-1.131492,51,354.386557
-1.205439,51,354.414234
-1.044417,51,354.446744
-1.102333,52,354.47376
-1.062026,51,354.507005
-1.17842,51,354.538586
-1.107238,51,354.563314
-1.218361,51,354.589198
-1.148556,51,354.614162
-1.149227,51,354.645416
-1.236258,51,354.677233
-1.137322,51,354.70401
-1.100633,51,354.735207
-1.18284,51,354.760619
-1.205781,51,354.791974
-1.122572,51,354.817749
-1.243952,51,354.843122
-1.299541,51,354.872712
-1.205546,51,354.901281
-1.139559,51,354.931693
-1.173887,51,354.956934
-1.161101,51,354.989476
-1.158577,51,355.016926
-1.156491,51,355.050224
-1.177493,51,355.07728
-1.106263,51,355.110797
-1.248378,51,355.136696
-1.121151,51,355.169668
-1.123333,52,355.197793
-1.296322,51,355.230617
-1.320734,51,355.259369
-1.138345,51,355.289965
-1.225395,51,355.323875
-1.050447,51,355.351213
-1.134613,51,355.384008
-1.323276,52,355.417937
-1.149918,51,355.443742
-1.182474,51,355.477327
-1.183532,51,355.502985
-1.083461,51,355.536268
-1.031668,51,356.544536
-1.116733,51,356.572326
-1.173116,51,356.605269
-1.205494,51,356.63155
-1.18312,51,356.664966
-1.246238,51,356.693734
-1.080638,52,356.724086
-1.226281,51,356.755484
-1.223092,51,356.780419
-1.119698,51,356.811455
-1.049254,51,356.836611
-1.217638,51,356.868557
-1.073635,51,356.893928
-1.105008,51,356.924881
-1.052034,52,356.951214
-1.175884,51,356.983584
-1.08765,52,357.014748
-1.118303,51,357.040023
-1.092301,51,357.066737
-1.199685,52,357.098974
-1.226636,51,357.126251
-1.08803,51,357.15645
-1.132565,51,357.186989
-1.226453,51,357.214569
-1.225969,51,357.247486
-1.262242,51,357.274508
-1.135564,51,357.301549
-1.198225,51,357.3346
-1.17029,51,357.361425
-1.152439,52,357.395216
-1.156832,51,357.422018
-1.251579,51,357.45525
-1.123573,51,357.486311
-1.218583,51,357.519871
-1.183432,52,357.552802
-1.19952,51,357.58098
-1.212874,51,357.613139
-1.239609,51,357.640088
-1.118269,51,357.673099
-1.147909,51,357.699728
-1.131998,51,358.716875
-1.178612,51,358.749206
-1.112406,51,358.777099
-1.155395,51,358.810171
-1.099522,51,358.841072
-1.092678,52,358.882644
-1.106691,51,358.909596
-1.144932,51,358.94075
-1.218407,52,358.966944
-1.24043,51,358.998237
-1.165438,51,359.022864
-1.215891,52,359.054119
-1.286147,51,359.085736
-1.145509,51,359.11138
-1.190514,51,359.14273
-1.199424,52,359.174488
-1.081763,51,359.199082
-1.206592,52,359.231276
-1.179608,51,359.256428
-1.289366,51,359.287814
-1.105598,51,359.314945
-1.102904,51,359.345326
-1.09005,52,359.372025
-1.14226,51,359.405279
-1.090409,51,359.431607
-1.03646,52,359.465552
-1.054099,51,359.497856
-1.184319,52,359.525979
-1.109294,51,359.558881
-1.140424,52,359.585848
-1.15385,51,359.612825
-1.161598,51,359.645357
-1.096497,51,359.67297
-1.108759,51,359.707419
-1.116645,51,359.734134
-1.33449,51,359.76804
-1.123829,51,359.800762
-1.140266,51,359.827166
-1.122012,51,359.86027
-1.168811,51,359.88773
-1.172075,51,360.906765
-1.046857,52,360.948668
-1.127402,51,360.976059
-1.170158,52,361.008921
-1.012727,52,361.037383
-1.090697,51,361.072325
-1.129893,51,361.098001
-1.179834,51,361.129481
-1.075867,51,361.154921
-1.068461,51,361.186104
-1.138894,51,361.211651
-1.007286,52,361.243694
-1.156885,51,361.268429
-1.187242,51,361.294484
-1.208226,51,361.323605
-1.112431,51,361.355041
-1.131831,51,361.379923
-1.179593,52,361.410221
-1.192258,51,361.43699
-1.271162,51,361.46822
-1.162774,51,361.500228
-1.109031,51,361.528946
-1.102158,51,361.556594
-1.05887,51,361.588193
-1.150702,52,361.614842
-1.193907,51,361.646934
-1.101252,51,361.678888
-1.156304,51,361.715453
-1.098105,51,361.741191
-1.301482,51,361.78003
-1.205884,51,361.80738
-1.148255,52,361.840444
-1.096319,52,361.872902
-1.281159,51,361.901213
-1.193361,51,361.932107
-1.140203,51,361.960966
-1.093636,52,361.99123
-1.355201,51,362.024043
-1.12524,52,362.055212
-1.366734,51,362.085075
-1.00896,51,363.092527
-1.109224,52,363.124307
-1.090322,51,363.157318
-1.04813,51,363.190032
-1.07154,51,363.217462
-1.135693,51,363.25168
-1.064034,51,363.279774
-1.175226,51,363.309961
-1.092784,51,363.341051
-1.359355,51,363.372737
-1.120277,52,363.400664
-1.159653,51,363.428857
-1.237988,52,363.460878
-1.213765,51,363.48574
-1.156219,51,363.517314
-1.091048,52,363.547887
-1.105324,51,363.573332
-1.100851,51,363.604512
-1.078858,51,363.629236
-1.193615,51,363.660737
-1.186437,51,363.685572
-1.09272,51,363.716419
-1.077446,51,363.748696
-1.120123,52,363.775453
-1.303815,51,363.808245
-1.289282,51,363.844944
-1.056912,51,363.882274
-1.100349,51,363.910096
-1.197004,52,363.940027
-1.163859,51,363.970931
-1.144385,51,364.002692
-1.02103,51,364.031011
-1.273878,51,364.063791
-1.124732,51,364.091767
-1.153405,51,364.125579
-1.031525,51,364.158395
-1.297649,51,364.184491
-1.031468,51,364.21767
-1.089654,51,364.245115
-1.19677,51,364.278284
-1.099471,51,365.277966
-1.188511,51,365.30392
-1.298108,52,365.331176
-1.106732,51,365.364776
-1.04325,51,365.398993
-1.09221,52,365.427886
-1.136949,51,365.45632
-1.197901,51,365.489894
-1.081124,51,365.523038
-1.190093,51,365.550721
-1.068761,51,365.583803
-1.380457,51,365.612959
-1.30794,51,365.650089
-1.045862,51,365.674983
-1.262132,51,365.706241
-1.065762,52,365.73661
-1.063727,51,365.762646
-1.227192,51,365.794599
-1.151349,51,365.819228
-1.150634,51,365.854601
-1.07286,51,365.882078
-1.122028,51,365.911239
-1.300423,51,365.943041
-1.068782,51,365.967485
-1.079948,51,365.993148
-1.270407,51,366.023308
-1.327181,51,366.048807
-1.123048,51,366.073081
-1.201589,51,366.105283
-1.150827,52,366.134148
-1.117027,52,366.165618
-1.086013,51,366.198343
-1.15611,51,366.225181
-1.115089,51,366.258213
-0.990361,51,366.284368
-1.199277,51,366.317911
-1.104825,52,366.35011
-1.235525,51,366.378165
-1.076914,51,366.410096
-1.185916,52,366.438321
-1.075474,51,367.443786
-1.123583,51,367.475817
-1.184962,51,367.511579
-1.135033,51,367.540101
-1.153632,51,367.572117
-1.316828,51,367.601804
-1.102858,51,367.634193
-1.072413,51,367.666126
-1.128495,52,367.69493
-1.178316,51,367.734034
-1.160174,52,367.76204
-1.173347,51,367.795288
-1.053746,51,367.821637
-1.226612,51,367.851893
-1.077839,51,367.878166
-1.232404,51,367.907414
-1.265715,52,367.941683
-1.118586,52,367.970317
-1.118208,51,368.002118
-1.107902,51,368.027038
-1.2566,51,368.05863
-1.141817,51,368.083271
-1.189146,51,368.114373
-1.296149,51,368.14102
-1.179754,51,368.166271
-1.268826,51,368.196948
-1.161468,51,368.221783
-1.160454,51,368.247595
-1.228768,51,368.278886
-1.169361,51,368.306441
-1.071694,51,368.340227
-1.107283,51,368.372018
-1.205853,52,368.401597
-1.190182,51,368.434168
-1.109349,51,368.46311
-1.198306,51,368.495739
-1.067059,51,368.52905
-1.283264,51,368.557256
-1.325813,51,368.590124
-1.084373,51,368.617902
-1.200605,52,369.622943
-1.148061,51,369.656806
-1.294644,51,369.683064
-1.14546,51,369.716356
-1.060076,51,369.748187
-1.183471,52,369.77727
-1.169584,51,369.811197
-1.295497,51,369.839236
-1.089658,52,369.871767
-1.067903,51,369.90552
-1.220863,51,369.933624
-1.141758,52,369.966989
-1.059731,51,370.00052
-1.199735,51,370.025933
-1.334256,51,370.058485
-1.169209,51,370.088959
-1.118666,51,370.115064
-1.19096,51,370.146029
-1.217475,52,370.171932
-1.191738,51,370.20362
-1.00406,51,370.228326
-1.155099,51,370.259173
-1.144245,51,370.287641
-1.074483,51,370.317376
-1.198279,51,370.3479
-1.104288,51,370.374339
-1.241373,51,370.405993
-1.189818,51,370.431664
-1.2596,51,370.462833
-1.19048,51,370.487292
-1.074194,52,370.515285
-1.116043,51,370.549221
-1.174038,51,370.581297
-1.138276,51,370.610578
-1.051339,51,370.643963
-1.188767,51,370.672822
-1.023147,51,370.7069
-1.197492,51,370.733661
-1.143749,51,370.768355
-1.300989,51,370.801458
-1.0219,51,371.824634
-1.29772,51,371.852475
-1.130401,51,371.88713
-1.218491,51,371.919072
-1.272877,52,371.948584
-1.052304,51,371.983357
-1.074781,51,372.010099
-1.249073,51,372.044118
-1.004393,51,372.075065
-1.261648,51,372.106807
-1.052598,51,372.14073
-1.249667,51,372.168432
-1.116201,51,372.202077
-1.042068,51,372.232919
-1.114752,51,372.260427
-1.129182,51,372.291637
-1.033074,51,372.323228
-1.184417,51,372.348105
-1.010778,51,372.380425
-1.072744,51,372.408284
-1.141139,51,372.438325
-1.087841,51,372.470315
-1.02642,52,372.497196
-1.188395,51,372.533786
-1.249266,51,372.55947
-1.042717,51,372.591381
-1.126244,51,372.616879
-1.232471,51,372.64894
-1.07623,51,372.673675
-1.079985,52,372.706321
-1.13842,51,372.737575
-1.070213,51,372.771116
-1.133422,51,372.803267
-1.166108,52,372.833122
-1.019086,51,372.865773
-1.082699,52,372.893635
-1.234226,51,372.927646
-1.059107,51,372.954502
-1.13439,51,372.982513
-1.138715,52,373.015562
-1.203468,51,374.043138
-1.031484,51,374.077697
-1.067074,51,374.107488
-1.051251,52,374.141163
-1.139996,51,374.175244
-1.111067,51,374.209726
-1.174754,51,374.237555
-1.13376,51,374.277312
-1.225419,52,374.305799
-1.144287,52,374.33549
-1.161902,51,374.369937
-1.107735,51,374.397348
-1.16626,51,374.431131
-1.111705,51,374.462492
-1.013757,51,374.489711
-1.095837,51,374.527114
-1.112164,51,374.554054
-1.154079,51,374.586163
-1.020349,51,374.61207
-1.16085,51,374.644455
-1.124614,51,374.670334
-1.299859,52,374.702946
-1.12147,52,374.735467
-1.175447,51,374.761658
-1.139618,51,374.794029
-1.151834,51,374.820418
-1.092973,51,374.853163
-1.177345,51,374.879441
-1.198618,51,374.911683
-1.073178,51,374.941081
-1.185891,51,374.969535
-1.122585,51,375.002839
-1.128978,51,375.030307
-1.15284,51,375.063999
-1.083121,51,375.090971
-1.067667,52,375.125006
-1.079196,51,375.16123
-1.11702,51,375.193527
-1.253771,51,375.23273
-1.110968,51,375.262166
-1.057024,51,376.299067
-1.284984,51,376.332258
-1.004046,51,376.360216
-1.129302,51,376.393366
-1.342219,51,376.423049
-1.101351,51,376.45467
-1.235782,51,376.48243
-1.318709,51,376.51539
-1.128681,51,376.548685
-1.175819,51,376.57602
-1.020693,52,376.610286
-1.20101,51,376.640415
-0.97019,51,376.670808
-1.166058,51,376.703387
-1.106434,51,376.731226
-1.06006,51,376.763262
-1.196114,51,376.789394
-1.179909,51,376.821664
-1.211037,51,376.850097
-1.114027,51,376.890733
-1.178125,51,376.916939
-1.031315,51,376.948868
-1.158823,51,376.974979
-1.141623,51,377.007366
-1.016935,51,377.03371
-1.113569,51,377.06553
-1.046239,51,377.091686
-1.202386,51,377.129149
-1.062752,52,377.156531
-1.241594,51,377.188631
-1.109265,51,377.214942
-1.140568,52,377.248698
-1.055564,51,377.277245
-1.091737,52,377.309986
-1.09795,51,377.344132
-1.158775,51,377.370445
-0.974599,51,377.403637
-1.093666,51,377.435375
-1.101409,51,377.464766
-1.137141,51,377.49865
-1.107934,51,378.527689
-1.189408,51,378.556035
-1.138964,51,378.591609
-1.336274,51,378.618934
-1.106561,51,378.652607
-1.245535,51,378.6818
-1.035354,51,378.714769
-1.293586,51,378.747248
-1.029401,51,378.775396
-1.080793,51,378.809192
-1.124317,51,378.835823
-1.129219,51,378.870325
-1.071843,51,378.902709
-1.184827,51,378.930482
-1.330614,52,378.962504
-1.170481,51,378.989005
-0.941584,51,379.024384
-1.213717,51,379.05048
-1.164122,51,379.08119
-1.045345,51,379.106787
-1.036418,51,379.137248
-1.047237,51,379.162571
-1.159465,51,379.194616
-1.115392,52,379.2196
-1.036192,51,379.250688
-1.331021,51,379.275303
-1.037858,51,379.306697
-1.069269,52,379.331751
-1.074177,51,379.363331
-1.107968,51,379.388763
-1.185946,51,379.424589
-1.125051,51,379.451593
-1.005826,52,379.484609
-1.180159,52,379.518475
-1.097639,51,379.544946
-1.13696,51,379.578301
-1.170612,51,379.608753
-1.230803,51,379.63756
-1.160146,51,379.6707
-1.102835,52,379.697424
-1.080392,52,380.704052
-1.055539,51,380.736701
-1.076426,51,380.762938
-0.987681,51,380.796636
-1.177761,51,380.828949
-1.081641,51,380.857066
-1.141137,51,380.896306
-1.315223,52,380.923534
-0.98011,51,380.956551
-1.137765,51,380.990295
-1.096863,51,381.01709
-1.088,51,381.050779
-1.157248,51,381.079796
-1.052723,51,381.106568
-1.026545,51,381.138163
-1.213756,51,381.164308
-1.104134,51,381.190679
-1.020475,51,381.221622
-1.030217,52,381.253339
-1.054773,51,381.279709
-1.024187,51,381.30855
-1.198456,51,381.340237
-1.106404,51,381.37045
-1.00606,51,381.401941
-1.117623,51,381.427561
-0.966614,51,381.458313
-0.998652,51,381.484763
-1.109692,52,381.51776
-1.100094,51,381.54263
-1.087574,51,381.57349
-1.215549,51,381.598899
-1.127322,51,381.631044
-1.010911,51,381.664523
-1.085984,51,381.69101
-1.02589,52,381.724402
-1.03989,51,381.753746
-1.019919,51,381.783036
-0.995691,51,381.81584
-1.109629,51,381.84204
-1.043741,51,381.875115
-1.049172,52,382.863678
-1.073834,51,382.896967
-1.175916,52,382.923952
-1.03307,51,382.955957
-1.257062,51,382.982225
-1.172383,51,383.015065
-1.120824,51,383.045548
-1.015423,51,383.078903
-1.066194,51,383.132934
-1.213694,51,383.16912
-1.07374,51,383.203099
-1.065984,52,383.231141
-1.318023,51,383.266283
-1.142516,51,383.292405
-1.150744,51,383.325088
-1.158624,51,383.357047
-1.102864,51,383.382707
-1.10886,51,383.413399
-1.157462,52,383.438746
-1.116082,51,383.46985
-1.194126,51,383.495569
-1.24208,51,383.526391
-1.300462,51,383.555058
-1.04851,51,383.583424
-1.110243,52,383.61403
-1.047498,51,383.638973
-0.993579,51,383.66974
-1.114116,51,383.694345
-1.203928,51,383.725974
-1.149833,52,383.754166
-1.055343,51,383.782591
-1.036391,51,383.80968
-1.206053,51,383.837121
-1.240935,51,383.867808
-1.052137,51,383.901446
-1.025811,51,383.927758
-1.156872,52,383.960869
-1.084443,51,383.988964
-1.177892,51,384.021684
-1.00649,51,384.04998
-1.127952,52,385.058952
-1.030925,51,385.091596
-1.108215,51,385.118907
-1.076071,51,385.151985
-1.088843,51,385.1779
-1.059099,51,385.21342
-1.03945,51,385.24577
-1.104254,51,385.278874
-1.044088,51,385.306725
-1.146756,51,385.338804
-1.017815,51,385.366353
-1.225862,51,385.399829
-1.087796,51,385.432705
-1.052079,51,385.46069
-1.0454,51,385.493947
-1.233348,51,385.521491
-1.209725,51,385.555124
-1.052916,52,385.585847
-1.053396,51,385.615034
-1.081705,51,385.646264
-1.00204,51,385.673079
-1.116976,51,385.698014
-1.029372,52,385.729924
-1.055517,51,385.761172
-1.183363,51,385.786354
-1.219443,51,385.815165
-1.263383,52,385.843783
-1.119536,51,385.873862
-1.085723,51,385.899407
-1.146417,51,385.930519
-1.177555,52,385.955947
-1.174647,51,385.988234
-1.154221,51,386.015129
-1.102145,51,386.048182
-1.081544,51,386.075235
-1.026965,51,386.108231
-1.032007,51,386.135541
-1.079369,51,386.167892
-1.143416,51,386.203215
-1.068717,51,386.23091
-1.029028,51,387.227826
-1.046885,51,387.257709
-1.065442,51,387.290336
-1.187574,52,387.317695
-1.106005,51,387.352016
-1.152324,52,387.378775
-1.080835,52,387.412714
-1.154366,51,387.44613
-1.064897,51,387.473713
-1.124498,51,387.506913
-1.068021,52,387.534292
-1.138827,51,387.567565
-1.189962,51,387.598558
-1.31638,51,387.627976
-1.047025,51,387.661905
-1.076894,51,387.688476
-1.246924,51,387.722324
-1.039256,51,387.755976
-1.226251,51,387.784167
-1.046069,51,387.815818
-1.09566,51,387.841602
-1.093227,51,387.87387
-1.136964,51,387.905271
-1.119859,51,387.931223
-1.079071,52,387.964221
-1.213204,52,387.993931
-1.132712,51,388.025091
-1.120423,52,388.051148
-1.03289,51,388.082799
-1.278813,52,388.108062
-1.156762,51,388.138984
-1.031534,51,388.169021
-0.988585,51,388.202259
-1.275638,51,388.230424
-0.997423,52,388.263231
-1.020023,51,388.295772
-1.056927,51,388.323146
-1.065455,51,388.355303
-1.165169,51,388.382897
-1.058251,51,388.415696
-1.045597,51,389.415296
-1.136544,51,389.443607
-1.075783,51,389.477382
-1.03549,51,389.510678
-1.111719,52,389.539289
-1.020319,51,389.56684
-1.014555,51,389.595148
-1.09737,51,389.628175
-1.225237,51,389.656019
-1.129903,51,389.689371
-0.954568,52,389.717973
-1.060065,51,389.751023
-1.033221,52,389.782162
-1.291432,51,389.813174
-1.210824,51,389.846122
-1.007751,51,389.873602
-1.10995,52,389.907449
-1.078571,51,389.941653
-1.09186,51,389.969526
-1.349139,51,390.003568
-1.019536,51,390.029819
-1.110348,51,390.060865
-1.148575,51,390.093258
-1.074953,51,390.119516
-1.034515,51,390.150456
-1.085453,51,390.17663
-1.140037,51,390.208522
-1.097315,51,390.242737
-1.046163,51,390.269646
-1.27781,52,390.296088
-1.022501,51,390.327149
-1.112703,51,390.353114
-1.154085,51,390.384439
-1.124984,52,390.41085
-1.020766,51,390.442149
-1.132501,51,390.470112
-1.169107,51,390.497866
-1.13132,52,390.527992
-1.218352,51,390.557999
-0.972777,51,390.591141
-1.047154,51,391.609534
-1.038798,51,391.641695
-1.055556,52,391.682333
-1.09762,52,391.714194
-1.05118,51,391.747487
-1.092218,51,391.775703
-1.080835,51,391.808996
-1.129397,51,391.836448
-1.161209,51,391.870168
-1.155934,51,391.90413
-1.081659,51,391.932488
-1.18196,51,391.959968
-1.179677,51,391.993052
-1.020681,51,392.020972
-1.107904,51,392.053895
-1.070966,51,392.081984
-1.094844,51,392.109098
-1.017098,51,392.141915
-1.113799,52,392.170728
-0.994427,51,392.203952
-1.047931,52,392.231624
-1.179449,51,392.264318
-1.151728,52,392.29603
-1.008115,52,392.323831
-1.054802,51,392.356923
-1.063326,51,392.38381
-1.180203,51,392.41689
-1.069486,51,392.443196
-1.164823,51,392.476525
-1.024961,51,392.502832
-1.010196,51,392.535437
-1.401259,51,392.567717
-1.053649,51,392.603968
-0.977952,51,392.636912
-1.046181,51,392.66289
-1.153927,51,392.70068
-1.125317,51,392.727827
-1.047507,51,392.761172
-1.026617,52,392.790821
-1.037787,51,392.823598
-1.044375,51,393.856398
-1.042872,52,393.889593
-1.022689,51,393.923194
-1.071896,52,393.951705
-1.105858,52,393.985948
-1.109594,51,394.01974
-1.106448,51,394.053177
-0.991525,51,394.085344
-1.219852,51,394.115446
-1.164919,51,394.148832
-1.213099,51,394.176721
-1.043649,51,394.209289
-1.192205,51,394.236232
-1.055331,51,394.270105
-1.082531,51,394.302866
-1.090524,51,394.330683
-1.132542,52,394.365024
-1.056622,52,394.397012
-0.987927,51,394.425863
-1.176338,51,394.454871
-1.058106,51,394.485855
-1.023342,51,394.514397
-1.003516,51,394.548412
-1.052356,51,394.581233
-1.098834,51,394.607946
-1.088825,52,394.639979
-1.003015,51,394.665947
-1.124387,51,394.697256
-1.154055,51,394.723935
-1.05247,51,394.756194
-1.010215,51,394.787405
-1.141134,51,394.821234
-1.046892,52,394.851254
-1.065741,51,394.879088
-1.167369,52,394.910692
-1.126314,51,394.936531
-0.973208,51,394.969912
-1.077661,51,395.002079
-1.091391,51,395.029832
-1.107779,51,395.063199
-1.121606,52,396.068601
-1.200848,51,396.097154
-1.083828,51,396.125918
-0.956532,51,396.159754
-0.946569,51,396.189861
-1.067606,51,396.219789
-1.069492,51,396.247792
-1.106316,51,396.279196
-1.152072,51,396.312399
-1.23522,51,396.339729
-1.108527,51,396.37328
-1.077677,51,396.406034
-1.13579,51,396.432596
-1.225285,51,396.466144
-0.956757,51,396.493768
-0.985194,52,396.531852
-1.004747,51,396.560872
-1.009847,51,396.593656
-1.039016,51,396.621554
-1.174465,51,396.655209
-1.000424,51,396.687052
-1.049152,51,396.714178
-0.945093,52,396.747138
-1.05722,51,396.780575
-1.183463,52,396.805823
-1.05757,51,396.836688
-1.13673,51,396.861334
-1.229575,51,396.892676
-1.182347,51,396.918747
-1.143602,51,396.943687
-1.196136,51,396.97405
-1.307098,51,397.002857
-1.148679,52,397.032149
-1.188769,51,397.062948
-1.074606,51,397.088282
-1.208711,51,397.12035
-1.241386,52,397.150829
-1.099455,51,397.181678
-1.03538,51,397.209711
-1.192202,51,397.242216
-1.056994,51,398.268266
-1.125268,51,398.302009
-1.06912,51,398.333161
-1.083474,51,398.363228
-1.241473,51,398.397489
-1.009367,51,398.428205
-1.087139,51,398.460655
-1.139647,51,398.488783
-1.045562,51,398.521199
-1.065853,51,398.554667
-1.027249,52,398.588189
-1.045487,51,398.62133
-1.045758,51,398.653271
-1.156272,51,398.681512
-0.93022,51,398.707262
-1.032957,51,398.733766
-1.068873,51,398.766391
-1.074523,51,398.793865
-1.172978,51,398.826516
-1.000577,51,398.855152
-1.039358,51,398.886849
-1.000051,52,398.920139
-1.152834,51,398.947504
-1.138786,51,398.980549
-1.227843,51,399.007936
-1.097986,51,399.033784
-1.091705,51,399.065161
-1.100499,51,399.089588
-1.076775,51,399.121075
-1.031916,51,399.152487
-1.029087,51,399.177175
-1.185167,51,399.20853
-1.090292,51,399.23449
-1.059356,52,399.269199
-1.051307,51,399.29429
-1.009398,51,399.326553
-0.94478,51,399.357098
-1.081243,51,399.384388
-1.076499,52,399.416336
-1.119113,51,399.443826
-1.061716,52,400.454026
-1.120109,51,400.489304
-1.038038,51,400.519145
-1.06212,51,400.55235
-1.072733,51,400.583667
-1.102142,51,400.612519
-1.108171,51,400.645482
-1.103039,51,400.679599
-1.071962,51,400.713231
-1.149367,51,400.745276
-1.045652,52,400.773776
-1.020069,51,400.807317
-1.134393,51,400.834831
-1.149207,52,400.87256
-1.136605,51,400.899412
-1.102682,51,400.932248
-1.094673,51,400.958844
-1.115901,51,400.992483
-1.306548,51,401.024664
-1.053559,52,401.052415
-1.070559,52,401.085318
-1.115778,51,401.118213
-1.080359,52,401.145911
-0.961499,51,401.172871
-1.096439,51,401.199475
-1.057287,51,401.235529
-1.083623,51,401.264064
-1.058929,51,401.293829
-1.024362,51,401.324213
-1.150736,51,401.34831
-1.119552,51,401.376787
-1.233219,51,401.408836
-1.05504,51,401.435366
-1.02633,51,401.466773
-1.086264,51,401.501331
-1.068557,52,401.528889
-1.132508,51,401.55901
-1.000753,51,401.58337
-1.026818,51,401.613795
-0.965856,51,401.642467
-1.21983,51,402.583384
-1.034211,51,402.607557
-0.976281,51,402.632631
-1.217054,52,402.658418
-1.055152,51,402.68439
-1.061979,51,402.709004
-1.116619,51,402.733372
-1.031501,51,402.757887
-1.019489,51,402.782428
-0.978795,51,402.80717
-1.068119,51,402.836108
-1.038171,51,402.864495
-1.054985,51,402.892432
-1.071207,51,402.918236
-1.162951,51,402.944518
-1.131307,51,402.968852
-1.103308,51,402.993004
-1.005501,51,403.01745
-1.091764,52,403.041731
-1.140242,51,403.066312
-1.007288,51,403.091561
-1.150954,51,403.130817
-1.074688,51,403.178132
-0.995796,51,403.213861
-0.927782,51,403.249535
-1.080545,52,403.283725
-1.053689,51,403.320193
-1.038583,51,403.35288
-1.04244,52,403.388082
-1.10251,51,403.412179
-1.135585,52,403.443566
-1.087446,51,403.473725
-1.136014,51,403.498241
-1.000797,51,403.529926
-0.974837,51,403.554699
-1.06076,51,403.584246
-1.079777,52,403.619227
-1.006119,52,403.646062
-1.081987,51,403.677885
-1.013137,51,403.710256
-1.157583,51,404.788395
-1.154544,51,404.824132
-1.124261,52,404.852582
-1.083826,51,404.886586
-1.090038,51,404.912545
-1.001827,51,404.944925
-1.08268,51,404.970225
-1.055759,51,404.995623
-0.993634,51,405.022493
-1.040637,51,405.049325
-1.028255,52,405.077038
-1.042308,51,405.102825
-1.072532,51,405.127003
-1.141027,51,405.153741
-1.248435,51,405.180665
-1.044912,52,405.205714
-1.0034,52,405.231611
-1.073562,51,405.256844
-1.046929,51,405.281587
-1.167991,52,405.310112
-1.098425,51,405.335974
-1.107336,51,405.360583
-1.051287,51,405.384974
-1.117519,51,405.409876
-0.994073,51,405.435351
-1.019167,51,405.461973
-1.031386,51,405.490836
-1.00399,51,405.517379
-1.045536,52,405.542434
-1.114973,51,405.572275
-1.226939,52,405.598381
-0.958729,51,405.628494
-1.057585,51,405.657271
-1.046155,51,405.682829
-1.107951,51,405.712996
-0.960822,51,405.743359
-1.184528,51,405.774961
-1.133918,51,405.808302
-1.167399,52,405.838679
-0.997428,51,405.869767
-1.178756,52,407.082509
-1.030648,51,407.115842
-1.053924,51,407.145526
-1.054615,51,407.176048
-0.944516,51,407.211249
-1.078307,51,407.250688
-1.012211,51,407.276686
-0.972422,51,407.312135
-1.029547,52,407.349875
-1.074687,51,407.378364
-1.010402,51,407.404546
-1.095517,51,407.437897
-1.166551,51,407.473058
-1.005124,51,407.500977
-1.076018,52,407.539119
-1.160031,51,407.571772
-0.989481,52,407.605232
-1.143976,52,407.63238
-1.000596,51,407.6637
-1.104045,51,407.706278
-0.984026,52,407.733246
-1.09226,51,407.766045
-0.962091,51,407.791103
-1.163853,51,407.822477
-1.165592,51,407.854176
-0.948017,51,407.880174
-1.089865,51,407.91186
-1.041917,52,407.938673
-1.060464,51,407.963572
-1.066198,51,407.997642
-0.998107,51,408.033129
-1.11595,51,408.065878
-1.01629,51,408.092403
-1.093052,51,408.136392
-1.031882,51,408.164906
-1.292731,51,408.196425
-1.047644,51,408.237148
-1.039756,51,408.26733
-1.169661,51,408.29582
-1.145191,51,408.323615
-1.231105,51,409.305283
-1.067673,51,409.340017
-1.046282,51,409.368544
-1.096017,51,409.407705
-1.085531,51,409.435538
-1.171316,51,409.471384
-1.117344,52,409.511168
-1.216981,51,409.541427
-0.97146,51,409.58065
-1.038097,51,409.609259
-1.21574,51,409.648259
-1.091291,52,409.684275
-1.085413,52,409.727289
-0.96368,52,409.769011
-1.145153,51,409.809244
-1.078818,51,409.837046
-1.09634,51,409.872542
-1.017893,51,409.913492
-1.074869,51,409.943464
-1.160175,51,409.985883
-1.079825,51,410.016235
-0.947746,51,410.054003
-0.990428,52,410.081559
-1.173715,51,410.120445
-1.06564,52,410.147449
-1.018055,51,410.179766
-0.978831,51,410.210487
-1.085222,51,410.24382
-1.068999,51,410.271577
-0.902902,51,410.29772
-1.084527,51,410.32363
-0.924946,51,410.355748
-1.127807,51,410.389022
-1.067069,51,410.415804
-0.944006,51,410.450465
-1.048291,51,410.480984
-1.059104,51,410.516012
-1.116953,51,410.544166
-1.028714,51,410.571221
-1.074562,51,410.606277
-1.041416,51,411.615539
-1.0292,51,411.648517
-0.951138,51,411.676156
-0.947977,51,411.708355
-1.147339,51,411.735861
-1.091921,51,411.771429
-1.039787,52,411.802623
-1.076396,51,411.83391
-1.153839,52,411.87088
-1.039063,52,411.902216
-1.127532,51,411.941118
-0.896857,51,411.969261
-1.052073,51,412.0039
-0.998986,51,412.037941
-1.035795,51,412.07583
-1.035275,51,412.112685
-0.949942,51,412.145337
-1.043486,51,412.190053
-1.06887,51,412.217934
-1.121066,52,412.2591
-0.99583,51,412.289082
-1.155814,51,412.317849
-1.047671,51,412.345895
-1.022942,51,412.374631
-1.045249,51,412.403324
-0.894762,51,412.431029
-0.92373,51,412.459769
-1.018095,52,412.487667
-1.050225,51,412.515427
-1.045253,51,412.542591
-1.119422,52,412.58216
-1.19207,51,412.608906
-1.172304,51,412.642615
-1.017055,51,412.668895
-0.927817,51,412.706204
-0.996309,51,412.73708
-0.951452,51,412.768259
-1.021356,51,412.798495
-0.980763,52,412.833854
-1.015159,51,412.864325
-1.175862,51,413.872447
-1.032868,51,413.915795
-1.030691,51,413.957636
-0.985187,52,413.996648
-1.019198,51,414.031447
-0.932407,51,414.077085
-1.130711,51,414.12709
-0.944624,51,414.182905
-1.18378,51,414.21714
-1.113165,52,414.243852
-1.055049,51,414.268169
-0.975959,52,414.297575
-1.170542,51,414.331964
-0.975384,51,414.360784
-1.120192,51,414.391758
-0.97232,51,414.420481
-0.922598,52,414.454274
-0.933415,51,414.482327
-1.15269,51,414.516328
-1.116801,51,414.548411
-0.996693,51,414.582983
-1.121855,51,414.621967
-1.039099,51,414.649615
-0.9428,51,414.684765
-1.015313,51,414.712955
-0.965909,51,414.746009
-0.986607,51,414.77783
-0.975188,51,414.810299
-1.009005,51,414.835337
-0.992176,51,414.871316
-1.042451,51,414.902319
-1.047258,52,414.927983
-1.024708,51,414.959649
-0.964555,51,414.992482
-1.105891,51,415.021357
-1.211661,51,415.053853
-1.352654,51,415.088033
-0.941818,52,415.122982
-0.963824,52,415.150962
-0.988238,51,415.189683
-1.133723,51,416.172469
-0.972286,51,416.205974
-1.093649,51,416.233092
-1.031961,51,416.259899
-0.981518,51,416.291909
-1.126963,51,416.318584
-1.158862,51,416.35165
-0.867458,51,416.378414
-1.100275,51,416.410452
-1.098797,51,416.44169
-1.144515,51,416.470682
-1.105426,52,416.503544
-1.015778,51,416.529991
-1.057018,52,416.563696
-0.949456,51,416.596722
-1.108312,52,416.623584
-1.045069,51,416.650282
-0.989649,51,416.683443
-0.985138,52,416.714423
-1.083148,51,416.742457
-0.849274,51,416.774721
-0.959767,51,416.802399
-1.227477,51,416.841637
-1.101536,51,416.86771
-1.027504,51,416.900873
-1.071489,51,416.930908
-1.047513,51,416.962158
-1.079257,51,416.995866
-0.970596,51,417.021119
-1.02931,51,417.052924
-0.958915,51,417.078008
-1.033086,51,417.109675
-1.061813,51,417.135057
-0.960824,52,417.166597
-1.008474,51,417.197415
-1.124687,51,417.222861
-0.935986,51,417.253453
-1.00161,52,417.279951
-0.936097,51,417.312346
-1.087364,52,417.341809
-1.087062,51,418.340008
-0.994461,51,418.373341
-1.027986,51,418.400564
-1.065536,51,418.433689
-1.006198,51,418.463699
-1.058891,51,418.493526
-1.054093,52,418.524964
-0.90007,51,418.553702
-1.021919,52,418.586878
-1.038344,51,418.620427
-1.11055,51,418.6467
-1.209019,51,418.679183
-1.07037,51,418.706597
-0.940441,51,418.73933
-0.955166,52,418.767236
-1.009725,51,418.800025
-1.096342,51,418.834274
-0.98834,51,418.865677
-1.03351,52,418.900451
-1.009473,51,418.927429
-0.973316,52,418.961278
-1.121488,51,418.989888
-1.070599,52,419.02382
-1.053889,51,419.052836
-0.872674,51,419.084245
-1.035375,52,419.117684
-1.075313,51,419.15053
-0.965279,51,419.180003
-0.940857,51,419.212796
-0.938955,51,419.238371
-1.058328,51,419.264693
-0.991668,51,419.296021
-0.916928,51,419.321101
-0.978348,51,419.35292
-1.041071,51,419.382283
-0.944284,51,419.411429
-0.906225,51,419.443015
-1.142409,51,419.469529
-0.912363,51,419.502648
-1.028339,51,419.535416
-0.940151,51,420.520268
-1.03441,51,420.552155
-0.986655,51,420.580135
-0.922073,51,420.607047
-1.086991,51,420.639753
-0.999719,51,420.667425
-1.094749,52,420.694894
-0.991329,51,420.720441
-1.172837,52,420.747246
-1.075704,51,420.773644
-0.995172,51,420.800172
-1.042452,51,420.825535
-1.029236,52,420.858933
-1.062286,51,420.886207
-1.035898,51,420.919746
-1.011753,52,420.949507
-0.984537,52,420.985069
-0.978382,52,421.015971
-1.099207,51,421.045344
-0.912376,52,421.079062
-0.981067,51,421.106451
-0.96168,51,421.139506
-1.123764,51,421.172069
-1.018301,52,421.200554
-0.990254,52,421.234354
-1.059199,51,421.261758
-0.955118,51,421.295057
-0.881711,51,421.328512
-0.965959,51,421.35562
-0.997462,51,421.388994
-0.905626,51,421.416738
-1.094314,51,421.449497
-1.056897,51,421.478032
-1.007273,52,421.510459
-1.099194,51,421.542142
-1.110496,51,421.56862
-1.005914,52,421.600714
-1.024666,51,421.626072
-1.004766,51,421.657577
-0.944324,51,421.683347
-1.077198,51,422.707534
-0.887193,51,422.739921
-0.914648,51,422.766106
-1.003318,51,422.798239
-0.891719,51,422.824238
-0.995873,51,422.855514
-1.058391,51,422.886916
-0.956255,51,422.91435
-0.860967,51,422.956905
-0.900413,51,422.997251
-1.115562,51,423.030701
-0.892507,51,423.06069
-0.972734,51,423.087483
-0.914195,52,423.121983
-1.013721,51,423.15109
-1.068396,51,423.1812
-0.905677,51,423.211585
-1.055048,51,423.249618
-1.169892,51,423.275689
-1.002673,51,423.309598
-1.211103,51,423.336998
-0.953776,51,423.36986
-0.944843,51,423.403119
-1.079127,51,423.430808
-0.987107,51,423.463312
-1.042356,52,423.491203
-0.873853,51,423.524822
-1.055844,52,423.558451
-1.089862,52,423.586281
-0.979455,51,423.619428
-1.084602,52,423.646894
-1.105892,51,423.680321
-0.966747,51,423.70933
-1.06583,51,423.740762
-0.985882,51,423.775613
-1.056351,51,423.803569
-0.961734,51,423.835649
-0.979306,52,423.868362
-1.000086,51,423.894144
-1.150313,51,423.927944
-1.039383,52,424.924012
-1.125553,51,424.956454
-0.959886,51,424.988298
-0.991791,51,425.020397
-0.92371,52,425.047407
-0.959961,51,425.078574
-0.971069,51,425.104301
-0.974392,51,425.135236
-1.005794,51,425.160783
-1.095196,51,425.193242
-1.018017,51,425.221884
-0.904726,51,425.253316
-1.015868,51,425.2951
-1.047305,51,425.324521
-0.961665,52,425.355615
-0.943496,51,425.389389
-1.028511,51,425.423406
-1.153941,51,425.452555
-0.988881,51,425.483665
-1.088336,51,425.516818
-1.102927,51,425.544579
-1.071672,51,425.583047
-1.120718,51,425.61194
-0.941914,51,425.645812
-1.053998,51,425.678293
-0.998439,51,425.707564
-1.030779,51,425.741087
-0.93908,51,425.767811
-1.063685,51,425.803302
-0.977188,51,425.831408
-0.992049,51,425.865031
-1.046997,52,425.897706
-1.225148,52,425.927121
-0.991527,52,425.963153
-1.033252,51,425.993389
-1.088895,51,426.025521
-0.990076,51,426.052662
-1.045669,51,426.080841
-0.924258,51,426.111121
-1.045563,51,426.136656
-0.959837,52,427.142
-0.984956,51,427.171411
-1.001982,51,427.200607
-0.849459,51,427.231808
-0.97224,51,427.258141
-1.001632,52,427.290726
-0.998143,52,427.316953
-0.881528,51,427.347944
-1.164225,51,427.379902
-0.96366,51,427.411859
-1.08508,51,427.43898
-1.061494,51,427.472743
-0.96173,51,427.501037
-1.02506,51,427.533972
-1.127717,51,427.567363
-0.861909,51,427.594085
-1.014179,51,427.627341
-0.803802,51,427.655585
-0.878612,51,427.682504
-1.079012,51,427.714941
-1.022786,51,427.74803
-0.889685,51,427.775578
-1.073991,51,427.808129
-1.051312,51,427.835222
-1.071876,51,427.86924
-0.946157,51,427.897399
-0.995908,52,427.929941
-0.930837,51,427.958074
-0.995997,51,427.991371
-0.968805,51,428.02492
-1.229096,51,428.053129
-0.99269,51,428.079624
-0.966258,51,428.112339
-0.953727,51,428.139664
-1.054329,51,428.172581
-0.912958,51,428.203531
-1.109659,51,428.231585
-1.055039,51,428.265136
-1.091227,51,428.291904
-1.198986,51,428.325134
-1.037909,51,428.356297
-0.99168,51,429.341523
-0.930284,51,429.374837
-0.955828,51,429.399804
-1.043594,51,429.433193
-1.021207,51,429.45817
-1.01105,52,429.49065
-0.977725,51,429.515491
-1.03563,51,429.546286
-1.050643,51,429.571369
-0.991826,51,429.602482
-0.999658,51,429.627342
-0.906619,51,429.658687
-1.06944,51,429.689251
-0.979383,51,429.716738
-0.972927,51,429.74751
-1.043729,51,429.776152
-1.085888,51,429.809121
-0.981659,51,429.835944
-1.270361,51,429.869067
-0.894764,51,429.895494
-0.9325,51,429.926791
-0.861303,51,429.95736
-0.969239,51,429.990108
-0.976784,51,430.016835
-0.966666,51,430.050046
-0.985591,51,430.082697
-0.923319,51,430.111673
-0.910408,51,430.144011
-0.948454,52,430.175682
-0.83118,51,430.203254
-0.926791,51,430.236869
-0.909327,52,430.263193
-0.859546,51,430.298451
-1.019623,52,430.327152
-0.903578,51,430.359615
-1.065406,51,430.392787
-0.918446,51,430.419236
-1.001847,51,430.447152
-0.918743,51,430.478942
-0.872587,51,430.506485
-0.898669,51,431.515977
-0.903739,51,431.546915
-0.922838,51,431.572015
-0.880581,51,431.606388
-1.019413,51,431.633142
-1.126865,51,431.663931
-0.996587,51,431.689072
-1.006207,51,431.7202
-0.903095,51,431.745926
-0.980053,51,431.777858
-0.873666,51,431.802701
-0.947587,51,431.827453
-0.831645,51,431.859059
-0.956276,51,431.884278
-0.973607,51,431.915453
-0.941099,51,431.948198
-0.999262,51,431.975025
-0.847415,51,432.008441
-0.945187,51,432.034728
-0.800731,51,432.067744
-1.073399,52,432.095657
-1.199746,52,432.130122
-0.871405,51,432.162993
-0.914708,51,432.190436
-0.994749,52,432.223071
-1.125402,51,432.252474
-0.964793,51,432.283174
-1.153417,52,432.316974
-0.925975,51,432.344282
-0.944733,51,432.377094
-0.983437,51,432.41043
-1.013983,51,432.439468
-0.866306,51,432.467292
-0.832291,51,432.501168
-0.95594,51,432.527717
-0.9586,51,432.561478
-0.917125,51,432.595696
-0.977562,51,432.627501
-0.948078,51,432.663074
-0.898044,51,432.692803
-0.955525,52,433.69476
-0.889544,51,433.726191
-0.846979,51,433.757193
-0.95556,51,433.783959
-0.904343,51,433.815749
-1.064961,51,433.842051
-0.971875,52,433.874112
-0.882524,51,433.899435
-1.026821,51,433.931191
-0.979193,51,433.958025
-1.005313,51,433.988122
-1.024447,51,434.020061
-1.018166,51,434.046788
-1.041305,51,434.078399
-1.077376,51,434.104652
-0.99446,51,434.136685
-0.911711,52,434.16916
-0.890632,52,434.197846
-0.821382,51,434.236192
-0.894078,52,434.267191
-0.947666,51,434.299475
-0.858882,51,434.328246
-1.004365,52,434.362095
-1.110269,51,434.392447
-1.04663,52,434.423558
-0.974612,51,434.457486
-0.984025,51,434.485166
-0.925018,51,434.517294
-1.001493,51,434.549982
-0.998149,51,434.577661
-0.897925,51,434.617137
-1.094678,51,434.644915
-0.938888,52,434.678665
-1.024693,51,434.711073
-0.864205,51,434.738059
-0.935121,51,434.771899
-0.886086,51,434.799631
-0.994959,51,434.832128
-1.022421,51,434.864946
-0.953927,51,434.898365
-0.876679,51,435.903645
-0.989068,51,435.93608
-1.078194,51,435.962782
-0.827591,51,435.995411
-0.887336,51,436.02184
-1.017093,51,436.054445
-1.019853,51,436.086932
-0.968007,52,436.114375
-0.898254,51,436.146731
-0.898269,51,436.173776
-0.93691,51,436.200231
-1.157129,51,436.232324
-1.024887,51,436.262173
-0.854498,51,436.290679
-1.137927,51,436.322756
-0.95213,51,436.348991
-0.943084,51,436.380455
-0.9535,51,436.412882
-1.041885,52,436.437611
-1.0695,52,436.475877
-0.976345,52,436.511677
-0.83619,51,436.541944
-0.861424,51,436.5746
-0.955337,51,436.608902
-1.001785,51,436.638936
-1.197943,52,436.669621
-0.933513,51,436.703862
-0.906063,51,436.731616
-0.889196,51,436.764705
-0.931296,52,436.798777
-0.965744,51,436.825093
-1.032693,51,436.859006
-0.892899,51,436.891578
-0.85826,51,436.924952
-0.902387,51,436.955882
-0.939874,51,436.985841
-0.969569,52,437.013479
-1.048227,51,437.046152
-0.864164,51,437.074439
-0.921043,52,437.107973
-0.976764,52,438.1397
-0.854654,51,438.166225
-0.960518,51,438.198378
-0.899329,52,438.226969
-0.786338,51,438.257784
-0.904983,51,438.285178
-0.978855,51,438.316179
-0.967891,51,438.347964
-0.980528,51,438.374573
-0.911423,52,438.407522
-0.939212,51,438.433428
-1.070193,52,438.465928
-1.029545,51,438.497977
-0.841233,51,438.530145
-0.897346,51,438.560141
-0.895041,51,438.588751
-0.952081,52,438.621472
-1.088391,51,438.651401
-0.924641,51,438.678928
-1.088355,51,438.706533
-0.914606,51,438.734738
-0.970592,51,438.768624
-1.038853,51,438.795608
-0.959192,51,438.828193
-1.09697,52,438.858624
-0.922092,51,438.894805
-1.155457,52,438.92253
-0.988013,51,438.955574
-0.889209,51,438.982626
-0.895028,51,439.016143
-0.946315,51,439.048736
-0.969758,51,439.076078
-0.916367,51,439.108111
-0.944221,51,439.13968
-0.857758,51,439.168806
-0.889748,51,439.202569
-0.87995,51,439.229994
-0.911811,51,439.263068
-0.989027,51,439.294979
-0.955695,52,439.328673
