#{"t_start": 1789364864.631663, "env_id": "None"}
r,l,t
-1.542169,51,1.44576
-1.998927,50,1.484035
-1.545421,52,1.512663
-1.679701,51,1.544741
-1.542339,51,1.575672
-1.712463,51,1.615233
-1.273628,51,1.650882
-1.649454,51,1.685783
-1.651715,51,1.727014
-2.623273,52,1.774923
-1.427355,50,1.804796
-1.691102,51,1.83374
-1.951794,52,1.863826
-1.386985,51,1.891677
-1.372926,50,1.920662
-1.788304,51,1.94513
-1.849635,52,1.96934
-1.939949,51,1.998365
-1.578267,51,2.023058
-1.777145,51,2.048408
-1.587139,52,2.075466
-1.521763,51,2.106748
-1.324527,51,2.147978
-1.585226,52,2.19428
-1.820596,51,2.224049
-1.37099,50,2.25955
-1.917721,51,2.292833
-1.758476,51,2.321549
-1.567841,51,2.347596
-2.276036,51,2.370734
-1.879514,52,2.394305
-2.017042,51,2.417286
-1.773284,51,2.442944
-1.954599,51,2.4686
-1.723386,50,2.495643
-2.129941,51,2.521189
-1.458173,51,2.546987
-1.577575,51,2.573278
-1.851727,50,2.596806
-1.530683,50,2.620397
-1.837159,51,2.919919
-1.439384,51,2.943998
-1.680903,51,2.967268
-1.683004,52,2.99131
-1.521008,51,3.014062
-1.905517,51,3.036874
-1.705042,51,3.060104
-1.311236,51,3.084207
-1.399862,52,3.108517
-2.397672,51,3.134313
-1.695274,51,3.158976
-1.872135,51,3.184154
-2.196294,51,3.210324
-1.498577,51,3.243027
-1.702629,51,3.276423
-1.964638,52,3.308207
-1.906931,51,3.338389
-1.266499,52,3.366048
-2.178369,51,3.411607
-1.60934,51,3.440212
-1.996653,51,3.465574
-1.686564,51,3.497947
-1.427114,50,3.531976
-2.083159,51,3.566178
-1.626926,51,3.59832
-1.556126,51,3.629218
-1.578358,51,3.654448
-1.87883,52,3.678461
-1.584495,51,3.704036
-2.187208,51,3.73332
-1.393827,51,3.762425
-1.279897,51,3.793509
-2.231629,51,3.827364
-1.639349,52,3.865396
-1.946823,50,3.897639
-1.441433,51,3.931025
-2.134704,51,3.963782
-1.941839,51,3.992118
-1.976322,51,4.021155
-1.433099,52,4.047986
-2.562719,51,4.384231
-1.617257,52,4.409151
-2.03647,51,4.43414
-1.774078,51,4.457354
-1.698247,51,4.483137
-1.791021,51,4.50939
-1.649676,51,4.535946
-1.51985,52,4.562924
-2.361763,51,4.590724
-2.216285,51,4.620382
-1.421163,52,4.653011
-1.548857,51,4.679013
-1.697262,51,4.714935
-1.797604,50,4.747112
-1.450551,52,4.780622
-2.03451,51,4.812022
-1.600577,50,4.855117
-1.841675,51,4.95971
-1.751935,50,5.01011
-1.71741,51,5.082785
-1.479012,50,5.16363
-1.415462,50,5.212922
-1.873146,51,5.269919
-1.485304,51,5.315036
-1.722762,51,5.358843
-1.965315,52,5.413639
-2.121619,51,5.458035
-1.478665,50,5.488909
-1.984624,51,5.522936
-2.692203,51,5.560533
-1.891412,51,5.603573
-1.957639,51,5.644215
-1.210424,51,5.677646
-1.636246,51,5.710369
-1.864827,51,5.737882
-1.342274,50,5.76535
-1.727523,50,5.798602
-1.549949,51,5.838695
-1.929081,51,5.881122
-1.848271,51,5.976856
-1.719741,51,6.335788
-1.255439,51,6.366724
-1.716815,52,6.419478
-1.721539,50,6.458156
-2.030205,51,6.485789
-1.793622,51,6.515485
-1.945474,52,6.546234
-1.88558,51,6.583014
-2.055983,51,6.613216
-2.142028,51,6.643206
-2.131272,51,6.669118
-2.156153,51,6.694115
-1.78955,51,6.717755
-1.805774,51,6.74399
-1.507312,50,6.770902
-1.643506,51,6.796772
-1.623879,51,6.825593
-1.778664,50,6.863314
-1.640552,51,6.912937
-2.164672,51,6.949353
-1.712364,51,7.140625
-1.594681,51,7.179083
-1.373958,51,7.202821
-2.602223,51,7.232381
-1.697912,51,7.2542
-1.362855,50,7.280163
-1.501714,50,7.304213
-1.63872,50,7.330651
-2.634919,51,7.354799
-1.824323,52,7.378775
-1.393867,50,7.401556
-1.491023,51,7.426086
-1.811829,52,7.452471
-1.333245,51,7.475586
-1.750891,51,7.497825
-1.599411,51,7.521176
-1.641877,52,7.544436
-1.63044,51,7.570846
-1.568989,52,7.599902
-1.608524,51,7.627483
-1.371245,51,7.890068
-1.4796,51,7.918036
-1.47215,52,7.94535
-1.719232,52,7.974378
-1.524303,51,8.002444
-2.151656,51,8.027271
-1.713365,51,8.050831
-1.523234,52,8.073261
-1.633088,51,8.095006
-1.737158,51,8.118892
-1.591546,51,8.140967
-1.722999,51,8.16273
-2.304756,51,8.189064
-1.471081,52,8.213997
-1.913706,51,8.238681
-2.095536,51,8.264982
-1.591895,51,8.291949
-1.946367,51,8.318264
-1.377923,50,8.346474
-1.503889,52,8.372733
-1.811215,51,8.397354
-1.806024,51,8.423022
-1.81533,51,8.514271
-1.506388,50,8.598122
-1.493116,52,8.651816
-1.71923,52,8.719058
-1.432287,51,8.776907
-1.309442,51,8.811561
-1.778429,52,8.841959
-2.661317,51,8.869909
-1.70735,51,8.896847
-1.899127,50,8.925468
-1.298865,51,8.953616
-1.664357,51,8.980249
-1.611988,51,9.012065
-2.216618,51,9.037741
-2.183774,52,9.066579
-1.547945,51,9.094001
-1.90542,51,9.119948
-1.891207,51,9.148454
-1.935531,51,9.408025
-1.648938,51,9.433339
-1.405486,51,9.457987
-1.47017,51,9.481994
-1.39715,51,9.505772
-1.805131,51,9.530292
-1.84857,52,9.557835
-1.763514,51,9.601757
-1.645383,51,9.70431
-1.786581,50,9.740085
-1.69713,50,9.781307
-1.55659,51,9.843289
-1.663601,51,9.925576
-1.445809,51,9.97899
-1.282956,50,10.041745
-1.469926,52,10.089401
-2.104874,51,10.139206
-1.259156,52,10.180305
-1.546792,51,10.209076
-1.985779,51,10.233457
-1.60875,51,10.263808
-1.549509,51,10.296238
-1.527097,51,10.329507
-1.506338,50,10.359243
-1.8819,52,10.391682
-1.905419,52,10.423351
-1.644389,51,10.456737
-1.915357,51,10.491011
-1.439841,51,10.523346
-1.475073,51,10.551827
-1.446339,50,10.577114
-1.724904,52,10.606429
-1.422581,50,10.638776
-1.477114,51,10.684543
-2.771074,51,10.724657
-1.535018,51,10.759947
-1.858441,51,10.81767
-1.367397,50,10.850432
-1.409781,51,10.873873
-1.365029,51,10.896158
-1.714506,51,11.125448
-2.082035,51,11.14761
-1.865717,51,11.171356
-1.989175,51,11.192443
-1.371543,51,11.213571
-1.533206,51,11.234747
-2.633355,51,11.255872
-1.409568,50,11.279598
-2.077489,51,11.306797
-1.54004,51,11.333795
-1.549815,51,11.356512
-1.753296,50,11.380135
-1.460254,51,11.404768
-1.855039,51,11.428537
-1.537796,51,11.449763
-1.363806,51,11.472246
-1.43255,52,11.494591
-1.918674,51,11.517539
-1.432624,50,11.538735
-1.276468,52,11.564234
-1.671597,51,11.585392
-1.837275,51,11.609826
-1.51935,51,11.650081
-1.918734,51,11.676149
-1.601958,51,11.701008
-1.802174,51,11.752857
-1.662158,51,11.780174
-1.474065,51,11.802831
-1.227766,50,11.82403
-1.747357,51,11.84664
-1.520883,51,11.868063
-1.710112,51,11.892072
-1.463548,52,11.91417
-1.840998,51,11.934995
-1.902724,51,11.956668
-1.512903,52,11.978601
-1.98431,51,12.000133
-1.390331,50,12.020769
-2.072509,51,12.042943
-2.003426,51,12.0654
-1.695241,51,12.086378
-1.431296,50,12.306628
-1.361742,51,12.327404
-1.589123,50,12.34772
-1.501155,51,12.367854
-1.679875,51,12.389658
-1.706985,51,12.410421
-1.831986,51,12.431373
-1.092604,51,12.451879
-2.199335,51,12.473097
-1.681195,51,12.493686
-1.539391,51,12.514601
-2.142565,51,12.535402
-1.835697,51,12.556844
-1.184577,51,12.577508
-1.258479,51,12.598035
-1.41513,51,12.618787
-1.648948,51,12.640572
-1.654083,50,12.661158
-1.537401,51,12.681942
-1.723024,51,12.702574
-1.542745,51,12.723836
-1.92525,51,12.744339
-1.37802,50,12.764695
-1.397988,51,12.785654
-1.799643,51,12.807303
-1.769716,51,12.828224
-1.553804,51,12.84919
-1.472896,51,12.869981
-1.453758,51,12.891256
-1.190273,50,12.911823
-1.281951,51,12.9326
-1.700131,51,12.953721
-1.81539,51,12.98758
-1.624394,50,13.008903
-1.744261,51,13.031264
-1.786032,51,13.051993
-1.761324,51,13.074055
-1.524617,51,13.095229
-1.49856,51,13.116052
-1.790595,52,13.1376
-1.327116,51,13.356912
-1.482109,51,13.377421
-1.572992,51,13.398272
-1.660482,51,13.419225
-1.760603,51,13.440414
-1.794387,50,13.462124
-1.64955,51,13.482645
-1.599121,50,13.503162
-1.308727,51,13.524813
-1.668232,51,13.545324
-1.914275,51,13.566275
-2.159686,51,13.586805
-1.823082,51,13.608324
-1.228667,51,13.629352
-1.49124,51,13.649549
-1.988488,51,13.670621
-1.796301,51,13.691446
-1.62946,51,13.713655
-1.517507,51,13.735198
-1.314037,51,13.75666
-1.253648,51,13.777444
-1.468049,52,13.798259
-1.682701,51,13.819329
-1.578927,51,13.840794
-1.468542,51,13.861585
-1.469191,51,13.882608
-1.662229,50,13.903133
-1.577044,51,13.926299
-2.127478,51,13.947648
-1.432567,51,13.969456
-1.474887,51,13.991302
-1.453995,51,14.012317
-2.222727,51,14.033548
-2.205255,51,14.055173
-1.63628,51,14.07648
-1.540603,51,14.09754
-1.786256,52,14.122485
-1.476912,51,14.143984
-1.754727,50,14.164728
-1.735789,51,14.185102
-1.765408,51,14.404366
-1.736544,51,14.424852
-1.551293,51,14.447305
-1.32585,50,14.467409
-1.331117,51,14.488681
-1.367212,50,14.508918
-2.069247,50,14.529269
-1.678675,51,14.550327
-1.535128,51,14.57147
-1.485377,51,14.592546
-1.55925,51,14.613118
-1.530931,50,14.633574
-1.417351,51,14.657027
-1.403525,51,14.677335
-1.447718,50,14.700075
-1.662048,51,14.722388
-1.753061,51,14.743327
-1.225246,50,14.763863
-1.709278,51,14.784819
-1.294112,50,14.805794
-1.346074,51,14.826324
-1.437032,52,14.847315
-1.906295,51,14.867907
-1.6113,52,14.889602
-1.701251,51,14.909898
-1.429886,51,14.930528
-1.480127,50,14.950789
-1.326677,51,14.971878
-1.785831,51,14.991917
-1.909944,51,15.012525
-1.2133,50,15.0332
-1.580992,51,15.05451
-1.362661,51,15.075078
-1.732864,51,15.095934
-1.597415,51,15.116739
-1.707349,52,15.13923
-1.98409,52,15.161494
-1.550503,50,15.181886
-1.231708,50,15.202512
-1.714611,51,15.224486
-1.81521,52,15.440347
-1.150815,51,15.460986
-1.402442,51,15.481019
-1.890965,51,15.501573
-1.196213,52,15.522833
-1.280733,51,15.543922
-1.621152,51,15.563155
-1.388641,51,15.583836
-1.283916,51,15.604113
-1.181563,50,15.624721
-1.342711,51,15.645451
-1.309559,51,15.667924
-1.274514,51,15.692649
-1.379893,51,15.716422
-1.586308,51,15.741475
-1.352271,51,15.76159
-1.532037,51,15.782308
-1.493989,52,15.804748
-1.323669,52,15.827116
-1.728712,51,15.848849
-1.325653,50,15.867837
-1.492747,51,15.888955
-2.374889,51,15.909602
-1.842804,51,15.929119
-1.860362,51,15.949596
-1.860198,51,15.973026
-1.328847,51,15.994653
-1.382163,51,16.015173
-1.779418,51,16.036279
-1.380736,51,16.057238
-1.372015,51,16.077767
-1.435783,51,16.099315
-1.141855,51,16.120248
-1.781993,51,16.140941
-1.45356,51,16.162289
-1.242535,50,16.182081
-1.388379,52,16.203166
-1.812037,51,16.225215
-1.428202,51,16.246182
-1.9464,51,16.266599
-2.080874,52,16.49162
-1.302067,51,16.511569
-1.289833,51,16.532521
-1.632015,51,16.553356
-1.725042,51,16.574441
-1.701018,51,16.594826
-1.372325,51,16.619045
-1.403662,50,16.64061
-1.467451,51,16.660932
-2.337045,51,16.681338
-1.693107,51,16.701931
-1.725188,52,16.723388
-1.383394,50,16.743894
-1.519094,51,16.764362
-1.465055,51,16.783948
-1.285316,52,16.805397
-1.424282,52,16.826062
-1.606628,51,16.846807
-1.476679,51,16.867441
-1.461508,51,16.888421
-1.346083,51,16.908698
-1.657688,51,16.929408
-1.358405,51,16.948906
-1.332022,51,16.969487
-1.83033,52,16.990084
-1.467253,51,17.010774
-1.338072,50,17.030191
-1.335934,51,17.050588
-1.629323,51,17.072716
-1.639443,51,17.093276
-1.281303,51,17.11269
-1.462383,51,17.1338
-1.912017,51,17.156054
-1.651128,51,17.177655
-1.39396,51,17.198927
-1.483695,51,17.219829
-1.921346,51,17.240828
-1.245546,51,17.26156
-2.113101,51,17.282926
-1.58516,51,17.303248
-1.531422,51,17.523591
-1.328773,50,17.544231
-1.579236,51,17.564056
-1.776462,52,17.58525
-1.350657,51,17.607128
-1.583936,51,17.628265
-1.268154,51,17.648717
-1.485921,52,17.673446
-2.242881,51,17.69593
-1.319593,52,17.720018
-1.497873,51,17.747385
-1.709563,51,17.768955
-1.70223,51,17.791859
-1.463314,50,17.81205
-1.711621,51,17.831935
-1.60996,51,17.852046
-2.038666,51,17.87291
-1.500251,51,17.893192
-1.739205,51,17.913508
-1.714042,51,17.933131
-1.267197,52,17.954604
-1.446616,51,17.974662
-1.562003,51,17.995313
-1.24388,52,18.016477
-1.92939,50,18.039071
-1.313319,51,18.05967
-1.280205,50,18.080074
-2.025741,50,18.100696
-1.458653,51,18.121914
-1.415726,52,18.143108
-1.443354,51,18.163792
-1.696178,51,18.184413
-1.26428,52,18.206047
-1.397549,52,18.227173
-1.376746,51,18.248525
-1.397455,50,18.268505
-1.420389,51,18.290292
-1.522736,51,18.310459
-1.404603,51,18.333279
-1.426593,51,18.35294
-1.732038,51,18.374546
-1.443672,51,18.590536
-1.363929,51,18.609489
-1.549162,51,18.630225
-1.754598,52,18.651302
-1.332118,52,18.672283
-1.449875,51,18.693099
-1.326301,51,18.714484
-2.024532,51,18.735497
-1.436616,51,18.756345
-1.423492,51,18.776189
-1.269816,52,18.796794
-1.456091,51,18.816458
-1.458494,51,18.837376
-1.419052,51,18.857893
-1.608151,51,18.878045
-1.25951,50,18.897728
-1.482125,51,18.918599
-1.564998,52,18.939523
-1.32216,52,18.960828
-1.491944,52,18.981207
-1.786144,52,19.001702
-1.37009,51,19.022149
-1.641312,51,19.04271
-1.458064,50,19.062433
-1.782663,51,19.082422
-1.399441,51,19.102693
-1.538193,51,19.124238
-1.11539,50,19.144594
-1.63488,51,19.164665
-1.754565,51,19.185273
-1.246,51,19.206233
-1.406665,52,19.228239
-1.699462,50,19.248063
-1.760778,51,19.268148
-1.216264,52,19.290905
-1.512579,50,19.311266
-1.328278,51,19.334011
-1.421807,51,19.356355
-1.299287,51,19.377555
-1.606986,51,19.434449
-1.357754,51,19.784028
-1.775116,52,19.804476
-2.075681,51,19.826016
-1.520869,52,19.84562
-1.689587,51,19.866208
-1.165777,50,19.885592
-1.562161,51,19.907801
-1.296023,50,19.928354
-1.125074,51,19.949336
-1.666954,50,19.969457
-1.226769,52,19.990621
-1.334237,51,20.011243
-1.505454,51,20.032237
-1.301849,51,20.053013
-1.288324,50,20.075815
-1.233234,51,20.09926
-1.299114,50,20.119
-1.351744,51,20.141584
-1.610951,51,20.162865
-1.200599,50,20.191438
-1.148772,50,20.216631
-1.313355,52,20.239092
-1.50892,51,20.260959
-1.161071,52,20.283481
-1.368282,51,20.30544
-1.195145,52,20.327444
-1.300068,52,20.350991
-1.390848,51,20.375276
-1.383211,51,20.398105
-1.255934,52,20.419547
-1.553571,52,20.442706
-1.217871,52,20.464344
-1.504419,50,20.485524
-1.426769,51,20.508351
-1.73213,51,20.531989
-1.628794,51,20.552977
-1.609145,52,20.575804
-1.688389,51,20.59676
-1.722513,51,20.617912
-1.496671,50,20.638305
-1.746243,51,20.903538
-1.502252,52,20.93216
-1.659975,51,20.964511
-1.251894,51,20.991416
-1.426308,51,21.016103
-1.38129,52,21.04382
-1.360299,51,21.066492
-1.310614,51,21.087095
-1.221295,51,21.110782
-1.289116,51,21.133815
-1.398695,51,21.162099
-1.386755,51,21.198871
-1.563498,51,21.224548
-1.127485,51,21.247846
-1.333734,51,21.2743
-1.296975,52,21.299696
-1.434351,51,21.325525
-1.533755,50,21.352326
-1.57086,51,21.37702
-1.301631,52,21.41193
-1.213134,50,21.438241
-1.881817,51,21.46058
-1.195765,50,21.48506
-1.330143,51,21.51008
-1.417589,50,21.534338
-1.626621,51,21.559312
-1.430045,51,21.5845
-1.113404,50,21.607663
-1.23652,51,21.628669
-1.532783,52,21.649616
-1.674031,51,21.670043
-1.52291,51,21.691948
-1.498039,51,21.7125
-1.597697,51,21.73343
-1.544773,51,21.754924
-1.373826,51,21.776363
-1.287307,51,21.79812
-1.341493,51,21.82713
-1.143014,51,21.858392
-1.524254,51,21.885071
-1.394336,50,22.126548
-1.272603,52,22.191365
-1.403985,51,22.267061
-1.465515,50,22.311732
-1.405286,51,22.34901
-1.219939,51,22.390647
-1.385077,51,22.445847
-1.477709,51,22.493673
-1.214582,51,22.542404
-1.49496,52,22.59407
-1.382935,51,22.623181
-1.480853,50,22.651186
-1.436408,51,22.702868
-1.489786,51,22.735488
-1.394456,52,22.761464
-1.14795,50,22.783991
-1.37219,51,22.808912
-1.234429,52,22.832589
-1.47549,51,22.856753
-1.367841,50,22.880379
-1.506389,51,22.90215
-1.263557,51,22.924106
-1.753145,52,22.945948
-1.288326,51,22.972693
-1.503173,51,22.997338
-1.7152,51,23.023926
-1.464083,52,23.049724
-1.791098,51,23.082676
-1.744685,52,23.108953
-1.530091,52,23.137621
-1.15069,51,23.164001
-1.333696,51,23.191164
-1.385263,52,23.216466
-1.591762,51,23.239795
-1.438458,51,23.261041
-1.420716,51,23.283014
-1.512519,51,23.304104
-1.130174,50,23.325512
-1.283154,50,23.346237
-1.694757,51,23.36686
-1.109314,51,23.607356
-1.090541,50,23.627333
-1.581946,52,23.64846
-1.176329,51,23.671867
-1.215177,50,23.692518
-1.412527,52,23.713842
-1.302972,51,23.734718
-1.431821,51,23.756243
-1.508803,51,23.777174
-1.448424,51,23.797741
-1.290872,51,23.81834
-1.345269,51,23.840555
-1.421087,51,23.862353
-1.221168,51,23.886121
-1.441134,50,23.911579
-1.306181,51,23.944204
-1.799644,51,23.971124
-1.429695,52,23.995015
-1.258737,51,24.017579
-1.351479,51,24.039597
-1.367248,51,24.063375
-1.296924,51,24.083973
-1.131092,52,24.106061
-1.349914,51,24.126984
-1.698301,51,24.14769
-1.446747,52,24.168991
-1.693113,51,24.190677
-1.536603,50,24.214857
-1.334001,52,24.236156
-1.541277,51,24.257447
-1.262016,50,24.27772
-1.18887,51,24.298011
-1.234131,50,24.319923
-1.294606,50,24.341491
-1.719538,51,24.36216
-1.28951,51,24.383379
-1.231439,51,24.404992
-1.899797,51,24.428055
-1.22946,52,24.44962
-1.511755,52,24.472528
-1.315541,51,24.69679
-1.435896,52,24.717594
-1.399563,51,24.739481
-1.326941,51,24.760297
-1.356748,50,24.781161
-1.489113,51,24.802036
-1.566709,51,24.823411
-1.256867,51,24.844683
-1.3406,52,24.866349
-1.281713,51,24.888245
-1.344513,51,24.909306
-1.306864,51,24.931048
-1.156234,51,24.951974
-1.190827,51,24.973762
-1.298181,51,24.994668
-1.372439,51,25.015652
-1.258728,51,25.035928
-1.465501,52,25.061733
-1.313822,51,25.088114
-1.184396,52,25.111596
-1.330726,51,25.133683
-1.489888,51,25.155969
-1.500088,51,25.181189
-1.458581,52,25.208245
-1.501,51,25.230711
-1.833398,51,25.252401
-1.974399,51,25.275433
-1.627407,51,25.298592
-1.200961,51,25.319245
-1.361599,51,25.340941
-1.43059,51,25.361942
-1.306929,51,25.38284
-1.249904,50,25.403547
-1.554055,51,25.42511
-1.386339,52,25.446557
-1.222245,52,25.467459
-1.482847,51,25.4893
-1.146202,51,25.510506
-1.489607,51,25.531047
-1.622704,52,25.553841
-1.33507,50,25.80492
-1.098976,50,25.825619
-1.110863,50,25.845973
-1.144302,50,25.86729
-1.816269,51,25.888421
-1.209809,52,25.909966
-1.435541,51,25.930634
-1.316216,51,25.951534
-1.231629,51,25.97336
-1.331113,51,25.995955
-1.215391,50,26.017627
-1.393573,51,26.03978
-1.56504,51,26.063385
-1.267905,51,26.085133
-1.510501,51,26.106365
-1.33178,52,26.127564
-1.128215,52,26.148672
-1.142703,50,26.168539
-1.341889,52,26.190251
-1.443902,51,26.210722
-1.500454,51,26.230687
-1.375229,51,26.251467
-1.252806,52,26.272984
-1.743911,51,26.293793
-1.396017,51,26.31385
-1.712233,51,26.334175
-1.099692,50,26.35527
-1.115736,51,26.375535
-1.622466,50,26.395385
-1.285295,51,26.41597
-1.500363,51,26.435344
-1.195399,51,26.456757
-1.499349,51,26.478112
-1.238383,50,26.498104
-1.104414,51,26.51851
-1.183984,52,26.539684
-1.566086,51,26.560751
-1.136147,50,26.581255
-1.892084,51,26.601766
-1.239603,51,26.622637
-1.277294,51,26.839997
-1.130562,51,26.865235
-1.375684,51,26.891019
-1.324269,51,26.914493
-1.401604,51,26.936112
-1.243464,52,26.959323
-1.301227,51,26.980685
-1.269457,50,27.002846
-1.365785,51,27.027505
-1.394266,50,27.04868
-1.246657,51,27.069201
-1.239935,51,27.091678
-1.341407,51,27.112258
-1.109396,50,27.132413
-1.270812,51,27.152544
-1.312122,50,27.173624
-1.319981,51,27.194399
-1.450515,51,27.214615
-1.38284,51,27.235369
-1.491058,51,27.256653
-1.229654,50,27.278719
-1.39693,51,27.300088
-1.421928,51,27.321744
-1.385505,51,27.342714
-1.248967,51,27.36358
-1.264344,51,27.383719
-1.259307,52,27.40581
-1.231402,51,27.4268
-1.508703,51,27.447576
-1.265866,51,27.468044
-1.265742,50,27.488121
-1.337472,51,27.509
-1.246141,51,27.529917
-1.508751,52,27.551404
-1.341479,51,27.573171
-1.373484,51,27.59434
-1.221623,51,27.615011
-1.223071,52,27.636522
-1.521989,51,27.657553
-1.147266,51,27.679279
-1.162877,50,27.700433
-1.386351,51,27.920416
-1.35279,51,27.941557
-1.316794,51,27.962184
-1.016961,50,27.982794
-1.199686,51,28.005289
-1.352305,51,28.033755
-1.130298,52,28.056548
-1.37537,51,28.077305
-1.450689,51,28.097044
-1.4124,51,28.1178
-1.320637,51,28.138956
-1.610487,51,28.160107
-1.365321,52,28.180134
-1.484468,51,28.201026
-1.269165,51,28.222545
-1.266063,51,28.242167
-1.231132,51,28.295212
-1.341426,51,28.319281
-1.300337,51,28.341815
-1.22358,52,28.363074
-1.537071,51,28.383969
-1.201891,51,28.403902
-1.486154,51,28.425047
-1.262119,51,28.445729
-1.337358,51,28.46544
-1.41913,51,28.4861
-1.634367,51,28.507834
-1.317924,51,28.527367
-1.503387,51,28.54841
-1.303584,50,28.569047
-1.228739,51,28.588771
-1.218783,51,28.60949
-1.480836,51,28.630289
-1.560607,51,28.649978
-1.159094,50,28.669942
-1.54377,51,28.692057
-1.140871,51,28.7134
-1.301125,50,28.732994
-1.428805,51,28.754619
-1.396671,52,28.778938
-1.341919,52,29.000919
-1.733591,51,29.021931
-1.282463,51,29.04277
-1.316261,51,29.063449
-1.53823,51,29.083594
-1.341758,51,29.105203
-1.418283,51,29.12601
-1.442698,51,29.145742
-1.045646,50,29.166331
-1.377115,51,29.188362
-1.332768,51,29.209377
-1.321146,50,29.229284
-1.145084,51,29.249367
-1.496426,52,29.270234
-1.251454,51,29.291096
-1.545361,52,29.31077
-1.204129,50,29.330814
-1.187453,51,29.35105
-1.163097,50,29.370774
-1.420445,50,29.392234
-1.30547,51,29.414182
-1.08061,50,29.43462
-1.277709,51,29.455592
-1.512995,51,29.475953
-1.195265,51,29.497036
-1.471329,51,29.517118
-1.182885,51,29.537345
-1.306447,51,29.557965
-1.362987,51,29.578453
-1.451312,51,29.598805
-1.342783,51,29.619158
-1.437708,51,29.640589
-1.378576,51,29.664576
-1.178212,51,29.686117
-1.62262,51,29.708338
-1.236778,52,29.73084
-1.684181,51,29.753579
-1.470603,51,29.775437
-1.30639,51,29.798532
-1.131459,52,29.821406
-1.463979,51,30.058985
-1.443064,52,30.080681
-1.54977,51,30.101542
-1.355338,51,30.122125
-1.358587,52,30.143574
-1.207893,50,30.16414
-1.234137,51,30.185065
-1.281677,51,30.206951
-1.334829,51,30.227838
-1.296136,51,30.24894
-1.315351,51,30.277133
-1.464975,51,30.299759
-1.351487,51,30.323839
-1.356552,51,30.34531
-1.470412,51,30.370147
-1.148698,52,30.393863
-1.206634,51,30.414215
-1.259642,51,30.434981
-1.509474,51,30.456496
-1.412496,51,30.477216
-1.291368,52,30.49853
-1.251083,51,30.519413
-1.287619,51,30.541131
-1.606119,51,30.561891
-1.533715,51,30.582476
-1.232326,51,30.603884
-1.076873,50,30.624845
-1.338834,52,30.646157
-1.4116,51,30.666654
-1.21083,51,30.687992
-1.356235,51,30.708816
-1.536186,51,30.729957
-1.492117,52,30.75185
-1.127185,51,30.77417
-1.203747,51,30.795639
-1.29871,50,30.817408
-1.123513,50,30.838753
-1.065443,50,30.858734
-1.285291,50,30.880645
-1.287842,51,30.901406
-1.337717,51,31.130286
-1.823968,51,31.152991
-1.329695,52,31.175146
-1.264143,51,31.196069
-1.260789,51,31.216944
-1.550308,51,31.23801
-1.334477,52,31.259519
-1.245621,51,31.280109
-1.430281,51,31.300302
-1.266486,50,31.321472
-1.318361,51,31.342317
-1.336259,51,31.362504
-1.15978,51,31.38271
-1.309676,52,31.404541
-1.303044,51,31.424951
-1.231527,51,31.445308
-1.131292,51,31.466312
-1.559773,51,31.485933
-1.388253,51,31.506741
-1.216817,51,31.527903
-1.228441,50,31.548599
-1.159935,51,31.569598
-1.257001,51,31.591691
-1.125543,51,31.612354
-1.410307,51,31.633374
-1.32035,51,31.654405
-1.207534,51,31.674861
-1.301823,51,31.695696
-1.315221,51,31.71685
-1.269319,51,31.738173
-1.479056,51,31.759471
-1.212947,51,31.781761
-1.146408,52,31.804346
-1.333832,50,31.825212
-1.229171,51,31.845508
-1.525304,51,31.866456
-1.28881,51,31.888399
-1.339029,51,31.909811
-1.176405,50,31.9305
-1.2571,51,31.952453
-1.207261,51,32.17363
-1.648896,52,32.195002
-1.226574,52,32.215948
-1.10729,51,32.2363
-1.384493,51,32.256627
-1.169302,50,32.277329
-1.194646,51,32.298438
-1.140571,52,32.319638
-1.201906,52,32.340757
-1.336194,51,32.36136
-1.445967,51,32.383907
-1.415152,52,32.412488
-1.141555,50,32.435
-1.380246,51,32.457853
-1.337526,52,32.479571
-1.314475,51,32.500858
-1.119634,51,32.52452
-1.685568,51,32.545367
-1.373585,51,32.567014
-1.292401,51,32.589839
-1.248382,52,32.612208
-1.252032,51,32.632674
-1.181849,51,32.653953
-1.288835,52,32.675701
-1.291703,50,32.695201
-1.365601,52,32.716454
-1.189139,51,32.737965
-1.481001,51,32.758215
-1.150056,50,32.778917
-1.221078,52,32.800256
-1.162087,51,32.82177
-1.297918,51,32.84239
-1.381138,51,32.863384
-1.2814,51,32.883514
-1.104472,51,32.907145
-1.17009,50,32.931822
-1.488521,51,32.956399
-1.285705,51,32.978703
-1.148202,51,33.003236
-1.144148,50,33.026609
-1.300227,51,33.2476
-1.317512,51,33.270362
-1.301154,51,33.294549
-1.309678,51,33.315918
-1.235824,50,33.336511
-1.532039,52,33.358464
-1.357058,51,33.377784
-1.114985,51,33.398529
-1.249338,51,33.418559
-1.403249,50,33.439245
-1.101997,52,33.460732
-1.368549,51,33.480553
-1.170726,50,33.500868
-1.340121,52,33.521542
-1.101359,51,33.543086
-1.143434,51,33.562611
-1.290388,51,33.583525
-1.135709,51,33.602872
-1.234576,52,33.625092
-1.406105,51,33.645605
-1.334159,52,33.666148
-1.272042,51,33.68742
-1.263407,51,33.707223
-1.720489,51,33.728251
-1.197464,52,33.748757
-1.141591,51,33.768778
-1.138934,51,33.790342
-1.106672,51,33.810751
-1.256733,51,33.832078
-1.282026,51,33.851875
-1.566069,51,33.873279
-1.4491,51,33.894385
-1.369872,51,33.917289
-1.162494,51,33.945866
-1.099706,51,33.969465
-1.165301,51,33.994096
-1.276824,51,34.020264
-1.171665,51,34.046741
-1.315311,51,34.081014
-1.243303,51,34.108677
-1.474353,51,34.133719
-1.314815,52,34.394386
-1.185089,51,34.415302
-1.543469,51,34.436405
-1.61374,51,34.457892
-1.488651,51,34.478935
-1.218378,51,34.499806
-1.148133,51,34.520369
-1.61328,51,34.541899
-1.299234,51,34.563044
-1.384369,51,34.583629
-1.17516,52,34.605116
-1.294311,51,34.629063
-1.274713,50,34.651417
-1.220843,50,34.673577
-1.279277,50,34.693983
-1.156527,52,34.715168
-1.238893,51,34.735803
-1.182341,51,34.757226
-1.6002,51,34.777965
-1.267089,51,34.798498
-1.301692,51,34.819303
-1.320105,50,34.840427
-1.377881,52,34.862748
-1.4662,51,34.885921
-1.522878,50,34.912333
-1.192228,52,34.938473
-1.436002,51,34.961449
-1.222935,51,34.984395
-1.140225,51,35.006511
-1.181234,51,35.027171
-1.172691,51,35.047694
-1.298903,51,35.068681
-1.375206,51,35.090505
-1.329855,51,35.111857
-1.174692,52,35.132213
-1.141712,51,35.153817
-1.12488,51,35.175193
-1.145025,51,35.196348
-1.339364,51,35.21653
-1.342418,52,35.23849
-1.202687,51,35.454998
-1.211188,50,35.475341
-1.353225,51,35.496144
-1.447386,52,35.516383
-1.333148,51,35.53643
-1.243082,50,35.558162
-1.292333,51,35.578517
-1.098296,51,35.59846
-1.171412,51,35.61861
-1.322216,51,35.639787
-1.344025,51,35.660271
-1.254122,51,35.68086
-1.495529,51,35.700791
-1.223136,51,35.722909
-1.152558,51,35.746491
-1.247996,51,35.771192
-1.263102,51,35.793988
-1.150648,51,35.816194
-1.176778,52,35.83735
-1.215679,52,35.859071
-1.308336,52,35.880352
-1.27672,51,35.905923
-1.154627,51,35.927396
-1.019668,50,35.946948
-1.486672,51,35.967286
-1.174312,51,35.989619
-1.200962,51,36.028138
-1.16409,50,36.050698
-1.226863,51,36.072713
-1.156384,51,36.093669
-1.073095,50,36.114504
-1.1355,51,36.134596
-1.073319,50,36.156175
-1.172469,51,36.17749
-1.234446,51,36.197369
-1.384562,51,36.218108
-1.25915,52,36.239373
-1.203761,50,36.259587
-1.145726,50,36.280211
-1.175394,51,36.300503
-1.413472,51,36.519682
-1.311898,50,36.541699
-1.395012,51,36.562634
-1.416489,51,36.583405
-1.274921,51,36.604023
-1.065962,50,36.624879
-1.245818,51,36.646021
-1.358616,52,36.666056
-1.315921,52,36.687974
-1.301068,51,36.709968
-1.212906,51,36.731585
-1.580589,51,36.751846
-1.198773,51,36.773762
-1.30557,51,36.794701
-1.178136,51,36.815235
-1.332648,51,36.837484
-1.304954,51,36.860186
-1.202405,52,36.88308
-1.195283,51,36.906577
-1.486265,51,36.92819
-1.213049,50,36.950082
-1.353036,51,36.973175
-1.300935,51,36.996962
-1.35534,52,37.018683
-1.585656,51,37.042748
-1.179024,51,37.064604
-1.153439,51,37.084882
-1.367112,51,37.106559
-1.210344,51,37.127924
-1.201358,51,37.149328
-1.268514,51,37.171616
-1.496717,51,37.191952
-1.631746,51,37.21379
-1.134877,51,37.234851
-1.291838,51,37.257021
-1.141596,51,37.278411
-1.357583,51,37.301166
-1.39712,51,37.325928
-1.276119,51,37.349285
-1.243809,51,37.372696
-1.274447,52,37.629726
-1.19684,51,37.652439
-1.166169,50,37.673718
-1.227625,51,37.692894
-1.379287,51,37.71386
-1.102982,51,37.734605
-1.098142,51,37.756824
-1.061391,51,37.784043
-1.138022,51,37.810824
-1.187867,51,37.834085
-1.209569,51,37.86129
-1.2792,51,37.893829
-1.260731,51,37.919398
-1.136777,51,37.948445
-1.213704,51,38.016563
-1.226906,51,38.05708
-1.223233,52,38.08102
-1.177211,51,38.106069
-1.099032,52,38.12939
-1.188941,51,38.15167
-1.173196,50,38.174904
-1.520265,51,38.202144
-1.156247,50,38.228887
-1.221104,51,38.254965
-1.223825,50,38.28267
-1.232843,51,38.316201
-1.131807,52,38.349729
-1.183907,51,38.376766
-1.136922,51,38.406209
-1.459442,51,38.448564
-1.202257,51,38.508629
-1.50678,51,38.541094
-1.3114,51,38.569532
-1.139823,52,38.598944
-1.186691,52,38.634828
-1.077219,51,38.691197
-1.132656,51,38.723379
-1.544274,51,38.775807
-1.306257,51,38.800336
-1.250505,51,38.826065
-1.31359,50,39.127697
-1.28942,51,39.150939
-1.234123,50,39.176359
-1.250903,51,39.202821
-1.391981,51,39.225599
-1.214501,51,39.248399
-1.300916,51,39.269442
-1.224777,52,39.291061
-1.250298,52,39.312434
-1.293057,52,39.333951
-1.214733,52,39.357338
-1.203956,51,39.380438
-1.144754,52,39.402712
-1.059887,51,39.427556
-1.180615,51,39.45066
-1.33404,51,39.473299
-1.149761,50,39.493636
-1.170543,51,39.515219
-1.223863,51,39.536287
-1.259385,51,39.557756
-1.201662,51,39.578234
-1.225481,51,39.599185
-1.133937,50,39.619652
-1.175242,50,39.642227
-1.419611,51,39.663687
-1.243679,51,39.684855
-1.101439,51,39.706201
-1.323941,51,39.727143
-1.238662,50,39.747345
-1.125763,51,39.76807
-1.343458,51,39.790022
-1.317097,51,39.810843
-1.170255,51,39.832087
-1.503759,52,39.853492
-1.350765,52,39.875837
-1.206663,52,39.897204
-1.011861,50,39.918493
-1.161345,50,39.940042
-1.159431,51,39.960572
-1.120958,51,39.981418
-1.365544,51,40.206239
-1.19771,51,40.227147
-1.074538,50,40.247631
-1.183857,51,40.268324
-1.163809,50,40.289789
-1.349348,51,40.310932
-1.096243,51,40.332458
-1.079137,51,40.354687
-1.248014,52,40.376805
-1.328482,51,40.397322
-1.217797,51,40.418133
-1.255842,51,40.439614
-1.350104,52,40.460756
-1.178891,50,40.481112
-1.167792,52,40.502221
-1.3069,52,40.524418
-1.194092,51,40.545438
-1.172297,51,40.566793
-1.456137,51,40.588314
-1.157139,51,40.609546
-1.123313,50,40.63026
-1.244772,51,40.651155
-1.196188,52,40.673614
-1.258863,51,40.694672
-1.201194,52,40.715947
-1.130793,51,40.736701
-1.208066,50,40.75783
-1.078844,51,40.779827
-1.204589,51,40.803043
-1.183305,51,40.865233
-1.381872,51,40.902409
-1.28014,51,40.929492
-1.152962,51,40.959665
-1.234853,50,40.990049
-1.371491,51,41.020528
-1.276174,52,41.047948
-1.273271,51,41.079044
-1.167295,51,41.13456
-1.203247,50,41.171306
-1.209247,51,41.200938
-1.358639,51,41.450188
-1.314235,51,41.474469
-1.198128,52,41.49846
-1.226218,51,41.521202
-1.164573,52,41.543916
-1.342368,51,41.56715
-1.189395,51,41.590257
-1.208965,51,41.61112
-1.32776,51,41.632005
-1.138435,50,41.652667
-1.134816,51,41.673609
-1.202586,51,41.694485
-1.327917,51,41.715417
-1.130729,52,41.736837
-1.279394,51,41.758829
-1.200462,50,41.779515
-1.310342,51,41.800283
-1.370816,51,41.821578
-1.127508,50,41.842051
-1.155909,51,41.86487
-1.158644,51,41.889194
-1.371069,51,41.910037
-1.423625,51,41.931257
-1.253728,51,41.951879
-1.073959,51,41.974286
-1.234131,50,41.994566
-1.28617,51,42.015175
-1.355432,51,42.035398
-1.181652,50,42.056408
-1.302284,51,42.077231
-1.121694,50,42.098147
-1.226518,52,42.119602
-1.176118,51,42.14207
-1.122383,51,42.162958
-1.121111,50,42.183601
-1.104107,50,42.204847
-1.307906,51,42.225746
-1.264533,51,42.24698
-1.173186,51,42.269009
-1.134612,51,42.29137
-1.020316,50,42.311674
-1.147564,50,42.560954
-1.131151,51,42.586233
-1.190674,52,42.612678
-1.272611,51,42.63505
-1.231443,52,42.656987
-1.189655,50,42.677336
-1.088424,51,42.69836
-1.12359,51,42.719245
-1.224021,51,42.740555
-1.114056,51,42.763498
-1.084199,51,42.784766
-1.25535,51,42.806185
-1.310849,51,42.826881
-1.32526,51,42.847646
-1.125409,50,42.86809
-1.224917,51,42.889735
-1.154397,52,42.910896
-1.18571,52,42.932075
-1.156199,51,42.95377
-1.391699,52,42.975618
-1.328662,51,42.997172
-1.402868,51,43.017739
-1.092461,51,43.03941
-1.249878,51,43.060332
-1.080858,52,43.081304
-1.139424,51,43.10199
-1.176738,51,43.123949
-1.104452,50,43.144417
-1.172837,51,43.165111
-1.193894,51,43.186253
-1.085766,51,43.208028
-1.121691,52,43.229501
-1.284034,52,43.250982
-1.12328,51,43.272249
-1.110157,51,43.293258
-1.078899,50,43.313984
-1.193829,52,43.33505
-1.096989,51,43.35726
-1.119069,51,43.37735
-1.137946,50,43.398811
-1.407015,51,43.616027
-1.483736,51,43.637476
-1.095369,51,43.65904
-1.168629,51,43.679425
-1.122904,51,43.699511
-1.293521,51,43.720566
-1.082845,51,43.741243
-1.08701,50,43.760862
-1.227361,52,43.78222
-1.137,51,43.803243
-1.144178,51,43.825355
-1.184134,51,43.846022
-1.267245,51,43.869116
-1.152059,50,43.893634
-1.283267,51,43.914856
-1.128828,51,43.935908
-1.330346,51,43.957688
-1.211567,52,43.979106
-1.13637,51,43.998357
-1.264238,51,44.019137
-1.306956,52,44.040969
-1.334977,51,44.06146
-1.103651,52,44.082055
-1.294119,51,44.102133
-1.211107,51,44.123969
-1.218131,52,44.145663
-1.427294,51,44.166465
-1.107661,51,44.185879
-1.29106,51,44.208005
-1.147173,52,44.229019
-1.207046,51,44.249917
-1.327081,51,44.270772
-1.121973,51,44.291349
-1.302942,52,44.3126
-1.441485,51,44.33243
-1.238652,51,44.353893
-1.438105,51,44.374983
-1.188316,51,44.396339
-1.185309,51,44.416564
-1.364587,51,44.437434
-1.038772,51,44.659248
-1.229778,50,44.679971
-1.27866,51,44.70077
-1.160881,51,44.721973
-1.212404,51,44.742055
-1.10502,50,44.762508
-1.195999,51,44.78368
-1.220852,50,44.803499
-1.237765,51,44.824271
-1.145055,51,44.844596
-1.303784,51,44.86436
-1.18193,51,44.885494
-1.226505,52,44.90691
-1.480155,52,44.92985
-1.150195,51,44.993667
-1.104541,51,45.025578
-1.183442,51,45.060252
-1.267888,51,45.089287
-1.087181,51,45.113222
-1.14561,51,45.136357
-1.152371,51,45.160499
-1.142342,51,45.183055
-1.17107,51,45.205916
-1.129878,51,45.228513
-1.147504,51,45.250537
-1.205999,51,45.271602
-1.168766,51,45.29212
-1.126198,51,45.312594
-1.319106,51,45.333481
-1.240946,51,45.355206
-1.113735,51,45.376055
-1.248741,51,45.396671
-1.053531,50,45.417062
-1.034155,50,45.437908
-1.177574,51,45.459091
-1.104298,51,45.479631
-1.160751,51,45.498878
-1.198996,50,45.518889
-1.043307,50,45.54028
-1.06362,51,45.560053
-1.280477,52,45.783963
-1.213803,51,45.805416
-1.185224,51,45.827009
-1.059838,52,45.847918
-1.206285,51,45.868675
-1.171488,51,45.890932
-1.182106,51,45.911977
-1.158466,50,45.931902
-1.218444,52,45.953283
-1.355155,50,45.973547
-1.188036,51,45.9945
-1.091899,50,46.014801
-1.153104,52,46.038379
-1.142368,50,46.061103
-1.105597,51,46.082256
-1.267509,51,46.103128
-1.141096,51,46.12336
-1.193671,51,46.144423
-1.173929,52,46.165672
-1.17658,50,46.185853
-1.156999,51,46.20759
-1.32104,51,46.228175
-1.08029,50,46.250325
-1.112062,51,46.272114
-1.17136,51,46.29242
-1.191623,52,46.334025
-1.265808,51,46.364157
-1.546975,52,46.390522
-1.396768,52,46.413107
-1.115235,51,46.43377
-1.068131,50,46.455483
-1.194528,51,46.476691
-1.059548,50,46.497526
-1.289465,51,46.518719
-1.30366,51,46.540828
-1.176266,51,46.561714
-1.187136,51,46.582709
-1.26747,51,46.604004
-1.004054,51,46.624165
-1.297927,50,46.644521
-1.133612,51,46.863423
-1.221227,51,46.88325
-1.126979,51,46.904787
-1.253494,51,46.925872
-1.358896,51,46.946068
-1.302752,52,46.96665
-1.159934,50,46.987733
-1.098439,51,47.008706
-1.191038,51,47.029691
-1.319306,51,47.051261
-1.33589,51,47.07304
-1.242726,51,47.09381
-1.16019,52,47.117217
-1.134155,50,47.13941
-1.325582,51,47.161573
-1.10054,51,47.182459
-1.264085,51,47.204372
-1.19497,51,47.225339
-1.224672,51,47.2463
-1.206885,51,47.274417
-1.146712,51,47.300759
-1.241844,52,47.32511
-1.146433,51,47.351998
-1.013491,51,47.375358
-1.213033,52,47.398727
-1.205277,51,47.422627
-1.153735,51,47.444817
-1.188871,51,47.468107
-1.0708,50,47.491088
-1.070633,51,47.514043
-1.137445,50,47.537212
-1.157949,51,47.560569
-1.179531,51,47.643589
-1.281457,52,47.690225
-1.208956,51,47.716875
-1.21013,50,47.747516
-1.09943,51,47.779081
-1.23987,51,47.807671
-1.10898,51,47.834425
-1.13545,51,47.861396
-1.267216,51,48.134763
-1.268429,51,48.160142
-1.169775,52,48.183058
-1.063968,51,48.207003
-1.098725,51,48.230098
-1.268938,51,48.253279
-1.096363,50,48.278871
-1.200301,51,48.302046
-1.215977,51,48.326218
-1.111289,51,48.34919
-1.203884,51,48.371046
-1.332995,51,48.393406
-1.193057,52,48.415852
-1.107561,51,48.43984
-1.105847,51,48.463607
-1.262776,52,48.485838
-1.231984,51,48.508588
-1.062508,51,48.530283
-1.248871,51,48.551879
-1.098604,51,48.573722
-1.084828,50,48.593976
-1.106556,51,48.615135
-1.088055,50,48.641677
-1.118585,51,48.664374
-1.167102,51,48.687223
-1.089237,51,48.71075
-1.155876,50,48.732373
-1.160703,52,48.776735
-1.052452,50,48.79891
-1.145155,52,48.821817
-1.104856,50,48.842423
-1.225251,51,48.863408
-1.185584,51,48.884424
-1.082168,51,48.906652
-1.035551,51,48.927196
-1.250961,51,48.948261
-1.264916,51,48.970296
-1.093467,52,48.99223
-1.101405,50,49.01268
-1.355908,51,49.031895
-1.148472,51,49.05349
-1.213245,52,49.312229
-1.086831,51,49.334372
-1.217475,51,49.35606
-1.223335,50,49.375644
-1.130414,51,49.396384
-1.196597,51,49.419378
-1.286185,52,49.442355
-1.123587,51,49.46337
-1.075304,51,49.494877
-1.189383,51,49.51608
-1.185821,51,49.538525
-1.239526,51,49.560489
-1.231516,51,49.581503
-1.139217,50,49.601676
-1.320592,51,49.623294
-1.044647,50,49.644089
-1.198913,51,49.664454
-1.202451,51,49.685258
-1.207151,51,49.70721
-1.055271,50,49.72779
-1.297124,51,49.748391
-1.204853,52,49.769115
-1.188,51,49.790684
-1.065025,51,49.811716
-1.145221,51,49.832682
-1.094013,51,49.85407
-1.012241,51,49.875544
-1.153382,50,49.895938
-1.119829,50,49.91622
-1.145143,50,49.935869
-1.180203,51,49.957554
-1.187797,51,49.978589
-1.348891,51,49.999458
-1.17488,50,50.020366
-1.353649,51,50.04165
-1.205501,52,50.062493
-1.063348,51,50.083506
-1.133147,51,50.105085
-1.144674,52,50.125942
-1.260193,51,50.146652
-1.181648,51,50.375103
-1.125414,50,50.395212
-1.370753,51,50.416263
-1.07337,50,50.436968
-1.201383,51,50.45829
-1.070196,51,50.478878
-1.450489,51,50.499524
-1.098573,50,50.518801
-1.039492,50,50.5399
-1.029455,50,50.56069
-1.025805,51,50.581557
-1.057521,50,50.601747
-1.277004,51,50.623058
-1.288679,51,50.643583
-1.215625,52,50.664312
-1.169169,51,50.688537
-1.16961,50,50.710487
-1.135846,51,50.731097
-1.120928,51,50.751159
-1.288796,51,50.772816
-1.167973,51,50.79378
-1.099033,52,50.815164
-1.075112,50,50.835443
-1.206895,51,50.857182
-1.200574,52,50.878912
-1.197535,51,50.899811
-1.260407,51,50.920979
-1.253433,52,50.941944
-1.18913,52,50.963243
-1.403333,51,50.98443
-1.180727,51,51.006953
-1.111393,51,51.027464
-1.13153,52,51.048682
-1.078456,51,51.071431
-1.082795,51,51.092667
-1.291603,51,51.113781
-1.222717,52,51.135023
-1.084532,50,51.156899
-1.167842,51,51.177952
-1.096697,51,51.198967
-1.198911,51,51.423113
-1.218108,51,51.445885
-1.21955,51,51.467278
-1.233426,51,51.489001
-1.205176,51,51.509943
-1.11185,51,51.5305
-1.184736,51,51.55128
-1.321981,51,51.573134
-1.183522,52,51.594528
-1.268439,50,51.614569
-1.085517,51,51.635527
-1.249465,51,51.657125
-0.948012,50,51.677641
-1.274473,51,51.698355
-1.431592,51,51.71932
-1.116694,51,51.741898
-1.282924,51,51.762667
-1.244513,51,51.784162
-1.203934,51,51.807297
-1.130892,51,51.830053
-1.169927,51,51.852379
-1.198202,51,51.873682
-1.37796,52,51.894716
-1.112029,51,51.915584
-1.229544,50,51.935605
-1.23955,52,51.957411
-1.323286,52,51.978495
-1.046788,51,51.999189
-1.227803,51,52.020425
-1.272701,51,52.042235
-1.088965,50,52.062723
-1.127546,51,52.083812
-1.027194,50,52.104952
-1.22495,51,52.125402
-1.073259,51,52.146027
-1.351299,51,52.167289
-1.187051,51,52.189601
-1.135853,51,52.210586
-1.034068,51,52.23108
-1.19604,51,52.251653
-1.134763,51,52.476894
-1.176919,52,52.498331
-1.120261,51,52.519504
-1.156985,51,52.54038
-1.086415,52,52.561272
-1.207174,51,52.58245
-1.192644,51,52.603147
-1.286539,51,52.624693
-1.068283,52,52.64545
-1.131165,51,52.665645
-1.119689,51,52.685171
-1.101148,50,52.706647
-1.108962,51,52.727189
-1.155077,51,52.747745
-1.074564,50,52.767354
-1.213724,50,52.788465
-1.218702,51,52.809111
-1.321426,51,52.829852
-1.204029,51,52.850937
-1.316944,51,52.871037
-1.21152,51,52.892021
-1.362792,51,52.912518
-1.286251,51,52.932957
-1.434354,50,52.952431
-1.135498,51,52.974643
-1.119111,51,52.995732
-1.182406,50,53.016236
-1.318106,51,53.036373
-1.087609,51,53.057194
-1.240475,51,53.07806
-1.172138,52,53.098943
-1.299597,51,53.119298
-1.104071,52,53.140852
-1.103414,52,53.16228
-1.182122,51,53.183369
-1.16313,51,53.205421
-1.143713,52,53.227441
-1.330814,51,53.248396
-1.226373,51,53.269287
-1.374097,51,53.290288
-1.216882,52,53.517233
-1.19822,51,53.538812
-1.222873,52,53.559842
-1.112919,51,53.580821
-1.112202,51,53.601826
-1.210822,51,53.622938
-1.192402,51,53.643191
-1.150621,51,53.66382
-1.240079,51,53.684832
-1.029589,50,53.705722
-1.103199,50,53.725379
-1.290442,51,53.746237
-1.241289,51,53.766523
-1.045852,50,53.786054
-1.204234,51,53.807396
-1.030922,50,53.826945
-1.141283,51,53.84764
-1.172676,51,53.868706
-1.212252,51,53.88923
-1.184532,51,53.910009
-1.193598,52,53.931439
-1.137986,51,53.952271
-1.391052,52,53.973511
-1.295861,51,53.99406
-1.240343,51,54.015091
-1.073202,52,54.035336
-1.069644,51,54.159975
-1.489135,52,54.211703
-1.171631,51,54.234264
-1.292549,51,54.255821
-1.234862,52,54.277534
-1.166143,50,54.298008
-1.177565,51,54.319056
-1.117899,51,54.340817
-1.168347,51,54.361787
-1.333531,52,54.382492
-1.256352,51,54.403574
-1.137206,51,54.424922
-1.164847,51,54.445623
-1.094496,50,54.466211
-1.250854,52,54.688623
-1.093173,51,54.709902
-1.153859,50,54.73049
-1.122506,51,54.75053
-1.19909,51,54.772078
-1.268464,51,54.79263
-1.151456,51,54.812383
-1.09761,51,54.833262
-1.41112,51,54.854076
-1.175408,51,54.874809
-1.303509,51,54.895601
-1.155756,51,54.916397
-1.17947,51,54.93617
-1.147887,51,54.957308
-1.176463,52,54.977978
-1.113404,51,54.997245
-1.201107,51,55.018189
-1.165269,51,55.040028
-1.255256,52,55.060603
-1.302045,51,55.080486
-1.170584,50,55.101259
-1.203395,51,55.122005
-1.134305,51,55.14245
-1.167934,50,55.163066
-1.087606,50,55.183654
-1.115917,51,55.205169
-1.012045,51,55.225953
-1.194627,51,55.245805
-1.128503,51,55.266142
-1.127672,51,55.286756
-1.136833,50,55.306402
-1.110733,51,55.327472
-0.997169,50,55.347614
-1.137535,50,55.367259
-1.116087,51,55.388562
-1.2414,51,55.409302
-1.244747,51,55.428752
-1.124206,51,55.449995
-1.170987,51,55.471405
-1.050946,52,55.492016
-1.192583,51,55.51285
-1.068451,51,55.727503
-1.031108,50,55.747299
-1.193211,51,55.768418
-1.106851,52,55.789265
-1.145303,52,55.809997
-1.398154,52,55.830494
-1.074803,51,55.850732
-1.164063,52,55.872375
-1.156234,51,55.892433
-1.103495,51,55.912759
-1.191066,51,55.933662
-1.08075,51,55.953466
-1.20836,50,55.974436
-1.144343,51,55.994721
-1.0568,50,56.014666
-1.189947,51,56.035306
-1.189181,51,56.055411
-1.088515,51,56.076123
-1.139441,51,56.096362
-1.270488,51,56.116273
-1.232372,51,56.13776
-1.125471,51,56.157787
-1.101151,51,56.178499
-1.247562,52,56.199057
-1.104328,51,56.218653
-1.408474,52,56.240947
-1.163195,51,56.260337
-1.024777,50,56.28052
-1.238641,52,56.301064
-1.085425,52,56.322884
-1.011316,50,56.343397
-1.218521,51,56.363781
-1.199998,51,56.383131
-1.213655,51,56.403909
-1.191481,51,56.424446
-1.186325,51,56.445065
-1.193112,51,56.465739
-1.19095,51,56.485769
-1.105679,50,56.50724
-1.270053,51,56.527517
-1.284688,51,56.741353
-1.096082,51,56.761595
-1.218882,51,56.781522
-1.165672,51,56.802368
-1.113784,50,56.822303
-1.125656,51,56.843001
-1.24296,51,56.863351
-1.155896,51,56.884293
-1.170363,51,56.904725
-1.216807,51,56.925509
-1.169835,52,56.945637
-1.052865,51,56.965418
-1.051684,51,56.985882
-1.072939,51,57.007692
-1.193173,51,57.027348
-1.127608,51,57.047486
-1.137346,51,57.066749
-1.193848,51,57.086739
-1.283043,51,57.108218
-1.147777,50,57.127657
-1.09996,52,57.148798
-0.883687,50,57.169242
-1.397079,51,57.190416
-1.154096,51,57.210966
-1.290977,51,57.231791
-1.257559,51,57.252842
-1.237142,51,57.274282
-1.032759,52,57.295348
-1.24227,51,57.316535
-1.127101,51,57.33798
-1.281712,51,57.358658
-1.203629,52,57.378812
-1.110866,50,57.399382
-1.159822,51,57.420799
-1.317283,51,57.441946
-1.175065,52,57.462842
-1.078115,50,57.484805
-1.154147,52,57.508977
-1.263574,51,57.529661
-1.147793,51,57.5494
-1.320676,51,57.770461
-1.241731,51,57.79342
-1.316525,51,57.813113
-1.172726,51,57.833913
-1.121686,51,57.854975
-1.104383,51,57.875705
-1.21811,51,57.896879
-1.296766,52,57.917612
-1.012983,50,57.938686
-1.226043,52,57.958434
-1.112118,51,57.979282
-1.090441,51,57.99938
-1.363379,51,58.020175
-1.070027,51,58.041313
-1.080557,51,58.061023
-1.057362,51,58.081511
-1.08837,51,58.101931
-1.094105,51,58.123925
-1.287156,51,58.154074
-1.224159,51,58.17542
-1.317896,51,58.195436
-1.163685,52,58.216341
-1.126035,51,58.235782
-1.183691,51,58.257883
-1.155408,51,58.278041
-1.065906,50,58.298021
-1.302319,52,58.319349
-1.170953,51,58.339647
-1.043997,51,58.360587
-1.143708,51,58.381451
-0.982154,51,58.402608
-1.248078,51,58.423649
-1.178502,51,58.44499
-1.098553,51,58.466074
-1.055443,51,58.485786
-1.330362,52,58.50716
-1.298897,52,58.528539
-1.207351,51,58.548229
-1.014577,51,58.569027
-1.171685,51,58.589172
-1.111139,51,58.8131
-1.076179,51,58.835138
-1.371214,51,58.856185
-1.04707,51,58.876799
-1.105904,51,58.896874
-1.017296,50,58.916751
-1.02383,50,58.937988
-1.083045,51,58.958138
-1.155524,51,58.978519
-1.189122,51,58.999248
-1.154293,52,59.021832
-1.073181,51,59.042802
-1.145871,51,59.063333
-1.120275,51,59.083992
-1.154741,51,59.105888
-1.127534,51,59.125608
-1.274477,51,59.146645
-1.572777,51,59.166763
-1.237868,51,59.188176
-1.277008,51,59.209215
-1.124696,51,59.230027
-1.176709,50,59.249642
-1.150415,50,59.269681
-1.135849,51,59.289822
-1.115526,51,59.310717
-1.244139,51,59.331284
-1.200432,51,59.350368
-1.267143,51,59.37221
-1.091827,51,59.393578
-1.071671,50,59.414237
-1.090812,51,59.434294
-1.101357,52,59.456997
-1.091081,51,59.476982
-1.315421,52,59.498395
-1.088214,52,59.518984
-1.136229,51,59.540231
-1.211475,51,59.561097
-1.271185,51,59.58114
-1.194342,51,59.601861
-1.115889,52,59.623961
-1.1457,52,59.841318
-1.129282,50,59.860919
-1.155858,52,59.881591
-1.038892,51,59.901141
-1.056232,50,59.921893
-1.156191,50,59.942329
-1.105313,51,59.96202
-1.111224,51,59.982804
-1.21474,51,60.002484
-1.134907,52,60.024223
-1.141457,50,60.044463
-1.182528,52,60.064839
-1.140475,52,60.08551
-1.086006,51,60.105783
-1.045686,51,60.125923
-1.08072,52,60.146705
-1.083768,51,60.167432
-1.29942,51,60.187357
-1.14206,51,60.208617
-1.270012,51,60.228312
-0.996992,50,60.251417
-1.02914,51,60.274077
-1.178722,50,60.295168
-1.204196,52,60.318381
-1.220886,51,60.343493
-0.986835,50,60.368344
-1.182964,51,60.393045
-1.117427,51,60.414082
-1.055357,51,60.435256
-1.32599,51,60.457589
-1.13813,51,60.478699
-1.086311,52,60.499996
-1.321614,51,60.520906
-0.984407,50,60.54154
-1.134267,51,60.562296
-1.150107,51,60.583571
-1.130243,52,60.606507
-1.155143,51,60.627312
-1.111671,51,60.648116
-1.077041,51,60.669212
-1.110515,51,60.885546
-1.064684,51,60.906773
-1.176599,52,60.926737
-1.064462,51,60.946782
-1.259634,51,60.966327
-1.186327,51,60.988149
-1.009334,50,61.007889
-1.154671,51,61.02909
-1.169886,51,61.049068
-1.141131,51,61.069579
-1.07736,51,61.089612
-1.219169,51,61.110086
-1.211228,52,61.130916
-1.137332,51,61.151438
-1.097031,51,61.172336
-1.135644,51,61.193388
-1.203973,51,61.214295
-1.112934,51,61.235099
-1.030406,51,61.256024
-1.0719,50,61.276551
-1.131297,52,61.296165
-1.126888,51,61.316461
-1.131974,51,61.336286
-1.192079,51,61.357669
-1.106333,52,61.378087
-1.346536,51,61.398121
-1.063669,50,61.418162
-1.160587,51,61.439669
-1.087604,51,61.4592
-1.087001,51,61.480211
-1.13957,51,61.500376
-1.105283,51,61.522208
-1.06036,52,61.542591
-1.18701,51,61.563888
-1.201879,51,61.583791
-1.108326,51,61.6049
-1.208267,51,61.625226
-1.153492,51,61.645868
-1.095426,51,61.665924
-1.123812,51,61.687654
-1.191567,50,61.902915
-1.206744,51,61.925416
-1.006137,52,61.9456
-1.20837,51,61.966448
-1.078491,52,61.986572
-1.184907,50,62.007341
-1.036825,52,62.026976
-1.106571,51,62.047894
-1.029789,51,62.068223
-1.144795,51,62.089283
-1.143233,51,62.109028
-1.123468,51,62.130045
-1.096281,51,62.149269
-1.393467,51,62.170975
-1.098618,51,62.19104
-1.278098,51,62.211901
-1.208334,51,62.231731
-1.078516,51,62.252102
-1.077198,51,62.272915
-0.999786,51,62.293574
-1.052262,51,62.313812
-1.081758,51,62.333958
-1.096194,51,62.354955
-1.001109,50,62.374025
-1.198501,52,62.39589
-1.38925,52,62.417226
-1.077509,51,62.440316
-1.295807,51,62.462157
-1.185514,50,62.482138
-1.051511,51,62.502932
-1.129515,51,62.523918
-1.134137,51,62.54381
-1.140151,52,62.565226
-0.948115,50,62.585338
-1.068534,52,62.606449
-1.029685,51,62.626725
-1.010756,51,62.6474
-1.069551,50,62.666699
-1.17739,51,62.688046
-1.27523,51,62.707835
-1.062286,52,62.729004
-0.983888,50,62.948993
-1.120967,52,62.971376
-1.107886,51,62.992968
-1.106441,51,63.014017
-1.215276,51,63.035773
-1.127865,51,63.057707
-1.045491,51,63.079018
-1.237178,51,63.099689
-1.094958,51,63.121262
-1.109726,51,63.142283
-1.098423,51,63.162015
-1.343704,51,63.183338
-1.115329,51,63.204796
-1.056505,51,63.225463
-1.16751,51,63.246261
-1.158369,51,63.267028
-1.028786,50,63.286319
-1.164261,52,63.308059
-1.231836,51,63.328594
-1.057183,51,63.349348
-1.104413,51,63.369709
-1.149962,51,63.390771
-1.29177,51,63.411545
-1.01285,50,63.432268
-1.07686,51,63.451938
-1.075534,51,63.473513
-1.249442,52,63.494788
-1.007677,51,63.515702
-1.205048,51,63.53523
-1.175785,51,63.556954
-1.172024,51,63.579158
-1.258884,51,63.600297
-1.029826,52,63.621685
-1.03441,51,63.643101
-1.15188,51,63.664229
-1.140568,51,63.684036
-1.126495,51,63.705638
-0.978181,50,63.726278
-1.058084,51,63.747995
-1.067167,51,63.767758
-1.143436,51,63.998588
-1.120658,51,64.023535
-0.940336,51,64.050074
-1.265277,51,64.077096
-0.935188,51,64.106172
-1.038846,52,64.132636
-1.10142,50,64.158419
-1.019603,51,64.183563
-0.952286,50,64.208805
-1.211038,51,64.234795
-1.11868,52,64.260923
-1.083942,52,64.28305
-1.011407,50,64.304396
-1.206635,52,64.326091
-0.955973,50,64.346418
-1.122168,51,64.366702
-1.079167,51,64.387807
-1.147067,51,64.408796
-1.003047,50,64.429314
-1.128608,51,64.450042
-1.312787,51,64.470281
-1.308204,51,64.491709
-1.08051,51,64.512495
-1.111186,51,64.533424
-1.091644,51,64.55475
-1.298744,51,64.575876
-1.174025,51,64.59698
-1.09002,51,64.618487
-1.123054,51,64.639692
-1.072273,51,64.660146
-0.942377,50,64.684802
-1.076376,51,64.709371
-0.920016,51,64.732434
-1.216065,51,64.756224
-1.24044,51,64.778391
-0.930375,50,64.799617
-1.187878,51,64.821263
-1.001672,50,64.841829
-1.077002,51,64.861738
-1.042389,50,64.882076
-0.985473,51,65.110826
-1.094956,51,65.131807
-1.163748,51,65.151337
-1.20276,51,65.172495
-1.140141,51,65.194097
-1.050882,51,65.21462
-1.007996,51,65.235413
-1.141698,51,65.256916
-1.120062,51,65.278927
-1.153578,51,65.300701
-1.116653,51,65.323995
-1.230108,51,65.344181
-1.153257,51,65.366531
-1.065247,51,65.388522
-1.090429,52,65.409719
-1.035753,51,65.430109
-1.176256,51,65.450529
-1.326852,51,65.472327
-1.091712,50,65.492695
-1.062675,52,65.512793
-1.223607,51,65.533453
-0.99504,51,65.555638
-1.027542,52,65.577103
-1.078439,51,65.596896
-0.994803,50,65.61735
-0.964862,51,65.638961
-1.012802,51,65.658914
-1.04483,51,65.679883
-1.248533,52,65.701293
-1.008276,51,65.722966
-1.133202,50,65.743127
-1.498652,51,65.763972
-1.155808,51,65.785061
-1.142092,51,65.805846
-1.070682,51,65.82665
-1.283453,51,65.846248
-1.125039,51,65.867132
-1.352922,51,65.888071
-0.892476,51,65.908641
-1.269977,51,65.928872
-1.005609,51,66.14566
-0.956041,50,66.166076
-1.045073,51,66.18599
-0.950957,50,66.206467
-1.051853,51,66.227313
-1.157257,52,66.248285
-1.011722,51,66.26899
-1.164798,51,66.289358
-1.001291,51,66.310675
-1.200704,51,66.331174
-1.07652,52,66.351066
-1.230094,51,66.376537
-0.975734,50,66.403281
-1.023061,51,66.428849
-1.060115,51,66.451621
-1.180712,51,66.474411
-1.067231,50,66.495484
-1.117799,51,66.516525
-1.02673,52,66.53707
-1.139516,50,66.559563
-1.121258,51,66.582056
-1.042383,51,66.603473
-1.080819,51,66.626711
-1.180024,51,66.647114
-1.086963,51,66.668654
-1.102238,52,66.692034
-0.980132,50,66.712584
-1.039841,50,66.734533
-1.115229,51,66.759629
-1.10398,51,66.782493
-1.032448,52,66.805881
-1.044411,51,66.826895
-0.976665,51,66.847612
-1.189964,51,66.871974
-1.055869,52,66.896095
-1.052414,51,66.922767
-0.952215,50,66.944849
-1.224567,51,66.966573
-1.009107,50,66.988061
-1.118049,51,67.009121
-1.033754,51,67.225244
-1.038008,51,67.246392
-1.162645,51,67.266525
-1.026288,51,67.28808
-1.199686,51,67.309062
-1.056554,51,67.329042
-1.027105,51,67.348227
-1.119163,51,67.368699
-1.085315,52,67.395226
-1.067724,51,67.416834
-1.067952,51,67.4558
-1.081975,51,67.483768
-1.020587,51,67.505566
-1.053738,51,67.526406
-1.037443,51,67.547141
-1.053789,50,67.567427
-0.98153,50,67.588411
-0.943173,52,67.609133
-1.281914,51,67.629655
-0.979551,50,67.650375
-1.264147,51,67.671817
-1.213051,51,67.691611
-1.010729,50,67.711644
-1.286853,51,67.732572
-1.432938,51,67.753477
-1.040645,51,67.774322
-1.09883,52,67.79563
-1.158275,51,67.816305
-0.935633,50,67.836968
-1.126251,51,67.859153
-1.112455,51,67.879919
-1.310398,51,67.901184
-1.156877,52,67.925634
-1.065285,51,67.948918
-1.064018,51,67.972412
-1.172979,51,67.99337
-1.131244,51,68.014279
-0.974085,51,68.034554
-1.353218,51,68.055333
-1.068337,51,68.076523
-1.000078,52,68.298689
-1.068745,51,68.317962
-1.149869,51,68.340093
-0.992493,50,68.359678
-1.148753,51,68.380196
-1.140586,51,68.401159
-1.015645,50,68.421626
-1.122599,51,68.44163
-1.159606,52,68.471232
-1.15336,51,68.494626
-1.238657,51,68.515563
-1.119234,51,68.536638
-1.262285,52,68.557264
-1.27933,51,68.578326
-1.005333,51,68.599163
-1.21113,51,68.619841
-1.017248,50,68.639228
-1.155873,50,68.659819
-1.039249,51,68.680613
-0.963964,50,68.700583
-1.046604,51,68.721292
-1.038142,51,68.741972
-1.059805,51,68.762784
-1.244473,52,68.782723
-1.142258,51,68.80345
-0.959335,51,68.829625
-1.078155,51,68.851349
-1.089644,51,68.872492
-1.087954,52,68.893806
-1.095184,52,68.914931
-1.191099,51,68.945637
-1.301719,51,68.970844
-1.012626,51,68.993281
-1.071613,51,69.015356
-0.977344,51,69.037572
-1.0237,51,69.058816
-1.078591,51,69.079797
-0.954006,50,69.100116
-0.905545,51,69.121611
-1.03751,51,69.142566
-1.042034,51,69.163612
-1.001879,52,69.401485
-1.052236,51,69.425419
-0.999621,52,69.446527
-1.310165,51,69.468219
-1.049389,51,69.489358
-1.006647,51,69.510217
-1.197568,52,69.531323
-1.250154,51,69.551052
-1.00328,51,69.572424
-1.02283,52,69.593745
-1.131383,51,69.614974
-1.085028,51,69.634676
-1.055806,51,69.656037
-0.970914,51,69.677006
-1.189868,51,69.697737
-1.106436,51,69.7197
-1.235822,51,69.740651
-0.976279,51,69.761791
-0.932144,50,69.782116
-1.095636,51,69.801857
-1.090422,51,69.823239
-1.194597,51,69.844363
-1.306907,51,69.865693
-1.032449,51,69.887582
-1.053195,51,69.908957
-1.121165,51,69.931412
-0.930938,52,69.95645
-1.145556,51,69.978955
-1.026636,51,70.006155
-1.092794,51,70.029191
-1.093969,51,70.050888
-1.014274,51,70.071343
-0.942639,50,70.091453
-1.013937,51,70.111309
-1.120048,52,70.13257
-1.024693,50,70.153505
-1.207161,51,70.174265
-1.059512,51,70.194091
-1.125088,51,70.215162
-0.931312,50,70.235467
-1.041817,51,70.458803
-1.158626,51,70.47937
-1.165533,51,70.499499
-1.259628,51,70.519584
-1.020917,51,70.541342
-0.980167,51,70.562147
-1.053041,52,70.582235
-1.068757,51,70.603641
-1.042343,52,70.624438
-1.164303,51,70.645222
-0.955954,50,70.665755
-1.245781,51,70.686497
-1.205705,52,70.708106
-1.027992,52,70.73246
-0.741281,51,70.757292
-1.096629,52,70.779347
-0.973026,50,70.800496
-0.977267,51,70.822044
-1.21833,51,70.842067
-0.99136,52,70.863423
-1.293909,51,70.884406
-1.046894,50,70.904426
-1.100926,51,70.925408
-1.133912,52,70.945798
-1.075205,51,70.966274
-0.997394,51,70.987146
-1.020139,51,71.007393
-1.017264,51,71.027996
-1.133394,51,71.048737
-1.117989,52,71.06995
-0.956253,50,71.090296
-1.07729,51,71.111186
-0.941359,50,71.13188
-1.234767,51,71.153556
-1.156304,51,71.17392
-1.013178,52,71.194673
-1.012609,51,71.216875
-1.013946,51,71.241404
-1.200009,51,71.267638
-1.042235,50,71.292344
-1.089388,51,71.515585
-1.024196,51,71.535129
-1.148352,51,71.557539
-1.01261,52,71.579026
-1.016301,50,71.598259
-1.043289,52,71.619478
-1.064726,51,71.640954
-1.034205,51,71.66524
-1.033398,51,71.686684
-1.203752,51,71.70825
-1.035671,51,71.729551
-1.225212,51,71.750359
-0.9722,50,71.775809
-1.03494,52,71.797684
-1.036691,51,71.832103
-0.985145,51,71.856249
-1.007137,51,71.877875
-1.128978,52,71.899272
-1.170381,52,71.920789
-1.048708,52,71.942071
-1.009547,51,71.962937
-1.199033,52,71.983899
-1.005872,51,72.005237
-0.995252,51,72.026282
-1.133953,52,72.047807
-1.125025,51,72.068252
-1.279395,51,72.090354
-1.223079,51,72.110198
-1.052394,51,72.132201
-0.982146,51,72.156572
-1.008029,51,72.178704
-1.111191,51,72.205512
-1.188131,51,72.227866
-1.001552,50,72.250281
-0.985934,52,72.274378
-0.917284,50,72.29525
-1.014166,50,72.316717
-1.043882,51,72.339313
-1.152665,51,72.362314
-0.955043,50,72.384832
-1.112268,51,72.613561
-0.940227,51,72.634367
-1.518504,51,72.656304
-1.094429,51,72.68199
-1.101954,52,72.705665
-1.237245,51,72.741456
-0.987679,50,72.76401
-1.211829,51,72.785435
-1.022907,50,72.806297
-1.114966,51,72.826838
-0.909537,51,72.847932
-0.951453,50,72.868366
-1.114651,51,72.888532
-1.189261,51,72.908665
-1.125925,52,72.928416
-1.032332,51,72.948781
-1.001456,51,72.970229
-1.018937,51,72.990047
-1.086358,51,73.010474
-0.88183,51,73.030148
-1.02754,51,73.050876
-1.171761,51,73.071319
-1.011448,51,73.092437
-0.999303,51,73.112762
-1.180241,51,73.132987
-1.114393,51,73.15425
-1.19615,51,73.1747
-0.988419,51,73.202005
-1.089139,51,73.228428
-1.091563,51,73.258659
-1.118031,51,73.284029
-1.106617,51,73.309899
-1.022378,51,73.334413
-1.048088,52,73.359283
-1.181229,52,73.380981
-1.089134,52,73.40232
-0.836767,51,73.426931
-1.079514,52,73.451525
-0.982607,52,73.477617
-1.106136,51,73.504986
-1.127964,51,73.735016
-1.039678,51,73.756233
-1.14707,51,73.777306
-1.284155,51,73.797498
-0.97859,52,73.818619
-1.144253,52,73.839729
-1.079567,51,73.860452
-1.100008,51,73.880772
-0.817403,51,73.900925
-0.902987,51,73.922438
-0.945133,50,73.943012
-1.079467,51,73.964223
-1.206923,51,73.9839
-1.022087,51,74.005526
-0.9369,50,74.025632
-1.041919,51,74.044842
-1.023098,51,74.06501
-1.031495,51,74.086917
-0.948661,51,74.107001
-1.036987,51,74.127733
-1.155958,51,74.148079
-0.850337,51,74.16825
-1.176435,51,74.189453
-1.036704,51,74.20943
-1.208756,51,74.23043
-1.010623,51,74.251321
-1.167007,51,74.271689
-0.941702,52,74.293038
-1.030864,52,74.314615
-1.02662,51,74.334226
-0.955085,51,74.355458
-1.260427,51,74.376522
-0.93333,51,74.397067
-1.066011,51,74.41791
-1.111263,51,74.437878
-1.053156,51,74.458598
-1.130001,51,74.479245
-1.026325,51,74.499026
-1.139192,52,74.520749
-1.340358,51,74.540975
-1.038445,51,74.759846
-0.951741,51,74.779878
-1.084564,51,74.800103
-1.001197,52,74.822484
-1.107542,51,74.842909
-0.95724,51,74.862852
-1.128679,51,74.884547
-1.034806,51,74.908252
-1.143252,51,74.931915
-0.953477,50,74.955169
-1.02131,51,74.97849
-1.030842,51,75.002202
-1.007147,51,75.025218
-1.057879,51,75.048003
-1.039525,51,75.072882
-0.99388,51,75.096784
-1.012281,51,75.122842
-1.041208,51,75.148366
-1.137293,51,75.174769
-1.020602,51,75.20115
-0.960093,50,75.228117
-1.138086,51,75.255866
-1.035794,51,75.279791
-1.000951,51,75.305744
-1.066921,51,75.330091
-0.916567,51,75.355926
-0.964381,52,75.382173
-1.054103,51,75.409675
-1.080736,52,75.435417
-1.022037,51,75.459655
-1.235722,51,75.487094
-1.06342,51,75.510342
-1.282965,51,75.534797
-1.13439,51,75.556981
-0.996965,51,75.57993
-1.041423,51,75.600783
-0.992875,51,75.621747
-1.085836,51,75.641759
-1.049023,51,75.662157
-0.982801,51,75.682932
-0.99379,51,75.976125
-1.064182,51,75.997724
-1.114326,51,76.021452
-0.922309,51,76.043995
-1.057849,52,76.067198
-0.793032,51,76.090572
-1.0444,52,76.11372
-0.911369,50,76.135394
-1.035963,52,76.158759
-1.195499,52,76.180432
-1.274194,51,76.201192
-0.898294,51,76.222494
-1.060745,51,76.243543
-1.028092,51,76.264474
-0.96991,50,76.284347
-0.924567,51,76.304611
-1.00504,51,76.324747
-0.971965,52,76.34601
-1.053674,52,76.367024
-0.952618,50,76.387239
-1.10872,51,76.408043
-1.206234,51,76.42902
-1.414885,51,76.449695
-1.049043,51,76.469685
-1.002694,52,76.490715
-0.931345,51,76.510441
-0.963866,51,76.530997
-1.111099,51,76.552296
-1.072294,51,76.57232
-0.969403,50,76.592635
-1.098054,51,76.612938
-0.953249,51,76.632671
-1.040955,51,76.654073
-1.069615,52,76.675415
-1.030113,52,76.696449
-1.20645,51,76.716507
-1.134284,51,76.737886
-1.183798,51,76.758386
-1.009188,52,76.778868
-1.046371,51,76.799579
-1.049004,51,77.021534
-1.079033,51,77.042903
-0.993662,51,77.065013
-0.894294,51,77.08722
-0.926821,51,77.108594
-1.133145,52,77.129447
-1.047914,52,77.150674
-0.954792,51,77.172242
-1.147248,51,77.193136
-0.953111,50,77.213768
-1.079598,51,77.233949
-0.711795,52,77.256314
-1.029062,50,77.276211
-1.202929,51,77.296798
-0.997504,50,77.317514
-1.185168,50,77.338945
-1.125223,51,77.358746
-0.965591,51,77.379705
-1.050098,51,77.400569
-0.827176,50,77.421569
-1.189161,51,77.441714
-0.938217,50,77.462394
-0.968507,51,77.483192
-0.884484,51,77.504973
-1.032376,50,77.524643
-0.962863,52,77.545928
-0.883808,51,77.566713
-1.047,51,77.588541
-1.054863,51,77.608352
-1.017522,51,77.628767
-0.95676,50,77.64885
-1.05512,52,77.67068
-0.925411,51,77.690672
-1.237411,51,77.711683
-0.991886,51,77.734957
-0.930752,51,77.76069
-1.091672,51,77.783454
-0.991516,51,77.804908
-0.909311,51,77.825357
-1.00468,51,77.846395
-0.821956,50,77.866731
-1.128606,51,78.095603
-0.879499,50,78.115182
-0.957877,51,78.136362
-1.149906,52,78.15814
-0.96571,52,78.179691
-1.015729,50,78.199821
-0.995968,51,78.224227
-0.942334,51,78.246796
-0.969514,51,78.26819
-0.954417,51,78.292206
-1.005067,51,78.314188
-1.069427,51,78.335391
-1.124151,51,78.35715
-0.917149,52,78.379141
-1.061303,51,78.400029
-0.941168,51,78.421589
-0.978338,51,78.442535
-0.991206,51,78.46351
-0.91035,50,78.483367
-1.047802,50,78.50486
-1.010782,51,78.524527
-1.001411,50,78.545817
-1.011608,50,78.566447
-0.960615,51,78.587933
-0.982145,51,78.608598
-1.216456,51,78.629754
-0.873429,50,78.65029
-1.195759,51,78.672313
-1.186886,51,78.69228
-1.09382,51,78.713137
-1.033077,51,78.734127
-0.848456,51,78.756941
-0.970201,51,78.779433
-0.978231,52,78.803482
-0.883796,51,78.824759
-1.011942,51,78.845614
-0.947124,52,78.867042
-0.968176,51,78.888261
-1.255964,51,78.909176
-1.053659,51,78.930247
-1.054739,51,79.151802
-0.963448,52,79.173837
-0.953729,51,79.195085
-1.060364,52,79.216434
-1.093999,51,79.238647
-1.079196,51,79.260155
-1.155764,51,79.280672
-0.961171,51,79.300345
-0.901645,51,79.322126
-1.002917,51,79.343284
-0.94954,52,79.364328
-0.938372,52,79.384572
-0.963701,52,79.407646
-1.03239,51,79.428683
-0.995769,51,79.449572
-0.917965,51,79.471613
-1.000059,51,79.492474
-0.771805,51,79.513072
-0.967923,51,79.534196
-1.089055,52,79.555523
-1.0038,51,79.576229
-1.065058,50,79.596526
-0.9723,51,79.617081
-0.975169,52,79.639053
-1.05563,51,79.65995
-1.14552,51,79.681231
-1.049141,51,79.70608
-1.05979,50,79.72814
-0.963608,50,79.748893
-1.103569,51,79.770651
-0.922491,51,79.792228
-1.05802,51,79.813028
-0.987353,51,79.833393
-0.963308,52,79.854485
-1.035311,51,79.87565
-1.106439,51,79.896837
-0.957152,51,79.917763
-1.011062,51,79.940199
-0.938417,52,79.962694
-0.990765,51,79.987085
-0.849097,51,80.246963
-0.802076,52,80.270867
-0.895292,51,80.29236
-0.937776,51,80.313669
-0.712304,52,80.342502
-1.037611,51,80.367613
-0.964488,50,80.393339
-0.970294,51,80.41774
-1.158679,51,80.445387
-1.010752,51,80.473417
-0.778175,50,80.496696
-0.96909,51,80.518594
-0.939832,52,80.54083
-0.774914,51,80.561324
-0.876694,50,80.581848
-0.92337,51,80.603516
-0.884714,51,80.62401
-1.036693,52,80.646039
-0.944186,51,80.670387
-0.897862,52,80.693822
-0.929254,51,80.717027
-0.921438,51,80.737897
-1.262602,51,80.758782
-0.869419,51,80.779727
-1.008627,51,80.800762
-1.125687,51,80.822363
-0.915805,51,80.842514
-1.176005,52,80.863394
-0.848405,51,80.884094
-1.071653,52,80.906404
-1.063988,51,80.927177
-0.708094,51,80.948292
-1.029003,51,80.970532
-0.790975,52,80.991407
-1.000582,51,81.01224
-0.908949,51,81.032588
-0.966242,51,81.054588
-1.023585,51,81.075279
-1.015809,50,81.094876
-0.998345,51,81.115732
-1.04057,51,81.33766
-1.060805,51,81.357362
-0.751637,51,81.378418
-1.076145,51,81.399052
-0.866664,50,81.420417
-0.869088,52,81.440206
-0.880826,50,81.460623
-0.8318,51,81.481137
-0.951772,50,81.501578
-0.969201,52,81.523202
-0.92002,51,81.543496
-1.059526,51,81.564731
-1.033138,51,81.585455
-1.003432,52,81.606456
-1.050218,52,81.62775
-0.861867,51,81.64872
-0.808452,51,81.668255
-0.955743,51,81.68957
-1.07032,51,81.70997
-1.050788,51,81.729922
-0.773554,51,81.750225
-1.101277,52,81.772886
-1.100724,51,81.79402
-0.786909,52,81.815195
-0.868577,51,81.836504
-0.846421,50,81.857101
-0.899694,51,81.878142
-0.848129,51,81.899285
-0.999332,51,81.920952
-1.017086,51,81.942091
-1.127754,52,81.961884
-1.20181,52,81.983316
-0.809932,51,82.005357
-0.936003,51,82.026194
-1.057686,51,82.046568
-0.861055,51,82.066561
-0.875174,52,82.088516
-0.889234,51,82.109427
-1.006294,51,82.129274
-1.094356,51,82.150137
-1.102504,51,82.366234
-0.749758,51,82.407163
-0.842609,51,82.434951
-0.744143,52,82.45773
-0.726137,51,82.478935
-0.906451,51,82.49996
-0.928143,51,82.521127
-0.98869,52,82.54222
-0.803514,51,82.563111
-0.729079,52,82.583154
-0.735233,51,82.604649
-0.819762,51,82.624572
-0.899647,51,82.64503
-0.912698,52,82.666256
-1.056043,51,82.686673
-0.832204,51,82.707416
-0.821495,51,82.728237
-0.766741,51,82.74782
-0.991223,51,82.768281
-0.753372,51,82.789202
-0.773556,51,82.809781
-0.865451,50,82.829992
-0.663955,51,82.850017
-0.758323,51,82.871519
-0.727814,52,82.891718
-1.174317,51,82.912646
-1.037367,51,82.933727
-0.696488,50,82.953808
-0.988494,51,82.974694
-0.928763,51,82.995187
-0.859866,51,83.015986
-0.941314,51,83.037259
-0.72758,51,83.057018
-0.846478,51,83.077713
-1.012168,51,83.098284
-0.799434,51,83.117816
-0.859685,52,83.139595
-0.855442,52,83.159835
-0.867705,51,83.179537
-0.698983,51,83.200367
-1.122494,51,83.4184
-0.771391,51,83.439884
-0.857983,51,83.459301
-0.846271,51,83.4799
-0.989581,50,83.500039
-1.01354,51,83.522581
-0.774583,51,83.543308
-0.884371,52,83.563556
-0.893335,51,83.58395
-0.898726,51,83.604435
-0.85284,51,83.625355
-0.770462,51,83.644995
-1.077562,51,83.66546
-0.815698,51,83.685974
-1.055193,51,83.706804
-0.70439,51,83.726656
-0.773458,51,83.747757
-0.878678,51,83.767429
-0.825195,51,83.788528
-0.87311,51,83.80845
-1.033309,51,83.828502
-0.908134,51,83.848127
-0.948329,51,83.869471
-0.891183,52,83.890342
-1.029548,51,83.91033
-0.793684,51,83.931171
-0.999398,51,83.950759
-0.847028,51,83.972157
-0.886463,52,83.992529
-0.849528,51,84.013961
-0.965569,51,84.033838
-1.164287,50,84.055327
-1.072787,51,84.075607
-1.074643,51,84.09629
-0.889699,52,84.116768
-1.047918,51,84.13867
-0.875647,51,84.158666
-0.948149,50,84.179121
-0.860297,51,84.198893
-0.975173,52,84.220554
-1.026875,51,84.43204
-0.909526,52,84.454544
-0.918713,50,84.474025
-0.603898,50,84.494152
-0.941511,51,84.513455
-0.964675,51,84.533683
-0.793449,51,84.554454
-0.869032,51,84.575429
-1.021873,52,84.595176
-0.757132,51,84.615412
-0.963755,51,84.636091
-0.771409,52,84.657677
-1.051993,51,84.677487
-0.873492,50,84.697692
-0.93228,51,84.71727
-0.814321,52,84.738912
-1.101533,51,84.759325
-0.780024,51,84.778831
-0.763246,50,84.798603
-0.857301,51,84.818253
-0.732963,52,84.840276
-0.733046,51,84.859941
-0.833728,52,84.88099
-0.895588,51,84.90057
-1.061647,51,84.922128
-0.729515,52,84.943424
-0.79785,50,84.963993
-0.870711,50,84.98334
-0.815641,51,85.005739
-0.861458,50,85.026055
-0.894493,52,85.047392
-0.857385,50,85.06676
-0.729412,50,85.087933
-0.837326,51,85.107562
-0.81292,50,85.128043
-1.040562,51,85.147851
-0.939757,51,85.168651
-0.818278,52,85.189248
-0.99305,51,85.209522
-0.784985,51,85.230249
-0.964424,51,85.444606
-0.951395,51,85.465647
-0.853871,50,85.485128
-0.825314,50,85.505956
-0.715289,51,85.526127
-0.745412,51,85.54656
-0.96562,51,85.567725
-1.181021,51,85.592594
-0.791336,51,85.623097
-0.771847,51,85.650753
-0.84679,51,85.677516
-0.808743,52,85.699398
-1.138792,51,85.722556
-0.747688,51,85.743417
-0.974149,51,85.763616
-0.751377,51,85.783949
-0.754097,51,85.805235
-0.712501,51,85.82515
-0.745182,51,85.845859
-0.782893,51,85.86563
-0.865507,51,85.886796
-0.737877,51,85.908083
-0.73014,51,85.927322
-0.843426,51,85.947896
-0.725565,51,85.968028
-0.832015,51,85.989259
-0.682754,50,86.008914
-0.761197,52,86.030492
-0.91637,51,86.051224
-0.852385,50,86.071888
-0.742168,51,86.091652
-0.767611,51,86.112503
-0.752066,52,86.133776
-0.895318,51,86.154903
-0.785512,51,86.175773
-0.878256,51,86.19523
-0.918143,51,86.215929
-0.848297,50,86.235987
-0.878689,50,86.258073
-0.769433,51,86.28068
-0.899981,51,86.504283
-0.672639,51,86.525446
-0.942589,51,86.545606
-0.771216,51,86.565531
-0.782526,52,86.588062
-1.108629,51,86.608437
-0.945703,51,86.628469
-0.840876,50,86.648648
-0.875771,51,86.670229
-0.663971,50,86.690523
-0.950719,52,86.711166
-0.769328,52,86.732104
-0.740885,52,86.754637
-0.769678,50,86.775659
-0.803954,51,86.797934
-0.727194,51,86.821266
-0.847692,51,86.842516
-0.836056,50,86.862398
-0.882463,51,86.882168
-0.799745,51,86.902541
-0.838668,52,86.923641
-0.783478,51,86.943836
-1.003964,51,86.964767
-0.751758,51,86.984305
-0.742964,51,87.006056
-0.916961,51,87.027485
-0.776937,51,87.047659
-0.832256,51,87.068531
-1.051281,51,87.089625
-0.908464,51,87.110662
-0.95552,52,87.131341
-1.16392,51,87.151615
-0.987522,51,87.172489
-0.74605,52,87.19412
-0.746736,50,87.214721
-0.758581,51,87.235933
-0.847063,51,87.256465
-0.764181,51,87.276621
-0.863425,50,87.296308
-0.87648,51,87.316153
-1.134548,50,87.336648
-0.680325,51,87.550155
-0.859099,51,87.571445
-0.805805,51,87.591949
-0.952851,51,87.612501
-0.799279,51,87.632276
-0.714531,51,87.65268
-0.878324,51,87.672913
-0.776272,50,87.69321
-0.672611,51,87.712698
-0.867517,51,87.734632
-0.835109,51,87.755099
-0.857467,52,87.776201
-0.611683,51,87.797128
-0.757826,51,87.818079
-0.749292,51,87.83874
-0.783895,51,87.858828
-0.711446,51,87.878575
-0.698361,51,87.898618
-0.746938,51,87.920093
-0.803032,51,87.940482
-0.76766,51,87.960868
-0.898234,51,87.980879
-0.860713,50,88.000731
-0.762442,50,88.021116
-0.833934,51,88.042703
-0.760013,50,88.062071
-0.806772,50,88.082678
-0.705099,51,88.103705
-0.843234,52,88.124529
-0.87039,51,88.144524
-0.743511,50,88.165169
-0.732471,51,88.184848
-0.737141,51,88.207152
-0.829129,51,88.229302
-1.14203,52,88.257753
-0.856042,51,88.28081
-0.844212,51,88.305043
-0.688911,50,88.326992
-0.686185,51,88.348689
-0.806478,51,88.369594
-0.858931,51,88.726797
-0.69926,52,88.755724
-0.938472,51,88.781671
-0.744284,51,88.808155
-0.845482,52,88.833122
-0.747512,51,88.860284
-0.786926,51,88.884383
-1.074388,51,88.909196
-0.76778,51,88.929849
-1.021256,50,88.950199
-0.924316,51,88.971085
-0.904635,51,88.99164
-0.758653,51,89.012915
-0.681849,50,89.032201
-0.792396,52,89.053906
-0.777218,51,89.074824
-0.658995,51,89.094444
-0.701276,51,89.115431
-0.906586,52,89.137127
-0.71202,51,89.157067
-0.821735,52,89.178565
-0.903776,51,89.199461
-0.885266,51,89.220743
-0.735056,51,89.241596
-0.763708,51,89.261745
-0.730242,51,89.28295
-0.816899,51,89.30404
-0.79332,51,89.324678
-0.78531,51,89.345295
-0.782982,50,89.364911
-0.785915,51,89.386228
-0.791277,51,89.407202
-0.709417,51,89.426985
-0.823598,51,89.448223
-0.832846,51,89.467634
-0.71616,51,89.489303
-0.793093,52,89.509828
-1.019487,51,89.530306
-0.733698,52,89.551718
-0.767153,51,89.572313
-0.79316,51,89.797492
-0.735469,51,89.824948
-1.099114,51,89.847169
-0.75435,50,89.869018
-0.718894,51,89.890572
-0.7991,51,89.910383
-0.90168,51,89.931844
-0.794292,51,89.953207
-0.844193,51,89.974338
-0.86637,51,89.996351
-0.763999,51,90.023195
-0.81658,51,90.04875
-1.005154,51,90.076059
-0.749334,51,90.105732
-0.74979,51,90.13289
-0.823171,51,90.158096
-0.9231,52,90.18418
-0.83881,51,90.208938
-0.786888,52,90.233738
-0.731495,51,90.264553
-0.807702,51,90.291959
-0.765859,51,90.316124
-0.917214,51,90.341317
-0.816019,51,90.364578
-0.761201,51,90.387162
-0.7353,51,90.408003
-0.956684,51,90.428952
-0.774138,51,90.450209
-0.752605,51,90.471243
-0.863769,52,90.492125
-0.677485,52,90.512918
-0.810069,51,90.532921
-0.939133,50,90.554626
-0.734424,51,90.575579
-0.616918,51,90.596563
-0.641246,51,90.61643
-0.861087,51,90.63734
-0.743022,51,90.657805
-0.864261,51,90.677752
-0.944304,51,90.698893
-1.064343,51,90.917871
-0.853926,51,90.94003
-0.782198,51,90.960033
-0.835971,50,90.980394
-0.771082,52,91.000102
-0.736767,51,91.022229
-0.962891,52,91.042784
-0.769764,51,91.063398
-0.820742,50,91.08352
-0.731399,50,91.104003
-0.74972,50,91.126563
-0.758069,50,91.159764
-0.720141,51,91.186876
-0.835356,51,91.215174
-0.740844,52,91.244641
-0.744303,51,91.27385
-0.853032,51,91.297784
-0.846624,51,91.320086
-0.738989,50,91.341457
-0.952117,51,91.363211
-0.705522,51,91.383452
-1.120828,52,91.406374
-0.804251,51,91.427464
-0.778467,50,91.448244
-0.896364,51,91.470535
-0.875617,52,91.491653
-0.680428,51,91.512088
-0.736371,51,91.533074
-0.776351,51,91.554158
-0.691126,52,91.57513
-0.8027,51,91.596154
-0.838131,51,91.61577
-1.00999,51,91.637714
-0.776627,50,91.658153
-0.770197,52,91.678685
-0.796417,50,91.698999
-0.772449,51,91.720187
-0.794566,51,91.740636
-0.69992,51,91.761162
-0.75849,51,91.781406
-0.692283,51,91.996579
-0.758695,50,92.017338
-0.856418,51,92.052867
-0.863687,51,92.089198
-1.034104,51,92.15676
-0.867497,51,92.203882
-0.82274,50,92.280374
-0.928315,51,92.324246
-0.721697,51,92.379511
-0.863468,51,92.437769
-0.682956,52,92.495732
-0.779601,51,92.525188
-0.641209,52,92.554684
-0.741868,51,92.583899
-0.841486,51,92.609236
-0.986288,51,92.637643
-0.736371,51,92.662373
-0.794256,51,92.68714
-0.767939,51,92.709886
-0.901629,52,92.732019
-0.81342,51,92.756118
-0.737143,51,92.781783
-0.885719,51,92.806122
-0.766849,52,92.832035
-0.768728,52,92.86045
-0.856926,51,92.926605
-1.051849,51,92.953217
-0.885342,51,92.976362
-0.779107,51,93.00054
-0.719002,51,93.024301
-0.85233,51,93.049535
-0.774838,51,93.074678
-0.773388,52,93.101358
-0.8718,51,93.127361
-0.736235,52,93.150324
-0.829339,52,93.176963
-0.754522,51,93.200996
-0.740014,51,93.226835
-0.706082,51,93.249391
-0.84832,51,93.271333
-0.986746,50,93.51028
-0.72616,51,93.539353
-0.807066,51,93.567023
-0.733092,51,93.592554
-0.821623,51,93.615357
-0.722031,50,93.641491
-0.741491,51,93.665278
-0.753843,51,93.692791
-0.705916,51,93.718768
-0.717532,50,93.742556
-1.019063,51,93.767231
-0.855692,51,93.792752
-1.014834,51,93.816121
-0.82241,50,93.840155
-0.779041,51,93.862148
-0.914076,52,93.883586
-0.898694,51,93.904845
-0.663793,51,93.925493
-0.85046,51,93.946284
-0.654537,51,93.967778
-0.818102,51,93.990993
-0.782215,51,94.013848
-0.877597,51,94.036355
-0.622294,50,94.056946
-0.730526,51,94.077765
-0.882268,51,94.098948
-0.741132,51,94.121
-0.768476,51,94.142449
-0.778728,51,94.164484
-0.822899,51,94.188962
-0.690763,52,94.210932
-0.820322,50,94.231957
-0.920925,51,94.253806
-0.856067,51,94.274972
-0.904729,50,94.298651
-0.686279,51,94.322016
-0.733684,52,94.34439
-0.776216,51,94.370796
-0.911931,51,94.397504
-0.790819,50,94.540041
-0.810667,51,94.610533
-0.785925,52,94.917482
-0.777587,52,94.945443
-0.730569,51,94.968647
-0.752785,51,94.992329
-0.74438,51,95.015319
-0.731861,50,95.040293
-0.790023,51,95.064576
-0.840346,51,95.091571
-0.751308,50,95.11674
-0.69675,52,95.144548
-0.743299,50,95.170418
-0.822526,51,95.195577
-0.703555,50,95.220595
-0.797745,50,95.242543
-0.811561,51,95.264955
-0.85451,51,95.287412
-0.76958,52,95.308692
-0.946118,51,95.329452
-0.84196,51,95.350502
-0.697826,50,95.371365
-0.762277,52,95.392997
-0.841401,50,95.413471
-0.785972,51,95.434187
-0.77765,50,95.455496
-1.103138,51,95.476352
-0.652153,50,95.496773
-0.863415,51,95.517608
-0.727038,50,95.539185
-0.686938,51,95.560108
-0.709225,50,95.581007
-0.763044,51,95.609137
-0.834692,51,95.637208
-0.847133,51,95.665157
-0.984031,52,95.691767
-0.7754,51,95.716723
-0.849547,51,95.741467
-0.787091,51,95.763722
-0.740036,51,95.787537
-0.769615,51,95.808807
-0.716051,50,95.828893
-0.805782,51,96.092976
-0.803516,50,96.121332
-0.784067,51,96.147992
-0.755478,51,96.173997
-0.837766,51,96.19892
-0.737758,51,96.22873
-0.776433,51,96.250901
-0.746164,52,96.274405
-0.880963,50,96.297668
-0.827101,51,96.321348
-0.693308,51,96.343887
-0.864755,51,96.368098
-0.821966,51,96.392558
-0.793556,51,96.414596
-0.76751,51,96.439637
-0.871267,51,96.463908
-0.824687,51,96.48712
-0.726229,51,96.509908
-0.768943,50,96.531278
-0.869699,52,96.552078
-0.801498,51,96.57259
-0.840014,51,96.594093
-0.774543,50,96.615193
-0.699221,52,96.637012
-0.761767,50,96.657463
-0.952275,51,96.677957
-0.692558,52,96.699231
-0.773321,51,96.71991
-0.789328,52,96.741429
-0.701553,51,96.761787
-0.759316,51,96.782673
-0.818189,50,96.804294
-0.749006,52,96.824983
-0.727608,51,96.845596
-0.700834,51,96.866676
-0.815632,51,96.888087
-0.681426,51,96.908725
-0.883027,51,96.929254
-0.734321,50,96.948824
-0.77656,51,96.96977
-0.921871,51,97.189392
-0.767459,51,97.210639
-0.679113,51,97.231499
-0.842615,51,97.252962
-0.867395,51,97.274187
-0.811794,50,97.294574
-0.733282,50,97.333451
-0.668088,52,97.388779
-0.722785,50,97.422687
-0.79391,50,97.447185
-0.732785,51,97.469338
-0.784468,50,97.490909
-0.922297,51,97.512358
-0.761364,51,97.533677
-0.774825,51,97.556158
-0.653552,50,97.581349
-0.796488,51,97.605509
-0.630728,51,97.626967
-0.791608,51,97.648283
-0.727572,51,97.671087
-0.872679,51,97.69218
-0.88795,50,97.712666
-0.806671,51,97.733576
-0.80464,51,97.754922
-0.755348,52,97.781591
-0.764624,51,97.824764
-0.780989,51,97.883628
-0.809109,51,97.91631
-0.89551,52,97.956922
-0.67861,51,97.988674
-0.811591,51,98.015606
-0.906527,51,98.044151
-0.832447,51,98.074675
-0.728182,51,98.106185
-0.685582,50,98.131944
-0.895199,50,98.158251
-0.816777,51,98.183938
-0.821415,50,98.210857
-0.829435,51,98.238974
-0.787069,51,98.264122
-0.697173,51,98.540692
-0.820026,51,98.566257
-0.7185,51,98.593379
-0.75661,51,98.618518
-0.65753,50,98.641722
-0.895162,51,98.663882
-0.86629,51,98.688493
-0.831861,51,98.710454
-0.804907,51,98.734091
-0.732477,51,98.760497
-0.758736,51,98.789321
-0.925759,51,98.842023
-0.808365,51,98.866567
-0.75789,51,98.89163
-0.898501,51,98.914497
-0.84186,51,98.93892
-0.736569,51,98.961757
-0.834179,51,98.984167
-0.628766,50,99.007712
-0.78361,50,99.029415
-0.949088,51,99.052256
-0.810468,52,99.074989
-0.836478,50,99.097144
-0.797921,51,99.119813
-0.726773,52,99.141637
-0.987745,50,99.16272
-0.686494,52,99.184206
-0.756719,51,99.206875
-0.771637,51,99.227556
-0.721588,51,99.267914
-0.702299,50,99.305711
-0.807324,51,99.362882
-0.839871,52,99.412992
-0.914209,51,99.477384
-0.817689,51,99.523045
-0.84611,51,99.561771
-0.704284,50,99.616783
-0.643349,50,99.662898
-0.758657,51,99.697456
-0.724935,51,99.721244
-0.686327,51,99.743496
-0.793047,52,99.977623
-0.662623,51,100.007133
-0.638793,51,100.031825
-0.78655,51,100.054469
-0.750807,51,100.078057
-0.830016,51,100.099783
-0.843371,51,100.121694
-0.744381,51,100.142551
-0.664741,51,100.163504
-0.789012,50,100.184503
-0.736682,51,100.206671
-0.744604,51,100.227673
-0.709288,51,100.249392
-0.778737,51,100.272976
-0.774047,50,100.293783
-0.784663,51,100.314543
-0.737981,51,100.33557
-0.599666,50,100.356718
-0.703741,51,100.377883
-0.693781,52,100.399196
-0.741353,51,100.420671
-0.643996,50,100.440972
-0.811366,52,100.461862
-0.692712,50,100.482166
-0.892877,51,100.504192
-0.743605,51,100.525519
-0.745756,50,100.547308
-0.713671,50,100.567979
-0.758377,51,100.589737
-0.79547,51,100.610783
-0.892429,51,100.63181
-0.914599,51,100.653342
-0.725575,52,100.674458
-0.765627,51,100.695444
-1.007925,51,100.716041
-0.745607,51,100.740779
-0.714801,52,100.76419
-0.743258,52,100.784755
-0.684828,51,100.806264
-1.020232,51,100.827361
-0.67057,51,101.05275
-0.850008,51,101.073923
-0.720002,51,101.095488
-0.655772,51,101.117612
-0.800869,52,101.142111
-0.757348,51,101.166036
-0.854864,51,101.192802
-0.839314,51,101.227892
-0.606646,51,101.257177
-0.789784,51,101.288907
-0.680836,51,101.320651
-0.75529,51,101.346476
-0.882093,51,101.375465
-0.881469,51,101.400212
-0.951108,51,101.426257
-0.696376,52,101.450594
-0.671455,51,101.473307
-0.799721,52,101.497814
-0.78038,52,101.530866
-0.725277,51,101.572996
-0.669458,50,101.608588
-0.855247,51,101.643468
-0.772487,51,101.669869
-0.851769,51,101.695374
-0.748411,52,101.722102
-0.736921,50,101.746858
-0.890639,51,101.77216
-0.664926,51,101.795523
-0.747425,51,101.820689
-0.720979,50,101.846382
-0.792158,51,101.873491
-0.761985,50,101.898341
-0.8293,51,101.923313
-0.715483,50,101.947064
-0.822184,51,101.970807
-0.730531,51,101.994425
-0.746764,52,102.019042
-0.776573,51,102.043281
-0.693421,51,102.067529
-0.722171,51,102.092168
-0.70801,51,102.33433
-0.703594,51,102.357952
-0.703474,51,102.385215
-0.922202,51,102.411628
-0.736537,51,102.438381
-0.750984,51,102.463674
-0.834988,50,102.489433
-0.689566,51,102.516105
-0.735189,51,102.541415
-0.766749,51,102.570367
-0.799032,52,102.596881
-0.761705,51,102.629522
-0.837581,51,102.655117
-0.920506,51,102.676815
-0.680188,51,102.699314
-0.852418,51,102.720885
-0.751035,51,102.743166
-0.79217,51,102.764218
-0.721698,52,102.78758
-0.667507,51,102.80919
-0.831952,50,102.830488
-0.809917,51,102.853524
-0.711029,51,102.875215
-0.895429,51,102.896532
-0.899359,51,102.919802
-0.810702,50,102.940962
-0.691832,51,102.962966
-0.881486,51,102.986524
-0.879886,51,103.007555
-0.702365,51,103.029026
-0.795746,51,103.051016
-0.769249,51,103.075012
-0.742723,52,103.098663
-0.81145,51,103.119965
-0.8981,51,103.142486
-0.772968,52,103.164058
-0.69116,50,103.186562
-0.752524,51,103.210417
-0.799661,52,103.234435
-0.75963,52,103.257512
-0.776417,50,103.593211
-0.710418,52,103.650187
-0.801179,51,103.747625
-0.656189,52,103.817709
-0.932733,51,103.848696
-0.902807,51,103.875876
-0.726646,51,103.916409
-0.672404,51,103.948887
-0.881095,51,103.979317
-0.738336,51,104.007859
-0.704314,51,104.035191
-0.739319,50,104.070872
-0.718208,51,104.098382
-0.822829,51,104.128441
-0.812139,51,104.1561
-0.813229,51,104.182368
-0.684476,51,104.207311
-0.927771,51,104.233402
-0.930829,51,104.260657
-0.829292,52,104.286732
-0.787084,51,104.312645
-0.771778,51,104.337541
-0.805758,51,104.363277
-0.719363,52,104.392392
-0.92911,51,104.423015
-0.702794,50,104.448192
-0.728801,52,104.474806
-0.740434,51,104.498264
-0.631433,51,104.522301
-0.693886,51,104.544529
-0.87657,51,104.572288
-0.77181,51,104.595299
-0.725327,50,104.621427
-0.860914,51,104.64496
-0.760138,51,104.669357
-0.801458,51,104.696884
-0.786786,51,104.722627
-0.788599,51,104.749521
-0.8022,50,104.776698
-0.854058,51,104.806027
-0.739349,51,105.081608
-0.770378,51,105.10883
-0.707037,51,105.142173
-0.791667,51,105.180641
-0.683413,50,105.213822
-0.696743,51,105.241218
-0.714373,51,105.268124
-0.716675,51,105.302751
-0.764693,51,105.328483
-0.957524,51,105.353791
-0.698897,52,105.379838
-0.730496,51,105.405214
-0.835758,51,105.431263
-0.693699,50,105.457894
-0.746889,51,105.488576
-0.671206,51,105.523037
-0.886376,51,105.554063
-0.65362,51,105.578536
-0.845188,51,105.603931
-0.845937,51,105.628398
-0.816059,51,105.658369
-0.780914,51,105.683398
-0.952835,52,105.713937
-0.647269,51,105.743052
-0.739906,51,105.770058
-0.739246,51,105.79481
-0.777931,50,105.819495
-0.788229,51,105.845101
-0.718142,52,105.870622
-0.671195,50,105.895033
-0.830287,51,105.920989
-0.756992,51,105.945089
-0.744436,52,105.971505
-0.837015,51,105.996537
-0.625568,50,106.023828
-0.807785,51,106.048921
-0.698983,50,106.071322
-0.757734,50,106.091651
-0.673928,51,106.112839
-0.827887,51,106.133604
-0.733742,51,106.388446
-0.751584,51,106.413461
-0.760943,52,106.437648
-0.7643,51,106.462943
-0.75191,52,106.489248
-0.69302,52,106.516877
-0.784207,51,106.544252
-0.847556,51,106.568067
-0.744279,52,106.591956
-0.683504,50,106.61384
-0.796751,51,106.63739
-0.751043,51,106.66069
-0.887448,51,106.684318
-0.822212,51,106.708946
-0.747445,51,106.731155
-0.79125,51,106.754947
-0.798165,51,106.77756
-0.737016,51,106.799263
-0.83474,51,106.823927
-0.708554,51,106.845926
-0.818715,51,106.867705
-0.774594,51,106.889455
-0.903415,52,106.910901
-0.854024,50,106.932113
-0.736425,50,106.952736
-0.927135,51,106.974458
-0.735374,51,106.995812
-0.7511,51,107.01678
-0.741115,51,107.038297
-0.76565,51,107.061063
-0.727182,51,107.082069
-0.683432,51,107.104268
-0.699953,50,107.12502
-0.907133,52,107.146463
-0.865299,51,107.167113
-0.692673,51,107.188995
-0.69674,51,107.210048
-0.659974,51,107.233274
-0.704828,51,107.254708
-0.884194,51,107.275211
-0.639235,51,107.498382
-0.723013,51,107.520964
-0.94061,51,107.542004
-0.713801,51,107.563014
-0.710693,50,107.584746
-0.780117,51,107.607117
-0.834622,52,107.629399
-0.754244,51,107.65128
-0.758377,51,107.673828
-0.779354,51,107.696152
-0.886147,51,107.717882
-0.786294,52,107.742412
-0.616434,50,107.763432
-0.779151,51,107.785925
-0.773021,52,107.809279
-0.804015,51,107.834912
-0.644676,52,107.862645
-0.698133,50,107.886936
-0.71897,51,107.910416
-0.799746,51,107.933851
-0.749847,51,107.956655
-0.813138,51,107.977413
-0.775777,51,107.999403
-0.758451,51,108.021247
-0.79624,51,108.042086
-0.674053,51,108.063182
-0.820214,51,108.0842
-0.791182,51,108.105751
-1.028216,51,108.126763
-0.759154,51,108.14761
-0.831173,51,108.169112
-0.710697,51,108.190355
-0.734031,51,108.212968
-0.881169,51,108.238629
-0.788268,51,108.26242
-0.743922,51,108.287267
-0.724109,51,108.308947
-0.795311,51,108.331909
-0.743115,50,108.354041
-0.74838,51,108.375374
-0.765491,51,108.396003
-0.731772,51,108.626425
-0.778775,51,108.647184
-0.681535,51,108.668446
-0.754464,52,108.690179
-0.727411,50,108.710692
-0.826067,51,108.731173
-0.836641,51,108.752783
-0.867787,51,108.773785
-0.924167,50,108.79462
-0.647825,50,108.815283
-0.673817,51,108.837107
-0.754982,50,108.858085
-0.876981,51,108.87971
-0.765841,51,108.900445
-0.726196,51,108.922516
-0.736729,51,108.943307
-0.768861,51,108.964404
-0.871983,51,108.986026
-0.768314,51,109.007103
-0.804687,52,109.028483
-0.660023,51,109.049473
-0.628126,50,109.071013
-0.767163,50,109.091948
-0.781447,51,109.112882
-0.75088,51,109.134254
-0.862945,51,109.15621
-0.735116,51,109.17729
-0.744743,51,109.198408
-0.757558,52,109.221815
-0.793208,51,109.242886
-0.71094,51,109.263897
-0.753441,50,109.284572
-0.904195,51,109.306427
-0.792843,51,109.327318
-0.729936,51,109.347655
-0.661154,51,109.368213
-0.792094,51,109.390068
-0.765386,51,109.41076
-0.791877,51,109.431637
-0.798941,52,109.453654
-0.788501,51,109.703167
-0.671493,51,109.727421
-0.675411,51,109.750563
-0.806069,51,109.774324
-0.768481,50,109.797486
-0.787047,51,109.822956
-0.720693,50,109.844656
-0.797018,51,109.867717
-0.706744,51,109.891446
-0.868725,51,109.914819
-0.880343,51,109.939681
-0.768445,51,109.962419
-0.701232,51,109.983723
-0.742072,51,110.007968
-0.643049,51,110.030365
-0.714753,51,110.053146
-0.722221,51,110.075842
-0.866242,51,110.099051
-0.869349,51,110.123279
-0.841309,51,110.145689
-0.827719,51,110.168995
-0.752638,51,110.189725
-0.725236,52,110.213009
-0.813141,50,110.233365
-0.749395,51,110.255852
-0.735146,50,110.283637
-0.856118,51,110.309172
-0.727524,51,110.333805
-0.830488,51,110.35817
-0.70088,52,110.380173
-0.673105,50,110.400971
-0.715733,50,110.422028
-0.657629,51,110.442912
-0.79709,51,110.463935
-0.720543,51,110.484105
-0.701224,50,110.505634
-0.767598,51,110.526453
-0.74662,51,110.547344
-0.706154,51,110.568273
-0.815233,50,110.589423
-0.648027,51,110.813476
-0.640206,51,110.834045
-0.680848,50,110.856546
-0.793967,52,110.878952
-0.714583,50,110.899067
-0.729336,50,110.92014
-0.846424,51,110.941105
-0.786454,51,110.961892
-0.745729,51,110.98257
-0.725237,51,111.004167
-0.811634,51,111.025053
-0.804264,51,111.045589
-0.795942,51,111.06634
-0.872676,51,111.087639
-0.87501,51,111.108861
-0.738512,50,111.129764
-0.600958,50,111.149818
-0.811547,51,111.171746
-0.738997,52,111.19284
-0.723787,51,111.213733
-0.975791,51,111.235425
-0.775926,51,111.256724
-0.696602,51,111.277303
-0.849913,51,111.299388
-0.833835,51,111.320853
-0.699256,51,111.341726
-0.756636,51,111.362706
-0.774619,51,111.383857
-0.716921,50,111.405356
-0.798938,50,111.426431
-0.740486,51,111.447397
-0.660476,50,111.468296
-0.753244,52,111.489865
-0.719751,51,111.510657
-0.878437,51,111.531069
-0.605033,50,111.550992
-0.804957,51,111.572659
-0.802862,51,111.593159
-0.692866,51,111.614075
-0.712099,50,111.634209
-0.797112,50,111.856007
-0.620804,51,111.877234
-0.72629,51,111.897944
-0.765347,51,111.919616
-0.780502,52,111.940775
-0.699136,51,111.9618
-0.722031,51,111.982915
-0.641712,50,112.003919
-0.679821,51,112.024792
-0.756909,51,112.045526
-0.744231,51,112.0663
-0.814354,51,112.087337
-0.709581,51,112.108163
-0.795369,50,112.128268
-0.680459,51,112.149152
-0.743709,51,112.170888
-0.666441,50,112.191452
-0.585222,50,112.211867
-0.845643,51,112.23255
-0.672186,51,112.254043
-0.888636,51,112.275185
-0.82982,50,112.295625
-0.805183,51,112.316265
-0.664693,51,112.338047
-0.762151,51,112.358989
-0.756606,51,112.382583
-0.837174,51,112.408226
-0.647964,51,112.429126
-0.739706,51,112.449929
-0.702319,52,112.474216
-0.690159,51,112.496061
-0.803785,51,112.517914
-0.800393,51,112.540985
-0.784898,51,112.562685
-0.737555,52,112.584127
-0.717569,51,112.606839
-0.912888,51,112.629646
-0.838631,50,112.654998
-0.753242,51,112.678636
-0.724274,50,112.701107
-0.796807,51,112.72517
-0.770579,51,112.946208
-0.782007,51,112.967239
-0.726443,51,112.989124
-0.757534,51,113.010865
-0.810725,51,113.032162
-0.813525,51,113.05438
-0.794011,52,113.075983
-0.641056,51,113.097235
-0.800317,51,113.118249
-0.842856,51,113.139542
-0.729549,51,113.160735
-0.651506,51,113.182528
-0.764723,52,113.206314
-0.741814,51,113.227267
-0.793484,51,113.248118
-0.919823,51,113.269435
-0.792327,51,113.291405
-0.858535,51,113.313509
-0.739184,52,113.335265
-0.728494,52,113.356984
-0.748233,51,113.378317
-0.749703,51,113.399049
-0.707583,51,113.420861
-0.700229,52,113.444549
-0.820835,51,113.468029
-0.805707,51,113.492139
-0.806126,51,113.513472
-0.760602,51,113.534534
-0.904401,51,113.555391
-0.842083,51,113.576437
-0.756527,51,113.597737
-0.716755,51,113.619384
-0.80971,51,113.641831
-0.852855,51,113.673905
-0.868759,51,113.709224
-0.760626,52,113.743609
-0.679293,51,113.770462
-0.740768,50,113.795237
-0.760452,51,113.822024
-0.776115,51,113.846805
-0.748664,50,114.098806
-1.082938,51,114.125843
-0.817353,51,114.14938
-0.766121,51,114.172504
-0.745464,51,114.194471
-0.778291,51,114.217681
-0.767165,51,114.241716
-0.626919,52,114.265909
-0.727952,52,114.290609
-0.707824,50,114.313401
-0.737328,52,114.337761
-0.812536,52,114.360409
-0.835345,51,114.382932
-0.768148,52,114.405722
-0.857137,51,114.428618
-0.759053,51,114.45254
-0.820652,52,114.47638
-0.744408,51,114.498719
-0.8469,51,114.521001
-0.860357,51,114.542209
-0.76659,51,114.562416
-0.65414,51,114.582554
-1.008256,51,114.603994
-0.783088,51,114.624923
-0.782272,51,114.645543
-0.848058,51,114.666522
-0.769608,50,114.688267
-0.80667,51,114.709566
-0.667955,51,114.730043
-0.75256,51,114.750088
-0.867059,51,114.771365
-0.890773,51,114.792416
-0.645322,52,114.81328
-0.819508,51,114.834324
-0.85005,51,114.856056
-0.811155,51,114.877116
-0.811222,51,114.897473
-0.718958,51,114.919025
-0.834239,51,114.94088
-0.727171,50,114.961227
-0.657652,51,115.179466
-0.739027,51,115.20085
-0.718142,51,115.223162
-0.800052,50,115.24359
-0.719924,51,115.264738
-0.636175,50,115.287503
-0.851978,51,115.308732
-0.720277,52,115.329898
-0.682945,52,115.350773
-0.807939,51,115.372529
-0.731643,51,115.393433
-0.685318,50,115.414691
-0.761783,51,115.435707
-0.786623,50,115.456715
-0.792878,51,115.477727
-0.773829,51,115.498808
-0.601313,51,115.520732
-0.713501,51,115.541523
-0.669291,52,115.563886
-0.826319,51,115.588457
-0.704698,52,115.612235
-0.795023,51,115.636906
-0.696748,51,115.658879
-0.722116,51,115.680576
-0.76236,50,115.702848
-0.689297,52,115.725692
-0.669987,51,115.747544
-0.864509,51,115.769118
-0.732769,51,115.790497
-0.664944,51,115.812122
-0.903423,51,115.835495
-0.81189,51,115.859435
-0.698465,50,115.881165
-0.662049,51,115.90373
-0.676042,50,115.92536
-0.775885,51,115.947604
-0.830506,51,115.968693
-0.65452,51,115.990549
-0.713552,51,116.011475
-0.807041,50,116.032327
-0.790022,51,116.262435
-0.655551,51,116.282858
-0.722127,51,116.306021
-0.713341,51,116.326837
-0.726834,51,116.348077
-0.713345,51,116.370073
-0.861115,51,116.39143
-0.921208,51,116.412472
-0.761799,50,116.436117
-0.684905,52,116.4618
-0.744414,52,116.48825
-0.825144,51,116.511969
-0.944393,51,116.533055
-0.714627,51,116.555513
-0.79627,51,116.577248
-0.810883,51,116.598237
-0.753196,51,116.619922
-0.85471,51,116.64095
-0.995862,51,116.661399
-0.709127,50,116.681924
-0.902845,51,116.703937
-0.698707,51,116.724828
-0.712565,51,116.745809
-0.703951,51,116.766762
-0.825521,51,116.789979
-0.787039,51,116.813221
-0.673,51,116.83528
-0.713176,51,116.856883
-0.868141,52,116.878441
-0.726004,51,116.899102
-0.846097,51,116.92113
-0.889274,51,116.942067
-0.957637,51,116.96341
-0.743816,51,116.983801
-0.785552,52,117.005204
-0.801162,50,117.025565
-0.796224,51,117.046269
-0.835488,52,117.067246
-0.799919,51,117.089705
-0.659306,51,117.110478
-0.81281,52,117.330107
-0.776383,52,117.351867
-0.699543,51,117.373077
-0.65307,50,117.393566
-0.727821,51,117.414609
-0.796862,51,117.436264
-0.68071,51,117.457728
-0.901277,51,117.478457
-0.795061,51,117.498586
-0.833838,51,117.519792
-0.708883,51,117.540844
-0.692763,51,117.561564
-0.834494,51,117.582532
-0.722387,51,117.604339
-0.678989,51,117.625521
-0.735119,50,117.646045
-0.632585,50,117.666403
-0.705183,51,117.687465
-0.790226,51,117.708169
-0.820422,51,117.72894
-0.828813,51,117.750041
-0.757084,51,117.771048
-0.712308,51,117.792162
-0.800265,51,117.812905
-0.633573,51,117.834264
-0.708581,51,117.855566
-0.692348,51,117.876326
-0.736735,51,117.896798
-0.645624,50,117.91725
-0.623588,51,117.938455
-0.759687,51,117.959548
-0.677532,51,117.980075
-0.820607,51,118.000034
-0.744982,51,118.021722
-0.717658,51,118.042163
-0.684914,51,118.062154
-0.788775,51,118.082462
-0.75029,51,118.10218
-0.772901,51,118.123628
-0.707957,51,118.144472
-0.733366,51,118.361032
-0.680229,51,118.382226
-0.770104,51,118.402996
-0.694165,51,118.423989
-0.687066,52,118.446372
-0.757777,51,118.467205
-0.922098,51,118.487714
-0.766854,51,118.508563
-0.78629,52,118.529342
-0.704822,52,118.549856
-0.813788,51,118.572757
-0.648602,51,118.597702
-0.76184,52,118.622239
-0.83629,51,118.651806
-0.749949,50,118.68831
-0.701244,50,118.71106
-0.789145,51,118.732294
-0.711108,50,118.753612
-0.683295,52,118.775021
-0.706323,50,118.795866
-0.654332,51,118.816922
-0.86098,51,118.839934
-0.769285,50,118.85995
-0.720388,51,118.880801
-0.762938,51,118.902176
-0.790071,52,118.924155
-0.863984,51,118.947193
-0.775061,51,118.969025
-0.76995,51,118.990574
-0.698727,50,119.011154
-0.800994,51,119.032321
-0.773685,51,119.05411
-0.727654,50,119.074747
-0.608082,52,119.095985
-0.727916,52,119.117418
-0.781882,51,119.142461
-0.749539,51,119.163638
-0.725253,50,119.184216
-0.714093,51,119.205386
-0.803454,51,119.226386
-0.631338,50,119.454244
-0.887191,51,119.476096
-0.717822,51,119.497273
-0.80965,51,119.518844
-0.859313,51,119.540411
-0.964699,51,119.561381
-0.812536,51,119.582641
-0.817422,51,119.604926
-0.705365,51,119.625928
-0.692129,51,119.647086
-0.704188,51,119.67085
-0.771025,51,119.695175
-0.728287,52,119.720844
-0.806938,51,119.741292
-0.824169,51,119.762019
-0.753094,51,119.782981
-0.819299,51,119.804568
-0.747864,50,119.82508
-0.813962,51,119.845971
-0.863049,51,119.866825
-0.822776,52,119.889345
-0.820013,51,119.910233
-0.984027,51,119.931351
-0.765385,51,119.953623
-0.690382,51,119.975858
-0.791272,50,119.998846
-0.761018,51,120.025347
-0.718364,51,120.047242
-0.694209,51,120.069183
-0.71071,51,120.0904
-0.757835,51,120.1116
-0.690567,52,120.132868
-0.989546,51,120.154942
-0.613236,50,120.175652
-0.840284,51,120.196243
-0.778498,51,120.216907
-0.652694,52,120.2396
-0.78761,51,120.262682
-0.817114,51,120.285286
-0.737981,52,120.308591
-0.720841,51,120.329821
-0.782027,52,120.583672
-0.731656,51,120.608483
-0.817271,51,120.632354
-0.71071,51,120.656053
-0.776226,51,120.676645
-0.684491,51,120.705234
-0.601111,51,120.729611
-0.77176,51,120.755078
-0.803218,51,120.779877
-0.662551,51,120.802019
-0.709991,51,120.825162
-0.641301,51,120.850956
-0.883845,51,120.875572
-0.658334,51,120.898211
-0.794767,52,120.922963
-0.728512,51,120.943848
-0.704119,51,120.964483
-0.74336,51,120.987533
-0.692861,51,121.009587
-0.736805,51,121.030545
-0.684169,51,121.051999
-0.75084,51,121.072729
-0.719364,51,121.094615
-0.908326,51,121.122603
-0.796859,52,121.148215
-0.789316,51,121.17014
-0.7561,51,121.191528
-0.699603,52,121.212926
-0.708396,51,121.233904
-0.699323,51,121.25626
-0.802568,51,121.277226
-0.856851,52,121.306847
-0.606434,51,121.343017
-0.821336,51,121.372377
-0.653799,51,121.395202
-0.926792,51,121.416538
-0.704207,52,121.439824
-0.846832,51,121.461995
-0.844403,51,121.489397
-0.901256,51,121.511611
-0.801335,52,121.7482
-0.680048,51,121.770303
-0.689903,51,121.791161
-0.724579,51,121.816165
-0.793965,51,121.839247
-0.642423,52,121.860124
-0.973613,51,121.882504
-0.781354,52,121.911675
-0.748715,52,121.933778
-0.762161,51,121.955332
-0.833996,51,121.976142
-0.757938,51,121.99711
-0.593459,51,122.027537
-0.759461,51,122.061143
-0.797522,51,122.08391
-0.848353,51,122.105798
-0.580046,51,122.129439
-0.768014,51,122.150539
-0.808698,51,122.267892
-0.801748,52,122.293858
-0.86115,50,122.3167
-0.71763,51,122.341424
-0.651395,51,122.365576
-0.866945,51,122.387623
-0.645645,50,122.410481
-0.744923,51,122.4407
-0.724925,52,122.597056
-0.916597,51,122.666022
-0.864027,51,122.703004
-0.786597,51,122.734025
-0.711784,51,122.763685
-0.681482,51,122.797814
-0.896718,51,122.822289
-0.646654,51,122.846333
-0.705751,51,122.869623
-0.795201,51,122.893786
-0.724154,51,122.923697
-0.679569,50,122.946617
-0.626841,52,122.969841
-0.737944,51,122.996175
-0.718797,50,123.23908
-0.709461,51,123.260279
-0.678116,52,123.281183
-0.884851,51,123.303042
-0.701585,51,123.324311
-0.830569,51,123.345165
-0.788634,51,123.365951
-0.815818,52,123.387914
-0.704028,51,123.410194
-0.72074,51,123.442837
-0.761905,51,123.473257
-0.773704,52,123.50422
-0.610514,51,123.526603
-0.708479,51,123.550612
-0.794496,51,123.577806
-0.698272,51,123.602826
-0.716296,50,123.626527
-0.646262,50,123.653619
-0.665572,50,123.676691
-0.80833,51,123.704868
-0.753972,51,123.728715
-0.74688,51,123.752318
-0.830397,51,123.775009
-0.75165,51,123.80032
-0.759254,51,123.825028
-0.817943,51,123.850429
-0.699749,50,123.873706
-0.6643,51,123.897371
-0.692429,51,123.92096
-0.808502,51,123.94424
-0.757456,50,123.972603
-0.705996,51,123.998319
-0.969095,51,124.022687
-0.681312,51,124.044003
-0.824408,51,124.065127
-0.806256,51,124.086716
-0.682939,51,124.108165
-0.63944,51,124.129167
-0.748297,51,124.153024
-0.669474,51,124.180466
-0.674934,51,124.445796
-0.918686,52,124.474035
-0.700614,51,124.498111
-0.701343,51,124.52303
-0.646518,51,124.545477
-0.837783,51,124.566407
-0.88561,51,124.5886
-0.79165,51,124.6217
-0.718809,51,124.647863
-0.660337,52,124.67221
-0.804194,51,124.693327
-0.808333,51,124.715225
-0.635486,50,124.735986
-0.767512,51,124.756695
-0.735104,51,124.777947
-0.854145,52,124.802856
-0.758007,50,124.833727
-0.710455,51,124.863252
-0.780648,51,124.887171
-0.787038,51,124.910413
-0.637681,52,124.934721
-0.720516,51,124.960066
-0.813032,51,124.983147
-0.736443,52,125.007348
-0.928551,51,125.029895
-0.823391,51,125.0512
-0.845992,51,125.072895
-0.759347,52,125.096594
-0.720622,52,125.120601
-0.691534,51,125.14301
-0.956611,51,125.163489
-0.629475,51,125.183906
-0.746316,51,125.206434
-0.731582,51,125.229702
-0.878849,51,125.252552
-0.768705,50,125.278405
-0.773583,50,125.300773
-0.751605,51,125.322418
-0.719098,50,125.350994
-0.781534,51,125.374929
-0.674416,51,125.627623
-0.716625,50,125.648339
-0.7553,52,125.671343
-0.933504,51,125.700179
-0.606833,50,125.729664
-0.777252,52,125.761687
-0.744199,51,125.783625
-0.76647,51,125.805496
-0.821595,51,125.832697
-0.770399,51,125.859904
-0.685021,50,125.885139
-0.765237,51,125.906473
-0.859479,51,125.928885
-0.823082,51,125.950584
-0.839287,51,125.972205
-0.640652,51,125.994394
-0.652076,51,126.016067
-0.793633,51,126.039139
-0.760777,51,126.060961
-0.726341,51,126.082051
-0.719974,51,126.104861
-0.758213,51,126.12577
-0.732965,51,126.146687
-0.724712,51,126.168541
-0.685385,51,126.189263
-0.685654,52,126.210813
-0.713019,51,126.234024
-0.743806,51,126.257885
-0.713178,51,126.27992
-0.940443,51,126.300503
-0.714328,51,126.322514
-0.801397,51,126.343404
-0.707273,51,126.363724
-0.821543,51,126.385095
-0.845319,51,126.406658
-0.77703,51,126.428722
-0.78211,51,126.449113
-0.718014,50,126.470404
-0.765217,51,126.491492
-0.949342,51,126.51248
-0.827578,50,126.737692
-0.930786,51,126.758474
-0.761337,51,126.789236
-0.793368,51,126.811314
-0.666135,51,126.83263
-0.656477,51,126.854741
-0.837385,51,126.875433
-0.723986,51,126.896265
-0.705891,50,126.916827
-0.692496,51,126.938251
-0.663007,51,126.958902
-0.645249,51,126.979722
-0.985086,51,127.000437
-0.789767,51,127.022118
-0.696598,51,127.042762
-0.805348,51,127.063863
-0.71943,51,127.084839
-0.827446,51,127.106429
-0.853392,51,127.127119
-0.830854,50,127.152448
-0.649199,50,127.183
-0.768729,51,127.211901
-0.859722,52,127.236217
-0.819821,51,127.258532
-0.949426,51,127.28104
-0.86644,51,127.314329
-0.676934,51,127.33956
-0.862996,51,127.360392
-0.744626,51,127.381612
-0.836811,51,127.403866
-0.82208,52,127.425326
-0.704569,51,127.446408
-0.6857,51,127.467311
-0.794114,52,127.48969
-0.755255,51,127.516801
-0.656275,51,127.539483
-0.634031,51,127.56003
-0.734902,52,127.580909
-0.739601,51,127.60224
-0.806549,51,127.622932
-0.741254,52,127.84325
-0.753225,51,127.864162
-0.707397,52,127.885814
-0.791365,51,127.910985
-0.783251,51,127.942216
-0.672222,51,127.963934
-0.932142,51,127.986294
-0.734423,51,128.012026
-0.771803,51,128.033604
-0.8097,51,128.055858
-0.712134,50,128.080751
-0.724338,51,128.102051
-0.679744,50,128.123689
-0.66649,51,128.146619
-0.891737,51,128.17302
-0.941956,51,128.19541
-0.733663,51,128.216517
-0.913318,52,128.241166
-0.71516,52,128.26548
-0.664935,51,128.28846
-0.826329,51,128.309424
-0.794589,52,128.330526
-0.71127,51,128.351676
-0.881612,51,128.373332
-0.75468,51,128.394522
-0.695032,51,128.415434
-0.835289,52,128.437469
-0.671448,50,128.457984
-0.691228,52,128.479376
-0.631371,51,128.500311
-0.671281,51,128.521794
-0.734028,50,128.542305
-0.761054,51,128.563373
-0.716657,51,128.584498
-0.765984,51,128.605961
-0.746176,51,128.626939
-0.802342,51,128.647722
-0.799262,51,128.669021
-0.794365,51,128.689902
-0.667587,51,128.710753
-0.808937,52,128.938055
-0.675032,51,128.959639
-0.728158,52,128.981215
-0.680996,50,129.002587
-0.709785,51,129.023969
-0.769959,52,129.045177
-0.705346,51,129.065917
-0.740702,50,129.086224
-0.729563,51,129.109017
-0.815961,51,129.131452
-0.862501,52,129.162076
-0.697525,51,129.193185
-0.784956,51,129.220782
-0.684577,51,129.24266
-0.792789,51,129.264185
-0.630335,50,129.289913
-0.657568,51,129.311068
-0.790209,51,129.331907
-0.807697,51,129.353794
-0.821697,51,129.375048
-0.66891,50,129.399606
-0.647645,51,129.422498
-0.679857,50,129.443124
-0.78651,51,129.46392
-0.824753,52,129.486667
-0.727752,51,129.507135
-0.756958,51,129.527888
-0.70443,52,129.549552
-0.657456,50,129.571235
-0.791408,51,129.59253
-0.766047,50,129.613172
-0.633966,51,129.634091
-0.724319,51,129.655629
-0.75151,50,129.676357
-0.784892,51,129.700551
-0.782047,52,129.723354
-0.670888,51,129.744054
-0.706643,52,129.766519
-0.80486,51,129.79516
-0.925226,51,129.8213
-0.690538,52,129.844603
-0.760228,51,130.084174
-0.794905,51,130.109139
-0.786877,51,130.132977
-0.765208,51,130.15484
-0.793948,51,130.175534
-0.738972,51,130.200236
-0.739254,50,130.221657
-0.748483,51,130.242825
-0.669711,50,130.263086
-0.862456,51,130.28394
-0.818329,51,130.30643
-0.832547,51,130.329236
-0.994386,51,130.351941
-0.868614,51,130.372922
-0.944023,51,130.393658
-0.669529,51,130.414819
-0.787687,51,130.43612
-0.71946,51,130.457318
-0.772336,51,130.485509
-0.724759,51,130.508201
-0.838547,51,130.529367
-0.818482,51,130.550022
-0.861276,50,130.571864
-0.716269,51,130.5928
-0.84215,51,130.613619
-0.854359,51,130.634051
-0.761371,51,130.655872
-0.777313,51,130.676685
-0.773635,51,130.697787
-0.658872,51,130.719533
-0.946226,51,130.740777
-0.650333,51,130.761507
-0.775714,51,130.781722
-0.752355,51,130.802957
-0.964226,51,130.824006
-0.860282,51,130.844952
-0.721127,50,130.864897
-0.684365,50,130.886111
-0.706451,51,130.907417
-0.756212,51,130.92821
-0.7288,52,131.212703
-0.733625,52,131.238084
-0.870797,51,131.259216
-0.758962,52,131.280473
-0.797426,51,131.302219
-0.719682,50,131.324319
-0.776054,51,131.345534
-0.652169,51,131.366289
-0.671843,50,131.388362
-0.713879,51,131.411083
-0.795068,51,131.432946
-0.783895,51,131.456692
-0.844857,51,131.478401
-0.848505,51,131.499598
-0.797763,51,131.521351
-0.794656,51,131.542249
-0.847926,51,131.564254
-0.708213,51,131.58834
-0.719793,52,131.618103
-0.706869,50,131.639405
-0.821427,51,131.660168
-0.818229,51,131.680614
-0.751572,51,131.702098
-0.80641,51,131.723121
-0.719166,51,131.744064
-0.792737,51,131.764533
-0.79834,51,131.787442
-0.71601,51,131.814559
-0.903382,51,131.838884
-0.751567,51,131.860072
-0.741226,51,131.882836
-0.688245,50,131.907694
-0.703499,51,131.928986
-0.703835,51,131.953338
-0.693444,51,131.974174
-0.798749,51,131.995384
-0.671207,52,132.016886
-0.78747,51,132.040261
-0.712447,50,132.060877
-0.922782,51,132.082122
-0.817998,51,132.310391
-0.760132,51,132.331447
-0.726376,51,132.353846
-0.746309,51,132.375079
-0.734485,51,132.396111
-0.632699,51,132.417778
-0.686123,50,132.43908
-0.713415,50,132.459422
-0.916381,51,132.481524
-0.784829,51,132.504199
-0.727982,50,132.526485
-0.712837,51,132.547202
-0.726433,51,132.568379
-0.677321,52,132.590021
-0.79828,51,132.611042
-0.76646,51,132.633063
-0.747249,51,132.654277
-0.640959,50,132.674851
-0.840356,51,132.696307
-0.706014,51,132.718078
-0.715827,51,132.739575
-0.713006,52,132.760709
-0.738944,51,132.785046
-0.67725,51,132.809572
-0.963237,51,132.835044
-0.67001,51,132.858823
-0.810359,51,132.880862
-0.815048,51,132.902331
-0.650343,51,132.92482
-0.689874,50,132.945371
-0.730522,51,132.967069
-0.750052,50,132.989321
-0.731335,52,133.010443
-0.951363,51,133.031172
-0.678042,51,133.052793
-0.710512,51,133.078374
-0.854875,51,133.108062
-0.663565,50,133.138531
-0.812923,51,133.161465
-0.70706,51,133.183426
-0.725836,51,133.417014
-0.684857,51,133.440916
-0.656886,52,133.462595
-0.667903,51,133.483406
-0.726534,51,133.505933
-0.659115,51,133.527422
-0.844217,51,133.547816
-0.640344,51,133.568989
-0.679564,51,133.589719
-0.691793,51,133.610725
-0.853986,52,133.63697
-0.714889,51,133.659268
-0.720105,50,133.679554
-0.679265,50,133.700068
-0.671815,51,133.7226
-0.641362,51,133.743327
-0.636039,51,133.763921
-0.860207,51,133.78712
-0.681108,52,133.808427
-0.743406,52,133.829582
-0.714483,50,133.849974
-0.829397,51,133.871356
-0.74282,51,133.892299
-0.737325,51,133.913264
-0.735626,52,133.935
-0.673241,51,133.956687
-0.703804,52,133.978404
-0.630961,51,134.000486
-0.787522,51,134.022059
-0.616512,52,134.043839
-0.690167,52,134.072935
-0.641416,51,134.096612
-0.743454,51,134.121144
-0.733541,50,134.142046
-0.669317,52,134.163558
-0.603168,50,134.185343
-0.715431,50,134.20988
-0.762226,51,134.230567
-0.821209,51,134.250711
-0.640856,50,134.276597
-0.779001,51,134.519863
-0.645002,51,134.543334
-0.678043,51,134.566126
-0.774633,51,134.588612
-0.830671,51,134.60979
-0.681481,51,134.629898
-0.848175,51,134.653621
-0.817579,51,134.684533
-0.694622,51,134.70916
-0.706278,51,134.740692
-0.639857,51,134.764238
-0.799087,51,134.785846
-0.678826,51,134.807085
-0.842821,51,134.827787
-0.737187,51,134.848891
-0.739091,51,134.869722
-0.710756,51,134.890747
-0.871751,52,134.912253
-0.821131,51,134.935692
-0.637702,51,134.957354
-0.709471,51,134.978405
-0.803253,51,134.999284
-0.74631,52,135.025487
-0.629086,51,135.054696
-0.734331,51,135.088373
-0.709869,50,135.114518
-0.711177,51,135.138258
-0.679113,52,135.160637
-0.677773,51,135.182832
-0.744202,51,135.205365
-0.680583,50,135.229189
-0.671015,51,135.255159
-0.965979,51,135.27579
-0.723919,51,135.299762
-0.676478,51,135.32433
-0.90059,51,135.346966
-0.687683,52,135.370505
-0.695323,52,135.392543
-0.64912,51,135.414664
-0.793155,51,135.436476
-0.789637,51,135.670704
-0.803448,52,135.69232
-0.789249,51,135.718553
-0.922408,51,135.741319
-0.702692,50,135.764371
-0.724988,51,135.790025
-0.778913,51,135.815605
-0.648001,50,135.841116
-0.771626,50,135.86669
-0.722013,52,135.894072
-0.740956,51,135.918445
-0.7576,51,135.944948
-0.804481,51,135.969753
-0.643291,51,135.995708
-0.725676,50,136.023117
-0.813968,51,136.046481
-0.860802,52,136.070226
-0.6415,51,136.091151
-0.751354,52,136.112572
-0.658047,51,136.132768
-0.7268,51,136.155986
-0.760264,51,136.18124
-0.691486,51,136.208321
-0.703288,51,136.232054
-0.67365,51,136.261879
-0.799514,51,136.287388
-0.789772,51,136.310619
-0.818666,51,136.334044
-0.808311,51,136.359989
-0.766818,52,136.388932
-0.781838,52,136.414835
-0.978373,51,136.439039
-0.776828,52,136.461498
-0.65109,50,136.482131
-0.756228,51,136.505704
-0.700552,51,136.529606
-0.767716,50,136.556435
-0.808799,51,136.580249
-0.907571,51,136.605945
-0.646353,51,136.631229
-0.822996,51,136.656507
-0.727672,51,136.933148
-0.683882,51,136.959625
-0.823368,51,136.983163
-0.803573,51,137.005197
-0.795031,51,137.029935
-0.673458,52,137.056257
-0.684276,51,137.077486
-0.779132,51,137.097974
-0.787842,52,137.119849
-0.749434,51,137.140895
-0.71883,51,137.161658
-0.808415,52,137.182905
-0.759159,51,137.205574
-0.637529,50,137.226338
-0.761941,51,137.248703
-0.806828,51,137.271023
-0.856309,50,137.291392
-0.684028,51,137.312536
-0.841173,50,137.333071
-0.797847,51,137.354688
-0.915898,51,137.376003
-0.652202,50,137.396887
-0.655051,51,137.41769
-0.651941,51,137.439669
-0.756861,51,137.460651
-0.653423,51,137.481197
-0.743577,52,137.5036
-0.747859,51,137.524701
-0.662958,50,137.545668
-0.779656,52,137.566842
-0.739825,51,137.587982
-0.716205,50,137.610471
-0.781785,51,137.632019
-0.824266,51,137.653566
-0.769954,51,137.674862
-0.636022,52,137.696036
-0.71122,51,137.717035
-0.753873,51,137.739889
-0.772554,51,137.760526
-0.667149,50,137.780508
-0.867207,51,138.020265
-0.786051,51,138.042242
-0.708343,51,138.062731
-0.810069,51,138.088562
-0.78575,51,138.11439
-0.732222,52,138.136573
-0.724603,51,138.157944
-0.720239,51,138.179751
-0.689613,51,138.200909
-0.650312,51,138.223493
-0.73514,51,138.243999
-0.65556,50,138.264912
-0.678266,50,138.287434
-0.663827,51,138.310485
-0.792362,51,138.333035
-0.685048,51,138.354667
-0.819421,51,138.375458
-0.657666,50,138.396422
-0.633516,51,138.417937
-0.831142,51,138.439866
-0.669507,50,138.460954
-0.753695,51,138.481962
-0.809442,52,138.503593
-0.7414,50,138.524741
-0.8194,51,138.54578
-0.716095,51,138.56666
-0.728942,51,138.58838
-0.623762,51,138.60948
-0.763329,51,138.629877
-0.705632,51,138.650782
-0.655557,52,138.672723
-0.651269,50,138.692829
-0.68962,51,138.713138
-0.719491,51,138.733993
-0.693883,52,138.756278
-0.894396,51,138.77725
-0.753183,50,138.797909
-0.663335,51,138.819139
-0.701267,50,138.840509
-0.766434,52,138.861497
-0.919103,51,139.082752
-0.839138,51,139.106478
-0.697767,51,139.129501
-0.748509,51,139.152403
-0.662702,51,139.175303
-0.834438,51,139.198448
-0.608999,50,139.220929
-0.790774,52,139.243683
-0.699622,51,139.264701
-0.692307,51,139.286452
-0.928086,51,139.307457
-0.773422,51,139.328638
-0.662838,51,139.34874
-0.660467,52,139.370967
-0.740971,51,139.391809
-0.742923,51,139.413729
-0.741078,51,139.435543
-0.725767,51,139.456485
-0.782884,51,139.47777
-0.784985,51,139.500477
-0.808603,51,139.526047
-0.66389,50,139.550822
-0.725827,50,139.574834
-0.666238,52,139.597004
-0.777958,52,139.619225
-0.775726,51,139.640654
-0.749812,51,139.661521
-0.879065,51,139.681909
-0.671916,51,139.704334
-0.672861,50,139.724922
-0.627511,50,139.745666
-0.763955,51,139.766377
-0.689152,50,139.78681
-0.630841,51,139.80748
-0.63894,50,139.827767
-0.782205,51,139.848237
-0.727073,51,139.86976
-0.661665,51,139.891231
-0.646269,51,139.912792
-0.639356,51,139.933861
-0.712427,52,140.16042
-0.807415,51,140.181523
-0.839893,50,140.202378
-0.72355,51,140.223181
-0.684506,51,140.244338
-0.809204,51,140.265269
-0.820182,51,140.286642
-0.749236,51,140.314705
-0.875253,51,140.347717
-0.819025,51,140.370564
-0.891249,51,140.391374
-0.671155,51,140.41287
-0.721187,51,140.435536
-0.717853,51,140.45791
-0.958661,51,140.479259
-0.654253,52,140.502638
-0.665233,52,140.52513
-0.749756,51,140.547026
-0.814067,51,140.568511
-0.782582,50,140.589211
-0.784311,52,140.612944
-0.771003,51,140.633841
-0.685355,51,140.65544
-0.812628,52,140.678426
-0.867074,51,140.699467
-0.675425,51,140.722867
-0.645981,51,140.745784
-0.673132,52,140.770478
-0.714275,51,140.792626
-0.649082,50,140.813297
-0.696323,52,140.835053
-0.77213,51,140.856734
-0.741529,51,140.87777
-0.956879,51,140.900158
-0.793137,51,140.923821
-0.799643,51,140.946824
-0.686415,51,140.97137
-0.686245,51,140.992688
-0.736622,50,141.013489
-0.730917,52,141.03495
-0.699521,51,141.281354
-0.745405,51,141.303057
-0.717206,51,141.326431
-0.791767,52,141.357408
-0.838099,51,141.379148
-0.747728,51,141.399635
-0.703757,51,141.421386
-0.746052,51,141.442267
-0.639042,50,141.46247
-0.720593,51,141.482659
-0.764922,51,141.50532
-0.796424,51,141.530621
-0.743182,51,141.553841
-0.691606,51,141.578074
-0.743725,52,141.602138
-0.782682,51,141.623851
-0.729543,51,141.645457
-0.860269,51,141.666184
-0.843417,51,141.689534
-0.733938,51,141.710069
-0.784802,52,141.731517
-0.69221,51,141.753715
-0.73853,51,141.775666
-0.683128,52,141.797239
-0.824743,51,141.819515
-0.677711,52,141.841753
-0.766956,52,141.863244
-0.739349,51,141.885831
-0.745854,50,141.907758
-0.712559,51,141.930013
-0.619401,52,141.952423
-0.746005,51,141.975507
-0.878395,51,142.001728
-0.736879,51,142.02796
-0.692354,51,142.051285
-0.65177,50,142.072252
-0.905369,51,142.092874
-0.77093,50,142.113289
-0.722339,52,142.136593
-0.928575,51,142.157405
-0.815469,51,142.400785
-0.737577,51,142.430402
-0.691748,51,142.451575
-0.64205,50,142.472961
-0.66088,51,142.494128
-0.65744,51,142.514702
-0.650047,51,142.535879
-0.685177,50,142.556568
-0.780082,51,142.576811
-0.767445,52,142.599127
-0.703933,50,142.627267
-0.847532,51,142.655917
-0.786682,52,142.680132
-0.830301,51,142.702324
-0.75863,51,142.724222
-0.74047,52,142.74821
-0.748137,51,142.771236
-0.695808,52,142.792608
-0.80239,51,142.812892
-0.752445,51,142.8334
-0.803748,51,142.85498
-0.731339,51,142.875481
-0.69018,51,142.896784
-0.822856,51,142.918449
-0.831427,52,142.940143
-0.697283,52,142.961573
-0.693706,51,142.983064
-0.760032,51,143.00761
-0.664536,52,143.0304
-0.85171,51,143.053029
-0.746307,52,143.073915
-0.80251,51,143.094701
-0.862285,51,143.11669
-0.694091,52,143.138919
-0.748963,51,143.160165
-0.750982,51,143.180469
-0.900071,51,143.203898
-0.796785,51,143.226448
-0.695915,50,143.24923
-0.736861,51,143.272084
-0.688498,51,143.498428
-0.801994,51,143.520982
-0.766348,51,143.542179
-0.804466,51,143.563392
-0.809649,51,143.58518
-0.778709,51,143.606311
-0.630602,51,143.627087
-0.708411,52,143.647758
-0.815873,51,143.671972
-0.847571,51,143.692897
-0.703155,52,143.714341
-0.699757,50,143.735264
-0.782668,51,143.75651
-0.738728,51,143.779163
-0.788807,51,143.803413
-0.688629,52,143.828123
-0.743774,51,143.859447
-0.759033,51,143.897055
-0.621379,51,143.928917
-0.743947,52,143.969254
-0.752425,51,144.011886
-0.624658,50,144.090557
-0.733837,51,144.129656
-0.706747,51,144.157015
-0.840584,51,144.188006
-0.733476,52,144.230931
-0.749028,51,144.266989
-0.674737,52,144.302953
-0.656397,51,144.333659
-0.781572,51,144.364789
-0.757597,51,144.39288
-0.758682,51,144.421915
-0.763872,51,144.450711
-0.877645,51,144.476096
-0.736299,51,144.50312
-0.713241,51,144.529079
-0.771093,51,144.556104
-0.660601,52,144.581267
-0.854425,51,144.608907
-0.761457,51,144.633258
-0.695476,51,144.659118
-0.71166,51,144.951294
-0.648598,52,144.980056
-0.664313,51,145.018749
-0.726141,51,145.047042
-0.692759,51,145.078494
-0.765235,51,145.111325
-0.663872,51,145.147163
-0.589261,50,145.176385
-0.738844,52,145.208175
-0.661072,52,145.243421
-0.705643,51,145.278872
-0.732481,52,145.320964
-0.838037,51,145.359522
-0.802605,51,145.393004
-0.851149,51,145.425014
-0.733552,51,145.449459
-0.703241,51,145.47181
-0.680637,51,145.494178
-0.67234,51,145.516644
-0.762322,51,145.541121
-0.769224,51,145.563272
-0.688977,52,145.586506
-0.728744,51,145.610149
-0.655144,51,145.633522
-0.621212,50,145.656637
-0.91148,51,145.681039
-0.710316,52,145.710721
-0.725478,51,145.737375
-0.699706,51,145.760095
-0.699141,51,145.785464
-0.831566,51,145.806729
-0.630226,51,145.827574
-0.609462,51,145.848515
-0.705558,51,145.870576
-0.812524,51,145.89156
-0.804651,51,145.912374
-0.721589,51,145.933443
-0.749101,51,145.955299
-0.919142,51,145.9761
-0.684015,51,145.997054
-0.965541,52,146.293082
-0.775935,51,146.314745
-0.758726,51,146.337979
-0.786992,51,146.35876
-0.655746,51,146.379723
-0.655925,51,146.401108
-0.699649,51,146.422083
-0.65032,51,146.442856
-0.7986,51,146.463854
-0.74351,51,146.485123
-0.717296,51,146.506442
-0.792087,51,146.527379
-0.712352,51,146.548125
-0.797759,51,146.570003
-0.891316,51,146.590989
-0.893591,51,146.61203
-0.654291,52,146.633553
-0.685644,51,146.655351
-0.736367,51,146.675921
-0.663924,52,146.697279
-0.691795,51,146.719046
-0.709824,51,146.740878
-0.762598,51,146.763471
-0.798707,51,146.787791
-0.839428,51,146.810482
-0.754016,51,146.835831
-0.677814,52,146.85838
-0.782607,51,146.88014
-0.682378,51,146.904391
-0.755327,51,146.927781
-0.796907,51,146.9487
-0.706977,50,146.969901
-0.756495,51,146.990796
-0.951544,51,147.011305
-0.764896,51,147.032503
-0.684342,51,147.054228
-0.703577,52,147.076654
-0.690866,52,147.098446
-0.70798,51,147.120996
-0.825804,51,147.143529
-0.78546,52,147.364912
-0.69851,52,147.387567
-0.666172,50,147.408792
-0.773355,51,147.429986
-0.815668,52,147.452674
-0.829127,51,147.473546
-0.674592,51,147.494107
-0.697423,51,147.51507
-0.75145,52,147.539545
-0.783521,52,147.562924
-0.757104,51,147.585019
-0.715076,51,147.607287
-0.710243,51,147.628645
-0.651716,50,147.649147
-0.85355,51,147.670186
-0.933643,50,147.690579
-0.739174,51,147.711654
-0.646729,51,147.732923
-0.759532,51,147.754269
-0.754591,51,147.77483
-0.753077,50,147.795498
-0.700037,52,147.816652
-0.700374,51,147.838619
-0.681376,51,147.859528
-0.695403,52,147.881036
-0.792023,51,147.902171
-0.804854,50,147.923171
-0.819889,51,147.944309
-0.648922,52,147.965683
-0.748302,51,147.987402
-0.720667,52,148.009779
-0.610694,50,148.030762
-0.761639,51,148.054845
-0.89007,51,148.077334
-0.727996,51,148.099278
-0.731747,51,148.121431
-0.769642,51,148.142552
-0.74444,51,148.163363
-0.762024,50,148.195727
-0.735175,51,148.230274
-0.774537,51,148.532735
-0.738689,51,148.561048
-0.657288,51,148.586222
-0.606673,51,148.611832
-0.702541,51,148.638227
-0.717528,52,148.665452
-0.702965,52,148.691551
-0.638894,51,148.718389
-0.751739,51,148.764266
-0.731349,51,148.792301
-0.661169,51,148.815504
-0.798229,51,148.839835
-0.901724,51,148.865153
-0.764581,51,148.88968
-0.744133,50,148.924348
-0.641802,51,148.950091
-0.840737,51,148.973479
-0.702541,51,148.998163
-0.710144,51,149.02273
-0.764502,52,149.048388
-0.746582,51,149.073205
-0.714482,51,149.096406
-0.836384,51,149.119964
-0.77786,51,149.142978
-0.793927,51,149.166182
-0.695028,52,149.191927
-0.675413,51,149.214672
-0.735496,51,149.238897
-0.677969,51,149.263916
-0.72408,51,149.290165
-0.846236,51,149.319737
-0.681533,51,149.343495
-0.772716,51,149.365248
-0.712419,51,149.389748
-0.808945,51,149.412086
-0.622489,52,149.439014
-0.829122,51,149.462416
-0.744866,51,149.485788
-0.75572,51,149.506969
-0.632409,51,149.527913
-0.719791,50,149.808136
-0.834721,52,149.83887
-0.693463,51,149.870667
-0.837731,51,149.902382
-0.770223,51,149.928157
-0.743477,51,149.957674
-0.612505,51,149.980853
-0.680437,52,150.007231
-0.70538,50,150.031576
-0.689739,51,150.057822
-0.733421,51,150.088673
-0.746083,51,150.114892
-0.901632,51,150.139948
-0.74295,51,150.166728
-0.707818,51,150.193455
-0.833873,51,150.220943
-0.800584,51,150.251577
-0.684054,50,150.290667
-0.673491,51,150.328237
-0.661102,52,150.359504
-0.700899,52,150.397206
-0.722251,52,150.424418
-0.64117,51,150.449701
-0.815455,52,150.476213
-0.598097,51,150.502771
-0.623296,50,150.527468
-0.685657,50,150.551662
-0.813159,52,150.575951
-0.844444,51,150.600781
-0.657947,50,150.62494
-0.677886,51,150.649371
-0.638522,51,150.678368
-0.84789,51,150.702593
-0.668059,51,150.727128
-0.664678,51,150.750935
-0.631657,51,150.774354
-0.735515,51,150.798176
-0.710177,51,150.821876
-0.873899,51,150.842569
-0.69977,51,150.863295
-0.626133,51,151.088215
-0.81167,51,151.109295
-0.840009,51,151.129786
-0.877812,51,151.151648
-0.784313,51,151.172739
-0.645319,50,151.193041
-0.7086,50,151.213552
-0.781015,51,151.238222
-0.754189,51,151.263992
-0.664897,51,151.288201
-0.681235,52,151.309886
-0.755666,51,151.338079
-0.598165,51,151.370485
-0.630512,50,151.403527
-0.650691,51,151.433209
-0.647941,52,151.458164
-0.812936,51,151.481849
-0.737993,51,151.507565
-0.709313,51,151.528753
-0.646257,50,151.551219
-0.760108,51,151.574095
-0.800846,51,151.595155
-0.717604,51,151.619813
-0.71016,51,151.640795
-0.596009,50,151.661312
-0.656319,50,151.681588
-0.648074,50,151.703053
-0.859967,51,151.724543
-0.683557,52,151.745429
-0.805823,51,151.766564
-0.681914,52,151.788561
-0.736552,51,151.809481
-0.801664,51,151.830342
-0.629849,51,151.852004
-0.729647,50,151.872925
-0.79293,51,151.893592
-0.810273,51,151.914551
-0.745875,51,151.935658
-0.883468,51,151.956282
-0.678631,51,151.977205
-0.88329,51,152.204454
-0.85189,51,152.225687
-0.794887,51,152.246991
-0.705912,50,152.268227
-0.721357,51,152.289386
-0.94346,51,152.31241
-0.817542,51,152.335162
-0.640744,50,152.357151
-0.607567,50,152.378012
-0.801053,51,152.398918
-0.715497,51,152.419868
-0.773921,51,152.440772
-0.832379,50,152.46153
-0.67483,50,152.482728
-0.674556,51,152.503795
-0.699197,51,152.524246
-0.828668,51,152.544848
-0.690016,50,152.566125
-0.656468,50,152.588669
-0.669463,51,152.609515
-0.787228,51,152.630868
-0.698889,51,152.652953
-0.817764,51,152.674099
-0.683475,50,152.694925
-0.730917,51,152.716706
-0.726634,51,152.738028
-0.875744,51,152.758504
-0.72242,51,152.778748
-0.716195,51,152.799975
-0.779006,51,152.822083
-0.695559,52,152.843186
-0.795624,51,152.865822
-0.817703,51,152.890437
-0.711809,51,152.920169
-0.693662,51,152.947067
-0.729093,50,152.971423
-0.709482,51,152.994915
-0.750985,51,153.017417
-0.686029,51,153.041788
-0.744939,51,153.064462
-0.855357,51,153.088509
-0.797667,50,153.565601
-0.690122,51,153.613092
-0.771821,51,153.685246
-0.757571,50,153.722313
-0.738673,52,153.745204
-0.679316,51,153.793027
-0.725075,50,153.82334
-0.795409,51,153.866759
-0.592894,51,153.904652
-0.73233,51,153.942159
-0.824302,51,153.970733
-0.73379,50,154.004508
-0.657901,51,154.031679
-0.737296,51,154.239444
-0.676337,51,154.275284
-0.769932,52,154.306196
-0.665709,51,154.346215
-0.678614,51,154.383203
-0.780304,51,154.419994
-0.785628,51,154.460437
-0.813406,51,154.499311
-0.742454,51,154.533853
-0.760102,51,154.569423
-0.815061,51,154.605431
-0.619856,50,154.639697
-0.765484,51,154.674897
-0.712416,52,154.729595
-0.87732,51,154.790358
-0.822422,51,154.844783
-0.738835,51,154.896832
-0.671664,51,154.944037
-0.726097,50,154.983564
-0.92209,51,155.026338
-0.674449,51,155.065623
-0.621363,50,155.127448
-0.684449,51,155.174394
-0.880765,51,155.228593
-0.734384,51,155.263228
-0.763377,51,155.292252
-0.800111,51,155.320849
-0.863578,51,155.727484
-0.686323,50,155.757542
-0.662826,51,155.786673
-0.651319,51,155.816061
-0.710925,51,155.846323
-0.716312,50,155.885904
-0.652763,50,155.922633
-0.828197,52,155.972447
-0.654669,51,156.00628
-0.712211,51,156.033498
-0.617758,50,156.059075
-0.779506,51,156.083757
-0.639433,51,156.107796
-0.658567,52,156.131907
-0.776161,51,156.156347
-0.760425,51,156.179735
-0.6637,51,156.204652
-0.786338,51,156.228181
-0.8829,51,156.251357
-0.727174,50,156.274581
-0.763248,51,156.29811
-0.717451,51,156.322702
-0.664007,51,156.346106
-0.666226,52,156.371059
-0.68067,51,156.39457
-0.747588,52,156.419666
-0.79802,51,156.443811
-0.723839,51,156.468241
-0.793465,52,156.49102
-0.697175,51,156.512215
-0.652025,50,156.53305
-0.711401,51,156.555262
-0.741846,51,156.576276
-0.6395,51,156.598337
-0.633516,51,156.621499
-0.728234,51,156.643173
-0.821021,51,156.665407
-0.741733,51,156.688006
-0.663651,52,156.710436
-0.700329,51,156.734604
-0.72149,51,157.201748
-0.668973,51,157.228008
-0.687141,51,157.262975
-0.759929,51,157.288559
-0.674286,52,157.312686
-0.732491,51,157.33491
-0.673679,51,157.356344
-0.763559,50,157.377578
-0.840788,51,157.39837
-0.70151,51,157.42063
-0.765148,51,157.442296
-0.698169,51,157.463632
-0.738438,51,157.488272
-0.805776,51,157.511474
-0.69567,51,157.536627
-0.647286,52,157.560671
-0.695892,52,157.585424
-0.658277,51,157.610607
-0.839752,51,157.633134
-0.687694,51,157.656621
-0.662002,51,157.679622
-0.886711,52,157.703725
-0.637094,51,157.726597
-0.652988,50,157.749608
-0.663303,51,157.772214
-0.680265,51,157.793742
-0.612833,50,157.815938
-0.762141,51,157.837622
-0.695836,51,157.859956
-0.793797,51,157.88117
-0.78261,51,157.90373
-0.708459,51,157.924853
-0.866678,51,157.946626
-0.699478,50,157.968177
-0.718194,51,157.989257
-0.765357,51,158.010677
-0.756901,51,158.031568
-0.648224,51,158.05459
-0.65395,51,158.075812
-0.784837,51,158.096997
-0.581,51,158.32261
-0.797207,51,158.344008
-0.67404,50,158.365095
-0.752946,52,158.388293
-0.690911,51,158.409291
-0.778737,51,158.430295
-0.680819,51,158.451504
-0.727515,51,158.472483
-0.658315,52,158.494516
-0.75735,51,158.519394
-0.671463,51,158.541562
-0.745686,51,158.563485
-0.787259,51,158.584449
-0.738334,51,158.606001
-0.709352,51,158.626952
-0.651889,50,158.648492
-0.742529,51,158.670323
-0.646153,50,158.692097
-0.797767,51,158.712784
-0.747642,50,158.734537
-0.696391,51,158.756688
-0.652696,51,158.778828
-0.802493,51,158.800915
-0.742096,51,158.822798
-0.784816,50,158.844558
-0.736339,50,158.865015
-0.702857,50,158.886302
-0.864029,51,158.907978
-0.641813,51,158.930325
-0.765111,51,158.951879
-0.610034,50,158.972515
-0.854579,51,158.994018
-0.690799,51,159.015493
-0.741471,51,159.037301
-0.737993,52,159.058439
-0.711706,51,159.079366
-0.669179,51,159.10123
-0.638869,50,159.122064
-0.731608,51,159.14279
-0.699372,52,159.163494
-0.619194,51,159.395403
-0.769243,51,159.416658
-0.649347,51,159.43961
-0.737222,51,159.46564
-0.782912,51,159.49127
-0.725029,51,159.518629
-0.804918,51,159.545675
-0.779841,51,159.570205
-0.72681,51,159.593907
-0.777641,51,159.616703
-0.616978,51,159.639415
-0.761496,51,159.660405
-0.758059,50,159.681062
-0.727543,51,159.702666
-0.725591,51,159.723503
-0.729608,51,159.744027
-0.763024,52,159.766139
-0.71993,51,159.788373
-0.601975,50,159.808985
-0.864752,51,159.831134
-0.79424,51,159.853869
-0.634715,52,159.876426
-0.726006,51,159.897569
-0.688386,52,159.920758
-0.779039,51,159.943037
-0.74956,51,159.964071
-0.66196,51,159.986608
-0.706163,51,160.007609
-0.709256,50,160.028259
-0.823818,52,160.049896
-0.662212,52,160.072108
-0.662259,50,160.09226
-0.755407,51,160.112979
-0.821537,51,160.133532
-0.706464,51,160.154981
-0.814326,51,160.176097
-0.761537,50,160.196856
-0.60512,52,160.223581
-0.754024,51,160.2506
-0.724997,51,160.277661
-0.650922,51,160.554448
-0.707569,51,160.579888
-0.7198,51,160.602579
-0.725385,51,160.626512
-0.726927,51,160.648306
-0.659685,51,160.673818
-0.79918,51,160.69596
-0.645775,50,160.718814
-0.695443,51,160.745426
-0.863467,51,160.769638
-0.749138,51,160.793721
-0.787916,51,160.815098
-0.769934,51,160.838242
-0.823023,51,160.86027
-0.697398,50,160.88157
-0.769517,50,160.904338
-0.658659,50,160.926938
-0.676774,51,160.954431
-0.841956,51,160.978318
-0.742545,51,161.000238
-0.701724,51,161.026425
-0.778482,51,161.054923
-0.791831,51,161.078682
-0.741867,51,161.099857
-0.695876,50,161.123361
-0.913297,51,161.147697
-0.722743,50,161.174516
-0.662031,51,161.195895
-0.784324,51,161.218424
-0.804204,51,161.241385
-0.611384,51,161.265336
-0.697555,51,161.288479
-0.730045,51,161.312751
-0.696212,51,161.336708
-0.734609,51,161.357855
-0.775672,52,161.378679
-0.773886,51,161.399338
-0.667256,50,161.421177
-0.819062,51,161.443843
-0.779718,51,161.467383
-0.784306,52,161.493355
-0.654455,51,161.765853
-0.727613,51,161.791281
-0.756105,51,161.814589
-0.675126,51,161.839825
-0.747406,51,161.861965
-0.676828,51,161.884187
-0.668558,50,161.905507
-0.703632,51,161.926413
-0.776677,51,161.949358
-0.617603,50,161.976308
-0.65482,50,161.999476
-0.691181,52,162.023976
-0.840797,52,162.051206
-0.867514,51,162.075098
-0.64104,50,162.098304
-0.729358,51,162.122276
-0.672698,51,162.144359
-0.798533,51,162.165501
-0.702502,51,162.189827
-0.709881,51,162.21408
-0.746761,51,162.238232
-0.636962,51,162.260703
-0.658208,51,162.282227
-0.753683,51,162.306281
-0.738773,51,162.328382
-0.719281,51,162.350663
-0.708438,50,162.379609
-0.74449,51,162.413598
-0.722527,51,162.438322
-0.761405,51,162.465564
-0.793341,51,162.490164
-0.676455,51,162.512034
-0.686451,51,162.534513
-0.723649,51,162.556253
-0.61119,51,162.578333
-0.68994,51,162.602565
-0.842911,52,162.625437
-0.783542,51,162.649434
-0.748652,52,162.67372
-0.792751,51,162.696067
-0.722554,51,162.933395
-0.77385,51,162.958348
-0.691886,52,162.98233
-0.667896,50,163.006657
-0.746403,51,163.028531
-0.854338,51,163.050709
-0.769171,51,163.072716
-0.803647,51,163.094717
-0.728419,51,163.116779
-0.784753,51,163.138662
-0.802566,51,163.161117
-0.812177,51,163.181793
-0.802445,51,163.203992
-0.774678,51,163.225696
-0.83039,51,163.246397
-0.754547,51,163.270204
-0.621743,51,163.29091
-0.719549,52,163.3132
-0.722901,51,163.333792
-0.651171,51,163.355868
-0.665771,51,163.377903
-0.692082,50,163.39895
-0.779691,51,163.420843
-0.748419,51,163.443347
-0.840924,51,163.464126
-0.691315,51,163.487422
-0.659407,51,163.508923
-0.787177,51,163.530717
-0.735394,51,163.552322
-0.63547,51,163.573367
-0.693166,51,163.593972
-0.687204,50,163.615577
-0.673522,51,163.637582
-0.692586,52,163.658528
-0.679732,50,163.678999
-0.706513,52,163.700085
-0.672418,51,163.721327
-0.896743,51,163.745245
-0.808476,51,163.767764
-0.766897,52,163.791211
-0.646733,50,164.087211
-0.786444,51,164.118934
-0.67386,51,164.144628
-0.715311,51,164.167987
-0.760791,50,164.194012
-0.663766,51,164.217823
-0.727772,51,164.241034
-0.736007,50,164.261746
-0.830046,50,164.282579
-0.734684,51,164.309517
-0.849465,51,164.336739
-0.836017,51,164.362385
-0.804524,51,164.386636
-0.814317,51,164.407803
-0.773844,51,164.430265
-0.717082,51,164.451799
-0.793585,52,164.473257
-0.632365,51,164.495366
-0.799083,52,164.519285
-0.7286,51,164.54441
-0.904261,51,164.573142
-0.701957,51,164.599836
-0.711049,50,164.627053
-0.689452,52,164.654645
-0.756576,51,164.68156
-0.785561,51,164.710755
-0.742602,51,164.737007
-0.773889,51,164.764549
-0.716728,52,164.791875
-0.745516,50,164.814985
-0.763797,50,164.838638
-0.714849,51,164.862017
-0.711722,51,164.886313
-0.713969,51,164.909943
-0.710522,51,164.932982
-0.649087,51,164.957032
-1.025416,51,164.977841
-0.726347,51,164.99877
-0.893809,51,165.020289
-0.789676,51,165.040871
-0.727569,52,165.268724
-0.808893,51,165.289741
-0.690736,50,165.311648
-0.657577,51,165.332997
-0.827737,51,165.355555
-0.856683,51,165.376871
-0.843292,51,165.397644
-0.684663,51,165.419507
-0.746309,51,165.440465
-0.740877,51,165.461515
-0.740161,51,165.483308
-0.824481,52,165.50524
-0.644291,51,165.526029
-0.813131,51,165.547299
-0.676374,50,165.568679
-0.629663,50,165.58917
-0.649269,50,165.610851
-0.68555,51,165.633046
-0.802948,51,165.655309
-0.799037,51,165.676143
-0.723491,51,165.696466
-0.660037,51,165.718088
-0.825643,51,165.739592
-0.737003,51,165.76091
-0.716597,51,165.781994
-0.761195,51,165.804849
-0.724498,51,165.826577
-0.737267,51,165.847713
-0.734037,51,165.869102
-0.63325,51,165.889499
-0.710828,50,165.911194
-0.764526,51,165.932173
-0.718035,50,165.953905
-0.682982,51,165.974294
-0.736116,51,165.995082
-0.85069,51,166.015734
-0.660442,50,166.045638
-0.837477,51,166.070172
-0.720782,51,166.091274
-0.795427,51,166.111975
-0.80185,51,166.133735
-0.804562,51,166.382129
-0.721528,51,166.406963
-0.654736,50,166.430906
-0.71013,51,166.456233
-0.822005,51,166.479582
-0.698291,52,166.501206
-0.656577,52,166.522987
-0.702768,51,166.556213
-0.765025,51,166.578627
-0.710001,51,166.599991
-0.669281,51,166.623444
-0.699601,52,166.644882
-0.77698,51,166.665596
-0.698794,51,166.68676
-0.750412,51,166.707945
-0.633093,51,166.728845
-0.918728,51,166.751827
-0.651675,51,166.772778
-0.73324,51,166.793637
-0.865838,51,166.814436
-0.633184,52,166.836809
-0.721413,51,166.857391
-0.713538,50,166.877665
-0.659555,52,166.899782
-0.717728,52,166.922808
-0.629235,51,166.944514
-0.815147,51,166.965386
-0.742113,51,166.987117
-0.718769,51,167.007979
-0.652615,51,167.029564
-0.644077,51,167.057203
-0.738492,51,167.079118
-0.77884,51,167.100161
-0.737795,52,167.12783
-0.62001,51,167.162389
-0.698797,51,167.193869
-0.848532,51,167.216781
-0.778573,52,167.240365
-0.76861,51,167.262157
-0.736779,51,167.289982
-0.70177,52,167.523411
-0.765303,51,167.545838
-0.705395,51,167.567383
-0.6378,50,167.588829
-0.856818,51,167.610045
-0.616037,51,167.630434
-0.76644,51,167.652359
-0.70172,51,167.674015
-0.689038,51,167.695684
-0.777971,51,167.716743
-0.67014,51,167.737973
-0.804571,51,167.75898
-0.655319,51,167.779827
-0.735726,51,167.801385
-0.776245,51,167.8228
-0.655488,50,167.843481
-0.685008,51,167.868218
-0.872192,51,167.895733
-0.774013,51,167.919578
-0.658039,50,167.940692
-0.710136,50,167.962115
-0.694223,52,167.983316
-0.675093,52,168.005357
-0.684929,51,168.02621
-0.706254,51,168.047164
-0.718853,51,168.069516
-0.884838,51,168.090496
-0.639727,51,168.111359
-0.732501,51,168.132125
-0.653666,52,168.154036
-0.710799,51,168.175597
-0.775314,51,168.212255
-0.747595,51,168.238386
-0.841276,51,168.259651
-0.723123,51,168.280482
-0.670094,51,168.302388
-0.720122,50,168.32724
-0.578994,51,168.347816
-0.65734,50,168.370021
-0.645324,50,168.390207
-0.781052,51,168.625403
-0.730858,51,168.646582
-0.690145,51,168.667519
-0.706511,50,168.688292
-0.699925,52,168.709509
-0.685861,51,168.730219
-0.675664,51,168.752016
-0.798471,51,168.772706
-0.694041,51,168.793715
-0.62188,51,168.814621
-0.756196,51,168.835982
-0.804791,51,168.856752
-0.713235,51,168.877204
-0.7255,52,168.898286
-0.685034,51,168.920199
-0.722426,50,168.94072
-0.700484,51,168.961572
-0.704776,51,168.982601
-0.668274,51,169.004076
-0.766599,51,169.02641
-0.599551,51,169.055828
-0.706826,50,169.078661
-0.610195,51,169.104315
-0.880595,51,169.125837
-0.754904,51,169.147394
-0.725496,52,169.170305
-0.745259,51,169.191527
-0.631059,51,169.212634
-0.811725,51,169.233221
-0.751649,50,169.254518
-0.65394,51,169.275536
-0.811903,52,169.297051
-0.655472,51,169.31832
-0.757597,51,169.339603
-0.822044,51,169.360304
-0.646358,51,169.38118
-0.645796,51,169.402294
-0.738624,51,169.423963
-0.737376,52,169.444779
-0.729971,51,169.470114
-0.729121,51,169.705582
-0.646153,51,169.72694
-0.689161,51,169.749028
-0.718714,52,169.771226
-0.606591,51,169.792314
-0.753371,52,169.813931
-0.733438,51,169.835449
-0.670306,50,169.856155
-0.716177,51,169.876942
-0.680582,51,169.89719
-0.810647,51,169.919109
-0.780955,50,169.939975
-0.739711,51,169.963222
-0.709688,51,169.986488
-0.74369,51,170.007889
-0.735065,51,170.028894
-0.729404,51,170.049353
-0.79061,51,170.070966
-0.73225,51,170.091775
-0.742559,51,170.112908
-0.67418,50,170.134089
-0.846065,51,170.155422
-0.754409,52,170.176818
-0.789247,51,170.197836
-0.741169,51,170.219748
-0.599964,51,170.240818
-0.710012,51,170.261723
-0.627283,51,170.282059
-0.61441,50,170.30547
-0.735739,51,170.329228
-0.712614,51,170.35263
-0.74892,52,170.37361
-0.73772,51,170.394504
-0.715846,51,170.414929
-0.730217,51,170.437002
-0.779501,52,170.458907
-0.79105,51,170.479781
-0.733058,51,170.50102
-0.717044,50,170.521625
-0.695606,51,170.543432
-0.759911,51,170.769775
-0.706387,51,170.790497
-0.675033,51,170.81083
-0.703371,51,170.831933
-0.70802,51,170.853818
-0.636173,52,170.875438
-0.696977,51,170.896514
-0.748401,51,170.917809
-0.726875,52,170.939323
-0.656526,51,170.959724
-0.666151,51,170.980546
-0.707874,51,171.001989
-0.770507,51,171.023068
-0.65964,50,171.043712
-0.780503,51,171.064973
-0.756308,51,171.086707
-0.753144,51,171.107795
-0.79882,51,171.128318
-0.754716,52,171.149016
-0.664947,51,171.171062
-0.697583,51,171.192043
-0.641508,50,171.212751
-0.775933,51,171.235093
-0.639748,51,171.256682
-0.63136,51,171.2778
-0.796234,51,171.299196
-0.735878,51,171.32115
-0.682371,51,171.342099
-0.705582,52,171.364115
-0.825591,51,171.385188
-0.936713,51,171.406195
-0.664516,51,171.427035
-0.74315,50,171.447368
-0.718096,51,171.469168
-0.741806,51,171.489752
-0.817462,51,171.510425
-0.716145,51,171.53137
-0.730351,50,171.552543
-0.707474,50,171.573199
-0.800428,51,171.593877
-0.723648,51,171.812782
-0.693693,51,171.834492
-0.739689,51,171.855578
-0.697842,51,171.87607
-0.745004,51,171.895991
-0.819984,51,171.916538
-0.622512,51,171.937809
-0.76827,51,171.958081
-0.763616,52,171.977957
-0.67181,51,171.998686
-0.706152,52,172.020773
-0.66908,51,172.041271
-0.716703,50,172.060916
-0.90869,51,172.081986
-0.657439,52,172.104097
-0.724776,51,172.123913
-0.682905,51,172.144522
-0.764685,51,172.165146
-0.732336,51,172.18541
-0.819912,51,172.206597
-0.660589,50,172.226767
-0.708098,51,172.248073
-0.768106,51,172.2689
-0.698218,51,172.290102
-0.75313,51,172.310435
-0.74823,51,172.331469
-0.794885,52,172.35228
-0.904604,51,172.373105
-0.63962,51,172.396089
-0.708324,51,172.418679
-0.719388,51,172.439416
-0.721326,51,172.460365
-0.733107,51,172.481055
-0.603774,51,172.502396
-0.836097,51,172.522933
-0.655582,51,172.542815
-0.689145,50,172.562856
-0.738838,50,172.583581
-0.840117,51,172.60346
-0.691933,51,172.623555
-0.715839,50,172.840343
-0.752889,51,172.861563
-0.637178,51,172.882343
-0.71023,51,172.902608
-0.653744,52,172.924023
-0.81695,51,172.945237
-0.76619,51,172.966074
-0.639943,50,172.987271
-0.792378,51,173.007059
-0.702791,51,173.028122
-0.712763,52,173.049448
-0.647509,51,173.071157
-0.630617,50,173.090817
-0.781784,51,173.11113
-0.664787,50,173.13164
-0.727132,51,173.151993
-0.767995,51,173.172822
-0.651882,50,173.193528
-0.706659,51,173.212986
-0.772326,51,173.234878
-0.699455,51,173.256089
-0.68359,51,173.277439
-0.727454,51,173.298708
-0.699116,51,173.320354
-0.616738,51,173.340459
-0.706946,51,173.361597
-0.842086,51,173.382875
-0.720838,52,173.404083
-0.701148,51,173.425016
-0.704265,52,173.446119
-0.837442,51,173.465492
-0.708828,50,173.48688
-0.591175,50,173.507199
-0.763385,51,173.526534
-0.727702,51,173.547497
-0.590304,50,173.568386
-0.647633,51,173.588738
-0.717756,51,173.609391
-0.642828,50,173.628668
-0.702297,51,173.649232
-0.830657,52,173.671203
-0.657917,51,173.888764
-0.719953,51,173.909897
-0.735015,51,173.930768
-0.692693,51,173.951449
-0.733575,52,173.97271
-0.737469,51,173.993074
-0.784107,51,174.012779
-0.724132,51,174.032925
-0.678176,51,174.054972
-0.844292,51,174.075972
-0.857175,51,174.096063
-0.775071,50,174.116508
-0.835158,52,174.137147
-0.890224,51,174.158508
-0.636521,52,174.179797
-0.816961,51,174.199566
-0.654241,51,174.220774
-0.626214,52,174.241176
-0.818203,51,174.261559
-0.817494,51,174.282187
-0.73969,51,174.303124
-0.58488,50,174.323985
-0.703646,51,174.344453
-0.685864,51,174.364146
-0.786729,51,174.385881
-0.875386,51,174.406531
-0.766035,51,174.427506
-0.752502,51,174.447365
-0.724345,51,174.469037
-0.698169,51,174.488672
-0.679966,51,174.509563
-0.628124,50,174.530073
-0.907519,51,174.550054
-0.710205,51,174.571269
-0.756728,51,174.592007
-0.948189,51,174.61151
-0.632318,51,174.632305
-0.732479,52,174.653536
-0.680928,50,174.673543
-0.65313,50,174.694252
-0.824342,51,174.911941
-0.726692,51,174.932189
-0.749006,51,174.954133
-0.799601,51,174.974296
-0.63059,52,174.994623
-0.683513,52,175.015772
-0.654136,51,175.036713
-0.723131,51,175.057697
-0.727179,51,175.077634
-0.796518,51,175.098111
-0.728386,51,175.119574
-0.755226,51,175.139554
-0.667813,51,175.159993
-0.768571,51,175.17923
-0.646551,50,175.199685
-0.680566,51,175.221385
-0.670532,51,175.242132
-0.784156,52,175.262465
-0.680921,51,175.283719
-0.691291,51,175.305291
-0.772008,51,175.326696
-0.696356,50,175.347437
-0.699426,51,175.369312
-0.697786,51,175.390379
-0.715387,51,175.411262
-0.672255,50,175.431321
-0.864579,51,175.452878
-0.683865,51,175.472636
-0.798653,52,175.493543
-0.869185,51,175.513498
-0.664181,51,175.534794
-0.780319,51,175.555409
-0.71055,51,175.574842
-0.82463,52,175.596108
-0.702971,51,175.615432
-0.745868,51,175.636628
-0.788317,51,175.657709
-0.683432,52,175.678544
-0.669365,51,175.698594
-0.688522,51,175.72086
-0.826062,51,175.944504
-0.729967,51,175.964464
-0.628952,51,175.985643
-0.753606,51,176.005367
-0.665914,51,176.026074
-0.723693,51,176.046939
-0.863715,52,176.069682
-0.820514,51,176.091375
-0.675402,51,176.11158
-0.681603,51,176.132323
-0.698691,50,176.154095
-0.833802,51,176.175143
-0.76958,51,176.196141
-0.737092,51,176.215619
-0.671647,52,176.237043
-0.737896,51,176.257724
-0.848182,51,176.277836
-0.771648,52,176.299017
-0.747056,52,176.321245
-0.796333,51,176.343178
-0.653047,51,176.365183
-0.789329,51,176.386492
-0.73236,51,176.40765
-0.678652,51,176.428617
-0.689905,51,176.449506
-0.719353,52,176.472434
-0.798044,51,176.492467
-0.769776,52,176.515351
-0.752193,51,176.53756
-0.798404,52,176.563746
-0.801218,51,176.589417
-0.710695,50,176.614436
-0.67495,51,176.636566
-0.599126,52,176.658804
-0.633975,50,176.679294
-0.737879,52,176.702073
-0.6202,51,176.724032
-0.712644,52,176.745352
-0.707291,51,176.765955
-0.793381,52,176.787762
-0.663191,51,177.006732
-0.738859,51,177.031393
-0.679752,51,177.05398
-0.894633,51,177.075358
-0.764144,51,177.097446
-0.789357,50,177.119441
-0.697439,52,177.140684
-0.718567,51,177.161965
-0.743833,51,177.183
-0.695847,50,177.204644
-0.708864,51,177.225796
-0.740199,50,177.246688
-0.848001,52,177.268906
-0.815434,51,177.289703
-0.784204,51,177.310476
-0.639689,51,177.332709
-0.767301,52,177.35471
-0.720226,50,177.375442
-0.701108,51,177.396502
-0.760945,51,177.418498
-0.801652,51,177.439531
-0.836744,52,177.461186
-0.617638,52,177.482402
-0.904733,51,177.504476
-0.694349,51,177.526235
-0.682566,51,177.550814
-0.691579,51,177.572365
-0.637721,51,177.593278
-0.669821,50,177.613853
-0.541285,52,177.635471
-0.678269,51,177.656439
-0.709282,51,177.677423
-0.65957,51,177.697958
-0.809829,51,177.719599
-0.639733,51,177.740516
-0.868779,51,177.761566
-0.716286,51,177.782063
-0.847133,51,177.803308
-0.64688,50,177.823407
-0.698828,51,177.844296
-0.798377,51,178.089574
-0.785138,51,178.110612
-0.939981,51,178.131211
-0.727108,51,178.153117
-0.744545,52,178.174501
-0.745555,51,178.19539
-0.697567,52,178.216135
-0.77576,51,178.238777
-0.636565,51,178.259881
-0.730036,51,178.280854
-0.717217,52,178.303201
-0.635057,51,178.324009
-0.680785,51,178.344505
-0.63244,51,178.365382
-0.643939,51,178.387176
-0.682633,51,178.40802
-0.829431,51,178.428528
-0.651645,51,178.451161
-0.769017,51,178.472136
-0.739106,50,178.492726
-0.909469,51,178.513627
-0.731654,51,178.535468
-0.572458,51,178.556512
-0.689712,51,178.577626
-0.735833,50,178.598653
-0.835201,51,178.620309
-0.71476,51,178.641176
-0.775272,51,178.661868
-0.762118,51,178.682876
-0.712337,51,178.704351
-0.707108,51,178.725254
-0.737039,51,178.746106
-0.629898,50,178.766131
-0.619498,52,178.78822
-0.852862,51,178.809547
-0.758918,51,178.830143
-0.833238,51,178.851762
-0.781313,51,178.874016
-0.766009,51,178.894661
-0.77803,51,178.915678
-0.680765,50,179.131246
-0.821845,52,179.153874
-0.717295,52,179.17589
-0.81079,51,179.198855
-0.71233,51,179.22227
-0.655444,50,179.242693
-0.687104,51,179.264098
-0.758839,51,179.287292
-0.627524,51,179.308891
-0.779331,51,179.329784
-0.752668,50,179.350695
-0.715065,52,179.372173
-0.777429,51,179.393006
-0.793962,51,179.413984
-0.880079,51,179.435425
-0.755064,50,179.455973
-0.812561,51,179.476836
-0.80637,50,179.49755
-0.689752,51,179.519252
-0.657812,51,179.541298
-0.681409,51,179.56217
-0.945277,51,179.583257
-0.745207,51,179.604748
-0.64091,51,179.626049
-0.678292,51,179.646722
-0.680234,51,179.668757
-0.628652,50,179.689266
-0.691817,51,179.709945
-0.728261,52,179.731222
-0.633991,50,179.752122
-0.737433,51,179.772622
-0.72658,52,179.793454
-0.731387,51,179.813943
-0.843291,51,179.835897
-0.694971,51,179.856654
-0.678898,50,179.877084
-0.715446,51,179.897615
-0.669894,51,179.91854
-0.786131,52,179.93958
-0.669736,51,179.96124
-0.67152,51,180.198446
-0.676448,51,180.221191
-0.65966,51,180.245362
-0.686529,51,180.274729
-0.676784,52,180.297661
-0.694229,51,180.31929
-0.687842,50,180.340468
-0.796928,51,180.363863
-0.936552,51,180.3936
-0.648886,51,180.419356
-0.733094,50,180.442577
-0.680448,51,180.464036
-0.664864,51,180.487342
-0.677969,51,180.510743
-0.780193,51,180.531669
-0.657746,52,180.553581
-0.683192,50,180.577425
-0.743486,51,180.598297
-0.775392,51,180.620399
-0.673654,50,180.643023
-0.784349,51,180.6653
-0.726126,50,180.687715
-0.7449,51,180.712993
-0.800781,51,180.73494
-0.649172,50,180.755415
-0.718542,51,180.776525
-0.809778,51,180.797058
-0.686683,51,180.818676
-0.792776,51,180.839502
-0.702598,51,180.86039
-0.822824,51,180.881107
-0.661618,51,180.903194
-0.679425,52,180.924313
-0.691678,50,180.94475
-0.735971,51,180.966072
-0.655215,51,180.991984
-0.660543,52,181.014872
-0.70767,50,181.036382
-0.815778,51,181.06051
-0.684433,51,181.080938
-0.628583,51,181.102163
-0.73935,51,181.341779
-0.681538,51,181.364732
-0.662988,51,181.387001
-0.74897,51,181.407879
-0.769012,50,181.428434
-0.728287,52,181.449026
-0.744781,51,181.471843
-0.730201,52,181.493251
-0.770826,51,181.513856
-0.731974,51,181.53663
-0.772692,51,181.559224
-0.653075,50,181.58022
-0.71271,50,181.60105
-0.680284,52,181.622627
-0.65142,51,181.64352
-0.76515,51,181.664097
-0.707108,51,181.685199
-0.688513,51,181.706274
-0.76889,52,181.727645
-0.660413,50,181.755009
-0.752492,51,181.782084
-0.687851,50,181.804524
-0.647687,51,181.827046
-0.713478,51,181.848095
-0.794932,51,181.870128
-0.652585,52,181.891608
-0.772586,51,181.912837
-0.637291,51,181.93424
-0.806438,51,181.955649
-0.847865,51,181.980364
-0.75615,51,182.004588
-0.629987,51,182.026014
-0.720778,51,182.04643
-0.671125,52,182.068829
-0.777334,51,182.090026
-0.625131,51,182.111148
-0.700217,50,182.131116
-0.819814,51,182.154373
-0.726227,51,182.179647
-0.707849,50,182.204756
-0.618484,51,182.427633
-0.701902,51,182.449134
-0.808861,51,182.473603
-0.752763,51,182.497709
-0.634479,50,182.521502
-0.641143,51,182.543327
-0.65877,51,182.5655
-0.8628,51,182.589317
-0.732005,52,182.612872
-0.680192,51,182.637612
-0.843847,51,182.659623
-0.697868,51,182.680682
-0.742494,52,182.703374
-0.640696,51,182.724234
-0.672215,51,182.745773
-0.616999,51,182.76982
-0.639966,50,182.793348
-0.69565,51,182.817007
-0.701842,50,182.840387
-0.836661,51,182.862838
-0.718778,52,182.885287
-0.628614,51,182.906302
-0.726926,51,182.927201
-0.813859,51,182.948642
-0.729354,51,182.972276
-0.72653,51,182.995073
-0.731214,51,183.021098
-0.692854,51,183.042387
-0.667263,51,183.065442
-0.677501,50,183.088476
-0.645242,51,183.111982
-0.703031,50,183.134844
-0.712999,51,183.157223
-0.688799,51,183.178716
-0.748849,51,183.199945
-0.606105,51,183.22161
-0.684463,51,183.242632
-0.665958,52,183.265091
-0.837994,51,183.28916
-0.764464,51,183.31149
-0.746337,52,183.555147
-0.671799,52,183.577531
-0.770882,51,183.599377
-0.710028,51,183.620701
-0.658321,50,183.641065
-0.807749,51,183.661723
-0.622957,51,183.682156
-0.685617,51,183.705252
-0.700593,51,183.770514
-0.729062,51,183.794628
-0.707351,51,183.817215
-0.634525,52,183.840087
-0.758093,51,183.862759
-0.661038,52,183.885748
-0.665288,50,183.908811
-0.680541,52,183.931662
-0.654578,50,183.953796
-0.634112,50,183.975359
-0.6568,51,183.996264
-0.659495,51,184.019521
-0.711851,51,184.040231
-0.696812,51,184.062348
-0.637188,50,184.083587
-0.596856,50,184.105677
-0.627169,51,184.12702
-0.753473,51,184.148558
-0.688376,50,184.170851
-0.627996,52,184.192391
-0.723311,51,184.213113
-0.815868,51,184.235046
-0.713859,50,184.256455
-0.648617,51,184.277388
-0.800589,51,184.298302
-0.755664,50,184.319612
-0.651905,51,184.340465
-0.630335,51,184.361231
-0.700268,51,184.424577
-0.795225,51,184.451554
-0.606813,50,184.476015
-0.992174,51,184.502974
-0.705597,52,184.732142
-0.646344,52,184.755868
-0.715873,51,184.777024
-0.733546,52,184.799019
-0.695168,51,184.820956
-0.666073,51,184.841824
-0.759015,51,184.863657
-0.734199,51,184.885968
-0.719882,51,184.910062
-0.65655,51,184.930756
-0.706756,51,184.953851
-0.638751,52,184.976137
-0.67912,50,184.995935
-0.790863,50,185.016227
-0.714495,51,185.037899
-0.678104,51,185.058583
-0.623417,51,185.079323
-0.739633,51,185.101021
-0.635645,51,185.123417
-0.668327,50,185.149364
-0.660693,51,185.17747
-0.604431,50,185.198404
-0.655526,51,185.220117
-0.753285,51,185.241559
-0.758785,51,185.264181
-0.675572,51,185.287799
-0.638625,51,185.308951
-0.887543,51,185.337111
-0.771308,51,185.359151
-0.659167,51,185.381056
-0.83724,51,185.403085
-0.727533,51,185.425631
-0.726134,51,185.447869
-0.743553,51,185.469801
-0.654303,52,185.492085
-0.698659,51,185.512103
-0.62839,51,185.534086
-0.757065,51,185.555343
-0.791256,51,185.577463
-0.790415,51,185.598217
-0.688188,51,185.832871
-0.702048,51,185.856072
-0.617657,50,185.879379
-0.618956,51,185.906206
-0.715518,51,185.928926
-0.683504,51,185.949887
-0.772003,52,185.973027
-0.758375,51,185.993875
-0.822054,51,186.014691
-0.782301,51,186.03608
-0.672311,50,186.060184
-0.6263,50,186.082359
-0.645025,51,186.104495
-0.811846,51,186.12489
-0.621089,51,186.14511
-0.6616,51,186.165383
-0.704882,51,186.186419
-0.820846,51,186.207231
-0.697856,51,186.228026
-0.747158,51,186.250833
-0.79729,51,186.271479
-0.739279,51,186.292546
-0.854305,51,186.313501
-0.714255,51,186.335216
-0.731472,51,186.356675
-0.612971,52,186.378087
-0.899539,51,186.399174
-0.753889,50,186.420793
-0.65475,51,186.441374
-0.762846,52,186.462685
-0.657866,51,186.483898
-0.719072,51,186.504189
-0.714304,51,186.524748
-0.861692,51,186.545849
-0.725744,51,186.571966
-0.616374,51,186.60097
-0.696604,50,186.629364
-0.734145,51,186.658664
-0.699443,51,186.680381
-0.718175,52,186.703537
-0.609242,51,186.727063
-0.762174,51,186.961457
-0.553008,51,186.982579
-0.797662,51,187.004657
-0.719288,50,187.0262
-0.694695,50,187.048479
-0.715186,51,187.072664
-0.807213,51,187.093998
-0.761704,52,187.115477
-0.74617,50,187.137042
-0.624672,51,187.157827
-0.713443,52,187.180241
-0.632569,51,187.202563
-0.656542,51,187.223358
-0.816136,51,187.244506
-0.818067,51,187.265615
-0.63607,51,187.288606
-0.672775,51,187.310084
-0.631217,51,187.331398
-0.747385,51,187.352876
-0.705874,51,187.373862
-0.689627,52,187.395011
-0.792296,51,187.423854
-0.596873,52,187.447078
-0.715987,51,187.468953
-0.757695,51,187.490125
-0.756448,51,187.514916
-0.698067,52,187.54044
-0.678171,51,187.562773
-0.710744,50,187.584824
-0.745351,52,187.606007
-0.71726,51,187.626647
-0.716605,50,187.647296
-0.684808,51,187.669318
-0.740833,50,187.689794
-0.628077,51,187.712817
-0.766276,51,187.738537
-0.651165,51,187.760206
-0.836369,51,187.780173
-0.795485,51,187.801339
-0.932005,51,187.822253
-0.762912,51,188.063618
-0.703834,51,188.085838
-0.658737,50,188.106627
-0.656243,51,188.127551
-0.702154,52,188.148663
-0.740957,51,188.170039
-0.830757,51,188.192136
-0.756323,51,188.213087
-0.674333,51,188.234352
-0.739343,50,188.254968
-0.664861,50,188.274996
-0.690408,52,188.296274
-0.871249,51,188.317788
-0.821561,51,188.338829
-0.652205,52,188.359877
-0.727536,51,188.382088
-0.628491,51,188.407057
-0.712939,51,188.432545
-0.81444,51,188.455329
-0.692797,51,188.478677
-0.788698,51,188.501164
-0.723709,52,188.52322
-0.727332,51,188.546092
-0.761678,51,188.567921
-0.743161,52,188.589433
-0.62197,50,188.609937
-0.678957,50,188.630961
-0.645833,50,188.65174
-0.703117,51,188.673282
-0.699694,51,188.696626
-0.709435,51,188.719402
-0.741184,51,188.741911
-0.749883,51,188.762827
-0.674209,50,188.785501
-0.635302,51,188.807907
-0.846793,51,188.830125
-0.733335,52,188.854198
-0.689011,51,188.875214
-0.718907,50,188.895434
-0.767209,51,188.916175
-0.706389,52,189.139596
-0.785707,51,189.161176
-0.775308,52,189.18363
-0.740298,52,189.205263
-0.814467,51,189.225834
-0.767008,51,189.246788
-0.767228,51,189.269069
-0.717273,50,189.290524
-0.636032,51,189.310945
-0.703849,51,189.331862
-0.771434,51,189.353508
-0.615586,51,189.376451
-0.668062,51,189.397716
-0.740576,51,189.420152
-0.622757,52,189.441689
-0.669831,51,189.462539
-0.871554,51,189.483529
-0.695471,50,189.505825
-0.688984,52,189.528393
-0.75936,51,189.554697
-0.714349,51,189.577275
-0.722439,51,189.601706
-0.664146,51,189.623028
-0.695726,51,189.643897
-0.668448,51,189.665017
-0.705287,51,189.686959
-0.611024,51,189.707837
-0.655407,51,189.728804
-0.720862,51,189.750178
-0.622405,52,189.771349
-0.760462,51,189.792406
-0.640384,50,189.813119
-0.680771,51,189.835012
-0.597571,50,189.855013
-0.656299,52,189.876241
-0.703862,51,189.897158
-0.723418,51,189.918595
-0.815642,51,189.940172
-0.771593,51,189.961698
-0.723619,51,189.982527
-0.752891,51,190.203554
-0.737302,51,190.22467
-0.706756,51,190.245537
-0.60447,51,190.26605
-0.661441,52,190.287935
-0.809383,50,190.308742
-0.667823,51,190.329422
-0.735417,51,190.350257
-0.803285,50,190.37128
-0.699546,51,190.391919
-0.684564,51,190.412139
-0.649437,51,190.433683
-0.785406,51,190.454981
-0.683685,51,190.475709
-0.64497,51,190.496127
-0.776206,51,190.517486
-0.700721,51,190.53867
-0.745338,51,190.559092
-0.762978,51,190.579599
-0.650273,51,190.60136
-0.645043,51,190.622653
-0.667808,50,190.643046
-0.892245,51,190.664106
-0.728264,52,190.686176
-0.74791,50,190.706644
-0.780992,51,190.726848
-0.63568,51,190.747821
-0.806364,51,190.769162
-0.744636,51,190.789961
-0.617982,51,190.810606
-0.653874,51,190.831236
-0.650873,52,190.852719
-0.703874,51,190.873444
-0.796263,51,190.893982
-0.76516,51,190.985568
-0.772785,51,191.035806
-0.656992,51,191.058943
-0.646304,50,191.07972
-0.725612,50,191.101085
-0.621511,51,191.122403
-0.716627,51,191.342674
-0.754251,50,191.363119
-0.688842,51,191.384803
-0.628752,51,191.40587
-0.724985,51,191.427055
-0.810008,51,191.447733
-0.762815,51,191.469884
-0.783141,50,191.49136
-0.696351,51,191.513796
-0.670848,52,191.537594
-0.696146,51,191.558422
-0.75544,51,191.579053
-0.698218,51,191.600244
-0.710227,51,191.621764
-0.699833,51,191.642559
-0.679999,51,191.663195
-0.766772,51,191.684267
-0.688203,51,191.705694
-0.655886,51,191.727039
-0.677166,51,191.751195
-0.697513,51,191.773077
-0.784583,51,191.797073
-0.80167,51,191.819335
-0.715896,51,191.840915
-0.773493,52,191.862086
-0.650742,52,191.883995
-0.687682,51,191.905312
-0.706425,52,191.926407
-0.747061,51,191.947468
-0.633126,50,191.968902
-0.675499,50,191.98935
-0.705831,52,192.0106
-0.733616,51,192.031696
-0.672321,51,192.053641
-0.744059,51,192.074625
-0.644796,50,192.095165
-0.758732,51,192.116371
-0.62146,52,192.138465
-0.607037,51,192.15937
-0.673816,52,192.180727
-0.763527,52,192.403923
-0.653187,52,192.4277
-0.780668,51,192.449822
-0.760736,51,192.470827
-0.888687,51,192.491735
-0.619391,50,192.512224
-0.680011,50,192.532974
-0.700191,51,192.554023
-0.768254,51,192.574809
-0.674954,51,192.59574
-0.821549,51,192.616639
-0.74555,51,192.638102
-0.739365,50,192.658844
-0.798404,51,192.679199
-0.596758,50,192.700609
-0.743317,52,192.721987
-0.678947,51,192.742788
-0.651932,51,192.763509
-0.597185,51,192.785039
-0.67145,51,192.805988
-0.872711,51,192.826938
-0.809436,51,192.848049
-0.656885,51,192.869521
-0.636159,51,192.890363
-0.696877,50,192.911007
-0.741628,50,192.931678
-0.649873,51,192.95365
-0.700085,51,192.974639
-0.71058,51,192.995492
-0.676831,51,193.017098
-0.921116,51,193.038627
-0.739028,51,193.059638
-0.647357,50,193.080114
-0.772798,50,193.101597
-0.645908,52,193.122931
-0.723575,52,193.143818
-0.65452,52,193.164971
-0.816466,51,193.186922
-0.657154,52,193.208219
-0.724799,51,193.228794
-0.797554,50,193.458759
-0.686666,52,193.480745
-0.625143,50,193.502385
-0.722774,51,193.523499
-0.728168,51,193.544512
-0.828721,51,193.565703
-0.753739,51,193.587435
-0.683354,51,193.607879
-0.793994,51,193.628771
-0.6981,51,193.650001
-0.681179,50,193.671062
-0.866788,51,193.691403
-0.679316,51,193.71204
-0.667338,51,193.733444
-0.785395,51,193.755867
-0.740591,51,193.776551
-0.652349,51,193.796764
-0.71158,51,193.818866
-0.763428,51,193.840222
-0.611902,51,193.860069
-0.710391,52,193.882968
-0.685365,51,193.904653
-0.719996,51,193.92578
-0.777264,51,193.946736
-0.677198,50,193.967335
-0.602279,51,193.988639
-0.587931,51,194.009883
-0.698095,51,194.029167
-0.76136,51,194.05004
-0.784572,51,194.071459
-0.622679,51,194.091489
-0.723909,51,194.112083
-0.639472,51,194.133516
-0.691118,51,194.15598
-0.64113,50,194.175674
-0.693114,51,194.197647
-0.753021,51,194.221544
-0.723344,51,194.246147
-0.66926,50,194.269175
-0.745241,51,194.290636
-0.788779,51,194.311678
-0.747856,51,194.530764
-0.636497,51,194.551944
-0.661708,51,194.573064
-0.758822,51,194.593692
-0.748014,52,194.615172
-0.917581,51,194.636042
-0.740579,52,194.657317
-0.663836,51,194.677965
-0.644956,52,194.69826
-0.689336,52,194.720467
-0.692301,52,194.741822
-0.665899,51,194.762598
-0.64919,50,194.784128
-0.791792,52,194.807552
-0.687522,51,194.830068
-0.734887,52,194.854117
-0.698501,51,194.877912
-0.707846,51,194.903105
-0.946875,51,194.925236
-0.863177,52,194.947884
-0.721339,51,194.969927
-0.782073,50,194.990554
-0.77239,51,195.011561
-0.724036,51,195.032572
-0.669036,51,195.054627
-0.645627,51,195.074886
-0.754464,50,195.094316
-0.604935,52,195.115674
-0.686571,51,195.136944
-0.604107,50,195.157511
-0.716386,51,195.178376
-0.708652,51,195.198685
-0.670748,51,195.21917
-0.631796,51,195.242614
-0.630609,51,195.26492
-0.671139,51,195.288048
-0.719194,51,195.310884
-0.674081,51,195.334646
-0.761346,52,195.357033
-0.721117,51,195.38159
-0.714796,50,195.619549
-0.729044,51,195.641805
-0.657597,51,195.664854
-0.696122,51,195.686728
-0.719242,52,195.712232
-0.625313,51,195.740005
-0.777781,51,195.764865
-0.655552,51,195.791332
-0.67114,52,195.81505
-0.638507,51,195.839678
-0.734046,51,195.860349
-0.873903,52,195.881566
-0.752054,51,195.904721
-0.812644,51,195.925096
-0.70747,51,195.946442
-0.764844,51,195.969343
-0.659158,51,195.990755
-0.74598,51,196.011748
-0.927751,51,196.031919
-0.754084,51,196.054301
-0.665463,51,196.076425
-0.860783,51,196.097753
-0.711821,50,196.119252
-0.643732,51,196.140756
-0.714684,50,196.16093
-0.724097,51,196.181709
-0.650112,51,196.203209
-0.67724,51,196.223582
-0.671726,51,196.244487
-0.698079,51,196.265322
-0.838149,51,196.287708
-0.949699,51,196.312293
-0.772315,51,196.337644
-0.74733,51,196.359222
-0.699703,51,196.380896
-0.669299,51,196.402277
-0.8117,51,196.424701
-0.675533,51,196.44582
-0.730226,51,196.467263
-0.687468,51,196.488325
-0.68068,51,196.708856
-0.769105,51,196.730242
-0.693007,50,196.750826
-0.674822,51,196.771728
-0.672199,50,196.792496
-0.65013,50,196.813067
-0.736535,51,196.834586
-0.669733,52,196.856005
-0.708477,52,196.876936
-0.642739,50,196.897316
-0.72121,51,196.918823
-0.699805,51,196.939861
-0.675098,52,196.961264
-0.746024,51,196.981871
-0.768552,51,197.006517
-0.702318,51,197.028133
-0.758806,51,197.048968
-0.67415,52,197.071276
-0.678177,51,197.092536
-0.889966,51,197.11338
-0.805797,52,197.135508
-0.668383,50,197.157102
-0.689233,50,197.177312
-0.751917,51,197.198101
-0.661492,50,197.219646
-0.764627,52,197.240783
-0.744521,51,197.261639
-0.723789,51,197.282622
-0.747313,51,197.304213
-0.717837,51,197.324944
-0.752394,51,197.34556
-0.609418,51,197.366709
-0.680278,51,197.387774
-0.712046,51,197.40862
-0.609714,51,197.429354
-0.707345,51,197.450737
-0.786057,51,197.471255
-0.815806,51,197.491989
-0.717314,52,197.512794
-0.778921,52,197.534447
-0.620697,52,197.753958
-0.783401,51,197.773853
-0.866122,51,197.794521
-0.72167,51,197.814793
-0.652876,50,197.834658
-0.795075,52,197.85596
-0.77664,51,197.876694
-0.821471,52,197.896817
-0.810584,51,197.918438
-0.665688,50,197.939458
-0.734717,52,197.959656
-0.72789,52,197.981089
-0.756291,52,198.003099
-0.651433,51,198.022413
-0.629628,50,198.042377
-0.760059,51,198.062939
-0.686649,50,198.083343
-0.777382,51,198.103932
-0.622387,51,198.125091
-0.732998,51,198.145858
-0.686291,51,198.165703
-0.686198,50,198.187294
-0.676982,52,198.208881
-0.679523,52,198.228385
-0.758523,51,198.249568
-0.686801,52,198.271633
-0.74726,51,198.291324
-0.722317,51,198.312072
-0.713196,52,198.333952
-0.710152,51,198.353935
-0.765457,51,198.374686
-0.781248,52,198.394881
-0.766915,51,198.415352
-0.81705,51,198.436917
-0.702593,51,198.457943
-0.759443,50,198.478718
-0.805089,51,198.500147
-0.690576,51,198.521062
-0.674913,52,198.542033
-0.732948,51,198.562077
-0.721895,50,198.776922
-0.646011,50,198.797507
-0.706286,51,198.818041
-0.655238,50,198.838477
-0.658718,51,198.85924
-0.732347,51,198.878878
-0.741276,51,198.900321
-0.661469,51,198.921206
-0.811833,51,198.94129
-0.675041,51,198.96225
-0.755384,51,198.982688
-0.694705,51,199.003889
-0.573532,51,199.024919
-0.626594,50,199.045005
-0.696122,51,199.065543
-0.774468,51,199.087294
-0.756047,51,199.106978
-0.653731,51,199.127408
-0.681087,51,199.148339
-0.666269,50,199.169227
-0.766399,52,199.190799
-0.632472,52,199.211181
-0.699428,51,199.232082
-0.768751,52,199.254738
-0.646838,51,199.275717
-0.661541,50,199.304393
-0.728222,52,199.334681
-0.679081,51,199.356471
-0.709286,51,199.377594
-0.674492,52,199.399034
-0.763675,52,199.421376
-0.887861,51,199.442392
-0.714823,52,199.46306
-0.66531,51,199.483696
-0.661086,50,199.504868
-0.708586,51,199.526917
-0.657343,51,199.547331
-0.678811,51,199.568843
-0.857896,51,199.590178
-0.713868,50,199.613151
-0.786862,51,199.846286
-0.664341,52,199.868971
-0.682716,52,199.893683
-0.740984,51,199.914277
-0.591186,50,199.935598
-0.652819,51,199.957591
-0.690621,51,199.979922
-0.715074,50,200.003995
-0.684887,52,200.029076
-0.726039,51,200.053809
-0.721986,50,200.076843
-0.722475,52,200.102781
-0.726326,50,200.127644
-0.652041,51,200.152657
-0.650121,51,200.177029
-0.736604,51,200.200874
-0.638941,51,200.225591
-0.783891,52,200.252505
-0.669097,51,200.277947
-0.735116,51,200.303925
-0.603352,50,200.330282
-0.807143,51,200.357723
-0.788483,51,200.381167
-0.623426,51,200.407213
-0.895052,52,200.43088
-0.720703,51,200.456399
-0.734952,51,200.481171
-0.764538,50,200.506226
-0.661432,51,200.529397
-0.716154,52,200.553958
-0.773486,51,200.577755
-0.641258,52,200.602599
-0.641034,51,200.629025
-0.695762,50,200.657032
-0.715053,51,200.679701
-0.777716,52,200.704339
-0.694296,51,200.738811
-0.839342,51,200.767119
-0.682725,50,200.789293
-0.646441,51,200.810906
-0.755034,52,201.055445
-0.710692,51,201.076517
-0.610267,51,201.097378
-0.665029,51,201.118931
-0.89713,51,201.141016
-0.715668,51,201.16194
-0.674161,52,201.187628
-0.741383,51,201.209313
-0.687,52,201.229966
-0.707392,51,201.260236
-0.725163,51,201.282976
-0.708163,51,201.304246
-0.784478,51,201.325154
-0.7213,50,201.345153
-0.7152,51,201.365167
-0.805284,51,201.387225
-0.598688,51,201.407938
-0.703875,51,201.429422
-0.622778,51,201.451917
-0.659293,52,201.477246
-0.803928,51,201.506026
-0.703858,52,201.531319
-0.69875,51,201.553399
-0.847538,51,201.574656
-0.77407,51,201.596041
-0.788643,52,201.62369
-0.717251,50,201.645065
-0.725154,51,201.665694
-0.732147,51,201.690264
-0.863286,51,201.715698
-0.716314,50,201.738537
-0.640233,50,201.75877
-0.648548,50,201.779399
-0.591315,51,201.802589
-0.735679,52,201.830035
-0.723369,52,201.854344
-0.691473,51,201.87527
-0.772961,51,201.895998
-0.711037,51,201.917381
-0.799901,50,201.938289
-0.789947,51,201.959107
-0.748468,51,202.180323
-0.565484,51,202.20145
-0.6234,51,202.222351
-0.867025,51,202.243168
-0.63292,51,202.264014
-0.756494,51,202.285785
-0.608596,52,202.307285
-0.664654,51,202.328026
-0.629936,50,202.348504
-0.777704,50,202.36955
-0.754091,51,202.395656
-0.715895,51,202.421482
-0.689313,51,202.442969
-0.82654,51,202.463423
-0.805979,51,202.485702
-0.678097,50,202.506364
-0.699709,51,202.527478
-0.657167,51,202.548325
-0.710953,51,202.570171
-0.82847,50,202.591015
-0.735905,51,202.612007
-0.679965,51,202.634057
-0.602435,52,202.655345
-0.629484,50,202.675823
-0.723604,51,202.696618
-0.639233,50,202.717459
-0.707974,50,202.738258
-0.654859,51,202.758879
-0.712396,51,202.779715
-0.734809,51,202.801106
-0.786645,51,202.821815
-0.673142,51,202.842834
-0.642834,51,202.863326
-0.706629,52,202.885312
-0.697382,51,202.906012
-0.624509,51,202.926388
-0.792659,51,202.946447
-0.723461,51,202.967775
-0.77264,50,202.987987
-0.618444,51,203.008584
-0.829139,51,203.232935
-0.792749,51,203.254769
-0.736247,51,203.275893
-0.680402,51,203.296725
-0.745029,51,203.318731
-0.646603,50,203.338025
-0.733285,51,203.358329
-0.767268,51,203.379177
-0.723995,51,203.398892
-0.631267,51,203.420348
-0.712545,51,203.441067
-0.752854,50,203.460562
-0.761144,51,203.480975
-0.673284,51,203.502224
-0.7602,51,203.523226
-0.637819,51,203.543738
-0.870034,51,203.564378
-0.623074,52,203.587206
-0.638871,51,203.608287
-0.635073,51,203.629072
-0.779502,51,203.648826
-0.652517,51,203.670863
-0.697533,51,203.691798
-0.767742,51,203.712146
-0.789294,51,203.732721
-0.658806,51,203.753956
-0.686585,50,203.77348
-0.719549,51,203.793347
-0.673572,51,203.813559
-0.649126,50,203.834332
-0.784508,51,203.854598
-0.706005,50,203.875013
-0.663866,50,203.894414
-0.791019,51,203.914423
-1.020793,51,203.935689
-0.852437,51,203.956525
-0.75832,50,203.975772
-0.700895,51,203.996619
-0.77097,51,204.017895
-0.667197,51,204.038689
-0.724627,51,204.265159
-0.658173,51,204.288321
-0.679893,51,204.310771
-0.680324,51,204.333108
-0.696486,50,204.354053
-0.693287,51,204.374654
-0.614351,50,204.395132
-0.786949,50,204.415213
-0.638588,51,204.436846
-0.68295,50,204.456851
-0.698364,50,204.476888
-0.731758,52,204.4984
-0.651165,51,204.520639
-0.643585,51,204.541507
-0.687974,51,204.562147
-0.749049,52,204.583846
-0.816018,51,204.606241
-0.665965,52,204.631556
-0.808971,51,204.65448
-0.66493,52,204.676254
-0.66645,52,204.697717
-0.809867,51,204.719149
-0.734554,51,204.740216
-0.747447,51,204.760861
-0.760841,52,204.781896
-0.623128,51,204.80357
-0.694511,51,204.824516
-0.771505,51,204.845341
-0.738491,52,204.868396
-0.67731,50,204.888914
-0.703807,50,204.908643
-0.669132,52,204.932001
-0.669522,50,204.954976
-0.699763,52,204.976496
-0.729066,51,204.996865
-0.71417,52,205.018923
-0.723988,51,205.041413
-0.757676,52,205.062604
-0.594154,50,205.084082
-0.75359,51,205.104939
-0.730129,51,205.360588
-0.597687,50,205.387802
-0.692769,50,205.40829
-0.625418,51,205.434687
-0.712617,51,205.455757
-0.786337,51,205.476689
-0.927975,51,205.497593
-0.632017,51,205.518483
-0.627683,52,205.53947
-0.745336,52,205.560773
-0.637654,50,205.580538
-0.733891,51,205.602272
-0.695504,51,205.622634
-0.692229,52,205.643563
-0.65166,51,205.664222
-0.686325,51,205.685967
-0.577342,50,205.706625
-0.649907,51,205.727325
-0.615737,50,205.747322
-0.865246,51,205.769552
-0.762405,51,205.790466
-0.605253,50,205.810995
-0.725132,51,205.831955
-0.733055,51,205.853622
-0.704411,51,205.874656
-0.666756,52,205.895613
-0.731684,51,205.915955
-0.674886,52,205.937744
-0.735288,52,205.958664
-0.747146,52,205.979603
-0.690864,50,206.000114
-0.719356,52,206.021891
-0.77661,51,206.042709
-0.781342,52,206.063668
-0.67173,51,206.084803
-0.733074,52,206.10624
-0.821898,51,206.130251
-0.661531,51,206.153097
-0.712752,50,206.174258
-0.769661,51,206.195234
-0.888033,51,206.448716
-0.62637,50,206.474164
-0.696676,51,206.497951
-0.677128,51,206.523886
-0.659117,51,206.547773
-0.735083,51,206.572626
-0.693148,52,206.595927
-0.551499,51,206.619997
-0.830681,51,206.643446
-0.797268,51,206.667468
-0.664604,51,206.691397
-0.754216,51,206.714813
-0.728019,51,206.739464
-0.711695,50,206.763072
-0.651226,51,206.787556
-0.73344,51,206.811022
-0.621122,51,206.836081
-0.664107,51,206.862286
-0.627968,51,206.892756
-0.741714,51,206.918056
-0.673755,51,206.943313
-0.709462,51,206.973056
-0.728862,51,207.00247
-0.620651,51,207.027317
-0.726908,51,207.051575
-0.624005,52,207.07546
-0.719688,51,207.098801
-0.640169,51,207.123495
-0.614989,51,207.151248
-0.743271,51,207.17818
-0.776935,51,207.203153
-0.614505,51,207.2267
-0.579474,51,207.249595
-0.645723,50,207.27514
-0.748634,51,207.300367
-0.597575,50,207.324507
-0.824125,51,207.349422
-0.642561,50,207.373606
-0.708672,51,207.397019
-0.771294,51,207.422285
-0.75614,51,207.691992
-0.684367,52,207.717378
-0.713526,50,207.740542
-0.72109,50,207.76364
-0.712946,51,207.787567
-0.681776,51,207.810924
-0.700636,51,207.837945
-0.595092,51,207.864601
-0.67887,51,207.889722
-0.768917,51,207.91489
-0.672752,51,207.951665
-0.627926,51,207.98196
-0.693661,51,208.007608
-0.681381,51,208.032062
-0.651617,51,208.057518
-0.633826,50,208.084925
-0.726894,51,208.10922
-0.732876,51,208.134968
-0.755399,52,208.161361
-0.706984,51,208.186432
-0.703934,51,208.212589
-0.714316,51,208.236774
-0.791856,51,208.260576
-0.741188,50,208.285273
-0.799356,51,208.3091
-0.683574,51,208.335535
-0.687405,50,208.359096
-0.724747,51,208.386546
-0.833111,51,208.410175
-0.746929,51,208.434193
-0.614296,52,208.457816
-0.797561,51,208.480823
-0.764476,51,208.504934
-0.716034,51,208.52758
-0.763985,52,208.551849
-0.674703,51,208.575287
-0.653088,52,208.59843
-0.674416,51,208.623034
-0.706392,52,208.646242
-0.714623,52,208.670665
-0.722973,51,208.693264
-0.704089,52,208.94817
-0.706154,51,208.972032
-0.654235,52,208.995701
-0.758188,51,209.019531
-0.764384,51,209.042567
-0.712911,51,209.066301
-0.629253,51,209.089664
-0.717228,51,209.110483
-0.664056,52,209.133349
-0.666771,51,209.156522
-0.719165,51,209.177567
-0.771711,51,209.19827
-0.784374,51,209.221217
-0.830713,52,209.242408
-0.723439,51,209.265535
-0.841631,51,209.291139
-0.80724,51,209.31215
-0.652841,51,209.335129
-0.687402,51,209.356095
-0.74703,51,209.378817
-0.659,50,209.399406
-0.753594,51,209.422573
-0.762346,51,209.44585
-0.699893,51,209.470987
-0.640772,51,209.500413
-0.736806,51,209.525265
-0.739806,52,209.551101
-0.656013,50,209.57463
-0.653706,51,209.597846
-0.790873,51,209.619797
-0.655729,51,209.641478
-0.623819,50,209.663523
-0.675892,50,209.685377
-0.743538,52,209.714397
-0.692159,51,209.741646
-0.769462,51,209.770711
-0.691872,51,209.795231
-0.65262,51,209.819314
-0.681281,51,209.843232
-0.713072,51,209.865688
-0.726909,51,210.098724
-0.583995,52,210.123233
-0.657114,51,210.145052
-0.784965,52,210.167807
-0.680781,50,210.188345
-0.717245,51,210.208873
-0.60938,51,210.229226
-0.790817,51,210.254766
-0.68563,50,210.279104
-0.724956,51,210.30549
-0.607455,50,210.329332
-0.651669,51,210.353371
-0.696536,50,210.377625
-0.676705,51,210.40287
-0.680504,50,210.424916
-0.697735,51,210.446427
-0.830997,50,210.468819
-0.661146,52,210.491122
-0.733798,51,210.511883
-0.666528,51,210.534481
-0.876057,51,210.555513
-0.761221,51,210.576711
-0.723974,51,210.597375
-0.74894,51,210.619087
-0.70761,52,210.640323
-0.932787,51,210.661333
-0.707023,51,210.681952
-0.651824,51,210.703544
-0.773133,51,210.724317
-0.745284,51,210.744953
-0.644686,52,210.767043
-0.695209,51,210.78719
-0.656816,51,210.807826
-0.785059,51,210.828886
-0.680917,50,210.849788
-0.64396,50,210.870256
-0.780077,51,210.891184
-0.693746,51,210.911962
-0.705981,50,210.932601
-0.617664,51,210.954456
-0.726462,51,211.176412
-0.620373,51,211.197448
-0.796642,51,211.219164
-0.673818,51,211.241636
-0.687705,51,211.262468
-0.676152,51,211.284226
-0.849255,52,211.305674
-0.623581,51,211.326771
-0.651282,50,211.348093
-0.648497,52,211.370124
-0.586752,50,211.390413
-0.840208,52,211.411339
-0.581611,51,211.432113
-0.614576,50,211.453574
-0.70622,50,211.474318
-0.69129,50,211.49544
-0.771372,51,211.516558
-0.648617,51,211.537448
-0.713597,51,211.558308
-0.66848,51,211.579091
-0.622582,51,211.600664
-0.760674,51,211.621924
-0.622995,51,211.642583
-0.633729,50,211.663122
-0.65615,51,211.684767
-0.694546,51,211.705512
-0.72624,51,211.726267
-0.714947,51,211.747369
-0.741639,50,211.769033
-0.685527,51,211.789784
-0.738772,51,211.810407
-0.71233,51,211.831456
-0.737035,51,211.854994
-0.773412,51,211.877155
-0.657517,51,211.90015
-0.807426,51,211.921822
-0.838966,51,211.94249
-0.719513,52,211.963739
-0.746224,51,211.985253
-0.641976,51,212.006178
-0.656635,51,212.226538
-0.721608,50,212.247513
-0.662505,51,212.268889
-0.623284,51,212.289486
-0.692786,51,212.310389
-0.687399,51,212.330643
-0.679033,52,212.352714
-0.703233,51,212.373655
-0.704105,51,212.396368
-0.706225,51,212.420062
-0.637918,51,212.445365
-0.690543,51,212.468231
-0.808218,51,212.490284
-0.694612,51,212.511131
-0.71224,50,212.534544
-0.752154,52,212.556807
-0.754221,51,212.582192
-0.709449,51,212.604336
-0.81378,51,212.62567
-0.735333,52,212.646902
-0.770692,51,212.668522
-0.695457,51,212.689618
-0.759912,51,212.710639
-0.759017,52,212.731869
-0.759101,52,212.753016
-0.711956,51,212.773758
-0.660646,52,212.795086
-0.599595,51,212.817212
-0.654038,51,212.838306
-0.735127,51,212.85927
-0.704617,51,212.880152
-0.583443,50,212.901479
-0.662687,52,212.922971
-0.674044,51,212.943861
-0.718923,52,212.965233
-0.736545,51,212.986591
-0.666204,52,213.007256
-0.828425,51,213.028258
-0.674561,52,213.050087
-0.631918,51,213.072087
-0.663005,51,213.307659
-0.744957,52,213.329365
-0.643822,51,213.351179
-0.720398,51,213.437917
-0.697816,50,213.472755
-0.631309,51,213.50386
-0.620111,51,213.536858
-0.744385,51,213.594904
-0.668768,51,213.712868
-0.621865,50,213.754636
-0.769916,51,213.788472
-0.652555,51,213.823189
-0.649278,51,213.859154
-0.747394,50,213.891839
-0.702863,52,213.929373
-0.638377,51,213.966771
-0.66494,50,213.994223
-0.739637,51,214.019908
-0.693387,51,214.045188
-0.621367,51,214.07176
-0.662309,51,214.09559
-0.716119,51,214.122627
-0.624724,52,214.148143
-0.674219,52,214.17711
-0.585846,51,214.205546
-0.713646,51,214.245929
-0.708364,50,214.290852
-0.695538,51,214.337703
-0.72406,51,214.368707
-0.693913,50,214.392821
-0.846417,51,214.414901
-0.685747,51,214.441898
-0.736316,51,214.463557
-0.699106,51,214.48589
-0.746336,51,214.506755
-0.660584,50,214.52802
-0.812768,51,214.549877
-0.666868,50,214.570934
-0.630941,50,214.592708
-0.584908,51,214.615606
-0.707377,51,214.859453
-0.715936,51,214.881694
-0.686318,50,214.903031
-0.798635,51,214.923673
-0.690551,51,214.944746
-0.751521,51,214.966724
-0.759692,51,214.987812
-0.781595,51,215.008726
-0.833965,51,215.030005
-0.665019,51,215.051618
-0.727896,51,215.072823
-0.734199,52,215.093775
-0.65989,51,215.114435
-0.777727,51,215.13629
-0.672247,51,215.157018
-0.678879,51,215.178116
-0.577725,50,215.198824
-0.663494,51,215.225655
-0.719255,51,215.253792
-0.683713,51,215.289477
-0.809198,51,215.324848
-0.648387,52,215.355532
-0.772568,51,215.386044
-0.623807,52,215.412606
-0.811996,51,215.440669
-0.615714,50,215.46786
-0.691171,51,215.493622
-0.678051,51,215.522888
-0.681828,51,215.556771
-0.59148,52,215.583948
-0.729677,51,215.60819
-0.76201,51,215.629709
-0.797894,51,215.650588
-0.649615,51,215.672534
-0.754249,51,215.695401
-0.678674,51,215.717468
-0.617221,50,215.739907
-0.726348,52,215.765301
-0.785898,51,215.789952
-0.640225,52,215.812107
-0.78825,51,215.834307
-0.671457,51,216.128398
-0.829829,52,216.181092
-0.650996,51,216.239011
-0.690773,52,216.265813
-0.613289,50,216.298344
-0.782629,51,216.335647
-0.703284,51,216.371842
-0.680428,51,216.408162
-0.689584,51,216.44834
-0.696795,51,216.491831
-0.779476,51,216.529128
-0.631478,51,216.577925
-0.680642,50,216.641388
-0.685568,51,216.672833
-0.742896,51,216.745337
-0.835135,51,216.87219
-0.731993,51,216.934774
-0.670557,51,216.981389
-0.788009,52,217.01988
-0.825374,51,217.061581
-0.745701,50,217.102677
-0.707559,51,217.131682
-0.707496,51,217.157584
-0.759181,51,217.185367
-0.705674,50,217.210635
-0.686992,52,217.236835
-0.603567,51,217.262781
-0.713716,51,217.292993
-0.745434,52,217.321335
-0.723751,51,217.347176
-0.835452,51,217.379424
-0.713156,52,217.415163
-0.73076,50,217.445447
-0.67352,51,217.47311
-0.648201,50,217.49732
-0.852907,51,217.522163
-0.733114,51,217.545268
-0.682608,52,217.572382
-0.676119,50,217.605073
-0.8517,51,217.629454
-0.63425,51,217.997258
-0.637508,50,218.036133
-0.722126,51,218.068294
-0.702705,51,218.107078
-0.593999,51,218.131934
-0.640624,50,218.156227
-0.624555,51,218.18113
-0.615988,50,218.205627
-0.654626,51,218.234382
-0.638699,51,218.257292
-0.695503,51,218.28585
-0.729849,51,218.308704
-0.631381,51,218.330466
-0.656453,51,218.353903
-0.678759,52,218.376355
-0.67365,51,218.398395
-0.659734,50,218.420826
-0.70845,51,218.443065
-0.708401,51,218.464302
-0.798878,51,218.487314
-0.76672,51,218.509884
-0.704056,52,218.532618
-0.699325,51,218.555209
-0.649226,50,218.576882
-0.646667,50,218.597737
-0.593359,51,218.620763
-0.898891,51,218.641692
-0.67407,51,218.663092
-0.665669,51,218.684475
-0.638462,51,218.704985
-0.952672,51,218.726993
-0.710637,51,218.747503
-0.63218,51,218.768879
-0.689911,51,218.791063
-0.726338,51,218.813356
-0.734203,51,218.836065
-0.743627,51,218.858023
-0.72166,51,218.879708
-0.69644,51,218.902473
-0.716124,51,218.926819
-0.727706,51,219.175205
-0.599634,51,219.197119
-0.602806,51,219.219231
-0.659903,52,219.240632
-0.850819,51,219.261834
-0.637339,51,219.285048
-0.779969,52,219.308082
-0.581494,50,219.329672
-0.646575,51,219.351948
-0.679095,50,219.383379
-0.606899,51,219.40726
-0.664593,52,219.446511
-0.684904,51,219.497724
-0.66345,51,219.534062
-0.782053,51,219.559603
-0.735995,51,219.589527
-0.748744,51,219.63026
-0.763876,52,219.674583
-0.645408,51,219.707055
-0.713684,51,219.742963
-0.688647,51,219.812279
-0.655162,50,219.845045
-0.747178,51,219.889166
-0.699038,51,219.941602
-0.905571,51,219.98345
-0.680177,51,220.018723
-0.719491,52,220.055972
-0.763947,50,220.086175
-0.738366,51,220.134433
-0.789812,51,220.191949
-0.710928,51,220.244064
-0.706171,51,220.279915
-0.779843,51,220.326939
-0.707968,52,220.366845
-0.630563,52,220.391368
-0.647986,50,220.414773
-0.807608,51,220.448413
-0.660118,51,220.473499
-0.681561,51,220.498458
-0.655573,50,220.522518
-0.742604,51,220.790288
-0.750216,50,220.817347
-0.608683,52,220.844551
-0.766263,51,220.868066
-0.850493,51,220.891028
-0.722756,51,220.920516
-0.668502,50,220.950865
-0.726395,51,220.994321
-0.790659,51,221.023751
-0.680622,51,221.047254
-0.675648,50,221.071207
-0.894532,51,221.095325
-0.721939,51,221.135977
-0.844002,51,221.198256
-0.65138,52,221.247842
-0.833603,51,221.283858
-0.697077,51,221.316893
-0.839508,51,221.341947
-0.724704,51,221.370977
-0.688396,51,221.4018
-0.698187,52,221.496553
-0.677595,52,221.575049
-0.738487,51,221.658775
-0.647269,50,221.731083
-0.665109,52,221.77295
-0.694912,51,221.819266
-0.838424,51,221.909885
-0.904707,51,222.009048
-0.717452,51,222.072503
-0.670506,51,222.125104
-0.622148,50,222.177685
-0.743939,50,222.248157
-0.761328,51,222.290749
-0.760612,51,222.315504
-0.665986,52,222.348095
-0.806029,51,222.379294
-0.711449,51,222.417182
-0.687194,51,222.462311
-0.737339,51,222.507163
-0.988751,51,222.546641
-0.78,51,222.858607
-0.737492,51,222.888766
-0.800837,51,222.921682
-0.759146,51,222.957402
-0.732615,51,222.987297
-0.691204,50,223.014774
-0.679428,51,223.043508
-0.64233,52,223.071251
-0.649514,52,223.137022
-0.655484,51,223.173803
-0.727692,51,223.225197
-0.664818,51,223.270211
-0.711856,52,223.319592
-0.626627,51,223.347542
-0.702302,51,223.374755
-0.650113,51,223.403012
-0.77754,51,223.432387
-0.711738,51,223.460806
-0.779775,51,223.487152
-0.726453,51,223.512484
-0.736157,52,223.539005
-0.677,51,223.563598
-0.666746,51,223.588278
-0.613786,51,223.61213
-0.742302,51,223.63744
-0.644685,50,223.659202
-0.685834,51,223.681492
-0.754312,51,223.707542
-0.748149,52,223.731343
-0.650767,50,223.757978
-0.683906,51,223.781699
-0.673119,50,223.808271
-0.618105,51,223.832901
-0.663728,51,223.85761
-0.769597,52,223.887444
-0.710352,51,223.914708
-0.813137,51,223.944246
-0.575063,51,223.997665
-0.772212,51,224.038554
-0.686935,52,224.068616
-0.651919,50,224.38854
-0.730386,51,224.413266
-0.711341,51,224.440136
-0.693827,51,224.464124
-0.730723,51,224.489842
-0.670617,50,224.514278
-0.6479,51,224.544354
-0.704399,51,224.575432
-0.699968,50,224.605359
-0.77202,50,224.636228
-0.674367,51,224.664603
-0.738141,51,224.692659
-0.8816,51,224.724454
-0.761547,51,224.75534
-0.715489,51,224.785587
-0.70758,51,224.816774
-0.700991,52,224.84271
-0.802167,51,224.869771
-0.614098,50,224.896539
-0.744289,51,224.923768
-0.729654,52,224.951433
-0.718517,50,224.98686
-0.766656,52,225.02484
-0.643157,52,225.059442
-0.809249,51,225.090534
-0.7112,51,225.123428
-0.707917,50,225.154081
-0.686058,52,225.186129
-0.666218,51,225.218741
-0.738172,51,225.258885
-0.680918,51,225.305065
-0.685198,52,225.660583
-0.660583,51,225.722274
-0.668281,50,225.756211
-0.609402,51,225.790565
-0.848854,51,225.827778
-0.782276,51,225.860477
-0.626387,50,225.901504
-0.680366,52,225.954798
-0.770515,51,225.981563
-0.67974,51,226.008891
-0.710556,51,226.314573
-0.800916,51,226.344203
-0.676999,52,226.372389
-0.676709,52,226.397983
-0.612179,51,226.423853
-0.710497,51,226.448833
-0.605286,50,226.471726
-0.688639,50,226.492044
-0.652555,51,226.51411
-0.673238,51,226.537109
-0.577908,50,226.628329
-0.668965,51,226.664116
-0.660676,51,226.720998
-0.684241,51,226.756888
-0.708766,51,226.794904
-0.650803,51,226.827145
-0.752114,51,226.962358
-0.619072,51,227.039719
-0.777183,51,227.098153
-0.64696,50,227.134533
-0.635051,51,227.183414
-0.681067,51,227.226255
-0.658718,52,227.257446
-0.624794,51,227.310808
-0.725208,51,227.355385
-0.63762,52,227.396285
-0.706679,51,227.431182
-0.65812,50,227.46585
-0.753789,51,227.505544
-0.652608,52,227.547181
-0.711648,51,227.587228
-0.62099,51,227.627093
-0.714521,51,227.668487
-0.76481,51,227.702958
-0.752923,51,227.740336
-0.733528,51,227.778187
-0.832792,51,227.812129
-0.73512,52,227.84392
-0.734111,50,227.876649
-0.825296,51,227.921107
-0.685636,51,228.487156
-0.609608,50,228.598513
-0.7004,51,228.674963
-0.670383,50,228.837091
-0.735851,51,228.891908
-0.768122,51,228.942425
-0.636415,52,228.989723
-0.67682,51,229.036729
-0.762813,50,229.085978
-0.732196,51,229.128541
-0.751118,51,229.168274
-0.756507,51,229.20669
-0.636643,51,229.261841
-0.624853,51,229.343397
-0.838457,51,229.397266
-0.809108,51,229.455782
-0.724244,51,229.546232
-0.664481,51,229.620354
-0.725153,52,229.675784
-0.775744,51,229.731568
-0.675645,51,229.804224
-0.663005,50,229.851782
-0.760995,51,229.897483
-0.653998,50,229.928141
-0.694854,51,229.961095
-0.738632,51,229.996933
-0.719652,50,230.063534
-0.807995,51,230.108891
-0.697776,51,230.143037
-0.698686,51,230.174286
-0.697279,51,230.205052
-0.721207,51,230.235435
-0.631397,51,230.265418
-0.646629,50,230.296023
-0.694297,51,230.325856
-0.718717,51,230.354592
-0.687144,51,230.383871
-0.701392,51,230.41967
-0.67178,50,230.448118
-0.68795,52,230.47755
-0.910321,51,230.770823
-0.71786,51,230.804733
-0.662259,51,230.836217
-0.647198,50,230.862716
-0.61748,52,230.892788
-0.704757,51,230.921575
-0.778217,51,230.947733
-0.768311,52,230.973252
-0.663492,50,230.996567
-0.661472,52,231.025407
-0.843605,51,231.049352
-0.702084,51,231.073375
-0.776737,51,231.096011
-0.708409,51,231.119531
-0.629196,51,231.140723
-0.786962,51,231.164993
-0.797413,51,231.204551
-0.764333,50,231.245544
-0.780028,51,231.282393
-0.816707,51,231.414122
-0.624603,51,231.477961
-0.670903,51,231.511183
-0.698701,51,231.554853
-0.633399,50,231.588048
-0.654018,52,231.612578
-0.655508,52,231.639033
-0.756232,51,231.663031
-0.758336,51,231.68846
-0.746841,52,231.713212
-0.696193,52,231.740004
-0.742591,52,231.765064
-0.654434,51,231.792503
-0.72764,51,231.826207
-0.721491,51,231.90541
-0.857742,51,231.964227
-0.662851,51,232.001281
-0.696368,52,232.029089
-0.680231,52,232.053712
-0.657453,51,232.078094
-0.844153,51,232.101314
