#{"t_start": 1789403263.764798, "env_id": "None"}
r,l,t
-1.720885,51,0.654813
-1.637865,51,0.68189
-1.667339,51,0.707775
-1.577119,50,0.733024
-1.518709,50,0.767435
-1.527865,51,0.795787
-1.549125,52,0.822708
-1.98739,50,0.84794
-1.492384,51,0.886165
-1.38298,50,0.911656
-1.788314,52,0.937747
-2.739096,51,0.963104
-1.854099,51,0.988701
-1.198567,51,1.014035
-1.68364,51,1.039568
-1.33124,51,1.064885
-1.917167,51,1.090724
-1.420223,51,1.117336
-2.03817,51,1.147594
-1.826039,51,1.177862
-1.761006,51,1.203642
-1.87671,50,1.22876
-1.540795,51,1.254359
-2.222863,51,1.279902
-1.760785,52,1.305819
-2.34585,51,1.331131
-1.785478,51,1.35659
-2.148176,51,1.381988
-1.453218,51,1.407327
-2.121375,51,1.432542
-2.483485,52,1.458644
-1.418829,50,1.483508
-2.710658,51,1.508851
-2.352468,51,1.533906
-1.635479,51,1.558721
-1.551617,51,1.584504
-1.594867,51,1.61012
-1.477768,50,1.635384
-1.874908,51,1.660963
-1.554224,51,1.688006
-1.831186,52,2.075801
-1.693327,51,2.105117
-1.774213,51,2.132225
-2.014666,51,2.157777
-1.802753,51,2.183359
-1.78095,51,2.208945
-1.416254,51,2.234385
-1.848783,51,2.261102
-1.75139,51,2.295014
-2.099703,51,2.324848
-1.880785,51,2.3575
-1.635779,51,2.384826
-1.869944,50,2.410308
-1.605213,51,2.436079
-1.793486,51,2.461852
-1.63219,51,2.4894
-1.84328,51,2.51482
-2.44306,51,2.540304
-1.872898,51,2.566035
-1.943621,52,2.592066
-1.471798,52,2.619113
-2.009919,51,2.645628
-1.411261,50,2.672191
-1.466491,51,2.698151
-1.760677,51,2.723992
-1.448751,51,2.749927
-1.411673,51,2.775339
-2.014547,51,2.800968
-2.870411,51,2.82788
-1.996413,51,2.856584
-1.614816,51,2.882351
-1.752957,51,2.907851
-1.593527,51,2.933721
-1.853273,51,2.959361
-1.951372,51,2.984773
-1.670953,51,3.010082
-1.734936,51,3.036229
-1.624255,52,3.062984
-1.852152,51,3.088647
-1.30781,51,3.116952
-1.605627,50,3.427821
-1.739534,51,3.457518
-1.829063,51,3.487222
-1.813127,51,3.516645
-2.171574,51,3.542323
-1.497691,52,3.56834
-1.839398,51,3.593885
-1.458794,51,3.619454
-2.289867,51,3.644976
-1.68905,51,3.67025
-1.518459,52,3.696145
-1.901287,51,3.721549
-1.905892,51,3.747087
-1.816818,51,3.772507
-1.688696,51,3.797873
-1.752024,51,3.82327
-1.670379,52,3.849216
-1.722722,51,3.874591
-1.573874,51,3.899974
-2.142179,51,3.925333
-1.390482,50,3.949991
-1.386764,50,3.974809
-1.832332,52,4.000631
-1.755926,51,4.025812
-1.700794,52,4.051628
-1.717567,51,4.076866
-1.839071,51,4.102278
-2.423513,51,4.127742
-1.779431,51,4.153163
-2.806043,51,4.190132
-1.670738,50,4.225035
-1.391562,51,4.252975
-2.391914,51,4.281717
-1.506101,50,4.309945
-1.84353,51,4.338858
-1.479302,51,4.369492
-1.966565,51,4.397183
-1.708415,52,4.423919
-1.6112,51,4.450029
-1.718014,51,4.475859
-1.69598,51,4.752441
-2.182019,51,4.778111
-1.841675,51,4.803602
-1.256791,52,4.829507
-1.720225,51,4.855073
-1.602567,51,4.880643
-1.966675,51,4.906038
-2.261811,51,4.931618
-1.622322,51,4.957122
-1.876761,51,4.982524
-2.331969,51,5.008075
-2.006995,51,5.03363
-1.614419,52,5.059579
-1.531569,51,5.085065
-1.805211,51,5.11055
-2.010513,51,5.135963
-1.515921,50,5.160944
-1.32454,51,5.186439
-1.396998,50,5.211285
-1.847014,52,5.237246
-1.587264,51,5.262651
-2.372185,51,5.288036
-1.35902,51,5.313393
-1.943588,51,5.338745
-2.150231,51,5.364196
-1.760011,50,5.390276
-1.591408,51,5.415655
-1.744878,51,5.441158
-2.215945,51,5.470911
-1.598503,51,5.496744
-2.028514,51,5.522281
-2.241887,51,5.54791
-1.660146,51,5.573298
-1.226581,50,5.598278
-1.44404,51,5.623828
-1.392652,51,5.649167
-2.183319,51,5.677168
-1.460764,51,5.709862
-2.127893,51,5.738097
-2.265289,51,5.764751
-1.388773,52,6.049659
-1.624436,51,6.075459
-1.406641,51,6.101061
-1.741601,51,6.126727
-1.727602,51,6.153966
-1.955775,51,6.186408
-1.96514,51,6.216473
-1.425111,51,6.245981
-1.96539,51,6.273034
-1.698768,51,6.298723
-1.830414,51,6.324323
-1.750301,51,6.349919
-1.4153,51,6.375373
-1.766857,51,6.400853
-1.594961,51,6.426349
-1.689595,50,6.451333
-1.565813,51,6.476757
-1.866641,51,6.502102
-1.731512,51,6.527464
-1.724556,51,6.552914
-1.624704,51,6.578241
-1.35872,50,6.603152
-1.368644,50,6.628099
-1.570527,51,6.653431
-1.717834,51,6.678681
-1.899203,51,6.70394
-1.766332,51,6.729184
-1.539911,51,6.754491
-1.902082,51,6.779741
-1.788275,51,6.805082
-1.700528,50,6.833245
-1.277691,50,6.866594
-1.485776,51,6.911289
-1.402582,50,6.947733
-1.651609,51,6.980331
-2.005345,50,7.028916
-1.449863,51,7.067746
-1.541114,52,7.097877
-1.762998,51,7.128428
-1.397778,50,7.157308
-1.701337,51,7.436128
-1.680289,50,7.461799
-1.685497,51,7.487463
-1.478509,50,7.512615
-2.073316,52,7.538841
-1.474415,51,7.564362
-2.065028,51,7.589948
-2.426007,51,7.615685
-1.614417,51,7.64093
-1.537814,51,7.671559
-1.341,51,7.704789
-1.588933,51,7.731467
-1.484426,51,7.757255
-1.45626,51,7.782993
-1.824164,50,7.810989
-1.594778,51,7.840232
-1.709656,51,7.866336
-1.432274,51,7.891931
-1.764224,50,7.917175
-1.744184,51,7.945533
-1.493962,51,7.971261
-1.594987,52,7.997798
-1.726689,51,8.026675
-1.935501,51,8.053944
-1.479728,51,8.079401
-1.549851,51,8.104795
-1.57022,52,8.13072
-2.153671,51,8.156061
-1.735333,51,8.181467
-1.610641,51,8.206836
-1.365448,51,8.232351
-1.393018,51,8.25774
-1.443348,51,8.283119
-1.990981,51,8.308503
-2.029845,51,8.333817
-1.528823,50,8.361069
-1.289567,51,8.390347
-1.466176,51,8.419811
-1.568551,50,8.450979
-1.392964,51,8.481709
-1.472352,52,8.510923
-1.727831,51,8.841941
-1.604122,51,8.87177
-2.051817,51,8.903873
-1.645449,51,8.942448
-1.57545,51,8.980739
-1.670282,51,9.009177
-1.800849,51,9.038486
-1.798723,51,9.068697
-1.615264,51,9.098443
-1.77892,51,9.126759
-2.060366,51,9.154521
-2.395444,51,9.182529
-1.474243,51,9.209361
-1.5687,51,9.237115
-1.906652,51,9.262616
-1.477227,51,9.288003
-1.595952,51,9.313517
-1.553418,51,9.33893
-1.556952,52,9.364787
-1.758714,51,9.390152
-1.751223,52,9.416211
-1.870037,51,9.441698
-1.689007,51,9.467098
-1.454376,51,9.492594
-1.963113,51,9.517856
-1.672997,51,9.543287
-1.254922,51,9.568692
-1.377038,51,9.594163
-1.698832,51,9.619657
-1.893777,51,9.645871
-1.486103,51,9.672584
-1.261678,51,9.698571
-1.776911,51,9.724362
-1.944209,51,9.749951
-2.18734,51,9.775195
-1.955456,51,9.800944
-1.898413,51,9.826159
-1.828228,51,9.852069
-1.677663,51,9.877931
-1.447762,51,9.906481
-1.874651,52,10.192628
-1.243611,50,10.217782
-2.256656,51,10.243244
-1.390012,50,10.268124
-1.514847,51,10.293464
-1.165328,51,10.318877
-1.411445,50,10.343765
-1.535548,51,10.369911
-1.552693,51,10.395292
-1.375485,51,10.42081
-1.494464,51,10.446069
-1.410535,51,10.471357
-1.599549,51,10.4969
-1.408588,52,10.522841
-2.030899,51,10.548087
-1.671542,51,10.573359
-1.491173,50,10.597996
-1.631106,51,10.623401
-2.362594,51,10.648642
-1.662757,51,10.672255
-1.522997,51,10.696141
-1.915028,51,10.725503
-1.8049,52,10.753066
-1.547398,51,10.778235
-1.856659,51,10.802437
-1.442141,52,10.827118
-1.631566,51,10.851249
-1.356484,51,10.876063
-2.167399,51,10.899891
-1.437683,51,10.924888
-1.599989,51,10.949061
-1.378756,51,10.972886
-1.725458,51,10.998384
-1.528745,51,11.021987
-1.392813,52,11.046889
-1.400017,52,11.072107
-2.02291,51,11.097537
-1.320233,51,11.122484
-1.612388,52,11.14829
-1.437377,51,11.174452
-1.581205,51,11.439131
-1.403737,51,11.463941
-1.689969,51,11.487668
-1.796638,51,11.513032
-1.75386,51,11.537008
-1.642369,51,11.561282
-1.959732,52,11.587044
-1.305849,51,11.611585
-1.675809,51,11.636343
-1.714588,51,11.661213
-1.142304,50,11.685137
-1.343236,51,11.710023
-1.982313,51,11.735814
-1.56406,52,11.7603
-1.381393,50,11.785615
-1.555945,51,11.811322
-1.850091,51,11.836936
-1.644929,51,11.860793
-1.36035,51,11.886307
-1.598421,51,11.911235
-1.654732,51,11.935394
-1.834832,51,11.959154
-1.517501,52,11.985156
-1.86134,52,12.009577
-1.934411,51,12.034627
-1.580077,51,12.060231
-1.638798,50,12.083528
-1.551731,52,12.109567
-1.117454,51,12.134492
-1.300766,50,12.15819
-1.322595,51,12.188927
-1.447569,51,12.21501
-1.407298,52,12.242462
-1.927705,51,12.26818
-1.43796,51,12.293774
-1.577454,52,12.320025
-1.636702,51,12.345724
-1.46164,51,12.371198
-1.689629,52,12.398894
-1.74735,50,12.424813
-1.322883,50,12.688576
-1.289957,51,12.712976
-1.1219,51,12.738192
-1.704603,51,12.762054
-1.631326,51,12.787606
-1.704508,51,12.811234
-1.706446,51,12.83563
-1.573717,51,12.860126
-1.71757,51,12.883729
-1.329276,51,12.909062
-1.418418,51,12.934546
-1.69929,51,12.960107
-1.276113,51,12.985479
-1.592808,51,13.009095
-1.489776,51,13.034584
-1.435588,50,13.057651
-1.354662,50,13.082387
-1.322977,52,13.106403
-1.573577,51,13.131738
-2.058979,51,13.155333
-1.726065,51,13.180691
-1.269137,51,13.205976
-1.772505,52,13.231838
-1.634156,51,13.255358
-1.482337,51,13.280663
-1.858514,51,13.305477
-1.615081,52,13.329932
-1.630855,52,13.355889
-1.375917,51,13.381251
-1.575485,51,13.406612
-1.920998,51,13.432242
-1.310039,50,13.457273
-1.358451,51,13.482655
-1.461996,52,13.508473
-1.754722,51,13.533796
-1.431059,50,13.556802
-1.725026,51,13.581772
-1.365094,51,13.60593
-1.469418,51,13.63147
-1.629458,51,13.66014
-1.721085,51,13.924719
-1.579211,50,13.950257
-1.454403,50,13.973899
-2.099726,51,13.999446
-1.638639,51,14.023402
-1.603166,51,14.049811
-1.363342,52,14.076498
-1.476883,51,14.100616
-1.566531,51,14.125239
-1.924938,51,14.150076
-1.486724,51,14.174894
-1.820985,52,14.199846
-1.70781,50,14.223166
-1.671355,51,14.248674
-1.69988,51,14.272251
-1.938185,52,14.297056
-1.582724,51,14.322011
-1.17891,50,14.345236
-1.37206,51,14.370176
-1.537762,51,14.394207
-1.371647,52,14.420124
-1.659653,51,14.443878
-1.878377,51,14.468093
-1.995162,52,14.492471
-1.302164,51,14.517162
-1.545375,51,14.540969
-1.46177,51,14.566391
-1.511718,52,14.590791
-1.483088,51,14.616105
-1.553599,52,14.641356
-1.364001,51,14.66772
-2.197497,50,14.691151
-1.999232,51,14.715785
-1.543953,51,14.740358
-2.400231,51,14.763894
-1.592498,51,14.789
-1.453349,51,14.812932
-1.648112,51,14.837226
-1.716363,51,14.861993
-1.433526,51,14.886361
-1.68838,51,15.15044
-1.338875,50,15.17521
-1.554916,52,15.199496
-1.240831,51,15.224653
-1.512779,51,15.248695
-1.616801,51,15.272388
-1.489675,51,15.29654
-1.529589,51,15.321395
-1.567262,51,15.344923
-1.79667,51,15.369857
-1.372116,52,15.39441
-1.560102,52,15.418638
-1.36593,51,15.443853
-1.371623,51,15.467425
-1.565794,51,15.491921
-1.742725,51,15.516337
-1.213744,50,15.539396
-1.645463,51,15.563149
-1.699412,51,15.588531
-1.455484,51,15.612615
-1.926776,51,15.636538
-1.254115,51,15.661076
-1.739305,51,15.684665
-1.562058,51,15.709922
-1.318909,50,15.733538
-1.48708,51,15.757541
-1.42688,51,15.782294
-1.580056,51,15.871395
-1.867386,51,15.898218
-1.609749,51,15.925
-1.300613,52,15.951524
-1.391856,52,15.979433
-2.023264,51,16.006754
-1.461178,50,16.031885
-1.814572,51,16.05692
-1.650032,51,16.080897
-1.946276,52,16.106001
-1.928994,51,16.130076
-1.625326,51,16.155524
-1.280969,51,16.179843
-1.553979,51,16.443514
-1.314903,52,16.468245
-1.627077,51,16.492908
-1.418515,51,16.517023
-1.329305,50,16.541242
-1.487676,51,16.565059
-1.538942,51,16.59054
-1.30872,50,16.613986
-1.352897,51,16.638302
-1.516165,51,16.663472
-1.224717,50,16.686888
-1.716741,51,16.711932
-1.340696,52,16.736815
-1.606369,51,16.760509
-0.993518,50,16.785542
-1.350631,51,16.809331
-1.25386,50,16.833345
-1.500715,50,16.857406
-1.653669,51,16.881021
-1.480005,51,16.906177
-1.380139,50,16.92958
-1.206234,51,16.953737
-1.55211,51,16.978549
-1.724936,51,17.002123
-1.502461,51,17.02693
-1.208606,50,17.050586
-1.686107,51,17.074402
-1.377432,50,17.098089
-1.735015,50,17.122455
-1.287508,51,17.146211
-1.563851,52,17.171703
-1.500264,51,17.195927
-1.545706,51,17.219737
-1.329483,51,17.244965
-1.108571,50,17.268137
-1.328411,51,17.292585
-1.43978,51,17.317088
-1.396708,51,17.340746
-1.802217,51,17.366023
-1.391707,52,17.390625
-1.667878,51,17.415376
-1.292557,51,17.67851
-1.381505,51,17.702762
-1.704529,51,17.727767
-1.354037,51,17.751462
-1.319709,51,17.776354
-1.812261,51,17.800481
-1.287462,51,17.824347
-1.30123,51,17.849677
-1.441895,51,17.873409
-1.621214,51,17.898196
-1.443488,52,17.92274
-1.147693,51,17.946992
-1.527056,51,17.970697
-1.466727,51,17.996229
-1.400402,51,18.019993
-1.384365,52,18.044706
-1.386919,51,18.069476
-1.493292,51,18.09315
-1.634123,51,18.118193
-1.482481,52,18.142862
-1.569878,52,18.167185
-1.248746,51,18.192634
-1.384705,51,18.2163
-1.647778,51,18.240693
-1.200716,52,18.265805
-1.495481,51,18.289482
-1.896701,51,18.314432
-1.469869,50,18.33801
-1.444143,50,18.36157
-1.748344,51,18.386368
-1.195153,51,18.409951
-1.166479,50,18.434455
-1.816431,51,18.458599
-1.340162,52,18.482762
-1.195226,51,18.506719
-1.445807,51,18.531594
-1.455054,50,18.555733
-1.142763,50,18.579753
-2.263624,51,18.603592
-1.737707,51,18.627808
-1.728354,51,18.889461
-1.164069,50,18.913357
-2.035603,51,18.938399
-1.392186,50,18.961642
-1.336665,51,18.98657
-1.409378,51,19.010715
-1.367809,50,19.034027
-1.289002,51,19.059391
-1.582609,52,19.083679
-1.548387,52,19.108615
-1.433517,51,19.13259
-1.417167,52,19.157633
-1.324966,52,19.181697
-1.433115,50,19.206367
-1.634208,51,19.230135
-1.329668,51,19.254259
-1.379232,51,19.279154
-1.495085,52,19.303363
-1.686925,51,19.326922
-1.442892,51,19.352048
-1.257227,52,19.376402
-1.457849,51,19.400173
-1.586091,51,19.425249
-1.818144,51,19.448774
-1.760307,52,19.472959
-1.571215,51,19.497962
-1.620541,51,19.522024
-1.25335,51,19.545886
-1.299086,51,19.571057
-2.156976,51,19.594593
-1.734442,51,19.619191
-1.822111,51,19.643677
-1.669393,51,19.667274
-1.439773,51,19.690968
-1.532693,51,19.716029
-1.306844,50,19.739006
-1.415235,51,19.763773
-1.293405,51,19.788137
-1.281953,51,19.811793
-1.85353,51,19.837838
-1.795582,51,20.099203
-1.412396,50,20.122721
-1.559567,51,20.146592
-1.456647,51,20.171514
-1.245419,51,20.196009
-1.650533,51,20.219771
-1.730328,51,20.245319
-1.500592,52,20.269573
-1.469832,51,20.293297
-1.459882,51,20.317728
-1.493113,51,20.342336
-1.662739,51,20.365853
-1.372475,51,20.390981
-1.48255,51,20.414917
-1.391432,51,20.438568
-1.6319,51,20.462873
-1.425471,51,20.487566
-1.578366,51,20.511291
-1.239627,51,20.536434
-1.533309,51,20.560434
-1.921051,51,20.584296
-1.265679,51,20.608421
-1.531219,51,20.633385
-1.650773,51,20.657026
-1.302359,51,20.68064
-1.351819,52,20.706329
-1.383689,50,20.729846
-1.492958,51,20.753763
-1.37584,51,20.77883
-1.566097,51,20.802488
-1.365136,51,20.826166
-1.795876,51,20.851177
-1.363227,51,20.87523
-1.275883,52,20.899716
-1.349274,51,20.924854
-1.216447,50,20.948019
-1.489573,51,20.971664
-1.257857,52,20.997073
-1.854135,51,21.021272
-1.856239,51,21.045635
-1.249796,51,21.30763
-1.421233,51,21.331809
-1.548737,51,21.356782
-1.824118,51,21.381408
-1.524938,51,21.405944
-1.250994,51,21.429662
-1.3919,50,21.454726
-1.499238,50,21.477955
-1.700301,51,21.501497
-1.324658,51,21.525941
-1.438012,51,21.550351
-1.732379,51,21.573974
-1.541411,51,21.599349
-1.364597,51,21.623027
-1.60321,51,21.646647
-1.31845,51,21.671058
-1.29642,51,21.695627
-1.337332,51,21.719179
-1.505933,51,21.742783
-1.308234,52,21.768625
-1.307401,50,21.791888
-1.294906,51,21.816662
-1.417199,51,21.841378
-1.651379,51,21.864911
-1.373609,51,21.888536
-1.417332,51,21.913876
-1.331536,51,21.937503
-1.730883,51,21.961805
-1.548965,51,21.986419
-1.579099,52,22.010412
-1.288133,51,22.033921
-1.280338,51,22.05917
-1.534783,51,22.082858
-1.144887,51,22.107076
-1.40039,51,22.131047
-1.538119,51,22.155438
-1.700004,51,22.178903
-1.57968,52,22.204739
-1.151134,52,22.229156
-1.546702,51,22.253437
-1.326816,50,22.516767
-1.521971,51,22.540918
-1.536153,52,22.566194
-1.621905,52,22.590734
-1.300166,51,22.61521
-1.53947,51,22.638978
-1.450309,51,22.664468
-1.552348,51,22.688516
-1.980389,50,22.71242
-1.444963,51,22.736483
-1.273278,51,22.76102
-1.345545,52,22.787216
-1.338326,51,22.810985
-1.216749,51,22.836596
-1.456019,51,22.860559
-1.404348,51,22.885802
-1.101812,50,22.909109
-1.640053,51,22.933765
-1.462993,50,22.958011
-1.441666,51,22.981809
-1.578515,51,23.007171
-1.218577,51,23.030977
-1.315294,52,23.055175
-1.708489,51,23.07958
-1.423866,51,23.104325
-1.329029,51,23.127989
-1.52012,51,23.151635
-1.413961,51,23.176991
-1.429652,51,23.200451
-1.38491,51,23.224746
-1.439041,51,23.248625
-1.681265,51,23.272864
-1.330728,51,23.29643
-1.456941,52,23.322243
-1.670564,51,23.3458
-1.219607,51,23.369487
-1.509891,51,23.394739
-1.284478,50,23.417913
-1.638031,51,23.443396
-1.276931,51,23.46889
-1.402089,51,23.735203
-1.302681,51,23.760594
-1.458027,51,23.784994
-1.206526,51,23.808827
-1.355837,52,23.834821
-1.559545,51,23.858467
-1.407722,51,23.882192
-1.597894,51,23.906899
-1.325136,50,23.930879
-1.378152,51,23.954561
-1.411511,52,23.978856
-1.692224,51,24.003931
-1.495214,51,24.027447
-1.338721,51,24.051937
-1.335838,51,24.0764
-1.280031,51,24.09986
-1.234608,51,24.125
-1.331057,52,24.149124
-1.25817,51,24.173295
-1.305162,52,24.19869
-1.740875,51,24.222334
-1.416244,51,24.245854
-1.462682,51,24.270951
-1.434349,51,24.294742
-1.306555,50,24.319519
-1.46014,51,24.343074
-1.499543,52,24.367169
-1.505293,51,24.391958
-1.532747,51,24.416029
-1.548463,51,24.439681
-1.799047,51,24.464882
-1.184072,50,24.488012
-1.125612,51,24.512461
-1.372748,52,24.537402
-1.415021,51,24.560926
-1.461046,51,24.584564
-1.520277,52,24.610199
-1.756103,51,24.633607
-1.640562,51,24.657983
-1.132485,51,24.682494
-1.46382,51,24.945065
-1.272959,51,24.969241
-1.383996,51,24.994597
-1.57275,51,25.018701
-1.258351,51,25.042834
-1.27697,51,25.067051
-1.640262,51,25.091829
-1.494838,52,25.116149
-1.309078,51,25.141143
-1.209078,51,25.16499
-1.124399,51,25.188893
-1.334649,51,25.212923
-1.727432,51,25.237736
-1.661955,51,25.261338
-1.339914,51,25.284917
-1.57538,50,25.30971
-1.333433,51,25.33349
-1.203904,51,25.357626
-1.690569,51,25.382534
-1.185583,50,25.405713
-1.403627,52,25.42994
-1.365615,51,25.455097
-1.22796,51,25.478979
-1.396219,50,25.502797
-1.449943,51,25.52673
-1.538437,51,25.551311
-1.419592,51,25.574978
-1.688558,51,25.598646
-1.241823,50,25.62342
-1.037827,50,25.646515
-1.349182,51,25.670839
-1.372109,51,25.694646
-1.34038,51,25.718819
-1.229743,51,25.742383
-1.399084,51,25.766107
-1.213903,50,25.790615
-1.806605,51,25.814197
-1.231851,52,25.839296
-1.322107,51,25.863344
-1.533265,51,25.887132
-1.370938,52,25.911773
-1.300024,51,26.175418
-1.173365,51,26.199594
-1.449324,51,26.223629
-1.258746,52,26.248888
-1.299328,52,26.273142
-1.256313,51,26.298076
-1.089383,51,26.322024
-1.390397,51,26.345744
-1.28544,51,26.369827
-1.514894,51,26.394713
-1.891688,51,26.419203
-1.684677,51,26.443069
-1.482257,51,26.467179
-1.57944,50,26.490483
-1.256157,51,26.515668
-1.284065,51,26.53918
-1.600072,52,26.563328
-1.40244,50,26.587719
-1.310539,51,26.611839
-1.373326,51,26.635573
-1.225022,52,26.661303
-1.310953,51,26.684912
-1.055983,50,26.707982
-1.12122,51,26.732771
-1.42834,51,26.756858
-1.402348,51,26.780569
-1.596771,52,26.804827
-1.603907,51,26.8296
-1.145653,51,26.853096
-1.50143,50,26.877226
-1.216622,51,26.901289
-1.502211,51,26.92501
-1.39895,51,26.948823
-1.421192,51,26.97368
-1.449947,51,26.997281
-1.261292,52,27.022389
-1.282208,51,27.04621
-1.50763,51,27.069776
-1.304041,50,27.095565
-1.606494,52,27.121847
-1.501245,51,27.382503
-1.316988,51,27.406898
-1.279115,50,27.430428
-1.33386,51,27.455092
-1.67375,51,27.47863
-1.044909,51,27.504116
-1.23529,51,27.527731
-1.290859,51,27.551978
-1.199158,50,27.575456
-1.309184,50,27.599226
-1.28187,52,27.62329
-1.139977,50,27.6481
-1.275827,51,27.671623
-1.213809,50,27.695443
-1.157174,50,27.71894
-1.130154,51,27.742946
-1.327727,51,27.766631
-1.225617,50,27.791227
-1.685324,51,27.814775
-1.242293,51,27.838123
-1.347473,51,27.863121
-1.280898,51,27.887003
-1.218082,51,27.910749
-1.232461,51,27.935765
-1.371178,50,27.958713
-1.37712,52,27.983809
-1.339695,51,28.007849
-1.232902,51,28.031259
-1.303079,51,28.055049
-1.530387,51,28.080001
-1.223745,51,28.103425
-1.480642,51,28.128001
-1.161026,51,28.152211
-1.658984,52,28.176197
-1.171722,51,28.20007
-1.236774,50,28.224639
-1.320508,51,28.248142
-1.257719,51,28.27279
-1.296027,50,28.296268
-1.393254,52,28.320452
-1.185684,51,28.588106
-1.175175,51,28.612394
-1.373603,51,28.636097
-1.423024,51,28.661359
-1.59402,51,28.684879
-1.457232,51,28.708405
-1.601549,51,28.733314
-1.305323,50,28.756932
-1.49587,52,28.781073
-1.398731,50,28.804519
-1.20788,52,28.829746
-1.198648,52,28.853794
-1.233363,52,28.87893
-1.757916,51,28.903084
-1.733389,51,28.926558
-1.284699,51,28.950354
-1.277038,50,28.97479
-1.377631,51,28.998197
-1.125335,50,29.022577
-1.181828,52,29.04707
-1.111177,51,29.070668
-1.355656,51,29.094517
-1.259687,51,29.119343
-1.183793,51,29.14289
-1.280464,51,29.167549
-1.384978,51,29.191513
-1.55102,51,29.217874
-1.310145,51,29.242261
-1.11871,52,29.266684
-1.511903,51,29.290909
-1.10678,50,29.315666
-1.363839,52,29.339971
-1.022958,50,29.364179
-1.120314,50,29.38768
-1.358369,52,29.412099
-1.625055,51,29.435847
-1.300939,51,29.460947
-1.269447,51,29.484491
-1.240362,51,29.50882
-1.369374,51,29.532529
-1.380451,51,29.802045
-1.291076,51,29.826648
-1.406638,51,29.850616
-1.315099,51,29.875046
-1.288823,51,29.898667
-1.33545,51,29.923991
-1.18553,50,29.947143
-1.300484,50,29.970278
-1.178129,50,29.99458
-1.38179,51,30.018841
-1.051957,51,30.042355
-1.087973,51,30.067507
-1.179362,51,30.090984
-1.401986,50,30.115026
-1.270985,52,30.139398
-1.426082,52,30.164156
-1.247066,51,30.187609
-1.17975,51,30.212788
-1.469347,51,30.236198
-1.691859,51,30.259618
-1.299267,51,30.284255
-1.233549,50,30.307744
-1.311822,52,30.387808
-1.261021,51,30.413673
-1.273255,51,30.439719
-1.110496,50,30.464268
-1.221997,50,30.490045
-1.379681,51,30.515927
-1.252919,50,30.539593
-1.257151,50,30.562819
-1.440438,52,30.587709
-1.830271,51,30.611607
-1.162964,51,30.636051
-1.287508,51,30.659634
-1.176633,52,30.685391
-1.295917,51,30.709109
-1.314423,51,30.732678
-1.289394,51,30.757127
-1.324262,51,30.781653
-1.274179,51,30.805118
-1.273803,51,31.079552
-1.229883,51,31.103969
-1.361074,51,31.129566
-1.136704,52,31.153954
-1.392981,52,31.178194
-1.308713,51,31.202785
-1.166082,52,31.228011
-1.345156,51,31.251656
-1.124627,52,31.277371
-1.103178,51,31.301322
-1.110516,51,31.325155
-1.343217,52,31.349828
-1.341864,52,31.375252
-1.246377,51,31.39884
-1.34958,51,31.423672
-1.194145,51,31.447603
-1.169124,51,31.471436
-1.181484,52,31.495908
-1.145126,51,31.520929
-1.557698,51,31.544625
-1.159508,51,31.569243
-1.225722,51,31.593182
-1.169694,51,31.617096
-1.26911,51,31.64112
-1.24298,52,31.666706
-1.065673,52,31.690906
-1.140022,51,31.715446
-1.341152,51,31.739501
-1.321994,51,31.763802
-1.181506,51,31.787439
-1.15776,51,31.812882
-1.174522,51,31.836558
-1.4146,51,31.86078
-1.105746,50,31.884324
-1.163243,51,31.908716
-1.144898,50,31.931694
-1.442922,51,31.956964
-1.146981,51,31.98059
-1.352749,51,32.004963
-1.245071,51,32.029339
-1.152083,51,32.297786
-1.177931,51,32.32224
-1.79003,51,32.347411
-1.485058,51,32.371288
-1.383773,51,32.396262
-1.174437,51,32.420713
-1.320495,51,32.444505
-1.498882,51,32.469894
-1.186488,51,32.493609
-1.195562,51,32.517387
-1.288422,52,32.542558
-1.145583,50,32.566636
-1.357544,51,32.590377
-1.277922,51,32.615843
-1.247983,52,32.640062
-1.242026,52,32.66426
-1.464569,51,32.688712
-1.206008,51,32.713569
-1.352632,52,32.737613
-1.367179,51,32.762661
-1.286925,51,32.786883
-1.274085,51,32.810766
-1.465024,51,32.834738
-1.449846,51,32.859656
-1.137377,51,32.883313
-1.483075,51,32.908311
-1.336661,51,32.932571
-1.218318,50,32.955954
-1.188499,51,32.981339
-1.629839,51,33.005006
-1.199497,51,33.028603
-1.217152,52,33.053914
-1.076771,50,33.077826
-1.281977,51,33.101406
-1.222606,51,33.126866
-1.506645,51,33.150571
-1.214856,51,33.174239
-1.291348,51,33.198773
-1.370771,50,33.222637
-1.27068,50,33.245762
-1.157713,51,33.270877
-1.104582,50,33.541797
-1.598033,51,33.566786
-1.182168,51,33.59054
-1.229883,51,33.615825
-1.146917,51,33.639908
-1.32663,51,33.663573
-1.25683,51,33.687765
-1.121585,50,33.712213
-1.161948,52,33.736504
-1.254319,51,33.761458
-1.316254,52,33.785919
-1.215464,51,33.809775
-1.626193,51,33.8337
-1.284273,51,33.858804
-1.176893,51,33.882442
-1.232595,51,33.907133
-1.205005,51,33.931455
-1.366805,51,33.955008
-1.177456,52,33.97926
-1.237835,51,34.004304
-1.183061,51,34.027828
-1.334288,51,34.052402
-1.20427,51,34.076791
-1.31108,52,34.100888
-1.337855,51,34.124652
-1.322214,51,34.149885
-1.347955,52,34.174112
-1.178554,51,34.198541
-1.30718,51,34.22313
-1.087084,50,34.246259
-1.300947,51,34.271209
-1.060301,50,34.294562
-1.235488,51,34.318295
-1.271885,51,34.342716
-1.470329,51,34.367277
-1.358935,51,34.390731
-1.458442,51,34.415765
-1.134835,51,34.439569
-1.142345,50,34.463116
-1.54058,51,34.487773
-1.149801,51,34.760318
-1.187106,51,34.784232
-1.174473,52,34.809972
-1.552513,51,34.834009
-1.258892,52,34.858653
-1.296853,50,34.882339
-1.447316,51,34.907089
-1.367757,51,34.930736
-1.140661,51,34.955765
-1.287276,52,34.980392
-1.408123,50,35.003895
-1.265665,51,35.02789
-1.357651,51,35.052807
-1.490447,51,35.076355
-1.133252,52,35.101633
-1.175242,51,35.125923
-1.21959,51,35.149607
-1.292712,51,35.173662
-1.237815,51,35.198751
-1.134214,51,35.222183
-1.308342,51,35.246805
-1.331946,51,35.271073
-1.21425,51,35.294686
-1.226742,51,35.318507
-1.307564,51,35.343396
-1.168463,50,35.366468
-1.13581,51,35.391148
-1.11975,51,35.415073
-1.361156,51,35.438957
-1.418366,52,35.463392
-1.326925,51,35.488524
-1.096219,50,35.511737
-1.477992,51,35.535418
-1.200523,52,35.560916
-1.198171,50,35.584625
-1.222313,51,35.608555
-1.211619,50,35.633173
-1.335251,51,35.656698
-1.299773,51,35.680279
-1.075187,52,35.705755
-1.32512,51,35.965828
-1.32508,51,35.990072
-1.313483,52,36.015935
-1.407157,51,36.039779
-1.160925,51,36.063549
-1.323946,51,36.088575
-1.197227,51,36.112881
-1.154301,51,36.136688
-1.223845,51,36.162087
-1.235897,52,36.186184
-1.284838,51,36.21044
-1.233585,51,36.234425
-1.173173,51,36.258777
-1.253274,51,36.282512
-1.185693,51,36.307839
-1.057365,51,36.331506
-1.494801,51,36.355943
-1.315603,51,36.380685
-1.149184,50,36.403777
-1.518631,51,36.42878
-1.236563,50,36.452298
-1.448599,50,36.475755
-1.330153,50,36.49924
-1.06587,51,36.523879
-1.225203,51,36.547522
-1.214541,51,36.572545
-1.222114,52,36.597036
-1.147316,51,36.620977
-1.229872,52,36.645403
-1.4741,51,36.670241
-1.089691,51,36.693857
-1.147577,51,36.718709
-1.430281,51,36.742659
-1.182445,52,36.766909
-1.274874,51,36.792156
-1.200231,51,36.815823
-1.180138,51,36.839359
-1.209659,51,36.864031
-1.10986,50,36.88769
-1.123223,51,36.911329
-1.088936,50,37.179154
-1.193343,51,37.204642
-1.325673,51,37.228909
-1.226484,52,37.253373
-1.203351,51,37.277372
-1.084391,51,37.302464
-1.193301,50,37.325726
-1.239019,51,37.350549
-1.149702,51,37.374884
-1.165136,52,37.399119
-1.292833,51,37.424776
-1.361657,51,37.448359
-1.476827,51,37.47197
-1.356872,51,37.496476
-1.089358,50,37.520662
-1.305185,51,37.544456
-1.331356,52,37.570303
-1.102495,51,37.59415
-1.4107,51,37.6179
-1.188214,51,37.642233
-1.36311,51,37.66679
-1.167044,51,37.690438
-1.259292,51,37.715665
-1.145311,51,37.739446
-1.251436,50,37.762782
-1.193537,51,37.7874
-1.228514,50,37.811653
-1.147233,51,37.835434
-1.055575,51,37.860691
-1.388834,51,37.884511
-1.248958,51,37.908509
-1.400886,51,37.932461
-1.13209,51,37.957112
-1.262525,51,37.980695
-1.23252,51,38.005765
-1.233817,50,38.029234
-1.193806,52,38.053619
-1.17049,50,38.077178
-1.388844,51,38.101874
-1.307847,51,38.125442
-1.533646,51,38.396936
-1.414543,50,38.42104
-1.18588,52,38.446786
-1.148721,50,38.469884
-1.138002,50,38.49425
-1.342544,52,38.518617
-1.251782,51,38.542484
-1.183607,51,38.566447
-1.094633,51,38.591574
-1.424859,51,38.615338
-1.171227,52,38.640453
-1.11906,51,38.664528
-1.176508,50,38.68821
-1.172281,51,38.711938
-1.303629,51,38.737128
-1.278379,52,38.761124
-1.089436,51,38.785505
-1.3428,51,38.809329
-1.439137,51,38.833347
-1.317592,52,38.857637
-1.227759,52,38.883597
-1.073852,51,38.907248
-1.219982,51,38.930829
-1.222312,50,38.955271
-1.258066,50,38.979218
-1.250022,51,39.002764
-1.279307,51,39.028074
-1.303326,51,39.05174
-1.272487,51,39.076146
-1.35061,50,39.099698
-1.211317,50,39.123512
-1.39883,52,39.147439
-1.120323,51,39.172738
-1.214902,51,39.196194
-1.17393,51,39.220375
-1.126331,51,39.244869
-1.136742,51,39.268545
-1.236523,51,39.292115
-1.420269,51,39.317407
-1.164475,51,39.340931
-1.348235,51,39.612484
-1.183245,50,39.636282
-1.143564,51,39.66166
-1.095555,52,39.686119
-1.167088,51,39.7102
-1.223541,51,39.73536
-1.259506,51,39.759004
-1.446114,51,39.782685
-1.207933,52,39.808273
-1.371515,51,39.832342
-1.31251,51,39.856154
-1.264871,50,39.880746
-1.151686,50,39.903944
-1.229235,51,39.927629
-1.298241,51,39.952802
-1.161716,50,39.975968
-1.206231,50,40.000903
-1.082133,51,40.024533
-1.233767,50,40.047693
-1.152702,51,40.072464
-1.340859,50,40.096104
-1.250514,51,40.119977
-1.121271,51,40.145083
-1.18542,51,40.168649
-1.134924,51,40.192213
-1.146874,51,40.217021
-1.182284,51,40.240985
-1.224284,51,40.26483
-1.143776,51,40.288714
-1.263471,51,40.313605
-1.268873,51,40.337224
-1.343784,51,40.361924
-1.341399,51,40.38604
-1.183352,51,40.409558
-1.12128,51,40.433422
-1.234012,51,40.458317
-1.139563,50,40.481364
-1.201984,52,40.506624
-1.174095,51,40.530671
-0.982973,50,40.553955
-1.140152,50,40.57725
-1.195433,51,40.849034
-1.512829,52,40.8737
-1.085811,52,40.898454
-1.245165,51,40.922313
-1.299378,50,40.94582
-1.171969,51,40.970613
-1.211387,50,40.993609
-1.189933,52,41.018897
-1.308579,52,41.043453
-1.245812,51,41.067047
-1.264796,51,41.090996
-1.209318,51,41.115938
-1.135522,51,41.13935
-1.118318,50,41.163551
-1.092136,51,41.187504
-1.269762,51,41.211099
-1.204258,51,41.236307
-1.172424,51,41.259796
-1.23135,51,41.283198
-1.112456,50,41.30748
-1.195724,51,41.331464
-1.234428,51,41.355092
-1.32611,51,41.380233
-1.212747,51,41.403589
-1.229588,51,41.427016
-1.171265,51,41.451678
-1.500542,52,41.476024
-1.100139,51,41.499684
-1.148877,51,41.523536
-1.16054,52,41.548828
-1.282826,51,41.572341
-1.106167,50,41.596656
-1.230096,51,41.62053
-1.097665,51,41.644072
-1.155355,51,41.668049
-1.127801,51,41.692688
-1.260963,51,41.716271
-1.220564,51,41.740996
-1.278259,51,41.764789
-1.193623,51,41.788271
-1.162281,51,42.057953
-1.098737,51,42.083205
-1.153873,50,42.106866
-1.174337,51,42.130585
-1.46521,51,42.154782
-1.292861,51,42.179466
-1.268508,52,42.203618
-1.50192,51,42.227077
-1.319044,51,42.252214
-1.256523,52,42.276413
-1.252233,51,42.300162
-1.500753,51,42.324067
-1.144561,50,42.348145
-1.178977,51,42.371651
-1.192458,50,42.396211
-1.326966,51,42.419892
-1.170086,50,42.443532
-1.456362,51,42.467364
-1.196348,51,42.491658
-1.216448,51,42.515021
-1.212815,51,42.540221
-1.22585,51,42.563847
-1.270617,51,42.587257
-1.173289,51,42.611614
-1.35816,51,42.635935
-1.03188,51,42.659393
-1.158027,51,42.683048
-1.520423,50,42.707575
-1.236759,51,42.731048
-1.047772,51,42.75554
-1.224223,50,42.779173
-1.183483,51,42.80257
-1.138183,51,42.826213
-1.20938,51,42.851025
-1.189559,51,42.874415
-1.225163,51,42.897888
-1.190213,52,42.923371
-1.145151,51,42.947011
-1.185947,51,42.970863
-1.1732,51,42.995624
-1.216688,51,43.26382
-1.148081,52,43.288612
-1.17603,51,43.312596
-1.073801,51,43.337572
-1.157669,51,43.3611
-1.218665,52,43.38625
-1.152468,51,43.410365
-1.236185,51,43.433933
-1.087643,52,43.459714
-1.252145,51,43.483165
-1.036066,51,43.507399
-1.260447,51,43.531873
-1.13943,52,43.555818
-1.229187,51,43.579339
-1.164749,51,43.604491
-1.148485,51,43.627952
-1.109147,50,43.651829
-1.205056,51,43.676185
-1.24678,51,43.699611
-1.32675,50,43.722752
-1.214516,51,43.747864
-1.10559,51,43.77125
-1.408504,51,43.795559
-1.041154,50,43.818925
-1.200902,50,43.842379
-1.062169,51,43.866192
-1.385095,51,43.891169
-1.199987,51,43.914695
-1.162722,51,43.938248
-1.330263,51,43.963166
-1.454289,51,43.987112
-1.247142,51,44.010823
-1.226279,52,44.036365
-1.17771,50,44.059284
-1.264004,52,44.083246
-1.100507,50,44.107591
-1.169378,50,44.131001
-1.314312,51,44.154482
-1.424847,51,44.17851
-1.191212,50,44.202727
-1.478329,51,44.538198
-1.189757,52,44.565792
-1.309488,51,44.590506
-1.146654,52,44.615053
-1.295571,51,44.640503
-1.155591,51,44.664436
-1.258552,51,44.690029
-1.24971,51,44.713996
-1.1015,51,44.739594
-1.247843,52,44.763925
-1.198794,51,44.789061
-1.439438,50,44.81266
-1.419007,51,44.836543
-1.127681,51,44.861778
-1.039894,50,44.885764
-1.192226,51,44.910409
-1.16675,50,44.934744
-1.110712,51,44.958859
-1.242828,51,44.984092
-1.057019,51,45.008006
-1.135068,51,45.033428
-1.143541,51,45.056919
-1.098755,51,45.082272
-1.161533,51,45.105898
-1.444752,52,45.132111
-1.115423,51,45.156502
-1.279781,51,45.182093
-1.098229,51,45.207387
-1.057015,51,45.231453
-1.269494,51,45.256969
-1.203467,51,45.282522
-1.246038,52,45.308548
-1.579107,51,45.334074
-1.234675,51,45.357783
-1.137545,50,45.382934
-1.260252,51,45.408406
-1.223544,52,45.4387
-1.294141,51,45.465704
-1.228087,51,45.491229
-1.20995,50,45.516541
-1.316213,51,45.790376
-1.313552,51,45.814208
-1.176216,51,45.83824
-1.266045,51,45.863649
-1.255187,51,45.887258
-1.286624,51,45.910742
-1.023379,50,45.934686
-1.301917,51,45.959236
-1.112962,51,45.982716
-1.168867,51,46.007976
-1.614321,51,46.031554
-1.180128,50,46.055304
-1.118285,51,46.080017
-1.116042,51,46.103555
-1.062897,51,46.12838
-1.414442,51,46.152415
-1.082275,51,46.176163
-1.152446,51,46.20116
-1.089715,50,46.224274
-1.140387,52,46.249311
-1.102332,51,46.273611
-1.156808,51,46.297065
-1.23001,51,46.322394
-1.068085,50,46.345447
-1.140129,52,46.370179
-1.058501,51,46.394781
-1.121573,51,46.41834
-1.193562,51,46.443346
-1.130016,51,46.46721
-1.23676,51,46.491118
-1.34195,51,46.516031
-1.102685,51,46.539591
-1.294208,50,46.563887
-1.059497,50,46.590063
-1.21716,51,46.615189
-1.059759,50,46.638777
-1.085229,50,46.662198
-1.336404,51,46.686084
-1.109868,52,46.711352
-1.137164,50,46.734411
-1.331392,52,46.759618
-1.178058,51,47.02386
-1.175161,51,47.048439
-1.189581,51,47.072882
-1.056608,51,47.096644
-1.181912,51,47.121882
-1.175402,51,47.145666
-1.215171,51,47.170035
-1.156433,51,47.194522
-1.185217,51,47.217992
-1.071104,50,47.242644
-1.215356,51,47.266209
-1.174135,51,47.289586
-1.261278,51,47.313971
-1.163685,52,47.338731
-1.248092,52,47.362905
-1.202023,51,47.387914
-1.298472,51,47.41161
-1.416699,51,47.435605
-1.278013,51,47.460333
-1.192603,50,47.483313
-1.20589,52,47.508519
-1.212659,51,47.532794
-1.211187,50,47.556008
-1.138597,51,47.581048
-1.307747,52,47.605127
-1.287724,51,47.62955
-1.096368,51,47.653815
-1.167797,51,47.677376
-1.111086,51,47.702616
-1.174606,51,47.72609
-1.127086,51,47.750201
-1.267593,51,47.774751
-1.105339,52,47.798723
-1.164671,51,47.82365
-1.225925,51,47.847378
-1.100406,50,47.870424
-1.073042,52,47.894998
-1.232633,51,47.919711
-1.318509,51,47.943138
-1.2185,51,47.968072
-1.103362,51,48.229974
-1.155179,51,48.255017
-1.158095,51,48.280536
-1.406179,51,48.304416
-1.147492,51,48.328737
-1.265648,51,48.353603
-1.165799,51,48.377177
-1.127368,51,48.402703
-1.212418,51,48.426211
-1.212538,51,48.451485
-1.2581,51,48.474993
-1.277042,51,48.49925
-1.467389,51,48.522991
-1.094061,52,48.548239
-1.303152,51,48.571683
-1.230752,51,48.596964
-1.110761,51,48.620763
-1.365711,51,48.644531
-1.164714,51,48.669198
-1.083688,51,48.692633
-1.074086,52,48.718384
-1.007819,50,48.741231
-1.107914,50,48.764617
-1.102287,51,48.789413
-1.105525,50,48.812484
-1.298403,51,48.837047
-1.206799,50,48.860693
-1.21966,51,48.884309
-1.076487,50,48.908815
-1.196254,51,48.932169
-1.076761,51,48.956523
-1.159645,51,48.980576
-1.148858,51,49.004093
-1.221238,51,49.027839
-1.278217,51,49.052696
-1.151778,51,49.076107
-1.1562,51,49.100645
-1.096428,51,49.12472
-1.247793,51,49.148173
-1.507408,52,49.173804
-1.114881,50,49.43467
-1.137154,52,49.459183
-1.142224,51,49.483434
-1.092536,51,49.50867
-1.126892,51,49.532683
-1.325427,51,49.556728
-1.260143,51,49.58211
-1.075923,51,49.605721
-1.226013,51,49.629992
-1.109555,51,49.653831
-1.096747,50,49.677643
-1.236329,51,49.701168
-1.367723,51,49.726513
-1.045243,50,49.74999
-0.992718,50,49.773498
-1.008783,51,49.797943
-1.110328,50,49.821023
-1.148667,51,49.846045
-1.050504,51,49.869659
-1.107205,51,49.893673
-1.269815,51,49.918461
-1.206435,52,49.942537
-1.092905,51,49.967289
-1.245135,50,49.990911
-1.254528,51,50.014648
-1.298978,51,50.039595
-1.211002,51,50.063074
-1.212154,51,50.086565
-1.175613,51,50.111262
-1.170358,52,50.135576
-1.09115,51,50.159154
-1.18077,51,50.184286
-1.139994,51,50.207761
-1.144899,51,50.232331
-1.239825,52,50.257023
-1.136835,51,50.280553
-1.263117,51,50.30582
-1.281125,51,50.329223
-1.048619,51,50.35332
-1.173209,51,50.377046
-1.164699,51,50.636021
-1.124695,52,50.661426
-1.109637,51,50.685842
-1.207341,51,50.710042
-1.230979,51,50.734077
-1.170743,50,50.757429
-1.119894,51,50.78242
-1.232145,51,50.806286
-1.183802,50,50.829697
-1.130819,52,50.854071
-1.164504,51,50.878849
-1.20793,51,50.902387
-1.159473,51,50.927234
-1.173877,50,50.950563
-1.324661,51,50.974359
-1.068061,51,50.999221
-1.12874,51,51.022645
-1.104511,50,51.045585
-1.180393,51,51.070678
-1.264735,51,51.094361
-1.188626,51,51.11832
-1.05556,51,51.143004
-1.245191,51,51.167455
-1.407423,52,51.19237
-1.058932,51,51.215719
-1.190959,51,51.240894
-1.050989,51,51.266911
-1.117391,51,51.291603
-1.080027,51,51.315749
-1.101352,50,51.339287
-1.350739,51,51.364162
-1.083711,51,51.387996
-1.145482,52,51.413583
-1.331761,52,51.437954
-1.146602,51,51.461731
-1.116885,51,51.485921
-1.123079,51,51.510799
-1.056268,50,51.534046
-1.271129,52,51.558154
-1.124659,50,51.582975
-1.219189,51,51.84306
-1.189148,51,51.866302
-1.050064,51,51.890935
-1.17875,51,51.915591
-1.056899,51,51.940186
-1.325493,52,51.964989
-1.077598,51,51.988875
-1.101813,51,52.012861
-1.205895,51,52.036948
-1.111442,51,52.06167
-1.211879,51,52.085295
-1.096882,51,52.110351
-1.068622,51,52.134204
-1.39427,51,52.157839
-1.146383,51,52.182078
-1.075607,50,52.206324
-1.168922,51,52.229967
-1.209669,51,52.254986
-1.128299,51,52.278945
-1.314255,51,52.302886
-1.195511,51,52.326804
-1.174478,51,52.35157
-1.192297,51,52.375032
-1.201385,51,52.400037
-1.213258,51,52.424037
-1.056345,50,52.447441
-1.248146,51,52.472524
-1.105505,51,52.496261
-1.036878,52,52.52124
-1.355582,51,52.54565
-1.194358,51,52.569312
-1.124618,51,52.593031
-1.145673,52,52.61885
-1.308535,51,52.642892
-1.142116,52,52.667176
-1.116008,51,52.691535
-1.05017,51,52.71511
-1.152726,51,52.740212
-1.173433,51,52.764048
-1.17797,51,52.788131
-1.147401,50,53.04605
-1.176104,51,53.069488
-1.090342,51,53.094152
-1.120932,51,53.118639
-1.261462,51,53.14292
-1.132748,52,53.167779
-1.059322,51,53.19171
-1.067825,51,53.215409
-1.233775,51,53.240474
-1.098285,51,53.264556
-1.115529,51,53.28852
-1.186738,50,53.312094
-1.12963,51,53.336794
-1.050138,50,53.360039
-1.276461,51,53.385189
-1.187824,51,53.409065
-1.143514,51,53.433055
-1.188825,50,53.457594
-1.150251,51,53.481261
-1.047476,52,53.506454
-1.200657,51,53.530781
-1.281603,51,53.554536
-1.187841,51,53.580066
-1.189901,52,53.60885
-1.096566,50,53.63273
-1.146865,51,53.656708
-1.101873,50,53.681319
-1.258004,51,53.705001
-1.300293,52,53.730216
-1.099688,50,53.753736
-1.189063,51,53.777816
-1.110299,51,53.801609
-1.14816,51,53.826578
-1.177329,51,53.850086
-1.154264,51,53.874601
-1.2811,51,53.898836
-1.032421,51,53.92248
-1.190189,51,53.946209
-1.24231,51,53.971356
-1.295619,51,53.994905
-1.124094,51,54.019401
-1.106791,51,54.272512
-1.042357,50,54.296401
-1.233065,51,54.32008
-1.170055,52,54.344963
-1.170573,51,54.369358
-1.192501,52,54.393874
-1.175663,51,54.41758
-1.236191,51,54.44117
-1.108937,51,54.465772
-1.149149,52,54.490368
-1.158849,52,54.514435
-1.120159,51,54.538294
-1.219927,51,54.56344
-1.114906,50,54.586523
-1.094575,50,54.610605
-1.206023,51,54.634754
-1.168142,50,54.657914
-1.140367,51,54.683049
-1.155666,51,54.706525
-1.089709,51,54.730043
-1.238703,51,54.754764
-1.222403,51,54.778717
-1.189873,51,54.802278
-1.245492,51,54.827521
-1.166588,50,54.850615
-1.302151,51,54.875148
-1.12057,51,54.899387
-1.201809,50,54.92248
-1.036812,50,54.945781
-1.162075,50,54.970249
-1.092247,51,54.994066
-1.191951,51,55.018621
-1.299791,51,55.042654
-1.052979,50,55.065741
-1.150249,51,55.090864
-1.22186,51,55.114382
-1.225894,51,55.138772
-1.199958,51,55.162527
-1.238015,52,55.186964
-1.279259,51,55.21048
-1.185115,51,55.46247
-1.19329,51,55.487027
-1.106343,52,55.512254
-1.161792,51,55.538096
-1.046883,50,55.56201
-1.345956,51,55.586666
-1.198718,51,55.610636
-1.07453,50,55.633841
-1.166788,50,55.658662
-1.129454,51,55.68232
-1.284443,51,55.705765
-1.226542,51,55.73016
-1.187161,51,55.754251
-1.126895,51,55.777648
-1.169278,52,55.80336
-1.31175,51,55.826799
-1.252974,52,55.851303
-1.098692,51,55.875062
-1.087112,51,55.899319
-1.149496,51,55.922756
-1.142377,51,55.947893
-1.059821,50,55.970956
-1.262772,51,55.995179
-1.074652,51,56.019149
-1.057781,51,56.043275
-1.130665,51,56.066831
-1.202205,52,56.092558
-1.168639,51,56.115942
-1.155096,51,56.139958
-1.094236,50,56.16393
-1.06102,51,56.187242
-1.037302,51,56.210726
-1.300013,51,56.235786
-1.305094,51,56.258987
-0.993377,50,56.282701
-1.200259,51,56.306849
-1.105513,52,56.330568
-1.043876,51,56.354078
-1.07128,51,56.378943
-1.338134,51,56.402143
-1.129862,51,56.651519
-1.280372,51,56.67633
-1.122741,51,56.700858
-1.107948,51,56.725375
-1.101984,51,56.749742
-1.13954,51,56.773906
-1.06935,51,56.796928
-1.303879,51,56.821216
-1.14906,50,56.845222
-1.25395,51,56.868639
-1.114984,50,56.891788
-1.020081,51,56.916587
-1.118327,51,56.93995
-1.083094,50,56.964132
-1.165138,51,56.987996
-1.14974,52,57.012039
-1.087827,51,57.03584
-1.129267,51,57.060545
-1.15448,51,57.083975
-1.026117,50,57.108216
-1.220823,51,57.132206
-1.126919,51,57.155759
-1.126446,52,57.179912
-1.131505,51,57.204631
-1.209441,51,57.228076
-1.069185,50,57.252374
-1.048521,50,57.275824
-1.157432,50,57.299137
-1.288255,51,57.323893
-1.192614,51,57.347162
-1.359469,51,57.370529
-1.123818,51,57.395377
-1.165096,51,57.418878
-1.221113,50,57.442393
-1.135452,50,57.466546
-1.129359,52,57.490488
-1.14329,50,57.513521
-1.073194,51,57.538721
-1.073859,50,57.561591
-1.148328,51,57.585858
-1.139652,50,57.833577
-1.171215,51,57.858134
-1.087429,50,57.881946
-1.229683,51,57.90785
-1.088799,51,57.932229
-1.138836,51,57.956467
-1.106095,51,57.980541
-1.161438,51,58.004712
-1.418793,51,58.028728
-1.143837,51,58.052411
-1.106017,50,58.075883
-1.169999,51,58.100712
-1.173715,51,58.124227
-1.035332,51,58.148926
-1.152644,51,58.17272
-1.198198,51,58.196406
-1.13234,52,58.220795
-1.074942,51,58.245731
-1.225005,51,58.269236
-1.078909,51,58.293867
-1.04433,51,58.317824
-1.046565,51,58.341691
-1.056202,50,58.365281
-1.035152,51,58.38998
-1.217702,51,58.413492
-1.097373,50,58.437759
-1.154796,51,58.461648
-1.253314,51,58.485255
-1.070992,50,58.509782
-1.143614,52,58.533805
-1.12735,51,58.603986
-1.078274,51,58.629931
-1.349875,51,58.656799
-1.086136,50,58.68244
-1.121291,51,58.70913
-1.061656,51,58.734718
-1.301001,51,58.760004
-1.249064,51,58.783989
-1.053695,50,58.808387
-1.116073,51,58.831854
-1.050784,51,58.855479
-1.095207,50,59.104173
-1.171882,50,59.128201
-1.178177,51,59.152547
-1.153218,52,59.177466
-1.096759,51,59.201832
-1.219047,51,59.226182
-1.223799,51,59.24951
-1.104244,51,59.273684
-1.149592,51,59.297843
-1.06359,50,59.321644
-1.180191,51,59.345515
-1.173469,51,59.370088
-1.16933,50,59.393027
-1.106327,51,59.417887
-1.294972,51,59.441574
-1.161822,51,59.465516
-1.198041,50,59.489732
-1.273168,51,59.51316
-1.172112,51,59.537952
-1.177441,51,59.561782
-1.3196,51,59.585886
-1.063175,51,59.610874
-1.086076,51,59.634387
-1.217151,51,59.658906
-1.015266,50,59.682163
-1.126726,51,59.705942
-1.218752,51,59.729726
-1.089924,50,59.754246
-1.226519,51,59.777724
-1.162304,51,59.80228
-1.128962,52,59.826876
-1.247747,51,59.85034
-1.178919,52,59.87595
-1.217397,52,59.899876
-1.384117,51,59.923946
-1.151295,51,59.948367
-1.112201,51,59.971732
-1.036629,50,59.994705
-1.1163,50,60.01939
-1.206036,52,60.043365
-1.157225,51,60.2925
-1.238053,51,60.315855
-1.191098,51,60.341378
-1.148981,51,60.365878
-1.207489,51,60.390248
-1.188306,51,60.414324
-1.357491,52,60.437823
-1.085057,51,60.462113
-1.118187,51,60.486397
-1.122663,51,60.510736
-1.048556,51,60.535011
-1.03241,51,60.558913
-1.132606,51,60.582602
-1.100288,51,60.607356
-1.059436,50,60.630649
-1.207723,51,60.655551
-1.148797,51,60.679321
-1.109361,51,60.703192
-1.171633,52,60.728571
-1.147716,50,60.751534
-1.096209,51,60.776075
-1.141057,51,60.800106
-1.192584,51,60.825364
-1.196909,51,60.850598
-1.189641,51,60.875769
-1.11892,52,60.901947
-1.194768,51,60.927467
-1.124853,51,60.952652
-1.167394,51,60.977861
-1.255335,51,61.002845
-1.13701,50,61.027646
-1.053579,52,61.053361
-1.298252,51,61.078651
-0.991283,50,61.107715
-1.085988,51,61.134966
-1.056613,50,61.16033
-1.232169,51,61.185968
-1.164596,52,61.212129
-1.20583,51,61.237574
-1.207066,51,61.262899
-1.110095,51,61.528816
-1.105335,52,61.555095
-1.274143,51,61.580147
-1.107205,51,61.606237
-1.202879,51,61.632182
-1.11033,52,61.658665
-1.145847,52,61.685141
-1.125584,51,61.710973
-1.177004,52,61.737327
-1.110014,50,61.760988
-1.119841,50,61.784826
-1.183066,51,61.80896
-1.1236,51,61.832851
-1.077105,51,61.856834
-1.090551,51,61.881311
-1.185901,51,61.904864
-1.125398,50,61.929579
-1.210268,51,61.953287
-1.026434,50,61.976906
-1.203783,51,62.001547
-1.223039,52,62.025651
-1.131439,52,62.050981
-1.155437,50,62.074559
-1.164374,51,62.098314
-1.122058,51,62.123408
-1.044556,52,62.147425
-1.223691,51,62.176772
-1.090549,51,62.202275
-1.053269,51,62.226633
-1.070646,51,62.251426
-1.165233,51,62.275116
-1.290354,51,62.298483
-1.079711,50,62.323227
-1.096222,50,62.34643
-1.085828,51,62.370495
-1.002794,50,62.394719
-1.192001,51,62.419403
-1.313766,51,62.443118
-1.049088,52,62.467403
-1.093808,51,62.491158
-1.106955,51,62.740969
-1.077289,51,62.766304
-1.136617,52,62.790408
-1.059032,50,62.813321
-1.066594,52,62.839707
-1.093553,51,62.863901
-1.241054,51,62.888148
-1.149363,51,62.912643
-1.161007,51,62.938171
-1.103139,50,62.961772
-1.132291,52,62.986466
-1.330748,51,63.010612
-1.242583,51,63.034597
-1.02261,50,63.059472
-1.150364,51,63.083045
-1.062776,51,63.10639
-1.215189,52,63.132081
-1.099161,52,63.156731
-1.015609,50,63.182228
-1.181614,51,63.206657
-1.174498,51,63.230307
-1.209275,52,63.256198
-1.001922,50,63.279315
-1.12211,51,63.303626
-1.135332,52,63.328816
-1.152026,51,63.352349
-1.099345,50,63.376992
-1.053571,51,63.401072
-1.010998,50,63.424457
-1.178722,52,63.449927
-1.090518,51,63.473447
-1.033319,51,63.49795
-1.115026,51,63.522303
-1.129475,51,63.545843
-1.228534,51,63.5711
-1.135795,51,63.594611
-1.23151,51,63.618898
-1.164525,51,63.643484
-1.269128,51,63.666879
-1.219329,51,63.691747
-1.097646,51,63.939555
-1.099486,51,63.965027
-1.107892,51,63.988655
-1.1225,51,64.012905
-1.198141,52,64.037623
-1.144848,51,64.061742
-1.150219,51,64.087334
-1.110686,50,64.111341
-1.106819,51,64.135295
-1.096256,51,64.159278
-1.147102,52,64.183926
-1.023528,51,64.208057
-1.046819,51,64.231907
-1.03933,50,64.25691
-1.172514,51,64.280474
-1.040688,51,64.303839
-1.07627,51,64.328234
-1.05885,51,64.352428
-1.213058,51,64.377126
-1.103376,51,64.400808
-1.198053,51,64.424634
-1.108405,51,64.449429
-1.214496,51,64.473635
-1.093077,51,64.497996
-1.05151,50,64.521139
-1.158501,51,64.546096
-1.193003,51,64.569593
-1.022306,50,64.594372
-1.268538,50,64.6174
-1.085874,51,64.642609
-1.120682,51,64.6678
-1.246162,51,64.692477
-1.20431,51,64.71637
-1.069745,51,64.74148
-1.345147,52,64.765323
-1.198151,51,64.790454
-1.076723,51,64.81382
-1.192389,51,64.838459
-1.209883,51,64.862374
-1.108944,51,64.887576
-1.076195,50,64.910888
-1.031945,51,65.160545
-1.144677,51,65.185853
-1.087392,51,65.209356
-0.950151,50,65.234307
-1.114795,51,65.25737
-1.130964,51,65.28309
-1.192858,51,65.307511
-1.081185,51,65.331531
-1.153278,51,65.355387
-1.071714,51,65.380076
-1.119722,51,65.403242
-1.305645,51,65.427164
-1.183983,52,65.451647
-1.043255,51,65.475888
-1.105796,51,65.501465
-1.141026,51,65.525573
-1.139152,51,65.550891
-1.063774,52,65.574979
-1.167687,51,65.599834
-1.185331,51,65.623821
-1.086113,51,65.649051
-1.292167,51,65.672528
-1.275343,51,65.697806
-1.013907,51,65.721314
-1.039554,51,65.746488
-1.091578,51,65.769903
-1.175223,51,65.795019
-1.053551,51,65.820259
-1.115274,51,65.843725
-1.10394,51,65.868965
-1.108506,51,65.893174
-1.130383,50,65.917089
-1.101631,52,65.942855
-1.102895,51,65.971122
-1.235891,51,65.996788
-1.156466,51,66.022311
-1.279596,51,66.047804
-1.187557,52,66.073768
-1.055748,50,66.097076
-1.095706,50,66.1221
-1.051315,51,66.372492
-1.07563,51,66.396683
-1.279748,51,66.429302
-1.091625,51,66.456056
-1.18467,51,66.483014
-1.131848,51,66.506471
-1.086732,51,66.532296
-1.217925,51,66.556706
-1.141106,51,66.581248
-1.127539,51,66.605749
-1.087657,51,66.630127
-1.225261,51,66.654557
-1.223096,51,66.67918
-1.073577,50,66.704923
-0.957118,51,66.72911
-1.067577,51,66.754744
-1.21694,51,66.778369
-1.138957,51,66.802548
-1.135634,51,66.828542
-1.231377,51,66.852591
-1.215867,51,66.877642
-1.237319,51,66.901692
-1.141815,52,66.926038
-1.194704,51,66.949877
-1.087223,51,66.974903
-1.23347,51,66.999143
-1.180531,50,67.023143
-1.182849,51,67.046741
-1.109697,51,67.071858
-1.029138,50,67.095099
-1.086079,51,67.119079
-1.124112,52,67.144336
-1.133097,51,67.167763
-1.243177,51,67.192383
-1.079624,51,67.216117
-1.148865,52,67.24019
-1.136657,51,67.264166
-1.080458,51,67.289042
-1.015023,52,67.313824
-1.187858,51,67.337687
-1.03528,52,67.5876
-1.188688,52,67.612512
-1.125512,51,67.636088
-1.092255,51,67.661482
-1.13011,51,67.686681
-0.97517,50,67.711356
-1.001231,52,67.735824
-1.137001,51,67.761071
-1.192425,51,67.785339
-1.092634,51,67.810609
-1.071941,51,67.836634
-1.118693,50,67.860802
-1.106633,52,67.885811
-1.056219,51,67.90874
-1.293761,51,67.933232
-1.194686,50,67.957063
-1.237347,51,67.981842
-1.086105,52,68.005935
-1.215289,51,68.031234
-1.223181,52,68.055335
-1.161419,51,68.080567
-1.04484,51,68.104086
-1.069059,51,68.128453
-1.18743,51,68.152854
-1.169773,52,68.176882
-1.103457,52,68.200928
-1.227471,51,68.226187
-1.163977,51,68.249544
-1.137081,50,68.273494
-1.101424,51,68.297986
-1.183783,52,68.321921
-1.098051,50,68.346443
-1.151783,51,68.369984
-1.008996,52,68.39433
-1.069042,51,68.418962
-1.140073,51,68.442353
-1.093656,51,68.467402
-1.064875,51,68.490734
-1.082584,51,68.514219
-1.254393,52,68.539466
-1.122936,51,68.78664
-1.181496,51,68.811309
-1.026389,52,68.83551
-1.06615,51,68.860559
-1.450658,51,68.884607
-1.114622,51,68.908434
-1.10761,51,68.933452
-1.080325,50,68.956199
-1.062727,51,68.981393
-1.177252,51,69.006383
-1.129581,51,69.030722
-1.092032,50,69.05616
-1.172845,52,69.08097
-1.005799,50,69.104666
-1.13293,51,69.128621
-1.189814,51,69.152481
-1.043959,51,69.176315
-1.094033,52,69.200435
-1.134305,51,69.225719
-1.147314,51,69.249185
-1.128085,51,69.273307
-1.071457,50,69.297289
-1.039893,51,69.320838
-1.283084,51,69.345983
-1.219213,51,69.369627
-1.090186,51,69.393559
-1.111914,51,69.418269
-1.178412,51,69.441682
-1.353535,51,69.466274
-1.046599,50,69.489748
-1.207026,52,69.513794
-0.99659,51,69.538636
-1.110219,51,69.562093
-1.033488,51,69.585409
-1.202153,50,69.609729
-1.156108,52,69.63401
-1.065217,51,69.657744
-1.109816,51,69.682461
-1.188708,52,69.706318
-1.124997,52,69.731226
-1.059658,51,69.978594
-1.089038,51,70.003792
-1.193257,52,70.028436
-1.101996,52,70.052724
-1.032004,51,70.077896
-1.050359,51,70.101381
-1.074558,51,70.12586
-1.32018,51,70.149957
-1.16387,51,70.17303
-1.127798,51,70.198652
-1.093904,51,70.222837
-1.185036,51,70.247544
-1.174024,51,70.272888
-1.157392,51,70.297053
-1.182643,52,70.321599
-1.028592,50,70.345083
-1.166535,51,70.369183
-1.197526,52,70.393766
-1.138293,51,70.41761
-1.071935,51,70.442147
-1.088542,51,70.465492
-1.06825,52,70.490857
-1.121941,51,70.514544
-1.076955,51,70.538228
-1.144406,51,70.562938
-1.095242,51,70.586223
-1.220353,51,70.609647
-1.099866,51,70.634545
-1.108164,51,70.658008
-1.089618,51,70.681907
-1.245807,51,70.706672
-1.17859,52,70.731771
-1.078859,51,70.757472
-1.024463,50,70.780724
-1.003925,50,70.805266
-1.129456,51,70.829208
-1.123662,51,70.853066
-1.189777,51,70.876874
-0.997142,51,70.901272
-1.11782,51,70.92472
-1.194613,51,71.180063
-1.05507,51,71.204289
-0.955953,51,71.229427
-1.191785,51,71.253139
-1.229837,51,71.278062
-1.199953,51,71.302321
-0.983983,50,71.325544
-1.170171,51,71.351049
-1.112069,51,71.374512
-1.1498,51,71.398607
-1.167198,52,71.424261
-1.044009,51,71.448456
-1.16186,52,71.474393
-1.032718,52,71.499222
-0.995151,50,71.521584
-1.006173,51,71.545868
-1.085482,51,71.570255
-1.008801,51,71.594564
-1.1037,51,71.618799
-1.045188,50,71.642667
-1.039164,51,71.666454
-1.069273,51,71.690287
-1.152613,51,71.715062
-1.127718,51,71.738566
-1.135873,51,71.763516
-1.067782,51,71.787475
-0.958913,51,71.811351
-1.086249,51,71.836247
-1.254987,51,71.859792
-1.094978,51,71.884447
-1.009384,52,71.909235
-1.067679,51,71.93267
-1.154199,51,71.956322
-1.104621,51,71.981507
-0.988322,51,72.005022
-1.066907,51,72.029549
-0.982021,51,72.053866
-1.10971,51,72.077339
-1.161801,51,72.102543
-1.081468,52,72.126616
-1.08528,51,72.374003
-1.045344,52,72.399766
-1.186272,51,72.4235
-1.114209,50,72.447894
-0.995207,51,72.472066
-0.984639,52,72.496355
-1.133121,50,72.521359
-1.045784,51,72.545016
-1.163012,51,72.56929
-1.092308,51,72.593694
-1.265867,51,72.616998
-0.939294,51,72.642666
-1.146152,51,72.667163
-1.141817,51,72.691383
-1.148838,51,72.715518
-1.322495,51,72.73954
-1.14537,52,72.76354
-1.027502,51,72.788045
-1.057951,52,72.812789
-0.997928,51,72.837111
-1.12125,52,72.861316
-1.069107,52,72.885907
-1.203085,51,72.909789
-0.988314,51,72.934188
-1.087893,51,72.957644
-1.10531,50,72.982471
-1.255039,51,73.005983
-1.154805,50,73.029764
-1.093804,52,73.054986
-1.107986,51,73.078531
-1.22128,51,73.103489
-1.032898,52,73.127906
-1.218191,51,73.151653
-0.993607,50,73.176235
-1.213586,51,73.199787
-1.034649,51,73.223198
-1.100616,51,73.248083
-1.239878,51,73.271924
-1.123769,51,73.295765
-1.210767,51,73.320832
-0.985139,50,73.567691
-1.074011,51,73.5928
-1.038815,52,73.617782
-1.097368,51,73.641383
-1.042161,50,73.666413
-1.26194,51,73.690117
-1.262529,51,73.713866
-1.254877,51,73.738345
-1.026033,51,73.762737
-1.143989,50,73.785876
-1.18358,52,73.811636
-1.229847,51,73.893633
-1.195478,51,73.92137
-1.212292,51,73.94807
-1.136411,51,73.976049
-1.298014,51,74.002618
-1.058374,51,74.027228
-1.033477,52,74.053318
-1.118723,52,74.078892
-1.121814,52,74.103696
-1.036668,51,74.127442
-1.109141,51,74.152818
-1.056042,51,74.176285
-1.028327,50,74.200073
-0.977808,50,74.224214
-1.046715,51,74.247833
-1.089922,51,74.272908
-1.135075,51,74.296674
-1.058556,50,74.319746
-1.072299,51,74.344075
-1.015086,51,74.368551
-0.97452,50,74.391584
-1.109724,51,74.416749
-1.023732,51,74.440358
-1.294739,51,74.464454
-1.271617,51,74.489198
-1.168408,51,74.512684
-1.204663,51,74.537464
-1.052537,50,74.561036
-1.060379,51,74.584724
-1.017027,50,74.608199
-1.004639,51,74.857367
-1.105705,50,74.881739
-1.201207,52,74.906642
-1.005818,51,74.930211
-1.077061,50,74.95517
-1.153557,51,74.978749
-1.043401,51,75.002821
-1.002012,50,75.026209
-1.064448,51,75.050377
-0.991812,50,75.073506
-1.036653,51,75.098453
-1.133551,51,75.122193
-1.09451,51,75.147196
-1.105979,51,75.17144
-1.18223,50,75.195407
-1.188675,51,75.21984
-0.997749,51,75.244056
-1.085705,51,75.268127
-0.953547,51,75.292138
-1.088761,51,75.317907
-1.063197,51,75.343698
-1.095133,50,75.368546
-1.07654,51,75.39876
-1.095171,52,75.42534
-1.130532,50,75.450967
-1.12892,50,75.476314
-1.133099,51,75.501921
-1.048862,50,75.527057
-1.133569,52,75.554278
-1.092162,51,75.579975
-1.161058,51,75.605655
-1.080525,50,75.630792
-1.027732,52,75.656811
-1.035817,51,75.682116
-1.05421,50,75.707022
-1.043361,50,75.732263
-1.090702,51,75.75772
-1.079589,51,75.783053
-1.142584,51,75.808261
-1.170589,51,75.833586
-1.023163,51,76.095076
-1.130975,51,76.120734
-1.224646,52,76.146031
-1.159057,51,76.170546
-1.120308,51,76.195621
-1.053277,51,76.219343
-1.065301,51,76.243179
-1.02429,50,76.268214
-1.013971,50,76.293547
-0.980665,50,76.317059
-1.053548,51,76.341885
-1.064767,50,76.365697
-1.265402,51,76.390461
-1.135847,51,76.414405
-1.025448,51,76.440676
-1.233031,51,76.466086
-1.089407,51,76.490709
-1.017939,51,76.515262
-1.053181,51,76.539583
-1.142571,51,76.563793
-0.941831,52,76.588631
-1.01123,51,76.612653
-1.060235,51,76.636546
-1.033085,51,76.661847
-0.952667,50,76.685238
-1.032898,51,76.709504
-1.034136,51,76.733415
-1.152233,51,76.759271
-1.005842,51,76.783057
-1.091125,50,76.807781
-1.052676,51,76.831872
-0.979173,50,76.856389
-1.169314,52,76.880994
-1.103868,50,76.905708
-1.077585,51,76.929514
-1.0579,51,76.955333
-1.1233,51,76.980071
-1.10384,50,77.003466
-1.087988,51,77.028904
-1.039629,51,77.053625
-1.087845,51,77.303448
-1.218799,51,77.327437
-1.045732,51,77.352661
-1.073285,51,77.376893
-1.154779,51,77.401573
-1.227563,51,77.426438
-1.094817,51,77.451783
-1.036827,51,77.475988
-1.013827,51,77.49998
-1.109381,51,77.523985
-1.048127,51,77.550124
-1.056276,51,77.574168
-1.115321,51,77.598928
-1.051002,51,77.623421
-1.104383,50,77.648276
-1.06319,51,77.674352
-1.108761,50,77.698722
-1.322381,51,77.722978
-1.157282,52,77.749086
-1.069666,51,77.773783
-1.105331,50,77.797835
-1.101441,51,77.823186
-1.242609,51,77.848293
-1.145448,51,77.872728
-1.108667,52,77.897579
-1.145458,51,77.921537
-1.195384,52,77.94838
-1.004179,51,77.972179
-1.081815,51,77.99645
-1.075096,51,78.021089
-1.285187,51,78.044797
-1.148936,51,78.068415
-1.129566,52,78.09419
-1.230878,51,78.117929
-0.837425,50,78.142516
-1.106441,52,78.16856
-1.100901,51,78.192354
-0.987214,51,78.216063
-1.077815,51,78.241936
-1.102473,51,78.26656
-1.017108,51,78.519381
-1.028291,50,78.543783
-0.987185,50,78.567388
-1.002206,51,78.592879
-1.085517,51,78.616848
-1.079324,51,78.641664
-1.024305,51,78.667092
-1.192585,51,78.690787
-1.027873,51,78.71623
-1.190144,51,78.740981
-1.072014,51,78.765347
-1.040205,51,78.7907
-1.06636,52,78.814686
-0.9766,51,78.839704
-0.977571,51,78.863836
-1.04201,52,78.889775
-0.970887,51,78.913768
-1.038859,51,78.938409
-1.22173,51,78.964552
-1.251037,52,78.990361
-1.09105,51,79.014838
-1.078358,51,79.041862
-1.037605,52,79.067229
-0.995486,51,79.091139
-1.050398,52,79.117234
-0.98334,51,79.141805
-0.989176,50,79.167099
-1.068458,50,79.190277
-1.153924,52,79.214478
-1.159093,51,79.239942
-1.164246,51,79.264743
-1.050271,52,79.289203
-1.060803,51,79.314678
-1.102222,51,79.3384
-1.117025,51,79.362591
-1.162747,51,79.387491
-1.024449,51,79.411129
-1.23292,51,79.434745
-1.161353,51,79.461071
-1.073697,51,79.485304
-1.108638,52,79.7372
-1.035993,51,79.762108
-1.039902,52,79.786735
-1.045632,51,79.812173
-0.973385,50,79.836021
-1.042923,52,79.862492
-1.118538,51,79.886272
-1.017303,51,79.911126
-1.018195,51,79.935502
-0.997185,52,79.961588
-1.07855,51,79.985318
-1.059092,51,80.010693
-0.94514,51,80.034723
-1.116076,51,80.060603
-1.023601,50,80.089284
-1.03238,51,80.115584
-1.128577,52,80.143295
-1.08353,51,80.169952
-0.993251,52,80.196707
-1.111019,50,80.220952
-1.085168,52,80.2473
-0.968602,51,80.273565
-1.265822,51,80.297774
-1.026376,50,80.322014
-1.081867,51,80.349536
-1.04713,51,80.375449
-1.104891,52,80.401493
-1.012543,51,80.427044
-1.031026,51,80.451812
-1.089952,51,80.477466
-1.033356,51,80.502239
-1.019695,52,80.527068
-1.122053,51,80.551683
-1.111738,52,80.577626
-1.092875,52,80.60223
-1.117724,52,80.626647
-1.116917,51,80.652729
-1.18656,51,80.676488
-1.07975,51,80.700215
-1.151963,52,80.725401
-1.120645,50,80.976948
-1.030949,52,81.001575
-1.350054,51,81.026565
-1.037563,51,81.050615
-1.089759,51,81.074413
-0.982537,50,81.099254
-1.067163,51,81.122797
-1.011579,51,81.148318
-0.987702,51,81.17333
-1.147813,51,81.197292
-1.101045,51,81.221162
-1.033663,51,81.24763
-0.948648,51,81.271768
-1.17732,52,81.297624
-0.991105,50,81.322319
-1.014072,50,81.347398
-1.069805,51,81.372353
-0.995129,51,81.397831
-1.014483,51,81.422242
-1.090607,51,81.447707
-1.150016,51,81.472588
-1.126514,51,81.49858
-1.156353,51,81.52161
-1.170662,51,81.546898
-1.006589,51,81.572456
-1.027508,51,81.596988
-0.949078,51,81.621736
-1.037121,51,81.645425
-1.032763,50,81.669983
-1.057273,51,81.693814
-1.081284,51,81.717572
-1.01416,51,81.742638
-1.109671,52,81.766731
-1.127139,51,81.790453
-1.055135,52,81.815661
-0.925291,50,81.840283
-0.947669,52,81.865154
-1.088061,52,81.889533
-1.043588,51,81.914965
-1.210519,51,81.938731
-1.04868,52,82.188592
-1.128912,51,82.213686
-0.983798,52,82.239035
-1.024946,51,82.262571
-1.145845,51,82.287539
-1.061011,51,82.3113
-1.096421,51,82.335089
-1.070259,51,82.361199
-0.913493,50,82.384485
-0.945202,51,82.409
-0.955109,51,82.433331
-1.057647,51,82.458045
-0.996383,51,82.481938
-0.953221,50,82.507002
-1.019532,52,82.531068
-0.986985,51,82.556383
-0.968881,50,82.581163
-1.114761,51,82.605675
-0.868612,50,82.630754
-0.995056,50,82.656086
-1.016105,50,82.680454
-1.13566,51,82.704851
-0.951523,50,82.728968
-1.180464,51,82.755529
-1.078004,51,82.779737
-1.242616,51,82.804516
-1.083675,52,82.829647
-1.051304,51,82.853378
-1.021584,51,82.878803
-1.031671,51,82.90246
-1.003142,51,82.926473
-1.185094,51,82.952587
-1.041416,51,82.976476
-1.111575,51,83.001269
-0.881755,51,83.025678
-1.294093,51,83.049209
-1.169316,51,83.074608
-1.022771,51,83.098205
-1.038751,51,83.122437
-1.086346,51,83.147219
-1.063633,51,83.172078
-1.001082,51,83.421704
-1.085474,52,83.447285
-1.018484,50,83.47085
-1.057408,51,83.494785
-1.135338,51,83.518855
-1.376336,52,83.544265
-1.054221,52,83.56835
-1.028845,51,83.595173
-1.039555,52,83.620814
-1.037976,51,83.645553
-1.083049,52,83.671026
-0.984052,51,83.695429
-1.181246,52,83.720118
-1.004008,50,83.744329
-0.986347,50,83.769422
-0.999455,51,83.793612
-1.094759,51,83.818448
-1.017447,51,83.845016
-0.916802,50,83.869351
-1.071404,51,83.893822
-1.156133,51,83.919579
-1.128309,51,83.945131
-0.994088,51,83.970155
-1.034989,51,83.994877
-1.043111,51,84.019151
-1.179988,51,84.043242
-1.030094,52,84.068679
-1.059708,50,84.091884
-1.248898,51,84.116857
-1.123468,51,84.141887
-1.126533,52,84.166606
-0.863759,51,84.192217
-1.011123,52,84.216428
-1.006448,51,84.240851
-1.293653,51,84.265725
-0.936982,50,84.290141
-0.938472,51,84.313883
-0.992038,51,84.338002
-0.903286,50,84.363639
-1.0403,50,84.387156
-1.069902,51,84.636306
-1.078522,51,84.661602
-1.123434,51,84.685328
-1.065167,51,84.710723
-0.847602,50,84.733985
-0.93236,52,84.75939
-0.970561,51,84.78488
-0.942414,52,84.809275
-0.951235,51,84.833436
-0.957545,50,84.859133
-1.095876,51,84.883103
-1.114888,51,84.906869
-1.039961,52,84.932345
-1.076792,51,84.957271
-1.112162,51,84.981428
-1.057271,51,85.005212
-1.103087,51,85.030542
-0.955091,50,85.05572
-0.805719,51,85.080799
-1.128178,51,85.105442
-1.144377,51,85.128647
-1.065116,51,85.152743
-0.939812,51,85.176979
-1.089983,51,85.201017
-1.042287,51,85.225112
-1.038272,52,85.251377
-0.81511,50,85.275338
-1.08278,51,85.299955
-1.097882,51,85.323785
-1.080211,51,85.349325
-1.01132,51,85.373113
-0.914196,50,85.396303
-1.005156,51,85.42081
-1.127535,51,85.445614
-1.059644,51,85.470303
-0.977747,52,85.494474
-0.939518,50,85.519548
-1.07591,51,85.544052
-1.003217,51,85.568075
-1.031993,52,85.593097
-1.205017,52,85.845239
-0.9374,51,85.869194
-1.021534,50,85.892558
-0.972552,50,85.916997
-1.037331,52,85.942452
-1.120665,51,85.966572
-0.973766,51,85.990435
-1.01477,52,86.016222
-1.173347,51,86.040481
-1.057608,50,86.065136
-1.025277,52,86.089712
-1.076394,50,86.113784
-0.913524,52,86.138735
-0.950701,51,86.162908
-1.254434,51,86.18835
-1.019548,51,86.211814
-1.005261,51,86.236177
-1.080032,51,86.260837
-1.057622,51,86.286462
-1.049856,51,86.311442
-1.03035,51,86.336131
-1.217952,51,86.360608
-1.039236,51,86.385012
-1.142743,52,86.410007
-1.04128,51,86.43465
-1.011028,51,86.460235
-1.20561,51,86.485305
-1.089801,51,86.509026
-1.131457,52,86.534554
-1.018359,50,86.558227
-0.891167,51,86.581978
-1.048792,51,86.606023
-1.049953,51,86.630792
-1.014397,51,86.654362
-1.077667,52,86.679624
-1.051338,51,86.703599
-1.078779,51,86.727427
-1.065862,52,86.753041
-0.917826,51,86.77857
-1.046695,51,86.802322
-1.078613,51,87.053106
-1.033018,51,87.077155
-1.007953,51,87.102377
-0.924682,51,87.126373
-1.11392,51,87.150493
-0.993962,51,87.174363
-0.8998,51,87.199546
-1.054635,51,87.22317
-1.02853,52,87.248367
-1.028422,51,87.273422
-0.954774,50,87.297126
-0.874199,51,87.32118
-1.020466,52,87.346316
-1.012819,51,87.370524
-1.141726,50,87.395185
-1.088849,51,87.418884
-1.046123,51,87.444383
-0.946771,50,87.46806
-0.937578,51,87.492303
-1.077916,51,87.516894
-1.161532,51,87.542233
-0.934198,50,87.568194
-0.993808,51,87.592856
-1.067303,51,87.617282
-0.946005,51,87.642449
-0.945337,52,87.667951
-1.171292,51,87.692096
-1.025562,50,87.716953
-0.961245,51,87.741616
-0.944462,51,87.765837
-1.058547,51,87.790028
-0.972411,51,87.814814
-1.031724,52,87.839557
-1.0307,51,87.863737
-0.982851,51,87.88894
-1.127305,51,87.912995
-0.959595,52,87.937394
-0.840053,52,87.962939
-0.905369,51,87.988273
-1.06939,51,88.012005
-1.080796,51,88.261974
-1.044636,51,88.286051
-0.920287,51,88.311137
-0.99109,51,88.335181
-0.970906,52,88.359693
-0.990756,51,88.383737
-0.995767,51,88.407724
-0.829098,51,88.432502
-1.134775,51,88.458206
-1.022154,52,88.482741
-1.133703,52,88.507631
-0.936385,51,88.531247
-0.964418,51,88.55612
-0.993392,51,88.581773
-1.002749,51,88.605521
-0.971723,51,88.62924
-0.973489,51,88.654104
-0.958624,50,88.677998
-0.895344,51,88.70161
-0.986725,51,88.727334
-1.028009,51,88.751745
-0.896365,51,88.775872
-0.890689,51,88.800048
-1.167854,51,88.824324
-0.856866,52,88.849498
-0.993851,51,88.874001
-0.990245,51,88.899627
-1.014545,51,88.923537
-0.990402,51,88.948396
-0.991068,51,88.972256
-0.955052,51,88.996877
-0.945206,51,89.021335
-0.87723,52,89.045499
-0.940736,52,89.069702
-1.013472,51,89.095006
-1.006365,52,89.119117
-0.954277,52,89.143195
-0.970258,51,89.167689
-0.941939,51,89.191611
-0.76511,50,89.215382
-0.986769,52,89.546335
-0.864588,51,89.572312
-1.132916,51,89.598037
-1.185455,51,89.623714
-0.867969,52,89.650029
-0.891839,51,89.675515
-0.98068,52,89.701684
-1.050034,51,89.727613
-1.025954,51,89.753488
-0.907119,51,89.778866
-0.969931,52,89.805711
-0.974324,51,89.831178
-0.876408,51,89.857752
-0.977551,51,89.883445
-1.089329,51,89.908933
-1.128355,51,89.934459
-1.060584,52,89.961549
-0.863826,50,89.986551
-0.86906,52,90.012549
-0.806273,51,90.038258
-0.876089,51,90.06322
-1.045959,52,90.09003
-0.92064,51,90.116023
-1.069009,51,90.140257
-1.099784,51,90.164324
-0.991962,51,90.187839
-1.122216,51,90.212167
-0.923775,51,90.236419
-0.975051,51,90.260323
-0.851743,51,90.28443
-1.016863,51,90.308368
-0.839304,50,90.332251
-0.985145,52,90.357818
-0.910351,51,90.383151
-1.069355,52,90.407726
-0.841729,51,90.433302
-0.970042,51,90.457075
-1.010045,51,90.481348
-0.976715,51,90.505336
-1.000871,51,90.529871
-0.878319,50,90.781339
-0.811482,50,90.806026
-0.960951,51,90.830717
-1.003228,51,90.854503
-0.814552,51,90.878426
-0.951351,51,90.903776
-0.94165,51,90.927596
-1.020351,51,90.953183
-0.891663,51,90.978149
-1.053327,51,91.001916
-0.829315,51,91.025665
-0.988631,51,91.051064
-0.927923,51,91.074949
-0.815267,51,91.099127
-0.87966,51,91.124117
-0.928502,51,91.149081
-0.985585,51,91.173223
-0.953991,52,91.198855
-0.981058,51,91.223275
-0.861852,50,91.246725
-0.886846,50,91.271725
-1.059655,51,91.295862
-0.91877,51,91.321057
-0.978035,52,91.34725
-0.939725,51,91.373029
-1.005891,51,91.397414
-1.150732,51,91.422753
-1.00386,51,91.447689
-0.882623,51,91.471651
-0.990897,50,91.496766
-1.056949,51,91.520456
-1.097212,51,91.545692
-1.010099,51,91.570047
-0.966899,51,91.595589
-1.123837,51,91.619505
-1.100192,52,91.645978
-0.991987,51,91.670436
-0.826919,51,91.694583
-0.836428,50,91.718323
-0.865549,51,91.744204
-0.938889,51,91.768421
-0.923982,51,92.018993
-0.849693,51,92.04377
-0.879526,51,92.067847
-0.971502,51,92.093003
-0.826282,52,92.117821
-0.829317,50,92.141339
-0.977403,51,92.166745
-0.872561,52,92.191049
-0.85245,51,92.21474
-1.045308,51,92.240324
-0.849851,51,92.265373
-0.738073,50,92.288838
-0.806192,52,92.314983
-0.974522,51,92.339137
-1.001874,50,92.362516
-0.854718,51,92.387086
-1.008259,51,92.412074
-0.734838,52,92.436534
-1.110496,51,92.462551
-0.808478,51,92.486828
-1.009731,51,92.511154
-0.935356,51,92.53738
-0.827968,51,92.561895
-0.939339,51,92.586257
-0.941112,50,92.610603
-0.823785,51,92.634349
-0.838111,52,92.660711
-0.938317,51,92.686136
-1.039187,52,92.71088
-0.782183,50,92.734828
-0.845311,51,92.758814
-0.841594,51,92.782931
-0.936127,51,92.807959
-0.998293,51,92.831916
-0.869658,51,92.856799
-0.964821,51,92.881155
-0.925648,52,92.905244
-0.795678,50,92.930188
-1.050221,51,92.955425
-0.911146,51,92.980818
-0.807742,51,93.23313
-0.83814,51,93.258795
-0.942688,51,93.28241
-0.871269,51,93.307862
-0.898826,51,93.331572
-0.906327,51,93.357417
-0.721381,50,93.38138
-0.833695,50,93.40554
-0.963332,51,93.429442
-0.833985,51,93.454996
-0.999,51,93.478891
-0.935069,51,93.503282
-0.860578,50,93.52697
-0.727073,51,93.552629
-0.854766,51,93.577722
-0.897878,52,93.602511
-0.952755,51,93.626287
-0.76323,50,93.650896
-0.870526,51,93.676499
-0.870135,51,93.700434
-0.853871,51,93.726015
-0.83695,50,93.750566
-0.860427,50,93.775804
-0.819464,51,93.801204
-0.854521,51,93.825609
-0.935422,51,93.851305
-0.77897,50,93.875386
-1.012137,51,93.899651
-0.938991,51,93.923672
-1.069498,51,93.948719
-0.934905,52,93.974178
-0.920351,51,93.998927
-0.783981,52,94.023083
-0.874352,51,94.049172
-1.000919,51,94.073597
-1.09641,51,94.097553
-0.883235,51,94.122889
-0.792938,51,94.147428
-0.85743,51,94.171591
-0.890622,51,94.196533
-0.848091,50,94.446389
-0.896777,51,94.471528
-0.862927,51,94.495887
-0.820716,51,94.51969
-0.755891,52,94.546591
-0.965507,51,94.570594
-0.725545,52,94.595457
-1.007299,51,94.62038
-0.809911,51,94.643918
-0.772295,51,94.66741
-0.906247,50,94.692003
-0.861731,52,94.716237
-0.885504,52,94.741507
-0.952314,51,94.767168
-0.779073,52,94.791441
-0.867656,51,94.816091
-1.021218,51,94.841369
-0.894357,50,94.865115
-0.907006,51,94.89044
-0.901011,51,94.914205
-0.852217,52,94.940876
-0.850125,50,94.96471
-0.93216,51,94.990562
-0.873483,50,95.014688
-0.811872,52,95.041208
-0.862337,51,95.067204
-0.820228,50,95.091084
-0.819506,50,95.114909
-0.834013,50,95.139163
-0.850167,50,95.165043
-0.941729,51,95.189325
-0.876451,51,95.214659
-0.853208,51,95.239596
-0.981203,51,95.265137
-0.821807,52,95.291272
-0.809485,51,95.316821
-1.064349,51,95.342923
-0.779841,51,95.369164
-0.88662,51,95.396561
-0.829707,51,95.423025
-0.902647,50,95.678763
-0.825427,51,95.702981
-0.745266,51,95.727266
-0.898209,51,95.753486
-0.755683,50,95.777078
-1.164492,51,95.8009
-0.937709,51,95.825849
-0.844963,51,95.851062
-0.8282,51,95.875042
-0.821358,51,95.90049
-0.873542,50,95.923709
-0.911254,51,95.948083
-0.7467,51,95.972012
-0.994534,51,95.996281
-0.833251,51,96.019931
-0.805869,51,96.045581
-0.777234,51,96.071056
-1.133774,51,96.095272
-0.908738,50,96.1197
-0.883105,51,96.144151
-0.859414,51,96.169274
-0.971441,51,96.19384
-0.691776,51,96.218026
-0.794663,52,96.243417
-0.777819,50,96.269554
-0.84198,51,96.29419
-0.954486,51,96.318467
-0.905734,50,96.343168
-0.961774,51,96.36791
-0.764431,51,96.393125
-0.924419,51,96.417869
-0.970446,51,96.44263
-0.926694,51,96.468251
-0.869426,51,96.492344
-0.921568,51,96.516416
-0.788511,52,96.540863
-1.058441,51,96.565718
-0.77263,51,96.589242
-0.813035,51,96.613922
-0.806114,52,96.638984
-0.912859,51,96.888192
-0.812052,51,96.912366
-0.779814,52,96.939032
-0.855937,52,96.964191
-0.937557,51,96.988101
-0.813696,51,97.012544
-0.957203,51,97.037992
-0.948665,51,97.064145
-0.826845,51,97.089123
-0.855817,51,97.114135
-1.03709,52,97.139051
-0.887182,51,97.163894
-0.818705,51,97.187861
-0.990107,51,97.211931
-0.830651,52,97.23778
-0.790384,51,97.263311
-0.816374,51,97.288736
-0.811683,51,97.314718
-0.848941,51,97.340257
-0.787246,52,97.366359
-0.741181,52,97.392166
-0.8857,52,97.41804
-0.831672,51,97.444694
-0.816811,51,97.470671
-0.85623,51,97.496755
-0.851487,51,97.522689
-0.94689,51,97.549534
-0.794506,51,97.575847
-0.797277,52,97.602649
-1.101821,51,97.628612
-0.802769,51,97.65556
-0.868073,51,97.681565
-0.8441,51,97.707867
-0.751946,50,97.733201
-1.073272,51,97.759684
-0.886632,51,97.785403
-0.708417,51,97.810823
-0.971464,51,97.836183
-0.92608,51,97.862836
-0.87785,51,97.888433
-0.737583,51,98.155403
-0.833568,51,98.179579
-0.898244,51,98.203357
-0.909165,51,98.228936
-0.895622,51,98.253941
-0.687419,51,98.277863
-0.778878,51,98.303223
-0.721067,51,98.326966
-0.760316,50,98.350782
-0.887249,52,98.375249
-0.804759,51,98.399948
-0.943399,51,98.424987
-0.786085,51,98.450314
-0.818384,51,98.474144
-0.971764,52,98.499968
-0.754029,51,98.523756
-0.733972,51,98.548805
-0.97397,51,98.572938
-0.79384,52,98.598246
-0.910961,51,98.621954
-0.831115,51,98.647842
-0.859962,51,98.672234
-1.034963,51,98.696159
-0.781622,51,98.721927
-0.918764,52,98.747445
-0.850635,50,98.772187
-0.875181,51,98.798116
-0.774794,51,98.822545
-0.903469,51,98.847115
-0.779283,51,98.872656
-0.847488,51,98.897727
-0.825407,51,98.921791
-0.798606,51,98.946731
-0.813991,51,98.972505
-0.821695,52,98.99682
-0.720552,51,99.021031
-0.889401,51,99.045963
-0.801892,51,99.069566
-0.716598,50,99.092801
-1.011095,51,99.118049
-0.845929,51,99.366588
-0.684447,51,99.392293
-0.822725,51,99.415991
-0.886201,51,99.441113
-0.871767,51,99.466227
-0.846453,51,99.490044
-0.965766,51,99.513792
-0.704445,51,99.539116
-0.78171,51,99.562745
-0.863793,51,99.586914
-0.910593,51,99.611785
-0.811492,51,99.635365
-0.794106,52,99.661918
-0.757041,51,99.686473
-0.846433,51,99.710247
-0.691981,51,99.734256
-0.849999,51,99.759475
-0.777969,50,99.782631
-0.95137,51,99.807524
-0.811776,52,99.832657
-0.755408,51,99.856355
-0.863817,51,99.879877
-0.730787,51,99.906741
-0.734617,51,99.931087
-0.771901,51,99.956672
-0.737046,51,99.982515
-0.78536,51,100.007177
-0.970841,51,100.032369
-0.761387,50,100.056544
-0.880636,51,100.081618
-0.71756,51,100.10586
-0.896833,51,100.129823
-0.967754,51,100.154999
-0.820918,51,100.180597
-0.776836,51,100.204582
-0.900981,51,100.229281
-0.85543,51,100.255195
-0.753055,51,100.279206
-0.853908,51,100.303225
-0.816818,52,100.329146
-0.76977,50,100.353639
-0.903488,51,100.605471
-0.782255,51,100.629266
-0.762936,51,100.654016
-0.781148,50,100.678218
-0.758067,50,100.7026
-0.850279,51,100.730202
-0.780263,51,100.756008
-0.746093,52,100.782502
-1.04506,51,100.808074
-0.77268,51,100.831769
-1.00871,51,100.857167
-0.917293,51,100.880826
-0.927072,51,100.906098
-0.866118,51,100.9299
-0.846771,50,100.955686
-0.811733,52,100.980203
-0.813376,50,101.005346
-0.912956,51,101.029791
-0.974021,51,101.055367
-0.805872,51,101.080813
-0.885247,51,101.104458
-1.031167,51,101.129736
-0.864995,51,101.154677
-0.770458,51,101.180479
-0.724695,51,101.204862
-0.775655,52,101.230759
-0.829435,52,101.2561
-0.716472,51,101.281503
-0.733232,52,101.307005
-0.814106,51,101.332163
-0.834,51,101.357463
-0.953351,52,101.383328
-1.027328,51,101.407877
-0.944806,51,101.431811
-0.818591,51,101.457323
-0.764428,51,101.481332
-1.031166,51,101.506425
-0.882838,51,101.530082
-0.780418,52,101.555412
-0.903028,51,101.580382
-0.796882,50,101.831999
-0.733083,51,101.857713
-0.821303,50,101.881915
-0.766429,51,101.905774
-0.765234,50,101.930801
-0.897565,52,101.956091
-0.854621,51,101.980488
-0.692721,50,102.005231
-0.829183,50,102.028406
-0.796377,50,102.054412
-0.713693,52,102.078899
-0.820155,51,102.104264
-0.840682,52,102.128513
-0.906253,51,102.154744
-0.870401,51,102.178614
-0.732324,50,102.203614
-0.663416,51,102.227228
-0.81205,52,102.253083
-0.8704,51,102.277911
-0.729777,51,102.302805
-0.837034,51,102.327157
-0.74629,51,102.352313
-0.689312,50,102.377193
-0.800608,52,102.403762
-0.754206,51,102.431051
-0.709852,52,102.458761
-0.868378,51,102.485237
-0.798013,50,102.510582
-0.781518,52,102.535567
-0.696997,51,102.561251
-1.043691,51,102.585674
-0.809589,51,102.609574
-0.707056,51,102.635188
-0.700915,51,102.660419
-0.874682,51,102.684367
-0.941998,51,102.709361
-0.935721,51,102.733618
-0.732472,50,102.757316
-0.915951,51,102.782687
-0.865822,51,102.806867
-0.839044,51,103.069931
-0.892129,52,103.096359
-0.666598,51,103.120194
-0.711683,51,103.145169
-0.866254,51,103.169662
-0.813935,51,103.193392
-0.86996,50,103.21829
-0.85253,51,103.242742
-0.770906,51,103.267352
-0.872064,51,103.291407
-0.747827,50,103.315654
-0.821019,51,103.339864
-0.770078,50,103.365181
-0.790875,50,103.388839
-0.841471,51,103.412581
-0.679166,51,103.438393
-0.822029,51,103.46295
-0.739611,51,103.486888
-0.873527,51,103.511959
-0.840417,51,103.536254
-0.700584,52,103.561677
-0.839401,52,103.586181
-1.024095,51,103.611706
-0.659344,51,103.637754
-0.978478,51,103.662695
-0.841502,51,103.688433
-0.814503,52,103.71289
-0.829378,50,103.737616
-0.738174,51,103.762464
-0.82562,51,103.787053
-0.887873,50,103.811027
-0.711149,51,103.835211
-0.754577,50,103.859968
-0.722662,51,103.884217
-0.760119,51,103.909257
-0.676506,51,103.93307
-0.806008,51,103.957902
-0.847778,51,103.981951
-0.730386,52,104.006238
-0.670785,50,104.029781
-0.842088,51,104.282322
-0.830819,51,104.307932
-0.758638,51,104.331663
-0.86209,51,104.355376
-0.883785,51,104.380115
-0.9145,51,104.404557
-0.756032,50,104.427731
-0.729326,51,104.452971
-0.786172,50,104.476091
-0.724785,52,104.500891
-0.793236,51,104.52475
-0.778298,50,104.549573
-0.866053,51,104.573725
-0.815746,51,104.599292
-0.769743,52,104.623749
-0.779572,51,104.648774
-0.794572,51,104.672992
-0.863459,52,104.698518
-0.719087,51,104.722264
-0.835903,51,104.747997
-0.923842,50,104.771828
-0.769566,52,104.796432
-0.870825,51,104.820104
-0.818805,52,104.846789
-0.82938,51,104.870646
-0.814995,51,104.895331
-0.773162,51,104.92026
-0.765807,51,104.945155
-0.662644,50,104.97068
-0.788169,50,104.995012
-0.823356,50,105.019012
-0.767569,52,105.043825
-0.83191,51,105.067681
-1.016787,51,105.092357
-0.779749,51,105.116391
-0.842412,51,105.14173
-0.813537,51,105.165941
-0.945622,51,105.19141
-0.771296,50,105.214902
-0.771953,51,105.239223
-0.701859,52,105.544987
-0.864117,51,105.572647
-0.85627,51,105.598373
-0.901223,51,105.624846
-0.740079,51,105.649101
-0.871115,50,105.673845
-0.714905,50,105.697064
-0.815279,52,105.722273
-0.839424,51,105.74668
-0.829745,51,105.770389
-0.777985,51,105.795811
-0.767572,51,105.819335
-0.774004,50,105.84328
-0.785028,51,105.867937
-0.881175,51,105.891485
-0.756975,52,105.916946
-0.744043,51,105.940879
-0.762387,52,105.965183
-0.887407,52,105.990781
-0.818259,51,106.014319
-0.793483,50,106.038461
-0.982074,51,106.062788
-0.727237,51,106.08635
-0.734253,52,106.112059
-0.811474,51,106.135799
-0.863537,51,106.159908
-0.732304,51,106.18483
-0.826802,51,106.208626
-0.789874,51,106.23367
-0.774989,51,106.258446
-0.732337,51,106.282618
-0.798981,51,106.308334
-0.703337,51,106.332083
-0.67982,51,106.355752
-0.933042,51,106.379492
-0.787302,51,106.404471
-0.926893,51,106.428564
-0.70479,51,106.453837
-0.984172,51,106.47738
-0.855939,50,106.500415
-0.867236,51,106.750695
-0.694229,51,106.775786
-0.735052,52,106.79999
-0.746203,51,106.824976
-0.760455,51,106.848957
-0.734672,52,106.874892
-0.85682,51,106.898308
-0.748497,51,106.922622
-0.757294,51,106.947308
-0.759706,51,106.970834
-0.779753,51,106.995671
-0.766973,51,107.019608
-0.684976,50,107.043031
-0.749878,51,107.068067
-0.974243,52,107.092128
-0.868942,51,107.116763
-0.725504,51,107.141027
-0.778413,50,107.165904
-0.716774,52,107.19173
-0.893354,51,107.217016
-0.809235,51,107.242218
-0.875752,51,107.265758
-0.955086,51,107.290048
-0.784324,52,107.315155
-0.767869,51,107.338909
-0.766605,52,107.36441
-0.812674,51,107.388398
-0.697514,51,107.412402
-0.770424,52,107.438471
-0.69495,50,107.462056
-0.77033,51,107.486969
-0.726539,51,107.511228
-0.860777,51,107.536026
-0.856579,51,107.559732
-0.73828,52,107.584097
-0.693742,51,107.60943
-0.713493,51,107.63302
-0.819687,51,107.657473
-0.743374,52,107.682497
-0.838771,51,107.705944
-0.922756,51,107.954578
-0.871276,51,107.978641
-0.734926,51,108.003991
-0.820477,51,108.027706
-0.816339,50,108.050788
-0.824735,51,108.075455
-0.737502,51,108.099681
-0.793402,50,108.122875
-0.82411,52,108.148612
-0.74434,51,108.172122
-0.669625,51,108.196428
-0.769997,52,108.221326
-0.71815,50,108.244266
-0.737557,51,108.269336
-0.84072,51,108.293614
-0.806527,50,108.318447
-0.839431,50,108.341529
-0.678268,51,108.365872
-0.825108,51,108.390118
-0.678234,52,108.414123
-0.816986,51,108.439346
-0.855597,51,108.462906
-0.741849,51,108.487033
-0.735776,51,108.511614
-0.806745,51,108.535073
-0.767497,50,108.559732
-0.925106,51,108.583539
-0.803689,51,108.607517
-0.797669,51,108.632625
-0.858519,51,108.656351
-0.739058,50,108.680859
-0.710208,51,108.705127
-0.783595,51,108.729394
-0.835038,51,108.753329
-0.704589,50,108.776561
-0.818281,51,108.801088
-0.747347,51,108.825609
-0.711532,51,108.849172
-0.808304,51,108.874324
-0.778089,51,108.897795
-0.832248,51,108.921801
-0.745126,52,109.170542
-0.707675,50,109.193822
-0.852714,51,109.218852
-0.757169,51,109.242775
-0.774372,51,109.266696
-0.694318,51,109.291764
-0.775196,52,109.315926
-0.792315,51,109.339455
-0.730019,51,109.364333
-0.828799,51,109.388488
-0.792084,51,109.412166
-0.637829,50,109.436811
-0.756342,51,109.460312
-0.910504,51,109.484773
-0.848379,50,109.508598
-0.711377,50,109.531614
-0.765798,51,109.556836
-0.805152,51,109.580342
-0.842146,50,109.604213
-0.742943,51,109.628739
-0.759525,51,109.652172
-0.732012,51,109.675793
-0.742871,51,109.700899
-0.750763,51,109.724375
-0.71168,51,109.748779
-0.751431,52,109.773722
-0.73885,51,109.797221
-0.744512,50,109.822007
-0.654092,51,109.845867
-0.803472,51,109.870044
-0.88432,51,109.895342
-0.842989,52,109.919988
-0.782144,50,109.944573
-0.815741,51,109.968745
-0.824424,51,109.99287
-0.726395,51,110.016778
-0.819073,51,110.040663
-0.690443,52,110.066022
-0.754531,51,110.08964
-0.785988,50,110.113974
-0.7448,51,110.363168
-0.68429,51,110.38698
-0.825369,51,110.410977
-0.733273,51,110.435987
-0.746987,51,110.459646
-0.820619,50,110.483947
-0.69868,51,110.508257
-0.804858,51,110.531695
-0.69351,51,110.556992
-0.736547,51,110.580541
-0.895242,51,110.604748
-0.737969,51,110.629272
-0.751251,51,110.652731
-0.673815,51,110.676231
-0.953944,51,110.701539
-0.7677,51,110.724929
-0.839035,51,110.749268
-0.888277,51,110.774859
-0.789595,52,110.799499
-0.780064,51,110.824643
-0.816409,51,110.848931
-0.746539,51,110.872817
-0.866783,51,110.896838
-0.730685,52,110.922493
-0.64632,51,110.946077
-0.755505,51,110.970965
-0.691156,51,110.995943
-0.903925,51,111.019622
-0.807968,51,111.045142
-0.737456,52,111.069864
-0.81947,51,111.094009
-0.870478,51,111.119715
-0.746364,50,111.143718
-0.772302,52,111.16915
-0.713136,51,111.194055
-0.769079,51,111.217919
-0.701977,51,111.241808
-0.691207,50,111.266768
-0.752697,51,111.290416
-0.81843,51,111.314852
-0.711938,51,111.563668
-0.779385,51,111.587733
-0.731597,51,111.612997
-0.720481,51,111.637094
-0.788569,51,111.661045
-0.666461,50,111.685891
-0.700601,50,111.709188
-0.796851,50,111.732423
-0.739819,51,111.757317
-0.942242,51,111.78128
-0.828622,51,111.805175
-0.76146,50,111.828759
-0.717617,50,111.853168
-0.803113,51,111.876927
-0.719542,52,111.902459
-0.773659,52,111.92721
-0.688396,51,111.950839
-0.836293,51,111.976264
-0.806028,51,111.999953
-0.750048,52,112.024139
-0.663945,52,112.049195
-0.744578,51,112.073648
-0.759175,51,112.097133
-0.743651,51,112.122406
-0.684373,51,112.145919
-0.645105,51,112.169674
-0.709489,51,112.194299
-0.747416,51,112.218809
-0.746636,51,112.242592
-0.830723,51,112.268111
-0.851506,51,112.292297
-0.8616,52,112.31734
-0.849561,51,112.341873
-0.775855,51,112.366199
-0.656022,50,112.390631
-0.700232,51,112.414526
-0.75709,50,112.437862
-0.819229,51,112.463404
-0.826199,51,112.487104
-0.694913,51,112.51152
-0.729869,52,112.761338
-0.745585,52,112.785799
-0.685342,50,112.810881
-0.773488,51,112.834601
-0.622464,50,112.859508
-0.676994,51,112.883101
-0.697913,51,112.907335
-0.822987,51,112.93215
-0.702956,50,112.955353
-0.945287,51,112.98038
-0.772221,51,113.004449
-0.913275,52,113.028728
-0.810039,52,113.053204
-0.686104,50,113.077638
-0.740895,51,113.102111
-0.854076,51,113.126641
-0.837338,51,113.150256
-0.743852,50,113.173487
-0.689252,51,113.198676
-0.769267,51,113.222319
-0.871375,52,113.247257
-0.861704,52,113.272256
-0.787002,51,113.295833
-0.848095,51,113.319388
-0.892992,52,113.34521
-0.695365,51,113.368633
-0.916025,51,113.39309
-0.843578,51,113.417927
-0.840032,51,113.441507
-0.786397,50,113.466303
-0.808418,50,113.490067
-0.904859,51,113.513977
-0.756112,51,113.539519
-0.845174,52,113.564155
-0.887063,52,113.588521
-0.735922,52,113.616792
-0.82267,51,113.641316
-0.782109,51,113.666158
-0.859922,51,113.690069
-0.754402,50,113.715053
-0.6472,50,113.963069
-0.726361,50,113.986584
-0.689121,51,114.011051
-0.746168,51,114.035796
-0.724547,51,114.05927
-0.909586,51,114.084281
-0.838937,51,114.108178
-0.756083,51,114.131644
-0.803863,51,114.155882
-0.801979,51,114.180505
-0.789212,52,114.204578
-0.731998,51,114.229408
-0.799705,52,114.253855
-0.712125,51,114.277539
-0.759962,50,114.302151
-0.78865,51,114.32567
-0.734253,51,114.349126
-0.731427,52,114.374492
-0.789034,51,114.398426
-0.839256,52,114.422544
-0.681194,51,114.447569
-0.871959,51,114.471111
-0.687983,51,114.495533
-0.704908,51,114.51937
-0.815384,51,114.543328
-0.866977,52,114.567351
-0.787114,51,114.592517
-0.703914,50,114.615798
-0.760233,51,114.640288
-0.777219,51,114.664855
-0.761661,52,114.689174
-0.648782,50,114.714119
-0.846883,51,114.737994
-0.727603,51,114.762544
-0.798273,52,114.788583
-0.697367,52,114.812905
-0.72854,50,114.837088
-0.853844,51,114.861419
-0.66808,51,114.885666
-0.704099,51,114.909331
-0.671389,52,115.157816
-0.809622,51,115.181976
-0.949606,51,115.206359
-0.779082,51,115.230326
-0.814265,51,115.25442
-0.772027,51,115.277957
-0.746098,51,115.303288
-0.704241,51,115.326923
-0.804578,50,115.350911
-0.871963,51,115.375401
-0.728907,51,115.398992
-0.729179,51,115.422525
-0.750538,50,115.447366
-0.798707,51,115.470855
-0.726565,51,115.495173
-0.822574,51,115.519603
-0.818037,51,115.543176
-0.85177,51,115.566889
-0.878223,51,115.592144
-0.813968,51,115.615725
-0.805908,51,115.640022
-0.803795,51,115.664421
-0.73396,51,115.687922
-0.756758,51,115.711462
-0.889449,51,115.736744
-0.750678,51,115.760307
-0.815609,51,115.784623
-0.750166,51,115.809337
-0.781357,51,115.833048
-0.87974,51,115.858339
-0.895565,51,115.882386
-0.87712,51,115.906148
-0.725082,51,115.930427
-0.659026,50,115.954935
-0.830429,51,115.979157
-0.71637,50,116.002563
-0.73915,51,116.02638
-0.789248,50,116.051404
-0.88859,51,116.075111
-0.706463,51,116.099478
-0.78293,51,116.124011
-0.769086,52,116.372162
-0.708739,51,116.397242
-0.899432,50,116.42067
-0.61343,51,116.444268
-0.753262,52,116.469062
-0.775172,51,116.494011
-0.695295,51,116.517556
-0.918861,51,116.542442
-0.858467,51,116.56655
-0.757831,50,116.589834
-0.813937,51,116.615045
-0.855217,50,116.63819
-0.841146,51,116.661773
-0.840199,50,116.686303
-0.818584,51,116.710444
-0.870549,51,116.73434
-0.818579,51,116.75935
-0.674312,51,116.783008
-0.855745,51,116.806584
-0.662902,51,116.831395
-0.937569,51,116.855336
-0.697492,51,116.879103
-0.67551,51,116.904129
-0.789488,50,116.927129
-0.71836,50,116.951371
-0.801115,52,116.975935
-0.737685,50,116.998947
-0.917903,51,117.022855
-0.773359,51,117.047859
-0.906404,51,117.071498
-0.665641,50,117.095975
-0.882578,52,117.12095
-0.921506,51,117.144708
-0.763235,50,117.169918
-0.882583,52,117.194809
-0.728456,52,117.219651
-0.702856,51,117.243803
-0.66448,51,117.268543
-0.769456,50,117.291858
-0.854665,50,117.316663
-0.755625,51,117.564495
-0.699746,51,117.588808
-0.829005,51,117.613916
-0.691002,52,117.638083
-0.691656,51,117.661633
-0.83221,51,117.686636
-0.856733,51,117.710536
-0.816558,52,117.734822
-0.792316,51,117.759866
-0.709258,51,117.783322
-0.774027,51,117.806761
-0.812394,50,117.831153
-0.716814,52,117.855648
-0.759093,51,117.879576
-0.738418,51,117.904551
-0.710857,51,117.928097
-0.773343,51,117.951725
-0.717827,51,117.977148
-0.731246,50,118.000125
-0.662731,51,118.023868
-0.756256,51,118.048797
-0.696129,51,118.072289
-0.672819,52,118.09733
-0.853387,50,118.121072
-0.827747,52,118.145121
-0.763583,51,118.168869
-0.83328,51,118.193653
-0.656843,51,118.217371
-0.804592,51,118.24194
-0.820696,51,118.266108
-0.781982,51,118.289948
-0.755908,51,118.315538
-0.74122,51,118.339317
-0.673349,51,118.363598
-0.668755,52,118.389309
-0.694324,51,118.413401
-0.733731,51,118.438378
-0.669651,51,118.462755
-0.813787,50,118.486151
-0.734105,51,118.510132
-0.844607,51,118.759159
-0.735616,52,118.78362
-0.755973,51,118.808462
-0.667742,50,118.832427
-0.673338,51,118.856093
-0.882858,51,118.880267
-0.673289,51,118.905317
-0.752256,51,118.928873
-0.78785,51,118.953459
-0.661736,52,118.978452
-0.731038,52,119.002922
-0.850721,51,119.028016
-0.828076,51,119.05186
-0.811994,51,119.075467
-0.795482,50,119.099388
-0.746903,51,119.123967
-0.728794,51,119.147514
-0.702155,51,119.171115
-0.797959,51,119.196532
-0.748571,51,119.220067
-0.760177,51,119.244349
-0.790657,50,119.268518
-0.769314,52,119.292612
-0.780575,51,119.317663
-0.732778,51,119.34137
-0.730489,51,119.364988
-0.73418,50,119.388656
-0.778288,51,119.413243
-0.774116,50,119.436456
-0.789929,51,119.461466
-0.734905,51,119.485426
-0.657251,50,119.509298
-0.843584,51,119.533253
-0.660144,51,119.557906
-0.778725,52,119.581946
-0.815278,50,119.60562
-0.794697,51,119.631293
-0.796222,51,119.655132
-0.692258,51,119.678838
-0.800791,51,119.703386
-0.699212,51,119.951978
-0.720662,51,119.976615
-0.862402,50,119.999908
-0.777355,51,120.025225
-0.727771,51,120.048839
-0.808007,51,120.072357
-0.713077,51,120.096996
-0.769645,51,120.121231
-0.722249,51,120.144688
-0.838032,51,120.17003
-0.763519,52,120.193956
-0.779857,51,120.217453
-0.794838,51,120.241899
-0.69512,51,120.266185
-0.983621,51,120.289754
-0.908958,51,120.313395
-0.782443,51,120.33845
-0.905192,51,120.361881
-0.680814,51,120.386379
-0.657014,51,120.410621
-0.789546,52,120.434623
-0.706311,51,120.459643
-0.83944,51,120.483223
-0.871184,51,120.506644
-0.87963,51,120.530872
-0.888564,50,120.554775
-0.761124,51,120.578187
-0.893787,51,120.601705
-0.870011,51,120.626626
-0.68854,51,120.65017
-0.880641,51,120.674574
-0.614828,51,120.699053
-0.78587,51,120.722797
-0.767115,50,120.746326
-0.68848,51,120.771557
-0.885664,51,120.79528
-1.001629,51,120.819264
-0.658878,51,120.843149
-0.890275,51,120.867139
-0.797073,51,120.892837
-0.868699,51,121.140491
-0.737172,52,121.165286
-0.786754,51,121.19024
-0.748427,51,121.216029
-0.749266,51,121.240619
-0.818552,51,121.264226
-0.865419,51,121.28947
-0.704266,50,121.312831
-0.751834,51,121.336987
-0.706353,51,121.360906
-0.789266,51,121.385498
-0.781463,51,121.40903
-0.863307,51,121.43423
-0.703974,52,121.458525
-0.647073,51,121.482534
-0.74753,52,121.506932
-0.720663,51,121.531511
-0.833305,51,121.555095
-0.900985,51,121.580264
-0.715858,50,121.603737
-0.706497,51,121.679966
-0.761363,51,121.707019
-0.918215,51,121.732977
-0.669975,50,121.760088
-0.803419,51,121.787446
-0.718263,51,121.811852
-0.725216,51,121.835797
-0.729771,51,121.86117
-0.77437,52,121.885477
-0.78212,51,121.909898
-0.762764,51,121.934452
-0.744703,52,121.958761
-0.718784,52,121.984342
-0.75239,51,122.008428
-0.739323,51,122.032238
-0.642771,52,122.056902
-0.775219,51,122.08128
-0.805009,50,122.105256
-0.681895,50,122.129403
-0.687495,52,122.153755
-0.770432,51,122.17905
-0.802962,51,122.427005
-0.916121,51,122.451088
-0.785085,51,122.476099
-0.728615,51,122.499652
-0.784876,51,122.523191
-0.705086,52,122.548769
-0.775672,51,122.572733
-0.674669,51,122.596536
-0.691063,51,122.62173
-0.786807,52,122.64579
-0.787879,51,122.67006
-0.701869,52,122.694333
-0.965882,51,122.71832
-0.780484,52,122.742352
-0.745381,51,122.767674
-0.714398,51,122.791126
-0.788207,52,122.815902
-0.772006,51,122.83974
-0.894487,51,122.863999
-0.765149,50,122.887081
-0.70254,51,122.912224
-0.666641,51,122.935674
-0.825515,52,122.960262
-0.715645,50,122.984286
-0.845514,51,123.007783
-0.825813,51,123.031219
-0.825324,51,123.056487
-0.73077,51,123.079864
-0.784137,51,123.103987
-0.757376,51,123.128668
-0.622204,52,123.152596
-0.73854,51,123.177731
-0.854136,51,123.201824
-0.874167,51,123.225919
-0.85873,52,123.25156
-0.705195,50,123.274977
-0.846698,51,123.299994
-0.886341,51,123.322959
-0.714048,51,123.348238
-0.819605,51,123.37214
-0.675597,50,123.619822
-0.737279,52,123.644294
-0.681435,52,123.669747
-0.711988,52,123.693817
-0.821915,51,123.718591
-0.873349,52,123.742999
-0.837758,51,123.766725
-0.815085,50,123.790243
-0.687256,51,123.815038
-0.940426,51,123.838544
-0.730924,51,123.863369
-0.871784,51,123.887433
-0.73331,51,123.911261
-0.702608,50,123.93471
-0.682525,52,123.959952
-0.723081,50,123.98299
-0.820502,50,124.007329
-0.85366,51,124.031041
-0.685071,51,124.054795
-0.723819,52,124.07907
-0.671901,51,124.103734
-0.839134,51,124.127195
-0.798914,51,124.151954
-0.743054,50,124.175508
-0.7127,50,124.19881
-0.899841,51,124.223907
-0.709162,51,124.247506
-0.692005,51,124.270993
-0.597173,51,124.295779
-0.802966,51,124.319652
-0.68041,51,124.343554
-0.880377,51,124.368417
-0.767233,51,124.39232
-0.73522,51,124.417082
-0.826365,51,124.441082
-0.758187,51,124.465161
-0.684254,51,124.489196
-0.842493,51,124.513644
-0.649006,51,124.538825
-0.666455,51,124.562737
-0.892749,51,124.812455
-0.583607,51,124.837576
-0.836304,51,124.862055
-0.705369,51,124.885684
-0.868829,51,124.909886
-0.80364,50,124.934518
-0.782593,51,124.958094
-0.738961,51,124.982657
-0.760882,50,125.006764
-0.781634,51,125.030461
-0.734885,50,125.055429
-0.691326,51,125.079077
-0.771604,50,125.102212
-0.730849,51,125.126852
-0.870527,51,125.151204
-0.67001,50,125.174304
-0.681822,50,125.199135
-0.919751,51,125.222682
-0.682,52,125.246638
-0.724576,50,125.270668
-0.750474,51,125.294926
-0.707082,51,125.318412
-0.687478,50,125.343154
-0.740566,51,125.366669
-0.778004,51,125.390197
-0.664398,51,125.414743
-0.851942,50,125.438493
-0.742298,51,125.462011
-0.891381,51,125.487241
-0.910893,52,125.51101
-0.882257,52,125.535118
-0.746223,51,125.559632
-0.919982,51,125.584169
-0.885465,51,125.608087
-0.720348,51,125.633391
-0.711897,52,125.657772
-0.710887,51,125.681278
-0.727791,51,125.706081
-0.764202,51,125.730316
-0.852232,51,125.754396
-0.816732,51,126.003669
-0.896945,51,126.02905
-0.955826,51,126.053006
-0.782686,51,126.076763
-0.692222,51,126.10108
-0.77525,51,126.125721
-0.691201,51,126.14924
-0.851065,51,126.17271
-0.835263,50,126.197504
-0.646022,51,126.220996
-0.715429,51,126.245189
-0.701834,51,126.26893
-0.839034,51,126.293077
-0.707145,51,126.316614
-0.893112,51,126.341868
-0.769409,51,126.365303
-0.748767,51,126.388845
-0.936539,51,126.413528
-0.728451,51,126.437607
-0.903169,51,126.461199
-0.738534,51,126.486516
-0.655222,52,126.510558
-0.800663,51,126.534817
-0.702552,51,126.558665
-0.755813,52,126.583465
-0.935399,51,126.60695
-0.886862,52,126.632731
-0.884294,52,126.656674
-0.852397,51,126.680088
-0.912754,51,126.704445
-0.747113,52,126.729233
-0.851929,51,126.752817
-0.719818,51,126.777808
-0.71505,51,126.801777
-0.678577,50,126.825389
-0.655171,51,126.850261
-0.717345,51,126.873968
-0.813686,51,126.897537
-0.78557,51,126.923446
-0.656006,51,126.946128
-0.790648,51,127.195907
-0.701979,51,127.221308
-0.71176,51,127.244972
-0.778095,51,127.268601
-0.692747,51,127.29346
-0.701204,50,127.317113
-0.741541,51,127.340881
-0.824532,51,127.364724
-0.666796,51,127.389498
-0.662317,52,127.413555
-0.721506,50,127.437949
-0.684942,51,127.461718
-0.758179,51,127.485215
-0.961205,51,127.509418
-0.577898,51,127.534016
-0.783566,52,127.558016
-0.969756,52,127.581944
-0.764545,51,127.606958
-0.80756,50,127.630124
-0.758159,50,127.653927
-0.730524,50,127.678049
-0.73021,51,127.701489
-0.69459,51,127.725007
-0.863148,51,127.750199
-0.678127,50,127.773216
-0.84381,51,127.797608
-0.71354,51,127.82137
-0.799504,52,127.845872
-0.757722,51,127.869421
-0.806902,51,127.894612
-0.650351,51,127.918216
-0.711026,51,127.942417
-0.748258,51,127.966285
-0.833272,51,127.990325
-1.042617,51,128.014106
-0.745395,51,128.039551
-0.726429,51,128.063254
-0.773977,51,128.087084
-0.78338,51,128.11196
-0.773677,51,128.136471
-0.776004,52,128.385652
-0.838821,51,128.411181
-0.823985,50,128.434782
-0.957738,51,128.458483
-0.720836,50,128.482492
-0.811565,51,128.507164
-0.72536,51,128.53086
-0.803344,52,128.556546
-0.737585,51,128.580495
-0.766276,52,128.60466
-0.707451,51,128.628754
-0.846175,52,128.65402
-0.716741,52,128.678064
-0.723029,51,128.701567
-0.773625,51,128.726685
-0.840494,51,128.750387
-0.745318,51,128.774432
-0.832934,51,128.798457
-0.703537,52,128.823574
-0.663995,52,128.847708
-0.735812,51,128.872604
-0.735019,51,128.896324
-0.683735,51,128.920099
-0.805505,51,128.944217
-0.729129,51,128.968949
-0.733718,51,128.99257
-0.619843,51,129.016076
-0.780074,50,129.040943
-0.840068,51,129.064485
-0.839373,51,129.088646
-0.678948,51,129.112545
-0.716107,51,129.136664
-0.830846,51,129.160254
-0.787551,51,129.18574
-0.72169,51,129.209297
-0.694038,52,129.234301
-0.77574,51,129.259358
-0.734793,51,129.283133
-0.817763,51,129.306701
-0.71673,51,129.332319
-0.637762,51,129.581607
-0.710384,50,129.606757
-0.768344,50,129.630019
-0.823394,51,129.653735
-0.750569,51,129.678292
-0.751114,51,129.702624
-0.77379,52,129.72669
-0.771892,52,129.752435
-0.677119,51,129.776317
-0.76545,51,129.799837
-0.721806,50,129.823687
-0.746081,51,129.848232
-0.711871,51,129.871727
-0.746178,50,129.89484
-0.725402,52,129.920668
-0.775115,51,129.944305
-0.805313,50,129.968083
-0.885958,51,129.991885
-0.743075,52,130.016654
-0.714901,51,130.040236
-0.795466,51,130.065338
-0.693833,51,130.088809
-0.781383,51,130.112294
-0.86947,51,130.136905
-0.709644,51,130.161038
-0.746669,51,130.184446
-0.791207,51,130.208224
-0.705325,50,130.232785
-0.708145,52,130.256844
-0.720702,51,130.281475
-0.743247,51,130.305641
-0.79904,51,130.329147
-0.989,51,130.352849
-0.713745,51,130.377931
-0.701731,51,130.401316
-0.713819,50,130.425872
-0.668044,51,130.450266
-0.734061,50,130.473657
-0.865683,51,130.499243
-0.711913,51,130.522842
-0.849343,51,130.54761
-0.666009,50,130.800334
-0.823957,51,130.824267
-0.669116,51,130.848916
-0.770507,51,130.872909
-0.749477,51,130.897258
-0.782085,52,130.921552
-0.716427,50,130.945109
-0.666984,51,130.970406
-0.64552,50,130.99359
-0.727186,52,131.018829
-0.715556,50,131.042271
-0.772634,51,131.06634
-0.852808,51,131.090085
-0.658332,51,131.115205
-0.759243,52,131.139402
-0.753308,50,131.162569
-0.754773,50,131.187003
-0.770307,51,131.211126
-0.807701,51,131.234986
-0.943322,51,131.258986
-0.775704,51,131.283944
-0.811899,51,131.30755
-0.696188,52,131.332826
-0.750997,51,131.356726
-0.694713,50,131.38028
-0.833137,52,131.404922
-0.753896,51,131.430086
-0.773238,51,131.453614
-0.918413,51,131.477286
-0.750036,51,131.502209
-0.7517,51,131.52609
-0.728617,51,131.54983
-0.789868,51,131.573932
-0.706951,50,131.598331
-0.904437,51,131.62208
-0.729208,50,131.646846
-0.793239,51,131.671025
-0.72923,51,131.69488
-0.856312,51,131.718725
-0.730068,52,131.743193
-0.735578,50,131.996011
-0.70116,51,132.020286
-0.795851,51,132.045437
-0.761253,51,132.069388
-0.74086,50,132.092673
-0.722932,52,132.118496
-0.721828,51,132.142505
-0.724367,51,132.166225
-0.736085,51,132.190563
-0.708762,52,132.215873
-0.708968,50,132.239136
-0.7574,51,132.262788
-0.702148,51,132.287993
-0.732937,51,132.311912
-0.874274,51,132.336028
-0.735981,50,132.35964
-0.809949,51,132.384132
-0.750135,51,132.407809
-0.686062,51,132.431418
-0.741604,50,132.456284
-0.782642,51,132.479993
-0.740992,50,132.504097
-0.6277,51,132.528633
-0.65578,51,132.552348
-0.723894,51,132.575976
-1.109889,51,132.601397
-0.832685,51,132.625106
-0.922417,51,132.648807
-0.622256,51,132.673541
-0.779879,51,132.697803
-0.703488,52,132.722029
-0.809552,51,132.747432
-0.84175,52,132.771508
-0.661828,51,132.79519
-0.695568,50,132.819168
-0.680812,51,132.844043
-0.805559,51,132.867931
-0.852114,51,132.891784
-0.809081,51,132.917353
-0.720828,51,132.94107
-0.674565,52,133.196556
-0.693853,51,133.220898
-0.701466,51,133.24505
-0.782136,52,133.270981
-0.809201,51,133.294764
-0.653176,51,133.318533
-0.693125,52,133.343935
-0.681371,50,133.367465
-0.855759,51,133.391434
-0.645554,51,133.415432
-0.834613,51,133.440645
-0.680583,51,133.464245
-0.782945,51,133.488989
-0.777262,52,133.513424
-0.662196,51,133.537638
-0.768538,51,133.561397
-0.797866,51,133.586601
-0.74887,51,133.610273
-0.765352,52,133.634453
-0.699025,51,133.659325
-0.652212,51,133.683084
-0.908512,51,133.707009
-0.699059,51,133.730932
-0.792237,50,133.755505
-0.735044,51,133.779163
-0.750087,52,133.803416
-0.80057,52,133.829013
-0.992428,52,133.853726
-0.749567,51,133.877586
-0.781419,51,133.901543
-0.78156,51,133.926505
-0.87836,51,133.950269
-0.721818,52,133.975345
-0.797557,50,133.999207
-0.807159,51,134.022772
-0.817708,51,134.046987
-0.781754,51,134.072383
-0.700977,51,134.096293
-0.791404,51,134.121163
-0.721386,50,134.145464
-0.716848,51,134.39651
-0.842979,51,134.420673
-0.715145,51,134.445934
-0.785201,51,134.470001
-0.670136,51,134.493649
-0.747763,51,134.518015
-0.699436,51,134.54281
-0.735316,51,134.566454
-0.738524,51,134.590125
-0.798817,51,134.615392
-0.866443,51,134.639126
-0.733947,52,134.663813
-0.704952,51,134.687834
-0.809805,50,134.712052
-0.840283,52,134.736299
-0.719669,51,134.761416
-0.722013,51,134.78541
-0.784035,51,134.809054
-0.705637,51,134.833425
-0.638229,51,134.857301
-0.767343,51,134.881656
-0.794224,51,134.90523
-0.798889,51,134.930517
-0.671583,51,134.954182
-0.667179,51,134.977791
-0.822383,51,135.002276
-0.794479,51,135.026795
-0.761304,51,135.050467
-0.828037,51,135.075693
-0.752626,52,135.09987
-0.772844,50,135.123094
-0.786646,51,135.147594
-0.822338,52,135.17181
-0.714714,51,135.195967
-0.772203,51,135.219557
-0.604827,51,135.245113
-0.811637,51,135.269121
-0.806679,50,135.293333
-0.80961,51,135.318483
-0.710054,51,135.342408
-0.698279,51,135.596034
-0.737158,51,135.621246
-0.705635,52,135.645642
-0.608538,51,135.66956
-0.722075,50,135.694541
-0.84683,51,135.718425
-0.747973,51,135.742193
-0.805843,50,135.766064
-0.696045,50,135.790238
-1.035831,51,135.813888
-0.718804,51,135.837469
-0.793042,52,135.863305
-0.653267,51,135.886953
-0.760053,50,135.910053
-0.752053,51,135.934721
-0.729641,52,135.959576
-0.9685,51,135.983179
-0.750539,51,136.006996
-0.739171,52,136.032472
-0.790805,50,136.055554
-0.696185,51,136.079221
-0.625417,51,136.104213
-0.852928,52,136.128724
-0.845687,52,136.152922
-0.846306,51,136.17818
-0.834697,51,136.201729
-0.751416,51,136.225272
-0.711525,52,136.250523
-0.702409,51,136.275927
-0.763882,51,136.300127
-0.664108,50,136.32689
-0.733727,51,136.352434
-0.723552,51,136.376597
-0.680604,51,136.400258
-0.769389,51,136.424445
-0.861845,52,136.449144
-0.665472,52,136.474713
-0.801784,51,136.49872
-0.711938,51,136.524052
-0.770452,51,136.548413
-0.827675,51,136.80354
-0.975889,51,136.828773
-0.714328,52,136.853329
-0.774576,50,136.877132
-0.665469,51,136.900887
-0.94749,51,136.926096
-0.74874,51,136.949708
-0.601,51,136.974223
-0.74398,51,136.998259
-0.785361,51,137.022422
-0.797061,52,137.046738
-0.668883,51,137.072219
-0.882309,51,137.095929
-0.716693,51,137.119519
-0.69851,51,137.144202
-0.679353,51,137.168111
-0.756025,52,137.192388
-0.693091,51,137.21623
-0.767689,51,137.240103
-0.692159,51,137.264575
-0.793617,51,137.288113
-0.71794,50,137.312755
-0.859227,51,137.336712
-0.773177,52,137.360788
-0.863837,51,137.385051
-0.712803,51,137.408924
-0.762401,51,137.43328
-0.867332,51,137.456873
-0.817522,51,137.482144
-0.822414,51,137.505697
-0.770075,51,137.529188
-0.758138,50,137.553152
-0.722234,51,137.577521
-0.809988,51,137.600998
-0.714853,50,137.624379
-0.844907,52,137.649859
-0.727265,52,137.674284
-0.918871,51,137.699018
-0.732801,51,137.723763
-0.724124,52,137.748252
-0.666261,52,138.068874
-0.968392,51,138.093441
-0.745338,51,138.118558
-0.673766,51,138.142404
-0.661824,50,138.167068
-0.785594,52,138.191963
-0.751713,51,138.215607
-0.72877,51,138.240839
-0.69419,51,138.264713
-0.733978,51,138.288388
-0.695283,50,138.312499
-0.776053,51,138.336476
-0.805884,51,138.360729
-0.705521,50,138.384026
-0.690318,51,138.409346
-0.728984,51,138.433093
-0.794725,51,138.456782
-0.726147,51,138.481301
-0.891324,51,138.5057
-0.694418,51,138.529385
-0.702558,50,138.554166
-0.708753,51,138.577766
-0.731182,51,138.6014
-0.687094,50,138.625806
-0.668722,50,138.649368
-0.655982,50,138.672906
-0.801169,51,138.696922
-0.750599,51,138.72195
-0.782352,52,138.746108
-0.75363,51,138.76971
-0.73626,51,138.794469
-0.684524,51,138.818425
-0.786006,51,138.842225
-0.799127,51,138.86745
-0.895098,51,138.890818
-0.749352,52,138.914896
-0.765967,51,138.940036
-0.808023,52,138.964988
-0.768197,51,138.988957
-0.868831,51,139.014528
-0.655848,51,139.038405
-0.816963,51,139.294711
-0.723068,51,139.319127
-0.721461,51,139.343052
-0.73296,51,139.368528
-0.662166,50,139.391759
-0.611666,52,139.41597
-0.627694,50,139.440413
-0.683789,51,139.464671
-0.680774,50,139.487948
-0.651752,51,139.511789
-0.677423,51,139.536887
-0.805012,51,139.560485
-0.988608,52,139.584684
-0.697073,50,139.609264
-0.636954,51,139.633161
-0.724677,51,139.657094
-0.749269,51,139.680985
-0.781232,50,139.705257
-0.771556,52,139.729363
-0.870177,52,139.75478
-0.659409,51,139.778728
-0.759372,50,139.801869
-0.74535,51,139.826194
-0.752681,52,139.851458
-0.719189,51,139.875101
-0.810739,51,139.898747
-0.869814,52,139.92442
-0.860669,51,139.948326
-0.747844,51,139.971865
-0.677759,51,139.996202
-0.861989,51,140.020655
-0.870678,52,140.044702
-0.778972,51,140.068253
-0.825461,51,140.093453
-0.850297,51,140.117096
-0.732457,50,140.140937
-0.78549,51,140.165819
-0.730851,51,140.18967
-0.827711,51,140.213515
-0.736392,51,140.239081
-0.797479,51,140.495664
-0.671846,51,140.520634
-0.729068,51,140.544267
-0.614079,51,140.567881
-0.637983,51,140.593411
-0.7725,51,140.617002
-0.837778,51,140.640551
-0.741331,51,140.665065
-0.727827,51,140.689443
-0.736141,51,140.713044
-0.710441,50,140.736249
-0.691108,51,140.761327
-0.693647,51,140.784847
-0.7346,51,140.809331
-0.762592,51,140.833249
-0.6565,50,140.856777
-0.64501,51,140.880621
-0.673997,51,140.9056
-0.783679,51,140.929036
-0.662694,51,140.952468
-0.682912,51,140.977447
-0.665479,52,141.001681
-0.874141,51,141.02534
-0.82834,51,141.049528
-0.666969,51,141.074204
-0.613262,51,141.097753
-0.872879,51,141.123079
-0.822344,51,141.147088
-0.847846,51,141.172338
-0.978848,51,141.197646
-0.760035,50,141.222604
-0.802779,51,141.247862
-0.73755,51,141.273068
-0.71974,50,141.297681
-0.711946,51,141.321259
-0.730819,50,141.345477
-0.725106,52,141.370484
-0.717034,51,141.39436
-0.956832,51,141.418442
-0.657176,51,141.443655
-0.77829,51,141.695539
-0.809076,51,141.719507
-0.764023,51,141.744044
-0.794625,51,141.76884
-0.81903,50,141.793971
-0.639919,50,141.817192
-0.675231,52,141.843038
-0.796149,51,141.867012
-0.790934,51,141.890651
-0.777145,51,141.915011
-0.760014,52,141.940167
-0.806867,51,141.96388
-0.911188,51,141.987632
-0.654831,52,142.013441
-0.700544,50,142.036901
-0.829517,51,142.060895
-0.677242,51,142.084888
-0.644071,51,142.109617
-0.756982,50,142.132685
-0.697607,50,142.157256
-0.666421,51,142.181
-0.749611,51,142.204588
-0.628266,52,142.229461
-0.867051,51,142.253367
-0.739852,50,142.277149
-0.712415,51,142.300741
-0.786404,51,142.326103
-0.689222,51,142.349823
-0.675117,50,142.372989
-0.748947,51,142.397759
-0.764862,51,142.421649
-0.838883,51,142.445594
-0.699802,51,142.469493
-0.762956,51,142.494375
-0.625565,50,142.517641
-0.853105,51,142.542377
-0.751893,52,142.566985
-0.739925,50,142.590832
-0.876082,51,142.615018
-0.659742,50,142.639992
-0.699627,51,142.89478
-0.941531,51,142.919151
-0.759712,52,142.943544
-0.801212,51,142.967807
-0.725363,51,142.992651
-0.766696,50,143.01586
-0.74603,52,143.040103
-0.672201,51,143.065289
-0.772386,51,143.089154
-0.821024,51,143.113127
-0.839815,51,143.136985
-0.782788,51,143.161658
-0.719085,51,143.185213
-0.811827,51,143.208704
-0.689062,50,143.233662
-0.770166,51,143.257311
-0.726609,51,143.280907
-0.936215,51,143.305633
-0.642913,50,143.329512
-0.709368,51,143.353076
-0.654086,51,143.37698
-0.840678,51,143.402105
-0.743454,51,143.425655
-0.808143,51,143.449173
-0.659819,51,143.474146
-0.639369,51,143.498239
-0.928548,51,143.522002
-0.871363,51,143.545867
-0.772581,52,143.571217
-0.849529,52,143.595394
-0.78332,51,143.620675
-0.656425,51,143.64421
-0.752576,51,143.667862
-0.7116,51,143.692926
-0.708076,51,143.716583
-0.771492,51,143.741035
-0.733914,51,143.765762
-0.872222,51,143.789717
-0.676746,51,143.813572
-0.64477,52,143.839653
-0.865576,51,144.092304
-0.83789,51,144.116559
-0.759355,51,144.142008
-0.693399,51,144.165879
-0.730122,50,144.189141
-0.885085,51,144.213611
-0.634393,51,144.237582
-0.719339,51,144.261838
-0.785423,51,144.285434
-0.73595,51,144.310819
-0.752697,52,144.335022
-0.674368,50,144.358181
-0.750352,51,144.382703
-0.652089,51,144.406957
-0.66383,51,144.430585
-0.793066,51,144.454379
-0.727244,51,144.479494
-0.851285,51,144.503144
-0.703002,51,144.527579
-0.71534,51,144.551495
-0.690664,50,144.575117
-0.704089,52,144.599361
-0.732249,51,144.624664
-0.7822,52,144.648715
-0.717762,51,144.672226
-0.779269,51,144.696951
-0.676666,50,144.720426
-0.811935,51,144.744247
-0.787642,52,144.768695
-0.778263,51,144.793788
-0.692394,51,144.817377
-0.823421,50,144.840478
-0.74814,51,144.865431
-0.795457,50,144.888727
-0.738222,50,144.911777
-0.717138,51,144.936228
-0.816282,51,144.960782
-0.64391,50,144.984249
-0.744177,50,145.009182
-0.809506,51,145.033294
-0.773216,52,145.057692
-0.778655,50,145.310984
-0.705923,50,145.334663
-0.728232,52,145.35954
-0.742812,52,145.385044
-0.659198,51,145.408798
-0.728257,51,145.43249
-0.763567,51,145.457658
-0.790433,51,145.481525
-0.75876,52,145.505724
-0.801132,52,145.530441
-0.811376,50,145.553969
-0.721434,50,145.578639
-0.646335,51,145.603084
-0.847085,51,145.626962
-0.693766,50,145.652125
-0.774406,52,145.676476
-0.796192,51,145.700227
-0.889921,51,145.724934
-0.733172,51,145.748918
-0.766931,51,145.773231
-0.759257,50,145.796602
-0.71482,51,145.820652
-0.791388,51,145.845634
-0.727557,51,145.86919
-0.705345,51,145.893937
-0.708558,51,145.917939
-0.792348,51,145.941881
-0.765986,51,145.965967
-0.908448,51,145.989949
-0.669381,51,146.014738
-0.8845,51,146.038297
-0.751951,51,146.061963
-0.861653,51,146.087181
-0.779766,51,146.110948
-0.772536,50,146.134828
-0.613864,51,146.159625
-0.626324,50,146.183118
-0.902566,52,146.20774
-0.666331,51,146.233055
-0.757181,51,146.257279
-0.72244,51,146.515232
-0.725911,52,146.540802
-0.664905,51,146.565047
-0.859466,51,146.589491
-0.796941,50,146.612815
-0.666478,52,146.637428
-0.660551,50,146.662222
-0.780433,51,146.685962
-0.730321,52,146.710166
-0.845928,51,146.735078
-0.751902,51,146.759346
-0.932294,51,146.783133
-0.848197,51,146.807148
-0.736997,51,146.832213
-0.762875,51,146.855879
-0.812311,51,146.879518
-0.786304,51,146.904782
-0.766607,50,146.92829
-0.71851,51,146.952023
-0.762218,51,146.976313
-0.718478,52,147.001637
-0.800223,51,147.025329
-0.872697,51,147.048827
-0.666278,51,147.074161
-0.682654,51,147.097985
-0.765653,51,147.123222
-0.709829,50,147.146713
-0.812528,51,147.17138
-0.818812,51,147.195338
-0.776911,51,147.21937
-0.744371,50,147.242831
-0.843299,52,147.267372
-0.80535,51,147.29123
-0.66019,50,147.315272
-0.750598,51,147.339029
-0.683958,50,147.363656
-0.66013,50,147.387378
-0.670745,51,147.411161
-0.802768,50,147.435232
-0.686175,50,147.459774
-0.696963,50,147.712647
-0.769141,52,147.737152
-0.743005,51,147.761015
-0.78851,51,147.78595
-0.719631,51,147.809901
-0.76435,50,147.833213
-0.983347,51,147.857419
-0.736829,51,147.88213
-0.649396,50,147.905253
-0.68545,51,147.928834
-0.95662,51,147.954231
-0.690947,52,147.978556
-0.746018,52,148.002993
-0.697355,51,148.026957
-0.668595,50,148.051144
-0.77099,51,148.07472
-0.84854,51,148.098321
-0.694357,52,148.124165
-0.679099,50,148.147222
-0.695902,51,148.171449
-0.878876,51,148.196164
-0.783291,51,148.219787
-0.753316,51,148.243422
-0.727626,52,148.269203
-0.674537,51,148.292866
-0.741555,51,148.316518
-0.648686,51,148.340848
-0.741537,51,148.3647
-0.787067,51,148.38879
-0.69021,51,148.412368
-0.853007,51,148.437477
-0.787366,52,148.461491
-0.712676,52,148.485611
-0.89784,51,148.510027
-0.659492,51,148.534197
-0.685665,51,148.557675
-0.717953,51,148.583006
-0.628022,51,148.606939
-0.6907,52,148.631343
-0.756186,51,148.656168
-0.865354,51,148.908432
-0.715482,51,148.93289
-0.747364,51,148.957807
-0.70826,51,148.981593
-0.67819,51,149.005227
-0.786837,51,149.03082
-0.795821,51,149.054454
-0.837731,51,149.078787
-0.627001,51,149.1027
-0.830902,51,149.12723
-0.753763,51,149.150924
-0.711643,52,149.175014
-0.615082,51,149.200251
-0.819527,51,149.223722
-0.832626,51,149.247271
-0.820851,51,149.27181
-0.641528,51,149.296084
-0.770376,51,149.319725
-0.678816,50,149.343158
-0.721989,51,149.368188
-0.691554,52,149.39233
-0.691168,50,149.416567
-0.77791,51,149.44051
-0.709931,52,149.464995
-0.641207,50,149.488255
-0.814205,51,149.51338
-0.688518,52,149.537455
-0.780768,51,149.560877
-0.764532,51,149.585577
-0.884164,51,149.609375
-0.69158,50,149.632661
-0.857091,51,149.656622
-0.71639,52,149.681836
-0.872589,51,149.705305
-0.695542,51,149.728562
-0.781553,51,149.753818
-0.861934,51,149.777464
-0.784791,51,149.803331
-0.739415,51,149.828639
-0.710582,50,149.852333
-0.636215,51,150.105689
-0.69821,52,150.130662
-0.977625,51,150.155849
-0.751473,50,150.179116
-0.875394,51,150.202789
-0.703517,51,150.227961
-0.899436,51,150.251853
-0.985033,51,150.275554
-0.738849,52,150.300269
-0.713159,51,150.325085
-0.666297,51,150.348716
-0.809442,51,150.3723
-0.76019,52,150.397751
-0.818314,51,150.421412
-0.667009,51,150.444891
-0.692034,51,150.469244
-0.733178,51,150.493753
-0.748581,52,150.517729
-0.760927,51,150.541234
-0.660743,52,150.567111
-0.683224,50,150.590152
-0.714443,50,150.614004
-0.829628,51,150.637773
-0.780059,51,150.661878
-0.810955,51,150.685475
-0.734857,51,150.709264
-0.693676,51,150.734164
-0.659966,51,150.757681
-0.664287,50,150.780687
-0.732536,51,150.805802
-0.710128,51,150.829418
-0.72271,51,150.856624
-0.700727,51,150.880561
-0.78678,51,150.904968
-0.745059,51,150.928904
-0.765807,51,150.953689
-0.724147,51,150.977372
-0.781902,52,151.001901
-0.684802,50,151.027277
-0.901325,51,151.051262
-0.751027,52,151.314476
-0.588361,51,151.339349
-0.64279,50,151.364332
-0.803752,51,151.388355
-0.736681,52,151.412768
-0.765509,51,151.437763
-0.759591,50,151.461512
-0.707561,51,151.485405
-0.879672,51,151.509639
-0.738734,50,151.533267
-0.724353,51,151.557777
-0.764322,50,151.580962
-0.836203,51,151.60466
-0.881461,51,151.630021
-0.69298,52,151.654247
-0.818242,51,151.677913
-0.692236,50,151.702272
-0.774049,50,151.725951
-0.671452,51,151.749885
-0.702837,51,151.77391
-0.733079,51,151.797892
-0.628885,51,151.822701
-0.69371,52,151.846707
-0.812988,51,151.871738
-0.696208,50,151.895286
-0.795499,51,151.918966
-0.743309,51,151.944292
-0.919066,51,151.969644
-0.839013,51,151.994969
-0.91181,51,152.020292
-0.764675,51,152.045716
-0.811522,51,152.07059
-0.866293,51,152.094881
-0.681869,51,152.120311
-0.764956,51,152.146034
-0.83203,51,152.171575
-0.711502,51,152.197256
-0.751464,51,152.222581
-0.845951,51,152.248213
-0.868412,51,152.273896
-0.687956,52,152.300054
-0.708053,51,152.56026
-0.719979,51,152.584502
-0.964672,51,152.608532
-0.732379,51,152.633999
-0.79274,51,152.657968
-0.731987,51,152.68159
-0.771636,51,152.706045
-0.746128,51,152.730034
-0.866797,51,152.754324
-0.737567,51,152.778006
-0.694611,51,152.801943
-0.747806,51,152.827154
-0.823758,51,152.850816
-0.676535,51,152.87535
-0.89466,51,152.899286
-0.694144,51,152.923338
-0.755462,50,152.946792
-0.79012,51,152.970749
-0.682115,50,152.995181
-0.785324,51,153.018768
-0.687609,51,153.043831
-0.759746,51,153.067819
-0.741342,51,153.091467
-0.826968,52,153.116172
-0.691186,52,153.140702
-0.625843,51,153.165432
-0.695462,50,153.188672
-0.688892,50,153.213586
-0.706304,51,153.237401
-0.750804,51,153.260952
-0.723872,51,153.285491
-0.640323,51,153.30994
-0.80094,51,153.333578
-0.723233,51,153.357252
-0.862833,51,153.382449
-0.810884,50,153.405739
-0.675284,51,153.42932
-0.786931,51,153.454337
-0.844037,51,153.478957
-0.660405,51,153.502986
-0.789268,50,153.757856
-0.814465,51,153.781874
-0.691684,51,153.805784
-0.751936,51,153.83134
-0.699212,52,153.85553
-0.689561,51,153.879727
-0.683797,50,153.903102
-0.737937,52,153.928036
-0.766791,51,153.951651
-0.86639,51,153.97536
-0.645483,50,154.000205
-0.680079,51,154.023809
-0.713002,51,154.047456
-0.806663,51,154.07226
-0.684167,51,154.096057
-0.727713,51,154.119818
-0.841259,52,154.144182
-1.028322,51,154.169114
-0.712598,51,154.241131
-0.684278,51,154.27268
-0.764925,51,154.298255
-0.753634,51,154.325564
-0.867407,51,154.351476
-0.737979,51,154.377613
-0.664942,51,154.401723
-0.731499,52,154.427459
-0.711999,51,154.451465
-0.732594,51,154.475375
-0.731,52,154.499938
-0.831795,50,154.523538
-0.644855,50,154.547699
-0.91727,51,154.5713
-0.817284,51,154.596405
-0.713781,51,154.620296
-0.761506,51,154.643737
-0.816578,50,154.667761
-0.602248,50,154.691961
-0.74655,51,154.715827
-0.798307,51,154.739834
-0.670673,52,154.765926
-0.872589,51,155.018161
-0.774438,51,155.04233
-1.075751,51,155.066454
-0.748361,51,155.091945
-0.662461,51,155.11565
-0.662101,51,155.139864
-0.686593,52,155.164245
-0.673617,50,155.188153
-0.921325,51,155.211759
-0.700432,52,155.236202
-0.747972,51,155.261358
-0.697018,51,155.28501
-0.818357,52,155.309203
-0.811865,51,155.333873
-0.713013,51,155.358103
-0.798018,51,155.381984
-0.629936,52,155.40643
-0.916486,51,155.431586
-0.740669,51,155.455192
-0.670735,51,155.479922
-0.807785,51,155.50387
-0.783591,51,155.527712
-0.833357,50,155.551214
-0.788165,51,155.575185
-0.792222,51,155.601126
-0.620405,50,155.624735
-0.777822,51,155.648547
-0.859042,52,155.674431
-0.716956,51,155.698554
-0.730988,51,155.722599
-0.866984,51,155.746647
-0.650253,52,155.771993
-0.805083,51,155.795755
-0.682716,51,155.819476
-0.645312,51,155.844616
-0.820384,51,155.868455
-0.830394,50,155.892042
-0.696839,51,155.917236
-0.787713,51,155.941178
-0.709767,51,155.965065
-0.884545,51,156.219595
-0.713794,51,156.244839
-0.751499,51,156.268831
-0.71191,51,156.29263
-0.780751,51,156.318056
-0.785972,51,156.341991
-0.88489,51,156.366144
-0.703935,51,156.390088
-0.758098,51,156.414879
-0.812305,51,156.438497
-0.740107,51,156.462231
-0.832248,51,156.487551
-0.730029,50,156.510621
-0.672482,51,156.53493
-0.70207,50,156.558523
-0.631179,51,156.582743
-0.659142,51,156.606376
-0.631372,51,156.631783
-0.792137,52,156.655929
-0.675926,51,156.679582
-0.729913,50,156.70378
-0.716071,51,156.727779
-0.784701,51,156.751911
-0.706671,52,156.776056
-0.704382,52,156.801988
-0.796817,51,156.825524
-0.762279,52,156.84982
-0.688516,51,156.874513
-0.739314,51,156.898996
-0.637484,51,156.922652
-0.757323,52,156.946945
-0.671913,52,156.972855
-0.857146,51,156.996585
-0.83069,51,157.020161
-0.676898,51,157.044748
-0.775804,51,157.069013
-0.915196,52,157.093182
-0.6923,51,157.117219
-0.804823,51,157.142644
-0.742537,51,157.166479
-0.744744,51,157.417901
-0.712532,52,157.444069
-0.631751,50,157.467579
-0.740664,51,157.493251
-0.79064,50,157.516751
-0.686585,51,157.540467
-0.776915,50,157.5655
-0.708755,51,157.589232
-0.744576,51,157.612814
-0.723176,50,157.637051
-0.722,50,157.660715
-0.715353,52,157.685438
-0.626345,50,157.708822
-0.787716,51,157.732812
-0.613045,51,157.757809
-0.755919,50,157.781102
-0.751437,51,157.806075
-0.726443,50,157.829734
-0.818395,51,157.853518
-0.733353,51,157.877606
-0.672236,51,157.901611
-0.792255,51,157.926299
-0.640213,50,157.949462
-0.645115,51,157.974678
-0.743976,51,157.998606
-0.89305,51,158.022221
-0.705997,51,158.046527
-0.868318,51,158.070552
-0.753102,50,158.09437
-0.758153,51,158.117983
-0.681019,51,158.143376
-0.859619,50,158.166555
-0.662788,51,158.190176
-0.618704,51,158.214937
-0.808829,52,158.239333
-0.671872,50,158.262838
-0.728663,52,158.287082
-0.791013,51,158.312263
-0.781291,50,158.335762
-0.730374,52,158.361015
-0.678545,51,158.385109
-0.65351,52,158.637294
-0.68744,52,158.66191
-0.648443,51,158.687093
-0.679494,51,158.711459
-0.642989,51,158.73675
-0.74914,50,158.760239
-0.655169,50,158.785012
-0.810603,51,158.810313
-0.760537,51,158.835697
-0.744363,51,158.859253
-0.787871,51,158.884556
-0.696059,51,158.909994
-0.818669,52,158.934124
-0.841009,51,158.957808
-0.638877,51,158.98274
-0.752522,51,159.006229
-0.815002,51,159.0298
-0.808689,51,159.054779
-0.823122,51,159.07876
-0.726854,51,159.102646
-0.71817,51,159.126584
-0.598016,52,159.151875
-0.656096,52,159.176279
-0.753824,51,159.199943
-0.873997,51,159.224974
-0.936373,51,159.249
-0.756997,51,159.272903
-0.687657,50,159.29632
-0.727361,51,159.320882
-0.696328,50,159.343965
-0.709713,51,159.369084
-0.817675,51,159.392988
-0.758437,51,159.416563
-0.704533,51,159.440854
-0.884297,51,159.464879
-0.686672,51,159.489276
-0.660671,51,159.514223
-0.754349,51,159.53857
-0.724418,50,159.562247
-0.649644,52,159.587176
-0.679887,51,159.842263
-0.677134,51,159.866335
-0.764713,50,159.890197
-0.789679,51,159.915523
-0.711064,50,159.938791
-0.820615,51,159.962377
-0.689503,50,159.986908
-0.812624,51,160.010874
-0.736541,51,160.034511
-0.757007,52,160.059108
-0.678053,51,160.083738
-0.770949,51,160.107359
-0.820677,51,160.13103
-0.759238,51,160.156298
-0.730811,50,160.179643
-0.868121,51,160.203952
-0.796926,50,160.227435
-0.861605,51,160.251259
-0.716234,51,160.275257
-0.688083,51,160.299031
-0.729098,52,160.324863
-0.640528,52,160.349142
-0.976552,51,160.372789
-0.681351,51,160.397535
-0.790212,51,160.4215
-0.602817,51,160.4454
-0.801055,51,160.46937
-0.715311,51,160.49334
-0.728173,52,160.518709
-0.653138,50,160.541794
-0.797496,50,160.566182
-0.694908,50,160.589699
-0.826436,51,160.61338
-0.715582,51,160.637571
-0.71432,51,160.661454
-0.659228,52,160.686278
-0.648852,50,160.709257
-0.80755,50,160.739191
-0.772024,51,160.765728
-0.737665,51,160.7923
-0.709745,50,161.042826
-0.69717,51,161.06767
-0.774384,50,161.091005
-0.650724,51,161.114959
-0.840244,51,161.140326
-0.749767,52,161.165244
-0.738852,51,161.189693
-0.899336,51,161.214969
-0.917926,51,161.239429
-0.701558,51,161.264105
-0.881641,51,161.289172
-0.732284,51,161.313032
-0.883529,51,161.336905
-0.764222,51,161.361857
-0.766467,51,161.385394
-0.701698,52,161.409387
-0.612208,50,161.433732
-0.818383,51,161.457517
-0.713375,51,161.480964
-0.769202,51,161.505162
-0.711825,51,161.529653
-0.815081,51,161.553152
-0.665644,51,161.576589
-0.717684,51,161.601846
-0.734727,50,161.624859
-0.704591,51,161.64843
-0.790554,51,161.672945
-0.845751,51,161.696735
-0.702026,51,161.720516
-0.728845,51,161.744366
-0.749992,51,161.768164
-0.658667,51,161.792714
-0.783169,51,161.816167
-0.662011,51,161.839645
-0.697587,51,161.864982
-0.80913,51,161.888327
-0.731005,50,161.912
-0.8194,51,161.936011
-0.745118,51,161.960287
-0.705592,50,161.983587
-0.661831,51,162.238885
-0.63722,51,162.263346
-0.641753,50,162.287188
-0.649442,50,162.310966
-0.792524,51,162.336375
-0.708384,51,162.360085
-0.60505,50,162.383234
-0.727306,51,162.406887
-0.633299,51,162.432086
-0.714568,51,162.455786
-0.684856,51,162.479889
-0.660596,51,162.503845
-0.748564,51,162.528346
-0.69884,51,162.551912
-0.92211,51,162.575519
-0.702328,52,162.601264
-0.734751,52,162.625471
-0.661408,51,162.649694
-0.792175,51,162.673671
-0.734652,51,162.697984
-0.7005,51,162.721455
-0.952924,51,162.745177
-0.726129,52,162.770862
-0.882723,52,162.79491
-0.678253,50,162.817994
-0.775418,52,162.84313
-0.663767,51,162.866992
-0.78782,51,162.890937
-0.647327,52,162.91523
-0.732216,50,162.938718
-0.63987,51,162.963265
-0.839259,52,162.987479
-0.759627,51,163.01251
-0.651941,51,163.036338
-0.628006,50,163.059675
-0.665735,50,163.083411
-0.884388,51,163.107803
-0.715438,50,163.130953
-0.675831,51,163.154754
-0.721754,52,163.180736
-0.769683,51,163.432089
-0.699078,52,163.457009
-0.679724,51,163.480967
-0.703726,52,163.505504
-0.679036,52,163.530012
-0.705736,50,163.554318
-0.690113,51,163.578005
-0.791152,51,163.601486
-0.673222,51,163.626763
-0.767754,51,163.650254
-0.592424,51,163.673765
-0.67499,51,163.698323
-0.780694,51,163.722286
-0.680627,51,163.746238
-0.893142,51,163.770008
-0.755005,51,163.793883
-0.825708,51,163.818478
-0.75555,51,163.841961
-0.69916,51,163.865453
-0.874547,51,163.890649
-0.658688,52,163.914662
-0.72674,51,163.938178
-0.902795,51,163.962517
-0.694909,52,163.986887
-0.69878,51,164.011027
-0.716401,52,164.035083
-0.655601,52,164.059344
-0.645075,51,164.084516
-0.708207,51,164.108088
-0.746187,51,164.131532
-0.682899,51,164.156344
-0.675069,50,164.1798
-0.679974,50,164.202844
-0.77643,51,164.226931
-0.677208,51,164.250656
-0.960162,51,164.274829
-0.655537,52,164.298855
-0.687318,51,164.32237
-0.769731,51,164.34761
-0.633368,51,164.371372
-0.753653,51,164.62669
-0.712684,51,164.651249
-0.699145,51,164.675381
-0.74179,51,164.70036
-0.94716,51,164.723985
-0.764047,52,164.748177
-0.773953,51,164.773571
-0.667153,51,164.797351
-0.699374,51,164.821087
-0.755172,50,164.844919
-0.806512,51,164.868791
-0.731107,52,164.893461
-0.701907,51,164.916944
-0.814656,51,164.940657
-0.649336,51,164.965768
-0.688341,51,164.989284
-0.735227,52,165.013293
-0.783814,51,165.038291
-0.687047,51,165.062129
-0.763103,51,165.085667
-0.694792,51,165.109824
-0.726448,51,165.133716
-0.692129,52,165.158623
-0.628396,50,165.181755
-0.767519,52,165.205762
-0.683303,51,165.231107
-0.579198,51,165.254573
-0.641548,52,165.278606
-0.808701,51,165.302172
-0.912387,51,165.327003
-0.71862,51,165.351328
-0.777417,51,165.375115
-0.781618,52,165.399473
-0.691028,51,165.423347
-0.621893,52,165.448409
-0.882205,51,165.47188
-0.769355,51,165.496867
-0.687018,51,165.520468
-0.730856,51,165.544262
-0.67,52,165.569085
-0.636517,50,165.820476
-0.660532,52,165.845371
-0.84956,51,165.869405
-0.737603,52,165.893691
-0.638566,50,165.918215
-0.742956,51,165.942568
-0.903804,51,165.966351
-0.67837,50,165.991126
-0.845012,51,166.014789
-0.713308,50,166.037929
-0.751724,51,166.061497
-0.773471,51,166.086614
-0.723894,52,166.110843
-0.82612,51,166.134791
-0.776551,51,166.15866
-0.677448,51,166.182476
-0.739843,51,166.206673
-0.781888,51,166.230092
-0.681444,51,166.253859
-0.743161,51,166.278855
-0.621526,51,166.302231
-0.698034,52,166.32619
-0.647566,52,166.351654
-0.694323,51,166.375465
-0.724091,51,166.399138
-0.753661,51,166.423201
-0.757493,51,166.447005
-0.747739,51,166.471446
-0.661401,51,166.494993
-0.706565,50,166.519689
-1.024249,51,166.543208
-0.808811,51,166.566714
-1.062216,51,166.591171
-0.758495,51,166.614958
-0.744014,51,166.638891
-0.864271,50,166.662138
-0.694141,51,166.738602
-0.642011,51,166.764949
-0.682302,51,166.79151
-0.852303,51,166.818898
-0.776362,50,166.844569
-0.726195,50,167.100001
-0.87001,51,167.12434
-0.824538,51,167.148258
-0.712691,52,167.17309
-0.674583,51,167.19717
-0.834958,51,167.221774
-0.673442,51,167.245399
-0.688778,51,167.269001
-0.652603,51,167.294277
-0.806387,51,167.31788
-0.983661,51,167.341434
-0.757532,51,167.366014
-0.702152,51,167.389942
-0.756795,51,167.413826
-0.853527,52,167.438196
-0.860688,51,167.46208
-0.72077,51,167.486727
-0.661081,51,167.510302
-0.701687,51,167.533921
-0.620116,51,167.559163
-0.707447,52,167.583333
-0.708456,52,167.607318
-0.73279,51,167.631567
-0.800862,52,167.65593
-0.687474,51,167.680114
-0.743812,51,167.703654
-0.756412,51,167.727363
-0.759274,51,167.752373
-0.739642,50,167.775498
-0.705091,51,167.800019
-0.771485,51,167.82381
-0.79126,51,167.84774
-0.725924,51,167.871343
-0.731773,51,167.895361
-0.74123,51,167.920038
-0.774884,51,167.944479
-0.723731,51,167.968307
-0.704554,51,167.992061
-0.618243,52,168.016355
-0.763294,51,168.04039
-0.770682,50,168.291693
-0.620692,50,168.315563
-0.65273,51,168.339679
-0.781463,51,168.364454
-0.798376,51,168.388139
-0.764561,51,168.413411
-0.755374,51,168.437461
-0.65181,50,168.460571
-0.770199,51,168.484863
-0.762788,50,168.509125
-0.596574,51,168.532663
-0.804071,52,168.558229
-0.600503,50,168.581376
-0.71795,51,168.604868
-0.741906,51,168.629162
-0.750228,51,168.652987
-0.704608,51,168.677029
-0.698888,50,168.700115
-0.634733,50,168.724821
-0.679722,52,168.748849
-0.666907,51,168.772303
-0.818415,51,168.797056
-0.833119,51,168.820781
-0.77988,51,168.844483
-0.692538,51,168.868329
-0.628663,52,168.892577
-0.687976,51,168.917138
-0.611276,51,168.940731
-0.712737,51,168.965895
-0.68686,52,168.990128
-0.875532,51,169.013657
-0.750182,51,169.037889
-0.820578,51,169.061778
-0.708238,51,169.085651
-0.780956,52,169.110065
-0.718452,50,169.133394
-0.713011,50,169.157891
-0.782817,51,169.181406
-0.800682,52,169.205481
-0.815997,51,169.230726
-0.70057,51,169.481938
-0.671457,50,169.505373
-0.737473,50,169.530513
-0.777427,51,169.554298
-0.701358,50,169.577639
-0.738481,51,169.602316
-0.829391,51,169.62631
-0.725632,52,169.650934
-0.71775,51,169.674677
-0.730672,51,169.698544
-0.743484,51,169.723362
-0.816959,51,169.746869
-0.835478,51,169.772071
-0.661861,52,169.798058
-0.821352,51,169.823335
-0.800224,51,169.848544
-0.604073,50,169.871796
-0.735007,50,169.896469
-0.81478,51,169.920123
-0.805493,51,169.94461
-0.641974,50,169.968516
-0.751323,52,169.992513
-0.88416,51,170.016259
-0.794568,51,170.041388
-0.847605,51,170.0649
-0.749859,52,170.088907
-0.739458,51,170.112406
-0.753095,51,170.137482
-0.83156,51,170.16127
-0.789585,51,170.184831
-0.85679,51,170.209096
-0.81548,51,170.23359
-0.701813,51,170.25718
-0.675281,50,170.280238
-0.834315,52,170.305979
-0.752561,51,170.329522
-0.736439,52,170.353526
-0.77553,51,170.377012
-0.830687,51,170.401525
-0.686318,50,170.425259
-0.744161,52,170.684603
-0.850115,51,170.708528
-0.668035,51,170.732251
-0.85281,51,170.757257
-0.778173,52,170.781732
-0.776584,52,170.806322
-0.678065,52,170.830839
-0.761765,51,170.854906
-0.738783,51,170.879667
-0.762728,51,170.903255
-0.671188,51,170.928068
-0.73106,51,170.951916
-0.683949,51,170.975596
-0.714613,51,170.999591
-0.691936,51,171.023304
-0.743959,51,171.04765
-0.741577,50,171.070748
-0.879839,51,171.095956
-0.69933,51,171.119644
-0.651616,50,171.142672
-0.742822,51,171.167133
-0.8086,51,171.190979
-0.899086,51,171.214935
-0.71217,52,171.23894
-0.71375,51,171.262792
-0.675465,51,171.287518
-0.737116,51,171.310986
-0.824701,51,171.334396
-0.716053,51,171.359424
-0.745254,51,171.382977
-0.761397,51,171.406494
-0.717452,51,171.43072
-0.759618,51,171.454454
-0.671337,52,171.478725
-0.661414,51,171.502315
-0.654841,51,171.526248
-0.830843,51,171.55003
-0.710275,51,171.574452
-0.892997,51,171.597836
-1.000167,51,171.622826
-0.82423,51,171.876001
-0.715699,52,171.901129
-0.720259,50,171.924396
-0.640379,51,171.94848
-0.667969,51,171.973732
-0.67672,51,171.997368
-0.757203,51,172.020973
-0.789887,51,172.045915
-0.80037,51,172.069872
-0.677615,50,172.093078
-0.757883,51,172.117238
-0.616308,51,172.141069
-0.743985,52,172.165892
-0.671939,50,172.188963
-0.614333,51,172.212611
-0.736575,51,172.237614
-0.815073,51,172.261162
-0.699466,51,172.284591
-0.802931,52,172.309763
-0.745502,51,172.33349
-0.824737,52,172.357596
-0.670379,51,172.38102
-0.793502,51,172.405254
-0.684942,52,172.42956
-0.635411,50,172.453111
-0.707497,51,172.476573
-0.687339,51,172.501717
-0.913302,51,172.525256
-0.751249,51,172.548698
-0.810322,51,172.572227
-0.694293,51,172.597202
-0.737557,50,172.620473
-0.718523,51,172.643916
-0.711667,51,172.668187
-0.621269,50,172.691546
-0.780706,51,172.715468
-0.779605,51,172.739011
-0.728885,51,172.764053
-0.724056,51,172.787431
-0.654851,50,172.811236
-0.894275,51,173.067349
-0.730652,51,173.091795
-0.697867,52,173.116527
-0.633905,50,173.141008
-0.665268,51,173.164862
-0.631754,51,173.188813
-0.629599,51,173.214294
-0.611375,52,173.23866
-0.776056,51,173.262361
-0.774346,51,173.286737
-0.700765,51,173.310581
-0.648739,51,173.334537
-0.847366,51,173.358258
-0.73461,51,173.38225
-0.776249,51,173.407103
-0.690729,51,173.430598
-0.863845,51,173.454034
-0.604064,52,173.478237
-0.702132,50,173.50312
-0.79065,51,173.526636
-0.731243,51,173.550189
-0.746674,52,173.575404
-0.666059,51,173.599732
-0.793363,51,173.626228
-0.627722,51,173.650288
-0.721554,52,173.676259
-0.670276,51,173.700024
-0.689612,51,173.72373
-0.869207,51,173.747497
-0.687616,52,173.772617
-0.677908,51,173.796574
-0.660093,50,173.820082
-0.624171,51,173.844012
-0.632542,51,173.867931
-0.775339,51,173.892664
-0.649227,50,173.91576
-0.683219,52,173.939838
-0.651009,52,173.965603
-0.656299,51,173.989364
-0.653732,50,174.012361
-0.72972,52,174.272016
-0.716343,51,174.297284
-0.752023,51,174.321306
-0.780791,51,174.345199
-0.669096,50,174.370418
-0.817965,51,174.394289
-0.7979,51,174.418253
-0.750511,51,174.443121
-0.690147,51,174.467156
-0.733337,51,174.491205
-0.725448,50,174.514613
-0.683505,51,174.538563
-0.786526,51,174.562413
-0.709785,51,174.586991
-0.646428,51,174.610574
-0.799317,51,174.634211
-0.571439,50,174.658953
-0.734385,51,174.682518
-0.761582,52,174.706649
-0.67946,50,174.731039
-0.681377,52,174.755383
-0.740527,51,174.779152
-0.808317,51,174.803117
-0.684424,52,174.827431
-0.698245,51,174.852055
-0.722397,52,174.876056
-0.774854,51,174.899602
-0.73831,51,174.924827
-0.749198,51,174.948317
-0.758325,51,174.971814
-0.731893,51,174.995375
-0.721777,51,175.020325
-0.75492,51,175.044164
-0.78306,51,175.067902
-0.783243,51,175.092015
-0.661735,51,175.115856
-0.665644,51,175.140438
-0.745987,51,175.16403
-0.684609,51,175.18764
-0.68362,50,175.211065
-0.836593,51,175.235829
-0.777147,50,175.494418
-0.721797,51,175.518673
-0.7016,51,175.542937
-0.738632,51,175.56698
-0.782414,50,175.590735
-0.838344,51,175.61592
-0.733882,51,175.639821
-0.747952,51,175.663676
-0.772328,50,175.687029
-0.725482,50,175.711912
-0.670222,52,175.736053
-0.824952,51,175.759672
-0.775708,51,175.783203
-0.614473,50,175.80785
-0.931997,51,175.831834
-0.693785,51,175.855536
-0.665862,51,175.87966
-0.770408,51,175.903583
-0.690919,50,175.927092
-0.721154,51,175.951187
-0.677589,51,175.974938
-0.718179,50,175.998396
-0.770176,51,176.023135
-0.65171,51,176.046679
-0.666536,51,176.070306
-0.726561,50,176.093437
-0.687103,51,176.118503
-0.7307,51,176.142109
-0.664473,50,176.165122
-0.650136,51,176.189971
-0.650686,51,176.213705
-0.609929,51,176.2374
-0.834342,51,176.261363
-0.714769,51,176.285257
-0.724077,51,176.309056
-0.812888,50,176.332572
-0.850416,51,176.356235
-0.743202,51,176.38006
-0.637316,51,176.404832
-0.728528,52,176.428637
-0.731287,51,176.686049
-0.709884,51,176.70999
-0.686697,51,176.733874
-0.654612,51,176.757775
-0.68039,51,176.781582
-0.720185,51,176.80687
-0.802307,51,176.831048
-0.96503,50,176.854456
-0.716282,50,176.878473
-0.728712,51,176.902373
-0.835015,51,176.926681
-0.688631,51,176.950296
-0.737045,51,176.974155
-0.64431,51,176.997987
-0.68061,50,177.022155
-0.738334,51,177.045823
-0.621921,50,177.068997
-0.696979,51,177.09272
-0.653781,52,177.118448
-0.702957,50,177.141607
-0.776175,51,177.165505
-0.693233,50,177.189971
-0.728956,52,177.214472
-0.795693,51,177.238347
-0.697857,52,177.262488
-0.745608,50,177.286208
-0.691096,51,177.310006
-0.842543,51,177.333812
-0.772139,51,177.357544
-0.737357,50,177.380957
-0.791553,52,177.405298
-0.725683,52,177.430492
-0.656976,51,177.453976
-0.749532,51,177.477401
-0.647584,52,177.501518
-0.628096,51,177.526658
-0.727449,51,177.550172
-0.621973,51,177.573691
-0.784541,51,177.598434
-0.817582,51,177.622131
-0.76063,51,177.879904
-0.739692,51,177.904002
-0.592378,50,177.928463
-0.627233,51,177.95255
-0.830545,51,177.976827
-0.806721,51,178.000946
-0.728439,51,178.025019
-0.761847,51,178.050037
-0.637487,50,178.073248
-0.757938,51,178.096741
-0.724484,51,178.122089
-0.690872,52,178.146417
-0.75924,51,178.170294
-0.772741,51,178.193784
-0.796198,51,178.218433
-0.722441,51,178.242271
-0.89684,51,178.266153
-0.651452,50,178.289193
-0.833651,51,178.313361
-0.725281,51,178.337136
-0.691524,50,178.360982
-0.686883,51,178.384498
-0.758215,52,178.408698
-0.737379,50,178.43314
-0.706264,51,178.456689
-0.691682,50,178.479807
-0.77007,51,178.50477
-0.662686,52,178.528887
-0.719053,52,178.552937
-0.697401,51,178.576398
-0.649475,51,178.600763
-0.759174,51,178.624524
-0.634846,51,178.648513
-0.8315,51,178.672078
-0.734513,51,178.695826
-0.707913,51,178.720746
-0.771109,51,178.744222
-0.693757,51,178.767585
-0.762687,51,178.790863
-0.749249,51,178.816069
-0.803804,51,179.06705
-0.777788,51,179.091317
-0.80437,51,179.115634
-0.752163,51,179.139832
-0.643732,52,179.1644
-0.743184,51,179.188926
-0.658007,51,179.212786
-0.790716,51,179.2366
-0.732081,51,179.261917
-0.718219,51,179.285379
-0.651098,51,179.308958
-0.731045,52,179.334253
-0.72,51,179.358112
-0.765516,51,179.381925
-0.761938,51,179.405373
-0.645812,51,179.429634
-0.637256,51,179.453491
-0.670328,51,179.477782
-0.767201,51,179.511668
-0.831382,51,179.574453
-0.713319,51,179.6003
-0.813599,51,179.627755
-0.913093,51,179.654568
-0.773571,51,179.679982
-0.722825,52,179.704698
-0.82027,52,179.729285
-0.69991,51,179.753335
-0.716807,51,179.777366
-0.708462,51,179.80116
-0.763798,51,179.825173
-0.687357,51,179.850033
-0.784138,52,179.874116
-0.859922,51,179.897774
-0.867661,50,179.920991
-0.793721,52,179.946677
-0.652031,51,179.970278
-0.726468,51,179.993714
-0.788555,51,180.018452
-0.709969,51,180.042325
-0.664297,51,180.066121
-0.607727,52,180.319085
-0.74771,51,180.345012
-0.707276,51,180.36937
-0.719244,51,180.393513
-0.626489,51,180.417284
-0.752988,51,180.441731
-0.62829,51,180.46587
-0.878082,51,180.490534
-0.654525,51,180.514477
-0.745721,51,180.53842
-0.678949,51,180.563661
-0.799497,52,180.587785
-0.674599,50,180.610878
-0.813348,51,180.635746
-0.788426,51,180.659718
-0.817106,51,180.6836
-0.681627,51,180.707483
-0.74861,51,180.731393
-0.643839,51,180.755982
-0.73661,50,180.77912
-0.645028,52,180.803147
-0.725141,51,180.828358
-0.649632,51,180.851905
-0.790591,51,180.875457
-0.787573,51,180.899917
-0.68923,51,180.923725
-0.73455,51,180.947635
-0.751238,50,180.970784
-0.775319,52,180.995445
-0.828914,51,181.019345
-0.81956,51,181.043563
-0.659947,51,181.067148
-0.686923,50,181.090472
-0.893855,51,181.115487
-0.713553,50,181.138542
-0.666418,51,181.162335
-0.861842,51,181.187894
-0.674106,52,181.21233
-0.63381,50,181.235778
-0.755828,51,181.25984
-0.678819,51,181.284642
-0.721629,51,181.542931
-0.810263,51,181.56744
-0.805436,51,181.591511
-0.688381,52,181.61615
-0.75495,51,181.640326
-0.772998,51,181.665312
-0.707728,50,181.688615
-0.716466,51,181.71241
-0.887171,51,181.737791
-0.769208,51,181.7614
-0.7029,52,181.785487
-0.80607,52,181.810298
-0.736882,51,181.834196
-0.684783,51,181.858023
-0.650878,51,181.881828
-0.627158,50,181.905299
-0.86758,51,181.929125
-0.894572,51,181.953595
-0.708291,52,181.977607
-0.726649,51,182.001075
-0.697798,52,182.02678
-0.844037,51,182.050337
-0.711142,51,182.073845
-0.719934,50,182.09791
-0.676969,52,182.122255
-0.772412,52,182.146413
-0.727821,51,182.170495
-0.702616,50,182.194048
-0.73817,52,182.218287
-0.803591,51,182.242854
-0.66712,50,182.265923
-0.700236,52,182.289939
-0.685465,52,182.315827
-0.724193,51,182.339413
-0.744481,51,182.362954
-0.695859,51,182.38654
-0.704352,51,182.411236
-0.648763,51,182.435084
-0.786406,51,182.458779
-0.751677,51,182.482802
-0.604705,50,182.742238
-0.74272,52,182.766898
-0.745491,51,182.790698
-0.723139,51,182.81465
-0.763766,51,182.840185
-0.676416,51,182.863959
-0.670801,52,182.888299
-0.833531,51,182.913166
-0.781316,51,182.937183
-0.732751,52,182.96148
-0.822108,51,182.985199
-0.760628,51,183.009124
-0.618864,51,183.032915
-0.71077,51,183.057477
-0.671196,50,183.080556
-0.682033,51,183.104121
-0.642801,51,183.128156
-0.796926,51,183.153164
-0.801694,51,183.176699
-0.73794,51,183.20024
-0.695095,50,183.224775
-0.736089,51,183.248503
-0.625092,50,183.271492
-0.717585,51,183.294914
-0.775394,51,183.319474
-0.814109,51,183.343329
-0.811655,51,183.3672
-0.692365,51,183.390799
-0.767386,51,183.415088
-0.699963,51,183.439058
-0.859464,52,183.463886
-0.645874,51,183.48741
-0.813826,51,183.511149
-0.721765,51,183.536228
-0.796613,52,183.560271
-0.753484,51,183.583946
-0.72034,51,183.607497
-0.641744,52,183.633003
-0.763851,51,183.656805
-0.7709,51,183.680096
-0.747448,51,183.937544
-0.861863,51,183.961831
-0.728274,50,183.985388
-0.748955,51,184.010936
-0.858986,51,184.034831
-0.669773,50,184.058237
-0.700676,51,184.082074
-0.736013,51,184.106926
-0.741681,51,184.130863
-0.75674,51,184.154639
-0.758647,51,184.178862
-0.701118,51,184.202796
-0.727936,51,184.226592
-0.772158,51,184.250811
-0.779146,51,184.27431
-0.750278,52,184.298561
-0.735127,51,184.32243
-0.781389,51,184.347158
-0.732482,52,184.371211
-0.619951,51,184.394778
-0.77855,51,184.41987
-0.846919,51,184.443486
-0.669958,52,184.467602
-0.843713,51,184.491271
-0.800056,51,184.515959
-0.647273,50,184.539452
-0.817626,51,184.563308
-0.87783,51,184.587104
-0.774821,51,184.610966
-0.648962,51,184.635595
-0.678288,51,184.65901
-0.663335,50,184.6821
-0.672242,51,184.705944
-0.734593,51,184.730849
-0.751069,51,184.75442
-0.842151,51,184.778049
-0.69855,51,184.80153
-0.793761,51,184.82697
-0.709848,51,184.850547
-0.703801,50,184.873613
-0.774722,51,185.129373
-0.73171,51,185.153757
-0.69814,50,185.177514
-0.682994,50,185.201259
-0.5949,51,185.22618
-0.710805,51,185.250222
-0.830814,51,185.274318
-0.75884,51,185.298185
-0.69419,50,185.321996
-0.788141,51,185.345933
-0.720717,51,185.369901
-0.710129,51,185.393998
-0.662406,51,185.417644
-0.75293,51,185.44158
-0.789565,50,185.465115
-0.612013,51,185.489746
-0.805844,51,185.513363
-0.625438,52,185.537408
-0.626368,51,185.56268
-0.891943,51,185.586475
-0.660384,51,185.61014
-0.70338,51,185.634966
-0.697411,51,185.659952
-0.714494,52,185.684425
-0.791401,50,185.708046
-0.637717,51,185.7318
-0.64721,52,185.756028
-0.629347,51,185.780331
-0.744323,51,185.804244
-0.782332,51,185.828175
-0.70169,51,185.852067
-0.796412,51,185.875997
-0.765818,51,185.89986
-0.76027,51,185.923646
-0.83535,51,185.947992
-0.776794,51,185.971547
-0.706526,51,185.995117
-0.719373,51,186.01908
-0.720274,52,186.044557
-0.627914,51,186.068243
-0.871741,51,186.326832
-0.782616,50,186.351014
-0.814468,51,186.374954
-0.771175,51,186.398791
-0.665315,51,186.423447
-0.695044,52,186.447999
-0.716475,51,186.472104
-0.712922,51,186.496172
-0.773787,52,186.520696
-0.846589,51,186.544617
-0.691735,51,186.56926
-0.719759,51,186.592849
-0.850354,51,186.616454
-0.713699,51,186.640077
-0.83639,51,186.665207
-0.672003,52,186.689279
-0.708289,52,186.713144
-0.912023,51,186.736724
-0.850947,51,186.761625
-0.771588,51,186.785432
-0.882812,51,186.80888
-0.689822,52,186.83295
-0.835729,51,186.85754
-0.682276,51,186.881237
-0.702394,51,186.90503
-0.701739,51,186.928633
-0.853125,51,186.952664
-0.76262,51,186.976519
-0.763883,51,187.000227
-0.649292,51,187.024296
-0.75259,52,187.048346
-0.669831,51,187.072222
-0.72092,51,187.097096
-0.679264,51,187.120603
-0.745899,51,187.144019
-0.646706,50,187.167023
-0.881522,51,187.192202
-0.819441,51,187.21573
-0.73332,51,187.23904
-0.643216,50,187.261968
-0.678974,51,187.515686
-0.677528,51,187.540495
-0.731874,51,187.563468
-0.738947,51,187.587627
-0.87264,51,187.61311
-0.824428,51,187.636928
-0.62448,52,187.661294
-0.636068,51,187.685136
-0.776725,51,187.710121
-0.804645,51,187.734168
-0.766995,52,187.758551
-0.645689,52,187.782612
-0.710541,50,187.80655
-0.676607,50,187.829999
-0.923863,52,187.854318
-0.725218,51,187.878172
-0.73664,51,187.902048
-0.663502,51,187.925824
-0.739477,51,187.949663
-0.662131,51,187.973909
-0.72424,51,187.99753
-0.693759,51,188.021264
-0.733591,51,188.046329
-0.815855,51,188.069827
-0.701611,51,188.093315
-0.691819,52,188.117241
-0.634235,51,188.142393
-0.759677,51,188.166003
-0.793453,52,188.189938
-0.793523,52,188.213928
-0.807657,51,188.238481
-0.855564,52,188.262852
-0.695597,51,188.286817
-0.754184,51,188.310501
-0.675896,51,188.334257
-0.679388,51,188.358106
-0.769542,51,188.382392
-0.723929,51,188.405802
-0.705097,51,188.429483
-0.576941,50,188.452763
-0.777489,51,188.707905
-0.669451,51,188.732625
-0.692046,51,188.756821
-0.706542,51,188.780811
-0.740933,52,188.805154
-0.685384,51,188.830105
-0.708534,51,188.85405
-0.759985,51,188.878003
-0.701799,52,188.902167
-0.689069,51,188.926216
-0.702267,51,188.950017
-0.706379,51,188.973795
-0.746275,51,188.997855
-0.811962,51,189.021388
-0.810843,51,189.045118
-1.000802,51,189.068996
-0.750921,52,189.094013
-0.825064,51,189.117649
-0.653422,51,189.141197
-0.634322,51,189.166487
-0.697083,51,189.189951
-0.756377,51,189.213515
-0.64808,51,189.237022
-0.813488,51,189.261871
-0.813309,51,189.285671
-0.711112,51,189.309247
-0.659608,52,189.333739
-0.669005,51,189.357616
-0.81164,51,189.381485
-0.772741,51,189.40556
-0.675118,50,189.428649
-0.761444,52,189.452776
-0.714085,51,189.476425
-0.803642,51,189.500797
-0.687225,50,189.523882
-0.866185,52,189.547909
-0.716263,50,189.571288
-0.78797,52,189.595537
-0.710217,52,189.620699
-0.653045,51,189.644179
-0.769453,51,189.895085
-0.733153,52,189.920293
-0.685878,51,189.943393
-0.725363,51,189.967662
-0.764632,50,189.991477
-0.7831,51,190.015601
-0.731029,51,190.039674
-0.705102,51,190.064125
-0.693324,51,190.08793
-0.735308,50,190.111521
-0.696034,52,190.135869
-0.68291,50,190.160105
-0.614505,52,190.184158
-0.725033,51,190.207645
-0.789239,51,190.231336
-0.64986,50,190.255906
-0.649108,51,190.279536
-0.716558,50,190.302616
-0.722506,51,190.326108
-0.810456,51,190.351217
-0.689565,52,190.375196
-0.695839,51,190.398705
-0.734356,51,190.422166
-0.704697,51,190.446846
-0.849982,51,190.470607
-0.681042,52,190.494882
-0.676666,51,190.518491
-0.769026,52,190.543162
-0.849598,51,190.567176
-0.668082,51,190.591132
-0.701582,51,190.615159
-0.732011,51,190.638736
-0.657602,51,190.662593
-0.669938,52,190.686897
-0.818784,51,190.711563
-0.802479,51,190.736468
-0.747949,52,190.761392
-0.645976,52,190.787289
-0.637619,50,190.810965
-0.758925,51,190.834663
-0.766147,51,191.088145
-0.758876,51,191.11292
-0.72831,51,191.137842
-0.733766,51,191.162395
-0.720933,52,191.18732
-0.797375,51,191.212554
-0.786731,51,191.236489
-0.661814,51,191.260507
-0.813156,51,191.284448
-0.697511,51,191.308514
-0.71655,51,191.333825
-0.635386,51,191.357588
-0.675822,51,191.381297
-0.752921,51,191.405033
-0.723032,51,191.430292
-0.767838,51,191.454003
-0.70963,52,191.4783
-0.811232,52,191.502534
-0.672791,51,191.526172
-0.780209,51,191.551201
-0.815099,51,191.575176
-0.737953,51,191.599128
-0.748161,51,191.622782
-0.726613,51,191.647067
-0.71275,52,191.671458
-0.807783,51,191.695364
-0.730478,51,191.719279
-0.735285,51,191.743051
-0.669859,51,191.767042
-0.688266,51,191.790795
-0.64877,51,191.853713
-0.600675,50,191.895112
-0.828482,51,191.922374
-0.736607,51,191.948066
-0.661387,51,191.973798
-0.66576,51,192.00008
-0.741369,51,192.025287
-0.698642,52,192.049715
-0.728709,52,192.074037
-0.720354,51,192.099516
-0.704228,51,192.123198
-0.634987,51,192.373819
-0.748051,51,192.398481
-0.766203,51,192.422877
-0.666619,51,192.447024
-0.681974,50,192.470563
-0.809731,52,192.494955
-0.671003,51,192.520397
-0.771316,51,192.544218
-0.784248,51,192.568057
-0.817653,51,192.592823
-0.668268,51,192.616841
-0.906204,51,192.640857
-0.688539,51,192.664751
-0.687547,50,192.688361
-0.820112,51,192.712311
-0.697893,51,192.73628
-0.700415,52,192.761243
-0.714513,51,192.784884
-0.764894,50,192.808205
-0.768205,51,192.832031
-0.784022,51,192.856973
-0.657137,50,192.880179
-0.643649,51,192.903644
-0.72873,51,192.927379
-0.761544,51,192.952582
-0.744401,51,192.976276
-0.801657,51,192.999931
-0.749749,51,193.024736
-0.737242,51,193.048719
-0.744237,51,193.0725
-0.769717,51,193.09614
-0.77174,51,193.120425
-0.652833,51,193.144167
-0.714994,51,193.167967
-0.691976,51,193.192059
-0.644088,51,193.215655
-0.627891,50,193.239085
-0.676447,52,193.263428
-0.722735,51,193.288085
-0.777451,51,193.311707
-0.731468,51,193.566394
-0.640402,52,193.59237
-0.652092,51,193.617089
-0.605347,50,193.639726
-0.765279,51,193.663744
-0.641677,51,193.689208
-0.727259,50,193.712635
-0.754016,51,193.736467
-0.747085,52,193.761759
-0.794376,51,193.785722
-0.611638,50,193.809226
-0.674685,52,193.833544
-0.719269,50,193.856729
-0.699329,51,193.881252
-0.65894,50,193.904782
-0.661641,50,193.928339
-0.754235,51,193.95211
-0.743762,51,193.976284
-0.803033,51,194.000245
-0.771857,51,194.02487
-0.688601,51,194.048537
-0.68975,50,194.071685
-0.8692,51,194.095574
-0.637617,51,194.120601
-0.668179,52,194.14482
-0.729179,51,194.16828
-0.798334,51,194.193175
-0.594367,51,194.217115
-0.642828,50,194.240389
-0.701299,50,194.263433
-0.770875,51,194.28799
-0.79745,51,194.311811
-0.84083,51,194.335649
-0.743164,51,194.35929
-0.826645,51,194.383404
-0.757567,51,194.407329
-0.807394,52,194.43173
-0.705482,51,194.455806
-0.73928,51,194.479405
-0.710445,51,194.503316
-0.665098,51,194.755208
-0.642789,51,194.780125
-0.691934,52,194.805543
-0.736464,51,194.830036
-0.6833,51,194.854292
-0.737054,51,194.878493
-0.703678,51,194.902812
-0.614192,52,194.927232
-0.69435,52,194.951847
-0.712353,51,194.975953
-0.891706,51,195.000958
-0.695329,50,195.024222
-0.682044,51,195.047997
-0.790607,51,195.071694
-0.855,51,195.095497
-0.729767,50,195.119996
-0.650008,52,195.144219
-0.68439,52,195.16853
-0.701662,51,195.192244
-0.61559,50,195.217278
-0.722619,51,195.240939
-0.733873,51,195.264541
-0.729631,50,195.28768
-0.686411,50,195.312149
-0.765139,51,195.33598
-0.802086,51,195.359595
-0.639408,51,195.383163
-0.712,51,195.407629
-0.730927,51,195.43141
-0.742408,51,195.455234
-0.657575,52,195.47939
-0.734446,51,195.50289
-0.762138,51,195.52732
-0.664147,51,195.551257
-0.704997,51,195.575239
-0.695227,50,195.59871
-0.619543,52,195.622779
-0.700481,52,195.647395
-0.606436,51,195.671326
-0.806579,50,195.69482
-0.674012,52,195.947561
-0.78826,51,195.972358
-0.678299,51,195.995975
-0.721293,51,196.02037
-0.679599,51,196.044626
-0.779909,51,196.068647
-0.689837,51,196.092529
-0.763838,51,196.117333
-0.751223,52,196.141902
-0.751549,50,196.165504
-0.839248,51,196.189269
-0.766548,51,196.213429
-0.715286,50,196.236975
-0.65143,52,196.262019
-0.745906,51,196.285711
-0.652783,51,196.309402
-0.794912,51,196.333087
-0.679449,52,196.358622
-0.639996,51,196.382148
-0.723452,51,196.405771
-0.872514,51,196.429438
-0.721753,51,196.453019
-0.771168,51,196.478248
-0.639566,50,196.501439
-0.662695,51,196.525188
-0.611985,51,196.549886
-0.750545,51,196.573844
-0.80024,51,196.597818
-0.679124,51,196.621501
-0.712843,51,196.645743
-0.750655,51,196.669726
-0.670818,50,196.693262
-0.779652,51,196.717424
-0.769768,50,196.740821
-0.834808,51,196.764843
-0.701562,51,196.788749
-0.730089,50,196.812771
-0.758623,51,196.836369
-0.659108,51,196.859989
-0.669853,51,196.883987
-0.704976,51,197.136435
-0.704522,52,197.161185
-0.668393,51,197.185696
-0.721115,51,197.209291
-0.717298,51,197.233641
-0.839171,51,197.258025
-0.780391,51,197.282253
-0.688132,51,197.30614
-0.663046,52,197.331024
-0.772047,50,197.354717
-0.79491,50,197.378441
-0.7804,52,197.40311
-0.730315,51,197.426775
-0.744237,51,197.450701
-0.735796,52,197.474977
-0.688239,50,197.49852
-0.771175,51,197.522897
-0.684972,51,197.546554
-0.840903,51,197.570348
-0.661958,51,197.594271
-0.744855,50,197.61786
-0.631989,52,197.642858
-0.724993,50,197.665898
-0.71338,52,197.689905
-0.614542,51,197.713777
-0.767391,51,197.738806
-0.694813,52,197.762942
-0.781119,51,197.786599
-0.688485,51,197.810118
-0.658663,51,197.833857
-0.737507,51,197.859189
-0.769999,51,197.882799
-0.775454,51,197.906403
-0.66413,50,197.929556
-0.65189,50,197.954327
-0.721785,51,197.978043
-0.691691,51,198.001603
-0.722219,52,198.025668
-0.7085,52,198.050907
-0.602743,51,198.074853
-0.89469,51,198.322836
-0.584433,51,198.347148
-0.645183,51,198.371749
-0.703484,50,198.395919
-0.715105,51,198.420414
-0.700603,51,198.443688
-0.786406,51,198.468906
-0.645225,51,198.49296
-0.754538,52,198.517344
-0.62759,51,198.541568
-0.837708,51,198.565671
-0.819305,51,198.589607
-0.642079,50,198.61333
-0.789343,52,198.637476
-0.740395,51,198.661352
-0.7738,51,198.685209
-0.704443,52,198.70944
-0.638951,52,198.734293
-0.66303,52,198.758328
-0.670026,51,198.781809
-0.675594,52,198.806107
-0.6276,51,198.830101
-0.811862,51,198.854758
-0.694558,51,198.878286
-0.898796,51,198.901803
-0.681782,51,198.925447
-0.773858,51,198.950645
-0.739499,52,198.974704
-0.722793,51,198.998315
-0.685143,52,199.022319
-0.661818,51,199.045919
-0.765956,50,199.070758
-0.81182,51,199.094281
-0.822675,51,199.117735
-0.654554,50,199.140771
-0.735331,51,199.16422
-0.623114,51,199.189385
-0.772926,50,199.212516
-0.74015,51,199.235863
-0.75342,51,199.25931
-0.663612,50,199.283673
-0.672295,50,199.533165
-0.715329,50,199.556993
-0.673863,51,199.58185
-0.710742,51,199.606545
-0.613522,51,199.630985
-0.709486,51,199.656064
-0.672883,51,199.679821
-0.855656,51,199.70367
-0.717976,51,199.727564
-0.723053,51,199.751724
-0.75541,51,199.776826
-0.654496,51,199.800543
-0.758135,50,199.82368
-0.673274,51,199.847359
-0.668256,51,199.871176
-0.787837,52,199.896873
-0.721176,50,199.919971
-0.718835,51,199.943446
-0.697124,52,199.967624
-0.672388,51,199.992707
-0.660232,52,200.01688
-0.731583,50,200.039965
-0.736442,52,200.064035
-0.656412,51,200.087581
-0.638884,51,200.112619
-0.69589,51,200.136579
-0.651288,51,200.160168
-0.723295,52,200.18429
-0.809817,51,200.207833
-0.669503,51,200.232516
-0.795952,51,200.256247
-0.666673,51,200.279808
-0.681041,51,200.303272
-0.657885,51,200.326756
-0.752308,50,200.351086
-0.773142,50,200.374639
-0.671934,51,200.398281
-0.721839,50,200.42136
-0.719695,51,200.444876
-0.659193,50,200.469008
-0.716512,51,200.720038
-0.866036,51,200.744378
-0.627946,52,200.769591
-0.719551,51,200.794242
-0.698102,50,200.818119
-0.615512,50,200.841807
-0.732387,51,200.865632
-0.815564,52,200.891054
-0.701518,50,200.914702
-0.79012,51,200.938738
-0.729834,50,200.96202
-0.730761,51,200.985664
-0.673002,51,201.010352
-0.68719,51,201.034271
-0.711318,51,201.058208
-0.61537,50,201.08169
-0.719249,51,201.105886
-0.591448,52,201.130325
-0.764553,51,201.154547
-0.709661,51,201.178502
-0.688095,51,201.202631
-0.675822,50,201.226018
-0.66177,52,201.251349
-0.740777,51,201.275767
-0.869386,51,201.300081
-0.590531,51,201.324747
-0.736443,50,201.348765
-0.730021,51,201.372681
-0.667103,51,201.396638
-0.673005,51,201.420657
-0.790131,51,201.445277
-0.60455,50,201.46939
-0.700348,51,201.493789
-0.625044,51,201.517448
-0.693107,50,201.54104
-0.781145,51,201.566019
-0.772877,51,201.590074
-0.910888,51,201.614142
-0.813658,51,201.638101
-0.6848,51,201.662942
-0.668142,51,201.911575
-0.620094,51,201.936062
-0.879237,51,201.960617
-0.78816,50,201.984946
-0.703214,51,202.008471
-0.682005,50,202.032076
-0.652927,52,202.05778
-0.691633,52,202.082552
-0.83266,51,202.106812
-0.774331,51,202.131074
-0.742903,50,202.154859
-0.673576,51,202.179007
-0.760548,51,202.202971
-0.735499,51,202.226702
-0.65097,52,202.252385
-0.700177,51,202.276827
-0.809744,51,202.301005
-0.772094,51,202.325095
-0.613966,50,202.34941
-0.838483,51,202.373778
-0.658645,51,202.397687
-0.790423,52,202.421972
-0.602406,51,202.447055
-0.782476,51,202.471529
-0.739419,51,202.495653
-0.735335,51,202.519661
-0.639788,51,202.54378
-0.782982,51,202.568538
-0.709966,51,202.592543
-0.673684,51,202.617174
-0.697685,51,202.641267
-0.778376,51,202.666297
-0.741314,50,202.690125
-0.633689,51,202.714194
-0.730475,51,202.738178
-0.681576,51,202.763003
-0.7248,51,202.78682
-0.670598,51,202.811702
-0.814665,51,202.83573
-0.82041,51,202.860887
-0.697163,52,203.109411
-0.641587,51,203.133745
-0.761641,52,203.159852
-0.637526,51,203.184774
-0.74415,51,203.209737
-0.713757,50,203.233894
-0.806844,51,203.258239
-0.645951,50,203.282255
-0.690486,52,203.306673
-0.673432,51,203.330846
-0.637927,52,203.356579
-0.75736,51,203.381115
-0.777752,51,203.406208
-0.930674,51,203.4302
-0.594486,50,203.454533
-0.680656,51,203.478447
-0.732757,51,203.502387
-0.610482,50,203.526076
-0.692277,51,203.551114
-0.861058,51,203.574894
-0.742029,50,203.598127
-0.626006,50,203.621383
-0.764633,51,203.646721
-0.800606,51,203.67037
-0.622692,51,203.694009
-0.693483,51,203.717556
-0.732031,51,203.741224
-0.687062,51,203.767736
-0.731499,51,203.791713
-0.716128,51,203.815388
-0.770701,51,203.839025
-0.700402,52,203.863272
-0.814969,51,203.886933
-0.669822,51,203.91077
-0.664837,51,203.93583
-0.687331,50,203.960282
-0.738808,51,203.98433
-0.663531,52,204.008749
-0.620628,52,204.033034
-0.724329,52,204.057415
-0.729335,51,204.309199
-0.709449,51,204.333886
-0.808624,51,204.359188
-0.656031,51,204.383512
-0.719611,50,204.407625
-0.77688,51,204.43197
-0.711777,51,204.457171
-0.771877,51,204.482565
-0.642002,51,204.506888
-0.791967,51,204.531112
-0.720721,51,204.555126
-0.740602,52,204.579666
-0.714292,52,204.604692
-0.719621,52,204.629232
-0.697163,51,204.654192
-0.774684,51,204.678495
-0.698532,51,204.702668
-0.64621,52,204.727075
-0.86051,51,204.750807
-0.733611,51,204.775266
-0.685996,51,204.79927
-0.691749,51,204.823225
-0.85088,51,204.848002
-0.75126,51,204.872464
-0.733718,51,204.896271
-0.750125,51,204.920147
-0.731601,51,204.959549
-0.743943,51,205.022542
-0.663671,51,205.049031
-0.690423,52,205.076026
-0.927047,51,205.10191
-0.847194,51,205.127814
-0.672518,52,205.152505
-0.666932,51,205.176581
-0.962307,51,205.200623
-0.793103,51,205.224647
-0.675457,51,205.249387
-0.662555,51,205.273655
-0.664845,51,205.298146
-0.71326,51,205.322204
-0.660577,52,205.570856
-0.843045,51,205.595384
-0.816529,50,205.61903
-0.76393,52,205.646272
-0.762402,51,205.671075
-0.644927,51,205.695761
-0.740365,51,205.719761
-0.710332,52,205.744852
-0.712466,51,205.770141
-0.749125,51,205.794416
-0.778778,51,205.818605
-0.62147,51,205.842772
-0.711971,51,205.867755
-0.775003,51,205.891939
-0.593201,50,205.915624
-0.784789,51,205.939649
-0.735003,52,205.965126
-0.776976,52,205.989891
-0.62281,52,206.014699
-0.836824,52,206.038913
-0.663434,50,206.063339
-0.784303,51,206.087553
-0.694057,51,206.111657
-0.715839,51,206.135704
-0.79693,51,206.160717
-0.766577,51,206.185262
-0.753982,51,206.209236
-0.773567,51,206.23328
-0.906741,51,206.258406
-0.753886,52,206.283295
-0.628443,50,206.307542
-0.698814,52,206.33262
-0.651466,50,206.356992
-0.738466,51,206.380978
-0.670506,52,206.405427
-0.634523,50,206.429569
-0.765094,51,206.454567
-0.749763,52,206.479461
-0.806694,50,206.503268
-0.6094,51,206.527723
-0.738559,50,206.780049
-0.644414,51,206.803985
-0.756819,51,206.828089
-0.799131,50,206.851812
-0.621175,50,206.875909
-0.720078,51,206.900542
-0.752587,51,206.92488
-0.662076,51,206.950157
-0.724807,51,206.974634
-0.756509,51,206.998956
-0.754302,50,207.022609
-0.825652,51,207.047239
-0.749771,51,207.071602
-0.748164,50,207.096117
-0.620885,51,207.12118
-0.667741,52,207.146391
-0.716389,51,207.170799
-0.79114,50,207.194438
-0.802688,51,207.218305
-0.663677,51,207.247851
-0.641364,52,207.277907
-0.905984,50,207.304215
-0.667016,52,207.330159
-0.806377,51,207.357753
-0.757747,51,207.38275
-0.566338,51,207.406938
-0.625491,52,207.431444
-0.736643,51,207.456213
-0.713525,51,207.480757
-0.751919,50,207.504358
-0.678473,52,207.528734
-0.749647,51,207.553526
-0.725123,51,207.577981
-0.686002,52,207.602374
-0.620498,51,207.626515
-0.784797,51,207.65126
-0.708562,51,207.675651
-0.769656,51,207.700491
-0.798291,51,207.724323
-0.64426,50,207.748411
-0.792933,51,207.772723
-0.906828,52,208.023533
-0.718809,51,208.048774
-0.821015,51,208.073585
-0.560542,50,208.097643
-0.820888,51,208.122512
-0.771114,50,208.148204
-0.657517,50,208.172331
-0.584959,50,208.19601
-0.858493,51,208.220095
-0.696779,52,208.2453
-0.74136,51,208.270032
-0.710417,50,208.293846
-0.666352,50,208.318288
-0.606048,50,208.341501
-0.719277,51,208.366317
-0.679144,51,208.390355
-0.759953,50,208.413953
-0.610273,51,208.437988
-0.679149,51,208.463899
-0.767168,50,208.487543
-0.699583,51,208.511374
-0.665924,51,208.53517
-0.797767,51,208.560208
-0.74858,51,208.585839
-0.680281,52,208.610273
-0.636788,51,208.634005
-0.703449,50,208.658477
-0.613265,50,208.681854
-0.747968,51,208.705753
-0.723573,51,208.731161
-0.720724,51,208.754822
-0.733828,51,208.778438
-0.647761,52,208.802565
-0.703438,51,208.82618
-0.743112,51,208.850781
-0.701508,51,208.875232
-0.810622,51,208.90063
-0.701614,51,208.924432
-0.690682,51,208.948186
-0.771146,52,208.972393
-0.633035,51,209.221946
-0.704557,51,209.24634
-0.655814,51,209.270297
-0.67396,51,209.294344
-0.698758,52,209.319177
-0.755621,51,209.343601
-0.782063,51,209.368975
-0.72005,51,209.393235
-0.720733,51,209.418731
-0.676745,51,209.442917
-0.655314,51,209.468023
-0.747909,51,209.492106
-0.700245,51,209.516209
-0.673042,51,209.540096
-0.693218,51,209.564892
-0.669184,50,209.589684
-0.697302,52,209.614268
-0.65467,52,209.638616
-0.720527,51,209.663297
-0.938808,52,209.687664
-0.718626,51,209.711386
-0.791768,51,209.736194
-0.671334,52,209.761508
-0.735276,51,209.785878
-0.695631,51,209.810288
-0.844596,52,209.834784
-0.734161,51,209.859159
-0.732599,52,209.883733
-0.77629,52,209.908275
-0.940398,51,209.9322
-0.746028,51,209.957123
-0.772971,51,209.981206
-0.668675,51,210.004839
-0.770028,51,210.02857
-0.709825,51,210.053132
-0.765897,51,210.077101
-0.646241,51,210.100917
-0.678536,51,210.124699
-0.745963,50,210.147798
-0.849322,51,210.171457
-0.629167,50,210.418984
-0.783311,51,210.443773
-0.733339,52,210.468843
-0.645992,50,210.492766
-0.714414,51,210.517037
-0.722175,51,210.541553
-0.721922,51,210.56637
-0.737391,51,210.590791
-0.689422,51,210.615093
-0.668231,52,210.639721
-0.605982,51,210.66498
-0.683441,52,210.689987
-0.712001,52,210.714797
-0.755325,51,210.739106
-0.563771,51,210.764097
-0.90447,51,210.788345
-0.568748,51,210.812428
-0.710419,51,210.836627
-0.722866,51,210.861602
-0.684453,51,210.885341
-0.780377,51,210.91001
-0.750408,51,210.933994
-0.72238,51,210.962016
-0.730544,52,210.990913
-0.639445,51,211.016191
-0.725831,51,211.039966
-0.786328,51,211.064778
-0.637095,51,211.088634
-0.816486,51,211.11237
-0.834637,51,211.136276
-0.72372,51,211.161149
-0.644384,50,211.18593
-0.691724,51,211.20959
-0.744131,51,211.233366
-0.756066,51,211.25804
-0.639016,51,211.282131
-0.633335,51,211.306247
-0.785525,51,211.330367
-0.916753,51,211.355315
-0.784316,51,211.380423
-0.753272,51,211.629731
-0.732028,50,211.654701
-0.678695,51,211.679272
-0.690201,51,211.703574
-0.688509,51,211.727604
-0.721739,51,211.752871
-0.687175,51,211.777947
-0.84081,51,211.802243
-0.731719,52,211.826894
-0.725394,51,211.85177
-0.70247,52,211.87662
-0.637056,51,211.902258
-0.768513,51,211.926408
-0.664253,51,211.951151
-0.699228,52,211.97576
-0.79335,51,211.99959
-0.742688,52,212.023795
-0.894234,51,212.049488
-0.664731,51,212.072371
-0.718422,50,212.097418
-0.659413,51,212.12109
-0.714887,51,212.145267
-0.766546,51,212.16974
-0.669597,51,212.193714
-0.628261,51,212.217659
-0.723516,51,212.243039
-0.778255,51,212.268051
-0.679758,51,212.292101
-0.689984,51,212.3159
-0.698712,51,212.339684
-0.733904,51,212.364528
-0.731632,51,212.388339
-0.686335,50,212.413282
-0.861915,52,212.437511
-0.61743,51,212.462339
-0.742237,51,212.486238
-0.66599,51,212.509967
-0.713731,51,212.533615
-0.703449,52,212.558957
-0.714398,52,212.583603
-0.671263,51,212.834897
-0.668012,51,212.860274
-0.68349,51,212.88464
-0.639154,51,212.909183
-0.79326,50,212.933376
-0.713598,51,212.958554
-0.633339,51,212.983463
-0.849853,51,213.008333
-0.741591,51,213.032377
-0.787431,51,213.057441
-0.665142,51,213.081925
-0.81366,51,213.106276
-0.754154,52,213.131006
-0.82182,52,213.155873
-0.740902,51,213.180685
-0.754983,51,213.204401
-0.946555,51,213.228221
-0.871373,51,213.253116
-0.912628,51,213.277455
-0.689765,51,213.301553
-0.742213,51,213.325717
-0.647605,50,213.350497
-0.687442,51,213.374578
-0.7804,51,213.398326
-0.711837,51,213.422287
-0.70414,50,213.446469
-0.600462,51,213.471047
-0.754336,51,213.495212
-0.83723,51,213.519536
-0.671681,51,213.543415
-0.715814,51,213.568501
-0.593441,51,213.592851
-0.744419,51,213.617017
-0.731205,51,213.641058
-0.622874,50,213.665659
-0.959173,51,213.68984
-0.763491,51,213.713682
-0.713816,51,213.737305
-0.663462,51,213.762771
-0.677611,52,213.787362
-0.752266,51,214.035961
-0.830576,51,214.060406
-0.779205,51,214.085872
-0.70564,51,214.110248
-0.705152,51,214.134467
-0.670771,51,214.158481
-0.743195,51,214.182324
-0.846115,51,214.207269
-0.676673,51,214.231514
-0.604856,51,214.25662
-0.723811,51,214.281065
-0.723464,51,214.305279
-0.700568,51,214.329255
-0.769945,51,214.353868
-0.740216,51,214.378045
-0.658618,50,214.401805
-0.647451,52,214.426305
-0.594888,51,214.451254
-0.806127,51,214.475279
-0.703582,52,214.499577
-0.830873,51,214.52331
-0.679613,51,214.548132
-0.787049,51,214.572111
-0.654422,51,214.596007
-0.592102,52,214.62033
-0.73402,51,214.64447
-0.69065,51,214.668843
-0.71629,52,214.693251
-0.647545,51,214.7171
-0.683747,51,214.742207
-0.665722,50,214.765792
-0.644274,51,214.78951
-0.786662,51,214.813261
-0.797433,52,214.837456
-0.693421,51,214.862268
-0.652895,51,214.886196
-0.816845,51,214.910068
-0.691983,52,214.934633
-0.741647,51,214.958642
-0.789544,52,214.983941
-0.75094,51,215.230863
-0.606106,52,215.257218
-0.647035,50,215.281405
-0.723916,51,215.305776
-0.744034,50,215.329593
-0.746554,51,215.354761
-0.749906,50,215.378676
-0.673011,51,215.402732
-0.708736,51,215.427751
-0.773576,51,215.451999
-0.658896,50,215.475754
-0.635392,51,215.499791
-0.765822,51,215.523719
-0.660282,50,215.547831
-0.731256,50,215.572612
-0.643084,51,215.596923
-0.665309,51,215.621078
-0.9527,51,215.644981
-0.749701,51,215.669962
-0.625985,51,215.694022
-0.714854,51,215.717829
-0.69247,51,215.741502
-0.790399,51,215.766376
-0.980675,50,215.789944
-0.838349,51,215.815466
-0.736891,51,215.839308
-0.675652,51,215.864129
-0.778241,51,215.888179
-0.665091,51,215.911965
-0.686623,51,215.935768
-0.681496,51,215.960633
-0.625751,51,215.98493
-0.766218,51,216.008986
-0.678978,50,216.032608
-0.798768,51,216.057443
-0.700665,51,216.082116
-0.767385,51,216.158426
-0.702633,51,216.185236
-0.709925,51,216.209987
-0.710441,51,216.236616
-0.681162,51,216.262884
-0.827796,51,216.511538
-0.882915,51,216.535869
-0.76883,51,216.561897
-0.735196,51,216.586649
-0.654935,50,216.610878
-0.710098,51,216.635462
-0.902055,51,216.659862
-0.781585,52,216.684653
-0.583104,50,216.708661
-0.761314,51,216.732915
-0.712415,51,216.758162
-0.838835,51,216.782523
-0.600474,50,216.806417
-0.752531,51,216.830858
-0.65025,51,216.854814
-0.620385,52,216.879344
-0.688717,52,216.903808
-0.702723,51,216.927749
-0.859592,51,216.952816
-0.6811,51,216.977255
-0.76908,51,217.001544
-0.915691,51,217.02567
-0.711679,51,217.049825
-0.662501,51,217.073898
-0.751817,52,217.099396
-0.66093,51,217.123107
-0.750864,52,217.148349
-0.761774,51,217.172501
-0.717829,51,217.196235
-0.694412,51,217.220206
-0.746882,51,217.244223
-0.735883,52,217.268686
-0.671133,52,217.293819
-0.75906,51,217.317468
-0.656888,52,217.341508
-0.757792,51,217.36661
-0.657334,52,217.391285
-0.737825,51,217.415487
-0.65982,51,217.440377
-0.707444,51,217.464209
-0.67258,50,217.712035
-0.669747,51,217.736412
-0.728281,51,217.761871
-0.761807,51,217.786284
-0.726474,50,217.810004
-0.710397,51,217.834131
-0.669844,50,217.858769
-0.669345,51,217.883074
-0.594651,51,217.907545
-0.700769,52,217.932433
-0.760607,52,217.958002
-0.721875,51,217.982105
-0.8145,50,218.006275
-0.664269,51,218.030458
-0.755404,51,218.054625
-0.760576,51,218.079118
-0.702461,51,218.102913
-0.834407,51,218.126837
-0.757013,52,218.152229
-0.72046,50,218.176286
-0.641143,51,218.20045
-0.713763,51,218.224597
-0.750209,51,218.248753
-0.763777,51,218.272655
-0.721567,52,218.297325
-0.754786,51,218.321306
-0.790081,51,218.345871
-0.672515,51,218.370434
-0.730262,51,218.394479
-0.704854,51,218.418454
-0.718247,52,218.442689
-0.697274,52,218.468063
-0.676395,50,218.492111
-0.638813,52,218.516603
-0.772668,52,218.541127
-0.608108,52,218.56669
-0.700381,51,218.591047
-0.694006,50,218.614748
-0.770281,52,218.639167
-0.679723,51,218.664479
-0.731048,51,218.913108
-0.623296,51,218.937219
-0.667746,51,218.962331
-0.716531,51,218.986644
-0.677844,51,219.010831
-0.707932,50,219.034468
-0.762554,51,219.059681
-0.664865,52,219.084554
-0.685213,51,219.109009
-0.760296,51,219.134104
-0.66016,50,219.157479
-0.727452,51,219.181388
-0.807667,51,219.205366
-0.735471,51,219.229404
-0.698708,51,219.254529
-0.67363,51,219.280168
-0.825208,51,219.304202
-0.60317,50,219.327631
-0.700358,50,219.35182
-0.790337,51,219.375973
-0.70126,52,219.400502
-0.735193,51,219.424519
-0.629105,51,219.450083
-0.650411,50,219.473764
-0.741212,51,219.49754
-0.64471,51,219.521281
-0.725761,51,219.545801
-0.688262,51,219.570412
-0.662544,51,219.594635
-0.677402,51,219.618799
-0.664189,51,219.642816
-0.770543,50,219.667528
-0.612245,50,219.691182
-0.791923,51,219.71556
-0.646625,51,219.739763
-0.718539,50,219.764224
-0.649858,51,219.788427
-0.738337,51,219.812493
-0.731206,51,219.836309
-0.676205,51,219.861073
-0.804141,51,220.109555
-0.763359,50,220.133585
-0.761175,51,220.159005
-0.636584,51,220.183518
-0.881813,51,220.207865
-0.694058,52,220.232603
-0.802024,51,220.257671
-0.676267,52,220.282105
-0.853419,51,220.306207
-0.749927,52,220.330849
-0.867513,51,220.356828
-0.725146,51,220.380125
-0.762799,51,220.40562
-0.733536,51,220.429785
-0.749393,51,220.454698
-0.764035,51,220.478937
-0.725165,52,220.503477
-0.734462,51,220.527243
-0.689922,51,220.552971
-0.767825,51,220.577156
-0.630367,50,220.600773
-0.71975,52,220.625008
-0.670317,50,220.648932
-0.731165,51,220.673013
-0.708634,51,220.69675
-0.694791,51,220.720442
-0.733048,51,220.748046
-0.755383,51,220.774988
-0.668428,50,220.799037
-0.642001,50,220.822574
-0.686134,51,220.846162
-0.579895,51,220.869876
-0.643776,51,220.893566
-0.807546,51,220.917245
-0.678616,51,220.942698
-0.752333,51,220.967769
-0.673266,52,220.992318
-0.610606,50,221.01578
-0.651633,52,221.040191
-0.74269,51,221.064786
-0.701939,51,221.316141
-0.648271,51,221.341096
-0.839264,51,221.366064
-0.666427,51,221.390764
-0.710445,51,221.415022
-0.828142,51,221.439353
-0.740807,52,221.465187
-0.702483,52,221.489898
-0.76172,52,221.514531
-0.655377,51,221.538842
-0.655754,50,221.562759
-0.625282,51,221.587019
-0.73854,52,221.611494
-0.7646,51,221.635625
-0.72904,51,221.660678
-0.748572,51,221.685035
-0.768896,50,221.708901
-0.591579,50,221.732614
-0.827849,51,221.757518
-0.832198,51,221.781553
-0.768547,51,221.805407
-0.654398,50,221.829723
-0.74913,51,221.854623
-0.729931,51,221.879009
-0.793604,51,221.903175
-0.646639,51,221.927145
-0.815105,51,221.951802
-0.759436,51,221.975912
-0.61944,52,222.000232
-0.588973,51,222.024002
-0.656681,51,222.048456
-0.748839,51,222.07266
-0.814029,51,222.096723
-0.69788,51,222.121947
-0.820523,51,222.14616
-0.651049,51,222.170617
-0.831449,51,222.194529
-0.637922,51,222.218352
-0.826087,51,222.242336
-0.705822,52,222.267865
-0.801827,52,222.51591
-0.677987,51,222.540065
-0.625729,51,222.565218
-0.668493,51,222.589527
-0.788895,52,222.614209
-0.724588,50,222.639497
-0.771158,52,222.665322
-0.628912,51,222.689453
-0.6797,51,222.713231
-0.745362,51,222.737481
-0.694012,51,222.763526
-0.738351,51,222.788101
-0.817969,51,222.812489
-0.7299,51,222.83672
-0.693762,51,222.860879
-0.646426,50,222.884362
-0.753277,51,222.908417
-0.69843,51,222.933403
-0.660847,51,222.957495
-0.637781,51,222.981544
-0.845897,51,223.005448
-0.746568,51,223.029475
-0.756184,51,223.053279
-0.665268,51,223.077021
-0.678283,51,223.100753
-0.703988,52,223.124837
-0.621791,52,223.150133
-0.673541,52,223.174864
-0.654419,51,223.200179
-0.792105,51,223.223786
-0.764222,51,223.247523
-0.762964,51,223.271199
-0.634769,51,223.294828
-0.731569,51,223.318688
-0.816777,51,223.342716
-0.858709,51,223.367888
-0.781287,51,223.392195
-0.692473,51,223.416332
-0.688978,51,223.440514
-0.633256,51,223.464268
-0.668634,50,223.710782
-0.909291,51,223.735514
-0.643004,51,223.759908
-0.779604,52,223.78464
-0.641726,52,223.809345
-0.759755,51,223.833442
-0.842307,51,223.857549
-0.781091,51,223.88134
-0.784161,51,223.90503
-0.617479,50,223.929561
-0.756183,51,223.954692
-0.733876,51,223.979115
-0.764185,51,224.003042
-0.667392,51,224.026955
-0.728375,51,224.050837
-0.687242,50,224.075369
-0.70777,51,224.099534
-0.58934,51,224.123448
-0.691109,50,224.14671
-0.709775,52,224.170882
-0.639654,52,224.195029
-0.630552,52,224.218992
-0.597043,51,224.242631
-0.729061,51,224.267871
-0.733647,51,224.293554
-0.787948,51,224.317466
-0.762846,51,224.341343
-0.765957,51,224.365185
-0.764554,50,224.388475
-0.679009,51,224.41238
-0.822004,51,224.436335
-0.691012,52,224.461896
-0.694985,51,224.486125
-0.826489,51,224.510213
-0.762325,51,224.534203
-0.725332,51,224.558201
-0.630185,50,224.581776
-0.77325,52,224.606322
-0.693663,52,224.630683
-0.702648,51,224.655576
-0.784039,51,224.679893
-0.660309,52,224.927482
-0.671831,51,224.95158
-0.691483,52,224.97635
-0.769804,52,225.001083
-0.724806,51,225.024424
-0.776849,51,225.049266
-0.744686,52,225.074158
-0.6783,50,225.09775
-0.779758,50,225.121448
-0.689721,51,225.146702
-0.741667,52,225.171189
-0.700171,50,225.194466
-0.715834,52,225.218704
-0.666357,51,225.242435
-0.653048,51,225.26779
-0.740778,51,225.292258
-0.670909,52,225.318035
-0.609435,51,225.341959
-0.630378,52,225.366305
-0.81841,51,225.389945
-0.583971,50,225.413282
-0.613597,51,225.437255
-0.737473,52,225.462751
-0.676021,52,225.487316
-0.781213,51,225.511367
-0.794577,50,225.535026
-0.69925,52,225.55948
-0.699001,51,225.58321
-0.607458,52,225.607843
-0.681972,52,225.632186
-0.767463,51,225.657228
-0.734784,51,225.681553
-0.822093,51,225.705653
-0.836132,51,225.729623
-0.643341,51,225.754335
-0.726634,51,225.778289
-0.793774,51,225.801981
-0.783101,51,225.825692
-0.722442,50,225.848958
-0.606443,50,225.872356
-0.605289,51,226.120122
-0.74414,51,226.144324
-0.832226,51,226.168205
-0.679251,51,226.192398
-0.767149,51,226.218049
-0.823046,52,226.242975
-0.871753,51,226.26714
-0.655343,51,226.291019
-0.69263,51,226.314943
-0.576684,51,226.338523
-0.758355,51,226.363912
-0.716995,51,226.388368
-0.657625,52,226.412846
-0.686559,51,226.436927
-0.829224,51,226.461078
-0.785195,51,226.485183
-0.759512,51,226.509844
-0.705371,51,226.53372
-0.668638,50,226.558229
-0.666403,51,226.582481
-0.722324,51,226.606501
-0.598265,51,226.630683
-0.743085,51,226.655592
-0.616564,51,226.680313
-0.716538,51,226.706228
-0.618817,51,226.730249
-0.729498,51,226.755067
-0.680927,51,226.779153
-0.6455,52,226.8038
-0.70459,51,226.834291
-0.718163,51,226.858574
-0.756347,51,226.882826
-0.831147,51,226.906921
-0.785975,50,226.9314
-0.769455,51,226.956291
-0.68453,52,226.980836
-0.646356,51,227.055593
-0.697527,51,227.080047
-0.673513,50,227.106149
-0.738987,51,227.132007
-0.641072,50,227.381139
-0.759673,50,227.404915
-0.744211,51,227.429449
-0.713945,51,227.454785
-0.686968,50,227.479096
-0.727246,52,227.504146
-0.81214,51,227.528805
-0.701194,52,227.554362
-0.632259,51,227.578925
-0.579207,50,227.602848
-0.718884,51,227.627143
-0.700581,51,227.652363
-0.71384,52,227.677317
-0.83945,51,227.702172
-0.62521,51,227.726096
-0.640485,51,227.750932
-0.622967,50,227.774989
-0.723766,52,227.799786
-0.719361,51,227.825008
-0.64176,52,227.850144
-0.735767,51,227.874423
-0.730436,51,227.898421
-0.730106,51,227.922287
-0.593102,51,227.946928
-0.726222,51,227.971537
-0.678607,51,227.995788
-0.753376,50,228.019514
-0.663968,51,228.044472
-0.794289,51,228.068995
-0.882907,51,228.092791
-0.681909,50,228.11629
-0.83712,51,228.140338
-0.697636,51,228.16527
-0.710872,51,228.189447
-0.713022,52,228.214302
-0.821643,51,228.237976
-0.629878,51,228.263153
-0.703334,51,228.287502
-0.753642,52,228.313481
-0.680748,51,228.33733
-0.714577,51,228.584231
-0.694407,50,228.608201
-0.761457,51,228.632317
-0.795771,51,228.657684
-0.653084,52,228.682732
-0.762653,51,228.706832
-0.610237,50,228.731119
-0.785275,50,228.755078
-0.646588,51,228.778021
-0.871088,51,228.803594
-0.782234,51,228.82747
-0.701796,51,228.852548
-0.606172,50,228.876336
-0.760238,51,228.900345
-0.656943,52,228.924685
-0.837331,51,228.949865
-0.637602,51,228.973948
-0.66454,50,228.99728
-0.746512,51,229.021067
-0.731749,51,229.045359
-0.769007,51,229.069774
-0.668256,51,229.093584
-0.629391,51,229.11878
-0.744943,51,229.142461
-0.699893,50,229.16665
-0.817755,50,229.190024
-0.634094,51,229.21392
-0.646183,51,229.237479
-0.63253,51,229.262252
-0.603931,50,229.286249
-0.679141,52,229.310879
-0.686285,50,229.335222
-0.664208,50,229.359091
-0.838525,51,229.383704
-0.702631,51,229.407547
-0.770188,51,229.431554
-0.658438,50,229.455969
-0.769156,51,229.480074
-0.773219,51,229.504155
-0.698545,52,229.528754
-0.737751,51,229.776963
-0.701883,52,229.801714
-0.812545,51,229.825917
-0.7228,51,229.850984
-0.749189,51,229.875126
-0.57097,50,229.898686
-0.610082,50,229.922171
-0.719682,51,229.946154
-0.69112,50,229.970052
-0.829667,51,229.994383
-0.839642,51,230.019229
-0.88139,51,230.042879
-0.745182,51,230.068272
-0.659966,50,230.092079
-0.661794,51,230.116449
-0.5908,51,230.140744
-0.647642,50,230.164599
-0.673406,51,230.189385
-0.70118,51,230.213256
-0.637813,51,230.23714
-0.692809,52,230.26179
-0.700757,50,230.285418
-0.749549,50,230.309106
-0.729292,52,230.33415
-0.746003,51,230.358972
-0.702289,51,230.382977
-0.640824,51,230.406971
-0.775703,51,230.431024
-0.727598,52,230.456501
-0.746145,51,230.480866
-0.694453,51,230.504866
-0.804753,51,230.529226
-0.616273,51,230.553851
-0.940542,51,230.577858
-0.856267,51,230.601854
-0.824738,51,230.625874
-0.700126,51,230.650645
-0.699737,51,230.675089
-0.723961,52,230.699812
-0.666603,50,230.723567
-0.692308,52,230.971334
-0.800072,51,230.995768
-0.759445,51,231.022021
-0.754746,51,231.046618
-0.772387,52,231.072231
-0.750794,51,231.096712
-0.668808,51,231.120993
-0.772692,51,231.145246
-0.681037,51,231.169623
-0.691838,51,231.193639
-0.715509,51,231.217462
-0.644538,51,231.240997
-0.795194,51,231.265947
-0.607401,50,231.289562
-0.734577,52,231.314048
-0.691053,50,231.337289
-0.734832,51,231.361563
-0.622454,51,231.385556
-0.686525,51,231.409543
-0.642126,51,231.433734
-0.722132,51,231.457517
-0.684762,51,231.481407
-0.783561,51,231.505264
-0.653941,51,231.529715
-0.788181,50,231.552788
-0.734724,51,231.576379
-0.731684,51,231.600374
-0.687856,52,231.624773
-0.719215,51,231.649392
-0.99992,51,231.672997
-0.667513,51,231.696451
-0.795585,51,231.72018
-0.779379,51,231.744005
-0.749679,51,231.768678
-0.67682,51,231.792144
-0.777083,51,231.815619
-0.788464,51,231.839246
-0.750028,51,231.864402
-0.754538,51,231.88799
-0.746577,51,231.911441
-0.748427,51,231.934823
-0.719892,51,232.180782
-0.637755,51,232.205
-0.620801,51,232.229084
-0.639139,50,232.252606
-0.696975,51,232.277075
-0.691474,50,232.300677
-0.665219,51,232.324798
-0.747958,51,232.34898
-0.67074,50,232.373683
-0.769773,51,232.397676
-0.701002,52,232.421922
-0.699711,52,232.445954
-0.758776,51,232.471396
-0.732699,51,232.49524
-0.658069,52,232.519463
-0.659206,51,232.543014
-0.716288,51,232.566724
-0.637905,51,232.591782
-0.678992,50,232.615295
-0.713296,50,232.638592
-0.67191,52,232.66333
-0.666783,51,232.687272
-0.788048,51,232.711103
-0.850464,52,232.735411
-0.715599,50,232.758828
-0.671188,51,232.78276
-0.645084,51,232.806594
-0.661598,51,232.831106
-0.738374,51,232.854684
-0.931585,51,232.879691
-0.760279,51,232.903318
-0.680067,51,232.92675
-0.632114,51,232.950245
-0.676978,52,232.974252
-0.651851,50,232.997188
-0.725167,50,233.022047
-0.706792,51,233.045594
-0.71087,51,233.068973
-0.756788,50,233.091952
-0.788294,51,233.115443
-0.876287,51,233.361807
-0.721751,51,233.385824
-0.61047,50,233.410254
-0.641519,51,233.43404
-0.771125,51,233.45765
-0.658353,51,233.481673
-0.598945,51,233.505761
-0.690675,51,233.530928
-0.799079,51,233.554046
-0.685189,51,233.578691
-0.657137,50,233.601983
-0.688177,51,233.625751
-0.660339,51,233.650987
-0.680518,52,233.675239
-0.725389,50,233.698434
-0.712399,51,233.722073
-0.685887,51,233.747206
-0.796953,50,233.770713
-0.817985,51,233.794275
-0.80296,51,233.81792
-0.74157,50,233.842177
-0.684975,51,233.865999
-0.700358,52,233.890269
-0.670154,52,233.914143
-0.713101,51,233.937518
-0.650964,51,233.960877
-0.652853,51,233.985546
-0.877422,51,234.009264
-0.784002,51,234.032672
-0.667039,51,234.055926
-0.691217,50,234.078893
-0.706775,52,234.104146
-0.695307,51,234.127919
-0.708628,51,234.151594
-0.814166,51,234.175103
-0.929102,51,234.198486
-0.766062,52,234.222342
-0.830536,51,234.247153
-0.657576,52,234.271237
-0.683768,51,234.29459
-0.704784,51,234.539644
-0.629453,52,234.563954
-0.708465,51,234.587712
-0.63328,51,234.611523
-0.670073,52,234.637547
-0.623207,51,234.661451
-0.65066,50,234.684977
-0.766676,51,234.70894
-0.725592,52,234.733287
-0.971396,51,234.758576
-0.798987,51,234.782784
-0.75247,51,234.806657
-0.758895,51,234.830207
-0.747538,51,234.85413
-0.824949,51,234.8779
-0.643546,51,234.903093
-0.644303,51,234.927026
-0.622073,52,234.951366
-0.726085,51,234.974992
-0.704459,51,234.999619
-0.744425,51,235.023572
-0.723773,51,235.047559
-0.761372,51,235.071394
-0.69529,51,235.09492
-0.73975,51,235.119123
-0.676792,51,235.142871
-0.73762,51,235.166707
-0.66909,51,235.1906
-0.691442,51,235.214202
-0.620837,51,235.238202
-0.645501,51,235.261973
-0.758299,52,235.28627
-0.701181,51,235.310403
-0.708212,51,235.334078
-0.831194,52,235.358437
-0.601704,50,235.382948
-0.678498,51,235.406438
-0.834142,51,235.43004
-0.764749,51,235.453481
-0.697651,51,235.477249
-0.798466,51,235.724844
-0.776343,51,235.749057
-0.679661,51,235.772889
-0.745144,50,235.796581
-0.745473,51,235.820574
-0.769977,51,235.844534
-0.786907,50,235.868312
-0.651757,51,235.892532
-0.743778,51,235.916764
-0.779742,51,235.941149
-0.689936,51,235.965144
-0.830975,51,235.989324
-0.705706,51,236.0133
-0.881504,51,236.037298
-0.702906,50,236.061487
-0.669495,51,236.085149
-0.691388,51,236.109146
-0.872396,52,236.133576
-0.732173,52,236.15801
-0.69004,50,236.182255
-0.736092,52,236.206521
-0.692602,51,236.230313
-0.757328,50,236.253774
-0.695794,51,236.278855
-0.60424,51,236.302411
-0.638342,50,236.325467
-0.744428,51,236.348912
-0.677461,51,236.374057
-0.794673,51,236.397595
-0.714889,51,236.421048
-0.782596,52,236.445291
-0.675423,50,236.468338
-0.614632,50,236.492887
-0.796988,51,236.516616
-0.605888,52,236.540586
-0.692443,51,236.564014
-0.62579,51,236.588543
-0.851024,51,236.612226
-0.766218,51,236.636098
-0.817232,51,236.659526
-0.635477,50,236.904057
-0.738623,52,236.928453
-0.671083,52,236.953954
-0.732033,51,236.977821
-0.789318,51,237.001615
-0.660247,51,237.025284
-0.663672,51,237.048988
-0.636529,52,237.074566
-0.682305,50,237.098362
-0.594758,51,237.122338
-0.674147,52,237.146655
-0.640752,50,237.169909
-0.824613,50,237.193157
-0.670227,51,237.218097
-0.803368,51,237.242155
-0.55079,51,237.265943
-0.682936,51,237.289751
-0.829954,51,237.314309
-0.62438,51,237.338329
-0.809184,51,237.362388
-0.66742,51,237.386357
-0.715224,50,237.409875
-0.652558,51,237.434232
-0.853668,51,237.458127
-0.747151,51,237.481989
-0.697856,51,237.505808
-0.713449,50,237.529155
-0.693665,51,237.553326
-0.764437,51,237.577188
-0.65678,51,237.600836
-0.786978,52,237.625313
-0.680742,52,237.649237
-0.714931,51,237.672953
-0.80974,51,237.696678
-0.608789,51,237.720371
-0.703838,51,237.744176
-0.712065,51,237.768101
-0.650686,51,237.791857
-0.791587,51,237.815717
-0.704302,51,237.839553
-0.825443,52,238.144917
-0.764668,51,238.169073
-0.785537,51,238.193001
-0.673337,50,238.217059
-0.782334,51,238.241042
-0.793314,51,238.265178
-0.80186,51,238.289143
-0.66743,51,238.31324
-0.745991,51,238.337516
-0.720606,51,238.361863
-0.69414,50,238.386275
-0.812513,51,238.410294
-0.735646,51,238.434255
-0.704522,51,238.458191
-0.722035,51,238.483232
-0.673321,50,238.506513
-0.639048,51,238.53023
-0.663935,51,238.555232
-0.622046,50,238.578751
-0.751166,51,238.602455
-0.780062,50,238.625564
-0.742116,51,238.650289
-0.661283,51,238.674282
-0.64758,51,238.698169
-0.656945,52,238.722339
-0.765731,51,238.746358
-0.727382,50,238.769721
-0.657767,50,238.793243
-0.672457,52,238.817495
-0.730376,52,238.841849
-0.643355,52,238.866052
-0.63567,51,238.889811
-0.701445,52,238.914088
-0.659058,51,238.937937
-0.869886,51,238.962035
-0.640574,51,238.985617
-0.582807,51,239.009425
-0.743955,52,239.033731
-0.731194,51,239.058339
-0.657006,51,239.081724
-0.720994,51,239.105193
