#{"t_start": 1789364029.3120089, "env_id": "None"}
r,l,t
-1.91748,51,1.227997
-1.631779,51,1.249551
-1.532027,51,1.269931
-1.678786,51,1.290093
-1.747806,50,1.311232
-1.705413,51,1.33202
-1.588123,52,1.352698
-1.634333,51,1.372783
-1.500299,52,1.393216
-1.76234,51,1.413219
-1.877993,51,1.433202
-1.552977,51,1.453167
-2.182955,51,1.474406
-1.906204,51,1.495803
-1.717499,52,1.516373
-1.572371,51,1.538244
-2.089099,52,1.560913
-1.559622,51,1.583207
-1.36321,52,1.607121
-1.796163,51,1.630007
-1.41871,51,1.652618
-2.767271,51,1.675886
-1.619236,51,1.696975
-1.794319,51,1.718466
-2.074593,51,1.741048
-1.51833,51,1.763539
-1.909272,51,1.786177
-1.774775,51,1.811828
-2.165757,51,1.834729
-1.845603,51,1.858412
-1.704676,51,1.880916
-1.395876,51,1.903753
-1.503534,51,1.926109
-1.435427,51,1.949697
-1.587201,51,1.971987
-1.724734,52,1.994893
-1.709183,51,2.017179
-1.376863,50,2.039006
-1.827488,51,2.063679
-1.597742,51,2.100203
-1.601075,51,2.369044
-1.718495,52,2.393915
-1.564033,51,2.416687
-1.773203,51,2.439024
-1.530619,50,2.461001
-1.965263,52,2.483948
-1.484159,51,2.507183
-1.788643,50,2.531328
-1.452414,51,2.553582
-2.040662,51,2.575841
-1.53232,51,2.598247
-1.686284,51,2.620495
-1.425833,52,2.643042
-2.587694,50,2.664823
-1.687347,51,2.68678
-2.004161,51,2.70883
-2.534815,51,2.731107
-2.313562,51,2.753189
-1.460833,51,2.775162
-1.499096,50,2.797159
-1.888499,51,2.819471
-1.360554,51,2.841438
-1.582961,51,2.863455
-1.881567,51,2.888522
-2.823998,51,2.91155
-1.520654,51,2.935885
-1.720883,52,2.958912
-1.89226,51,2.981265
-1.604207,50,3.003316
-1.639415,50,3.025018
-2.023169,51,3.047104
-1.552124,52,3.072662
-1.643655,50,3.096824
-1.384296,50,3.118898
-2.051057,51,3.141367
-1.911588,51,3.1637
-1.889469,51,3.185936
-1.772473,50,3.208495
-1.711459,51,3.230635
-1.880893,51,3.251552
-1.685524,51,3.475326
-1.86426,51,3.495774
-1.388193,50,3.516201
-2.433894,51,3.538216
-1.566,51,3.560421
-1.735245,51,3.58257
-1.898598,51,3.605581
-1.382513,51,3.628612
-1.516528,51,3.654274
-1.635127,51,3.678401
-1.901218,51,3.705712
-1.646623,51,3.728913
-1.94792,51,3.751063
-1.785197,51,3.773526
-1.736753,52,3.796882
-1.832008,51,3.821233
-1.823945,51,3.844366
-2.056619,51,3.868106
-2.028154,51,3.891215
-1.6338,51,3.913961
-1.352343,50,3.936078
-2.044871,51,3.958289
-2.249425,51,3.982108
-2.020183,51,4.006518
-1.709234,51,4.028813
-1.831965,50,4.050638
-1.925056,52,4.073512
-1.671419,51,4.097098
-1.305091,51,4.120975
-1.944675,51,4.143714
-1.692157,51,4.165968
-1.971276,51,4.188409
-1.896015,51,4.210729
-1.559502,51,4.234026
-2.079695,51,4.256354
-1.736022,51,4.27854
-1.690611,51,4.300798
-1.70037,51,4.322932
-1.221649,50,4.34451
-1.452921,50,4.366277
-1.820762,51,4.608031
-2.24771,51,4.630454
-2.23606,52,4.65715
-1.620658,50,4.680362
-1.426212,51,4.704261
-1.49642,51,4.727483
-1.491857,50,4.749244
-1.993873,51,4.774021
-1.710907,51,4.79846
-1.547335,50,4.821004
-1.344029,51,4.843857
-1.87038,52,4.866448
-1.528802,50,4.88897
-1.387454,51,4.912111
-1.788367,50,4.934983
-1.397771,51,4.957233
-1.700057,52,4.979911
-1.925931,51,5.002099
-2.029066,51,5.024292
-1.57945,51,5.048075
-2.521302,51,5.070144
-1.821568,51,5.092104
-1.718384,51,5.114297
-1.566166,51,5.13629
-1.431423,51,5.158357
-1.364933,51,5.180479
-1.945734,51,5.202634
-1.453546,51,5.224735
-1.744864,51,5.247418
-1.802535,52,5.270485
-1.609658,51,5.29653
-1.978821,51,5.317478
-1.853793,51,5.341403
-1.512524,51,5.362852
-1.954119,51,5.383297
-1.494434,52,5.404474
-2.159367,51,5.425078
-1.512247,51,5.445512
-1.736745,50,5.466036
-1.679553,52,5.487086
-1.445531,51,5.723075
-1.639417,51,5.745587
-1.601011,51,5.770028
-1.86018,51,5.791928
-1.591156,51,5.813183
-1.535358,50,5.834818
-1.409412,51,5.855271
-1.470255,51,5.87728
-1.871519,52,5.898229
-1.619871,50,5.919706
-1.473136,50,5.939144
-2.141549,51,5.960095
-1.192228,50,5.979486
-1.536209,51,5.999547
-1.743019,50,6.020082
-1.949306,51,6.040281
-1.800456,50,6.06067
-1.620907,51,6.08228
-1.75881,51,6.105906
-1.695627,50,6.127997
-1.625752,51,6.148153
-1.459909,51,6.168028
-1.681942,51,6.188631
-1.823659,51,6.209258
-1.736831,51,6.230238
-2.116058,51,6.250447
-1.754435,52,6.271693
-1.519289,51,6.293535
-1.765178,50,6.313312
-1.835556,51,6.334109
-1.662592,51,6.354321
-1.323834,51,6.375278
-1.62835,51,6.396199
-1.889271,51,6.417003
-1.384384,51,6.439195
-1.654781,51,6.461406
-2.198545,51,6.483555
-1.409169,50,6.506122
-1.528087,51,6.528112
-2.139771,51,6.549571
-1.364717,51,6.775867
-1.396373,50,6.796943
-1.447167,50,6.818255
-1.536675,51,6.839646
-1.871143,51,6.859557
-1.595774,51,6.879381
-2.238663,52,6.900604
-1.588829,51,6.921706
-1.393751,50,6.941353
-2.202422,51,6.961664
-1.501306,50,6.982206
-1.567654,51,7.0026
-1.70483,51,7.023388
-1.966318,52,7.043789
-1.450899,52,7.064272
-1.885934,51,7.086434
-1.726146,52,7.109072
-1.841638,51,7.132104
-1.67055,52,7.155153
-1.497108,52,7.175711
-1.356687,52,7.196042
-1.893109,51,7.216785
-1.963584,51,7.23703
-1.860633,51,7.25682
-1.802159,50,7.27754
-1.721169,50,7.296978
-1.704795,52,7.318142
-1.234319,51,7.339587
-1.672269,51,7.359734
-1.919697,51,7.38105
-1.57953,51,7.400943
-1.734008,51,7.420799
-1.151509,51,7.441643
-1.953628,51,7.461904
-1.287335,52,7.482145
-1.548739,51,7.502414
-2.023505,51,7.523074
-1.510195,52,7.543264
-1.65533,51,7.563144
-2.210979,50,7.583808
-1.555624,51,7.603696
-1.566049,51,7.832938
-1.305145,52,7.854632
-1.945649,51,7.874386
-1.453412,52,7.894795
-1.382779,52,7.916211
-1.52767,51,7.93597
-1.432262,51,7.957085
-1.198618,50,7.976567
-1.563523,51,7.996166
-1.84421,51,8.016469
-1.438826,52,8.037367
-1.445111,51,8.057034
-2.068733,51,8.078116
-1.958927,51,8.097788
-1.765877,51,8.117578
-1.652552,52,8.139038
-1.44498,51,8.158757
-1.599739,50,8.178102
-1.559866,51,8.199191
-1.521218,51,8.218888
-1.413702,50,8.238161
-2.926301,51,8.258849
-1.786639,50,8.278485
-1.576793,51,8.298096
-1.859531,51,8.318029
-1.677141,51,8.33871
-1.566632,50,8.358064
-1.414851,51,8.377698
-1.936943,51,8.398772
-1.955391,51,8.418396
-1.571746,51,8.438013
-1.540435,51,8.458953
-1.730045,52,8.47911
-2.006439,51,8.498681
-1.599587,51,8.518212
-1.430817,50,8.538881
-2.259213,51,8.558696
-1.430038,52,8.578752
-1.335138,52,8.600145
-1.349023,51,8.619702
-1.939449,51,8.834578
-1.703272,51,8.855249
-1.465732,51,8.875051
-1.806283,52,8.895323
-1.513388,51,8.916402
-1.372439,51,8.936292
-1.594346,51,8.956186
-1.493518,51,8.976866
-1.716665,51,8.997868
-1.300138,51,9.01792
-1.366148,50,9.037382
-1.256425,50,9.056779
-1.970543,51,9.077916
-1.583961,50,9.097577
-1.099971,50,9.117053
-1.76199,51,9.137482
-1.937817,51,9.158084
-1.600773,51,9.178936
-1.34356,52,9.199628
-1.628978,51,9.220687
-1.914964,51,9.240986
-1.853661,51,9.260857
-1.436959,50,9.280267
-1.65686,51,9.301139
-1.806508,51,9.321241
-1.768153,51,9.341068
-1.442092,52,9.362701
-1.665608,52,9.385336
-1.497602,51,9.406709
-1.564165,51,9.429301
-2.084093,52,9.45211
-1.616502,50,9.475436
-1.347377,51,9.499849
-1.603459,52,9.52287
-1.871271,51,9.546157
-2.039386,51,9.568915
-1.404283,51,9.590726
-1.994514,51,9.613128
-1.968188,52,9.636453
-1.983198,52,9.659578
-1.426782,50,9.893728
-1.386098,50,9.915656
-1.799612,51,9.937878
-1.887239,51,9.959777
-1.513506,51,9.980819
-1.398583,51,10.001442
-1.245383,51,10.022035
-1.419838,52,10.044608
-1.529704,51,10.065327
-1.345014,51,10.086211
-1.857286,51,10.108078
-1.517825,52,10.129173
-1.778968,51,10.15033
-1.590667,51,10.170285
-1.395187,51,10.190228
-1.289835,52,10.210637
-1.534978,51,10.231643
-2.112023,51,10.252272
-1.335649,51,10.273017
-1.420014,51,10.293758
-1.432749,51,10.320157
-1.492139,51,10.339979
-1.462083,51,10.359724
-1.868043,51,10.379617
-1.556964,51,10.400764
-1.756718,51,10.420951
-1.496812,52,10.442189
-1.68042,50,10.46156
-1.513417,51,10.481307
-1.68982,51,10.501537
-2.24626,51,10.522193
-1.615368,51,10.541872
-1.584397,51,10.56378
-1.741785,51,10.583877
-1.562394,51,10.603756
-1.542149,51,10.62394
-1.520239,51,10.643802
-1.298536,50,10.664308
-1.321455,51,10.689615
-1.627047,50,10.709506
-1.66173,51,10.925893
-1.81097,51,10.947281
-1.277028,51,10.967232
-1.69194,52,10.988122
-1.754851,52,11.009217
-1.758777,51,11.029106
-1.257852,51,11.050267
-1.505315,51,11.071075
-1.851451,51,11.093276
-1.615454,51,11.113915
-1.616704,51,11.135826
-1.57277,51,11.15651
-1.491276,51,11.178687
-1.476455,51,11.201272
-1.551811,51,11.222988
-1.947157,51,11.245337
-1.895245,50,11.265737
-1.486588,51,11.286238
-1.275175,50,11.307254
-1.745507,51,11.327321
-1.343349,51,11.34863
-1.829706,51,11.368681
-1.567645,51,11.388617
-1.773193,52,11.410456
-1.378362,51,11.430463
-1.72129,51,11.451419
-1.756483,52,11.471987
-1.500613,51,11.491802
-1.60931,51,11.511604
-1.43372,51,11.531342
-1.882679,51,11.552552
-1.394057,52,11.573594
-1.498818,50,11.594731
-1.424481,50,11.614443
-1.706806,50,11.635724
-1.443009,51,11.655924
-1.441025,50,11.677519
-1.245213,50,11.697974
-1.395072,52,11.718991
-2.436442,51,11.738919
-1.324754,51,11.963608
-2.031963,51,11.984578
-1.644415,51,12.005413
-1.468622,52,12.027985
-1.625329,52,12.054839
-1.79857,51,12.077968
-1.663907,51,12.100229
-1.492808,51,12.121603
-1.482707,51,12.142387
-1.382543,52,12.163536
-1.30966,51,12.183331
-1.670211,51,12.204723
-1.360716,50,12.225351
-2.220434,51,12.245725
-1.416098,52,12.266121
-1.598426,51,12.286053
-1.432612,51,12.307343
-2.173144,51,12.327294
-1.652575,51,12.347286
-1.424493,52,12.367609
-2.014306,50,12.388514
-1.733125,51,12.409321
-1.307333,52,12.437714
-1.684662,51,12.458372
-1.257856,50,12.478832
-1.547415,51,12.498755
-1.590321,52,12.520087
-1.484241,51,12.540138
-1.280472,50,12.559867
-1.735818,50,12.580594
-1.394134,51,12.600477
-1.421058,51,12.621375
-1.601298,51,12.6415
-1.350394,50,12.660932
-1.460767,51,12.680675
-1.626777,52,12.700778
-1.304787,51,12.722751
-1.636086,51,12.742808
-1.365184,52,12.763063
-1.981916,51,12.784829
-1.653717,51,13.00254
-1.498198,51,13.023239
-1.922493,51,13.044197
-1.158447,52,13.064575
-1.784074,51,13.085834
-1.591207,52,13.106157
-1.462607,51,13.126036
-1.48018,52,13.146245
-1.204701,50,13.165947
-1.399936,52,13.187387
-1.660649,52,13.20761
-1.354909,52,13.22799
-1.552508,51,13.248432
-1.81549,51,13.269251
-1.835601,51,13.289228
-1.324727,52,13.309563
-1.342495,50,13.32994
-1.772578,51,13.350478
-1.90418,51,13.370417
-1.383406,52,13.390701
-2.029223,51,13.410552
-1.698971,52,13.431159
-1.831422,51,13.45199
-1.865055,51,13.471778
-1.819968,51,13.491531
-1.472536,50,13.511416
-1.636224,52,13.532558
-1.388908,51,13.553309
-1.741479,51,13.573422
-2.328188,51,13.593372
-1.490365,50,13.612957
-1.341631,52,13.634131
-1.515191,51,13.654636
-1.11357,52,13.675064
-1.856569,51,13.695029
-1.289704,51,13.717881
-2.047238,51,13.73823
-1.652112,51,13.76059
-1.496883,51,13.781001
-1.167452,51,13.802758
-1.72081,51,14.015979
-1.73766,51,14.036173
-1.394254,51,14.056282
-1.487436,52,14.078011
-1.377642,52,14.098372
-1.467285,50,14.118018
-1.534741,52,14.138342
-1.461511,51,14.158771
-1.505645,51,14.179389
-1.611455,51,14.199172
-1.513887,52,14.219604
-1.402769,51,14.240914
-1.499025,51,14.260804
-1.367428,51,14.280676
-1.402865,51,14.302043
-1.555364,51,14.328173
-1.650467,51,14.352858
-1.66512,51,14.373258
-1.299832,51,14.393405
-1.369888,51,14.413417
-1.49419,50,14.432983
-1.693721,52,14.453312
-1.763417,51,14.474868
-1.529765,50,14.494294
-1.787572,51,14.514128
-1.628512,51,14.535309
-1.246841,50,14.554845
-1.585398,51,14.575485
-1.462543,51,14.595806
-1.767639,52,14.616512
-1.335975,51,14.637406
-1.457934,51,14.657264
-1.377771,51,14.67707
-1.439771,51,14.696956
-1.188689,50,14.716425
-1.402051,51,14.737626
-2.138401,51,14.75762
-1.653671,51,14.777338
-1.56861,51,14.797271
-1.187224,50,14.817489
-1.483708,51,15.036516
-1.264087,50,15.056498
-1.658273,52,15.076954
-1.856631,51,15.096888
-1.35499,52,15.117181
-1.606684,51,15.137094
-1.656956,51,15.15696
-1.638884,51,15.178109
-1.338277,50,15.197974
-1.346515,50,15.21793
-1.46018,51,15.238051
-1.714934,51,15.259348
-1.768028,51,15.279333
-1.346113,50,15.29883
-1.971623,51,15.318789
-1.727677,50,15.339698
-1.573131,50,15.359194
-1.478015,51,15.379075
-1.458227,52,15.399268
-1.195877,51,15.41938
-1.597564,51,15.440054
-1.33699,51,15.459798
-1.575615,51,15.479567
-1.765741,52,15.499676
-1.744318,52,15.519815
-1.3438,51,15.541865
-1.475739,51,15.561913
-1.59428,51,15.581854
-1.330208,52,15.602221
-1.554958,51,15.621961
-1.449738,50,15.642919
-1.37951,51,15.662704
-1.455159,52,15.682843
-1.290203,52,15.704245
-1.393212,51,15.72408
-1.360007,51,15.743792
-1.518108,51,15.763515
-1.472477,51,15.783015
-1.351832,51,15.804156
-1.361414,50,15.823629
-1.32491,51,15.84351
-1.486951,51,16.056072
-1.331604,50,16.075844
-1.404781,51,16.097039
-1.930485,51,16.117434
-1.514502,52,16.137868
-1.217155,51,16.157895
-1.341282,51,16.177851
-1.285618,50,16.198691
-1.403141,50,16.21807
-1.807342,51,16.238023
-1.139366,50,16.257603
-1.166895,51,16.278166
-1.658523,51,16.298727
-1.952247,51,16.318637
-1.365998,50,16.33822
-2.121676,52,16.359449
-1.277761,51,16.379761
-1.308317,51,16.399654
-1.220394,51,16.419401
-1.646576,51,16.441361
-1.517423,51,16.4616
-1.288617,51,16.481522
-1.541275,51,16.501502
-1.447038,51,16.521355
-1.45228,52,16.542444
-1.604298,51,16.562932
-1.241077,50,16.582429
-1.714222,51,16.602195
-1.72626,51,16.621974
-1.402857,51,16.642896
-1.438649,51,16.66405
-1.412498,51,16.684013
-1.210185,52,16.704322
-1.635732,51,16.724143
-1.225645,51,16.744051
-1.612158,51,16.763867
-1.428845,51,16.784897
-1.658546,51,16.805604
-1.334387,51,16.825943
-1.656089,52,16.847319
-1.389677,51,17.05988
-1.543568,52,17.080572
-1.428876,51,17.100407
-1.391466,50,17.120002
-1.182621,50,17.139479
-1.693862,51,17.159334
-1.390628,51,17.180365
-1.404531,51,17.204625
-1.250236,51,17.225508
-1.346186,51,17.247135
-1.334849,50,17.267223
-1.742003,51,17.287466
-1.29022,51,17.307641
-2.105473,51,17.32772
-1.595114,51,17.347779
-1.483115,51,17.36777
-1.316909,51,17.387712
-1.306384,51,17.407567
-1.312558,51,17.428432
-1.300632,51,17.448485
-1.464339,51,17.468218
-1.656751,52,17.488355
-1.356347,52,17.515003
-1.204639,51,17.535447
-1.17945,50,17.555123
-1.204127,51,17.575062
-1.723742,52,17.595821
-1.604559,51,17.616374
-1.45505,51,17.63796
-1.350984,51,17.657834
-1.264396,51,17.677705
-1.557521,51,17.697891
-1.458667,52,17.719198
-1.312749,50,17.738672
-1.792501,51,17.758514
-1.254256,51,17.778272
-1.422553,51,17.799162
-1.90035,51,17.819114
-1.22909,51,17.839039
-1.823781,51,17.858999
-1.407411,50,18.071431
-1.236211,51,18.091379
-1.223167,51,18.111293
-1.827197,50,18.132095
-1.289163,50,18.151572
-1.248773,51,18.171402
-1.370169,50,18.19086
-1.627568,51,18.210551
-1.258025,50,18.230787
-1.490365,51,18.250858
-1.469597,51,18.270658
-1.501971,51,18.290462
-1.694747,51,18.310279
-1.797343,51,18.331384
-1.2214,52,18.351552
-1.412362,51,18.371166
-1.469174,51,18.392527
-1.604512,51,18.412451
-1.320123,50,18.431881
-1.229009,51,18.451629
-1.657441,51,18.471367
-1.698473,51,18.491904
-1.204353,51,18.512319
-1.577312,52,18.532456
-1.712096,51,18.552209
-1.61692,51,18.571961
-1.409352,52,18.592069
-1.304583,52,18.612061
-1.28282,51,18.633816
-1.333433,50,18.653475
-1.326078,51,18.673269
-1.646617,50,18.692638
-1.389105,51,18.712351
-1.519142,51,18.733049
-1.412755,51,18.752983
-1.341788,51,18.772604
-1.507689,51,18.792161
-1.148765,50,18.811522
-1.31618,51,18.83181
-1.324023,51,18.852506
-1.414742,52,19.065956
-1.555433,52,19.086404
-1.464858,51,19.106329
-1.389972,51,19.126112
-1.222532,52,19.146547
-1.56789,51,19.166414
-1.416891,51,19.187634
-1.361579,51,19.207529
-1.243509,50,19.226885
-1.720896,52,19.24727
-1.398337,51,19.268552
-1.2763,52,19.288878
-1.460619,51,19.308754
-1.724093,51,19.328634
-1.266287,51,19.348552
-1.330359,51,19.371896
-2.246071,51,19.393013
-1.363626,51,19.413011
-1.590739,50,19.432493
-1.194831,51,19.453656
-1.58232,50,19.473069
-1.407396,51,19.492775
-1.597129,51,19.512466
-1.224465,51,19.532216
-1.66906,51,19.551791
-1.184346,50,19.571998
-1.421526,51,19.592488
-1.263292,51,19.612261
-1.343663,51,19.632034
-1.227587,50,19.652546
-1.192202,51,19.672771
-1.385594,51,19.6929
-1.208798,50,19.713985
-1.330915,52,19.734813
-1.233833,50,19.75449
-1.333159,52,19.774734
-1.304427,51,19.795888
-1.628378,51,19.815861
-1.386407,51,19.835886
-1.677077,51,19.855982
-1.36751,51,20.069315
-1.231674,51,20.089428
-1.508368,51,20.109347
-1.32533,51,20.129161
-1.74269,51,20.150392
-1.608352,51,20.171162
-1.302126,51,20.191155
-1.277708,51,20.211103
-1.292612,52,20.2313
-1.799502,51,20.252675
-1.356211,52,20.273028
-1.148714,51,20.294266
-1.683142,51,20.314175
-1.553694,51,20.333974
-1.263976,51,20.354501
-1.462015,51,20.37611
-1.635158,52,20.396503
-1.339004,51,20.416371
-1.460573,51,20.436532
-1.497471,51,20.457294
-1.533477,51,20.477009
-1.409864,50,20.496359
-1.279725,51,20.516072
-1.448374,51,20.53575
-1.348166,50,20.555865
-1.12856,50,20.576727
-1.980517,52,20.59723
-1.358808,51,20.617094
-1.256356,51,20.636887
-1.435941,52,20.65714
-1.519243,51,20.677257
-1.386266,51,20.697005
-1.32792,51,20.7182
-1.498189,51,20.737848
-1.235683,52,20.758162
-1.223123,50,20.777652
-1.453374,52,20.7978
-1.590217,51,20.817879
-1.320744,51,20.838894
-1.562374,51,20.859304
-1.351149,51,21.07087
-1.213463,51,21.092126
-1.649978,51,21.112119
-1.056179,50,21.131749
-1.213849,52,21.152126
-1.122828,50,21.171699
-1.51908,51,21.191668
-1.314317,50,21.212644
-1.574824,51,21.232506
-1.528126,51,21.252504
-1.681644,51,21.272503
-1.061621,50,21.292192
-1.432666,51,21.313195
-1.546541,51,21.333624
-1.720863,50,21.353313
-1.499709,51,21.373794
-1.177795,51,21.394366
-1.422673,51,21.415027
-1.282711,50,21.435327
-1.450094,52,21.455609
-1.305212,51,21.475428
-1.694797,51,21.495292
-1.607624,52,21.516847
-1.208711,50,21.536382
-2.059485,51,21.556223
-1.318948,51,21.575967
-1.347382,51,21.596583
-1.329438,50,21.616437
-1.290082,50,21.636034
-1.505691,51,21.655882
-1.201793,50,21.67541
-1.623755,51,21.696326
-1.322083,50,21.716037
-1.536097,51,21.73589
-1.449215,51,21.75701
-1.969481,51,21.776775
-1.393669,51,21.7964
-1.582962,51,21.816883
-1.153338,50,21.836433
-1.385059,51,21.856391
-1.324485,51,21.876948
-1.078125,51,22.090623
-1.350428,51,22.11094
-1.482871,51,22.131888
-1.813776,51,22.151669
-1.512086,51,22.171385
-1.419537,51,22.191172
-1.256496,50,22.210586
-1.51307,51,22.230668
-1.188762,50,22.251068
-1.275847,51,22.270906
-1.340338,51,22.290669
-1.218536,51,22.310492
-1.45146,51,22.331565
-1.413496,52,22.351824
-1.247092,52,22.372084
-1.436626,51,22.391941
-1.196293,51,22.412757
-1.463459,51,22.432847
-1.18968,51,22.45413
-1.328991,50,22.473602
-1.242139,51,22.493449
-1.228877,52,22.513687
-1.152651,51,22.533466
-1.302323,51,22.553239
-1.448606,51,22.573392
-1.439493,51,22.594065
-1.275201,51,22.613849
-1.562889,51,22.633653
-1.422734,51,22.653717
-1.448991,51,22.673517
-1.579864,51,22.693919
-1.410819,51,22.714389
-1.319267,51,22.734081
-1.530833,52,22.75429
-1.235443,51,22.774043
-1.166262,51,22.793833
-1.284608,51,22.815498
-1.168732,51,22.835877
-1.343862,52,22.856266
-1.549929,51,22.876183
-1.36809,51,23.088254
-1.378658,51,23.109046
-1.13511,50,23.128614
-1.593176,51,23.148734
-1.528477,51,23.169463
-1.262686,51,23.189749
-1.218699,51,23.209796
-1.407434,52,23.230476
-1.142504,51,23.251895
-1.22726,51,23.272299
-1.283527,52,23.292754
-1.541815,51,23.312673
-1.299767,51,23.332646
-1.131063,51,23.353295
-1.247827,50,23.373506
-1.486951,51,23.393474
-1.226511,51,23.413307
-1.340559,51,23.433151
-1.58382,51,23.45319
-1.39236,52,23.47462
-1.485992,51,23.494395
-1.517274,51,23.514216
-1.137755,52,23.534448
-1.357971,52,23.55462
-1.38307,51,23.57495
-1.29708,51,23.595753
-1.268095,51,23.615697
-2.014859,51,23.635398
-1.13732,51,23.655456
-1.344259,51,23.675987
-1.126648,50,23.696422
-1.507339,51,23.71695
-1.503805,51,23.736893
-1.061887,50,23.756453
-1.348356,51,23.776309
-1.276887,51,23.797435
-1.612961,51,23.817437
-1.503941,51,23.837414
-1.383147,52,23.857857
-1.550175,51,23.877831
-1.275146,51,24.090681
-1.382783,52,24.1112
-1.382796,51,24.131125
-1.288249,51,24.152362
-1.333198,51,24.172425
-1.426768,50,24.191931
-1.192444,50,24.211299
-1.112075,51,24.232564
-1.226605,51,24.252473
-1.423667,51,24.272303
-1.422809,51,24.292421
-1.198988,51,24.312568
-1.446138,51,24.332584
-1.391845,52,24.353012
-1.496161,51,24.373075
-1.37143,51,24.394514
-1.57591,52,24.414826
-1.329292,51,24.434751
-1.586622,51,24.456925
-1.135448,51,24.478093
-1.570525,52,24.498778
-1.532375,51,24.518801
-1.261201,51,24.539593
-1.171096,51,24.560148
-1.247924,51,24.580112
-1.286689,50,24.599652
-1.408526,51,24.619488
-1.128619,50,24.641777
-1.255423,52,24.663558
-1.359,51,24.68444
-1.250169,50,24.704132
-1.193282,51,24.724085
-1.522584,51,24.743888
-1.740863,52,24.764151
-1.145506,51,24.791043
-1.291232,51,24.824534
-1.443135,51,24.853716
-1.216872,51,24.882468
-1.248739,50,24.91004
-1.339889,51,24.941155
-1.251138,51,25.216267
-1.416779,51,25.242841
-1.298318,51,25.270566
-1.39158,51,25.298635
-1.225469,51,25.323739
-1.254453,51,25.348508
-1.226566,50,25.374417
-1.105995,51,25.399712
-1.213959,50,25.419737
-1.209871,52,25.44042
-1.109695,50,25.462336
-1.312383,51,25.484271
-1.200651,51,25.51101
-1.347122,50,25.531215
-1.213189,52,25.554017
-1.160771,51,25.575327
-1.447405,51,25.607362
-1.181019,51,25.643724
-1.20642,51,25.678352
-1.743499,51,25.706055
-1.206791,51,25.730807
-1.058054,51,25.751801
-1.453069,51,25.771985
-1.321511,51,25.792101
-1.209731,51,25.812103
-1.196518,51,25.832138
-1.433758,51,25.852159
-1.203957,50,25.871736
-1.540974,51,25.891593
-1.849563,51,25.911355
-1.384264,51,25.931208
-1.245456,51,25.951066
-1.286877,51,25.971004
-1.272938,51,25.990785
-1.479413,52,26.011895
-1.291068,50,26.031506
-1.554579,50,26.051185
-1.028263,50,26.070895
-1.335435,51,26.090907
-1.240956,51,26.11101
-1.084468,51,26.318616
-1.20352,51,26.33951
-1.09383,50,26.359146
-1.15093,51,26.379129
-1.494841,51,26.399011
-1.117876,50,26.418536
-1.351541,52,26.438814
-1.315185,52,26.458961
-1.398758,51,26.478988
-1.249553,51,26.498905
-1.129767,51,26.518901
-1.841149,51,26.540191
-1.417165,50,26.559739
-1.271243,51,26.58002
-1.386401,51,26.600877
-1.136711,50,26.620438
-1.392016,50,26.64118
-1.196336,50,26.660801
-1.218297,51,26.680686
-1.208479,52,26.703205
-1.125972,51,26.723254
-1.338872,51,26.743075
-1.255426,50,26.762584
-1.07399,51,26.78345
-1.321644,50,26.802881
-1.336347,51,26.823967
-1.287293,51,26.843977
-1.200845,50,26.864652
-1.244147,52,26.885193
-1.182677,51,26.905162
-1.333568,52,26.926201
-1.425742,51,26.947754
-1.1534,52,26.968439
-1.269399,51,26.988563
-1.449397,51,27.009816
-1.392897,51,27.029841
-1.469141,52,27.050344
-1.298772,51,27.071145
-1.090842,51,27.091731
-1.417118,52,27.112093
-1.280588,51,27.13228
-1.455428,51,27.346044
-1.16019,50,27.36651
-1.407487,51,27.386484
-1.289289,51,27.406367
-1.330478,51,27.426848
-1.430744,51,27.447377
-1.279321,51,27.467999
-1.287156,51,27.488363
-1.411436,51,27.508235
-1.237382,51,27.528112
-1.477377,51,27.549064
-1.216186,50,27.568828
-1.474517,51,27.588695
-1.158138,50,27.60819
-1.247447,51,27.62921
-1.389975,50,27.64882
-1.178812,50,27.668206
-1.207648,50,27.687536
-1.412871,51,27.708506
-1.090851,51,27.72828
-1.322517,51,27.747975
-1.392246,51,27.768966
-1.201699,52,27.789087
-1.550695,51,27.808838
-1.174851,51,27.828641
-1.362089,51,27.849706
-1.142876,51,27.869473
-1.200724,51,27.889158
-1.177617,51,27.909075
-1.168304,50,27.929583
-1.393662,51,27.949249
-1.258791,51,27.96966
-1.24122,52,27.992855
-1.50041,51,28.013942
-1.604509,51,28.033907
-1.326191,50,28.053647
-1.270812,51,28.075026
-1.278435,51,28.095149
-1.200444,51,28.115263
-1.608477,51,28.135825
-1.179962,51,28.349129
-1.247557,51,28.369256
-1.254846,51,28.389896
-1.298852,51,28.410284
-1.324576,51,28.431475
-1.265055,50,28.451092
-1.520362,51,28.470853
-1.237614,50,28.490746
-1.19007,51,28.511639
-1.151572,51,28.531547
-1.316795,51,28.551413
-1.398256,51,28.571833
-1.406717,51,28.592444
-1.35908,51,28.612232
-1.213261,51,28.632158
-1.196265,51,28.652623
-1.196109,50,28.67263
-1.361862,51,28.692281
-1.20794,51,28.71295
-1.257538,51,28.732979
-1.318676,51,28.753151
-1.238231,51,28.774128
-1.481686,51,28.793941
-1.200382,50,28.813484
-1.16732,51,28.833847
-1.766156,52,28.855103
-1.288263,52,28.875366
-1.592895,51,28.895195
-1.380831,51,28.915647
-1.2815,51,28.936115
-1.322379,51,28.95596
-1.26379,51,28.975726
-1.162722,51,28.996352
-1.173262,52,29.017907
-1.26254,51,29.037746
-1.493866,51,29.057697
-1.344291,51,29.077572
-1.444763,51,29.098797
-1.228717,52,29.119081
-1.319209,51,29.138967
-1.348173,51,29.353943
-1.375532,51,29.374163
-1.424013,51,29.394293
-1.260716,51,29.414306
-1.488762,51,29.435581
-1.424442,52,29.455825
-1.352583,51,29.475751
-1.266234,52,29.496096
-1.236146,51,29.517357
-1.130496,51,29.537235
-1.206282,52,29.557535
-1.163748,51,29.577399
-1.449175,51,29.598645
-1.467867,51,29.618472
-1.199864,50,29.637992
-1.403932,51,29.657755
-1.361927,52,29.677958
-1.118048,50,29.698588
-1.225454,50,29.719209
-1.180858,51,29.739157
-1.250665,51,29.759783
-1.20035,51,29.780106
-1.068864,51,29.799848
-1.59188,52,29.820019
-1.166063,50,29.839467
-1.249821,51,29.859266
-1.315273,51,29.880335
-1.424692,52,29.900564
-1.262876,51,29.920208
-1.552852,51,29.939929
-1.390146,52,29.961158
-1.398662,51,29.981121
-1.324172,51,30.000771
-1.424106,51,30.020411
-1.141638,52,30.042525
-1.135132,51,30.062813
-1.495387,51,30.082841
-1.520897,51,30.102855
-1.186628,51,30.124277
-1.122492,51,30.1537
-1.253327,51,30.367445
-1.277481,51,30.387608
-1.241467,52,30.407964
-1.303085,52,30.428077
-1.209796,51,30.448067
-1.331093,51,30.468228
-1.166368,51,30.489181
-1.240527,52,30.509609
-1.24148,52,30.530007
-1.318217,51,30.550009
-1.427773,51,30.57008
-1.177247,51,30.591376
-1.202708,51,30.611312
-1.412822,51,30.63109
-1.574419,52,30.651227
-1.255053,51,30.673203
-1.290012,51,30.693535
-1.425299,51,30.713546
-1.371067,51,30.733431
-1.182816,51,30.753342
-1.113537,51,30.773942
-1.265843,52,30.794957
-1.169729,52,30.815207
-1.384275,50,30.834741
-1.423843,51,30.854621
-1.518986,52,30.87715
-1.131836,51,30.897272
-1.143707,51,30.917253
-1.19047,51,30.93723
-1.369764,51,30.957109
-1.270997,51,30.978424
-1.18522,51,30.998243
-1.071701,50,31.017718
-1.187463,51,31.037407
-1.265103,52,31.059141
-1.309338,52,31.079566
-1.145521,51,31.099486
-1.124308,51,31.119359
-1.209554,51,31.13957
-1.332578,50,31.160234
-1.289702,50,31.370537
-1.327319,51,31.390765
-1.292307,51,31.411969
-1.089809,52,31.432593
-1.272378,51,31.45249
-1.226709,51,31.473055
-1.258179,51,31.494513
-1.321414,51,31.514821
-1.319901,51,31.534917
-1.326995,51,31.555047
-1.290326,51,31.576487
-1.316058,50,31.596053
-1.191649,51,31.61599
-1.285676,51,31.636072
-1.121139,51,31.656847
-1.277517,50,31.676975
-1.310871,51,31.696902
-1.293597,51,31.717776
-1.081331,51,31.738012
-1.23635,51,31.75811
-1.227612,52,31.778546
-1.128806,50,31.7995
-1.272548,52,31.820826
-1.265788,52,31.841297
-1.308169,51,31.86122
-1.289585,51,31.881142
-1.17104,51,31.902992
-1.23375,50,31.922783
-1.571895,51,31.942845
-1.241095,50,31.962398
-1.131034,50,31.981892
-1.427012,51,32.001655
-1.366359,52,32.023134
-1.206919,52,32.04329
-1.428452,51,32.063199
-1.374055,51,32.083292
-1.469001,52,32.104729
-1.148213,50,32.125294
-1.180713,50,32.145074
-1.163849,52,32.165523
-1.143486,51,32.37706
-1.435748,51,32.397153
-1.266559,51,32.41777
-1.116362,51,32.438262
-1.466511,51,32.458049
-1.383844,51,32.478208
-1.341101,51,32.498203
-1.296846,51,32.519513
-1.134537,50,32.539038
-1.173072,51,32.55893
-1.304978,51,32.578845
-1.401366,50,32.599736
-1.232272,51,32.619612
-1.285087,50,32.639114
-1.368592,51,32.66016
-1.248601,52,32.680455
-1.124897,51,32.700187
-1.313364,51,32.720016
-1.310066,52,32.740245
-1.081943,51,32.761286
-1.181772,51,32.780772
-1.223611,51,32.800587
-1.187446,51,32.820485
-1.498004,51,32.841237
-1.105198,50,32.861257
-1.14279,51,32.881153
-1.204025,51,32.900986
-1.613646,51,32.920754
-1.128667,50,32.942467
-1.293764,51,32.962728
-1.237811,51,32.982732
-1.209942,51,33.002699
-1.221712,51,33.022391
-1.448571,52,33.042792
-1.200313,51,33.064072
-1.069073,51,33.084124
-1.228732,51,33.104199
-1.184406,50,33.123843
-1.452404,51,33.144644
-1.296348,50,33.164723
-1.198639,51,33.184617
-1.249779,51,33.395723
-1.139708,51,33.415764
-1.393172,51,33.436866
-1.274205,51,33.456921
-1.320476,51,33.47691
-1.175318,51,33.496886
-1.073346,51,33.518195
-1.249086,52,33.538566
-1.519981,51,33.558508
-1.150852,51,33.578415
-1.04408,50,33.597993
-1.125326,51,33.618713
-1.380562,51,33.639143
-1.178779,51,33.658891
-1.373678,51,33.678705
-1.166235,51,33.69842
-1.221395,51,33.719512
-1.200738,52,33.739677
-1.359256,51,33.759416
-1.118188,50,33.779806
-1.27778,51,33.799797
-1.183244,51,33.819747
-1.33198,51,33.841043
-1.187568,51,33.86085
-1.310528,51,33.88074
-1.168527,51,33.900529
-1.205249,51,33.921046
-1.269198,51,33.941552
-1.199625,52,33.961727
-1.224676,51,33.981641
-1.140922,50,34.001209
-1.312968,52,34.021596
-1.269541,52,34.043204
-1.341135,50,34.062923
-1.269656,51,34.08307
-1.204402,51,34.103112
-1.465957,51,34.123099
-1.248454,51,34.143672
-1.140155,50,34.163917
-1.334345,51,34.184656
-1.453336,51,34.394581
-1.304348,51,34.41456
-1.278852,50,34.434021
-1.153108,51,34.455108
-1.273276,50,34.474554
-1.184797,51,34.494379
-1.082731,51,34.51416
-1.065511,50,34.533669
-1.196789,50,34.55441
-1.184008,51,34.574144
-1.193001,50,34.594314
-1.323522,50,34.614158
-1.074191,51,34.634065
-1.17551,52,34.654561
-1.564559,51,34.675463
-1.344843,51,34.695197
-1.232924,51,34.714926
-1.162318,52,34.735188
-1.315188,52,34.755331
-1.193561,51,34.777296
-1.119818,52,34.797595
-1.216058,51,34.817664
-1.065066,50,34.83722
-1.073968,51,34.857018
-1.163779,51,34.877001
-1.100829,52,34.898424
-1.419546,51,34.918147
-1.264471,51,34.937909
-1.338561,51,34.957541
-1.157437,51,34.978319
-1.13954,51,34.998235
-1.183796,51,35.017825
-1.343238,51,35.037709
-1.064233,50,35.057179
-1.137333,51,35.076959
-1.230659,51,35.097888
-1.278226,51,35.117905
-1.466466,51,35.137503
-1.126174,50,35.157152
-1.262251,50,35.176798
-1.10337,51,35.388718
-1.159315,50,35.408333
-1.401764,52,35.428632
-1.24303,51,35.448881
-1.448759,51,35.469575
-1.371938,51,35.489428
-1.205972,52,35.509636
-1.24151,52,35.530716
-1.231988,50,35.550664
-1.036849,51,35.570537
-1.137789,51,35.590321
-1.412068,51,35.610147
-1.106642,50,35.630982
-1.203453,51,35.65068
-1.091113,51,35.670355
-1.360177,52,35.690457
-1.240598,50,35.71011
-1.278333,51,35.730769
-1.109321,50,35.751195
-1.136181,52,35.771651
-1.450809,51,35.791557
-1.314356,51,35.811487
-1.234263,52,35.833185
-1.092939,51,35.853079
-1.000027,50,35.872661
-1.199341,51,35.892512
-1.398328,51,35.912259
-1.151085,51,35.932025
-1.213949,51,35.951852
-1.297252,51,35.973023
-1.133128,51,35.992814
-1.21524,50,36.012246
-1.143645,51,36.032279
-1.127074,50,36.052204
-1.272464,50,36.072841
-1.171796,51,36.092734
-1.1181,51,36.112634
-1.504185,51,36.132548
-1.488128,51,36.15368
-1.188188,51,36.173689
-1.115966,50,36.384305
-1.101147,50,36.404236
-1.20518,51,36.424348
-1.097333,51,36.444354
-1.074628,50,36.464321
-1.309398,51,36.484609
-1.178376,52,36.506471
-1.201201,51,36.526397
-1.284485,51,36.546356
-1.138029,51,36.566265
-1.145522,51,36.587403
-1.184425,52,36.607966
-1.159776,51,36.627846
-1.080862,50,36.648164
-1.394028,51,36.668479
-1.176547,52,36.689772
-1.025139,51,36.710282
-1.197885,51,36.730295
-1.188973,52,36.750797
-1.23087,51,36.770758
-1.393904,51,36.791091
-1.310575,51,36.812919
-1.301796,51,36.833107
-1.384298,51,36.853049
-1.162914,51,36.876642
-1.198672,50,36.896389
-1.275443,51,36.916333
-1.41385,51,36.936202
-1.123752,52,36.956449
-1.224653,52,36.977338
-1.303321,51,36.997899
-1.204248,52,37.018109
-1.10452,51,37.038042
-1.309703,51,37.058743
-1.273454,51,37.079155
-1.229116,51,37.098963
-1.325117,51,37.118785
-1.301173,50,37.138206
-1.159093,50,37.157671
-1.133084,52,37.178963
-1.247518,52,37.391047
-1.418829,51,37.411093
-1.379712,51,37.430874
-1.097213,51,37.451212
-1.182266,51,37.471987
-1.21192,52,37.492109
-1.080615,51,37.515734
-1.298323,52,37.539753
-1.218445,52,37.560599
-1.116345,51,37.580844
-1.13012,51,37.600995
-1.196381,51,37.621603
-1.194989,51,37.642318
-1.312667,51,37.662234
-1.184362,50,37.681647
-1.168491,52,37.701848
-1.108243,50,37.721818
-1.195177,50,37.742532
-1.564032,52,37.762683
-1.334346,52,37.782742
-1.254507,51,37.802444
-1.122865,50,37.821719
-1.061196,51,37.841414
-1.36309,52,37.862798
-1.126011,51,37.882497
-1.155887,51,37.902116
-1.174625,51,37.921874
-1.236648,52,37.943174
-1.068308,51,37.96289
-1.16751,51,37.982572
-1.170808,51,38.002461
-1.265598,51,38.023187
-1.194294,51,38.043017
-1.188454,52,38.063202
-1.091506,50,38.082657
-1.13687,50,38.102337
-1.242861,51,38.123511
-1.200373,51,38.143322
-1.367819,51,38.163167
-1.232639,51,38.182989
-1.096122,51,38.393732
-1.064292,50,38.413459
-1.244877,51,38.433185
-1.223958,51,38.454345
-1.219527,51,38.474295
-1.505393,51,38.494112
-1.075654,51,38.515142
-1.163755,51,38.535465
-1.43937,51,38.556931
-1.203121,50,38.57665
-1.208595,51,38.59665
-1.161339,51,38.616587
-1.324021,51,38.636468
-1.330943,50,38.655918
-1.314212,51,38.677086
-1.101779,52,38.697453
-1.13349,51,38.717424
-1.133222,51,38.737451
-1.181681,51,38.757333
-1.075059,51,38.778254
-1.303433,52,38.798799
-1.209866,51,38.818901
-1.19835,50,38.839659
-1.383346,51,38.859519
-1.135623,51,38.879292
-1.128131,51,38.899062
-1.091394,52,38.919309
-1.187761,51,38.940396
-1.196481,51,38.960204
-1.231713,51,38.979936
-1.106223,51,38.999541
-1.147545,51,39.019396
-1.238138,51,39.039177
-1.235163,50,39.060057
-1.368793,52,39.080216
-1.33471,51,39.100038
-1.140958,50,39.119614
-1.170666,52,39.141481
-1.078216,52,39.162779
-1.25168,51,39.182817
-1.231927,51,39.202657
-1.244707,51,39.417063
-1.192376,52,39.437288
-1.622695,51,39.45725
-1.098413,51,39.478553
-1.203062,51,39.498493
-1.191738,50,39.518029
-1.246157,51,39.537868
-1.275348,51,39.558037
-1.239417,51,39.579024
-1.212857,51,39.598843
-1.194216,51,39.61862
-1.209799,51,39.638348
-1.386708,51,39.658048
-1.156107,51,39.679092
-1.206451,52,39.699242
-1.248569,51,39.71894
-1.02653,51,39.739965
-1.100686,51,39.760499
-1.114896,50,39.78017
-1.38035,51,39.799978
-1.167368,51,39.819794
-1.219365,51,39.839608
-1.237644,51,39.859477
-1.103847,51,39.880719
-1.260243,51,39.900591
-1.151098,51,39.92045
-1.171777,51,39.940673
-1.174846,52,39.962613
-1.229535,52,39.983413
-1.127554,52,40.003961
-1.351789,51,40.024321
-1.223813,51,40.044573
-1.247821,51,40.065742
-1.166861,52,40.086128
-1.211121,51,40.10614
-1.3885,51,40.12605
-1.321139,52,40.146432
-1.171414,51,40.167681
-1.107485,51,40.187455
-1.501046,51,40.20731
-1.230026,51,40.417326
-1.150318,52,40.437675
-1.24653,51,40.457691
-1.103437,51,40.477673
-1.165797,51,40.498961
-1.296461,51,40.518915
-1.095146,51,40.538761
-1.147479,51,40.558663
-1.173836,51,40.579776
-1.238752,51,40.599676
-1.295609,51,40.619463
-1.165634,52,40.639573
-1.290058,51,40.659498
-1.095591,51,40.679127
-1.165879,50,40.699525
-1.146986,51,40.719574
-1.219267,51,40.739205
-1.210204,51,40.758934
-1.188947,52,40.780238
-1.080969,50,40.800828
-1.274133,51,40.820744
-1.006403,50,40.840159
-1.282179,52,40.86036
-1.231659,51,40.880006
-1.347219,52,40.901476
-1.106404,51,40.921237
-1.161932,51,40.940968
-1.231594,51,40.960737
-1.086114,50,40.979954
-1.110892,51,41.000668
-1.055469,50,41.021687
-1.147624,50,41.041486
-1.106659,51,41.061662
-1.182026,50,41.081415
-1.282046,51,41.101603
-1.16275,51,41.121686
-1.155297,50,41.142674
-1.29593,51,41.162583
-1.327807,52,41.18272
-1.181094,50,41.2023
-1.234776,50,41.411462
-1.071302,51,41.437399
-1.212266,50,41.457237
-1.141601,52,41.47907
-1.219119,52,41.499505
-1.17257,51,41.519441
-1.112383,52,41.539706
-1.157336,51,41.560961
-1.389176,51,41.580834
-1.151517,52,41.601075
-1.18431,51,41.621924
-1.116097,51,41.641927
-1.087796,51,41.661614
-1.124323,50,41.680959
-1.243478,52,41.701096
-1.323153,51,41.72486
-1.096361,50,41.744792
-1.058141,50,41.76423
-1.163463,50,41.783867
-1.357506,51,41.803544
-1.260522,51,41.823699
-1.248229,52,41.843879
-1.18629,51,41.863658
-1.263293,51,41.884502
-1.196462,51,41.90419
-1.235871,51,41.923774
-1.400912,51,41.943425
-1.102961,51,41.96416
-1.266618,51,41.984028
-1.065114,52,42.004213
-1.035833,51,42.024076
-1.202838,51,42.045081
-1.59157,51,42.065058
-1.208754,51,42.084889
-1.159124,52,42.10508
-1.140572,52,42.12519
-1.110547,51,42.146294
-1.453378,52,42.166402
-1.157563,51,42.185996
-1.228482,50,42.205088
-1.182417,51,42.418321
-1.05431,51,42.438506
-1.252038,51,42.459552
-1.170022,50,42.479454
-1.249686,52,42.499998
-1.108508,50,42.521037
-1.175023,51,42.541013
-1.145432,50,42.560646
-1.127214,50,42.580297
-1.261573,51,42.601718
-1.086696,51,42.621602
-1.245373,51,42.641472
-1.401218,51,42.662079
-1.155138,52,42.682633
-1.097275,51,42.702551
-1.097805,51,42.722722
-1.347778,52,42.74391
-1.169447,51,42.763691
-1.09246,51,42.783479
-1.408507,51,42.803295
-1.236164,52,42.823462
-1.09913,51,42.844534
-1.515341,51,42.864324
-1.16606,50,42.884748
-1.313265,51,42.904853
-1.090328,51,42.924787
-1.093777,51,42.946059
-1.042369,51,42.965841
-1.263503,51,42.985807
-1.077929,51,43.005833
-1.324132,51,43.026272
-1.021352,51,43.047098
-1.144377,52,43.067515
-1.252802,51,43.088294
-1.314321,51,43.108364
-1.18926,52,43.128778
-1.254279,51,43.149621
-1.147789,51,43.17065
-1.18827,51,43.190688
-1.324961,51,43.210556
-1.118904,50,43.4208
-1.314078,51,43.441099
-1.148474,50,43.460829
-1.139189,51,43.480913
-1.187921,52,43.501402
-1.277279,50,43.521158
-1.066847,50,43.54089
-1.229683,51,43.562207
-1.165366,51,43.582021
-1.278866,51,43.601725
-1.0908,50,43.621094
-1.160359,52,43.641158
-1.096179,51,43.66081
-1.170205,52,43.682232
-1.124361,51,43.702634
-1.197434,52,43.724418
-1.1676,51,43.744483
-1.244149,51,43.764951
-1.142655,51,43.785785
-1.442551,51,43.805676
-1.151936,51,43.825547
-1.057825,51,43.845438
-1.06111,51,43.865294
-1.235221,51,43.885135
-1.210554,51,43.906435
-1.130881,51,43.927253
-1.111729,50,43.946904
-1.185789,51,43.966828
-1.207993,51,43.986876
-1.16077,51,44.00687
-1.104443,51,44.027226
-1.155243,51,44.04816
-1.361353,51,44.068147
-1.284363,51,44.088136
-1.09326,50,44.107749
-1.147388,51,44.128621
-1.288357,50,44.149041
-1.139304,52,44.17005
-1.198342,51,44.190005
-1.151876,52,44.210284
-1.193952,52,44.424292
-1.245416,51,44.444577
-1.194974,51,44.465346
-1.096019,50,44.485709
-1.049135,50,44.505342
-1.117585,51,44.525916
-1.044026,50,44.545819
-1.218328,51,44.565914
-1.219564,51,44.587023
-1.142824,51,44.607411
-1.309269,51,44.627272
-1.162295,51,44.647171
-1.088332,52,44.667344
-1.265085,52,44.687553
-1.162597,51,44.708649
-1.148268,51,44.728603
-1.520785,51,44.74836
-1.16051,51,44.768306
-1.08447,51,44.788175
-1.072518,51,44.808127
-1.168265,52,44.828282
-1.154552,51,44.849211
-1.174757,50,44.86854
-1.103439,52,44.88889
-1.093472,51,44.908591
-1.220522,52,44.929737
-1.183915,51,44.949681
-1.14452,51,44.969417
-1.062885,51,44.989183
-1.079951,51,45.009975
-1.205282,52,45.030326
-1.316403,51,45.050037
-1.040286,50,45.069375
-1.257203,51,45.089053
-1.223641,52,45.109147
-1.169704,51,45.130195
-1.320643,51,45.151062
-1.215581,51,45.171121
-1.359963,51,45.191101
-1.020939,51,45.210965
-1.317212,51,45.420355
-1.108223,51,45.44061
-1.175228,51,45.461999
-1.18486,51,45.482003
-1.293218,51,45.502004
-1.263241,51,45.522012
-1.131595,50,45.541821
-1.243276,51,45.562947
-1.181078,51,45.582879
-1.190454,51,45.602727
-1.229568,51,45.622512
-1.237475,51,45.64233
-1.226232,52,45.66387
-1.363125,51,45.683672
-1.121167,52,45.703889
-1.190212,51,45.72358
-1.031869,51,45.744646
-1.27798,51,45.764606
-1.292076,51,45.784522
-1.183449,51,45.804457
-1.219036,51,45.824373
-1.29522,50,45.845294
-1.250416,51,45.865129
-1.199295,51,45.884983
-1.138483,50,45.904535
-1.189704,51,45.924379
-1.128067,50,45.944653
-1.318822,51,45.965492
-1.216928,51,45.98592
-1.233577,51,46.006041
-1.110032,50,46.025695
-1.214348,51,46.046362
-1.228098,51,46.06699
-1.272144,51,46.087656
-1.169076,51,46.107874
-1.170048,52,46.128324
-1.166881,51,46.148164
-1.31897,51,46.168971
-1.373488,51,46.189979
-1.148827,51,46.210073
-1.164319,51,46.230049
-1.471942,52,46.440461
-1.322449,51,46.461907
-1.053212,50,46.481597
-1.263336,52,46.501956
-1.209579,51,46.521869
-1.045171,50,46.541451
-1.123497,51,46.562626
-1.04561,50,46.582133
-1.063566,51,46.602766
-1.143285,50,46.622477
-1.184621,51,46.642439
-1.184915,52,46.664126
-1.182446,50,46.683672
-1.165428,52,46.703858
-1.17962,51,46.723698
-1.249208,51,46.743427
-1.247298,51,46.763229
-1.274104,51,46.783514
-1.295387,51,46.804095
-1.147702,50,46.824622
-1.218059,52,46.845002
-1.058582,51,46.864905
-1.147355,50,46.884358
-1.177776,51,46.903995
-1.150413,51,46.923671
-1.328518,51,46.944341
-1.157894,51,46.964951
-1.134823,51,46.984995
-1.039805,50,47.004723
-1.121482,51,47.025814
-1.286926,51,47.046247
-1.167558,51,47.066643
-1.180141,51,47.086833
-1.142883,51,47.108181
-1.083052,50,47.127712
-1.184121,51,47.147458
-1.267357,51,47.167223
-1.031043,52,47.187359
-1.187134,51,47.2071
-1.253184,51,47.227037
-1.195125,51,47.438649
-1.174557,51,47.458701
-1.178633,52,47.47927
-1.114903,51,47.499189
-1.061268,51,47.523123
-1.024976,50,47.547739
-1.278899,51,47.568418
-1.217407,51,47.588467
-1.341106,51,47.608302
-1.203415,51,47.628053
-1.153603,51,47.649366
-1.151921,52,47.669639
-1.262923,51,47.689352
-1.414927,51,47.709119
-1.240278,51,47.728842
-1.092111,51,47.748503
-1.203157,52,47.769908
-1.100079,50,47.789272
-1.116997,51,47.808905
-1.318702,51,47.828617
-1.099806,52,47.848778
-1.162011,51,47.86955
-1.019315,51,47.889423
-1.2276,50,47.90878
-1.085575,51,47.929517
-1.164133,51,47.949558
-1.162798,52,47.970776
-1.139818,51,47.99144
-1.111414,52,48.011857
-1.215362,51,48.032099
-1.011302,50,48.051769
-1.118148,51,48.07173
-1.126979,52,48.093135
-1.365229,51,48.113247
-1.06693,51,48.133177
-1.141312,51,48.153053
-1.147711,51,48.172946
-1.277713,51,48.192852
-1.127649,51,48.212704
-1.251525,52,48.233789
-1.436241,51,48.445606
-1.083122,51,48.465992
-1.049143,51,48.487105
-1.08163,52,48.508018
-1.20159,51,48.527995
-1.204826,51,48.547978
-1.168668,51,48.567971
-1.254986,51,48.589308
-1.165114,51,48.609221
-1.071598,50,48.628759
-1.107735,51,48.648646
-1.038929,51,48.668469
-1.143906,51,48.688309
-1.093572,51,48.708729
-1.216224,50,48.728864
-1.117085,51,48.748699
-1.132071,51,48.768515
-1.127643,51,48.788269
-1.132901,52,48.808579
-1.115246,51,48.830568
-1.114389,51,48.850662
-1.184364,51,48.870639
-1.147944,50,48.890222
-1.181002,52,48.910593
-1.140951,51,48.930881
-1.154171,51,48.951731
-1.296415,51,48.971667
-1.167892,51,48.991572
-1.309744,52,49.011994
-1.063164,50,49.03168
-1.195901,51,49.052406
-1.127656,51,49.07312
-1.188976,50,49.092668
-1.062992,51,49.112596
-1.20763,51,49.132355
-1.17871,51,49.152133
-1.110672,51,49.172837
-1.182524,51,49.19301
-1.273503,51,49.212802
-1.133947,51,49.232599
-1.206321,51,49.443423
-1.117058,51,49.464625
-1.232929,51,49.485615
-1.230293,50,49.505432
-1.107446,51,49.525478
-1.173425,51,49.545438
-1.096378,52,49.565771
-1.142407,51,49.587062
-1.190377,52,49.60727
-1.199233,51,49.627006
-1.11601,50,49.646369
-1.141646,51,49.666225
-1.038013,50,49.685581
-1.197558,51,49.705409
-1.159484,51,49.726411
-1.057457,51,49.7461
-1.137943,51,49.765838
-1.096068,52,49.786325
-1.249749,52,49.80752
-1.209892,51,49.827566
-1.201798,51,49.848346
-0.956765,51,49.868314
-1.254359,51,49.888153
-1.379251,51,49.907991
-1.252126,51,49.927715
-1.170372,52,49.948001
-1.216159,51,49.969268
-1.241488,51,49.989119
-1.236854,51,50.008942
-1.216647,51,50.028753
-1.36383,51,50.048773
-1.07253,52,50.0701
-1.198568,51,50.090725
-1.159846,51,50.110883
-1.203067,51,50.130849
-1.312617,51,50.150755
-1.199242,51,50.170649
-1.102552,51,50.19053
-1.249946,51,50.21175
-1.216403,51,50.231606
-1.128788,51,50.442708
-1.135576,52,50.463239
-1.209592,51,50.483369
-1.095161,51,50.503464
-1.143646,51,50.523435
-1.117218,50,50.544129
-1.298821,51,50.564473
-1.174341,51,50.584424
-1.223371,51,50.604097
-1.225144,51,50.623879
-1.189584,50,50.64329
-1.107261,51,50.663991
-1.286586,51,50.683906
-1.395678,51,50.703516
-1.153797,51,50.724188
-1.106411,51,50.744063
-1.170803,51,50.764503
-1.196204,52,50.785454
-1.118495,51,50.805214
-1.082028,50,50.824905
-1.269392,51,50.844716
-1.168741,51,50.864422
-1.301728,51,50.884075
-1.258781,51,50.903673
-1.077629,51,50.925721
-1.252775,51,50.945878
-1.147052,51,50.965873
-1.226162,51,50.985791
-1.130124,51,51.005706
-1.032163,51,51.025968
-1.132623,51,51.046744
-1.123523,51,51.066538
-1.163082,51,51.08638
-1.141194,52,51.106467
-1.22679,51,51.126188
-1.070007,51,51.145804
-1.228125,51,51.166712
-1.363239,52,51.186838
-1.170026,52,51.207587
-1.08082,52,51.22776
-1.04735,50,51.436657
-1.24848,51,51.456764
-1.165167,51,51.477347
-1.316059,51,51.497813
-1.281521,51,51.51773
-1.042209,51,51.538478
-1.000492,51,51.558721
-1.130653,51,51.578757
-1.132466,51,51.599698
-1.22636,51,51.619807
-1.106744,51,51.639551
-1.104256,52,51.659902
-1.437528,52,51.680216
-1.111852,51,51.700145
-1.255925,51,51.724302
-1.011713,50,51.746053
-1.180729,51,51.766319
-1.142902,51,51.786383
-1.152831,51,51.806347
-1.126509,52,51.827169
-1.042306,51,51.847583
-1.176104,52,51.868032
-1.299094,52,51.888244
-1.169674,51,51.908283
-1.147276,51,51.929291
-1.359253,51,51.949183
-1.117274,50,51.96877
-1.141215,51,51.988664
-1.164553,51,52.008474
-1.071329,51,52.028265
-1.277781,51,52.049425
-1.042278,50,52.068974
-1.159611,51,52.088712
-1.134792,51,52.108469
-0.979606,50,52.127765
-1.000145,50,52.147846
-1.091399,51,52.169302
-1.098561,51,52.189326
-1.304532,51,52.209252
-1.161196,52,52.229514
-1.154613,51,52.440257
-1.199612,51,52.460507
-1.203688,51,52.480549
-0.969696,51,52.500603
-1.410605,51,52.521775
-1.121124,51,52.541716
-1.240714,52,52.562984
-1.214623,50,52.582659
-1.154479,52,52.60298
-1.193176,51,52.622807
-1.161949,51,52.64402
-1.123416,51,52.663841
-0.997551,50,52.683299
-1.116516,50,52.702691
-1.252821,51,52.722444
-1.217035,51,52.742102
-1.024363,51,52.761854
-1.234177,51,52.783
-1.207484,51,52.802498
-1.195533,51,52.822217
-1.143607,51,52.841956
-1.175378,51,52.862744
-1.152797,51,52.882796
-1.164661,51,52.902795
-1.151723,51,52.923232
-1.130427,50,52.944081
-1.289754,52,52.96461
-1.278018,51,52.985736
-1.079605,51,53.005734
-1.229791,51,53.025678
-1.103633,51,53.045554
-1.182348,51,53.065445
-1.070049,51,53.086552
-1.064267,50,53.105961
-1.390046,51,53.125687
-1.137588,51,53.145379
-1.075532,51,53.165724
-1.257424,51,53.186029
-1.113959,51,53.206013
-1.100728,51,53.225902
-1.146227,51,53.246719
-1.231272,51,53.456855
-1.342387,51,53.477423
-1.2926,52,53.497806
-1.099078,52,53.518234
-1.051727,50,53.537838
-1.092598,52,53.558695
-1.065351,50,53.579028
-1.021614,50,53.598456
-1.243958,52,53.619293
-1.12122,51,53.639303
-1.137627,51,53.659169
-1.329618,51,53.67899
-1.270378,51,53.698747
-1.142398,51,53.719262
-1.103722,50,53.739659
-1.127726,51,53.759377
-1.231597,51,53.779106
-1.108878,51,53.79876
-1.22812,51,53.818598
-1.086058,52,53.839962
-1.061376,51,53.860189
-1.069393,51,53.88024
-1.068255,51,53.900324
-1.047999,50,53.919951
-1.084775,51,53.93985
-1.205999,51,53.959764
-0.976325,51,53.980885
-1.111368,52,54.001426
-1.336427,52,54.022601
-1.0497,51,54.044255
-1.106501,51,54.06443
-1.102309,52,54.084902
-1.123154,51,54.104863
-1.083397,50,54.124918
-1.1004,50,54.145386
-0.972547,50,54.164867
-1.184078,52,54.184984
-1.092691,51,54.204695
-1.040594,50,54.224091
-1.034938,51,54.244288
-1.172513,50,54.458993
-1.123699,51,54.479178
-1.188659,51,54.499243
-1.203082,51,54.519223
-1.180795,51,54.540376
-1.23617,51,54.560477
-1.117166,51,54.580274
-1.095338,51,54.600077
-1.123714,51,54.620603
-0.977491,51,54.640677
-1.053845,51,54.660597
-1.182438,52,54.68178
-1.243194,51,54.702113
-1.122117,51,54.721829
-1.150722,51,54.741577
-1.17081,51,54.761301
-1.144569,51,54.780993
-1.306166,51,54.801783
-1.295701,52,54.822267
-1.159683,51,54.842306
-1.235415,51,54.862018
-1.19834,51,54.881825
-1.324283,51,54.902983
-1.086829,51,54.922779
-1.087354,51,54.942632
-1.18917,52,54.962914
-1.12531,51,54.982693
-1.295437,51,55.002638
-1.137248,51,55.023818
-1.042697,52,55.044979
-1.000893,50,55.06462
-1.219513,51,55.08446
-1.208446,52,55.104683
-1.070727,51,55.124459
-1.009456,51,55.14425
-1.165182,51,55.164208
-1.005232,50,55.184831
-1.223947,51,55.204718
-0.963988,50,55.224247
-1.05007,51,55.244937
-1.120291,52,55.456487
-1.124319,52,55.477717
-1.103172,50,55.49729
-0.968276,51,55.517125
-1.087891,51,55.536979
-1.103225,51,55.558201
-1.056829,50,55.577596
-1.296231,51,55.597334
-1.166399,51,55.616981
-1.058264,50,55.636285
-1.150966,51,55.655961
-1.117117,51,55.675639
-1.147665,51,55.696669
-1.185851,51,55.716384
-1.145039,51,55.736121
-1.082897,51,55.755933
-1.07876,51,55.776759
-1.126598,51,55.796459
-1.000135,51,55.81609
-1.15677,51,55.835736
-1.170388,51,55.856307
-1.155948,52,55.876937
-1.194396,51,55.898276
-1.187752,51,55.918432
-1.069323,51,55.93844
-1.121819,51,55.958422
-1.142708,51,55.978369
-1.088514,51,55.998363
-1.065192,51,56.019678
-1.151511,51,56.040596
-1.143508,50,56.060447
-0.993274,51,56.080257
-1.045742,51,56.100023
-1.046421,51,56.119878
-1.18125,51,56.139555
-1.164032,51,56.159311
-1.266105,51,56.179464
-1.052642,50,56.199886
-1.217027,52,56.220064
-1.149875,52,56.240249
-0.992569,50,56.451001
-1.151208,51,56.471343
-1.17206,52,56.491985
-1.109959,51,56.512091
-1.076653,51,56.532124
-1.294047,51,56.552176
-1.124098,50,56.571705
-0.962684,50,56.591151
-1.19282,51,56.610942
-1.157522,51,56.632081
-1.106029,52,56.652245
-1.108219,52,56.672426
-1.078906,50,56.692805
-1.107017,51,56.712937
-1.034934,51,56.732893
-1.231632,51,56.753999
-1.098255,51,56.774096
-1.010666,51,56.793972
-1.007298,51,56.8138
-1.120658,50,56.833841
-1.035173,51,56.853533
-1.05641,51,56.873483
-1.104167,51,56.89438
-1.155015,50,56.915511
-1.084265,51,56.935544
-1.111454,50,56.955042
-1.1453,51,56.975023
-1.151009,51,56.994839
-1.016249,51,57.014683
-1.120963,51,57.035849
-1.073204,51,57.055563
-1.086712,51,57.075186
-1.119628,51,57.094906
-1.219066,51,57.11459
-1.1437,51,57.134316
-1.100009,51,57.155364
-1.073648,51,57.17504
-1.033758,50,57.194324
-1.01993,50,57.21367
-1.15125,51,57.23329
-1.057778,50,57.444528
-1.055393,51,57.464797
-1.164912,51,57.486179
-1.32143,51,57.506017
-1.175674,52,57.526509
-1.02276,51,57.546617
-1.109501,51,57.566612
-1.021025,51,57.586492
-1.033681,51,57.6064
-1.128312,52,57.628076
-1.073836,51,57.648018
-1.197736,52,57.668275
-1.073447,51,57.688175
-1.043234,51,57.708063
-1.028506,50,57.728462
-1.170473,51,57.75
-1.21357,51,57.769953
-1.310167,51,57.7899
-1.124579,51,57.809808
-1.068138,51,57.82962
-1.189885,51,57.849363
-1.008776,51,57.87071
-1.066029,51,57.890732
-1.246876,51,57.910791
-1.197602,51,57.931461
-1.320865,51,57.951803
-1.090898,51,57.972216
-1.281189,51,57.993219
-1.037157,51,58.013138
-1.334298,51,58.033049
-1.210101,50,58.052387
-1.061033,51,58.072107
-1.035086,51,58.091908
-1.178222,51,58.111684
-1.049284,51,58.132768
-1.21265,51,58.1524
-1.28181,51,58.172301
-1.147426,51,58.192001
-1.053499,51,58.211692
-1.155156,51,58.231485
-1.172044,51,58.443365
-1.069395,51,58.463591
-1.058185,52,58.483994
-1.163292,51,58.503928
-1.20713,51,58.525207
-1.206411,51,58.545059
-0.925512,50,58.564564
-1.057416,51,58.584261
-1.092946,51,58.603878
-1.082555,51,58.623605
-1.292495,51,58.643455
-1.179903,51,58.664304
-1.090658,52,58.684236
-1.125898,51,58.704059
-1.089179,52,58.724261
-1.177306,52,58.744417
-1.03958,51,58.765303
-1.151124,51,58.785355
-1.126121,51,58.805264
-1.098725,51,58.82647
-1.147713,51,58.846379
-1.237281,51,58.866477
-1.053893,51,58.886343
-1.221208,51,58.906146
-1.123859,50,58.925641
-0.990662,52,58.945863
-0.927133,51,58.967639
-1.065561,51,58.988102
-1.282582,51,59.008057
-1.072498,52,59.028367
-1.202324,52,59.048603
-1.050452,50,59.067954
-1.123542,51,59.087745
-1.052125,51,59.108029
-1.03585,51,59.128527
-1.12595,51,59.148246
-1.418841,51,59.168027
-1.153642,52,59.188146
-1.206646,51,59.207757
-1.368403,51,59.228156
-1.406246,51,59.455766
-1.210779,50,59.476186
-1.101459,52,59.496731
-1.112937,52,59.517116
-1.185389,51,59.537098
-1.088549,51,59.557738
-1.105608,52,59.578644
-1.124704,52,59.598882
-1.161606,51,59.618741
-0.986622,50,59.638165
-1.11642,51,59.658001
-1.092773,51,59.677772
-1.082059,51,59.697758
-1.10012,52,59.719118
-1.385484,51,59.73889
-1.205211,52,59.75909
-1.149495,51,59.780239
-1.026843,51,59.801175
-1.045162,50,59.820692
-1.015323,50,59.840113
-1.075355,50,59.859641
-1.146968,51,59.879608
-1.063407,52,59.900868
-1.248467,50,59.921293
-0.969972,50,59.941067
-1.029967,51,59.961143
-1.075878,51,59.981261
-0.971973,50,60.001187
-1.194623,51,60.021188
-0.998519,50,60.042156
-1.180834,51,60.061965
-1.151208,51,60.081669
-1.079942,50,60.101061
-1.049243,50,60.120405
-1.0906,51,60.140094
-1.22322,52,60.160527
-1.061029,52,60.181692
-1.05035,51,60.201317
-1.070191,51,60.220985
-1.034357,51,60.240662
-1.026946,51,60.260302
-1.142566,51,60.471455
-1.250762,52,60.492051
-0.966103,50,60.51169
-1.112696,51,60.532962
-1.080311,51,60.552871
-1.097281,51,60.572775
-1.050837,51,60.592596
-0.984133,50,60.612083
-1.048077,51,60.631968
-1.023775,51,60.653128
-1.041597,50,60.672581
-1.191192,51,60.692374
-1.076749,51,60.712132
-1.017339,51,60.731947
-1.115998,51,60.751818
-1.059227,51,60.772807
-1.014502,51,60.792575
-1.080242,51,60.812379
-1.21712,51,60.832951
-1.4653,51,60.853006
-0.962709,51,60.872945
-1.125346,52,60.894458
-1.126105,51,60.914535
-1.314246,51,60.934432
-1.176636,51,60.95432
-1.04216,51,60.974118
-1.094801,51,60.993999
-1.042518,51,61.015211
-1.146491,51,61.034893
-0.987492,50,61.054302
-1.097425,51,61.074162
-1.079795,51,61.094
-1.204379,52,61.114211
-1.029666,51,61.134116
-1.120562,51,61.15473
-1.125043,51,61.175041
-0.956802,51,61.194892
-1.089904,51,61.21471
-1.020077,51,61.234455
-1.023293,51,61.254119
-1.182747,51,61.466099
-1.050563,51,61.486263
-1.365401,51,61.506311
-1.006382,51,61.526257
-0.962633,52,61.547159
-1.197556,51,61.567888
-0.984868,51,61.587744
-0.946541,50,61.60724
-1.135934,51,61.627046
-1.117817,51,61.646813
-1.143709,51,61.666601
-1.036433,51,61.686346
-1.163563,51,61.707479
-0.954486,51,61.727224
-1.199385,51,61.746999
-1.051096,52,61.767233
-1.178523,52,61.788333
-1.113511,51,61.808562
-1.058587,51,61.829447
-1.081058,51,61.849615
-0.985507,50,61.869432
-1.163653,51,61.889369
-1.193854,50,61.910183
-1.02014,51,61.930148
-0.93127,50,61.949684
-0.813249,51,61.969621
-1.049182,51,61.989514
-1.102408,51,62.009253
-1.214644,51,62.02897
-1.005041,52,62.050467
-1.057408,52,62.071434
-0.909082,51,62.091565
-1.111524,51,62.111502
-1.213791,51,62.131354
-1.151386,51,62.151208
-1.055734,50,62.170765
-1.108813,51,62.19086
-1.265892,51,62.211561
-1.20958,51,62.231393
-1.085708,51,62.251306
-1.118405,51,62.466388
-1.019817,51,62.486596
-1.024505,51,62.506623
-0.954546,51,62.526572
-1.052283,51,62.547906
-1.05684,51,62.567861
-0.951,51,62.58774
-1.073665,51,62.607586
-1.156773,50,62.627074
-1.140092,51,62.64818
-1.130307,51,62.668102
-1.049801,50,62.688273
-1.107347,51,62.708411
-1.021824,51,62.728305
-1.042207,51,62.748155
-1.090698,51,62.768021
-1.266583,51,62.788654
-1.012634,51,62.808778
-1.10089,51,62.828665
-1.054904,52,62.848982
-1.087442,51,62.868839
-1.415579,52,62.889903
-0.996619,52,62.911207
-0.992564,50,62.931581
-1.022138,51,62.951778
-0.990294,50,62.97149
-1.290578,51,62.991467
-1.147602,51,63.012109
-0.983294,52,63.032912
-1.044583,52,63.053131
-1.07225,51,63.072983
-1.049095,52,63.093115
-1.307703,52,63.113283
-1.177627,52,63.133499
-1.047119,51,63.15463
-1.080083,51,63.174428
-1.128821,51,63.194159
-1.064024,51,63.214793
-1.124724,51,63.234601
-0.974179,51,63.254357
-1.022015,50,63.469657
-1.044309,52,63.490426
-1.099377,52,63.511105
-1.053862,50,63.532141
-1.131202,51,63.552556
-0.967627,50,63.572363
-1.025041,51,63.592356
-1.090443,50,63.611886
-1.117937,50,63.631427
-1.016873,51,63.65125
-1.00331,51,63.671115
-1.365202,51,63.690927
-1.161442,51,63.71076
-1.114563,51,63.731289
-1.148145,51,63.751351
-0.987012,51,63.771228
-0.948592,51,63.791833
-1.197967,51,63.812097
-1.064951,52,63.832367
-1.006936,52,63.852677
-1.041803,52,63.872953
-1.141697,51,63.893452
-1.125413,51,63.914046
-1.093817,51,63.934364
-1.231929,51,63.954987
-1.143381,51,63.975052
-1.038122,51,63.994995
-1.059624,52,64.016291
-1.149243,51,64.036385
-1.180213,51,64.056172
-0.984232,51,64.075941
-1.127835,51,64.095709
-1.141096,51,64.115983
-1.03078,52,64.137033
-0.915715,52,64.15724
-1.134099,51,64.177026
-1.42539,51,64.196818
-0.995659,52,64.216968
-1.099161,50,64.236426
-1.042635,51,64.256225
-1.050522,51,64.468077
-1.034939,51,64.488292
-1.082311,52,64.51
-1.027864,51,64.529942
-1.137139,51,64.549818
-0.936881,50,64.57003
-0.986136,50,64.589844
-1.123037,51,64.60991
-0.989921,52,64.630963
-0.939353,51,64.651665
-1.241995,51,64.671594
-1.121368,51,64.691566
-1.065399,51,64.711477
-1.182487,51,64.731328
-1.148454,52,64.751698
-1.130668,51,64.771527
-1.110001,51,64.792038
-1.104882,51,64.812369
-1.255448,51,64.832253
-1.053966,51,64.852225
-0.983211,51,64.872097
-1.126382,52,64.892425
-1.142847,51,64.913417
-1.066616,51,64.93349
-0.919771,51,64.953342
-0.947438,51,64.97321
-0.976448,51,64.992975
-0.997193,51,65.012667
-1.13786,52,65.032811
-1.130531,51,65.053973
-1.120425,51,65.073717
-1.052276,51,65.093529
-1.040833,51,65.113298
-1.107793,51,65.133046
-0.878613,51,65.152766
-1.048456,50,65.174371
-1.060663,51,65.194527
-1.074033,51,65.214522
-0.981705,50,65.234057
-1.072706,50,65.253569
-1.183678,52,65.473978
-1.166059,51,65.494322
-1.162572,50,65.514623
-1.049018,51,65.53527
-1.275404,51,65.555208
-1.069392,51,65.574983
-1.128144,51,65.594727
-1.076262,51,65.614505
-1.038597,50,65.633925
-1.186365,50,65.654721
-1.082291,50,65.675211
-1.100944,50,65.694832
-1.148808,51,65.71466
-0.924045,51,65.734511
-1.144641,51,65.754292
-1.117141,51,65.774182
-1.105105,51,65.794979
-1.045867,51,65.81501
-1.157649,51,65.83505
-1.005793,51,65.855092
-1.08396,51,65.875108
-1.074836,51,65.895215
-1.130268,51,65.915314
-0.968715,50,65.935006
-0.919199,51,65.956362
-0.979568,51,65.976663
-1.08716,51,65.996632
-1.039618,51,66.017511
-0.997592,52,66.039386
-1.212805,51,66.059298
-1.122208,52,66.079618
-1.07344,51,66.09951
-1.059165,51,66.119393
-1.057489,52,66.139619
-1.030283,51,66.160074
-1.027239,51,66.18061
-1.030006,51,66.200379
-1.035088,51,66.220158
-1.163886,52,66.240353
-1.184891,51,66.26016
-1.040594,51,66.279955
-1.078771,52,66.494519
-1.025783,51,66.514559
-1.078279,51,66.534521
-0.95805,50,66.554001
-1.093113,51,66.573768
-1.046369,51,66.593515
-0.975899,51,66.613239
-1.067529,52,66.634725
-1.016382,51,66.654418
-1.175768,52,66.674614
-0.998133,51,66.694297
-1.054316,51,66.713878
-0.885044,50,66.733232
-1.071283,51,66.752846
-1.011968,51,66.773773
-1.048813,50,66.793055
-0.955283,51,66.812895
-1.168483,51,66.834109
-0.973577,51,66.854319
-1.030442,51,66.874399
-1.092338,50,66.894271
-0.907048,51,66.915364
-0.961545,52,66.935746
-1.029415,51,66.956469
-1.005286,51,66.976746
-0.973292,50,66.996437
-1.080381,52,67.01689
-1.177025,51,67.038194
-1.119095,51,67.058196
-1.081648,51,67.078142
-1.049065,51,67.098069
-1.036024,51,67.117906
-0.982809,51,67.137795
-1.045553,51,67.157593
-0.962001,51,67.177565
-1.201552,51,67.197601
-0.993964,51,67.218497
-1.227327,51,67.238643
-1.072328,51,67.260863
-1.07545,50,67.280354
-1.104996,50,67.492849
-1.141298,51,67.51295
-1.149504,51,67.532978
-0.940804,51,67.552878
-1.268796,51,67.572685
-0.974832,51,67.593931
-1.090143,51,67.613718
-1.013006,51,67.63349
-1.035302,50,67.652949
-1.017395,52,67.674074
-1.051252,51,67.694101
-1.082401,51,67.714038
-1.100438,51,67.733979
-1.101722,51,67.755187
-1.018984,51,67.774905
-0.984291,50,67.794553
-1.013641,51,67.814554
-1.147145,51,67.835452
-0.957226,52,67.856171
-1.042727,51,67.876086
-0.911979,50,67.895744
-1.14714,52,67.916065
-0.893387,50,67.93611
-1.036599,51,67.957804
-1.156227,51,67.977993
-0.993177,51,67.99795
-0.945807,50,68.017507
-1.176392,51,68.037431
-0.881783,50,68.056939
-0.962615,51,68.076782
-1.005787,50,68.096133
-0.957655,51,68.11744
-1.154155,52,68.137628
-1.029203,51,68.157577
-1.146567,52,68.177929
-0.93106,51,68.197873
-1.101464,51,68.217737
-0.939893,51,68.237641
-1.220348,51,68.25873
-0.914054,51,68.278836
-1.197579,51,68.489693
-1.037592,51,68.509752
-1.09216,51,68.529695
-1.102764,51,68.549664
-1.137822,52,68.569897
-1.20541,51,68.591116
-1.07825,51,68.610993
-0.984405,51,68.630806
-1.074257,51,68.650675
-1.053987,51,68.670499
-1.096979,51,68.690714
-0.963927,50,68.710783
-1.095624,51,68.730626
-1.016445,51,68.751947
-1.185492,51,68.771655
-1.013709,51,68.791604
-1.063615,51,68.811533
-1.050185,52,68.831876
-1.165494,51,68.851711
-1.032278,51,68.87199
-0.893801,51,68.892814
-1.00405,50,68.912306
-1.0304,51,68.932151
-1.087792,51,68.952076
-0.973663,50,68.971429
-1.026956,52,68.992092
-0.933276,50,69.012226
-1.058192,51,69.031919
-0.870259,50,69.051159
-1.144043,51,69.070737
-1.039279,51,69.090338
-0.986336,50,69.109574
-1.006658,51,69.129242
-1.183485,51,69.149388
-1.106736,51,69.169873
-0.956854,50,69.189135
-1.038468,51,69.20878
-1.117247,51,69.228417
-0.925035,51,69.248026
-1.022188,51,69.267663
-0.837978,51,69.485158
-1.111353,51,69.505296
-1.118601,51,69.525308
-1.13928,51,69.545233
-1.01826,51,69.564998
-1.050479,51,69.584716
-1.134621,51,69.604415
-0.980968,51,69.624017
-0.913791,52,69.644427
-1.088274,51,69.664135
-0.852077,52,69.684196
-1.058697,51,69.703842
-1.222875,51,69.723524
-0.984415,51,69.743824
-1.16444,51,69.764148
-1.163942,52,69.784383
-1.061096,52,69.804579
-1.123607,51,69.824456
-1.151409,51,69.84433
-1.085913,51,69.865338
-0.965649,51,69.88513
-0.992173,52,69.905448
-0.93242,50,69.925089
-1.063892,51,69.945679
-1.074301,50,69.965268
-1.053889,51,69.984981
-1.007672,50,70.004745
-1.081004,51,70.025562
-1.030244,50,70.044943
-0.956056,50,70.064338
-1.06107,52,70.084398
-1.091653,52,70.104595
-0.951206,51,70.124202
-1.029302,51,70.143866
-0.949026,50,70.163727
-1.054669,51,70.184369
-0.958172,51,70.203933
-0.992803,51,70.223535
-0.984406,51,70.243125
-0.965323,51,70.262742
-0.984935,50,70.473215
-1.08082,51,70.495052
-0.979547,50,70.514984
-0.991198,50,70.534812
-1.03164,52,70.555217
-0.874267,50,70.574965
-1.005337,52,70.59531
-0.922506,50,70.614866
-1.075755,50,70.634382
-1.011541,51,70.654225
-1.015644,50,70.675086
-1.206349,51,70.6948
-1.014797,51,70.714712
-0.810337,51,70.735595
-1.028376,51,70.755201
-1.05699,50,70.775839
-0.995856,51,70.795902
-1.003398,50,70.815539
-1.051567,51,70.835474
-0.88526,50,70.856301
-1.083305,51,70.876421
-0.908841,51,70.896327
-0.985679,52,70.916636
-1.03414,50,70.936146
-0.96565,51,70.957272
-0.988172,51,70.977033
-0.971137,51,70.996831
-1.024213,51,71.0166
-1.098273,51,71.036332
-1.099391,51,71.056089
-1.171041,51,71.075805
-1.109872,51,71.095573
-0.949129,51,71.116344
-1.049314,51,71.136537
-1.096778,51,71.15625
-1.092589,52,71.176405
-0.958654,50,71.195911
-0.833613,51,71.216148
-1.051817,51,71.237123
-1.094229,51,71.257193
-1.055444,51,71.276944
-0.898235,50,71.487884
-1.008097,50,71.507609
-1.067264,51,71.527647
-1.251445,51,71.548331
-1.117862,52,71.569144
-0.955541,51,71.589323
-1.044002,51,71.61034
-0.983966,51,71.631331
-1.042894,50,71.650835
-0.978373,52,71.671275
-1.134181,51,71.691217
-1.120641,51,71.711288
-1.198465,51,71.731345
-1.283009,51,71.752609
-1.144184,51,71.772796
-1.061141,51,71.793022
-0.964325,52,71.813732
-1.021719,51,71.835252
-0.997177,51,71.85531
-1.113282,51,71.875326
-1.101173,50,71.896278
-1.002366,51,71.916427
-0.980523,51,71.936362
-0.940891,51,71.956102
-1.052439,51,71.975836
-0.994545,51,71.995623
-1.105685,52,72.016717
-1.110753,51,72.037852
-1.072964,51,72.058137
-1.010051,51,72.077962
-1.006892,52,72.098215
-1.035365,51,72.118049
-0.975724,52,72.138242
-1.05695,51,72.158024
-1.133132,51,72.179159
-0.997175,52,72.199329
-0.887138,52,72.220323
-0.927353,51,72.240389
-1.112508,52,72.260743
-1.127412,52,72.281069
-1.042282,51,72.495728
-1.14299,52,72.516151
-1.07105,51,72.536061
-0.885845,50,72.556924
-1.397636,51,72.576723
-1.112927,51,72.596463
-1.051184,51,72.616234
-1.017585,50,72.635624
-0.859313,50,72.655077
-1.043691,51,72.67637
-1.043423,51,72.696245
-0.955556,51,72.715946
-1.14927,51,72.736814
-1.022415,51,72.756669
-1.130899,51,72.776485
-1.1314,51,72.796289
-0.954255,50,72.815838
-1.295793,51,72.836923
-0.955835,50,72.857667
-1.112432,51,72.877873
-0.943461,51,72.897957
-1.11826,51,72.918049
-1.061604,51,72.937984
-1.040307,51,72.957909
-1.013462,51,72.977807
-1.139822,51,72.997799
-1.138565,51,73.017711
-0.986684,51,73.038114
-1.035975,52,73.058706
-1.022764,51,73.078628
-1.046539,51,73.098458
-1.173394,51,73.119581
-1.217672,51,73.139393
-0.809908,51,73.15909
-1.010944,51,73.179779
-0.961101,50,73.200792
-1.086701,51,73.220948
-1.081752,51,73.241631
-1.019226,52,73.263706
-1.046427,52,73.284745
-1.026012,50,73.496937
-1.088612,52,73.518031
-1.167714,51,73.538874
-1.030304,52,73.559227
-1.081572,50,73.578766
-0.92751,50,73.598332
-0.999237,51,73.618213
-1.018262,52,73.638429
-1.023389,52,73.658682
-0.951633,51,73.679453
-0.928951,51,73.69973
-1.077449,52,73.721333
-1.062065,51,73.741958
-1.004354,50,73.762954
-1.012267,51,73.783135
-0.974288,52,73.803551
-1.001301,51,73.823572
-0.980013,51,73.843552
-1.132712,51,73.863487
-1.178162,51,73.883478
-0.927582,51,73.904338
-1.052202,51,73.924764
-1.039934,51,73.944566
-1.15783,51,73.964399
-1.179664,51,73.984431
-1.072742,50,74.003831
-1.23408,51,74.023643
-0.937848,50,74.044543
-0.99477,51,74.064386
-0.983071,51,74.084231
-1.002682,51,74.104205
-1.081468,51,74.1242
-1.181089,51,74.144054
-1.146777,51,74.163897
-1.203428,51,74.185214
-0.965374,51,74.205123
-1.128101,51,74.224958
-0.97818,51,74.244695
-1.087719,51,74.264458
-1.112643,51,74.28426
-1.045281,51,74.498986
-0.997476,52,74.519481
-1.054681,51,74.539401
-1.011065,51,74.559325
-1.08428,51,74.579143
-1.101361,51,74.599611
-1.046199,50,74.619734
-0.973603,50,74.639141
-1.134252,51,74.658823
-1.143031,51,74.67848
-0.959665,51,74.698883
-1.038946,51,74.71897
-1.123823,51,74.738912
-1.060522,51,74.760273
-1.242747,52,74.780659
-0.976609,50,74.800221
-1.119891,51,74.820156
-1.038564,51,74.840033
-1.097359,51,74.860153
-1.047149,51,74.881071
-1.117879,50,74.900581
-1.063143,50,74.920893
-1.041257,51,74.940954
-1.148699,51,74.960949
-1.04712,51,74.980903
-1.082651,51,75.00085
-1.038221,52,75.021743
-0.898188,52,75.042689
-0.974191,51,75.062532
-1.061903,51,75.08226
-1.075528,51,75.101958
-0.911882,51,75.122392
-1.190132,51,75.142561
-0.86814,50,75.163533
-0.953588,50,75.182944
-0.954821,51,75.20283
-1.072071,52,75.223219
-1.018309,52,75.243408
-1.000451,51,75.263187
-1.163175,51,75.282974
-1.050547,51,75.500399
-1.190324,51,75.520585
-0.997554,50,75.540773
-0.765269,52,75.561431
-0.847082,50,75.581001
-1.10073,52,75.601355
-1.201518,51,75.621212
-0.926582,52,75.641456
-0.976645,51,75.661221
-0.919863,51,75.680967
-0.979727,51,75.700679
-0.943012,51,75.720327
-1.076048,51,75.741447
-1.022405,51,75.761325
-1.077584,51,75.781195
-0.951297,51,75.801009
-1.056646,51,75.820893
-0.972998,51,75.8407
-0.979024,51,75.861881
-1.079548,51,75.881749
-1.008963,51,75.90153
-1.309567,51,75.921281
-1.002389,51,75.941308
-1.005087,52,75.961405
-0.968004,52,75.98147
-0.978066,51,76.001803
-1.116098,51,76.021982
-0.942714,51,76.043257
-1.132855,51,76.063197
-1.047985,52,76.083502
-1.057563,51,76.103422
-1.147356,51,76.1233
-1.156793,51,76.143153
-0.947903,51,76.163849
-1.058412,51,76.183836
-1.063423,52,76.204036
-1.057527,51,76.224986
-1.110471,51,76.244955
-0.985558,51,76.264714
-1.003429,50,76.28411
-0.987572,51,76.498315
-0.984238,51,76.518581
-0.940499,50,76.538205
-1.060853,51,76.558128
-0.961349,50,76.57851
-0.998596,51,76.598507
-1.048549,51,76.618379
-0.982109,51,76.638167
-1.050168,51,76.657951
-1.042641,52,76.678114
-1.076002,51,76.697848
-0.916491,51,76.717521
-1.085332,51,76.737379
-1.002368,50,76.758285
-0.998602,51,76.778142
-1.045499,51,76.798018
-1.029154,51,76.817816
-0.839063,51,76.838959
-0.988077,50,76.858791
-1.087145,52,76.879346
-1.061695,51,76.899321
-1.091967,52,76.920455
-0.955557,51,76.940787
-1.048882,51,76.960575
-0.952806,51,76.980435
-1.20753,51,77.00119
-1.163206,51,77.021279
-0.960662,51,77.041212
-1.034593,51,77.061079
-1.136514,51,77.081011
-0.91027,51,77.10095
-1.074672,51,77.120714
-0.880922,51,77.140549
-1.090377,51,77.16165
-1.07664,51,77.181559
-1.21194,51,77.20138
-1.058091,51,77.221259
-0.828547,51,77.241041
-1.074813,51,77.260907
-0.879812,51,77.280802
-0.965046,52,77.495022
-1.039627,52,77.521123
-1.083228,52,77.547661
-0.992259,51,77.56972
-0.956214,51,77.591393
-0.848157,52,77.613504
-0.959201,52,77.633993
-1.115606,51,77.655258
-1.016811,51,77.676302
-1.291134,51,77.696208
-1.108824,51,77.715994
-1.111666,52,77.736587
-0.968716,50,77.757462
-0.877636,51,77.77742
-0.970847,51,77.797332
-0.956994,51,77.817266
-1.056793,51,77.837659
-0.839566,51,77.85841
-1.110173,51,77.878235
-0.967703,51,77.898085
-0.911319,51,77.917868
-1.083666,52,77.938115
-1.201693,51,77.957868
-0.988886,50,77.977209
-1.038063,52,77.997284
-0.970679,51,78.0187
-1.169529,52,78.038875
-1.007707,51,78.05856
-0.966024,51,78.078259
-1.049442,51,78.098264
-0.870118,50,78.118873
-1.120124,51,78.138587
-0.98482,51,78.158255
-0.975882,52,78.178383
-1.109125,51,78.198099
-1.181816,51,78.21777
-0.961255,50,78.237149
-1.189551,51,78.25721
-1.027072,52,78.278387
-0.924813,51,78.298079
-1.058003,50,78.510975
-0.998914,51,78.53143
-0.919891,51,78.551415
-0.925704,50,78.570972
-1.07802,52,78.591282
-1.049854,52,78.611577
-1.008389,51,78.631585
-1.096998,51,78.651453
-1.036912,51,78.672153
-1.264893,51,78.692324
-1.010946,51,78.71213
-1.172501,51,78.731959
-0.931113,50,78.751685
-1.074752,51,78.771724
-1.253355,51,78.791742
-0.966782,51,78.811731
-0.903358,51,78.831885
-1.015313,51,78.851971
-1.024984,52,78.873742
-1.121547,51,78.893748
-1.161042,51,78.913609
-1.09354,51,78.933364
-1.01365,51,78.953072
-1.09107,52,78.973223
-1.076926,51,78.992958
-0.929912,50,79.01274
-0.986308,51,79.033235
-1.116235,51,79.054405
-0.986946,51,79.074296
-1.119376,52,79.094541
-0.94035,51,79.114275
-1.03002,51,79.134019
-0.933915,51,79.153755
-1.046023,52,79.173825
-1.071561,51,79.193522
-1.079297,52,79.213748
-1.087931,51,79.233831
-0.897789,51,79.25545
-1.073877,50,79.275013
-0.94114,50,79.294569
-0.991318,51,79.314379
-1.062913,52,79.529316
-1.105533,52,79.549625
-0.929625,50,79.569135
-0.928127,52,79.589672
-0.94971,51,79.61044
-1.103539,52,79.630528
-1.036503,51,79.650234
-1.134798,51,79.669967
-1.05388,51,79.689511
-1.027622,50,79.708967
-0.900207,51,79.728775
-0.946723,52,79.749526
-1.065997,52,79.770624
-0.971718,51,79.790427
-0.973011,51,79.810273
-1.218787,51,79.830093
-0.939502,52,79.850387
-1.166241,51,79.872339
-1.083698,51,79.89247
-1.016607,51,79.912496
-1.004237,51,79.932617
-0.977049,51,79.952585
-1.24861,51,79.972561
-1.042033,51,79.992511
-0.889436,50,80.012076
-1.020359,50,80.032922
-1.050808,51,80.053038
-1.001122,52,80.073408
-1.028312,51,80.094212
-1.038009,51,80.114213
-1.030796,51,80.134045
-1.057452,51,80.153853
-0.919914,50,80.173321
-1.070079,52,80.193573
-0.910867,51,80.213342
-0.984577,52,80.23353
-0.97056,51,80.253266
-1.016915,51,80.273221
-1.143652,51,80.295103
-0.973148,51,80.315131
-1.10536,51,80.525942
-0.856481,50,80.545635
-0.971164,52,80.566053
-1.00935,51,80.586011
-0.931239,51,80.606627
-1.090233,51,80.627109
-1.066056,51,80.64693
-1.048781,51,80.666652
-1.278481,51,80.68632
-1.010165,51,80.707118
-1.004624,51,80.727246
-0.912754,50,80.746852
-0.82743,52,80.768424
-0.906033,50,80.788209
-0.92816,51,80.808062
-1.099239,51,80.827937
-1.072582,51,80.847797
-0.919568,50,80.867234
-1.203967,51,80.887017
-0.960768,50,80.906446
-0.991744,51,80.926164
-0.963341,51,80.946285
-1.000393,51,80.967288
-0.982356,51,80.98705
-1.153914,52,81.007169
-1.006921,51,81.02699
-1.132318,51,81.047707
-0.923404,50,81.067302
-0.93417,51,81.087251
-1.038234,52,81.107624
-1.119497,51,81.128567
-0.903422,52,81.149125
-1.209623,51,81.169197
-1.035575,51,81.189239
-0.999588,51,81.209207
-0.934427,50,81.229981
-1.110759,51,81.250071
-0.985113,51,81.269945
-1.031544,52,81.290186
-0.909815,51,81.309912
-1.011304,51,81.524315
-1.00143,51,81.544419
-0.986655,51,81.56435
-1.087929,52,81.584641
-0.916175,52,81.605606
-0.947051,50,81.625122
-1.111878,51,81.644931
-1.137668,51,81.665709
-1.126777,51,81.685851
-1.037988,51,81.705821
-1.01777,51,81.727141
-1.00508,51,81.748016
-0.982182,51,81.768301
-0.997644,51,81.788431
-1.118698,51,81.80851
-1.024411,52,81.830307
-1.1147,51,81.851432
-1.062031,51,81.871409
-0.935807,52,81.891652
-0.920743,51,81.911466
-1.026393,51,81.931372
-0.974895,51,81.951147
-0.99931,51,81.970843
-0.940384,50,81.990262
-0.950519,52,82.010584
-0.896001,51,82.032177
-1.020839,52,82.052734
-0.88379,50,82.072257
-0.912623,52,82.092505
-1.10595,51,82.112253
-0.947509,51,82.13199
-1.087793,52,82.152148
-0.946627,50,82.1724
-1.065656,51,82.192412
-0.970387,50,82.211884
-1.057038,51,82.231619
-0.981331,51,82.252593
-0.986197,51,82.272415
-0.941843,52,82.292728
-1.058871,50,82.312139
-0.981754,52,82.524845
-0.812078,51,82.544787
-0.901686,52,82.56501
-1.075774,51,82.584839
-0.98638,52,82.605107
-1.054986,51,82.624827
-1.014522,52,82.64494
-1.106147,52,82.66618
-0.99907,51,82.686265
-1.032501,50,82.705766
-1.183382,51,82.725576
-0.897467,51,82.745376
-0.983076,51,82.765227
-0.982621,51,82.78592
-1.044063,52,82.806603
-1.027517,52,82.827053
-0.979494,51,82.847805
-0.979833,51,82.868252
-1.015096,51,82.888149
-0.889241,50,82.907633
-1.082626,50,82.927141
-0.99352,51,82.946992
-1.034426,51,82.966792
-1.011532,50,82.986203
-1.023872,52,83.006418
-0.938124,51,83.026203
-1.18205,51,83.046802
-0.997567,51,83.067033
-1.010651,51,83.0881
-0.987256,51,83.107973
-0.936451,52,83.128167
-0.978743,51,83.148
-0.98668,51,83.167668
-0.94994,51,83.187402
-0.995034,51,83.207128
-0.958468,51,83.227291
-1.029267,51,83.24701
-0.955848,50,83.267088
-0.895213,51,83.287641
-1.191771,51,83.307246
-0.95563,51,83.518866
-0.912353,51,83.538942
-0.849451,50,83.558482
-0.925596,51,83.578316
-0.977776,50,83.598562
-0.986612,52,83.619787
-1.025842,50,83.63972
-0.973667,51,83.659769
-1.043518,50,83.679367
-0.95232,51,83.699264
-1.076267,51,83.719127
-1.124787,51,83.739267
-0.983563,51,83.760235
-0.931931,50,83.779734
-1.138452,52,83.800014
-1.129381,51,83.819866
-0.964895,50,83.839169
-0.907452,51,83.858876
-1.016473,51,83.87852
-1.056659,52,83.899056
-1.010832,51,83.919641
-0.974543,51,83.939284
-1.040943,51,83.958898
-0.726179,52,83.978961
-1.27281,51,83.99865
-0.985083,51,84.018286
-0.971789,52,84.038392
-0.977699,51,84.059239
-1.011042,51,84.079173
-0.953368,51,84.099724
-1.084254,51,84.120288
-0.959721,50,84.139779
-0.967514,51,84.159596
-0.852606,51,84.179342
-0.913895,52,84.199577
-1.401585,51,84.219297
-1.087764,51,84.239056
-0.996687,51,84.258699
-1.081362,51,84.278414
-0.921931,51,84.298037
-1.148363,51,84.512767
-0.957853,51,84.532783
-0.975062,51,84.552601
-1.114106,51,84.572342
-0.892265,51,84.591944
-1.022776,51,84.611916
-0.806462,51,84.631663
-1.045097,51,84.6517
-0.952436,52,84.672248
-0.955524,51,84.692282
-1.126304,51,84.712353
-0.874985,51,84.733219
-0.9784,51,84.753771
-1.065133,51,84.773744
-0.975566,51,84.793595
-0.951467,51,84.813353
-0.93435,51,84.833017
-1.072762,51,84.852748
-0.993568,51,84.873434
-1.011606,51,84.893444
-0.922298,51,84.913348
-0.92769,51,84.9331
-1.000784,51,84.952904
-0.998028,52,84.973373
-1.073924,52,84.994242
-0.959947,51,85.014896
-1.076127,51,85.03474
-1.006859,51,85.05534
-0.860487,52,85.076052
-0.80106,51,85.096061
-1.023948,51,85.115956
-1.102968,52,85.136289
-0.884327,51,85.156106
-1.021396,52,85.17631
-0.988495,51,85.196112
-1.003835,50,85.215631
-1.10079,51,85.237932
-0.945156,51,85.258685
-0.93151,52,85.280586
-0.949246,51,85.30054
-0.976216,52,85.512292
-0.786056,51,85.532268
-0.901666,50,85.551671
-1.161165,51,85.571473
-0.813108,50,85.590866
-1.073455,51,85.610665
-0.807266,50,85.631251
-0.746035,52,85.651521
-0.878112,50,85.670925
-1.102474,51,85.691828
-0.646492,51,85.713307
-1.094577,51,85.747572
-1.088589,52,85.783198
-0.781109,50,85.815617
-1.1459,51,85.841186
-1.124629,51,85.864072
-1.166958,51,85.88481
-0.790611,51,85.905298
-1.011166,51,85.925357
-0.889025,51,85.945243
-1.076131,51,85.965132
-1.116962,51,85.984908
-0.870011,50,86.004937
-0.876785,51,86.025144
-0.894757,51,86.04504
-1.172656,51,86.065652
-1.169348,51,86.085771
-0.898324,51,86.106537
-0.989164,50,86.126162
-0.878579,51,86.146097
-1.035419,51,86.165997
-1.108018,51,86.185774
-1.118714,51,86.20556
-0.817305,50,86.225108
-0.767449,51,86.244834
-0.926506,50,86.264702
-0.924094,51,86.284444
-1.076495,51,86.304181
-0.896549,51,86.324962
-1.057231,51,86.345045
-0.996504,52,86.556725
-0.735071,51,86.577032
-0.75347,52,86.597385
-1.113126,52,86.618414
-0.943457,51,86.638605
-0.918308,51,86.65843
-0.936406,51,86.678228
-1.179988,51,86.698061
-0.814495,51,86.717861
-0.758168,51,86.738744
-1.011264,51,86.75927
-0.867584,52,86.780711
-0.903106,50,86.80038
-1.052794,51,86.820435
-0.985902,51,86.84121
-0.930495,51,86.861146
-0.95226,51,86.880908
-0.996657,51,86.900679
-0.789074,51,86.920387
-0.961047,51,86.941478
-0.879374,51,86.961157
-1.013307,51,86.980818
-0.841914,50,87.00048
-0.932363,51,87.020285
-0.989739,51,87.04014
-1.057759,51,87.059929
-0.888334,50,87.079536
-0.998092,50,87.099115
-1.106837,51,87.118984
-0.674689,52,87.139354
-0.829282,50,87.160076
-0.949948,51,87.181039
-0.701534,52,87.20132
-1.052889,51,87.220966
-1.164473,51,87.240596
-1.000249,51,87.260212
-1.145758,50,87.279568
-1.000103,51,87.299204
-0.796896,51,87.318812
-0.829049,52,87.33933
-0.914709,51,87.360107
-0.941142,51,87.570535
-0.672299,50,87.591451
-0.713276,52,87.611687
-0.989076,51,87.631351
-0.863296,51,87.651347
-1.013554,51,87.671239
-0.91751,51,87.691078
-0.953743,51,87.710964
-1.115453,51,87.732121
-0.911852,51,87.751949
-0.81501,51,87.771766
-0.782455,51,87.791616
-0.709444,51,87.811363
-1.045143,51,87.83109
-0.967577,50,87.850422
-1.045052,51,87.871393
-0.683432,51,87.89093
-0.763599,52,87.910967
-0.997011,51,87.930596
-0.93385,51,87.950221
-0.730301,51,87.970708
-0.691405,50,87.990698
-0.719702,52,88.011088
-1.067064,51,88.030939
-1.034343,51,88.051067
-0.855185,51,88.071907
-1.095897,51,88.091606
-1.102774,51,88.111327
-1.104738,51,88.131023
-0.949656,50,88.150358
-0.695676,50,88.169885
-0.84268,51,88.189685
-1.088345,51,88.209542
-0.997407,52,88.229766
-0.910556,51,88.249576
-0.752642,52,88.269726
-1.091415,51,88.290018
-0.848764,52,88.31096
-0.756832,51,88.330927
-1.081288,51,88.350815
-0.914733,51,88.560401
-0.96397,51,88.580553
-0.879638,51,88.602504
-0.681569,51,88.622389
-0.930036,51,88.642367
-0.79208,51,88.662323
-1.036385,51,88.682194
-0.969551,52,88.702487
-0.722488,51,88.722448
-0.830547,51,88.742376
-0.951369,51,88.76362
-0.724643,51,88.783508
-1.05431,51,88.803326
-0.636469,51,88.823029
-1.076529,51,88.842761
-1.011413,51,88.862371
-0.83731,51,88.882117
-0.945771,52,88.902267
-0.99342,52,88.922394
-0.803049,51,88.943374
-0.747163,52,88.963554
-1.03943,51,88.983197
-0.798769,50,89.002634
-0.842562,51,89.022335
-0.762962,51,89.041953
-1.05427,51,89.061495
-1.012997,51,89.081053
-0.734097,51,89.100686
-0.816495,52,89.120794
-0.907923,51,89.141853
-0.808603,51,89.161478
-1.071469,51,89.181107
-0.677043,51,89.200713
-0.898618,51,89.220382
-1.02294,52,89.240418
-0.993494,51,89.260079
-0.964506,52,89.280113
-0.952876,51,89.299708
-0.957115,51,89.319351
-0.775034,51,89.340587
-0.805014,51,89.554924
-0.764509,52,89.575309
-0.771033,50,89.594808
-0.785551,52,89.615034
-0.999143,51,89.634985
-1.091634,51,89.654897
-0.838086,50,89.674483
-1.130324,51,89.694335
-0.684239,51,89.71419
-0.9973,51,89.735412
-1.05274,51,89.755315
-0.769391,51,89.775174
-0.918872,52,89.795335
-0.975389,51,89.815001
-1.056237,51,89.834653
-1.191998,51,89.854364
-0.855303,51,89.875371
-0.722401,51,89.895104
-0.888344,51,89.914831
-0.999998,51,89.934516
-1.038465,51,89.9542
-0.688736,51,89.973819
-0.879447,51,89.993514
-0.833141,51,90.013586
-0.967248,51,90.034042
-0.977117,50,90.053778
-0.781793,51,90.074659
-0.775281,50,90.094413
-0.946408,51,90.114157
-0.779438,50,90.133548
-0.955435,51,90.1533
-0.994645,51,90.173018
-0.678341,51,90.192777
-1.030204,51,90.212476
-1.104032,52,90.232625
-0.964577,52,90.253858
-0.960498,51,90.273801
-1.028759,51,90.293493
-0.844994,51,90.31339
-1.134597,51,90.333317
-0.669867,51,90.545157
-0.977043,52,90.565653
-1.05997,51,90.585582
-0.851833,51,90.606801
-0.658573,51,90.626825
-0.892662,52,90.647346
-0.978331,51,90.667532
-0.788155,51,90.687567
-0.893744,51,90.707411
-0.771584,51,90.727247
-0.852695,50,90.746728
-0.621761,52,90.766943
-0.924487,51,90.786657
-1.036608,51,90.806754
-0.664562,51,90.827403
-0.745342,51,90.847097
-0.70115,51,90.867796
-1.079248,51,90.887957
-0.702784,50,90.907615
-0.856987,51,90.927619
-1.250599,51,90.947573
-0.817844,51,90.967466
-0.8623,52,90.987794
-0.840847,50,91.007303
-0.684425,50,91.026878
-0.86397,51,91.04678
-0.992618,51,91.068035
-0.982202,51,91.08791
-0.790904,51,91.108565
-0.663584,52,91.12898
-0.759499,50,91.148443
-0.814487,51,91.168237
-0.916484,50,91.187684
-0.66425,50,91.207092
-1.063559,51,91.226799
-0.750056,51,91.246564
-0.691667,52,91.266725
-0.811209,52,91.287739
-0.808004,51,91.307891
-0.680096,51,91.327957
-0.708114,51,91.539513
-0.715936,50,91.5592
-0.728792,51,91.578894
-0.739828,51,91.598824
-0.978234,51,91.61882
-0.829176,51,91.639487
-0.851497,51,91.660047
-0.781749,51,91.67999
-0.830778,51,91.700343
-0.724029,51,91.720447
-0.854296,51,91.740566
-0.609949,51,91.760589
-1.057862,51,91.780499
-1.007348,51,91.801447
-0.819199,51,91.821598
-0.757667,51,91.84247
-0.715507,51,91.86244
-0.643219,51,91.882197
-0.89308,51,91.902797
-0.752319,51,91.922776
-0.829453,51,91.942632
-0.676592,51,91.962492
-0.76824,51,91.982278
-0.832377,51,92.002068
-0.784508,51,92.022155
-0.807876,51,92.041963
-0.788962,51,92.061627
-0.732768,51,92.081387
-0.829655,50,92.100758
-0.67773,51,92.121758
-0.645354,50,92.142708
-0.738599,50,92.162281
-0.74239,51,92.182225
-0.820757,50,92.2017
-0.755683,51,92.221524
-0.808068,51,92.241347
-0.814259,51,92.261146
-0.909427,51,92.280917
-0.811833,51,92.301855
-0.737541,50,92.321753
-0.726608,52,92.531988
-0.807428,50,92.551777
-0.745689,51,92.57162
-0.807854,52,92.592088
-1.034828,51,92.612111
-0.893927,52,92.632544
-0.815374,51,92.653045
-0.805934,51,92.673864
-0.737742,50,92.693419
-0.679986,51,92.713356
-0.685116,50,92.732936
-0.717185,51,92.75378
-0.838333,51,92.773757
-1.096246,51,92.793557
-0.691192,51,92.813345
-0.701596,51,92.833011
-0.6676,52,92.853984
-0.695495,50,92.873947
-0.726468,51,92.893793
-0.670802,50,92.913269
-0.650868,50,92.932651
-0.764488,51,92.952472
-0.698448,51,92.972303
-0.754774,51,92.992103
-0.78196,50,93.011854
-0.766359,51,93.031669
-0.843017,51,93.051385
-0.933603,51,93.071111
-0.710262,51,93.090828
-0.728671,51,93.11188
-0.696078,51,93.13161
-0.800333,51,93.151355
-0.82111,50,93.170914
-0.713684,51,93.190589
-0.820667,51,93.210234
-0.832955,51,93.229886
-0.973405,51,93.249479
-0.685918,51,93.270443
-0.856479,51,93.290314
-0.856103,52,93.310503
-0.756108,51,93.330308
-0.675379,52,93.540379
-0.628792,52,93.560917
-0.881962,51,93.582754
-0.752354,51,93.602956
-0.757584,51,93.622997
-0.732109,50,93.642567
-1.037329,51,93.662414
-0.827876,51,93.68233
-0.666576,51,93.70218
-0.696167,50,93.721811
-0.770298,52,93.741977
-0.799459,52,93.762866
-0.696498,50,93.783628
-0.785861,51,93.803811
-0.786583,51,93.823753
-1.029791,51,93.843646
-0.933959,51,93.863519
-0.820978,51,93.883301
-0.82947,51,93.903437
-0.836027,50,93.924063
-0.678457,51,93.943907
-0.927816,51,93.96369
-0.669523,51,93.983488
-0.686254,52,94.003727
-0.791838,51,94.02349
-0.900894,50,94.043017
-0.664363,51,94.06285
-0.713383,51,94.082783
-0.612345,51,94.102727
-0.824194,51,94.124744
-0.826967,51,94.145023
-0.832344,51,94.165067
-0.696767,51,94.185135
-0.745539,51,94.205026
-1.148276,51,94.224849
-0.867267,51,94.244593
-0.724198,50,94.264054
-0.956692,51,94.283962
-0.939692,51,94.303876
-0.722383,51,94.323729
-0.735548,51,94.535856
-0.726409,51,94.55605
-0.726855,50,94.575757
-0.881441,51,94.595746
-0.772834,52,94.616981
-0.717737,50,94.636782
-0.653862,50,94.656419
-0.747792,51,94.676417
-0.715407,51,94.697804
-0.777743,52,94.720046
-0.807416,51,94.742162
-0.876147,51,94.762194
-0.976788,51,94.782091
-0.875299,51,94.801954
-0.687886,51,94.822639
-0.70543,50,94.84243
-0.788519,51,94.863849
-0.672289,51,94.883868
-0.68015,52,94.904155
-0.764447,51,94.923998
-0.941219,51,94.943883
-0.676699,51,94.963793
-0.745668,51,94.983611
-0.817802,50,95.003097
-0.688504,51,95.022912
-0.741974,51,95.042724
-0.754307,50,95.062189
-0.72715,51,95.082037
-1.027088,51,95.101912
-0.660322,50,95.121371
-0.937572,51,95.141199
-0.833262,51,95.162144
-0.862994,51,95.18206
-0.717983,51,95.201731
-1.114008,52,95.221984
-0.830491,51,95.242187
-0.672422,51,95.262395
-0.839202,51,95.282616
-0.728918,52,95.303044
-0.765833,51,95.323118
-0.711491,50,95.533466
-0.623792,51,95.553602
-0.808412,51,95.573606
-0.728895,51,95.593551
-0.622161,50,95.613179
-0.695096,50,95.634087
-0.704257,51,95.654166
-0.690835,51,95.67413
-0.728182,51,95.694072
-0.80865,50,95.71364
-0.81505,51,95.733583
-0.840235,51,95.754411
-0.731753,50,95.77457
-0.866515,52,95.795761
-0.869165,52,95.815952
-0.911352,51,95.835712
-0.806573,51,95.856391
-0.965319,51,95.876367
-0.907182,51,95.896196
-1.107923,52,95.916455
-0.77959,51,95.936241
-0.691995,50,95.955678
-0.71892,51,95.97541
-0.841277,51,95.995263
-0.841204,51,96.016314
-0.698516,50,96.036047
-0.722802,52,96.056165
-0.734165,52,96.07634
-0.684921,51,96.096024
-0.626849,51,96.115721
-0.820336,51,96.13555
-0.683095,51,96.155258
-0.668842,50,96.174619
-0.711382,52,96.194711
-0.756749,52,96.215767
-0.833606,51,96.235764
-0.664933,50,96.255201
-0.742748,51,96.274962
-0.73553,51,96.294687
-0.842542,51,96.31457
-0.685497,51,96.525969
-0.820861,51,96.54607
-0.804868,51,96.566034
-0.674899,51,96.585888
-0.799905,52,96.607541
-0.691465,51,96.627371
-0.825442,51,96.647166
-0.7128,51,96.667061
-0.839689,51,96.688271
-0.750752,51,96.70838
-0.857767,51,96.72824
-0.734677,51,96.748074
-0.682622,51,96.767813
-0.796465,51,96.787652
-0.711255,51,96.80746
-0.805337,52,96.82763
-0.749277,51,96.848583
-0.590685,51,96.869374
-0.723006,52,96.890043
-0.663664,50,96.909706
-0.710739,51,96.929639
-0.916857,51,96.950047
-0.658393,52,96.971188
-0.717151,50,96.990718
-0.819934,51,97.010571
-0.676831,51,97.030431
-0.566805,51,97.05029
-0.755449,51,97.070102
-0.805512,52,97.090602
-0.69722,51,97.110457
-0.73801,51,97.131569
-0.683122,51,97.151349
-0.851311,51,97.171161
-0.649463,51,97.190973
-0.807431,51,97.21076
-0.843099,51,97.230447
-0.825707,50,97.25
-0.67339,51,97.269864
-0.811222,51,97.289941
-0.738054,52,97.310262
-0.728668,51,97.521167
-0.759343,51,97.54127
-0.861672,51,97.561509
-0.670393,51,97.581641
-0.832142,50,97.601392
-0.769592,51,97.621618
-0.799936,51,97.642996
-0.656292,50,97.662928
-0.715423,52,97.683378
-0.654603,50,97.702949
-0.798135,51,97.722844
-0.953539,51,97.742681
-0.723715,51,97.763063
-0.754375,51,97.782922
-0.87283,51,97.802775
-0.726762,51,97.822557
-0.718395,51,97.842318
-0.780091,52,97.863398
-0.705913,51,97.883587
-0.887112,52,97.903741
-0.768455,51,97.923468
-0.803172,51,97.943221
-0.740175,51,97.962958
-0.816235,51,97.982723
-0.666739,52,98.00295
-1.056312,51,98.022704
-0.7406,51,98.042444
-0.679408,50,98.061826
-0.8165,51,98.081534
-0.74577,51,98.102425
-0.77594,50,98.122885
-0.799263,52,98.143402
-0.716442,52,98.163857
-0.708831,52,98.184205
-0.734952,51,98.204058
-0.86275,51,98.223816
-0.732469,52,98.244196
-0.76366,51,98.264089
-0.705173,52,98.284399
-0.845503,51,98.304298
-0.616923,50,98.514535
-0.695006,51,98.534968
-0.736396,52,98.55551
-0.804156,50,98.576249
-0.882774,51,98.59668
-0.876722,51,98.616747
-0.765514,51,98.636663
-0.670897,50,98.656227
-0.699528,51,98.676114
-0.681911,50,98.695609
-0.816968,51,98.715198
-0.730824,51,98.735136
-0.705024,51,98.755583
-0.782482,51,98.776305
-0.659105,51,98.796147
-0.747489,51,98.816049
-0.795408,51,98.835873
-0.741454,51,98.855782
-0.687726,51,98.875652
-0.7704,51,98.895533
-0.744638,51,98.915348
-0.764357,51,98.935168
-0.911526,51,98.957346
-0.634797,50,98.977067
-0.705604,51,98.996971
-0.617651,51,99.016944
-0.873513,51,99.036885
-0.718737,51,99.056795
-0.683269,51,99.076624
-0.684417,51,99.096427
-0.697342,51,99.116299
-0.81282,51,99.136117
-0.884325,51,99.155935
-0.649496,51,99.175726
-0.770685,51,99.196923
-0.843051,52,99.217313
-0.763824,51,99.238587
-0.7053,51,99.258845
-0.911081,51,99.278875
-0.703081,51,99.298906
-0.755409,51,99.318907
-0.852476,52,99.531778
-0.732383,51,99.551956
-0.77452,51,99.572976
-0.672477,51,99.593293
-0.687352,51,99.613368
-0.731748,51,99.633416
-0.704591,51,99.65423
-0.870329,51,99.674261
-0.731817,51,99.694142
-0.749389,51,99.713982
-0.812281,51,99.733773
-0.859015,51,99.753527
-0.812477,51,99.774964
-0.640033,50,99.795153
-0.843567,51,99.815045
-0.684219,51,99.834877
-0.783232,51,99.854648
-0.783496,50,99.874015
-0.748427,52,99.894132
-0.878451,51,99.913924
-0.696917,50,99.933379
-0.701707,52,99.953598
-0.854104,51,99.973425
-0.755749,50,99.993335
-0.909238,51,100.013951
-0.795802,51,100.033767
-0.655865,52,100.053993
-0.802592,51,100.073719
-0.79035,51,100.093418
-0.779592,51,100.113024
-0.641964,51,100.132689
-0.702829,51,100.152555
-0.716356,51,100.173179
-0.750695,50,100.192734
-0.741111,51,100.212613
-0.747282,50,100.232211
-0.66007,51,100.252146
-0.809763,50,100.272389
-0.802159,52,100.293393
-0.651749,51,100.313313
-0.672152,51,100.522543
-0.875265,51,100.542667
-0.699857,51,100.562659
-0.848063,52,100.583129
-0.718073,52,100.604808
-0.694227,51,100.624776
-0.741272,52,100.64512
-0.808862,51,100.664975
-0.710935,51,100.684744
-0.777377,51,100.70451
-0.614931,51,100.7243
-0.70138,50,100.743664
-0.813769,51,100.763419
-0.727321,51,100.783128
-0.699531,52,100.804325
-0.606878,51,100.824315
-0.721791,51,100.844288
-0.758216,51,100.864184
-0.885768,51,100.885401
-0.793533,52,100.905754
-0.811594,51,100.92556
-0.797072,51,100.945445
-0.753016,51,100.965217
-0.770897,51,100.985049
-0.730487,50,101.004548
-0.75279,51,101.024378
-0.631142,51,101.044198
-0.867364,51,101.063839
-0.779924,52,101.084183
-0.87715,51,101.104097
-0.724687,51,101.125337
-0.739613,51,101.145232
-0.870601,51,101.165132
-0.781071,51,101.184957
-0.842102,51,101.205952
-0.79008,50,101.225963
-0.796204,52,101.246507
-0.696985,51,101.266448
-0.772365,51,101.286299
-0.614034,50,101.305823
-0.906324,51,101.516015
-0.78913,51,101.536092
-0.699962,52,101.556516
-0.71378,51,101.57792
-0.725927,50,101.598847
-0.644534,51,101.618854
-0.844465,51,101.638678
-0.828234,51,101.658453
-0.822907,51,101.678125
-0.670227,51,101.69785
-0.816713,52,101.718013
-0.626607,50,101.737309
-0.789315,51,101.756982
-0.851151,51,101.777505
-1.002349,51,101.797725
-0.794108,51,101.817505
-0.796265,52,101.83911
-0.67699,50,101.858798
-0.743882,51,101.878637
-0.655898,51,101.898375
-0.790473,51,101.918116
-0.803283,51,101.937838
-0.73873,51,101.957558
-0.760608,50,101.976976
-0.689263,51,101.996796
-0.738682,50,102.016234
-0.828845,51,102.036032
-0.67731,51,102.055784
-0.695214,51,102.07548
-0.658378,50,102.095873
-0.644844,51,102.115918
-0.901063,51,102.135646
-0.74785,50,102.155005
-0.744557,51,102.175557
-0.726691,50,102.195299
-0.837278,52,102.215702
-0.726382,51,102.235451
-0.660616,51,102.255532
-0.712829,52,102.275982
-1.042194,51,102.295972
-0.784953,50,102.507356
-0.915496,52,102.527881
-0.774814,51,102.54778
-0.804162,51,102.567587
-0.640094,51,102.587563
-0.753598,51,102.608743
-0.645567,51,102.628515
-0.704599,50,102.647953
-0.722635,52,102.669006
-0.707537,50,102.688642
-0.725485,52,102.70892
-0.74436,51,102.728752
-0.840547,51,102.748477
-0.763914,51,102.768252
-0.704463,52,102.788351
-0.79267,51,102.808145
-0.659621,51,102.827863
-0.673431,50,102.847235
-0.712507,51,102.866931
-0.742313,51,102.886636
-0.853173,52,102.908134
-0.749135,52,102.928221
-0.724106,51,102.947936
-0.808682,51,102.967725
-0.888954,51,102.987416
-0.731072,52,103.0075
-0.685842,50,103.026877
-0.700612,50,103.046263
-0.8713,51,103.066768
-0.85149,52,103.087369
-0.767917,52,103.108594
-0.746456,52,103.129527
-0.731327,51,103.149406
-0.649123,50,103.168803
-0.773274,50,103.188302
-0.799994,52,103.208683
-0.845553,51,103.228598
-0.754959,51,103.248897
-0.761256,51,103.268844
-0.824565,51,103.288831
-0.612391,50,103.4999
-0.843906,51,103.52036
-0.82052,51,103.540771
-0.76469,52,103.561384
-0.74626,52,103.582071
-0.803661,51,103.60231
-0.794958,51,103.622218
-0.714093,51,103.642071
-0.731628,51,103.663249
-0.769316,51,103.683024
-0.795067,50,103.702469
-0.692536,51,103.722243
-0.817006,51,103.742115
-0.833276,52,103.762281
-0.81908,51,103.78202
-0.903625,51,103.801822
-0.836214,52,103.822012
-0.864683,51,103.841823
-0.864964,51,103.862547
-0.642664,51,103.882584
-0.602263,50,103.902104
-0.72332,51,103.921906
-0.666989,51,103.941621
-0.816085,52,103.96185
-0.858321,51,103.981671
-0.755311,51,104.001428
-0.759795,51,104.021223
-0.641154,51,104.04231
-0.694273,51,104.062039
-0.669901,51,104.081786
-0.855594,51,104.10148
-0.61234,50,104.120904
-0.66592,50,104.140287
-0.691874,51,104.159872
-0.813368,51,104.18026
-0.855808,51,104.200691
-0.800454,51,104.220778
-0.632068,51,104.240809
-0.725364,52,104.261202
-0.713536,51,104.281948
-0.870634,51,104.494068
-0.681193,51,104.515779
-0.676424,51,104.535856
-0.737324,51,104.555796
-0.642508,51,104.575742
-0.702022,51,104.595755
-0.777019,51,104.615715
-0.613601,51,104.635687
-0.761189,51,104.655635
-0.738467,50,104.676456
-0.640288,51,104.696393
-0.678293,51,104.716338
-0.877805,51,104.73625
-0.798277,51,104.756156
-0.695471,52,104.77654
-0.763912,51,104.796368
-0.792277,51,104.816059
-0.708749,50,104.835552
-0.70229,51,104.855303
-0.676231,51,104.8751
-0.652756,51,104.895697
-0.759876,51,104.915782
-0.747152,51,104.935695
-0.724952,51,104.956528
-0.718183,52,104.977012
-0.690057,51,104.996875
-0.854985,51,105.016686
-0.696058,50,105.036168
-0.789599,50,105.055536
-0.667488,52,105.075695
-0.867606,51,105.095471
-0.728923,51,105.115167
-0.819057,51,105.134819
-0.765294,52,105.157141
-0.816957,51,105.177351
-0.689199,51,105.197387
-0.678356,51,105.217307
-0.811738,50,105.236868
-0.748541,51,105.256787
-0.707217,50,105.276404
-0.827091,52,105.486975
-0.840228,52,105.507991
-0.683257,51,105.52809
-0.793976,50,105.548688
-0.714027,51,105.569079
-0.739683,51,105.589004
-0.693147,50,105.608457
-0.687728,51,105.628195
-0.727064,52,105.648349
-0.704765,51,105.668116
-0.64378,51,105.687832
-0.649872,50,105.707228
-0.692345,52,105.727331
-0.737867,52,105.747346
-0.895174,51,105.768423
-0.790752,51,105.789553
-0.802988,51,105.809677
-0.744361,51,105.82974
-0.636337,51,105.849776
-0.796341,51,105.869793
-0.643961,51,105.889806
-0.749995,51,105.909805
-0.741874,51,105.929744
-0.772586,51,105.949626
-0.742756,51,105.969477
-0.91555,51,105.989347
-0.5783,50,106.008814
-0.820907,51,106.028823
-0.890431,51,106.049898
-0.636885,51,106.069696
-0.802387,52,106.090029
-0.684008,50,106.109498
-0.731797,51,106.129282
-0.865136,51,106.149009
-0.773331,52,106.169268
-0.646811,51,106.189173
-0.834854,51,106.209034
-0.678613,50,106.229945
-0.69306,51,106.249814
-0.897211,51,106.269771
-0.742934,51,106.289665
-0.757131,52,106.50265
-0.636158,51,106.522866
-0.69221,51,106.542964
-0.732395,52,106.56339
-0.783584,51,106.583304
-0.92615,51,106.604126
-0.750917,51,106.624171
-0.702736,51,106.645276
-0.686601,50,106.664904
-0.638158,51,106.684639
-0.818319,51,106.704383
-0.824683,51,106.724151
-0.690129,51,106.744729
-0.703429,52,106.76526
-0.775025,51,106.785209
-0.810694,51,106.805095
-0.744821,52,106.825419
-0.780592,51,106.845646
-0.661758,51,106.865475
-0.788568,51,106.885316
-0.670556,51,106.905015
-0.713736,51,106.924688
-0.714603,51,106.944541
-0.677427,51,106.964697
-0.721303,51,106.985786
-0.801946,52,107.006034
-0.669918,51,107.025884
-0.741395,51,107.045725
-0.719723,50,107.065266
-0.891016,51,107.085399
-0.675841,51,107.105229
-0.791875,50,107.12459
-0.66075,51,107.144326
-0.856662,51,107.164118
-0.697146,51,107.184006
-0.755863,52,107.204573
-0.695783,51,107.225396
-0.723432,52,107.246074
-0.72954,52,107.266613
-0.784497,51,107.286622
-0.81313,51,107.497502
-0.72758,51,107.521744
-0.722007,51,107.54675
-0.664546,51,107.567961
-0.686272,51,107.588033
-0.733784,52,107.608428
-0.919578,51,107.628358
-0.813492,51,107.649554
-0.731164,51,107.669557
-0.985981,51,107.689458
-0.782391,51,107.709914
-0.750745,51,107.729822
-0.671026,51,107.749656
-0.694583,51,107.769427
-0.789721,52,107.78964
-0.625381,50,107.809044
-0.674569,51,107.828783
-0.70298,52,107.849799
-0.939894,51,107.869904
-0.62649,51,107.889778
-0.662447,50,107.909284
-0.682403,52,107.930196
-0.690914,51,107.950413
-0.710058,51,107.970254
-0.716701,51,107.990135
-0.679334,50,108.009568
-0.743917,51,108.029579
-0.726839,51,108.05012
-0.755442,51,108.070544
-0.658138,52,108.090744
-0.658375,51,108.11033
-0.641263,51,108.13008
-0.766477,50,108.149756
-0.752878,51,108.170733
-0.838303,51,108.191221
-0.683977,52,108.212112
-0.806953,52,108.232877
-0.743205,51,108.253797
-0.698618,52,108.274677
-0.774578,51,108.294768
-0.685344,51,108.505012
-0.740082,51,108.525108
-0.906637,51,108.545081
-0.84028,52,108.565429
-0.724794,51,108.585205
-0.851899,51,108.604983
-0.667303,51,108.624734
-0.849248,51,108.645375
-0.778354,51,108.666172
-0.800839,52,108.686856
-0.796582,51,108.706827
-0.682849,51,108.726718
-0.648817,50,108.74631
-0.693719,51,108.766156
-0.714153,51,108.785983
-0.708521,50,108.805491
-0.706632,51,108.825366
-0.908667,51,108.845195
-0.923665,51,108.86503
-0.840747,51,108.884892
-0.643829,50,108.904919
-0.687591,51,108.925538
-0.709707,51,108.945425
-0.775711,51,108.965263
-0.72176,51,108.985153
-0.613782,50,109.004647
-0.807944,52,109.024906
-0.636114,50,109.044379
-0.885946,52,109.064598
-0.704488,51,109.085283
-0.775358,51,109.105229
-0.63169,51,109.125024
-0.768888,52,109.145435
-0.728668,52,109.166837
-0.788045,51,109.187773
-0.753523,51,109.207875
-0.686462,50,109.227421
-0.7284,50,109.246953
-0.665923,51,109.266765
-0.719555,51,109.286651
-0.657059,51,109.506162
-0.70083,52,109.526903
-0.630702,51,109.547078
-0.761233,51,109.567135
-0.804697,51,109.587071
-0.738278,51,109.606932
-0.712751,52,109.627268
-0.743652,51,109.647151
-0.667346,51,109.666983
-0.682236,51,109.686808
-0.706624,50,109.706248
-0.707821,51,109.726211
-0.684593,50,109.745709
-0.682174,51,109.765577
-0.700252,51,109.785421
-0.877624,51,109.80527
-0.747321,51,109.825141
-0.714933,52,109.84543
-0.870866,52,109.865717
-0.735646,51,109.885485
-0.762753,52,109.906724
-0.627497,51,109.926908
-0.664555,50,109.946577
-0.759167,51,109.966536
-0.749879,51,109.986457
-0.684041,51,110.006367
-0.699684,51,110.026255
-0.751371,51,110.046127
-0.836354,51,110.066024
-0.851718,52,110.08626
-0.78288,51,110.106053
-0.732385,50,110.125662
-0.877644,52,110.145992
-0.685914,50,110.165569
-0.698154,51,110.185527
-0.686166,50,110.205068
-0.697203,50,110.225494
-0.775695,50,110.245393
-0.654572,51,110.265429
-0.739883,51,110.285379
-0.725996,51,110.495636
-0.715557,51,110.516
-0.926254,52,110.536645
-0.654883,50,110.556316
-0.81192,52,110.576695
-0.772222,52,110.597068
-0.700993,51,110.617001
-0.670857,52,110.637348
-0.734931,50,110.656776
-0.849001,51,110.676557
-0.821924,51,110.696958
-0.649434,51,110.718252
-0.700207,51,110.738364
-0.793986,51,110.758451
-0.658961,51,110.77836
-0.70664,51,110.7982
-0.772122,51,110.818085
-0.857888,52,110.838361
-0.737455,50,110.857802
-0.787006,51,110.877658
-1.01068,51,110.89752
-0.864992,51,110.917322
-0.805831,51,110.937177
-0.770371,50,110.956635
-0.646113,51,110.976506
-0.594133,51,110.997737
-0.752554,51,111.017537
-0.68224,52,111.037716
-0.834991,52,111.057922
-0.804238,50,111.077373
-0.682992,51,111.097075
-0.761215,52,111.117342
-0.696741,51,111.138219
-0.613294,50,111.158042
-0.672433,52,111.178525
-0.857399,51,111.198551
-0.857945,51,111.218563
-0.761918,51,111.239557
-0.656556,51,111.259701
-0.828055,51,111.279622
-0.698844,51,111.491026
-0.762814,51,111.512596
-0.746103,51,111.532518
-0.951884,51,111.552374
-0.742207,51,111.572101
-0.721025,51,111.59187
-0.991091,51,111.611618
-0.682979,50,111.631015
-0.742566,51,111.650997
-0.872477,52,111.672278
-0.914787,51,111.692485
-0.737456,52,111.713714
-0.647709,51,111.734261
-0.681957,51,111.754268
-0.66933,51,111.774379
-0.681452,51,111.79537
-0.781292,51,111.815607
-0.900339,51,111.836715
-0.676301,52,111.857704
-0.687502,51,111.877727
-0.794244,51,111.898644
-0.819773,51,111.919675
-0.670541,50,111.940288
-0.69047,50,111.960671
-0.881014,51,111.980667
-0.726768,52,112.001011
-0.888939,51,112.020921
-0.680645,50,112.040424
-0.811074,50,112.05992
-0.831064,51,112.079633
-0.627214,51,112.099664
-0.679288,51,112.119549
-0.660915,50,112.13905
-0.638426,51,112.158895
-0.607525,52,112.179113
-0.84061,51,112.19902
-0.83334,51,112.218858
-0.653564,51,112.240251
-0.831533,51,112.260096
-0.856678,51,112.27983
-0.903165,52,112.489863
-0.689723,51,112.510085
-0.833067,51,112.530069
-0.763059,52,112.550256
-0.701876,50,112.570635
-0.703783,51,112.590871
-0.658974,51,112.610959
-0.603036,50,112.631925
-0.777939,51,112.651887
-0.739507,51,112.671781
-0.740585,51,112.691626
-0.746145,51,112.711458
-0.746798,51,112.731243
-0.768374,51,112.751002
-0.868351,51,112.770837
-0.709682,51,112.790512
-0.779268,51,112.81166
-0.711644,51,112.831876
-0.783711,52,112.85388
-0.944116,51,112.876488
-0.827276,51,112.898138
-0.839895,51,112.927319
-0.780783,51,112.951133
-0.817727,51,112.972852
-0.799383,52,112.996796
-0.821914,51,113.018312
-0.701801,51,113.039805
-0.746769,51,113.061001
-0.647306,51,113.083203
-0.755165,51,113.10665
-0.759325,51,113.128703
-0.671081,51,113.151224
-0.711998,50,113.174378
-1.067073,51,113.195437
-0.677459,51,113.216455
-0.69819,51,113.238889
-0.780051,52,113.261167
-0.617095,51,113.282522
-0.758783,51,113.303804
-0.830446,51,113.325376
-0.706291,52,113.346694
-0.684934,52,113.570271
-0.774154,52,113.592102
-0.742182,51,113.614307
-0.810343,51,113.636453
-0.695327,51,113.656779
-0.790375,51,113.678131
-0.723187,51,113.699127
-0.845156,52,113.720311
-0.805821,50,113.74085
-0.69843,51,113.762091
-0.885285,51,113.781924
-0.832085,51,113.801763
-0.713771,51,113.822472
-0.921218,51,113.842589
-0.804524,51,113.862567
-0.900157,51,113.882472
-0.766942,50,113.903351
-0.64285,51,113.923148
-0.687164,50,113.943948
-0.756086,51,113.963745
-0.755984,51,113.983504
-0.726441,52,114.00365
-0.834419,51,114.02425
-0.729445,50,114.04393
-0.733075,51,114.065429
-0.864683,52,114.085945
-0.840397,52,114.106397
-0.761638,51,114.12632
-0.683746,50,114.145759
-0.758311,51,114.165808
-0.806694,51,114.18589
-0.73928,51,114.207306
-0.957994,51,114.227429
-0.692879,52,114.248604
-0.712376,51,114.268765
-0.618618,51,114.288677
-0.719115,50,114.308271
-0.659162,50,114.327792
-0.859854,51,114.347584
-0.654806,52,114.367661
-0.764905,51,114.582278
-0.810139,50,114.60195
-0.862177,51,114.623088
-0.734289,52,114.644485
-0.886376,51,114.664531
-0.846055,51,114.684768
-0.811911,51,114.705242
-0.696828,51,114.72572
-0.673129,51,114.747021
-0.754037,51,114.768008
-0.77471,51,114.788557
-0.689916,50,114.808748
-0.814044,50,114.829497
-0.759884,51,114.850589
-0.704269,51,114.871246
-0.803169,51,114.891785
-0.69584,51,114.914749
-0.571837,51,114.935251
-0.67647,51,114.955722
-0.680388,51,114.977722
-0.723484,51,114.997527
-0.832738,51,115.018516
-0.717061,51,115.038841
-0.772677,51,115.061677
-0.683144,51,115.081568
-0.849461,51,115.101726
-0.825481,52,115.123012
-0.836832,51,115.142815
-0.70731,51,115.162469
-0.739385,51,115.182383
-0.615712,51,115.203568
-0.679721,51,115.22346
-0.829369,51,115.243197
-0.732498,51,115.264262
-0.724182,50,115.284265
-0.630795,51,115.304528
-0.767543,51,115.324757
-0.724323,51,115.344888
-0.692995,51,115.364823
-0.675673,50,115.384328
-0.707581,51,115.599063
-0.727628,51,115.619204
-0.69068,51,115.639123
-0.722128,51,115.65899
-0.735519,51,115.681063
-0.834853,51,115.701058
-0.748319,51,115.722323
-0.776516,51,115.743531
-0.629179,51,115.764055
-0.715007,50,115.785566
-0.775289,51,115.806426
-0.646074,51,115.827956
-0.7724,51,115.849031
-0.642256,51,115.869756
-0.877493,52,115.891675
-0.805449,52,115.920484
-0.747517,51,115.945316
-0.75036,52,115.968982
-0.854929,51,115.99119
-0.836604,51,116.011167
-0.749036,51,116.031231
-0.736967,51,116.052442
-0.654447,50,116.071932
-0.744348,51,116.092594
-0.686977,51,116.11304
-0.809626,51,116.132832
-0.633144,52,116.153016
-0.793774,51,116.172755
-0.752427,51,116.192517
-0.73333,51,116.212425
-0.661004,52,116.232762
-0.673748,51,116.252612
-0.685869,50,116.274521
-0.778331,51,116.294915
-0.753939,51,116.314957
-0.775742,51,116.335012
-0.847322,51,116.355043
-0.764711,51,116.37496
-0.775781,50,116.394435
-0.77515,51,116.414279
-0.767601,51,116.638942
-0.799451,51,116.659093
-0.681735,51,116.679099
-0.671114,51,116.699016
-0.749457,51,116.719717
-0.765319,50,116.739449
-0.804582,51,116.759436
-0.729013,51,116.779281
-0.716516,51,116.799079
-0.78356,51,116.818922
-0.747242,51,116.84101
-0.718937,51,116.861373
-0.726396,51,116.881413
-0.661308,51,116.901427
-0.72107,52,116.923224
-0.812025,51,116.944723
-0.726079,51,116.965701
-0.988821,51,116.985581
-0.737024,51,117.00552
-0.886757,51,117.025429
-0.769137,50,117.044886
-0.771416,51,117.064727
-0.6876,50,117.084237
-0.705092,52,117.104964
-0.735835,51,117.125789
-0.726035,51,117.145697
-0.835615,51,117.16562
-0.765477,51,117.185379
-0.793401,51,117.205468
-0.79328,52,117.227215
-0.807045,51,117.247219
-0.73951,50,117.26781
-0.684031,51,117.288169
-0.996409,51,117.308076
-0.707381,52,117.328374
-0.738369,51,117.34929
-0.78502,50,117.369082
-0.629879,50,117.388798
-0.709098,51,117.408657
-0.791496,51,117.428558
-0.831446,51,117.642357
-0.942685,51,117.662501
-0.721286,52,117.682944
-0.77866,51,117.702911
-0.694125,52,117.723289
-0.799351,51,117.743295
-0.770154,52,117.764666
-0.639724,50,117.784539
-0.730976,51,117.804681
-0.895229,51,117.824687
-0.691524,52,117.845019
-0.92426,51,117.864988
-0.691191,51,117.886201
-0.750891,50,117.905704
-0.782895,51,117.925576
-0.773737,51,117.94535
-0.640222,51,117.966086
-0.738635,51,117.986123
-0.687633,52,118.00642
-0.677265,51,118.026261
-0.754425,51,118.04613
-0.638016,50,118.065569
-0.815305,51,118.086371
-0.819598,51,118.106546
-0.661935,52,118.126803
-0.678576,51,118.146554
-0.759655,50,118.16588
-0.681757,51,118.185787
-0.772156,51,118.205627
-0.726908,51,118.225509
-0.642338,51,118.246612
-0.66666,51,118.266544
-0.728448,51,118.287337
-0.762027,51,118.30759
-1.0314,51,118.327685
-0.75686,51,118.347699
-0.739504,51,118.367603
-0.841,52,118.387903
-0.696232,51,118.407671
-0.759924,51,118.427686
-0.824747,51,118.638725
-0.636713,51,118.658852
-0.720442,50,118.678486
-0.83,51,118.699774
-0.761959,51,118.719677
-0.686287,51,118.739469
-0.920394,52,118.759824
-0.70784,51,118.779769
-0.786582,51,118.799647
-0.69232,51,118.819307
-0.789062,51,118.839184
-0.927834,51,118.859076
-0.687158,51,118.878993
-0.764088,51,118.900291
-0.772728,50,118.919839
-0.683759,51,118.939719
-0.668626,51,118.959592
-0.787088,51,118.979509
-0.776032,51,118.999299
-0.87555,50,119.018728
-0.788568,50,119.038108
-0.718316,51,119.057857
-0.778827,51,119.077609
-0.67433,51,119.098172
-0.744802,51,119.118649
-0.640985,51,119.1385
-0.699058,51,119.158196
-0.705888,51,119.178073
-0.70394,50,119.199799
-0.800305,50,119.219742
-0.680419,50,119.239537
-0.717272,51,119.259573
-0.699289,50,119.279754
-0.929002,51,119.300226
-0.696703,51,119.320178
-0.694275,51,119.340135
-0.743943,51,119.359964
-0.664746,51,119.379723
-0.789033,51,119.400994
-0.674011,51,119.421026
-0.688072,51,119.449022
-0.673147,51,119.706357
-0.618449,50,119.72598
-0.766745,50,119.745514
-0.669015,51,119.76601
-0.665156,50,119.786169
-0.652153,50,119.80782
-0.694215,51,119.828384
-0.826799,51,119.849205
-0.66915,51,119.870254
-0.718014,51,119.891353
-0.714955,50,119.911423
-0.681222,51,119.931883
-0.627624,51,119.953849
-0.742154,50,119.97395
-0.776325,50,119.995555
-0.715603,52,120.017996
-0.746748,52,120.041547
-0.786907,51,120.063919
-0.671248,51,120.084991
-0.701347,52,120.105459
-0.704749,51,120.125468
-0.708191,51,120.145436
-0.781119,51,120.165447
-0.665302,51,120.186112
-0.7503,51,120.206698
-0.712661,51,120.226509
-0.621675,51,120.246572
-0.678639,51,120.266475
-0.648521,51,120.286368
-0.728653,52,120.307681
-0.724125,51,120.327807
-0.687576,51,120.347786
-0.724043,51,120.368269
-0.683836,51,120.389137
-0.763455,51,120.409115
-0.825552,52,120.429374
-0.688605,51,120.449165
-0.826577,51,120.468999
-0.735316,52,120.489307
-0.944031,51,120.509251
-0.619215,51,120.76997
-0.673078,51,120.798177
-0.765581,51,120.828827
-0.810115,51,120.854649
-0.747544,51,120.875781
-0.735621,51,120.903011
-0.657515,51,120.927488
-0.881757,51,120.964656
-0.801497,51,120.99028
-0.781569,51,121.018357
-0.68582,51,121.038441
-0.714897,51,121.061096
-0.850377,51,121.086105
-0.894944,52,121.120769
-0.660247,52,121.14976
-0.63661,50,121.169595
-0.680757,50,121.200312
-0.626065,51,121.224444
-0.813276,51,121.244606
-0.694011,51,121.272311
-0.777591,50,121.299321
-0.688371,51,121.322728
-0.737699,51,121.349958
-0.766711,50,121.371046
-0.704156,51,121.396527
-0.67626,51,121.416821
-0.740482,51,121.441746
-0.708795,51,121.463755
-0.753168,51,121.48424
-0.693639,51,121.510783
-0.720957,51,121.537858
-0.699953,51,121.558347
-0.651714,50,121.591233
-0.683853,52,121.618739
-0.814514,51,121.638906
-0.690474,51,121.662804
-0.706775,51,121.687593
-0.750789,51,121.714767
-0.735812,51,121.734916
-0.885305,51,121.754977
-0.69923,52,121.973413
-0.809085,51,121.993522
-0.65035,52,122.020339
-0.703029,51,122.049888
-0.59108,50,122.080279
-0.821046,51,122.102524
-0.754406,51,122.126034
-0.56348,51,122.15164
-0.814794,52,122.172739
-0.730017,50,122.193017
-0.674937,52,122.215645
-0.790971,51,122.23616
-0.656824,51,122.256861
-0.936837,51,122.278618
-0.770462,51,122.299147
-0.655203,50,122.321968
-0.778043,51,122.342983
-0.737187,52,122.36482
-0.803815,51,122.384821
-0.757655,51,122.404717
-0.76001,50,122.425259
-0.711592,52,122.445949
-0.730419,50,122.46711
-0.745655,51,122.487047
-0.706329,52,122.507265
-0.751629,52,122.528391
-0.698203,51,122.549925
-0.747497,50,122.569751
-0.762558,51,122.590265
-0.656328,50,122.610993
-0.786969,51,122.631044
-0.758617,51,122.651053
-0.630014,50,122.672027
-0.722638,51,122.69196
-0.842155,51,122.711881
-0.700368,51,122.737041
-0.67973,50,122.756931
-0.754354,50,122.776443
-0.664119,51,122.797866
-0.813728,51,122.818016
-0.737282,51,123.037381
-0.754432,52,123.058595
-0.705658,52,123.081135
-0.77919,52,123.102216
-0.768643,51,123.124482
-0.70381,51,123.145568
-0.7311,50,123.167151
-0.770379,51,123.18848
-0.704933,50,123.210345
-0.76994,51,123.2361
-0.678062,51,123.264024
-0.635908,51,123.285965
-0.772104,51,123.306502
-0.720559,52,123.327387
-0.760042,51,123.348693
-0.874411,51,123.36863
-0.703038,51,123.389884
-0.62931,51,123.409747
-0.624748,51,123.429613
-0.733706,51,123.44945
-0.685749,51,123.469716
-0.777341,51,123.490458
-0.76923,51,123.510291
-0.697587,51,123.530107
-0.726683,51,123.550426
-0.700225,51,123.57099
-0.658442,51,123.590991
-0.683879,51,123.610989
-0.680314,51,123.632295
-0.956394,51,123.652444
-0.734318,51,123.67493
-0.751397,51,123.697682
-0.862711,51,123.718738
-0.853272,51,123.739979
-0.703119,51,123.761018
-0.617309,50,123.782138
-0.645838,51,123.803736
-0.792291,51,123.826115
-0.808198,52,123.847508
-0.671947,51,123.867663
-0.724615,51,124.082378
-0.750846,50,124.102375
-0.760696,51,124.122521
-0.766796,51,124.142555
-0.637939,51,124.162539
-0.758539,50,124.182747
-0.831881,51,124.203538
-0.722723,51,124.223449
-0.731766,52,124.243705
-0.82206,51,124.2645
-0.709802,51,124.284576
-0.645386,51,124.304373
-0.757851,51,124.324174
-0.695405,51,124.343981
-0.748019,50,124.363774
-0.676176,50,124.384206
-0.637741,50,124.40454
-0.712247,51,124.424723
-0.611242,51,124.446002
-0.759528,51,124.465877
-0.691637,52,124.486307
-0.730783,51,124.509164
-0.780075,51,124.529985
-0.56937,51,124.549838
-0.603672,52,124.569919
-0.709024,51,124.591223
-0.812293,50,124.610824
-0.887254,51,124.630801
-0.687861,50,124.650422
-0.711296,51,124.67032
-0.856474,51,124.690436
-0.775222,51,124.711406
-0.792106,51,124.731468
-0.706161,52,124.753107
-0.736456,51,124.772904
-0.705961,51,124.794027
-0.723675,52,124.814399
-0.642611,50,124.8338
-0.7551,51,124.85485
-0.798288,51,124.874773
-0.665712,51,125.08663
-0.805922,51,125.107056
-0.773681,51,125.126927
-0.688452,51,125.146824
-0.758191,51,125.167352
-0.874401,51,125.188119
-0.748488,51,125.208019
-0.685924,51,125.227966
-0.853438,52,125.248296
-0.805084,51,125.268104
-0.819278,51,125.287939
-0.666078,51,125.309078
-0.777786,51,125.328894
-0.674218,51,125.349537
-0.720529,50,125.373909
-0.864864,51,125.399508
-0.689954,51,125.42031
-0.651387,51,125.440623
-0.756676,51,125.461632
-0.712865,50,125.481372
-0.889257,50,125.500965
-0.775458,50,125.520471
-0.700916,52,125.541997
-0.830926,51,125.561934
-0.714599,51,125.581678
-0.664648,51,125.601606
-0.763053,52,125.622091
-0.632349,51,125.642039
-0.737324,51,125.661939
-0.823452,51,125.68326
-0.684761,51,125.703189
-0.675505,51,125.723168
-0.631117,52,125.743517
-0.651961,51,125.763425
-0.75859,51,125.783605
-0.722952,51,125.80446
-0.646013,50,125.824271
-0.733696,51,125.844952
-0.804746,51,125.864813
-0.733406,51,125.884745
-0.666006,52,125.905
-0.82195,51,126.118012
-0.775626,52,126.13849
-0.736437,52,126.158824
-0.860766,52,126.179194
-0.765435,51,126.199059
-0.648818,51,126.219383
-0.721829,52,126.24053
-0.781368,51,126.260388
-0.815021,51,126.280218
-0.712581,50,126.299707
-0.737153,51,126.319506
-0.66695,51,126.340139
-0.721588,51,126.360181
-0.620103,51,126.38023
-0.750109,50,126.399864
-0.744075,51,126.419804
-0.752225,50,126.43935
-0.851385,52,126.461095
-0.7145,51,126.481832
-0.755555,50,126.501689
-0.707263,50,126.521348
-0.684722,51,126.54124
-0.679844,52,126.561551
-0.761898,51,126.581224
-0.710142,50,126.602195
-0.689039,51,126.622069
-0.743314,51,126.641918
-0.835568,51,126.661805
-0.864644,50,126.681263
-0.66646,51,126.701079
-0.690636,52,126.721915
-0.634955,51,126.742543
-0.70423,50,126.762034
-0.788494,51,126.781741
-0.867666,51,126.80149
-0.772656,51,126.821066
-0.732352,51,126.842216
-0.746681,50,126.862526
-0.665752,51,126.882319
-0.774341,51,126.902138
-0.810157,51,127.11334
-0.720726,52,127.133879
-0.891841,51,127.15416
-0.631095,51,127.175172
-0.690918,52,127.195472
-0.599471,50,127.215018
-0.881357,51,127.234886
-0.849266,52,127.255114
-0.705213,51,127.276269
-0.786332,51,127.296097
-0.812728,51,127.317985
-0.754799,51,127.339353
-0.796444,52,127.359836
-0.624251,52,127.380051
-0.681116,51,127.399852
-0.833351,51,127.419665
-0.789179,50,127.439126
-0.808108,51,127.458906
-0.654735,51,127.4787
-0.772373,51,127.49985
-0.693426,50,127.519137
-0.821585,51,127.539016
-0.830263,51,127.558919
-0.82232,51,127.578693
-0.766365,51,127.598773
-0.745814,52,127.619179
-0.633802,51,127.639201
-0.804697,51,127.659274
-0.733532,50,127.678997
-0.718302,51,127.700289
-0.668951,52,127.720557
-0.695422,50,127.741109
-0.76623,50,127.760852
-0.701172,52,127.78121
-0.638919,51,127.801047
-0.686006,51,127.820778
-0.715628,51,127.841247
-0.655499,52,127.862479
-0.756759,51,127.882398
-0.632639,51,127.902193
-0.789888,51,128.111895
-0.694114,51,128.131998
-0.752341,51,128.152949
-0.684523,51,128.173082
-0.720091,51,128.193132
-0.699602,51,128.214348
-0.724362,51,128.234291
-0.861835,51,128.254147
-0.753461,50,128.2736
-0.816039,51,128.293479
-0.632434,51,128.31331
-0.587369,51,128.33311
-0.76296,51,128.353645
-0.700649,51,128.373666
-0.834851,51,128.393499
-0.736496,50,128.412991
-0.856525,51,128.434155
-0.754053,51,128.453874
-0.696628,51,128.473592
-0.766335,52,128.493806
-0.732954,52,128.514015
-0.764767,51,128.533682
-0.712167,51,128.553379
-0.612919,50,128.572707
-0.878623,51,128.593064
-0.644242,50,128.613331
-0.882465,51,128.633213
-0.709825,52,128.653434
-0.725982,51,128.673281
-0.778906,52,128.69338
-0.923374,51,128.713326
-0.70686,51,128.733344
-0.623642,51,128.75453
-0.738908,51,128.774291
-0.710524,51,128.793926
-0.660158,50,128.813392
-0.710774,51,128.833322
-0.817534,51,128.853144
-0.734313,52,128.873428
-0.724252,51,128.893259
-0.718566,51,129.101719
-0.797493,51,129.121649
-0.781383,51,129.14146
-0.726165,51,129.161405
-0.801206,51,129.182002
-0.634811,52,129.202514
-0.693831,51,129.223851
-0.764235,51,129.243783
-0.771823,52,129.264129
-0.928248,51,129.283962
-0.739596,50,129.303426
-0.650485,51,129.323269
-0.671174,51,129.343086
-0.771114,51,129.363819
-0.725463,52,129.384341
-0.684497,51,129.40429
-0.696395,51,129.424169
-0.71785,51,129.444102
-0.71327,51,129.463939
-0.799941,51,129.48515
-0.789487,51,129.504949
-0.836575,51,129.524736
-0.807799,51,129.544402
-0.865273,51,129.564187
-0.673354,50,129.584561
-0.646441,51,129.604728
-0.676277,50,129.624451
-0.648612,51,129.644472
-0.667493,51,129.664407
-0.800772,51,129.684386
-0.689015,52,129.705813
-0.683452,52,129.726495
-0.774777,51,129.746365
-0.789899,50,129.765846
-0.853286,51,129.785506
-0.725075,52,129.805845
-0.901581,51,129.825819
-0.680697,51,129.845759
-0.80345,51,129.866954
-0.712163,51,129.886855
-0.662879,51,130.098348
-0.653665,51,130.118386
-0.648414,51,130.138268
-0.641611,51,130.158123
-0.862149,52,130.178477
-0.754245,51,130.198403
-0.677585,51,130.219109
-0.776447,51,130.239384
-0.68888,51,130.260198
-0.785282,51,130.280721
-0.835249,52,130.301785
-0.744564,51,130.322285
-0.677255,50,130.342282
-0.759847,51,130.363612
-0.826256,51,130.383952
-0.728184,51,130.404968
-0.664902,51,130.425116
-0.633219,51,130.446289
-0.765928,52,130.466806
-0.746089,51,130.486665
-0.768993,51,130.506405
-0.767558,51,130.526215
-0.680442,51,130.545793
-0.66317,50,130.565372
-0.701227,52,130.585685
-0.680021,51,130.605573
-0.797107,51,130.625451
-0.695956,51,130.645338
-0.707264,51,130.665221
-0.672509,51,130.686401
-0.788682,51,130.706356
-0.688188,51,130.726215
-0.728431,52,130.747513
-0.769229,51,130.767421
-0.727494,52,130.787452
-0.765019,51,130.807331
-0.690983,51,130.827164
-0.940033,51,130.84717
-0.686743,51,130.867032
-0.955986,51,130.886871
-0.745008,51,131.09687
-0.746182,51,131.117191
-0.751083,51,131.13728
-0.779389,51,131.157271
-0.900788,51,131.17725
-0.861643,51,131.197226
-0.687224,51,131.21718
-0.667199,51,131.237055
-0.662073,52,131.257452
-0.710992,51,131.277289
-0.671101,50,131.297595
-0.728866,51,131.317758
-0.788642,50,131.33711
-0.611728,51,131.356805
-0.737328,51,131.376633
-0.784962,51,131.396336
-0.641118,51,131.416044
-0.666619,51,131.435732
-0.581422,51,131.455505
-0.722474,51,131.475218
-0.824179,51,131.495866
-0.734685,52,131.516355
-0.741928,50,131.535604
-0.689439,50,131.555068
-0.80945,51,131.574995
-0.720859,51,131.596229
-0.691303,52,131.616496
-0.763719,51,131.636232
-0.685302,52,131.657786
-0.58023,51,131.678668
-0.697721,52,131.69923
-0.742242,50,131.718925
-0.678122,51,131.738816
-0.699618,51,131.758735
-0.67015,51,131.778509
-0.672588,52,131.8001
-0.670628,51,131.820233
-0.673081,51,131.840132
-0.746856,51,131.861242
-0.836421,51,131.882143
-0.71825,51,132.092923
-0.667975,51,132.113184
-0.653007,51,132.133107
-0.716753,51,132.152977
-0.686847,51,132.172743
-0.707385,51,132.192837
-0.763379,51,132.212705
-0.663129,51,132.233565
-0.638234,51,132.253743
-0.775582,51,132.273658
-0.719893,51,132.293631
-0.727494,51,132.313581
-0.641614,51,132.333558
-0.727908,51,132.353475
-0.694469,51,132.373403
-0.754267,52,132.393778
-0.706745,52,132.413991
-0.69582,52,132.434294
-0.671882,52,132.455775
-0.747797,51,132.475462
-0.868229,52,132.495599
-0.706274,51,132.515182
-0.679105,51,132.534958
-0.672732,51,132.554747
-0.786991,51,132.574619
-0.727709,51,132.59489
-0.773043,52,132.616205
-0.841205,51,132.636158
-0.792723,51,132.656063
-0.713718,50,132.675595
-0.689087,51,132.695978
-0.704181,51,132.7164
-0.868941,51,132.736437
-0.697723,51,132.756255
-0.783893,51,132.776111
-0.727057,51,132.796987
-0.697608,51,132.817503
-0.699993,51,132.837405
-0.908153,51,132.8573
-0.91692,51,132.877289
-0.762803,51,133.084718
-0.674317,50,133.10479
-0.772104,51,133.12556
-0.871424,51,133.145679
-0.663723,51,133.16569
-0.687882,51,133.185622
-0.811853,51,133.205868
-0.773067,52,133.226123
-0.722182,50,133.245614
-0.742963,51,133.265472
-0.600755,50,133.28494
-0.723397,51,133.304826
-0.659683,51,133.324727
-0.805791,51,133.345908
-0.786649,51,133.365722
-0.637534,50,133.385181
-0.603161,51,133.405961
-0.646539,52,133.426656
-0.704507,51,133.446772
-0.675869,51,133.466849
-0.823989,51,133.486894
-0.664509,51,133.506853
-0.675836,52,133.527352
-0.687249,51,133.547541
-0.728631,51,133.567646
-0.640536,52,133.58812
-0.742426,51,133.60805
-0.693744,51,133.627917
-0.657535,51,133.64784
-0.589766,51,133.667713
-0.739118,51,133.689009
-0.749718,51,133.708902
-0.746987,51,133.728762
-0.788369,51,133.748609
-0.709296,51,133.768559
-0.812368,50,133.788119
-0.790668,51,133.809377
-0.764375,51,133.829357
-0.677912,50,133.848916
-0.665394,52,133.869191
-0.649492,52,133.889501
-0.920358,51,134.102097
-0.685193,51,134.122749
-0.71987,51,134.143385
-0.70199,51,134.16365
-0.813877,51,134.183683
-0.783032,51,134.203568
-0.880491,51,134.223464
-0.688371,50,134.242959
-0.661751,51,134.262842
-0.886006,51,134.282727
-0.77437,51,134.30256
-0.7303,51,134.322316
-0.840822,51,134.342154
-0.771763,51,134.364696
-0.763856,51,134.384672
-0.673395,52,134.404976
-0.762965,52,134.425148
-0.702043,51,134.444866
-0.796965,51,134.464806
-0.772245,51,134.484623
-0.675125,51,134.504321
-0.653505,51,134.523956
-0.649448,51,134.543745
-0.663165,51,134.564507
-0.733345,51,134.584629
-0.756865,51,134.604919
-0.705124,51,134.625147
-0.792827,51,134.645336
-0.623506,52,134.665925
-0.692181,52,134.686545
-0.762003,51,134.707911
-0.683744,51,134.727815
-0.813012,51,134.747725
-0.655894,51,134.767825
-0.654989,51,134.78781
-0.67377,52,134.808156
-0.655357,51,134.828024
-0.846641,51,134.847995
-0.677541,51,134.86802
-0.681311,51,134.888016
-0.673855,52,135.09837
-0.755058,52,135.118876
-0.727496,51,135.138865
-0.735934,50,135.158545
-0.718717,51,135.179502
-0.672945,51,135.200699
-0.724321,52,135.221175
-0.749366,51,135.241194
-0.764716,51,135.261113
-0.70795,51,135.281025
-0.741149,52,135.301331
-0.719747,51,135.322546
-0.711751,52,135.343073
-0.63107,52,135.364971
-0.711778,51,135.385856
-0.742646,51,135.406178
-0.794998,51,135.426091
-0.550909,51,135.445998
-0.578793,51,135.466032
-0.75418,51,135.487072
-0.717671,51,135.506737
-0.656747,51,135.526609
-0.705008,51,135.546497
-0.961169,51,135.566457
-0.633574,52,135.586726
-0.801675,51,135.606515
-0.662037,52,135.626825
-0.676774,51,135.646707
-0.725533,52,135.667491
-0.703928,51,135.688173
-0.688442,51,135.707979
-0.657712,51,135.72768
-0.693007,52,135.747859
-0.783674,51,135.767675
-0.645759,51,135.787661
-0.608226,50,135.808466
-0.866283,51,135.828875
-0.796872,52,135.849985
-0.765492,51,135.871114
-0.693203,51,135.891222
-0.6797,51,136.100536
-0.733056,51,136.120462
-0.700434,51,136.1403
-0.735184,52,136.1605
-0.88489,51,136.180274
-0.739004,51,136.20008
-0.77772,51,136.220823
-0.844587,51,136.240845
-0.761165,52,136.261925
-0.674422,51,136.282316
-0.733894,51,136.302172
-0.68267,50,136.321629
-0.643457,51,136.341413
-0.893662,51,136.364987
-0.792439,51,136.385271
-0.630061,51,136.405184
-0.7359,51,136.426096
-0.689471,52,136.446691
-0.726017,51,136.466713
-0.835378,51,136.486637
-0.686568,51,136.506442
-0.562261,51,136.526446
-0.712128,50,136.546071
-0.77011,51,136.566077
-0.709095,51,136.586111
-0.750598,51,136.607198
-0.64444,51,136.627536
-0.727479,51,136.647455
-0.646291,51,136.667385
-0.766494,52,136.687748
-0.816406,51,136.707626
-0.711595,50,136.726979
-0.70332,51,136.746872
-0.702618,51,136.766791
-0.661382,51,136.786676
-0.677831,51,136.80661
-0.751102,51,136.827298
-0.798206,51,136.84889
-0.66215,51,136.869309
-0.854836,51,136.889353
-0.772543,51,137.098575
-0.712295,51,137.119512
-0.846177,51,137.139861
-0.710548,51,137.159692
-0.651138,51,137.179817
-0.773777,51,137.200744
-0.612996,52,137.223262
-0.680141,51,137.246592
-0.833568,51,137.271294
-0.719802,51,137.298375
-0.792605,51,137.318683
-0.810991,51,137.340954
-0.718413,50,137.36316
-0.710574,50,137.383904
-0.758377,51,137.406149
-0.624315,50,137.427707
-0.747012,51,137.450702
-0.714698,51,137.474244
-0.650722,51,137.496335
-0.651876,50,137.518352
-0.643143,51,137.546688
-0.665263,51,137.567649
-0.711234,51,137.58858
-0.833524,51,137.611135
-0.770007,51,137.63215
-0.65101,51,137.653543
-0.785765,51,137.67548
-0.776657,51,137.69695
-0.769841,52,137.721823
-0.953139,51,137.743459
-0.784549,52,137.765201
-0.720982,51,137.785999
-0.646392,51,137.806925
-0.820052,51,137.827697
-0.618409,51,137.848834
-0.777866,51,137.870608
-0.676688,51,137.892045
-0.674885,51,137.912902
-0.635841,50,137.93405
-0.749506,51,137.956132
-0.66321,51,138.170357
-0.762157,51,138.190292
-0.925225,51,138.210344
-0.681759,51,138.230245
-0.731718,52,138.250604
-0.795104,51,138.271399
-0.785877,51,138.292523
-0.735317,51,138.312759
-0.779509,51,138.332857
-0.739847,52,138.353404
-0.820514,52,138.373749
-0.651233,52,138.394031
-0.632876,50,138.414218
-0.667344,51,138.434765
-0.716692,51,138.454593
-0.706738,50,138.474204
-0.730554,50,138.493736
-0.760963,51,138.513574
-0.692918,51,138.533427
-0.722907,51,138.553228
-0.6238,51,138.573916
-0.676945,51,138.594406
-0.700285,51,138.614362
-0.846556,51,138.634363
-0.738313,51,138.654288
-0.696333,51,138.674698
-0.845582,51,138.695586
-0.787762,51,138.715583
-0.750366,52,138.735995
-0.730714,50,138.755508
-0.766158,51,138.775234
-0.648699,52,138.796776
-0.658062,50,138.816358
-0.754972,51,138.836284
-0.763478,51,138.856496
-0.747429,51,138.879183
-0.854423,51,138.900647
-0.70003,51,138.922776
-0.788897,51,138.943929
-0.658144,51,138.964701
-0.781087,52,139.177933
-0.639814,51,139.198168
-0.67578,51,139.219474
-0.92161,51,139.239322
-0.757067,51,139.259191
-0.620556,51,139.279006
-0.826566,51,139.29881
-0.616568,51,139.31856
-0.603288,51,139.338326
-0.757794,52,139.3585
-0.78333,51,139.379377
-0.685843,51,139.399273
-0.726773,50,139.418849
-0.692364,51,139.438792
-0.915687,51,139.458819
-0.728401,52,139.480578
-0.72661,51,139.50051
-0.821797,51,139.520405
-0.691445,51,139.542623
-0.675581,50,139.564138
-0.615881,51,139.584315
-0.780818,51,139.605793
-0.637225,51,139.626787
-0.653648,52,139.648779
-0.692265,52,139.670482
-0.723817,51,139.69121
-0.710222,51,139.712812
-0.62242,50,139.73348
-0.746697,50,139.753816
-0.752019,51,139.775883
-0.680296,51,139.796721
-0.673109,51,139.818222
-0.594851,51,139.844218
-0.694856,51,139.870758
-0.722496,51,139.89343
-0.745312,51,139.914394
-0.712734,51,139.93617
-0.693312,51,139.95934
-0.881821,51,139.981654
-0.687609,52,140.002751
-0.625646,52,140.216905
-0.706731,51,140.237017
-0.640201,52,140.257408
-0.689413,51,140.277295
-0.693795,51,140.297167
-0.728669,51,140.317054
-0.890047,50,140.336584
-0.601435,50,140.357448
-0.72792,51,140.378377
-0.647281,51,140.398518
-0.685024,51,140.418527
-0.963598,51,140.438512
-0.71766,51,140.45848
-0.714173,51,140.478412
-0.88725,51,140.499706
-0.798518,51,140.519581
-0.698889,51,140.539464
-0.73633,51,140.565379
-0.743855,51,140.592803
-0.892873,51,140.613312
-0.79652,51,140.633539
-0.74631,51,140.653748
-0.703744,51,140.674396
-0.799653,52,140.696048
-0.688276,50,140.71587
-0.683816,50,140.735682
-0.5944,51,140.755808
-0.682901,51,140.775901
-0.66651,51,140.796097
-0.731341,50,140.815629
-0.697684,51,140.835332
-0.700338,50,140.856234
-0.845734,52,140.876587
-0.614435,50,140.896183
-0.761551,52,140.91653
-0.697758,51,140.936712
-0.632079,50,140.957349
-0.605648,51,140.977219
-0.650421,51,140.997972
-0.649658,52,141.018628
-0.719674,51,141.2279
-0.773211,51,141.248383
-0.689904,51,141.268868
-0.804777,52,141.289985
-0.666731,50,141.309548
-0.63264,51,141.32937
-0.673277,52,141.349676
-0.669522,51,141.370891
-0.675006,50,141.390338
-0.75276,51,141.411497
-0.798087,51,141.432546
-0.738513,51,141.452452
-0.648863,52,141.472693
-0.884679,51,141.492458
-0.692956,51,141.51228
-0.772577,51,141.532095
-0.726184,51,141.554903
-0.643227,50,141.575329
-0.815541,51,141.595582
-0.719646,51,141.615503
-0.645913,51,141.636819
-0.812509,52,141.657289
-0.670078,52,141.67771
-0.810863,51,141.697667
-0.728106,51,141.717633
-0.708801,52,141.738044
-0.718752,51,141.759276
-0.69261,52,141.779607
-0.71292,51,141.799413
-0.668313,51,141.82032
-0.643279,51,141.841699
-0.795608,51,141.863304
-0.784933,51,141.883732
-0.630582,51,141.90404
-0.803446,51,141.924212
-0.673715,51,141.944418
-0.720822,50,141.965296
-0.740913,51,141.985652
-0.675594,50,142.005381
-0.735666,51,142.025707
-0.853493,51,142.045708
-0.748148,51,142.255616
-0.69893,51,142.27566
-0.788356,51,142.29566
-0.712983,51,142.315575
-0.652029,50,142.335178
-0.727878,50,142.354711
-0.700563,51,142.37597
-0.823728,51,142.395877
-0.730099,51,142.415724
-0.723214,51,142.436437
-0.763902,51,142.456595
-0.747286,51,142.476676
-0.612505,52,142.497035
-0.674551,51,142.516958
-0.72124,51,142.536877
-0.749342,52,142.557245
-0.810282,51,142.57818
-0.81062,51,142.598334
-0.690211,50,142.6177
-0.761087,50,142.637328
-0.682437,51,142.657322
-0.627084,51,142.677286
-0.78838,51,142.697209
-0.782491,51,142.717202
-0.757001,51,142.73859
-0.72843,51,142.75859
-0.667316,50,142.778249
-0.730205,52,142.798644
-0.657035,51,142.818375
-0.608971,51,142.838255
-0.759721,51,142.858342
-0.658865,51,142.879199
-0.701223,52,142.900045
-0.643899,50,142.919634
-0.673464,50,142.939184
-0.790176,51,142.959092
-0.814754,51,142.978884
-0.689078,51,142.998961
-0.730078,51,143.019293
-0.720459,52,143.040684
-0.748758,51,143.251529
-0.708031,51,143.271803
-0.684562,51,143.291823
-0.694512,51,143.311715
-0.636701,52,143.331992
-0.749518,51,143.351873
-0.64175,51,143.371731
-0.702862,51,143.391642
-0.692387,51,143.411429
-0.736703,51,143.431961
-0.724657,51,143.452382
-0.881153,51,143.472323
-0.726271,52,143.492573
-0.787197,51,143.512399
-0.681498,51,143.532158
-0.658918,51,143.551994
-0.80701,51,143.571951
-0.688326,51,143.592909
-0.737861,52,143.612953
-0.717033,51,143.632818
-0.82841,51,143.652786
-0.657009,51,143.672598
-0.76781,50,143.693112
-0.810746,51,143.713155
-0.640873,51,143.734547
-0.689996,50,143.754148
-0.696263,52,143.774534
-0.639754,50,143.794028
-0.671656,50,143.813291
-0.743719,51,143.834545
-0.816536,51,143.854467
-0.773223,51,143.874322
-0.663942,50,143.894669
-0.672268,51,143.914819
-0.812484,51,143.934874
-0.624067,52,143.95531
-0.618176,51,143.975261
-0.733775,51,143.996495
-0.671755,51,144.01631
-0.656126,51,144.036097
-0.642251,51,144.244892
-0.759235,50,144.264687
-0.739706,51,144.284619
-0.743767,51,144.304923
-0.793116,51,144.325524
-0.670998,50,144.345263
-0.671508,51,144.365134
-0.750911,51,144.38508
-0.726162,51,144.404901
-0.687978,50,144.425668
-0.745978,51,144.44559
-0.860257,50,144.465073
-0.689649,51,144.484793
-0.825947,51,144.504519
-0.664663,51,144.524212
-0.707049,52,144.54436
-0.667432,52,144.564561
-0.899821,51,144.58432
-0.850938,51,144.60537
-0.681416,52,144.625669
-0.689591,50,144.645232
-0.63816,51,144.665233
-0.732614,52,144.685537
-0.670388,51,144.705678
-0.723805,51,144.72767
-0.674958,51,144.747999
-0.954473,51,144.768263
-0.731605,51,144.788267
-0.653554,51,144.808067
-0.660182,50,144.827721
-0.800336,51,144.84782
-0.664956,51,144.867822
-0.689572,51,144.887764
-0.749879,51,144.909113
-0.755827,51,144.929103
-0.74091,51,144.949046
-0.694578,51,144.969022
-0.66289,52,144.989326
-0.675479,51,145.009249
-0.699212,52,145.029506
-0.76695,51,145.239349
-0.654689,51,145.259739
-0.760579,51,145.28064
-0.808347,51,145.300916
-0.709104,50,145.320252
-0.665578,51,145.340116
-0.698212,51,145.360045
-0.667581,50,145.379647
-0.659092,51,145.399724
-0.679475,51,145.420075
-0.64315,50,145.441926
-0.724284,50,145.463002
-0.600211,50,145.482592
-0.840571,51,145.502519
-0.699481,51,145.52368
-0.706775,51,145.543553
-0.803882,51,145.563421
-0.795492,51,145.583072
-0.710039,51,145.602765
-0.767704,51,145.622641
-0.852501,51,145.642468
-0.684266,51,145.662231
-0.713913,50,145.683082
-0.693254,51,145.702892
-0.706842,51,145.722781
-0.642807,51,145.742645
-0.617277,52,145.763945
-0.841405,51,145.783972
-0.695252,51,145.804554
-0.689461,51,145.825209
-0.702632,50,145.844988
-0.670746,50,145.870294
-0.780707,51,145.903834
-0.615064,51,145.939559
-0.643839,51,145.9762
-0.770216,51,145.999238
-0.664094,51,146.022115
-0.658734,51,146.042427
-0.74788,51,146.062423
-0.753469,51,146.082344
-0.681861,51,146.289239
-0.610736,50,146.30911
-0.727751,51,146.329088
-0.583771,51,146.349002
-0.76962,52,146.369316
-0.769638,52,146.39059
-0.762852,51,146.410609
-0.622709,51,146.430545
-0.867347,51,146.450581
-0.688571,51,146.471091
-0.648267,50,146.490944
-0.990307,52,146.511316
-0.690607,50,146.530891
-0.775389,51,146.550678
-0.640502,52,146.571922
-0.747798,51,146.592054
-0.682642,52,146.612485
-0.808491,51,146.633118
-0.880214,51,146.653555
-0.771846,51,146.673853
-0.646708,51,146.694152
-0.792041,52,146.714701
-0.661952,51,146.734831
-0.660953,50,146.754474
-0.683213,51,146.774621
-0.633356,51,146.795751
-0.756897,52,146.816147
-0.659199,52,146.836349
-0.605845,51,146.857423
-0.760992,51,146.877717
-0.733207,51,146.897752
-0.639009,52,146.918137
-0.68152,50,146.938484
-0.845681,51,146.959061
-0.741155,52,146.979374
-0.600373,51,146.999347
-0.739967,51,147.019087
-0.670221,50,147.038505
-0.741309,52,147.05874
-0.707119,51,147.079925
-0.790422,51,147.287679
-0.694175,51,147.307928
-0.87716,51,147.32786
-0.758751,51,147.34769
-0.749148,51,147.367615
-0.823874,51,147.388608
-0.705547,51,147.408402
-0.793649,52,147.428599
-0.735815,51,147.448338
-0.699117,51,147.468101
-0.658746,50,147.487581
-0.621521,51,147.507346
-0.737009,50,147.526716
-0.622074,51,147.547472
-0.725938,50,147.567214
-0.68347,51,147.586933
-0.718022,51,147.606655
-0.800877,50,147.625942
-0.695254,51,147.645819
-0.690114,51,147.665639
-0.788774,51,147.685464
-0.83186,51,147.706357
-0.64258,51,147.726339
-0.811811,52,147.746754
-0.691396,51,147.766706
-0.687546,52,147.787168
-0.763126,51,147.807183
-0.661465,51,147.828398
-0.782601,51,147.848435
-0.713165,51,147.868449
-0.854781,51,147.888441
-0.693868,51,147.908424
-0.710153,51,147.928209
-0.741761,51,147.948013
-0.749284,51,147.96781
-0.760321,51,147.987689
-0.655901,50,148.007112
-0.706151,51,148.028259
-0.770095,51,148.047953
-0.685362,51,148.067642
-0.822341,51,148.087389
-0.855342,51,148.294948
-0.663371,51,148.314893
-0.719389,51,148.336115
-0.680006,51,148.355983
-0.661923,51,148.375944
-0.689085,51,148.395825
-0.729353,51,148.415586
-0.688964,51,148.436435
-0.653704,50,148.456247
-0.742326,51,148.476249
-0.670408,51,148.497311
-0.649696,51,148.517692
-0.569525,51,148.537601
-0.67094,51,148.557536
-0.676058,52,148.577944
-0.675557,51,148.597809
-0.70587,51,148.61755
-0.745634,52,148.639316
-0.634056,51,148.659342
-0.597755,50,148.678987
-0.707592,51,148.698929
-0.773828,51,148.718932
-0.733147,51,148.738927
-0.762654,51,148.758851
-0.730484,51,148.778867
-0.640576,51,148.798714
-0.746633,51,148.820014
-0.650509,52,148.841387
-0.730019,52,148.862148
-0.775052,51,148.88214
-0.701263,52,148.902632
-0.729116,51,148.922891
-0.725263,50,148.942742
-0.618457,51,148.962945
-0.707761,51,148.983019
-0.637337,51,149.003276
-0.83846,50,149.023961
-0.782775,51,149.043948
-0.722633,51,149.063943
-0.62807,50,149.083493
-0.702912,51,149.292148
-0.679747,50,149.31185
-0.715712,51,149.331794
-0.702407,52,149.352133
-0.832255,51,149.372025
-0.871949,51,149.391969
-0.728543,51,149.413536
-0.749285,51,149.433774
-0.769761,51,149.453693
-0.568563,51,149.474948
-0.793784,51,149.494923
-0.733195,51,149.514783
-0.768278,50,149.537046
-0.63837,51,149.559975
-0.659192,51,149.580789
-0.657622,52,149.60213
-0.898544,51,149.621887
-0.758192,52,149.642246
-0.702386,52,149.663599
-0.641759,52,149.684156
-0.664731,51,149.704165
-0.753537,51,149.724212
-0.64339,51,149.744181
-0.823607,51,149.764413
-0.721894,50,149.785131
-0.622947,51,149.804919
-0.634274,51,149.824818
-0.81729,51,149.844748
-0.614519,51,149.86578
-0.673737,50,149.885489
-0.578587,51,149.905381
-0.734455,51,149.925251
-0.736206,51,149.945116
-0.678913,51,149.96491
-0.821362,51,149.984748
-0.608533,50,150.004119
-0.680796,51,150.025046
-0.773283,52,150.045282
-0.694095,51,150.065848
-0.61422,51,150.086022
-0.6829,51,150.295851
-0.784912,51,150.315933
-0.725279,51,150.336579
-0.772038,51,150.357106
-0.636731,51,150.376945
-0.679497,52,150.397225
-0.6795,50,150.416672
-0.740114,52,150.436883
-0.672354,51,150.456681
-0.734749,51,150.476675
-0.712384,51,150.496463
-0.689719,51,150.516672
-0.609908,50,150.537211
-0.781539,51,150.55695
-0.690701,52,150.577132
-0.639005,51,150.5969
-0.736645,51,150.616561
-0.812729,51,150.636441
-0.772274,52,150.656696
-0.629856,51,150.677946
-0.678606,52,150.69828
-0.760793,51,150.718139
-0.747243,52,150.738444
-0.635883,51,150.75833
-0.701105,51,150.778182
-0.704851,51,150.797971
-0.778273,51,150.819312
-0.802261,51,150.839299
-0.67047,50,150.858857
-0.643156,51,150.878763
-0.762206,51,150.899697
-0.802109,52,150.920407
-0.689406,51,150.940543
-0.738099,51,150.960698
-0.798492,52,150.981055
-0.67591,51,151.000957
-0.782345,51,151.022168
-0.722651,51,151.04203
-0.627598,51,151.061842
-0.846037,51,151.081819
-0.646504,51,151.292861
-0.735705,52,151.313522
-0.775051,50,151.33319
-0.772604,51,151.353182
-0.667594,50,151.37274
-0.675515,51,151.392705
-0.746543,50,151.412291
-0.717771,50,151.432806
-0.770535,51,151.453036
-0.581576,51,151.47292
-0.670364,51,151.492698
-0.654835,51,151.513353
-0.699755,50,151.533002
-0.698738,51,151.552877
-0.889505,51,151.572773
-0.690963,51,151.592523
-0.678649,52,151.614148
-0.664652,51,151.634077
-0.744469,51,151.65401
-0.70287,52,151.674335
-0.673796,51,151.694247
-0.705948,51,151.714097
-0.639463,50,151.734663
-0.719752,51,151.754747
-0.787323,51,151.775683
-0.719931,52,151.796538
-0.691921,51,151.81648
-0.756642,51,151.836403
-0.659682,51,151.856833
-0.556262,51,151.876808
-0.749286,51,151.896704
-0.677849,51,151.917112
-0.801418,51,151.937831
-0.706651,51,151.957689
-0.624119,51,151.977385
-0.620965,51,151.997079
-0.662471,51,152.016705
-0.677717,50,152.036028
-0.75448,51,152.055701
-0.775979,51,152.076092
-0.67345,51,152.286505
-0.722495,51,152.308034
-0.66813,51,152.327969
-0.664323,51,152.348435
-0.707547,51,152.368779
-0.78472,51,152.388907
-0.960453,51,152.408807
-0.738998,50,152.428409
-0.694287,51,152.448488
-0.750685,51,152.468547
-0.710104,51,152.488501
-0.648164,51,152.508921
-0.673992,52,152.531302
-0.773167,52,152.551946
-0.725,51,152.572087
-0.641785,50,152.591676
-0.721838,52,152.612161
-0.864155,51,152.632271
-0.766676,51,152.652378
-0.727651,50,152.672059
-0.795216,51,152.692044
-0.710997,51,152.711991
-0.772703,51,152.732307
-0.657395,51,152.753212
-0.717788,51,152.774198
-0.657372,52,152.794903
-0.698454,51,152.815062
-0.600003,51,152.835139
-0.72749,51,152.855199
-0.786867,51,152.875191
-0.663404,51,152.895206
-0.686657,51,152.915416
-0.677868,52,152.936907
-0.668897,51,152.95676
-0.727274,51,152.976635
-0.72128,51,152.996451
-0.775176,50,153.015946
-0.810911,51,153.035745
-0.725333,50,153.055203
-0.854172,51,153.075512
-0.608826,50,153.285096
-0.612542,51,153.305406
-0.659502,50,153.325014
-0.843161,52,153.346623
-0.850853,50,153.366365
-0.779022,51,153.387271
-0.67189,51,153.407452
-0.702921,52,153.427927
-0.770189,50,153.447535
-0.789326,51,153.467466
-0.828287,52,153.4878
-0.682742,51,153.507895
-1.040022,52,153.529449
-0.676322,52,153.549747
-0.657713,50,153.569267
-0.767362,51,153.590331
-0.668672,52,153.612087
-0.783861,51,153.63232
-0.70987,51,153.652607
-0.692713,50,153.67254
-0.83851,51,153.69288
-0.736137,51,153.713106
-0.716882,51,153.733258
-0.604502,51,153.7536
-0.67632,51,153.775216
-0.733651,51,153.798118
-0.662886,52,153.821006
-0.713702,50,153.842405
-0.626367,51,153.863795
-0.683211,51,153.884602
-0.755256,50,153.905229
-0.702789,50,153.927159
-0.684729,52,153.948574
-0.684567,50,153.968881
-0.787124,51,153.992031
-0.68402,51,154.013847
-0.694233,50,154.036202
-0.856486,52,154.056934
-0.681792,51,154.07696
-0.742191,51,154.09698
-0.662941,51,154.117133
-0.663616,51,154.340018
-0.685747,50,154.360292
-0.68719,52,154.37959
-0.673058,51,154.399245
-0.803231,51,154.419562
-0.618164,50,154.439092
-0.666793,50,154.458824
-0.701115,52,154.477579
-0.73102,51,154.495418
-0.914631,51,154.513282
-0.612874,51,154.531264
-0.870752,51,154.549823
-0.638501,50,154.570875
-0.704141,51,154.592144
-0.773289,51,154.613583
-0.721981,51,154.634073
-0.700879,51,154.654429
-0.673166,51,154.674927
-0.695518,50,154.696017
-0.693072,50,154.717553
-0.723576,51,154.740911
-0.636248,51,154.762628
-0.622896,51,154.787045
-0.719217,51,154.809342
-0.671901,52,154.829642
-0.684541,51,154.849841
-0.770309,51,154.869787
-0.779516,51,154.889635
-0.65922,51,154.911104
-0.826321,51,154.933272
-0.68182,51,154.955553
-0.732484,52,154.979703
-0.774535,51,155.002622
-0.778689,52,155.025825
-0.726749,51,155.046513
-0.733657,52,155.069286
-0.782775,50,155.089786
-0.596261,51,155.111604
-0.690536,51,155.136329
-0.730719,51,155.158719
-0.664428,50,155.386383
-0.702617,51,155.408679
-0.638009,51,155.42998
-0.664346,52,155.453423
-0.809252,50,155.476138
-0.742109,51,155.498941
-0.744425,51,155.519274
-0.752462,51,155.540934
-1.027392,51,155.562488
-0.740382,51,155.582519
-0.759693,51,155.602424
-0.650702,51,155.623219
-0.663534,52,155.645751
-0.715681,51,155.667523
-0.743384,51,155.689074
-0.703482,51,155.710091
-0.798515,51,155.730784
-0.66969,51,155.750883
-0.70285,52,155.772633
-0.701983,50,155.792711
-0.667254,51,155.815448
-0.619404,51,155.839655
-0.689844,51,155.862429
-0.647047,51,155.883122
-0.793699,51,155.905674
-0.773287,50,155.934849
-0.741056,51,155.957595
-0.622565,51,155.983054
-0.675348,51,156.005327
-0.712427,51,156.025548
-0.742131,51,156.045962
-0.605876,51,156.067123
-0.718102,51,156.08831
-0.676822,51,156.108682
-0.618061,51,156.129957
-0.591186,51,156.150787
-0.862251,51,156.170939
-0.80786,51,156.191004
-0.616125,52,156.211595
-0.632269,50,156.231974
-0.685041,51,156.457222
-0.819086,52,156.480634
-0.791656,51,156.501773
-0.837726,51,156.52306
-0.749084,51,156.545261
-0.730632,52,156.567954
-0.651091,51,156.589683
-0.672977,51,156.612292
-0.67381,50,156.632847
-0.602484,50,156.653294
-0.802593,51,156.673542
-0.754835,51,156.69461
-0.672544,51,156.715705
-0.687663,51,156.736387
-0.67484,51,156.757812
-0.693937,51,156.779043
-0.644378,52,156.803186
-0.721265,51,156.824253
-0.807097,51,156.845225
-0.705863,51,156.867423
-0.695153,52,156.888875
-0.675686,51,156.909613
-0.738962,51,156.931189
-0.644793,50,156.953812
-0.766983,52,156.977582
-0.818522,50,156.998914
-0.921019,51,157.020609
-0.722572,51,157.043462
-0.739367,52,157.066193
-0.679565,51,157.087327
-0.760266,51,157.107849
-0.68657,51,157.128485
-0.771844,50,157.148555
-0.674463,51,157.169458
-0.730082,51,157.19075
-0.717568,51,157.211997
-0.611616,51,157.232805
-0.636854,51,157.254306
-0.703697,51,157.275194
-0.698682,51,157.298639
-0.695273,51,157.520294
-0.712312,51,157.541436
-0.753805,51,157.565346
-0.703796,51,157.588158
-0.739779,51,157.611575
-0.770336,51,157.632611
-0.765634,51,157.654366
-0.799214,51,157.678874
-0.724576,50,157.702175
-0.691004,51,157.72473
-0.768435,52,157.749485
-0.669084,51,157.773529
-0.748731,51,157.796291
-0.624512,51,157.819853
-0.78034,51,157.844873
-0.696967,51,157.870809
-0.731293,50,157.897315
-0.703404,50,157.921778
-0.69808,52,157.946959
-0.747308,52,157.980208
-0.725437,51,158.006324
-0.684968,52,158.031009
-0.662794,50,158.058391
-0.745228,51,158.081671
-0.700373,51,158.102922
-0.740144,51,158.126025
-0.703441,51,158.148546
-0.785013,51,158.171553
-0.810893,51,158.192741
-0.766616,52,158.215366
-0.675347,51,158.236444
-0.740233,51,158.259212
-0.73113,51,158.279849
-0.736539,51,158.300343
-0.811579,51,158.320172
-0.57816,51,158.342244
-0.78559,51,158.362347
-0.667532,51,158.383711
-0.727468,51,158.404998
-0.638026,52,158.425306
-0.774206,52,158.647725
-0.744877,50,158.669639
-0.780807,51,158.689688
-0.754594,51,158.710922
-0.648682,50,158.73045
-0.726574,51,158.752512
-0.658598,51,158.772547
-0.743734,52,158.794281
-0.691105,51,158.81543
-0.699143,51,158.835308
-0.743682,51,158.856454
-0.688397,51,158.877638
-0.708298,51,158.897401
-0.646788,51,158.917099
-0.710225,51,158.93858
-0.681337,51,158.960885
-0.688235,51,158.983517
-0.74764,51,159.004611
-0.746545,50,159.025907
-0.743001,51,159.048051
-0.674783,51,159.068607
-0.62413,51,159.090544
-0.64976,50,159.111128
-0.785005,51,159.132719
-0.781004,52,159.154385
-0.723696,51,159.17515
-0.835651,51,159.19554
-0.700935,50,159.216452
-0.711011,51,159.236723
-0.671769,50,159.257241
-0.676011,51,159.280652
-0.665852,52,159.301322
-0.79349,52,159.321853
-0.702168,51,159.341972
-0.812584,51,159.361974
-0.668795,51,159.384009
-0.628383,50,159.404285
-0.739366,51,159.424247
-0.755182,51,159.445508
-0.620514,50,159.465015
-0.715572,50,159.679838
-0.714805,51,159.700181
-0.680805,51,159.720203
-0.723397,50,159.740571
-0.728325,51,159.761073
-0.776693,51,159.781952
-0.674755,51,159.802609
-0.677552,50,159.823046
-0.656228,51,159.84422
-0.69727,51,159.86397
-0.640336,51,159.883768
-0.704665,51,159.904921
-0.716289,51,159.925562
-0.743304,51,159.946044
-0.732171,51,159.967017
-0.67894,50,159.989634
-0.70835,51,160.012067
-0.67804,51,160.033182
-0.818302,51,160.05517
-0.684751,50,160.076732
-0.788349,51,160.097728
-0.67527,52,160.120495
-0.739893,51,160.141243
-0.619132,50,160.162155
-0.68861,51,160.192656
-0.60405,51,160.219405
-0.648737,50,160.24321
-0.645865,51,160.266366
-0.604953,51,160.288295
-0.734419,52,160.309844
-0.72314,51,160.331671
-0.798403,51,160.357281
-0.649295,51,160.381517
-0.656544,51,160.404821
-0.818665,51,160.427638
-0.666159,51,160.45115
-0.678186,51,160.473931
-0.594435,50,160.504584
-0.692548,51,160.530298
-0.681777,51,160.553762
-0.730633,51,160.577917
-0.753808,51,160.8127
-0.769097,52,160.834504
-0.656812,51,160.855256
-0.690893,52,160.877677
-0.740773,51,160.898721
-0.625566,52,160.919228
-0.814981,51,160.939141
-0.595435,51,160.960363
-0.650228,52,160.980539
-0.670014,52,161.002107
-0.692347,51,161.022707
-0.770253,51,161.042668
-0.645919,51,161.06384
-0.628578,51,161.083795
-0.697437,51,161.104285
-0.880975,51,161.124953
-0.660163,51,161.146128
-0.682632,51,161.166042
-0.78015,51,161.186639
-0.70679,51,161.207554
-0.672107,51,161.229556
-0.750866,51,161.249816
-0.739174,51,161.26993
-0.823816,51,161.291223
-0.751288,51,161.311133
-0.66994,51,161.331041
-0.811092,51,161.352271
-0.666393,51,161.372101
-0.690934,50,161.391939
-0.874927,51,161.41282
-0.754787,52,161.433715
-0.800483,51,161.454282
-0.622194,51,161.474824
-0.762303,51,161.495065
-0.765342,51,161.514922
-0.659021,51,161.53605
-0.694678,52,161.5562
-0.740929,52,161.578768
-0.716189,51,161.600557
-0.726381,50,161.621263
-0.601358,51,161.842367
-0.588006,50,161.864093
-0.744902,51,161.88555
-0.660665,50,161.905287
-0.745003,52,161.925705
-0.824968,51,161.946984
-0.68907,51,161.966768
-0.634129,51,161.986534
-0.694531,52,162.008074
-0.871832,51,162.02779
-0.622025,51,162.047504
-0.614106,51,162.068245
-0.713168,51,162.088246
-0.626252,51,162.108119
-0.580506,50,162.128114
-0.695591,51,162.148768
-0.639248,50,162.168243
-0.870528,51,162.187949
-0.719191,51,162.209108
-0.715688,51,162.228983
-0.669539,51,162.249673
-0.70226,51,162.270155
-0.708071,52,162.291432
-0.656017,52,162.311924
-0.676512,52,162.332096
-0.697405,50,162.352017
-0.690664,52,162.373107
-0.803193,50,162.393223
-0.732475,51,162.413584
-0.63443,50,162.435146
-0.753871,51,162.45561
-0.684238,51,162.47858
-0.750841,51,162.499435
-0.777836,51,162.520136
-0.746146,51,162.542435
-0.698182,51,162.564719
-0.71397,51,162.58543
-0.788852,50,162.606144
-0.68674,51,162.630308
-0.703508,52,162.659186
-0.715361,51,162.875104
-0.909754,51,162.895964
-0.817321,51,162.916047
-0.793643,50,162.935694
-0.630704,51,162.95753
-0.665969,51,162.979648
-0.671846,51,163.000908
-0.771279,51,163.020887
-0.681509,51,163.04079
-0.662669,51,163.062093
-0.86586,51,163.082018
-0.73637,50,163.101448
-0.706763,51,163.122865
-0.650468,51,163.142914
-0.705238,51,163.162862
-0.880616,51,163.183592
-0.66412,51,163.204086
-0.787284,51,163.223907
-0.749234,51,163.243916
-0.853383,51,163.26398
-0.752369,52,163.28619
-0.700909,51,163.306121
-0.784731,51,163.326003
-0.668141,51,163.345891
-0.629458,51,163.367841
-0.759078,51,163.389721
-0.721516,51,163.409646
-0.706425,51,163.429425
-0.760389,51,163.449188
-0.752684,51,163.4703
-0.638378,50,163.489752
-0.588783,51,163.510458
-0.62524,51,163.53083
-0.708525,51,163.55169
-0.683448,52,163.571911
-0.760813,51,163.591656
-0.69639,51,163.611961
-0.746365,52,163.632881
-0.71355,52,163.65313
-0.752485,51,163.672854
-0.614225,51,163.885676
-0.636838,52,163.906067
-0.679511,51,163.927286
-0.660493,51,163.948241
-0.762236,50,163.967819
-0.654167,51,163.987753
-0.630934,51,164.007561
-0.639153,51,164.028718
-0.660023,51,164.04856
-0.611255,50,164.068039
-0.613049,50,164.087552
-0.714064,52,164.109007
-0.926944,52,164.12953
-0.714598,52,164.149878
-0.686837,51,164.169621
-0.611001,51,164.191047
-0.671381,52,164.211458
-0.687427,51,164.231733
-0.745137,51,164.252142
-0.620434,51,164.2725
-0.585692,51,164.292661
-0.677737,50,164.312287
-0.649192,51,164.332416
-0.700626,51,164.352482
-0.722239,51,164.37239
-0.648753,51,164.392196
-0.670814,51,164.411964
-0.601198,51,164.432665
-0.684915,51,164.452915
-0.855527,51,164.472734
-0.746345,51,164.492364
-0.754737,51,164.512094
-0.783417,51,164.533715
-0.74083,51,164.553963
-0.646574,51,164.573912
-0.843855,50,164.59373
-0.736719,50,164.613899
-0.642996,52,164.634267
-0.677504,51,164.655502
-0.70547,51,164.675248
-0.750932,51,164.884923
-0.763866,51,164.905774
-0.651353,51,164.926009
-0.685222,52,164.948509
-0.73953,50,164.968285
-0.862002,52,164.988651
-0.674835,52,165.009004
-0.746459,51,165.028735
-0.658023,51,165.049104
-0.734699,51,165.06964
-0.835055,51,165.089367
-0.677561,51,165.108984
-0.627176,51,165.12879
-0.697102,51,165.149962
-0.735818,51,165.169778
-0.684833,50,165.189286
-0.659215,50,165.208701
-0.673186,50,165.22971
-0.70679,50,165.249382
-0.721735,51,165.269391
-0.61861,51,165.289392
-0.657481,51,165.310543
-0.740133,51,165.330356
-0.70141,51,165.350948
-0.787763,51,165.371323
-0.692136,50,165.391172
-0.75107,50,165.410876
-0.631518,51,165.4315
-0.586906,51,165.45206
-0.780554,51,165.471947
-0.722418,51,165.491815
-0.7296,50,165.511341
-0.724457,51,165.532539
-0.754249,51,165.552284
-0.706687,51,165.571979
-0.662218,51,165.591785
-0.670509,51,165.612278
-0.615388,50,165.631948
-0.725673,52,165.653588
-0.670868,52,165.673852
-0.671963,50,165.884506
-0.647118,52,165.905154
-0.646899,51,165.92505
-0.633795,51,165.945543
-0.629529,51,165.966097
-0.670366,51,165.985996
-0.594609,51,166.005762
-0.814732,52,166.026774
-0.668002,52,166.047414
-0.704308,52,166.067543
-0.72126,51,166.087207
-0.878989,51,166.108296
-0.675582,51,166.128388
-0.625996,52,166.148576
-0.709186,51,166.168386
-0.792338,51,166.188181
-0.640629,51,166.208377
-0.66923,52,166.22952
-0.65486,50,166.249073
-0.650689,52,166.269428
-0.61177,51,166.289273
-0.689517,51,166.31048
-0.810913,51,166.330262
-0.702731,51,166.350003
-0.680792,51,166.370756
-0.730885,52,166.392042
-0.789032,51,166.41228
-0.800077,51,166.432259
-0.742598,52,166.45263
-0.720929,52,166.474321
-0.802533,51,166.49423
-0.625972,51,166.513866
-0.777791,51,166.533786
-0.648525,51,166.554997
-0.749623,50,166.57463
-0.778308,51,166.594585
-0.745579,51,166.615445
-0.685346,51,166.635631
-0.684802,51,166.655757
-0.646781,51,166.677022
-0.683213,51,166.886755
-0.723106,52,166.908842
-0.770145,51,166.928727
-0.662692,50,166.948277
-0.740924,52,166.968482
-0.665923,52,166.988669
-0.752821,51,167.009862
-0.776915,51,167.029575
-0.675008,51,167.049253
-0.645346,51,167.068927
-0.697503,50,167.088174
-0.647656,51,167.108997
-0.734049,50,167.128838
-0.851033,51,167.148654
-0.793843,51,167.168468
-0.637854,51,167.188284
-0.652997,51,167.208271
-0.590141,51,167.230215
-0.641114,51,167.250649
-0.734857,51,167.270881
-0.758925,51,167.290891
-0.702581,52,167.311296
-0.682397,51,167.332146
-0.703621,51,167.352573
-0.661678,51,167.372551
-0.780541,51,167.392513
-0.634017,51,167.412386
-0.768851,51,167.433616
-0.774868,51,167.454402
-0.704003,50,167.474078
-0.711045,51,167.493984
-0.724564,51,167.513791
-0.631035,50,167.533332
-0.681828,51,167.562062
-0.720498,51,167.582793
-0.654304,51,167.602745
-0.746401,51,167.623379
-0.717056,51,167.643392
-0.605444,51,167.663319
-0.76694,51,167.683177
-0.631247,51,167.702921
-0.794357,51,167.914228
-0.62283,51,167.934505
-0.65139,52,167.954772
-0.632879,51,167.974634
-0.588475,51,167.994387
-0.680267,51,168.014229
-0.687133,50,168.034949
-0.70777,51,168.054734
-0.673535,51,168.074514
-0.726457,51,168.09413
-0.780766,51,168.114024
-0.645395,51,168.134699
-0.739931,51,168.155073
-0.792181,51,168.174859
-0.597493,50,168.194303
-0.734275,51,168.214066
-0.630685,50,168.233741
-0.741285,51,168.255439
-0.656766,50,168.275647
-0.661547,51,168.295699
-0.60945,50,168.315362
-0.683884,52,168.335764
-0.720988,52,168.356119
-0.752533,51,168.376018
-0.707817,51,168.396397
-0.75637,51,168.416952
-0.721691,51,168.436669
-0.747355,51,168.456444
-0.742556,51,168.476233
-0.718234,50,168.495641
-0.621393,50,168.515726
-0.663968,52,168.536526
-0.793511,52,168.556642
-0.710424,50,168.575902
-0.763041,51,168.595609
-0.665664,50,168.616834
-0.659225,52,168.637629
-0.599272,51,168.657525
-0.835035,51,168.677378
-0.728642,51,168.69714
-0.661575,51,168.908133
-0.687499,51,168.92827
-0.63933,51,168.948275
-0.603263,50,168.967858
-0.718404,52,168.989603
-0.659205,50,169.009146
-0.687093,50,169.028631
-0.741746,52,169.048844
-0.657193,50,169.068187
-0.768891,50,169.088794
-0.71642,51,169.108556
-0.719537,50,169.128008
-0.766282,51,169.147798
-0.577908,50,169.167223
-0.75467,51,169.18697
-0.791366,51,169.208044
-0.805775,52,169.228409
-0.711211,51,169.248299
-0.615909,51,169.268223
-0.713512,51,169.288609
-0.736119,51,169.310366
-0.653653,51,169.330382
-0.680369,51,169.350341
-0.734718,50,169.370168
-0.89397,51,169.390023
-0.74919,51,169.409811
-0.713945,51,169.430773
-0.675335,52,169.451095
-0.730283,51,169.470835
-0.635927,51,169.490515
-0.658551,52,169.510678
-0.698782,51,169.531145
-0.706994,52,169.551914
-0.699164,50,169.571266
-0.639763,51,169.590998
-0.721038,52,169.611135
-0.727918,50,169.631915
-0.747476,51,169.651657
-0.725244,51,169.6713
-0.844303,52,169.691344
-0.698629,50,169.902155
-0.724567,51,169.922224
-0.64788,51,169.942031
-0.7541,51,169.961797
-0.622516,50,169.982199
-0.639494,51,170.002251
-0.701173,51,170.021954
-0.735083,52,170.042071
-0.694917,52,170.062313
-0.63852,50,170.082118
-0.741774,51,170.102946
-0.737794,52,170.124236
-0.647844,52,170.144937
-0.852949,51,170.165079
-0.686362,51,170.185191
-0.676102,50,170.206342
-0.72081,51,170.226541
-0.666999,50,170.246264
-0.645151,52,170.266654
-0.714954,51,170.286455
-0.615907,51,170.30626
-0.635008,51,170.32734
-0.86182,51,170.34726
-0.696922,51,170.367052
-0.704636,50,170.386411
-0.673433,52,170.406514
-0.745829,51,170.426239
-0.809052,51,170.445929
-0.762871,52,170.467468
-0.662769,52,170.487669
-0.679801,50,170.507068
-0.710743,51,170.526732
-0.620103,51,170.546392
-0.714648,51,170.566019
-0.637126,51,170.58649
-0.771812,51,170.606723
-0.701396,51,170.62644
-0.895277,51,170.647107
-0.702608,50,170.666729
-0.637525,51,170.686552
-0.697731,50,170.895399
-0.723808,51,170.915449
-0.776804,51,170.935288
-0.615158,51,170.957037
-0.841042,51,170.977091
-0.683398,51,170.996922
-0.711845,51,171.016763
-0.75545,51,171.036487
-0.721217,52,171.056588
-0.67896,51,171.076245
-0.645749,50,171.097061
-0.697121,51,171.116891
-0.68489,51,171.136687
-0.708875,51,171.15643
-0.673011,52,171.176957
-0.677357,51,171.197849
-0.63073,52,171.218345
-0.681699,51,171.238856
-0.870229,51,171.25912
-0.767325,52,171.280176
-0.662433,52,171.300701
-0.660452,50,171.320405
-0.757109,51,171.340439
-0.790702,51,171.360452
-0.74342,51,171.38154
-0.600273,50,171.40114
-0.658083,51,171.420776
-0.744786,51,171.440393
-0.765971,51,171.459995
-0.720714,51,171.479682
-0.713741,51,171.499259
-0.696319,52,171.519802
-0.717699,51,171.540297
-0.740682,51,171.55991
-0.700954,50,171.579208
-0.688655,50,171.599652
-0.736576,51,171.619636
-0.685875,51,171.640107
-0.701827,50,171.66021
-0.707792,52,171.680415
-0.71909,51,171.890835
-0.712973,51,171.91102
-0.707944,51,171.932121
-0.724527,51,171.951971
-0.741804,51,171.971816
-0.95596,51,171.991626
-0.674863,51,172.011341
-0.645298,51,172.031088
-0.633062,51,172.050739
-0.823026,50,172.071391
-0.749806,52,172.091596
-0.785796,52,172.111881
-0.784633,51,172.131657
-0.74141,51,172.151933
-0.787947,51,172.172495
-0.684901,51,172.19239
-0.627725,51,172.213492
-0.60062,52,172.234399
-0.766107,51,172.254596
-0.820906,51,172.274678
-0.724688,51,172.295
-0.656414,51,172.315957
-0.760279,51,172.335878
-0.778583,51,172.355841
-0.718933,51,172.375633
-0.764774,51,172.395413
-0.674202,51,172.415967
-0.796226,51,172.436706
-0.785415,51,172.456613
-0.716185,52,172.47693
-0.778614,51,172.496904
-0.69866,50,172.51638
-0.646987,51,172.536262
-0.622926,50,172.555753
-0.614329,52,172.576018
-0.909726,52,172.597503
-0.72591,51,172.617313
-0.740596,51,172.637016
-0.880048,51,172.656973
-0.723022,51,172.676693
-0.681551,51,172.886286
-0.801267,52,172.906937
-0.766219,51,172.92692
-0.69635,51,172.946819
-0.775176,52,172.967431
-0.75312,52,172.988635
-0.691513,51,173.008446
-0.819004,50,173.027887
-0.725402,51,173.048444
-0.682994,52,173.068841
-0.570994,51,173.089616
-0.601303,51,173.110158
-0.756873,51,173.130098
-0.757158,51,173.150017
-0.790753,51,173.170601
-0.81117,51,173.191048
-0.727347,51,173.211217
-0.740934,51,173.23266
-0.740838,51,173.252525
-0.675738,51,173.272401
-0.798948,51,173.292307
-0.737813,51,173.31212
-0.7421,51,173.33201
-0.755189,51,173.351771
-0.753414,51,173.372916
-0.643295,51,173.392554
-0.638074,52,173.412682
-0.72294,51,173.432385
-0.676204,51,173.453108
-0.804496,51,173.473205
-0.964248,51,173.49315
-0.633793,51,173.514077
-0.69207,51,173.534774
-0.584718,51,173.554463
-0.80251,51,173.574445
-0.682649,52,173.594903
-0.799375,51,173.614896
-0.697242,51,173.635592
-0.70894,51,173.656355
-0.690273,51,173.676496
-0.697851,51,173.697415
-0.645877,50,173.913056
-0.664666,52,173.933769
-0.748839,51,173.953727
-0.828688,51,173.973651
-0.690511,51,173.994914
-0.649674,52,174.015138
-0.682719,51,174.034961
-0.632957,50,174.054295
-0.664688,51,174.074211
-0.675028,51,174.09409
-0.710393,50,174.114959
-0.725401,51,174.134836
-0.700022,52,174.154985
-0.707755,51,174.174861
-0.707093,51,174.194795
-0.679197,52,174.215114
-0.747687,51,174.235039
-0.651245,51,174.254889
-0.734118,51,174.275588
-0.732612,51,174.297156
-0.726325,51,174.31714
-0.819616,51,174.337075
-0.634123,52,174.357366
-0.633503,51,174.377205
-0.690832,51,174.397066
-0.797553,51,174.4182
-0.76933,52,174.438411
-0.626186,51,174.458207
-0.774485,52,174.478291
-0.591468,50,174.497828
-0.70925,51,174.51754
-0.745597,51,174.53861
-0.829326,51,174.558375
-0.633312,51,174.578114
-0.68337,51,174.597806
-0.711268,51,174.617517
-0.701122,50,174.638241
-0.767293,52,174.659046
-0.643836,51,174.67929
-0.66441,51,174.699211
-0.79143,51,174.911014
-0.667353,51,174.932585
-0.716781,52,174.952992
-0.682384,51,174.972881
-0.70094,51,174.992729
-0.681312,51,175.013928
-0.736687,51,175.033623
-0.663265,51,175.053302
-0.673838,51,175.073172
-0.70441,52,175.09345
-0.762187,51,175.113422
-0.689131,52,175.13481
-0.804097,51,175.154518
-0.609294,51,175.174409
-0.795825,51,175.194308
-0.81231,51,175.214231
-0.703692,51,175.234329
-0.769901,52,175.254564
-0.683478,52,175.274815
-0.612862,50,175.294321
-0.735846,51,175.315408
-0.673534,51,175.335223
-0.677986,51,175.354885
-0.755555,51,175.37458
-0.659029,51,175.394164
-0.762265,51,175.413813
-0.714462,51,175.433394
-0.716546,51,175.454388
-0.664129,51,175.474116
-0.673579,52,175.494185
-0.649546,51,175.513875
-0.85182,51,175.534225
-0.687307,51,175.554386
-0.849203,51,175.574428
-0.738515,51,175.595589
-0.604312,51,175.615442
-0.62935,51,175.635236
-0.606421,50,175.654784
-0.722415,52,175.675021
-0.797921,51,175.694872
-0.718476,51,175.906023
-0.621728,51,175.927182
-0.887883,51,175.948165
-0.661132,51,175.968393
-0.98535,51,175.988578
-0.562895,51,176.008648
-0.776864,52,176.03044
-0.802953,51,176.053155
-0.745561,50,176.073635
-0.637309,50,176.093743
-0.601122,50,176.113804
-0.698634,51,176.133905
-0.681462,51,176.155316
-0.590993,50,176.175199
-0.77048,51,176.195406
-0.641885,50,176.215107
-0.644213,51,176.235162
-0.711058,50,176.254786
-0.786283,52,176.275169
-0.665826,51,176.296227
-0.719742,52,176.316798
-0.657678,51,176.336675
-0.627784,51,176.3565
-0.734659,51,176.377295
-0.695332,51,176.397278
-0.878922,51,176.417215
-0.854708,51,176.437895
-0.680394,51,176.458334
-0.780905,51,176.478188
-0.763381,51,176.49802
-0.657283,50,176.517511
-0.649605,51,176.537346
-0.696436,51,176.557112
-0.78037,51,176.577131
-0.637542,51,176.598012
-0.695506,52,176.618229
-0.557677,51,176.638017
-0.748668,51,176.657842
-0.710395,50,176.678016
-0.745803,52,176.698441
-0.741418,51,176.909605
-0.674642,52,176.930088
-0.767058,51,176.950063
-0.745859,50,176.969609
-0.688082,51,176.989465
-0.595133,50,177.009024
-0.684419,51,177.029378
-0.619773,51,177.049963
-0.944916,51,177.069919
-0.62581,51,177.089753
-0.61854,52,177.11027
-0.739117,51,177.130376
-0.751155,51,177.15196
-0.688312,52,177.172953
-0.705049,51,177.194876
-0.674865,51,177.21578
-0.674692,51,177.235924
-0.66775,50,177.255615
-0.822901,51,177.275683
-0.708525,51,177.295663
-0.782882,51,177.315766
-0.773873,51,177.336746
-0.717725,51,177.356504
-0.941135,51,177.3763
-0.789201,51,177.396138
-0.825775,51,177.415973
-0.717752,51,177.437154
-0.717121,51,177.456938
-0.798223,51,177.47673
-0.787397,52,177.496922
-0.729947,51,177.516606
-0.624179,52,177.536815
-0.734142,50,177.557579
-0.663217,51,177.577403
-0.735935,51,177.597134
-0.718606,51,177.61703
-0.748097,51,177.638157
-0.666584,52,177.658254
-0.7323,50,177.677683
-0.764879,51,177.697365
-0.828863,51,177.908915
-0.744414,51,177.929097
-0.693382,51,177.949086
-0.661853,51,177.970227
-0.631337,51,177.990396
-0.758414,52,178.010671
-0.690923,50,178.030962
-0.685103,51,178.05116
-0.659075,51,178.071214
-0.785722,51,178.092571
-0.706972,52,178.112914
-0.63534,51,178.132837
-0.65888,51,178.152865
-0.59103,51,178.17304
-0.674133,51,178.194244
-0.712664,51,178.214528
-0.660047,50,178.234072
-0.637164,51,178.253965
-0.673327,52,178.274252
-0.655652,51,178.294276
-0.740667,51,178.314286
-0.633587,51,178.334177
-0.709707,51,178.35546
-0.657072,52,178.375829
-0.607483,52,178.396169
-0.746213,51,178.416127
-0.752458,51,178.436852
-0.649333,51,178.45702
-0.606118,51,178.476906
-0.682306,51,178.496749
-0.726006,51,178.517899
-0.683578,50,178.53733
-0.743495,51,178.557115
-0.685297,51,178.576822
-0.697414,51,178.596626
-0.740324,51,178.617572
-0.719966,52,178.637868
-0.679008,51,178.658664
-0.724091,51,178.679181
-0.721642,51,178.699376
-0.753286,51,178.910404
-0.613993,51,178.930447
-0.732067,51,178.950322
-0.677621,51,178.970124
-0.723522,50,178.989726
-0.641282,50,179.010378
-0.663287,50,179.029653
-0.581326,51,179.049449
-0.618794,51,179.069256
-0.757791,50,179.088696
-0.612415,51,179.108649
-0.786213,51,179.129836
-0.705115,51,179.149892
-0.743615,51,179.16991
-0.800332,51,179.189815
-0.824577,51,179.209684
-0.675154,51,179.230753
-0.722065,50,179.250191
-0.61185,51,179.270901
-0.671762,51,179.291112
-0.664878,51,179.310962
-0.692389,52,179.33128
-0.604539,51,179.351868
-0.649688,51,179.372222
-0.710766,51,179.392018
-0.694464,51,179.412099
-0.740558,52,179.43219
-0.71751,51,179.452352
-0.693808,50,179.473662
-0.688527,51,179.493906
-0.681963,50,179.513518
-0.83776,51,179.533425
-0.766268,51,179.553265
-0.631967,51,179.57317
-0.750165,51,179.594312
-0.93981,51,179.614169
-0.661873,51,179.633906
-0.766809,52,179.654047
-0.607129,51,179.673764
-0.595498,50,179.694024
-0.752151,51,179.905303
-0.835884,51,179.925449
-0.827756,51,179.946437
-0.621689,52,179.968335
-0.802874,51,179.989641
-0.686055,51,180.009371
-0.680543,51,180.02909
-0.610215,51,180.049679
-0.634911,50,180.069765
-0.772941,51,180.089581
-0.668927,51,180.109359
-0.725744,50,180.128996
-0.648465,51,180.150377
-0.777242,51,180.1703
-0.625515,51,180.190272
-0.600048,50,180.209794
-0.654629,50,180.229241
-0.697553,52,180.249445
-0.727186,50,180.270182
-0.807072,51,180.28994
-0.75942,51,180.310585
-0.689582,51,180.330508
-0.659858,51,180.350311
-0.700358,50,180.369692
-0.796606,51,180.390841
-0.615805,51,180.410579
-0.666999,51,180.43028
-0.791889,52,180.450402
-0.823111,51,180.470104
-0.68161,51,180.489808
-0.771759,51,180.510918
-0.666605,50,180.530274
-0.646171,50,180.54957
-0.62963,50,180.568932
-0.698883,51,180.588661
-0.663719,51,180.608181
-0.679829,52,180.629789
-0.725909,51,180.649638
-0.771545,51,180.669524
-0.72864,52,180.690705
-0.784008,51,180.711033
-0.65522,51,180.922244
-0.719226,51,180.942288
-0.71816,52,180.962666
-0.670517,51,180.983016
-0.657386,50,181.003328
-0.811628,52,181.023512
-0.815889,51,181.043369
-0.682502,51,181.063251
-0.673142,51,181.082999
-0.669803,51,181.10432
-0.656431,51,181.125159
-0.767943,51,181.14556
-0.671846,51,181.165774
-0.660476,51,181.18594
-0.632599,50,181.205606
-0.697153,52,181.225921
-0.739533,51,181.246301
-0.793651,51,181.267006
-0.740569,52,181.287172
-0.623392,51,181.306927
-0.698045,51,181.326887
-0.693256,51,181.346607
-0.666215,50,181.366746
-0.636665,51,181.387118
-0.689031,51,181.406882
-0.672965,51,181.426812
-0.806928,51,181.446592
-0.646335,51,181.4664
-0.60511,51,181.486992
-0.69957,51,181.507162
-0.656486,51,181.526922
-0.786899,51,181.546649
-0.630244,52,181.56677
-0.703218,50,181.586129
-0.714568,51,181.605798
-0.773299,51,181.626792
-0.71238,52,181.646959
-0.687672,50,181.666332
-0.73167,51,181.686695
-0.68557,51,181.706753
-0.702535,51,181.919345
-0.634727,51,181.939365
-0.687301,50,181.959873
-0.613577,51,181.979969
-0.752463,52,182.000186
-0.687388,50,182.019653
-0.589292,51,182.039623
-0.671279,50,182.060494
-0.741312,51,182.080248
-0.745298,51,182.100239
-0.790735,51,182.120358
-0.671556,52,182.140798
-0.644113,52,182.161721
-0.757121,51,182.183542
-0.642225,51,182.20359
-0.766495,51,182.223527
-0.794554,51,182.243382
-0.647774,50,182.26295
-0.82379,51,182.282654
-0.722595,51,182.303723
-0.67341,51,182.323414
-0.732618,51,182.343066
-0.64108,51,182.36276
-0.765843,51,182.382421
-0.684562,50,182.401716
-0.729079,51,182.422299
-0.665864,51,182.442548
-0.668585,51,182.462218
-0.678843,52,182.482337
-0.698331,50,182.502215
-0.783989,51,182.521919
-0.657928,51,182.542604
-0.775204,51,182.562663
-0.790043,52,182.582736
-0.752933,51,182.602334
-0.7076,52,182.622338
-0.599374,51,182.641991
-0.667063,52,182.663273
-0.660466,51,182.683119
-0.594617,50,182.702542
-0.724115,52,182.912231
-0.624051,52,182.932623
-0.765492,52,182.952849
-0.729032,51,182.972617
-0.664008,52,182.99376
-0.738601,51,183.015449
-0.741657,51,183.035691
-0.676857,50,183.055426
-0.667806,50,183.075067
-0.716342,52,183.096015
-0.616555,51,183.116382
-0.682077,52,183.137089
-0.628453,52,183.157641
-0.666529,51,183.177653
-0.643899,51,183.197581
-0.713128,51,183.217382
-0.683629,51,183.237274
-0.764788,51,183.257194
-0.714289,51,183.276928
-0.634417,50,183.296624
-0.670062,51,183.316377
-0.591965,52,183.336448
-0.654256,51,183.357497
-0.834407,51,183.377252
-0.662852,51,183.397058
-0.741122,51,183.416752
-0.762572,52,183.437162
-0.640428,51,183.456894
-0.70241,51,183.477876
-0.705309,52,183.498008
-0.718739,51,183.517601
-0.707748,52,183.537728
-0.738369,51,183.557431
-0.74429,52,183.57889
-0.640423,52,183.599222
-0.532477,51,183.618857
-0.67399,51,183.638521
-0.916567,51,183.658651
-0.644898,51,183.679179
-0.647311,51,183.69885
-0.753762,51,183.910066
-0.722125,51,183.930058
-0.655363,51,183.95004
-0.670464,51,183.969945
-0.648303,51,183.990422
-0.644736,51,184.011571
-0.829733,51,184.031986
-0.663525,50,184.051658
-0.664872,50,184.071103
-0.71219,51,184.091241
-0.647941,51,184.112326
-0.622356,51,184.132706
-1.12983,51,184.152939
-0.813344,51,184.173281
-0.649987,51,184.193304
-0.658748,50,184.213068
-0.682064,51,184.234534
-0.720098,52,184.254949
-0.683585,51,184.274825
-0.678664,51,184.294677
-0.643454,51,184.3145
-0.615723,51,184.334245
-0.808599,51,184.354037
-0.682694,50,184.373408
-0.701002,52,184.393656
-0.658495,50,184.414343
-0.743838,52,184.435498
-0.62899,51,184.455575
-0.763929,50,184.475218
-0.702559,51,184.496296
-0.608435,51,184.516317
-0.631263,51,184.536197
-0.635459,51,184.556038
-0.82336,52,184.576292
-0.730605,50,184.595756
-0.750784,51,184.615535
-0.626656,51,184.63676
-0.687152,51,184.656557
-0.713083,51,184.676359
-0.632206,51,184.696093
-0.851144,51,184.907093
-0.662235,51,184.927177
-0.632808,50,184.946797
-0.665489,51,184.966654
-0.74405,51,184.986393
-0.648161,50,185.006026
-0.619215,51,185.027297
-0.685437,51,185.047176
-0.698326,51,185.067029
-0.726979,51,185.087087
-0.651199,52,185.10756
-0.716455,51,185.128862
-0.645622,51,185.149134
-0.622366,52,185.169598
-0.647961,52,185.189948
-0.674946,52,185.210212
-0.71729,51,185.230106
-0.687081,52,185.251695
-0.679287,51,185.272421
-0.731355,51,185.292379
-0.778638,51,185.317449
-0.668304,50,185.342642
-0.745573,51,185.362887
-0.61843,51,185.383141
-0.643857,50,185.404541
-0.70581,51,185.426329
-0.853294,51,185.452475
-0.694341,50,185.476851
-0.768351,52,185.498622
-0.693184,51,185.518911
-0.838403,51,185.540492
-0.647033,52,185.562031
-0.723364,51,185.582393
-0.738181,51,185.602406
-0.65459,51,185.623687
-0.660814,51,185.644305
-0.646695,51,185.664049
-0.74914,52,185.686806
-0.603123,50,185.706618
-0.691426,51,185.728885
-0.694775,51,185.946305
-0.615393,51,185.967753
-0.702686,50,185.987386
-0.735413,52,186.008603
-0.725864,51,186.02895
-0.698731,50,186.049665
-0.727891,51,186.069835
-0.836517,51,186.08976
-0.630639,51,186.111193
-0.725387,50,186.131013
-0.647018,51,186.152472
-0.702544,52,186.173294
-0.730441,51,186.19437
-0.74021,51,186.217324
-0.702597,50,186.238434
-0.658828,52,186.25887
-0.718959,51,186.2792
-0.638536,51,186.301041
-0.679697,51,186.322096
-0.635591,51,186.343598
-0.664389,52,186.365264
-0.72049,51,186.388671
-0.706181,51,186.409438
-0.670455,51,186.430684
-0.790371,50,186.450807
-0.729942,52,186.471045
-0.68467,51,186.491388
-0.704119,51,186.512217
-0.681243,51,186.531997
-0.737482,51,186.551636
-0.656738,52,186.572014
-0.72879,51,186.593216
-0.827591,51,186.613099
-0.72452,51,186.632997
-0.804148,50,186.652505
-0.684232,51,186.672665
-0.691351,51,186.693713
-0.757542,51,186.71366
-0.683532,51,186.733559
-0.64107,51,186.753362
-0.690739,51,186.96551
-0.645146,51,186.986598
-0.735619,52,187.006949
-0.648149,51,187.028689
-0.640207,52,187.049087
-0.69954,51,187.070387
-0.646494,51,187.090188
-0.730847,51,187.110006
-0.851208,51,187.130112
-0.681125,50,187.150273
-0.727726,52,187.171553
-0.714458,51,187.191615
-0.591291,51,187.211529
-0.77449,52,187.232873
-0.637844,51,187.253129
-0.708511,51,187.273029
-0.699689,50,187.29377
-0.653138,51,187.31356
-0.623661,51,187.333222
-0.703814,52,187.353516
-0.644554,51,187.37357
-0.733914,52,187.394631
-0.715257,50,187.414011
-0.686004,51,187.433637
-0.770042,52,187.454603
-0.673496,50,187.47473
-0.692701,51,187.494492
-0.655042,51,187.514263
-0.643892,51,187.534858
-0.724475,50,187.554829
-0.681928,50,187.574141
-0.61069,51,187.593957
-0.619981,52,187.615311
-0.578437,51,187.634952
-0.684082,51,187.654698
-0.74587,51,187.674338
-0.600472,51,187.694998
-0.787376,51,187.715167
-0.655422,51,187.734741
-0.745623,51,187.754497
-0.798509,50,187.967316
-0.775023,51,187.987553
-0.623966,50,188.00701
-0.628795,51,188.02675
-0.696899,51,188.04799
-0.643022,51,188.067788
-0.673339,51,188.087632
-0.766664,52,188.109302
-0.889885,51,188.129296
-0.659074,50,188.148887
-0.565384,50,188.168672
-0.850939,51,188.188664
-0.667845,51,188.208582
-0.679422,52,188.230162
-0.646833,51,188.24996
-0.676496,51,188.269751
-0.646717,51,188.289438
-0.688183,51,188.30954
-0.842069,51,188.330154
-0.772105,52,188.351199
-0.662249,51,188.371278
-0.725729,52,188.391637
-0.707349,52,188.412081
-0.697756,51,188.433181
-0.644972,51,188.452984
-0.635104,51,188.472821
-0.65337,51,188.492696
-0.643149,51,188.512457
-0.689288,51,188.533618
-0.677039,51,188.554433
-0.614269,51,188.574484
-0.778295,51,188.594422
-0.751758,52,188.61541
-0.622371,51,188.635919
-0.697341,51,188.655732
-0.696808,50,188.675259
-0.615852,51,188.695129
-0.714271,51,188.71629
-0.679571,51,188.736102
-0.720333,51,188.756683
-0.595143,50,188.776398
-0.687237,51,188.98666
-0.811576,51,189.006777
-0.763229,51,189.027729
-0.770452,51,189.048127
-0.686739,51,189.068087
-0.744134,51,189.088046
-0.683899,51,189.108125
-0.660301,52,189.128523
-0.772416,50,189.148166
-0.68577,51,189.169065
-0.641284,50,189.188957
-0.717828,51,189.209014
-0.702224,51,189.228931
-0.698333,51,189.248909
-0.705613,52,189.270527
-0.735119,52,189.290775
-0.677243,50,189.310209
-0.724399,50,189.329541
-0.75959,51,189.349502
-0.736407,51,189.370371
-0.643523,51,189.390095
-0.663081,51,189.409774
-0.626724,50,189.429165
-0.763988,51,189.448929
-0.678605,51,189.470252
-0.713332,52,189.49042
-0.627052,50,189.509782
-0.67508,50,189.530339
-0.728305,51,189.550134
-0.658035,51,189.569794
-0.688049,50,189.590055
-0.717385,51,189.610032
-0.80413,51,189.629971
-0.700427,51,189.65121
-0.816726,51,189.670923
-0.632896,51,189.690672
-0.593269,51,189.710384
-0.686592,51,189.730108
-0.581773,51,189.750836
-0.775537,50,189.770716
-0.733232,52,189.980854
-0.659087,52,190.002223
-0.717567,51,190.022391
-0.733228,51,190.042255
-0.690961,50,190.061729
-0.754519,51,190.081462
-0.693711,51,190.103009
-0.589216,51,190.123391
-0.711912,51,190.143568
-0.774764,52,190.164208
-0.729779,51,190.184313
-0.666782,51,190.204499
-0.805111,52,190.224986
-0.633009,51,190.245071
-0.689041,50,190.26476
-0.767824,51,190.284594
-0.701302,51,190.304293
-0.670888,51,190.323926
-0.68358,52,190.343991
-0.750308,51,190.363643
-0.643228,50,190.382894
-0.727539,51,190.402511
-0.761867,51,190.423274
-0.6441,52,190.443738
-0.687554,51,190.463675
-0.813816,51,190.483901
-0.670822,51,190.504769
-0.648762,50,190.524229
-0.763084,50,190.543714
-0.871406,51,190.563574
-0.673442,52,190.583712
-0.813296,51,190.604969
-0.721857,51,190.624694
-0.680214,51,190.644511
-0.737704,51,190.664249
-0.801102,51,190.684015
-0.766075,51,190.705406
-0.701722,52,190.726656
-0.663492,51,190.746948
-0.653301,51,190.766703
-0.795008,50,190.977276
-0.666802,52,190.997692
-0.624951,51,191.017426
-0.655798,51,191.037757
-0.652497,51,191.058562
-0.671757,50,191.077972
-0.662239,51,191.098045
-0.678589,51,191.118974
-0.718257,51,191.139635
-0.714362,51,191.159609
-0.675249,51,191.179578
-0.832131,52,191.199896
-0.675515,51,191.219642
-0.752177,52,191.239922
-0.71476,52,191.261486
-0.649488,51,191.281144
-0.64036,51,191.301971
-0.713562,51,191.321801
-0.649908,51,191.342156
-0.690427,50,191.362294
-0.672092,52,191.382514
-0.724501,51,191.402332
-0.781275,51,191.422111
-0.799467,51,191.442111
-0.683388,51,191.46437
-0.740337,51,191.484449
-0.709474,50,191.50399
-0.601904,51,191.52385
-0.836814,51,191.543657
-0.604299,52,191.565255
-0.893791,51,191.58504
-0.822149,51,191.606141
-0.657702,51,191.625926
-0.680476,51,191.645642
-0.933686,51,191.66755
-0.658987,51,191.687547
-0.712896,51,191.707469
-0.701048,51,191.727252
-0.700546,51,191.747038
-0.647604,52,191.767316
-0.725173,51,191.981214
-0.722706,51,192.001232
-0.729952,51,192.021389
-0.63836,51,192.042427
-0.671914,51,192.062321
-0.70346,52,192.08259
-0.581635,50,192.10235
-0.642707,50,192.123406
-0.801902,51,192.143574
-0.69242,52,192.164045
-0.741052,51,192.184118
-0.639557,51,192.205411
-0.791635,51,192.225295
-0.756152,52,192.245559
-0.780382,51,192.265388
-0.621426,52,192.286354
-0.595487,51,192.307899
-0.617589,51,192.327809
-0.703422,50,192.347336
-0.63095,50,192.366806
-0.764039,52,192.387079
-0.671191,51,192.407811
-0.72584,51,192.428115
-0.770204,51,192.447934
-0.653589,50,192.467513
-0.64624,51,192.487518
-0.652259,51,192.507788
-0.785682,51,192.52882
-0.728668,51,192.548874
-0.854589,51,192.56891
-0.738011,51,192.588914
-0.80448,51,192.610227
-0.778168,51,192.630143
-0.706773,51,192.649966
-0.623903,51,192.669753
-0.761004,52,192.690218
-0.694067,51,192.711997
-0.802045,51,192.732058
-0.732451,51,192.752038
-0.680688,51,192.771957
-0.649959,51,192.982682
-0.768834,52,193.003117
-0.640047,51,193.023148
-0.702865,52,193.043594
-0.691784,51,193.064802
-0.669691,51,193.084963
-0.689008,50,193.104657
-0.738865,52,193.125238
-0.622726,52,193.145767
-0.648346,51,193.167312
-0.681669,52,193.187691
-0.817966,51,193.207607
-0.727386,51,193.227464
-0.672328,52,193.247764
-0.753261,51,193.267517
-0.650604,51,193.287948
-0.715878,52,193.308742
-0.681334,52,193.329052
-0.777736,52,193.349283
-0.693768,51,193.369011
-0.700256,50,193.388597
-0.659874,51,193.409524
-0.776454,51,193.429222
-0.707126,50,193.448627
-0.672211,51,193.468392
-0.77939,50,193.487753
-0.674678,51,193.508926
-0.688445,51,193.528611
-0.821694,51,193.548409
-0.74031,51,193.568159
-0.640723,51,193.58824
-0.837016,51,193.608981
-0.600088,50,193.628285
-0.849571,51,193.648125
-0.696221,51,193.667944
-0.710602,50,193.688717
-0.730131,51,193.708674
-0.629507,51,193.72849
-0.64486,51,193.75111
-0.62535,51,193.771725
-0.735296,51,193.985176
-0.70636,52,194.005697
-1.030688,51,194.025943
-0.704133,51,194.046056
-0.669802,51,194.06685
-0.725062,51,194.087602
-0.704107,51,194.107723
-0.707958,51,194.127803
-0.594069,50,194.14853
-0.743572,51,194.170232
-0.713366,52,194.190783
-0.690611,51,194.210776
-0.754878,51,194.230807
-0.691657,52,194.251111
-0.679132,51,194.27161
-0.730321,51,194.292847
-0.654616,50,194.312781
-0.636869,51,194.332595
-0.71812,51,194.352416
-0.716451,51,194.372405
-0.695753,51,194.392171
-0.651445,51,194.413112
-0.73969,51,194.433036
-0.640194,50,194.45247
-0.625083,51,194.472603
-0.616892,51,194.492749
-0.76256,51,194.513197
-0.688913,51,194.533626
-0.653127,50,194.553047
-0.615197,52,194.57334
-0.787888,51,194.592986
-0.661087,51,194.612606
-0.736327,50,194.632647
-0.744004,51,194.652998
-0.679344,50,194.672328
-0.689179,51,194.69205
-0.751669,51,194.71172
-0.608078,52,194.731896
-0.691485,51,194.75288
-0.752317,50,194.772211
-0.694229,52,194.983973
-0.866463,51,195.004431
-0.584262,52,195.024928
-0.726649,51,195.044734
-0.703793,51,195.064696
-0.611466,51,195.084784
-0.687269,50,195.105801
-0.695196,51,195.125832
-0.769281,51,195.145914
-0.637572,51,195.168019
-0.614623,52,195.188879
-0.591965,51,195.209032
-0.659125,51,195.229044
-0.69191,52,195.249418
-0.73163,51,195.269319
-0.820839,52,195.290933
-0.728848,51,195.310781
-0.641839,52,195.330982
-0.622077,51,195.35078
-0.602047,51,195.371278
-0.648071,51,195.392742
-0.71028,51,195.412687
-0.678854,51,195.432544
-0.712781,51,195.452411
-0.671854,51,195.472229
-0.640231,52,195.492774
-0.699768,51,195.51303
-0.717449,51,195.53366
-0.856334,51,195.553516
-0.6825,50,195.572964
-0.640957,50,195.592982
-0.626497,51,195.613538
-0.725266,50,195.632945
-0.702344,51,195.652654
-0.819484,51,195.67244
-0.782422,51,195.692211
-0.744128,51,195.713247
-0.776856,51,195.732936
-0.699877,50,195.75234
-0.623499,50,195.771667
-0.741533,51,195.791328
-0.65033,51,196.003009
-0.70437,51,196.023366
-0.690144,51,196.043422
-0.605961,51,196.063725
-0.685411,51,196.084255
-0.645129,51,196.104888
-0.702009,51,196.125213
-0.625897,52,196.145855
-0.635801,51,196.166083
-0.697158,51,196.186122
-0.763852,51,196.206747
-0.626297,51,196.226897
-0.716094,51,196.246803
-0.738812,52,196.267038
-0.658541,51,196.286764
-0.734233,50,196.306191
-0.729739,51,196.325926
-0.68017,50,196.346023
-0.683207,51,196.366905
-0.725441,51,196.387498
-0.692409,51,196.407324
-0.73662,51,196.42716
-0.76524,51,196.447154
-0.593017,50,196.46761
-0.681612,52,196.487771
-0.75307,51,196.507433
-0.918463,51,196.527113
-0.604094,50,196.546407
-0.695432,51,196.566077
-0.66308,51,196.586978
-0.6783,51,196.607626
-0.799953,51,196.627718
-0.647985,51,196.647629
-0.652914,51,196.667575
-0.749113,51,196.687342
-0.886461,51,196.707142
-0.664621,51,196.728295
-0.705113,51,196.748026
-0.644771,50,196.767452
-0.804232,51,196.787109
-0.751978,51,196.998886
-0.821998,51,197.019066
-0.649221,51,197.040285
-0.657622,50,197.061374
-0.668196,51,197.081723
-0.716502,50,197.101633
-0.684759,52,197.122134
-0.603087,51,197.142203
-0.625595,51,197.16221
-0.696701,51,197.184873
-0.713166,51,197.206357
-0.698528,52,197.227799
-0.689961,51,197.249389
-0.930542,51,197.271543
-0.720756,51,197.291553
-0.710897,51,197.311532
-0.640763,51,197.331536
-0.639918,51,197.351354
-0.689127,51,197.372521
-0.644136,51,197.392272
-0.675583,51,197.411962
-0.61889,51,197.431686
-0.716793,51,197.452199
-0.695737,51,197.472331
-0.648067,51,197.493191
-0.729854,51,197.513552
-0.696933,52,197.533893
-0.736263,52,197.562663
-0.72322,50,197.582376
-0.644166,51,197.602652
-0.685144,51,197.622495
-0.724997,51,197.642292
-0.614354,51,197.662042
-0.73446,51,197.682159
-0.68476,51,197.70189
-0.69822,50,197.721321
-0.671615,51,197.741001
-0.682507,51,197.762011
-0.657699,50,197.781377
-0.637777,51,197.801229
-0.815496,51,198.013246
-0.671987,52,198.033882
-0.717225,51,198.054
-0.802866,51,198.075134
-0.762501,51,198.095358
-0.649958,51,198.115396
-0.689394,50,198.135059
-0.905133,51,198.155079
-0.794117,51,198.175141
-0.631432,52,198.195455
-0.672156,50,198.214939
-0.692214,51,198.235695
-0.733823,51,198.256784
-0.624588,50,198.277956
-0.706884,50,198.297769
-0.671965,51,198.317769
-0.718044,50,198.339584
-0.682169,51,198.361377
-0.735452,51,198.382088
-0.676117,51,198.402983
-0.749388,51,198.423882
-0.631112,51,198.446101
-0.627243,51,198.466887
-0.718824,50,198.489451
-0.628644,51,198.510045
-0.681087,51,198.5303
-0.616518,52,198.550436
-0.730734,51,198.571367
-0.647575,51,198.591821
-0.69839,51,198.610966
-0.713847,51,198.630328
-0.668685,52,198.649927
-0.74479,51,198.670454
-0.642769,51,198.690684
-0.666181,51,198.71066
-0.854917,51,198.729825
-0.726954,51,198.749772
-0.763047,51,198.770072
-0.681135,51,198.790719
-0.884499,51,198.811811
-0.694328,51,199.014897
-0.689816,51,199.034234
-0.775,51,199.052815
-0.660496,51,199.071344
-0.619955,51,199.090519
-0.693795,51,199.109197
-0.680095,51,199.12767
-0.684842,52,199.147078
-0.762834,51,199.165086
-0.657535,52,199.183911
-0.724844,52,199.20286
-0.702861,52,199.221131
-0.71817,51,199.239789
-0.661899,52,199.258347
-0.651763,51,199.27617
-0.640496,51,199.294027
-0.677372,51,199.312297
-0.705844,52,199.331514
-0.666669,51,199.349692
-0.815273,51,199.367523
-0.63891,51,199.385262
-0.749749,51,199.403022
-0.744226,51,199.421059
-0.63221,50,199.43858
-0.767906,51,199.456413
-0.796513,51,199.474244
-0.674421,51,199.492012
-0.727368,52,199.510296
-0.667469,51,199.528242
-0.677878,51,199.54612
-0.695309,52,199.564398
-0.790653,52,199.582697
-0.653525,51,199.600632
-0.707173,50,199.618161
-0.579236,51,199.636039
-0.765083,51,199.654101
-0.744195,51,199.672
-0.580473,51,199.689828
-0.745869,51,199.707573
-0.660826,51,199.726069
