#{"t_start": 1789368890.06334, "env_id": "None"}
r,l,t
-1.549617,52,0.803322
-1.611875,51,0.822976
-1.669464,51,0.842684
-1.741343,51,0.862372
-1.657626,51,0.882692
-1.572186,52,0.90257
-1.675424,51,0.921996
-2.099167,51,0.941473
-1.767351,51,0.960615
-1.491401,51,0.98113
-1.779836,51,1.001473
-2.10443,51,1.021096
-1.540213,51,1.040511
-1.39133,52,1.060709
-1.475918,51,1.080737
-1.477226,51,1.105242
-1.877687,51,1.128646
-1.573197,51,1.157201
-2.277282,51,1.177191
-2.018969,51,1.196667
-1.697644,51,1.216611
-1.541871,51,1.235363
-1.832923,51,1.254881
-2.313018,51,1.275585
-2.396212,51,1.294904
-2.134817,51,1.31403
-1.527194,51,1.334315
-1.960358,51,1.353928
-1.840451,51,1.373832
-1.961729,51,1.398679
-1.845183,52,1.420135
-1.659693,51,1.443109
-2.485244,51,1.464653
-2.029664,51,1.483837
-1.879941,51,1.501974
-1.887368,52,1.521287
-1.692498,51,1.539845
-1.478081,52,1.559068
-1.505581,51,1.577541
-1.841364,51,1.596508
-1.64003,51,1.815778
-2.126538,51,1.835106
-1.641212,51,1.854733
-1.911099,51,1.873808
-1.92995,51,1.892895
-1.821831,52,1.913012
-1.625434,51,1.9314
-1.544045,51,1.950759
-1.839456,51,1.969895
-1.509699,51,1.988599
-2.056239,51,2.007933
-1.844771,51,2.026263
-1.849697,51,2.044893
-1.508954,51,2.063693
-1.771964,51,2.082516
-1.483603,51,2.103355
-1.942028,52,2.123128
-1.793707,52,2.143216
-2.787426,51,2.164138
-1.992038,51,2.188859
-1.852062,51,2.20801
-1.942498,51,2.227543
-1.855924,51,2.247576
-1.376468,52,2.266551
-1.86483,51,2.286271
-2.193615,51,2.305302
-2.034793,51,2.32475
-1.839615,51,2.343965
-2.408041,51,2.363528
-1.718717,51,2.383073
-1.676644,51,2.402584
-1.543289,51,2.42205
-1.399796,51,2.441687
-1.782469,51,2.462954
-1.663558,51,2.483384
-1.493795,51,2.50277
-1.710182,51,2.522164
-1.720088,51,2.541774
-1.926017,51,2.560789
-1.960541,51,2.579779
-1.935614,51,2.786166
-1.990998,51,2.805578
-1.6308,52,2.825484
-1.410822,52,2.844825
-1.967088,51,2.86453
-1.671692,51,2.883466
-1.63981,51,2.901959
-1.730582,51,2.921244
-1.619192,51,2.939941
-1.82635,51,2.961476
-1.712288,51,2.982182
-1.679044,52,3.004997
-2.207233,51,3.024875
-1.480039,52,3.046906
-1.588771,51,3.069089
-1.819948,51,3.087646
-1.389567,51,3.106043
-1.65724,51,3.125009
-1.50978,51,3.143969
-1.973462,51,3.162883
-1.488248,51,3.181799
-1.53061,51,3.201018
-1.872567,51,3.220033
-2.282517,52,3.239828
-2.001622,51,3.258234
-1.674409,51,3.276932
-1.67343,51,3.295328
-1.650176,51,3.314722
-1.81124,51,3.333447
-1.689951,52,3.353365
-1.636895,51,3.372126
-1.443319,51,3.391197
-2.223399,51,3.410471
-1.469857,51,3.429264
-1.914489,51,3.448507
-1.777507,52,3.468077
-2.049871,51,3.486719
-1.288197,51,3.506199
-1.4497,51,3.525624
-1.569453,51,3.54451
-1.419578,51,3.74804
-1.822744,52,3.768639
-1.747994,51,3.788171
-1.444942,51,3.807203
-1.594642,51,3.826084
-1.491746,51,3.845048
-1.663585,51,3.863979
-1.510418,51,3.882866
-1.36587,51,3.901524
-1.502956,51,3.919681
-2.034776,51,3.937643
-2.003868,51,3.956525
-1.85023,51,3.975483
-1.549235,52,3.995214
-1.721243,52,4.014025
-1.444892,52,4.03379
-1.674868,51,4.053141
-1.986973,51,4.072029
-1.323351,51,4.091305
-1.439066,51,4.111754
-1.56833,51,4.130808
-1.633881,51,4.149413
-1.599971,51,4.167939
-1.495614,52,4.18663
-1.669272,51,4.205213
-1.466935,51,4.224194
-1.813674,51,4.24287
-1.753247,52,4.265198
-1.44149,51,4.284941
-1.446395,51,4.305583
-1.40954,51,4.325169
-1.493303,51,4.344337
-1.762457,51,4.363626
-1.966323,51,4.382668
-1.656923,51,4.401666
-1.667802,51,4.421291
-1.280825,52,4.441356
-1.951059,51,4.460913
-2.146745,51,4.480346
-1.962232,51,4.499287
-1.500688,51,4.698924
-1.941585,51,4.717678
-2.165802,51,4.73649
-1.559097,51,4.755606
-1.944945,51,4.773666
-1.619583,51,4.792473
-1.735712,51,4.811293
-1.63661,51,4.831185
-1.596871,51,4.854451
-2.244446,51,4.891449
-1.427475,51,4.923183
-1.285775,51,4.945028
-2.276995,51,4.965701
-2.047596,52,4.985827
-1.86666,51,5.005496
-1.681482,52,5.03217
-2.078608,51,5.05592
-1.456988,51,5.075439
-1.824135,51,5.09374
-1.673566,51,5.113385
-1.750635,52,5.132991
-2.33086,51,5.151616
-1.608049,51,5.170608
-1.911648,51,5.189832
-1.475661,51,5.2083
-1.578621,51,5.227725
-1.841784,51,5.246852
-1.690473,52,5.266317
-1.558998,51,5.285369
-1.53721,52,5.305087
-1.890754,51,5.324733
-1.561835,51,5.344351
-2.157946,51,5.363261
-1.612512,51,5.382505
-2.436393,51,5.4014
-1.784911,51,5.419789
-1.4769,51,5.438695
-1.829792,51,5.457878
-2.169988,51,5.476669
-1.444977,52,5.496501
-1.810799,51,5.699467
-1.326555,51,5.718635
-2.299659,51,5.737903
-2.426187,51,5.757213
-1.715429,51,5.776619
-1.511032,52,5.795929
-2.134582,52,5.815286
-1.395661,51,5.834185
-1.731412,51,5.853527
-1.571653,51,5.872363
-1.542959,51,5.891209
-1.662372,51,5.910199
-1.809209,51,5.929128
-1.583587,51,5.948061
-1.426515,51,5.967256
-1.990226,51,5.985276
-1.472965,52,6.003851
-1.639166,52,6.022621
-2.024154,51,6.040898
-1.899262,51,6.059527
-1.486368,52,6.078935
-1.797797,52,6.098031
-1.426571,51,6.116828
-1.590059,51,6.135742
-1.470982,51,6.160994
-1.731304,51,6.180954
-1.888214,51,6.200156
-1.452758,51,6.21924
-1.678586,51,6.23797
-1.776615,51,6.257429
-1.329474,51,6.27712
-1.559562,52,6.297243
-1.343966,51,6.317098
-2.305588,51,6.336718
-1.648034,51,6.356367
-1.192885,52,6.376382
-1.695497,52,6.395536
-1.447405,51,6.414268
-1.566477,51,6.432987
-1.8726,52,6.452422
-1.31947,51,6.647147
-1.689312,52,6.666174
-2.140454,51,6.685626
-1.639339,51,6.704586
-1.427979,51,6.722754
-1.787513,51,6.740933
-1.89814,51,6.759872
-1.87815,51,6.779205
-1.541205,51,6.79861
-1.616698,52,6.818979
-1.63,51,6.838486
-2.149857,51,6.857484
-1.349631,51,6.876917
-1.760337,51,6.896126
-1.910911,51,6.915419
-1.393489,52,6.934756
-1.368919,51,6.953555
-1.734115,51,6.972356
-1.613443,51,6.992031
-1.39518,51,7.011318
-2.174355,51,7.029085
-1.743288,51,7.047242
-1.617084,51,7.064884
-1.748344,51,7.083815
-1.685737,51,7.102746
-1.536275,51,7.121331
-1.442206,51,7.140284
-1.761155,51,7.159534
-1.76181,51,7.178888
-1.924831,51,7.198395
-1.390507,51,7.218596
-1.892727,51,7.2373
-1.413289,51,7.255856
-1.922041,51,7.27466
-2.441143,51,7.293818
-1.703924,51,7.31347
-1.651555,52,7.333511
-1.999754,51,7.353106
-1.52191,51,7.372354
-1.428436,51,7.391085
-1.481644,51,7.589664
-1.568788,51,7.610091
-1.71071,51,7.633591
-1.371791,51,7.654027
-1.688869,51,7.673296
-1.74414,51,7.691953
-1.356412,52,7.710975
-1.663443,51,7.731437
-1.531856,51,7.752508
-1.496337,52,7.771581
-1.918108,51,7.79132
-1.368052,51,7.810591
-1.662599,51,7.829651
-1.395143,51,7.848383
-2.210416,51,7.86622
-2.149459,51,7.88519
-1.756574,51,7.904108
-1.863927,51,7.922834
-1.403667,52,7.944992
-1.532166,51,7.963785
-1.583414,51,7.983075
-1.724772,51,8.00183
-1.642578,51,8.031421
-1.29572,51,8.053659
-2.117607,51,8.074679
-1.682124,51,8.096509
-1.443696,52,8.117587
-1.666454,51,8.137435
-1.652601,51,8.158643
-1.442073,51,8.179086
-1.674091,51,8.198868
-1.585166,52,8.220969
-1.625575,51,8.241653
-1.588128,51,8.261311
-1.523864,51,8.282386
-1.554088,51,8.306634
-1.600683,51,8.329328
-1.362714,52,8.351742
-2.042855,51,8.372324
-1.565733,51,8.393673
-1.420309,51,8.615176
-1.816783,51,8.636125
-1.375809,52,8.65617
-1.332915,51,8.675475
-1.810713,51,8.694403
-1.63765,51,8.714849
-1.891964,52,8.741138
-1.396284,51,8.76337
-1.762527,51,8.783683
-1.613921,51,8.807337
-1.316795,51,8.829389
-1.822459,51,8.850722
-1.581312,52,8.871849
-1.401259,51,8.89225
-1.552975,51,8.912302
-1.494759,51,8.932432
-1.537848,51,8.95298
-1.820788,51,8.973314
-1.598887,51,8.993795
-1.81823,51,9.017298
-1.993102,51,9.03746
-1.938059,51,9.0629
-1.163651,51,9.083472
-1.486372,52,9.105364
-1.403028,51,9.125769
-1.3797,52,9.146736
-1.681845,51,9.167695
-1.941413,51,9.187344
-1.570342,51,9.206673
-1.752049,51,9.227098
-1.40646,51,9.245983
-1.751561,51,9.268588
-1.310816,51,9.289
-1.807487,51,9.31334
-1.467719,51,9.333944
-1.598167,51,9.354123
-1.25248,52,9.374305
-1.640117,51,9.393732
-1.535905,51,9.412471
-1.622528,51,9.432068
-1.733448,51,9.647879
-1.405284,51,9.669828
-1.290786,51,9.690292
-1.476879,51,9.709272
-1.768705,51,9.728793
-1.582225,52,9.748702
-1.675962,51,9.769078
-1.636065,51,9.788576
-1.543728,51,9.809228
-1.361293,51,9.828857
-1.595949,51,9.848632
-1.461763,51,9.868269
-1.354212,51,9.88868
-1.308707,51,9.908073
-1.540699,51,9.928204
-1.293369,51,9.947673
-1.515494,51,9.97143
-1.315931,51,9.993587
-1.662288,52,10.026129
-1.397569,51,10.050536
-2.215132,51,10.073293
-1.349585,51,10.094986
-1.734918,51,10.116681
-2.04987,51,10.138407
-1.245824,51,10.1594
-1.656995,51,10.180106
-1.526237,51,10.20181
-1.561298,51,10.223502
-1.334964,51,10.244158
-1.688624,51,10.267521
-1.965412,51,10.290296
-1.665781,51,10.325294
-1.568903,51,10.351214
-1.420119,52,10.372455
-1.551376,51,10.397169
-1.515336,51,10.434935
-1.761238,51,10.4555
-1.621546,51,10.478704
-1.358709,52,10.501786
-1.414355,51,10.523867
-1.422524,51,10.761203
-1.165817,51,10.782466
-1.238819,51,10.805691
-1.488257,51,10.827423
-1.736267,52,10.851218
-1.546549,51,10.873654
-1.384711,51,10.894773
-1.56539,51,10.914762
-1.651358,51,10.937802
-1.521048,51,10.960181
-1.348667,51,10.985319
-1.847255,51,11.009243
-1.405095,51,11.030281
-1.252681,52,11.05257
-1.78437,51,11.074055
-1.735073,51,11.095406
-1.822848,51,11.117279
-2.001484,51,11.138938
-1.388661,51,11.158634
-1.563701,52,11.179338
-1.496991,51,11.200763
-1.363681,52,11.22251
-1.476014,51,11.243943
-1.83064,51,11.266072
-1.218173,52,11.286694
-1.505197,51,11.308319
-1.33941,51,11.328428
-1.12131,51,11.348222
-1.176427,51,11.369149
-1.773641,51,11.390112
-1.745008,51,11.412172
-1.379244,52,11.434102
-1.214563,51,11.454883
-1.6386,51,11.477161
-1.363216,51,11.497325
-1.709747,51,11.519232
-1.928889,51,11.541403
-1.910394,51,11.562226
-1.571201,51,11.584462
-1.342186,52,11.606393
-1.344545,51,11.828599
-1.506419,51,11.848857
-1.421027,51,11.871191
-1.496135,52,11.891356
-1.200051,51,11.911653
-1.762934,51,11.934434
-1.590172,51,11.956398
-1.245546,51,11.977079
-1.474358,51,11.997057
-1.607775,51,12.017367
-1.826516,51,12.038432
-1.601271,51,12.058467
-1.50402,52,12.079393
-1.309563,51,12.099864
-1.362481,51,12.120706
-1.283501,51,12.140267
-1.261893,51,12.160656
-1.962089,51,12.180541
-1.705845,51,12.200648
-1.912831,51,12.220227
-1.277356,51,12.240174
-1.504024,51,12.260003
-1.762578,51,12.278666
-1.676281,51,12.298844
-1.317423,52,12.320807
-1.584469,51,12.34114
-1.473668,51,12.36105
-1.890041,51,12.38086
-1.631034,51,12.401306
-1.775586,51,12.42395
-1.958476,51,12.444359
-1.397719,52,12.464707
-1.40751,51,12.485397
-1.444276,51,12.505436
-1.348797,51,12.524485
-1.335227,51,12.544605
-1.618716,51,12.564497
-1.412311,51,12.585576
-1.342211,51,12.605145
-1.506953,51,12.625566
-1.680738,51,12.836802
-1.33208,51,12.857065
-1.559842,51,12.87665
-1.240861,51,12.895401
-1.735455,51,12.916125
-1.193194,51,12.936647
-1.46413,51,12.956865
-1.964082,51,12.976911
-1.393608,51,12.997259
-1.392295,51,13.017042
-1.467518,51,13.036702
-1.595713,51,13.056588
-1.456248,51,13.076236
-1.351065,51,13.095732
-1.437366,51,13.115108
-1.545494,51,13.134114
-1.26966,51,13.15351
-1.39807,52,13.173315
-1.637723,51,13.192687
-1.502005,51,13.212135
-1.226327,51,13.231488
-1.404328,52,13.25127
-1.555714,51,13.270632
-1.504714,51,13.289976
-1.228092,51,13.309356
-1.27013,51,13.328824
-1.401828,52,13.348454
-1.574648,51,13.367919
-1.477498,51,13.388253
-2.196856,51,13.40832
-1.775852,51,13.428618
-1.20892,51,13.448349
-1.296803,51,13.468575
-1.74355,51,13.488208
-1.319177,51,13.507953
-1.665195,51,13.528114
-1.64999,51,13.548169
-1.26012,52,13.5686
-1.407365,52,13.588387
-1.284377,51,13.608219
-1.780849,51,13.818504
-1.693221,51,13.838122
-1.692672,51,13.857644
-1.665583,51,13.877079
-2.041079,51,13.896562
-1.245026,52,13.91648
-1.80052,51,13.935985
-1.760702,51,13.955445
-1.363691,51,13.974761
-1.762665,51,13.994182
-1.633175,51,14.013505
-1.334407,51,14.032852
-2.204049,52,14.052216
-1.526396,52,14.072034
-1.796407,51,14.091461
-1.482588,51,14.112261
-1.387223,51,14.131993
-1.623692,51,14.151094
-1.311438,51,14.170167
-1.536267,52,14.190135
-1.304188,51,14.20962
-1.196257,51,14.229916
-1.468661,51,14.249661
-1.729034,51,14.269443
-1.691118,51,14.289175
-1.858657,51,14.308748
-1.566836,52,14.328905
-1.348313,51,14.348383
-1.255101,52,14.368297
-1.521747,52,14.388394
-1.784559,52,14.408289
-1.391437,51,14.427774
-1.441172,51,14.447364
-1.306302,51,14.468694
-1.871541,51,14.488654
-1.495861,51,14.508375
-1.943331,51,14.527735
-1.501677,51,14.547081
-1.417216,51,14.566429
-1.367252,51,14.585768
-1.823729,51,14.792398
-1.212338,51,14.812034
-1.347866,51,14.832196
-1.41118,51,14.851855
-1.426233,51,14.873028
-1.290027,52,14.892243
-1.860529,51,14.910943
-1.533448,51,14.929505
-1.668581,51,14.948943
-1.322348,52,14.968738
-1.407128,51,14.988087
-1.744712,51,15.00725
-1.307162,51,15.026451
-1.503592,51,15.046033
-1.398615,51,15.06496
-1.475076,51,15.083984
-1.282081,51,15.102802
-1.559017,51,15.12192
-1.369839,51,15.141347
-1.377309,51,15.160958
-1.487116,51,15.179855
-1.347673,52,15.198353
-1.372266,51,15.217335
-1.580764,51,15.237249
-1.148574,51,15.25615
-1.74195,52,15.276489
-1.600488,51,15.295304
-1.318772,51,15.314415
-1.58563,51,15.333048
-1.362232,51,15.352756
-1.434348,51,15.373014
-1.480667,51,15.393452
-1.421495,51,15.413103
-1.509484,51,15.432899
-1.234171,52,15.452931
-1.633163,51,15.472449
-1.554698,51,15.492103
-1.460932,51,15.511545
-1.286454,51,15.532112
-1.294138,51,15.55033
-1.629565,51,15.749046
-1.157537,51,15.767466
-1.36084,51,15.786943
-1.276601,51,15.805696
-1.435677,51,15.824021
-1.506125,51,15.843431
-1.490724,51,15.862009
-1.46368,51,15.881496
-1.436567,51,15.8997
-1.863696,51,15.917523
-1.521799,51,15.935415
-1.30229,51,15.953973
-1.362757,51,15.97253
-1.225668,51,15.990383
-1.499911,51,16.008189
-1.552986,52,16.027265
-1.264028,51,16.045959
-1.13902,51,16.065853
-1.291048,51,16.083927
-1.14182,52,16.102987
-1.461286,51,16.121491
-1.337873,52,16.140518
-1.395074,51,16.158952
-1.490247,51,16.177679
-1.495162,51,16.196313
-1.422328,51,16.215404
-1.451948,51,16.234258
-1.372612,51,16.253789
-1.881459,51,16.273762
-1.332113,51,16.294744
-1.596263,51,16.313524
-1.182214,51,16.33279
-1.347298,51,16.351572
-1.319037,51,16.370841
-1.274633,51,16.390143
-1.267538,51,16.409855
-1.538956,51,16.429151
-1.525155,51,16.448663
-1.603043,51,16.468121
-1.600934,51,16.487113
-1.32181,51,16.690485
-1.283737,51,16.709755
-1.332922,51,16.729599
-1.613184,51,16.748764
-1.884511,51,16.768032
-1.978295,52,16.78749
-1.140408,51,16.80618
-1.333858,51,16.82462
-1.458625,51,16.843129
-1.383253,51,16.861612
-1.342017,51,16.880628
-1.569977,51,16.899685
-1.665956,51,16.918207
-1.355541,51,16.937778
-1.506067,52,16.95719
-1.245274,51,16.976104
-1.320544,52,16.995431
-1.331958,51,17.014898
-1.200568,51,17.033428
-1.549374,51,17.05191
-1.345718,51,17.070405
-1.324832,51,17.088832
-1.397744,51,17.107577
-1.154049,51,17.127394
-1.311699,52,17.146628
-1.164637,51,17.16491
-1.398122,51,17.183862
-1.44075,51,17.202734
-1.379821,51,17.221628
-1.499902,51,17.240714
-1.491079,51,17.259859
-1.445931,51,17.279431
-1.554159,51,17.29899
-1.211369,51,17.318408
-1.524638,51,17.338383
-1.624319,51,17.358088
-1.414604,51,17.377396
-1.416013,51,17.396512
-1.203039,51,17.415272
-1.659811,51,17.434218
-1.429449,51,17.634533
-1.575758,51,17.653535
-1.592373,51,17.672175
-1.641218,51,17.690445
-1.277001,51,17.70945
-1.212672,51,17.728617
-1.190409,51,17.747207
-1.513678,52,17.766328
-1.469065,51,17.784959
-1.314066,51,17.804046
-1.183292,51,17.822875
-1.600809,51,17.841484
-1.285433,51,17.860495
-1.160773,52,17.879881
-1.224764,51,17.898791
-1.670053,51,17.917627
-1.29504,51,17.936319
-1.534655,51,17.955247
-1.431737,51,17.974157
-1.518216,51,17.992389
-1.387678,51,18.010569
-1.326748,51,18.029473
-1.471251,51,18.048399
-1.333088,51,18.066816
-1.403917,51,18.086138
-1.418374,51,18.105618
-1.427925,51,18.124568
-1.396678,51,18.144057
-1.347807,51,18.163283
-1.494775,51,18.183459
-1.415809,51,18.20239
-1.441177,51,18.221629
-1.250091,52,18.240986
-1.412973,51,18.259929
-1.289858,51,18.279593
-1.434257,52,18.29937
-1.68447,51,18.317693
-1.373597,51,18.336507
-1.291414,51,18.355262
-1.39553,51,18.373943
-1.460947,51,18.573681
-1.271083,51,18.59366
-1.282091,51,18.613165
-1.243843,51,18.632882
-1.205339,52,18.65212
-1.155513,51,18.671127
-1.288653,51,18.689726
-1.351626,52,18.709045
-1.229522,51,18.729265
-1.301269,51,18.747612
-1.45307,51,18.766013
-1.24302,51,18.784979
-1.289548,51,18.803718
-1.200649,51,18.821749
-1.425838,51,18.840273
-1.608844,51,18.859285
-1.912024,51,18.878053
-1.770698,51,18.896639
-1.374379,51,18.915246
-1.4285,51,18.933828
-1.54531,51,18.953116
-1.321115,51,18.971938
-1.378299,51,18.990515
-1.330757,52,19.009871
-1.433007,51,19.028931
-1.501178,51,19.048022
-1.451863,52,19.067382
-1.295386,51,19.086552
-1.446226,52,19.106747
-1.652098,51,19.126052
-1.226172,51,19.145563
-1.350613,51,19.165451
-1.605332,51,19.184441
-1.512142,51,19.2039
-1.331926,51,19.224277
-1.306671,51,19.243783
-1.68535,51,19.26461
-1.598656,51,19.284091
-1.372868,51,19.302665
-1.400979,51,19.321487
-1.383089,51,19.519538
-1.196937,51,19.539262
-1.145771,51,19.558297
-1.696744,52,19.578085
-1.233884,51,19.597115
-1.272233,51,19.615892
-1.452378,51,19.635886
-1.449495,51,19.655212
-1.351578,51,19.674389
-1.241203,51,19.693943
-1.277286,51,19.713355
-1.556274,51,19.732711
-1.841793,51,19.751773
-1.432903,51,19.77127
-1.207537,51,19.790807
-1.390204,51,19.810002
-1.527928,51,19.828115
-1.342538,51,19.846138
-1.431403,51,19.864426
-1.270565,51,19.883756
-1.217575,51,19.902827
-1.267936,51,19.921928
-1.592593,51,19.940941
-1.317337,51,19.95971
-1.259259,51,19.978865
-1.495076,51,19.998415
-1.338914,52,20.017963
-1.513302,52,20.037443
-1.412656,51,20.056698
-1.359263,51,20.07578
-1.66388,51,20.09473
-1.625316,52,20.114961
-1.541601,51,20.133146
-1.293291,51,20.151752
-1.411439,51,20.170542
-1.467048,51,20.189319
-1.925731,51,20.208334
-1.260362,51,20.226835
-1.577457,52,20.246883
-1.371325,52,20.26587
-1.465309,51,20.461789
-1.374801,51,20.480332
-1.214833,51,20.498955
-1.311607,51,20.517477
-1.480491,51,20.535952
-1.305978,52,20.554591
-1.426633,51,20.573255
-1.537938,51,20.591872
-1.523179,52,20.610763
-1.370624,51,20.629274
-1.510067,51,20.648048
-1.058913,51,20.667082
-1.283781,51,20.685702
-1.174355,52,20.704941
-1.470526,51,20.723436
-1.565206,51,20.741532
-1.370088,51,20.761266
-1.169028,51,20.780115
-1.507398,51,20.799235
-1.264385,51,20.818288
-1.131505,51,20.837191
-1.163983,51,20.857168
-1.414703,52,20.876191
-1.399566,51,20.894184
-1.353288,51,20.912686
-1.224975,51,20.932058
-1.753126,51,20.950723
-1.413639,51,20.970312
-1.378019,51,20.988331
-1.423175,51,21.00665
-1.725743,52,21.025451
-1.259781,51,21.044706
-1.354678,51,21.063439
-1.394164,51,21.08241
-1.283989,52,21.101292
-1.351796,51,21.120283
-1.350204,51,21.139711
-1.420965,51,21.160546
-1.719009,51,21.179494
-1.58053,51,21.199225
-1.368881,52,21.397311
-1.414923,51,21.416195
-1.351055,51,21.435026
-1.121683,51,21.454026
-1.532371,51,21.47325
-1.336431,51,21.492694
-1.151107,51,21.51108
-1.48952,51,21.530216
-1.270605,51,21.549336
-1.289766,52,21.568829
-1.358355,51,21.587747
-1.49391,51,21.606598
-1.359759,51,21.625638
-1.334673,52,21.645127
-1.444513,51,21.664185
-1.139411,51,21.683256
-1.273902,51,21.701818
-1.667745,51,21.719939
-1.394157,51,21.738839
-1.448671,51,21.757655
-1.074866,51,21.77666
-1.452829,51,21.795121
-1.538806,51,21.814174
-1.311637,51,21.833195
-1.503766,51,21.852053
-1.143926,51,21.870846
-1.26194,51,21.889389
-1.297619,51,21.910259
-1.40028,51,21.929061
-1.398852,51,21.948211
-1.209293,51,21.967213
-1.510111,51,21.98616
-1.215356,51,22.005174
-1.304388,51,22.024394
-1.391099,52,22.044135
-1.453504,51,22.062914
-1.473572,51,22.081773
-1.872793,51,22.100547
-0.995618,51,22.119728
-1.229177,51,22.13782
-1.494975,51,22.155686
-1.50604,51,22.350642
-1.239606,52,22.370729
-1.192041,51,22.39027
-1.299255,51,22.409338
-1.191952,52,22.428573
-1.241816,51,22.44859
-1.341946,51,22.468376
-1.309215,52,22.488128
-1.498251,51,22.507437
-1.187041,51,22.527281
-1.287056,51,22.547342
-1.149109,52,22.567622
-1.381329,52,22.587768
-1.557671,52,22.610937
-1.222363,51,22.630666
-1.272297,51,22.650108
-1.233109,51,22.668341
-1.335642,51,22.687486
-1.220494,51,22.706433
-1.45462,51,22.725651
-1.268581,51,22.744123
-1.513378,51,22.763684
-1.179238,52,22.782789
-1.103457,51,22.801475
-1.198027,51,22.820536
-1.256517,51,22.839129
-1.46286,51,22.857942
-1.747379,51,22.876717
-1.287675,51,22.895257
-1.238605,51,22.914509
-1.520692,52,22.933753
-1.514473,51,22.953566
-1.292342,51,22.97263
-1.813001,51,22.993032
-1.226041,51,23.01172
-1.327339,51,23.031095
-1.247914,51,23.050465
-1.243508,51,23.069195
-1.392673,52,23.088434
-1.165095,52,23.107664
-1.227317,52,23.304505
-1.323624,51,23.324119
-1.172868,51,23.343038
-1.59276,51,23.362035
-1.296089,52,23.381088
-1.404135,51,23.400268
-1.27357,51,23.4187
-1.300356,51,23.437008
-1.209742,51,23.455779
-1.272389,51,23.474189
-1.444743,51,23.492975
-1.411541,52,23.511776
-1.331911,52,23.531848
-1.311052,51,23.551225
-1.376476,52,23.57078
-1.267874,51,23.589508
-1.238443,51,23.608612
-1.308871,51,23.627222
-1.154027,51,23.645779
-1.373817,51,23.664104
-1.245833,51,23.682845
-1.396656,51,23.701164
-1.380727,51,23.719814
-1.228733,51,23.738017
-1.435246,51,23.756621
-1.269781,51,23.775366
-1.334431,52,23.794857
-1.226249,52,23.814425
-1.39669,52,23.832765
-1.38389,51,23.851517
-1.64496,51,23.87042
-1.585543,51,23.88942
-1.422306,51,23.90859
-1.121751,51,23.932273
-1.170773,51,23.9546
-1.325285,51,23.974898
-1.09958,51,23.993364
-1.209914,51,24.012151
-1.493574,51,24.030153
-1.298597,51,24.050293
-1.592803,51,24.242165
-1.187926,51,24.26033
-1.21341,51,24.278883
-1.358203,51,24.297757
-1.263938,51,24.316698
-1.414953,52,24.33586
-1.154377,51,24.354577
-1.348229,51,24.373929
-1.315006,51,24.393106
-1.383642,52,24.412392
-1.331291,51,24.432373
-1.236973,51,24.45092
-1.599918,51,24.468915
-1.288087,52,24.487698
-1.265307,51,24.506053
-1.495834,51,24.524353
-1.21451,51,24.543229
-1.424405,51,24.562143
-1.230245,51,24.580895
-1.251963,51,24.599837
-1.235292,51,24.617789
-1.194227,51,24.636112
-1.12082,52,24.65446
-1.31687,51,24.672791
-1.402425,52,24.691498
-1.245568,51,24.709714
-1.365241,51,24.728393
-1.365224,51,24.7469
-1.380622,52,24.765716
-1.257237,51,24.784916
-1.576985,51,24.803605
-1.254771,51,24.822326
-1.314472,52,24.84147
-1.1602,52,24.859939
-1.464353,51,24.877998
-1.545066,51,24.896019
-1.318441,51,24.91441
-1.392919,51,24.932944
-1.234264,51,24.95125
-1.339501,51,24.969839
-1.231761,52,25.168235
-1.543318,51,25.187931
-1.219372,52,25.207273
-1.218409,51,25.225536
-1.188507,52,25.24398
-1.394213,51,25.26202
-1.396751,51,25.280415
-1.310943,51,25.298357
-1.146853,51,25.316712
-1.319114,51,25.334534
-1.244148,51,25.352996
-1.321484,51,25.371465
-1.214647,51,25.390205
-1.399386,51,25.408515
-1.417133,51,25.427162
-1.411396,51,25.445929
-1.287224,51,25.464197
-1.297364,51,25.484063
-1.284659,51,25.50278
-1.304933,51,25.521466
-1.299629,51,25.539712
-1.24557,51,25.558664
-1.189779,51,25.577661
-1.280927,51,25.595986
-1.286535,51,25.614396
-1.130468,51,25.633024
-1.386001,51,25.653507
-1.191231,51,25.672584
-1.165823,51,25.69075
-1.294182,51,25.709809
-1.307125,51,25.728533
-1.256193,51,25.747352
-1.453818,51,25.766135
-1.467215,51,25.785236
-1.296494,51,25.804112
-1.711333,51,25.822893
-1.433594,51,25.84217
-1.471983,51,25.861681
-1.452684,51,25.882796
-1.250733,51,25.901945
-1.44662,51,26.096417
-1.494267,51,26.115337
-1.191813,51,26.135308
-1.299521,52,26.153827
-1.176092,52,26.172294
-1.370411,51,26.190821
-1.33035,52,26.209488
-1.178107,51,26.227621
-1.125912,51,26.245731
-1.231492,51,26.264149
-1.335279,51,26.290789
-1.185463,51,26.308974
-1.220448,51,26.327695
-1.305304,51,26.345736
-1.380074,52,26.365482
-1.20067,51,26.384727
-1.142571,51,26.40402
-1.221274,51,26.423367
-1.17223,51,26.441653
-1.15693,51,26.460918
-1.295477,51,26.480679
-1.293911,52,26.499388
-1.244608,51,26.517764
-1.277079,51,26.537085
-1.494268,51,26.555776
-1.24738,51,26.574938
-1.37235,51,26.594512
-1.191625,52,26.615545
-1.480892,51,26.635367
-1.539573,51,26.655073
-1.320908,51,26.674769
-1.163408,51,26.693875
-1.33188,51,26.714412
-1.12878,51,26.734693
-1.164047,52,26.754574
-1.102079,51,26.773959
-1.331391,51,26.792982
-1.479677,52,26.811456
-1.020344,51,26.829899
-1.9793,51,26.848518
-1.19478,52,27.048504
-1.27354,51,27.067586
-1.065717,51,27.086259
-1.263784,52,27.105371
-1.197403,51,27.124513
-1.321164,52,27.144039
-1.403868,51,27.163162
-1.374659,51,27.181492
-1.404921,51,27.200538
-1.126674,51,27.219074
-1.761975,52,27.238275
-1.338626,51,27.258402
-1.242833,51,27.277551
-1.328579,51,27.295758
-1.354717,51,27.31489
-1.142542,51,27.33371
-1.167185,52,27.357032
-1.122111,52,27.379481
-1.380667,51,27.397937
-1.150233,51,27.416809
-1.348976,51,27.435843
-1.241802,51,27.455008
-1.217553,51,27.473766
-1.217066,51,27.493148
-1.203576,51,27.512126
-1.200618,51,27.531069
-1.185394,52,27.557542
-1.393183,51,27.576752
-1.889814,51,27.595389
-1.344776,51,27.615162
-1.210067,51,27.63454
-1.142378,51,27.653951
-1.223758,51,27.673737
-1.204529,51,27.693495
-1.322183,51,27.713048
-1.170251,51,27.732173
-1.302255,51,27.754006
-1.62744,51,27.776669
-1.300751,51,27.796792
-1.245172,51,27.81575
-1.459901,51,28.010284
-1.142699,51,28.028636
-1.228344,51,28.04755
-1.132935,51,28.066048
-1.183482,51,28.084608
-1.326845,51,28.103601
-1.184845,51,28.122033
-1.33068,51,28.141033
-1.357462,52,28.160442
-1.310671,51,28.17864
-1.33086,51,28.197482
-1.209183,51,28.216432
-1.288673,52,28.235304
-1.110852,51,28.254088
-1.227253,51,28.272825
-1.058063,51,28.291569
-1.614225,51,28.311174
-1.350246,51,28.329914
-1.123675,51,28.348321
-1.478363,52,28.367498
-1.264767,51,28.38571
-1.333099,51,28.404181
-1.142666,51,28.422657
-1.225575,51,28.441211
-1.276575,51,28.459855
-1.254825,51,28.478799
-1.217499,51,28.496853
-1.128564,52,28.515764
-1.290043,51,28.534541
-1.340825,52,28.555415
-1.130903,51,28.573581
-1.243768,51,28.591714
-1.273023,51,28.610443
-1.228318,51,28.62913
-1.200939,51,28.647298
-1.219312,51,28.667487
-1.300714,51,28.686498
-1.304037,51,28.705104
-1.128806,51,28.723722
-1.298752,52,28.742817
-1.316123,52,28.941958
-1.172082,52,28.960797
-1.293873,51,28.979346
-1.428363,51,28.998085
-1.124373,51,29.017315
-1.205804,51,29.036347
-1.43915,51,29.056713
-1.405905,51,29.076045
-1.169246,51,29.09485
-1.258868,52,29.115574
-1.116962,51,29.133625
-1.132752,51,29.151668
-1.145946,51,29.170281
-1.208421,51,29.189647
-1.440864,51,29.207728
-1.453497,51,29.225716
-1.236444,51,29.244026
-1.162946,51,29.262729
-1.353191,52,29.281954
-1.432777,52,29.30126
-1.552392,51,29.320225
-1.154283,51,29.33883
-1.3807,51,29.357685
-1.393698,51,29.377156
-1.324823,51,29.398438
-1.207124,51,29.418024
-1.465024,51,29.437486
-1.248956,51,29.456026
-1.360986,51,29.474218
-1.091764,51,29.492414
-1.321127,52,29.511585
-1.212106,52,29.530764
-1.279809,51,29.549569
-1.263194,51,29.568796
-1.185783,51,29.587448
-1.484631,51,29.605797
-1.27642,51,29.625442
-1.209572,51,29.644445
-1.193806,51,29.663349
-1.261294,51,29.681727
-1.226816,51,29.876019
-1.408289,51,29.894389
-1.287706,51,29.912346
-1.197669,51,29.932432
-1.11705,52,29.951462
-1.323108,51,29.970244
-1.116999,51,29.988865
-1.438751,51,30.007375
-1.258899,51,30.026072
-1.171734,51,30.044379
-1.399203,52,30.063686
-1.331961,51,30.082723
-1.313079,51,30.101266
-1.251977,52,30.120317
-1.34116,51,30.139443
-1.221759,51,30.157915
-1.130685,51,30.177195
-1.114921,51,30.195123
-1.456033,51,30.213625
-1.39522,52,30.23287
-1.305533,51,30.252057
-1.349635,51,30.270964
-1.145481,52,30.289882
-1.368564,51,30.30887
-1.259282,52,30.328158
-1.154041,51,30.346598
-1.329591,51,30.365668
-1.277085,51,30.384694
-1.220066,52,30.403519
-1.101656,51,30.422851
-1.108626,52,30.442241
-1.19517,51,30.461972
-1.217295,51,30.479994
-1.166509,51,30.49823
-1.326229,51,30.516816
-1.27067,51,30.535344
-1.223766,52,30.554677
-1.20654,51,30.573844
-1.250829,51,30.592479
-1.408865,51,30.611535
-1.222367,51,30.808419
-1.092725,51,30.827343
-1.23305,51,30.846462
-1.367914,51,30.86512
-1.22102,52,30.884619
-1.182534,52,30.903849
-1.166553,51,30.922487
-1.1799,51,30.94104
-1.09906,51,30.959093
-1.207499,51,30.976983
-1.194195,51,30.995573
-1.226875,52,31.014598
-1.258712,51,31.033408
-1.321239,51,31.051857
-1.147606,51,31.070986
-1.228395,51,31.089279
-1.159144,51,31.108007
-1.424847,51,31.126679
-1.187053,51,31.14497
-1.100882,51,31.16349
-1.21725,51,31.182545
-1.259281,51,31.201787
-1.232204,51,31.221339
-1.264989,51,31.240368
-1.099455,51,31.259023
-1.346319,51,31.277901
-1.265052,51,31.296619
-1.232585,51,31.314925
-1.08691,51,31.334163
-1.243204,51,31.353313
-1.111008,51,31.372482
-1.273691,52,31.392009
-1.286004,51,31.411349
-1.17247,51,31.430553
-1.110775,51,31.449848
-1.247221,51,31.468838
-1.148442,52,31.48833
-1.160738,51,31.509071
-1.207854,51,31.528244
-1.293848,51,31.546374
-1.163103,51,31.741556
-1.751778,51,31.760482
-1.05781,51,31.779224
-1.237136,51,31.798458
-1.138021,51,31.816975
-1.269645,51,31.83624
-1.236393,51,31.854983
-1.242642,51,31.874156
-1.184188,51,31.893082
-1.244398,51,31.911592
-1.323789,51,31.930283
-1.185166,52,31.949368
-1.124638,51,31.967823
-1.448061,52,31.988239
-1.088604,51,32.006731
-1.262813,51,32.025127
-1.262708,51,32.043266
-1.475126,51,32.062219
-1.295156,51,32.080664
-1.235052,52,32.099379
-1.208136,51,32.118102
-1.195202,51,32.1372
-1.326696,51,32.155877
-1.433374,51,32.174386
-1.234206,52,32.193809
-1.352022,51,32.212612
-1.334297,51,32.231262
-1.233828,51,32.250241
-1.180092,51,32.268764
-1.158375,52,32.287472
-1.181975,51,32.306614
-1.278044,51,32.325369
-1.110073,51,32.344131
-1.21236,51,32.363312
-1.132718,51,32.382143
-1.12309,51,32.400191
-1.306805,51,32.41865
-1.172748,51,32.437087
-1.235458,51,32.455432
-1.230257,52,32.474041
-1.10991,51,32.669894
-1.332945,51,32.688618
-1.13557,52,32.707588
-1.167827,51,32.725891
-1.525998,51,32.744524
-1.175574,52,32.763301
-1.166509,51,32.782023
-1.191692,51,32.800247
-1.209649,51,32.818158
-1.353399,51,32.836476
-1.445248,51,32.855121
-1.299269,51,32.873443
-1.116466,51,32.892221
-1.197217,52,32.911593
-1.206213,51,32.929692
-1.366633,51,32.948311
-1.171687,51,32.966578
-1.403805,51,32.985187
-1.158099,51,33.003828
-1.231097,52,33.022361
-1.090737,51,33.04008
-1.24285,51,33.057939
-1.28881,51,33.075812
-1.174701,52,33.094401
-1.254744,52,33.112791
-1.304865,51,33.131603
-1.302717,51,33.149791
-1.232387,51,33.167782
-1.120359,51,33.185553
-1.15974,51,33.203932
-1.522447,51,33.222583
-1.178669,51,33.241046
-1.181746,51,33.259779
-1.207246,51,33.278258
-1.104832,51,33.297087
-1.292145,51,33.315986
-1.085035,51,33.334779
-1.306977,51,33.353636
-1.22426,52,33.372796
-1.162574,51,33.391463
-1.326025,51,33.584597
-1.162251,51,33.603352
-1.160146,51,33.621916
-1.087288,51,33.640256
-1.272737,51,33.659322
-1.112295,51,33.677664
-1.056967,51,33.696091
-1.112683,51,33.714315
-1.275415,51,33.732401
-1.228707,52,33.751361
-1.339179,51,33.769569
-1.483837,51,33.787945
-1.126404,51,33.807298
-1.183077,51,33.825358
-1.1309,51,33.84372
-1.334463,51,33.86153
-1.131796,51,33.879655
-1.375146,51,33.900355
-1.303656,52,33.920886
-1.32012,51,33.939225
-1.360995,51,33.957766
-1.259172,51,33.976573
-1.129707,51,33.994684
-1.16093,51,34.013511
-1.196881,51,34.031938
-1.272627,51,34.05035
-1.209016,52,34.069427
-1.279189,51,34.088065
-1.054917,51,34.106493
-1.130405,51,34.125045
-1.387753,51,34.143581
-1.269465,51,34.162652
-1.16234,51,34.183189
-1.351059,51,34.201628
-1.17299,51,34.220172
-1.249925,51,34.238279
-1.249975,52,34.25742
-1.109755,52,34.276713
-1.383835,51,34.295193
-1.226549,52,34.313513
-1.275334,51,34.507294
-1.139863,51,34.525774
-1.188358,51,34.544292
-1.23148,51,34.562653
-1.341402,51,34.581417
-1.263987,51,34.599658
-1.155143,52,34.618036
-1.213203,51,34.635855
-1.221421,51,34.653996
-1.178456,52,34.673032
-1.315951,51,34.691624
-1.186439,51,34.711013
-1.216989,51,34.729472
-1.293593,52,34.747832
-1.103307,51,34.76574
-1.203382,51,34.784077
-1.23976,51,34.802414
-1.360234,51,34.820738
-1.236816,51,34.83899
-1.179779,51,34.857408
-1.270298,52,34.87635
-1.112279,51,34.894905
-1.119508,51,34.912944
-1.180211,51,34.931061
-1.201624,51,34.949311
-1.298879,51,34.967904
-1.15021,51,34.986144
-1.223428,51,35.004788
-1.231048,52,35.023501
-1.292698,51,35.042713
-1.19118,51,35.062396
-1.083771,51,35.081127
-1.414808,51,35.099299
-1.20594,51,35.117859
-1.114804,52,35.136802
-1.274565,51,35.155547
-1.121561,51,35.173919
-1.289566,51,35.192527
-1.076197,51,35.211001
-1.419699,51,35.229369
-1.12673,51,35.424597
-1.080376,51,35.44325
-1.205237,51,35.462137
-1.210497,51,35.480757
-1.190813,51,35.499881
-1.286676,51,35.519654
-1.153853,51,35.537392
-1.205705,52,35.555692
-1.193029,51,35.573604
-1.229955,51,35.591464
-1.293114,51,35.609348
-1.097236,51,35.627614
-1.214025,52,35.646182
-1.214593,51,35.664313
-1.138491,51,35.683527
-1.099555,51,35.701478
-1.189655,51,35.720286
-1.306933,51,35.738582
-1.296397,51,35.756468
-1.09697,51,35.774647
-1.227116,51,35.793291
-1.17507,51,35.811784
-1.298871,51,35.830431
-1.338856,51,35.849133
-1.188276,52,35.868192
-1.225306,51,35.886976
-1.206835,51,35.905942
-1.171685,51,35.924476
-1.108202,51,35.943012
-1.295105,51,35.961901
-1.149981,51,35.980928
-1.320555,51,35.998992
-1.286098,51,36.017603
-1.281661,51,36.036099
-1.143777,51,36.054532
-1.056479,51,36.073573
-1.370194,51,36.092242
-1.041904,52,36.11133
-1.17885,51,36.129268
-1.197284,51,36.148374
-1.206013,51,36.34134
-1.3755,51,36.359889
-1.218004,51,36.377971
-1.325281,51,36.395934
-1.154946,51,36.414189
-1.296135,51,36.433002
-1.266832,51,36.452372
-1.136267,51,36.471349
-1.380022,51,36.489977
-1.14471,51,36.508826
-1.214628,51,36.527096
-1.21803,51,36.546102
-1.104865,51,36.56467
-1.172214,51,36.583441
-1.132039,51,36.601891
-1.213507,52,36.620811
-1.121404,51,36.63977
-1.433539,51,36.658486
-1.157305,51,36.677037
-1.309585,51,36.69553
-1.182118,51,36.714001
-1.132296,51,36.732584
-1.292218,51,36.751078
-1.126557,51,36.76977
-1.08832,52,36.78854
-1.121838,51,36.806377
-1.44229,51,36.824152
-1.246622,51,36.844019
-1.188925,51,36.862387
-1.116721,51,36.88075
-1.234513,51,36.898949
-1.186659,51,36.917864
-1.17642,51,36.936704
-1.188086,52,36.955508
-1.360699,51,36.97433
-1.217699,51,36.993504
-1.215313,52,37.012018
-1.228971,52,37.0309
-1.354743,51,37.049503
-1.150782,51,37.067874
-1.149935,51,37.262649
-1.292885,51,37.281811
-1.148454,51,37.301207
-1.235272,51,37.319229
-1.13712,51,37.337533
-1.147769,51,37.356693
-1.246615,51,37.375352
-1.101557,51,37.394744
-1.159576,52,37.412992
-1.232978,51,37.43076
-1.129285,51,37.448663
-1.267017,51,37.466923
-1.379095,51,37.485155
-1.300376,51,37.503813
-1.080712,51,37.52212
-1.119974,51,37.540661
-1.121244,51,37.558926
-1.271585,51,37.577248
-1.440226,51,37.596183
-1.179889,51,37.614415
-1.3318,51,37.633123
-1.089784,51,37.651788
-1.253507,51,37.6704
-1.365014,51,37.688667
-1.189729,51,37.706955
-1.282339,51,37.725532
-1.208361,51,37.743632
-1.196009,52,37.762076
-1.283374,51,37.781114
-1.27711,52,37.799654
-1.312369,51,37.818692
-1.367334,51,37.836666
-1.13448,51,37.854687
-1.190023,51,37.872762
-1.325794,51,37.891102
-1.20758,52,37.90987
-1.138438,51,37.9297
-1.121167,51,37.947528
-1.112475,51,37.966114
-1.305709,52,37.984533
-1.348262,51,38.174839
-1.095684,51,38.193366
-1.302932,51,38.212228
-1.041428,51,38.230601
-1.141789,51,38.249427
-1.108123,51,38.267355
-1.059837,51,38.285226
-1.250187,51,38.303507
-1.237421,51,38.32179
-1.19239,51,38.340099
-1.239786,51,38.358598
-1.228301,52,38.377594
-1.292842,51,38.396239
-1.184973,51,38.415332
-1.159648,51,38.433983
-1.269578,51,38.451928
-1.106287,51,38.470749
-1.230433,52,38.489634
-1.103935,51,38.508464
-1.136425,51,38.527261
-1.256495,52,38.546671
-1.258474,51,38.565319
-1.130799,51,38.583922
-1.210879,52,38.603278
-1.316337,51,38.622108
-1.265747,51,38.641133
-1.167827,51,38.660202
-1.183758,52,38.678965
-1.151472,51,38.697283
-1.160289,51,38.71581
-1.176862,51,38.734442
-1.281162,51,38.752719
-1.209685,52,38.77247
-1.128703,51,38.791
-1.138917,52,38.810361
-1.119897,51,38.829025
-1.279146,52,38.848761
-1.259025,51,38.86813
-1.193374,52,38.887106
-1.122036,51,38.905432
-1.296253,51,39.103447
-1.070758,51,39.122556
-1.184116,51,39.14108
-1.436983,51,39.159903
-1.112754,51,39.178099
-1.245322,51,39.196816
-1.101857,51,39.215512
-1.247114,51,39.234164
-1.35913,51,39.252823
-1.073601,51,39.271871
-1.193441,51,39.290657
-1.172427,51,39.308915
-1.256758,51,39.327477
-1.24349,51,39.345817
-1.189952,51,39.364912
-1.153175,51,39.383358
-1.192258,51,39.402393
-1.162601,51,39.42185
-1.053002,51,39.440008
-1.294078,51,39.459119
-1.602596,51,39.477115
-1.176455,51,39.494962
-1.301339,52,39.515047
-1.228894,51,39.533122
-1.187927,51,39.551431
-1.080217,52,39.570408
-1.089624,51,39.589512
-1.109983,51,39.608046
-1.129206,51,39.626578
-1.260736,51,39.64547
-1.242983,52,39.666175
-1.252248,51,39.684986
-1.192386,51,39.70368
-1.170463,52,39.722672
-1.099228,51,39.741759
-1.121703,51,39.760648
-1.085898,52,39.780259
-1.211183,51,39.799009
-1.204002,51,39.81819
-1.118946,51,39.837176
-1.204598,51,40.038765
-1.239192,51,40.059252
-1.140026,51,40.078966
-1.166028,52,40.098263
-1.103999,51,40.116198
-1.226212,51,40.134038
-1.206189,51,40.152747
-1.219191,51,40.170523
-1.193712,51,40.188565
-1.334967,51,40.207473
-1.222546,51,40.22614
-1.271521,51,40.244607
-1.145757,52,40.262896
-1.424189,51,40.281577
-1.189878,51,40.300155
-1.150345,51,40.318854
-1.243413,51,40.337491
-1.144071,51,40.356105
-1.20578,51,40.374659
-1.38005,51,40.393226
-1.081893,51,40.411391
-1.237952,51,40.42996
-1.180145,51,40.448136
-1.21719,52,40.467171
-1.085732,51,40.485887
-1.073687,51,40.504536
-1.137892,51,40.523174
-1.158868,51,40.541862
-1.192311,51,40.56039
-1.213062,51,40.579337
-1.238231,51,40.59922
-1.237924,51,40.618585
-1.175522,51,40.638304
-1.217156,52,40.657944
-1.166699,51,40.677747
-1.10552,51,40.696732
-1.255836,51,40.717203
-1.355895,52,40.736768
-1.21214,51,40.756144
-1.102891,51,40.775394
-1.294248,51,40.969369
-1.074673,51,40.988208
-1.340643,51,41.006867
-1.025298,51,41.025973
-1.238323,51,41.04506
-1.312304,51,41.064321
-1.128204,52,41.083655
-1.393053,51,41.10273
-1.317616,51,41.122437
-1.235635,51,41.140957
-1.212006,51,41.160013
-1.252821,52,41.178975
-1.132067,51,41.198503
-1.081267,51,41.217915
-1.240969,51,41.236802
-1.225394,51,41.256185
-1.12278,51,41.275523
-1.144697,51,41.294791
-1.163702,51,41.314178
-1.342047,51,41.333583
-1.142281,52,41.353344
-1.212773,51,41.372709
-1.181521,51,41.391554
-1.131389,52,41.411131
-1.267403,51,41.430114
-1.146887,51,41.449456
-1.485251,51,41.468398
-1.065733,51,41.487692
-1.18853,51,41.506917
-1.102496,51,41.52623
-1.17534,51,41.545557
-1.302075,51,41.564523
-1.220336,51,41.58316
-1.141404,51,41.601225
-1.315796,51,41.620112
-1.186046,51,41.638579
-1.083273,51,41.658434
-1.108245,51,41.677218
-1.39211,51,41.695699
-1.102703,51,41.714888
-1.121834,52,41.914177
-1.179576,51,41.933411
-1.129711,51,41.952549
-1.184093,51,41.970759
-1.303724,51,41.988672
-1.121732,51,42.00656
-1.221858,51,42.024436
-1.167435,51,42.042251
-1.237551,51,42.059992
-1.18705,51,42.078185
-1.192492,51,42.096377
-1.420122,51,42.114897
-1.132899,51,42.133285
-1.221147,51,42.151718
-1.30812,51,42.170411
-1.166356,51,42.190944
-1.145516,51,42.209517
-1.169784,51,42.228186
-1.308773,51,42.246836
-1.360158,52,42.265902
-1.277082,51,42.283998
-1.236442,51,42.302134
-1.277197,51,42.320692
-1.330691,51,42.338988
-1.138343,52,42.357653
-1.202288,51,42.376418
-1.220854,51,42.395572
-1.082817,51,42.414388
-1.25103,52,42.433417
-1.198006,51,42.452624
-1.16139,51,42.471623
-1.159026,51,42.489762
-1.214646,51,42.508935
-1.207814,51,42.528173
-1.127752,51,42.546937
-1.085636,51,42.565923
-1.152728,51,42.584969
-1.037529,51,42.604239
-1.193556,51,42.623468
-1.131805,51,42.642223
-1.37053,51,42.836372
-1.202075,52,42.855339
-1.168966,51,42.874323
-1.103272,52,42.893173
-1.23224,51,42.9115
-1.200461,51,42.929686
-1.237869,51,42.948362
-1.290677,51,42.966643
-1.189292,52,42.985649
-1.176217,51,43.003432
-1.09822,51,43.021562
-1.035628,51,43.039777
-1.135656,51,43.058278
-1.185692,52,43.077153
-1.155387,51,43.095765
-1.124504,51,43.114695
-1.253722,52,43.133822
-1.098563,51,43.152878
-1.222784,51,43.171456
-1.321239,51,43.190002
-1.057263,51,43.208526
-1.132221,51,43.226597
-1.278264,51,43.245187
-1.203773,51,43.263551
-1.138311,51,43.281968
-1.247955,51,43.300626
-1.265789,51,43.319177
-1.171093,51,43.337684
-1.112082,51,43.355825
-1.183889,51,43.373875
-1.116638,51,43.391859
-1.106761,51,43.411235
-1.134262,51,43.429682
-1.131099,52,43.44896
-1.211922,51,43.467743
-1.133906,51,43.486851
-1.277121,51,43.505573
-1.323057,51,43.524317
-1.114898,52,43.543835
-1.262684,51,43.56273
-1.200724,51,43.754981
-1.135455,52,43.775333
-1.595077,51,43.794137
-1.255709,51,43.812196
-1.161867,51,43.830172
-1.12158,51,43.848155
-1.059726,51,43.866034
-1.308239,51,43.88383
-1.338081,51,43.902089
-1.167899,52,43.920249
-1.295728,51,43.938677
-1.166434,51,43.957679
-1.233509,51,43.975874
-1.080608,51,43.994055
-1.230599,51,44.012334
-1.127165,52,44.031402
-1.345755,52,44.050335
-1.125205,51,44.068385
-1.244308,51,44.086876
-1.121375,51,44.105111
-1.243862,51,44.124435
-1.164094,52,44.143297
-1.152051,51,44.161708
-1.092596,51,44.180823
-1.084627,51,44.198943
-1.145428,51,44.217403
-1.163423,52,44.236525
-1.108473,52,44.256254
-1.047856,51,44.275687
-1.143465,51,44.294732
-1.257585,51,44.314801
-1.245579,51,44.332957
-1.156434,51,44.351595
-1.237647,51,44.370045
-1.145784,52,44.389088
-1.018977,51,44.407246
-1.145191,51,44.426494
-1.135298,52,44.445736
-1.197236,52,44.464669
-1.154787,52,44.483615
-1.168836,51,44.677707
-1.105348,51,44.697331
-1.003006,51,44.715957
-1.033695,51,44.735091
-1.176572,51,44.753856
-1.162515,52,44.772921
-1.066879,52,44.791943
-1.232778,51,44.810349
-1.247147,51,44.828716
-1.166755,51,44.848732
-1.228311,51,44.867989
-1.299711,51,44.886422
-1.190828,52,44.904725
-1.139306,51,44.922519
-1.161248,52,44.941193
-1.220099,51,44.959312
-1.232481,51,44.977484
-1.207193,51,44.996046
-1.274422,51,45.013944
-1.204243,51,45.032147
-1.180894,51,45.05041
-1.312156,51,45.06881
-1.010013,51,45.087098
-1.228207,52,45.105277
-1.358969,51,45.123468
-1.144876,51,45.141817
-1.099617,51,45.160359
-1.212167,51,45.178673
-1.053471,51,45.197481
-1.109326,51,45.216408
-1.166496,51,45.235473
-1.211496,51,45.254451
-1.141385,51,45.273496
-1.293521,51,45.291971
-1.174134,52,45.310312
-1.014776,51,45.328257
-1.173383,51,45.346175
-1.121548,51,45.36456
-1.117719,51,45.383873
-1.276184,51,45.402541
-1.158492,51,45.596054
-1.258711,51,45.61551
-1.165552,51,45.634392
-1.19196,51,45.655978
-1.171951,52,45.675534
-1.248173,51,45.694325
-1.170121,51,45.712411
-1.18198,51,45.730345
-1.142914,52,45.748967
-1.19653,51,45.766683
-1.10625,51,45.784397
-1.194483,51,45.80264
-1.056622,51,45.820474
-1.293957,51,45.838638
-1.1186,51,45.856843
-1.224052,51,45.875126
-1.196002,51,45.893444
-1.296366,51,45.911816
-1.364747,51,45.929617
-1.226614,51,45.947429
-1.13349,51,45.965178
-1.237473,51,45.984363
-1.186239,51,46.002503
-1.169468,51,46.02084
-1.138059,51,46.0394
-1.198066,51,46.058027
-1.163347,52,46.077059
-0.990216,52,46.095993
-1.296297,51,46.114981
-1.264232,51,46.133922
-1.151309,51,46.153393
-1.179384,51,46.172843
-1.180214,51,46.192019
-1.292728,51,46.210983
-1.194622,51,46.230249
-1.238459,51,46.249105
-1.211436,51,46.268172
-1.136558,51,46.28687
-1.168111,51,46.30619
-1.179029,51,46.325893
-1.376196,51,46.519159
-1.156794,51,46.538005
-1.212372,51,46.556004
-1.219242,51,46.574658
-1.138483,51,46.593138
-1.16292,51,46.611515
-1.342404,51,46.630662
-1.256711,51,46.648576
-1.265081,51,46.666941
-1.160124,51,46.685567
-1.331318,51,46.704009
-1.138216,51,46.722574
-1.124087,52,46.74151
-1.211291,51,46.760131
-1.166864,51,46.778204
-1.111861,51,46.796197
-1.126596,51,46.814998
-1.203269,52,46.834282
-1.109287,51,46.853165
-1.273931,51,46.871771
-1.154099,52,46.890772
-1.31594,52,46.909825
-1.112109,51,46.928522
-1.176854,51,46.947179
-1.103296,51,46.965015
-1.08764,52,46.983207
-1.111352,51,47.001181
-1.262022,52,47.019566
-1.180945,51,47.037945
-1.125611,51,47.05626
-1.369209,51,47.074225
-1.14403,51,47.092058
-1.140396,51,47.110093
-1.111909,51,47.12901
-1.137506,51,47.148099
-1.080848,51,47.16657
-1.303003,51,47.185932
-1.254906,51,47.205175
-1.23345,51,47.223788
-1.151841,51,47.242658
-1.318203,51,47.43144
-1.211839,51,47.450022
-1.208465,51,47.468494
-1.158499,52,47.487159
-1.131058,51,47.506798
-1.198475,51,47.526158
-1.219981,51,47.544296
-1.305839,52,47.562631
-1.161286,52,47.58166
-1.051096,51,47.60025
-1.139185,51,47.620012
-1.127727,51,47.639299
-1.200561,51,47.657284
-1.207743,51,47.675191
-1.151329,51,47.693288
-1.137925,51,47.711962
-1.206993,51,47.730509
-1.076731,51,47.749269
-1.159258,51,47.768073
-1.153828,51,47.78699
-1.11293,51,47.805637
-1.20695,51,47.824541
-1.138371,51,47.843616
-1.088068,51,47.862638
-1.188757,51,47.881692
-1.074136,51,47.900732
-1.098178,51,47.919654
-1.2773,51,47.938639
-1.210778,51,47.957618
-1.120713,51,47.976592
-1.097341,51,47.995075
-1.057778,51,48.014399
-1.106858,51,48.032691
-1.187935,51,48.051597
-1.293904,52,48.070357
-1.140764,51,48.088974
-1.039421,52,48.10835
-1.174627,51,48.127511
-1.103243,51,48.14681
-1.213456,51,48.165521
-1.153403,51,48.184466
-1.094752,51,48.375091
-1.195467,51,48.393424
-1.04832,51,48.412166
-1.073223,51,48.430963
-1.239507,52,48.449393
-1.276586,52,48.468093
-1.159654,51,48.485928
-1.222234,51,48.504261
-1.094804,51,48.522465
-1.284158,51,48.540305
-1.101162,51,48.558759
-1.140953,51,48.578122
-1.196451,52,48.597009
-1.114894,51,48.614863
-1.141135,51,48.633253
-1.269454,51,48.65132
-1.133736,51,48.669763
-1.110652,52,48.688583
-1.20329,51,48.706983
-1.195811,51,48.725556
-1.24553,51,48.743887
-1.164886,51,48.762664
-1.39293,51,48.781091
-1.203076,51,48.799968
-1.170863,51,48.818441
-1.154714,51,48.836872
-1.126167,51,48.855202
-1.322239,51,48.873656
-1.220214,51,48.892502
-1.02769,52,48.911691
-1.188139,51,48.930678
-1.12164,52,48.950183
-1.025776,51,48.969161
-1.323774,51,48.988219
-1.356809,51,49.006803
-1.386164,51,49.026305
-1.157206,51,49.045363
-1.294174,52,49.064056
-1.273625,51,49.082469
-1.244858,51,49.101182
-1.120494,51,49.297619
-1.213185,51,49.316135
-1.139995,51,49.33437
-1.114529,51,49.352897
-1.160093,51,49.37164
-1.148113,51,49.390345
-1.242384,51,49.409295
-1.194316,51,49.427416
-1.116152,51,49.446874
-1.224807,51,49.465581
-1.277007,52,49.484914
-1.127384,52,49.50437
-1.156554,52,49.523234
-1.06753,51,49.542219
-1.084918,51,49.561248
-1.243991,51,49.579927
-1.116911,51,49.598567
-1.089463,51,49.617771
-1.24509,51,49.636737
-1.132707,51,49.656767
-1.186373,51,49.675991
-1.313479,51,49.694565
-1.207238,51,49.713389
-1.241882,51,49.731771
-1.225927,51,49.750373
-1.123673,51,49.769506
-1.063029,51,49.78854
-1.152118,52,49.807508
-1.031186,51,49.826116
-1.18001,51,49.845028
-1.049219,51,49.863916
-1.258216,51,49.88292
-1.162284,51,49.901635
-1.084384,51,49.91981
-1.219413,51,49.938498
-1.135232,51,49.956759
-1.116432,51,49.975177
-1.153095,51,49.993272
-1.084238,52,50.012488
-1.101937,51,50.030454
-1.222898,51,50.223887
-1.116553,51,50.242352
-1.135788,51,50.260722
-1.162714,51,50.278847
-1.140519,51,50.296971
-1.18133,51,50.315297
-1.079253,51,50.333565
-1.135941,52,50.351784
-1.092997,51,50.370851
-1.081781,51,50.388975
-1.081798,51,50.407475
-1.045542,51,50.425614
-1.201939,51,50.444028
-1.35811,51,50.462339
-1.117811,51,50.48136
-1.183916,51,50.499436
-1.225486,51,50.517982
-1.223519,51,50.536504
-1.134046,51,50.554332
-1.168891,51,50.572086
-1.158794,51,50.590222
-1.270669,51,50.608258
-1.227141,51,50.626798
-1.226207,51,50.645333
-1.090526,51,50.663607
-1.118575,52,50.681791
-1.231103,51,50.699547
-1.155225,51,50.718337
-1.091421,51,50.736502
-1.229769,51,50.754568
-1.131525,51,50.773052
-1.120323,52,50.792104
-1.080817,51,50.810888
-1.104782,51,50.829624
-1.139187,51,50.848176
-1.171585,51,50.867403
-1.221886,51,50.886669
-1.202921,52,50.905872
-1.115745,52,50.924941
-1.168864,51,50.944197
-1.084805,52,51.136991
-1.230477,52,51.156137
-1.239249,51,51.175174
-1.097854,51,51.194003
-1.224566,51,51.212711
-1.191911,51,51.231
-1.099631,51,51.250227
-1.132836,51,51.269741
-1.096274,51,51.288197
-1.10585,51,51.306985
-1.043893,51,51.325686
-1.132466,51,51.344491
-1.084057,51,51.362759
-1.442647,51,51.381438
-1.053015,51,51.400617
-1.03034,51,51.418862
-1.211211,51,51.436899
-1.312133,51,51.455204
-1.048898,51,51.473654
-1.369265,52,51.492056
-1.30035,51,51.509937
-1.321196,51,51.527865
-1.11681,51,51.545825
-1.114382,51,51.563367
-1.095103,51,51.581115
-1.060009,51,51.5994
-1.128437,51,51.617261
-1.317648,51,51.635779
-1.09971,51,51.654615
-1.178485,51,51.672969
-1.118308,51,51.691479
-1.07506,51,51.709942
-1.11771,52,51.728531
-1.169641,51,51.74671
-1.049374,51,51.764862
-1.090607,51,51.784836
-1.196478,51,51.803969
-1.260732,52,51.823024
-1.103956,51,51.841167
-1.07163,51,51.859733
-1.25293,51,52.053011
-1.203247,52,52.07184
-1.187404,51,52.090289
-1.162588,51,52.108578
-1.211722,52,52.127264
-1.019859,52,52.145905
-1.130072,52,52.16536
-1.113699,51,52.183407
-1.071059,51,52.201361
-1.051515,51,52.219694
-1.173499,51,52.238818
-1.181137,51,52.256915
-1.132024,52,52.275946
-1.073174,52,52.29496
-1.106185,51,52.31453
-1.166343,51,52.333708
-1.19809,51,52.351768
-1.161664,51,52.369714
-1.139756,51,52.387587
-1.310644,51,52.405393
-1.253406,51,52.423663
-1.083754,51,52.442754
-1.243265,51,52.461386
-1.180461,51,52.479631
-1.131009,51,52.498303
-1.122176,51,52.516511
-1.10578,51,52.534972
-1.214284,52,52.553721
-1.121547,51,52.571867
-1.082748,51,52.590459
-1.217163,51,52.608754
-1.167765,51,52.627072
-1.118197,51,52.645794
-1.085352,51,52.664677
-1.143399,51,52.683688
-1.17355,51,52.702332
-1.188458,51,52.721081
-1.128968,51,52.739952
-1.095168,51,52.75872
-1.130683,51,52.777444
-1.15932,51,52.969703
-1.145814,51,52.988209
-1.071089,51,53.006061
-1.120874,51,53.023979
-1.175851,51,53.041802
-1.153908,51,53.060155
-1.181377,51,53.078899
-1.146684,51,53.097248
-1.105707,51,53.115878
-1.089332,51,53.133712
-1.306172,51,53.152016
-1.084961,51,53.170597
-1.105101,51,53.189262
-1.058634,51,53.208752
-1.231774,51,53.226763
-1.242819,52,53.245586
-1.254205,51,53.263955
-1.088738,51,53.281875
-1.048067,51,53.300158
-1.132613,51,53.318559
-1.19924,51,53.336888
-1.206286,51,53.355497
-1.046247,51,53.375377
-1.103517,51,53.394495
-1.236545,51,53.412504
-1.176317,51,53.430812
-1.159148,51,53.448676
-1.122256,51,53.466877
-1.342259,51,53.485281
-1.095789,51,53.504373
-1.166819,51,53.522825
-1.161195,51,53.541607
-1.159496,51,53.560508
-1.184496,51,53.579398
-1.088843,51,53.598533
-1.11623,51,53.617328
-1.218374,51,53.635299
-1.163747,52,53.653661
-1.112426,51,53.671967
-1.045604,51,53.689827
-1.046672,51,53.881374
-1.085936,51,53.899474
-1.196354,51,53.919157
-1.005474,51,53.937961
-1.188491,52,53.957616
-1.201622,51,53.975502
-1.141834,51,53.994195
-1.124149,51,54.012439
-1.070553,51,54.030239
-1.106733,51,54.048086
-1.180486,51,54.065855
-1.266625,51,54.083787
-1.205,51,54.101581
-1.11663,51,54.12092
-1.243655,51,54.138629
-1.116372,51,54.156585
-1.069218,51,54.174504
-1.206663,51,54.192761
-1.288295,51,54.210692
-1.000851,51,54.229327
-1.107512,52,54.248013
-1.224067,51,54.265833
-0.996853,51,54.283707
-1.163817,51,54.301987
-1.2132,52,54.32048
-1.082042,51,54.339038
-1.180766,51,54.357161
-1.021869,51,54.375821
-1.152678,51,54.394432
-1.032735,51,54.413136
-1.116519,51,54.431686
-1.052912,51,54.451741
-1.120656,51,54.470447
-1.141069,51,54.489614
-1.206389,52,54.509271
-1.315756,51,54.528407
-1.081744,51,54.546938
-1.076712,51,54.565837
-1.11678,52,54.58496
-1.243373,51,54.603109
-1.253025,51,54.795878
-1.051508,51,54.815043
-1.020899,51,54.833529
-1.097022,51,54.85188
-1.236145,52,54.870936
-1.067923,51,54.888775
-1.205158,52,54.907362
-1.302585,51,54.925492
-1.163758,51,54.943532
-1.279023,52,54.96252
-1.124171,51,54.982203
-1.130503,52,55.002155
-1.092692,51,55.020864
-1.131764,51,55.039205
-1.170421,51,55.058034
-1.069138,51,55.076257
-1.14938,51,55.094533
-1.08779,51,55.112347
-1.184463,51,55.130067
-1.314301,51,55.148327
-1.045643,51,55.166973
-1.051264,51,55.185549
-1.052247,51,55.203895
-1.165555,52,55.222735
-1.10735,51,55.241322
-1.217486,51,55.259548
-1.221468,51,55.277724
-1.073046,51,55.29724
-1.030114,51,55.315696
-1.209272,51,55.335122
-1.213593,51,55.354283
-1.154763,51,55.373325
-1.299647,51,55.392484
-1.057284,51,55.411367
-1.110996,51,55.430214
-1.056035,51,55.449286
-1.224833,51,55.468267
-1.175739,52,55.487069
-1.089788,51,55.506592
-1.129118,51,55.525423
-1.272937,51,55.717896
-1.064349,51,55.736622
-1.16284,51,55.756078
-1.141564,51,55.783312
-1.009057,51,55.807394
-1.192638,51,55.829634
-1.066611,51,55.849601
-1.127736,51,55.877742
-1.11989,51,55.902703
-1.176285,51,55.925474
-1.099252,51,55.95185
-1.03902,51,55.977096
-1.068892,51,55.998536
-1.201246,51,56.021841
-1.247034,51,56.044814
-1.20254,51,56.067512
-1.211653,51,56.089048
-1.129234,51,56.113999
-1.157649,51,56.14132
-1.206516,51,56.161882
-1.228607,51,56.1817
-1.321178,51,56.201609
-1.085692,51,56.22126
-1.135471,51,56.240626
-1.079452,51,56.25943
-1.082506,51,56.278426
-1.270902,51,56.296969
-1.234274,51,56.316424
-0.992672,52,56.335663
-1.028207,52,56.354039
-0.957991,51,56.37251
-1.286939,51,56.390818
-1.214091,51,56.40965
-1.094528,51,56.428545
-1.136087,52,56.448146
-1.081917,52,56.467754
-1.212387,51,56.486291
-1.075725,51,56.506045
-1.009457,51,56.525714
-1.05272,52,56.546344
-1.073331,51,56.751461
-1.11108,51,56.771237
-1.12442,51,56.790513
-1.15626,51,56.809927
-1.154031,51,56.829171
-1.235207,51,56.848402
-1.176835,51,56.867874
-1.288323,51,56.887344
-1.147635,51,56.906699
-1.086069,51,56.926215
-1.302053,51,56.945742
-1.129959,52,56.964886
-1.193928,51,56.983786
-1.039471,51,57.002275
-1.051935,51,57.021501
-1.324899,51,57.046448
-1.146173,51,57.066096
-1.119775,51,57.084996
-1.332266,51,57.103415
-0.99489,51,57.123729
-1.032258,51,57.142036
-1.16725,52,57.161877
-1.147147,51,57.179879
-1.087401,51,57.198286
-1.134815,51,57.217085
-1.352575,51,57.23589
-1.113952,51,57.25548
-1.104607,51,57.273881
-1.119635,51,57.292648
-1.037306,51,57.311697
-1.182302,51,57.330893
-1.013022,51,57.349173
-1.11617,51,57.36905
-1.035417,51,57.38822
-1.191886,51,57.406932
-1.068422,51,57.426282
-1.147452,52,57.445994
-1.02943,51,57.46566
-1.229157,51,57.48526
-0.995037,51,57.504747
-1.115244,51,57.700616
-1.03476,51,57.720473
-1.216162,51,57.740563
-1.229407,51,57.760541
-1.106173,51,57.779851
-1.112403,51,57.799007
-1.244368,51,57.817199
-1.162135,52,57.836426
-0.98325,51,57.855297
-1.003199,51,57.874247
-1.206428,51,57.893426
-1.009331,51,57.912803
-1.037146,51,57.932848
-1.074464,51,57.952336
-1.019726,51,57.971159
-1.256602,51,57.991034
-1.035599,51,58.010307
-1.138447,51,58.029396
-1.121607,51,58.04884
-1.074255,51,58.06816
-1.360418,51,58.088267
-1.079737,51,58.108177
-1.108086,51,58.12754
-1.028236,51,58.146952
-1.128595,52,58.166358
-1.109527,51,58.186666
-0.996702,51,58.205266
-1.061091,51,58.22331
-1.042568,51,58.243715
-1.126228,51,58.263629
-1.023321,51,58.282943
-1.094226,51,58.301038
-1.165238,51,58.319666
-1.160725,51,58.338358
-1.042472,51,58.357062
-1.047149,51,58.375862
-1.101257,51,58.395502
-1.16601,51,58.423384
-1.179177,51,58.449216
-1.17125,51,58.4684
-1.045062,51,58.666456
-1.101993,51,58.685956
-1.115134,52,58.704812
-1.152747,51,58.724319
-1.158216,51,58.74334
-1.038577,52,58.763153
-1.061575,51,58.781856
-1.090453,51,58.800908
-1.089115,51,58.81914
-1.024382,51,58.838421
-1.003079,52,58.857533
-0.99694,52,58.877397
-1.193246,51,58.897506
-1.058739,51,58.916615
-0.945392,51,58.936126
-1.126526,51,58.955343
-1.046656,51,58.974592
-1.145995,51,58.993681
-1.046345,51,59.013163
-1.073247,51,59.032624
-1.056178,51,59.051711
-1.06539,51,59.072417
-1.058598,52,59.09139
-1.128064,51,59.110175
-1.117007,51,59.130994
-1.027604,51,59.149422
-1.064158,51,59.168306
-1.181541,51,59.187274
-0.915467,51,59.206213
-1.315892,51,59.225694
-1.277418,52,59.245882
-1.14424,51,59.264812
-1.055597,51,59.283888
-0.994304,51,59.303278
-1.153107,51,59.322309
-1.008628,51,59.341603
-1.088207,52,59.361348
-1.01386,52,59.381186
-1.054258,52,59.400137
-1.119351,51,59.418581
-1.148295,51,59.615047
-1.049675,51,59.634216
-1.020765,52,59.653875
-1.214179,52,59.673654
-1.049391,51,59.692038
-1.124931,51,59.710935
-1.103582,51,59.730551
-1.161762,51,59.749804
-1.033522,51,59.769321
-0.99615,51,59.789381
-1.183252,51,59.809022
-1.21356,51,59.827949
-1.028085,51,59.847659
-1.258331,51,59.866501
-1.074779,51,59.885686
-1.017414,51,59.90509
-1.105981,52,59.923865
-1.013024,51,59.942847
-1.095733,51,59.963973
-1.105351,51,59.982602
-1.084261,51,60.001151
-1.092734,51,60.019545
-1.213765,51,60.038927
-1.182535,51,60.059073
-1.073944,51,60.078652
-1.015814,51,60.097519
-1.138991,51,60.117013
-1.240807,51,60.135728
-1.021725,51,60.154322
-1.03458,51,60.173849
-1.077403,51,60.193007
-1.038943,51,60.212715
-1.092719,51,60.232611
-1.146578,51,60.25265
-1.130324,51,60.271488
-1.117235,51,60.290187
-1.143458,51,60.310258
-1.021047,51,60.33035
-1.009285,51,60.35011
-1.011044,51,60.369858
-0.936976,51,60.572352
-1.020401,51,60.592456
-1.132713,51,60.611907
-1.017244,51,60.631994
-1.076388,51,60.650881
-1.107238,51,60.669966
-1.226276,51,60.688108
-1.130595,51,60.706056
-1.012837,51,60.724689
-1.209101,51,60.743255
-1.099735,51,60.762266
-1.060492,52,60.781899
-1.169008,51,60.800233
-0.972369,52,60.819605
-0.98,51,60.838237
-1.256096,51,60.857388
-0.995403,51,60.876454
-0.93145,51,60.894374
-1.202714,51,60.913089
-1.127797,51,60.930998
-1.047202,51,60.951629
-1.077902,51,60.971567
-0.987266,51,60.990417
-1.031132,52,61.009984
-1.058355,51,61.028595
-1.119041,51,61.048125
-1.114843,51,61.066806
-0.933816,51,61.085883
-1.128466,51,61.104718
-1.047512,51,61.124223
-1.188244,51,61.143788
-1.123235,51,61.163061
-1.07921,51,61.181908
-0.996845,51,61.20121
-1.1811,51,61.220844
-1.001057,52,61.240429
-1.138005,51,61.259477
-1.155065,51,61.278926
-1.086515,51,61.298293
-1.10676,51,61.31745
-1.035166,51,61.519889
-1.06554,51,61.555165
-1.075268,51,61.588502
-0.806703,51,61.61383
-0.991845,51,61.634621
-1.096644,51,61.65373
-1.138317,52,61.672405
-1.190223,51,61.691154
-1.164643,51,61.709963
-1.074641,51,61.72892
-1.157112,51,61.747882
-0.978062,51,61.766861
-1.02092,51,61.786114
-1.013585,51,61.805607
-1.320803,51,61.824618
-1.031436,51,61.844107
-1.070541,51,61.866153
-1.215781,51,61.888192
-0.93366,52,61.908414
-1.181848,51,61.928462
-1.091289,52,61.948106
-1.113947,51,61.966851
-1.154783,51,61.986066
-1.077615,51,62.004846
-1.316059,51,62.024045
-1.217347,51,62.042921
-1.015802,52,62.062917
-1.169824,51,62.082428
-1.054897,51,62.102147
-1.053396,51,62.12135
-0.990504,51,62.140976
-1.051591,51,62.160221
-1.245428,51,62.179247
-1.115347,51,62.199016
-1.183324,52,62.219193
-1.206268,51,62.238495
-1.06308,52,62.258758
-1.111343,52,62.278225
-1.146838,51,62.297312
-1.243095,51,62.316743
-1.115508,52,62.514754
-1.132528,51,62.534149
-1.23582,51,62.552082
-1.076138,51,62.571231
-0.973143,51,62.589782
-1.140026,52,62.609172
-1.056793,52,62.629033
-1.017534,51,62.647918
-0.996672,51,62.667004
-1.180563,51,62.686482
-0.959547,51,62.707923
-1.150272,51,62.726539
-1.156925,51,62.745302
-1.056682,51,62.765392
-1.044743,51,62.783889
-1.045315,51,62.801898
-1.100249,51,62.820584
-1.240379,51,62.839108
-1.096291,51,62.857938
-1.251216,51,62.876681
-1.025198,51,62.895332
-0.956246,51,62.914373
-1.203023,51,62.933259
-1.022801,51,62.951987
-1.118047,51,62.971009
-1.112568,51,62.991306
-0.982449,51,63.010379
-0.986047,51,63.030158
-1.113401,51,63.050195
-1.016034,51,63.069223
-1.130113,51,63.089526
-1.008868,51,63.109041
-1.031641,51,63.128908
-1.03819,51,63.150108
-1.054092,51,63.170313
-1.046429,51,63.190474
-1.040291,51,63.210823
-1.066209,51,63.229952
-1.15219,51,63.249
-1.019143,51,63.268557
-0.883234,51,63.287235
-0.976466,52,63.487854
-0.947255,51,63.507148
-1.006683,51,63.527396
-1.146611,51,63.545657
-0.904815,51,63.564056
-1.075695,51,63.582033
-1.220362,51,63.600372
-1.136706,51,63.618983
-1.005376,51,63.637997
-1.01344,51,63.656715
-0.978913,51,63.676219
-1.12226,51,63.695286
-0.928642,51,63.714728
-1.167387,51,63.734338
-1.098236,51,63.753777
-0.951148,51,63.77273
-0.985441,51,63.791925
-1.229704,51,63.810577
-1.017024,51,63.82996
-1.131432,51,63.848528
-0.901137,51,63.867576
-0.97482,52,63.886928
-1.444272,51,63.906403
-1.10983,51,63.925379
-0.96709,52,63.944775
-1.064851,52,63.963565
-1.114228,51,63.982198
-1.041187,51,64.001771
-1.025577,51,64.020917
-1.119474,51,64.040039
-0.926556,52,64.060345
-0.949722,51,64.080143
-1.010892,51,64.099854
-1.01837,51,64.120269
-1.326807,51,64.139462
-1.046683,51,64.158643
-1.175018,51,64.177573
-1.12654,51,64.196717
-1.019726,52,64.216194
-0.909342,51,64.235001
-1.034555,51,64.429753
-1.027493,51,64.447901
-0.976634,51,64.466218
-1.153123,51,64.485239
-1.092801,51,64.503614
-1.113093,51,64.522279
-1.029221,51,64.54091
-1.090515,51,64.559181
-1.134318,51,64.577923
-1.105932,51,64.597734
-1.160709,51,64.616296
-1.029176,51,64.635425
-1.179698,51,64.654381
-1.181719,51,64.673204
-1.063604,51,64.695032
-1.046379,51,64.719977
-1.143152,51,64.749185
-1.00066,51,64.772931
-1.048084,51,64.79358
-1.200204,51,64.812382
-0.859451,51,64.831262
-0.975104,51,64.850427
-0.951372,52,64.872702
-0.954288,51,64.892222
-1.078405,51,64.911143
-1.184037,51,64.929418
-0.932574,51,64.948782
-1.146691,51,64.977054
-1.016322,51,65.002289
-1.066852,51,65.023238
-1.095188,51,65.047963
-0.980334,51,65.067704
-1.008646,52,65.087138
-1.222318,51,65.10599
-0.945834,52,65.125704
-0.976798,51,65.144278
-0.837979,52,65.163016
-1.110824,51,65.18227
-1.000504,51,65.200997
-1.00427,51,65.219045
-0.940012,51,65.417416
-1.05766,51,65.435512
-0.959202,52,65.454323
-1.086225,51,65.472277
-0.821487,51,65.490637
-0.928869,51,65.508944
-1.051823,51,65.527281
-1.119486,51,65.545964
-1.081842,51,65.564621
-0.989788,51,65.583259
-1.125361,51,65.601553
-1.06368,51,65.620341
-1.063661,51,65.638137
-1.082132,51,65.656868
-1.096062,51,65.67642
-1.10236,51,65.695198
-1.259086,51,65.71424
-1.022821,51,65.733104
-1.062281,51,65.751701
-1.098069,51,65.77049
-1.038968,51,65.789389
-1.134032,51,65.80829
-1.114631,52,65.827161
-0.909596,51,65.845926
-1.117933,51,65.863835
-1.030454,51,65.884217
-0.919203,51,65.90536
-1.187884,51,65.924203
-1.001206,52,65.943259
-1.105283,51,65.961764
-1.063725,51,65.980857
-1.050899,52,66.000732
-1.098739,51,66.020041
-1.106811,51,66.038922
-1.158237,51,66.057541
-1.091777,51,66.075533
-0.983447,51,66.093835
-1.222839,51,66.112136
-0.937565,51,66.1309
-1.155372,51,66.149763
-1.025875,51,66.346816
-0.969728,51,66.366002
-1.032412,52,66.384532
-1.127751,51,66.403563
-0.83176,51,66.422137
-1.012818,52,66.441094
-1.06034,51,66.459816
-0.992171,51,66.477746
-0.912176,51,66.496006
-1.037624,51,66.514401
-1.115917,51,66.532814
-1.041189,51,66.551014
-1.082542,51,66.568998
-1.06062,51,66.587473
-1.06185,51,66.605992
-1.081779,51,66.62384
-1.181887,51,66.641666
-1.081061,51,66.660366
-1.044597,51,66.678214
-1.183471,51,66.696424
-0.871227,51,66.716269
-1.138153,52,66.736049
-1.025327,51,66.755079
-1.016832,51,66.774055
-1.03424,51,66.792904
-1.128222,51,66.811269
-0.960171,51,66.830706
-1.098496,51,66.849592
-0.768818,52,66.869523
-0.941475,52,66.889269
-1.042154,51,66.908205
-1.190896,51,66.927744
-1.11234,51,66.947141
-0.8867,51,66.966078
-0.968901,52,66.985787
-1.139499,51,67.005056
-1.064205,51,67.024016
-1.047258,51,67.043026
-1.060074,51,67.062653
-1.070744,52,67.08184
-1.013584,51,67.276582
-0.782319,52,67.295561
-0.817994,51,67.31422
-0.996598,51,67.333263
-1.08432,52,67.353811
-1.001581,51,67.373574
-0.916502,51,67.391677
-1.040958,51,67.409717
-1.063594,51,67.42777
-0.932145,51,67.446468
-0.929291,51,67.464465
-0.90308,51,67.482367
-1.085667,51,67.500681
-1.092204,51,67.518985
-1.043929,51,67.53721
-0.876555,52,67.555864
-1.118253,52,67.574567
-0.988656,51,67.593431
-1.084149,51,67.611641
-1.123278,51,67.63069
-1.159981,51,67.649748
-1.060897,51,67.668788
-1.08725,51,67.687387
-0.777461,52,67.706891
-1.101172,51,67.724733
-0.946977,52,67.742938
-0.907974,51,67.761569
-1.013201,51,67.779905
-0.986069,52,67.800426
-0.915823,51,67.819341
-1.161817,51,67.838102
-0.960633,51,67.857323
-0.790684,51,67.876283
-1.088386,51,67.895263
-1.025357,51,67.914859
-0.973864,51,67.933934
-1.069947,51,67.952826
-0.780507,51,67.97123
-0.985067,51,67.990235
-1.080675,51,68.009411
-1.013943,51,68.203214
-1.104503,51,68.222156
-1.155865,51,68.240916
-0.90101,52,68.259999
-1.032602,51,68.278806
-1.057968,51,68.29757
-0.967131,52,68.318243
-1.141189,51,68.337185
-0.982563,52,68.35684
-0.827377,51,68.375251
-1.062687,51,68.394188
-1.000707,51,68.412804
-1.029062,51,68.431873
-0.851262,51,68.450147
-1.090262,52,68.469462
-1.118772,51,68.488024
-0.683875,51,68.507676
-1.102208,51,68.526762
-1.08102,51,68.545983
-1.117433,51,68.564632
-1.045398,51,68.584045
-1.055247,51,68.602749
-1.01189,52,68.621855
-0.673456,52,68.640928
-0.87257,52,68.659921
-1.006821,51,68.679388
-1.007442,51,68.698423
-0.992836,51,68.717221
-1.119916,51,68.735208
-0.748264,51,68.753185
-1.031204,51,68.771072
-1.083586,51,68.789503
-0.88074,51,68.807946
-0.979122,51,68.826427
-0.980339,51,68.84555
-1.185208,51,68.864949
-1.035096,51,68.883878
-0.912265,51,68.902771
-1.108549,51,68.921938
-0.722441,51,68.940862
-0.914062,51,69.136932
-1.054917,51,69.155005
-0.847607,51,69.173492
-0.991919,51,69.192525
-0.746895,52,69.211636
-0.837446,52,69.230618
-1.036213,51,69.249345
-1.044486,51,69.268033
-1.037154,51,69.286686
-1.035552,51,69.30557
-1.000791,51,69.324654
-1.174933,51,69.343434
-0.828408,52,69.361981
-1.102242,51,69.381075
-1.034266,52,69.401017
-0.980807,51,69.420004
-0.832962,51,69.43839
-0.734737,51,69.457043
-0.989364,51,69.475442
-0.858659,51,69.494644
-0.776982,51,69.512929
-0.950163,51,69.531837
-0.797039,51,69.550826
-0.932993,51,69.569287
-0.813407,51,69.587812
-1.033776,51,69.606282
-0.863057,51,69.625419
-0.974753,51,69.644491
-1.008529,51,69.663539
-1.009991,51,69.682607
-0.957008,51,69.701239
-0.828235,51,69.720351
-0.869867,51,69.739596
-0.971075,51,69.758618
-1.029086,52,69.776966
-1.09039,51,69.795217
-0.961363,51,69.81326
-0.99712,51,69.831558
-0.988746,52,69.850251
-0.997972,51,69.868697
-1.031932,51,70.083773
-0.985532,51,70.103458
-1.043725,51,70.123209
-1.063501,51,70.141531
-0.930735,51,70.16008
-0.842937,51,70.178764
-0.857642,51,70.197639
-1.252256,51,70.216435
-0.988955,51,70.235164
-0.832405,51,70.254886
-0.854264,51,70.273856
-0.999038,52,70.293121
-0.944678,51,70.312194
-0.811307,52,70.331274
-0.977115,51,70.35077
-0.986594,51,70.369517
-0.804211,51,70.388965
-0.829182,51,70.408457
-0.922898,51,70.427349
-0.805614,51,70.446558
-1.139183,51,70.466182
-0.711316,51,70.484627
-0.727385,51,70.503002
-1.107637,51,70.521398
-1.050974,51,70.540363
-0.905601,51,70.55851
-0.86736,51,70.57785
-1.053615,52,70.597589
-0.857069,51,70.615688
-0.742535,51,70.634627
-1.260952,51,70.652606
-0.835256,51,70.671791
-1.085252,51,70.690342
-1.02142,51,70.708983
-0.701754,51,70.72729
-0.942448,51,70.746628
-0.895128,51,70.765898
-0.860125,51,70.785226
-0.746475,51,70.803651
-0.923944,51,70.822927
-0.856686,51,71.021932
-0.784032,51,71.040816
-0.988168,51,71.059613
-0.81309,51,71.078534
-1.114168,51,71.097139
-0.945469,51,71.115821
-0.990919,51,71.134326
-0.826817,51,71.152847
-0.97984,51,71.171842
-1.104214,51,71.190386
-0.954572,51,71.209838
-0.920181,51,71.228119
-0.73053,51,71.24616
-0.773043,52,71.264518
-0.842221,51,71.282384
-0.875529,51,71.300888
-0.888538,51,71.319656
-0.839716,51,71.337989
-0.788874,52,71.356566
-0.950374,51,71.375127
-0.884409,51,71.393668
-1.11172,51,71.412204
-1.023557,52,71.430395
-1.085456,51,71.448628
-0.714521,51,71.466853
-0.774109,51,71.48627
-1.014579,51,71.505217
-0.754313,51,71.52591
-1.099539,51,71.544059
-0.81008,51,71.562076
-0.752974,51,71.580055
-1.031764,52,71.598867
-1.047323,52,71.61788
-0.837211,51,71.63631
-0.98827,51,71.654264
-1.045366,51,71.67262
-0.972163,51,71.690983
-0.718899,51,71.709767
-0.852144,51,71.728685
-0.800543,51,71.747733
-0.805261,51,71.942905
-0.701092,51,71.962229
-0.739909,51,71.981
-0.996472,51,72.000227
-0.77533,51,72.019965
-1.091072,51,72.038232
-0.909917,51,72.058751
-0.80202,52,72.077562
-0.669422,51,72.09647
-0.759714,51,72.115193
-0.910333,51,72.135478
-0.954123,51,72.154676
-0.77048,51,72.17276
-0.743718,52,72.191937
-0.983033,51,72.210632
-0.693445,51,72.229135
-0.829951,52,72.248326
-0.742614,52,72.267525
-1.08013,51,72.285818
-1.088996,51,72.304575
-0.884216,51,72.323268
-0.722153,51,72.34197
-0.714306,51,72.360515
-0.982317,51,72.378913
-0.867087,52,72.397642
-0.819727,51,72.416359
-0.720002,51,72.43481
-0.855838,52,72.453952
-0.80174,52,72.472564
-0.804965,51,72.491132
-0.860495,51,72.50967
-1.021477,51,72.527588
-1.02708,51,72.54569
-1.087319,51,72.564609
-0.688968,51,72.583912
-0.903537,52,72.602805
-0.962644,51,72.62155
-0.818796,51,72.640735
-1.125914,51,72.659878
-0.813643,51,72.678063
-1.05908,51,72.872589
-1.016247,51,72.890696
-0.908544,51,72.908698
-0.753523,51,72.926651
-0.803196,51,72.944892
-0.803305,51,72.963277
-0.796204,52,72.982798
-0.77736,51,73.001508
-0.782924,51,73.020165
-0.858836,52,73.039732
-1.008069,51,73.058633
-1.166323,51,73.078065
-0.89255,52,73.097744
-0.795763,51,73.116453
-0.878796,51,73.135627
-0.838354,51,73.153776
-0.664703,51,73.172191
-0.701396,51,73.190491
-0.733361,51,73.208736
-0.796216,51,73.227473
-0.972006,51,73.245863
-0.773606,51,73.264278
-0.963933,51,73.282149
-0.888498,51,73.300017
-0.953203,51,73.318334
-0.749994,51,73.337525
-0.747191,51,73.356326
-1.106423,51,73.375125
-0.985205,51,73.393479
-0.782352,51,73.412095
-0.900022,51,73.431146
-0.814699,51,73.449781
-0.755007,51,73.468958
-1.018767,51,73.48786
-0.813428,51,73.507006
-0.78468,52,73.526614
-1.030109,52,73.546198
-0.852778,51,73.565231
-1.039602,51,73.584178
-0.712616,51,73.603904
-0.766871,52,73.799891
-0.888857,52,73.819073
-0.74688,51,73.837503
-0.770094,51,73.855904
-0.702515,51,73.874294
-0.764795,52,73.893414
-0.870542,51,73.911603
-0.835324,51,73.929601
-0.824425,51,73.948068
-0.774361,52,73.967254
-0.760297,51,73.98583
-0.691293,51,74.004047
-0.666326,51,74.023044
-0.771705,51,74.041276
-0.866724,51,74.059979
-0.82577,51,74.078704
-0.679272,51,74.09683
-0.858603,52,74.115413
-0.840239,51,74.134693
-0.976955,51,74.152832
-0.681357,51,74.17161
-0.80213,51,74.190855
-0.682109,51,74.209395
-0.765524,51,74.228285
-0.839537,51,74.246532
-0.69111,51,74.26459
-0.702427,51,74.282636
-0.867953,51,74.301134
-0.843082,51,74.319295
-0.72245,51,74.337306
-0.758948,51,74.355469
-0.775934,51,74.374456
-0.800937,51,74.393324
-0.702288,51,74.411717
-0.684462,52,74.430415
-0.947747,51,74.449146
-0.849284,51,74.467837
-0.861507,51,74.486493
-0.71872,51,74.505528
-0.839484,51,74.52401
-0.87575,51,74.719938
-0.835021,52,74.73935
-0.72822,51,74.75838
-0.830222,51,74.777174
-0.915368,51,74.796209
-0.925768,51,74.815028
-0.784431,51,74.83404
-0.848771,51,74.85267
-0.775341,51,74.871851
-0.896469,52,74.890791
-1.027081,51,74.909958
-0.730799,51,74.929184
-0.923097,51,74.947206
-0.730923,51,74.964898
-1.006396,51,74.983142
-0.736369,51,75.001583
-0.81792,51,75.019829
-0.734383,52,75.038819
-0.916629,51,75.056965
-0.768118,52,75.076743
-0.679976,51,75.094945
-0.866264,52,75.113609
-0.717323,51,75.132489
-0.77347,51,75.150491
-0.651211,51,75.169273
-0.854006,51,75.187786
-0.873411,51,75.206905
-0.780244,51,75.225874
-1.04873,51,75.245699
-0.799608,51,75.264909
-0.747668,51,75.283179
-0.750462,51,75.301452
-0.966163,51,75.320579
-0.706959,51,75.342147
-0.929962,51,75.362296
-0.752791,51,75.382118
-0.834073,51,75.400842
-0.747948,51,75.419786
-0.833531,51,75.438687
-0.820446,51,75.456932
-0.67586,51,75.654705
-0.792763,51,75.674421
-0.945123,51,75.693249
-0.933229,51,75.712333
-0.768641,51,75.731339
-0.680148,51,75.750774
-0.733351,52,75.769908
-0.861077,51,75.788128
-0.727254,51,75.806082
-0.875466,51,75.824744
-0.868779,51,75.843947
-0.836649,51,75.862967
-0.740545,51,75.881963
-0.820429,51,75.901339
-0.789608,51,75.920289
-0.692454,51,75.939491
-0.726166,52,75.959071
-0.706856,51,75.978059
-0.775948,51,75.998172
-0.867301,51,76.017306
-0.735983,51,76.037028
-0.779211,51,76.05624
-0.717189,51,76.07587
-0.689538,51,76.095022
-0.770487,51,76.114022
-0.776991,51,76.133737
-0.720145,52,76.153536
-1.050704,51,76.172711
-0.702767,51,76.191154
-0.7884,51,76.209091
-0.728927,51,76.22794
-0.791971,51,76.246636
-0.826519,51,76.265129
-0.67912,51,76.284166
-0.812086,51,76.303004
-0.930736,51,76.323811
-0.854013,51,76.34235
-0.818586,52,76.361499
-0.930646,51,76.379872
-0.839472,51,76.398747
-0.957432,51,76.591689
-0.786368,51,76.609796
-0.843213,51,76.627684
-0.819471,51,76.645575
-0.85724,51,76.66603
-0.821408,51,76.693262
-0.868154,51,76.71828
-0.728977,51,76.736299
-0.777928,51,76.755145
-0.719787,51,76.773793
-0.813911,51,76.7922
-0.707415,51,76.811859
-0.747192,51,76.832797
-0.674927,52,76.855232
-0.683943,51,76.873268
-0.729685,51,76.891553
-0.710848,51,76.910184
-0.777832,51,76.929054
-0.70383,51,76.948236
-0.634036,51,76.967293
-0.734687,51,76.986733
-0.802091,52,77.006267
-0.703335,52,77.025174
-0.818023,51,77.043758
-0.897438,51,77.062501
-0.776298,51,77.080636
-0.812475,51,77.099127
-0.880704,51,77.11829
-0.761847,51,77.137178
-0.846175,51,77.157117
-0.939453,51,77.176168
-0.808363,51,77.195168
-0.913831,51,77.213871
-0.777382,51,77.232546
-0.803704,51,77.252084
-0.729333,51,77.27119
-0.643031,51,77.290698
-0.773272,51,77.310185
-0.702327,51,77.329705
-0.747829,51,77.349086
-0.759892,51,77.547
-0.724797,51,77.565956
-0.724924,51,77.585209
-0.725605,52,77.604145
-0.88839,51,77.624997
-0.758861,51,77.647238
-0.951658,51,77.665498
-0.847709,51,77.684077
-0.671644,51,77.702768
-0.774787,52,77.72276
-0.781451,51,77.741275
-0.865951,52,77.760032
-0.7752,51,77.778407
-0.767161,52,77.797106
-0.862441,51,77.817188
-0.824298,51,77.836333
-0.951854,51,77.855018
-0.756631,51,77.874002
-0.753562,51,77.892874
-0.926434,51,77.912673
-0.843827,51,77.931998
-0.867909,51,77.949981
-0.773595,51,77.96826
-0.714484,51,77.986545
-0.795938,51,78.00509
-0.725609,51,78.023639
-0.882317,51,78.043879
-0.746768,51,78.062166
-0.771507,51,78.081189
-0.922969,52,78.100348
-0.804456,51,78.119735
-0.789254,51,78.138341
-0.665829,51,78.156393
-0.808059,51,78.17558
-0.893061,51,78.194294
-0.786959,51,78.21342
-0.800071,51,78.232138
-0.664633,51,78.250509
-0.857656,51,78.268953
-0.936401,51,78.288107
-0.78656,51,78.488582
-0.627318,51,78.50798
-0.96968,52,78.527113
-0.770936,51,78.546275
-0.707875,51,78.565509
-0.724428,51,78.584425
-0.91964,51,78.603553
-0.678433,51,78.622191
-0.781301,51,78.64096
-0.732513,52,78.660078
-0.73166,51,78.678975
-0.838838,51,78.697547
-1.027689,51,78.716159
-0.721524,52,78.735268
-0.906623,51,78.754057
-0.731591,51,78.773105
-0.75637,52,78.792598
-0.762764,51,78.811245
-0.749786,51,78.829668
-0.813752,51,78.848266
-0.729958,52,78.867689
-0.891864,51,78.886782
-0.760655,51,78.905767
-0.936881,51,78.924786
-0.783484,51,78.943519
-0.897696,51,78.962265
-0.721358,51,78.981423
-0.708294,51,79.000523
-0.659721,51,79.01961
-0.721229,51,79.038964
-0.980641,52,79.057928
-0.763685,51,79.076578
-0.688845,51,79.095543
-0.868869,51,79.114308
-0.736746,51,79.13465
-0.688046,51,79.153855
-0.797164,51,79.173407
-0.781994,51,79.192464
-0.859305,51,79.212162
-0.754509,51,79.231686
-0.857318,52,79.428431
-0.763636,51,79.447449
-0.876303,51,79.466628
-0.643938,52,79.486144
-0.694934,52,79.505715
-0.780944,52,79.525786
-0.653973,51,79.544276
-0.747752,51,79.562502
-0.774003,52,79.581555
-0.673133,51,79.60013
-0.662059,51,79.618589
-0.646711,51,79.637767
-0.809026,51,79.656341
-0.840588,51,79.675096
-0.863284,51,79.694164
-0.981755,51,79.713184
-0.762932,51,79.731413
-0.842926,51,79.750415
-0.821488,51,79.768357
-0.780013,51,79.787031
-0.892118,51,79.806046
-0.871589,51,79.825034
-0.85384,51,79.843854
-0.695067,51,79.862965
-0.864161,51,79.881892
-0.840563,51,79.900129
-0.942806,51,79.919069
-0.617291,51,79.938462
-0.671752,51,79.957696
-0.78403,51,79.976881
-0.725521,51,79.995554
-0.788387,51,80.014324
-0.747232,51,80.033883
-0.919731,51,80.054926
-0.816105,51,80.074488
-0.636152,51,80.093798
-0.772927,51,80.11548
-0.760294,51,80.13806
-0.667048,51,80.159493
-0.612684,51,80.179374
-0.731932,51,80.377754
-0.707639,51,80.397746
-0.637785,51,80.416589
-0.833361,51,80.435801
-0.757571,51,80.454693
-0.732457,51,80.473447
-0.975509,51,80.4926
-0.719973,51,80.511681
-0.749356,51,80.530414
-0.743296,52,80.55026
-0.73898,51,80.569537
-0.739304,51,80.587971
-0.67398,51,80.606188
-0.704664,51,80.624038
-0.873691,51,80.641791
-0.979676,51,80.6601
-0.810312,51,80.678585
-0.726977,51,80.696609
-0.751178,51,80.715131
-0.712811,51,80.733629
-0.704161,51,80.751875
-0.861773,52,80.770946
-0.661424,51,80.789946
-0.761973,51,80.808994
-0.733489,51,80.827825
-0.852132,51,80.846443
-0.810907,51,80.865535
-0.782621,51,80.884577
-0.836785,51,80.903568
-0.761392,51,80.922749
-0.779205,51,80.942238
-0.723408,51,80.960718
-0.734925,51,80.980396
-0.7516,51,80.999708
-0.948559,51,81.018764
-0.851163,51,81.038235
-0.635228,51,81.057733
-0.673127,51,81.077079
-0.932968,51,81.096136
-0.780718,51,81.115362
-0.808824,51,81.134611
-0.868966,51,81.332575
-0.89049,51,81.352522
-0.740897,52,81.372121
-0.939415,51,81.390874
-0.767989,51,81.409412
-0.634514,52,81.428507
-0.993357,51,81.447561
-0.764816,51,81.466825
-0.700846,51,81.486213
-0.800791,51,81.50492
-0.903788,51,81.523279
-0.703043,51,81.542248
-0.706679,51,81.56147
-0.816318,51,81.579843
-0.634444,51,81.598539
-0.681309,51,81.617272
-0.754751,51,81.636245
-0.803786,51,81.654232
-0.985873,52,81.672919
-0.890751,51,81.691512
-0.788039,51,81.709886
-0.761958,51,81.727722
-0.88467,51,81.745624
-0.922752,51,81.763939
-0.744327,51,81.782953
-0.659834,51,81.801146
-0.816633,51,81.82001
-0.833359,51,81.83887
-0.753349,51,81.857919
-0.861112,52,81.877442
-0.857036,51,81.896842
-0.73288,51,81.916432
-0.723237,51,81.935558
-0.648328,51,81.954843
-0.688165,51,81.973589
-0.783365,51,81.99299
-0.768831,51,82.012127
-0.760799,51,82.030874
-0.889637,52,82.050242
-0.785759,51,82.069157
-0.759054,51,82.26769
-0.810232,51,82.286904
-0.975845,51,82.305562
-0.981941,51,82.324003
-0.863413,51,82.342686
-0.764923,51,82.361624
-0.7683,51,82.380596
-0.766605,51,82.399569
-0.70064,51,82.417493
-0.9427,51,82.436169
-0.89284,51,82.455033
-0.7914,51,82.474362
-0.946427,51,82.493038
-0.90122,51,82.511613
-0.671853,51,82.531059
-0.762435,51,82.549989
-0.651013,51,82.568642
-0.767787,51,82.587576
-0.712028,52,82.606571
-0.789599,51,82.625408
-0.746245,51,82.643906
-0.801542,51,82.66282
-0.850832,51,82.681337
-0.659588,51,82.699923
-0.958899,51,82.719764
-0.801744,52,82.738698
-0.771823,51,82.757212
-0.760897,52,82.776051
-0.755906,51,82.794223
-0.676289,52,82.812686
-0.719737,51,82.830606
-0.728701,51,82.849402
-0.754186,51,82.868492
-0.96203,51,82.887609
-0.651797,51,82.906763
-0.720888,51,82.92591
-0.738658,51,82.945275
-0.744417,51,82.964669
-0.774717,51,82.98389
-0.830822,51,83.002702
-0.927914,51,83.197623
-0.777522,51,83.216599
-0.792938,52,83.235882
-0.728042,51,83.255283
-0.688884,51,83.274521
-0.776798,51,83.292489
-0.750895,52,83.310823
-0.725588,51,83.328788
-0.837284,51,83.347405
-0.72172,52,83.366136
-0.909397,51,83.38458
-0.691604,52,83.403454
-0.745438,51,83.421678
-0.870531,51,83.441094
-0.703146,51,83.459283
-0.717235,52,83.477555
-0.737069,52,83.495812
-0.758648,52,83.514453
-0.921547,51,83.533144
-0.912734,51,83.55182
-0.743649,51,83.570076
-0.754517,51,83.588848
-0.746875,51,83.607333
-0.896758,52,83.626175
-0.792062,51,83.644733
-0.920437,51,83.663353
-0.729206,51,83.682467
-0.722444,51,83.701031
-0.953014,51,83.71898
-0.797856,51,83.737749
-0.811612,51,83.75636
-0.725302,51,83.775547
-0.739726,51,83.796446
-0.814636,52,83.814978
-0.721447,51,83.832952
-0.879143,51,83.851735
-0.878291,51,83.870289
-0.754411,51,83.889081
-0.682082,51,83.907438
-0.821267,51,83.926216
-0.831996,51,84.121968
-0.848468,51,84.140043
-0.753957,51,84.157987
-0.835598,51,84.176212
-0.733837,51,84.194677
-0.711764,51,84.213231
-0.795803,51,84.231809
-0.765923,51,84.250425
-0.740897,51,84.268767
-0.819787,51,84.28657
-0.780364,51,84.304372
-0.972737,51,84.32367
-0.823424,51,84.34195
-0.724084,51,84.360251
-0.712788,51,84.378593
-0.79717,51,84.3967
-0.859163,51,84.415097
-0.775386,51,84.433572
-0.724563,51,84.452518
-0.924613,51,84.471564
-0.745882,51,84.489534
-0.693523,51,84.508041
-0.95377,51,84.526213
-0.748322,51,84.54501
-0.762996,51,84.56364
-0.882497,51,84.58266
-0.696348,51,84.600702
-0.743782,51,84.618703
-0.808064,51,84.636642
-0.83171,51,84.655366
-0.818407,51,84.673637
-0.855743,51,84.691956
-0.7883,51,84.710038
-0.754177,51,84.728073
-0.741291,51,84.746432
-0.760172,52,84.765414
-0.842585,51,84.783485
-0.750761,51,84.801338
-0.81039,52,84.819587
-0.80656,51,84.837455
-0.666878,51,85.031357
-0.773345,51,85.050215
-0.813144,51,85.068289
-0.649643,51,85.086276
-0.843654,51,85.104162
-0.728509,51,85.122425
-0.804008,51,85.140474
-0.789388,51,85.159308
-0.786118,51,85.177596
-0.709375,52,85.196981
-0.887496,51,85.215685
-0.77006,52,85.235275
-0.706579,52,85.255126
-0.762592,51,85.273809
-0.858572,51,85.292322
-0.657683,51,85.311251
-0.805633,51,85.329595
-0.9082,51,85.347867
-0.790348,51,85.36573
-0.658766,51,85.386117
-0.802949,51,85.404522
-0.727483,51,85.423404
-0.743071,51,85.44231
-0.647377,51,85.460906
-0.743863,52,85.480055
-0.687064,51,85.498377
-0.867928,51,85.517089
-0.712709,51,85.535655
-0.854762,51,85.554177
-0.813698,51,85.572926
-0.747692,51,85.591613
-0.915908,52,85.610333
-0.825419,51,85.629406
-0.799057,51,85.648058
-0.698265,51,85.667092
-0.857705,51,85.686132
-0.764294,51,85.704584
-0.726085,52,85.723923
-0.644873,51,85.743738
-0.76745,51,85.763192
-0.768903,52,85.960053
-0.883316,52,85.978563
-0.783438,51,85.997369
-0.833595,52,86.015657
-0.729116,51,86.033473
-0.816356,51,86.051299
-0.774061,51,86.069488
-0.754993,52,86.088109
-0.688778,51,86.106572
-0.824019,51,86.125298
-0.768386,51,86.143232
-0.972926,51,86.161825
-0.782353,51,86.180207
-0.825547,51,86.198729
-0.716433,51,86.217088
-0.689721,51,86.235466
-0.879047,51,86.253856
-0.766102,51,86.27161
-0.856088,52,86.29084
-0.884463,51,86.308833
-0.686168,51,86.327314
-0.755209,51,86.345946
-0.92618,51,86.36405
-0.757986,51,86.382608
-0.70205,51,86.401318
-0.790503,52,86.419949
-0.760131,51,86.438236
-0.726145,51,86.459096
-0.728393,51,86.477519
-0.853363,51,86.495488
-0.782553,51,86.514336
-0.75529,52,86.533573
-0.830616,51,86.552469
-0.931671,51,86.572035
-0.716059,51,86.590946
-0.863683,51,86.609539
-0.778692,51,86.628384
-0.714457,51,86.647252
-0.858841,51,86.665693
-0.702025,51,86.684459
-0.701115,51,86.879587
-0.761153,51,86.898139
-0.750928,51,86.916852
-0.73663,51,86.935665
-0.685458,51,86.954409
-0.755607,51,86.973612
-0.761656,51,86.992842
-0.906727,51,87.011464
-0.895039,52,87.030168
-0.896725,52,87.049076
-0.795751,51,87.067513
-0.83249,51,87.086781
-0.98145,51,87.105596
-0.727587,51,87.124071
-0.787809,51,87.142746
-0.826601,51,87.161494
-0.927207,51,87.179989
-0.791219,51,87.198454
-0.80966,51,87.216292
-0.662683,52,87.23496
-0.834326,51,87.253173
-0.759285,51,87.272231
-0.895832,52,87.290897
-0.786169,51,87.309754
-1.098287,51,87.32884
-0.833868,51,87.34726
-0.792667,51,87.36639
-0.800666,51,87.385247
-0.864371,51,87.403212
-0.784958,51,87.421573
-0.888446,51,87.439945
-0.772497,51,87.458874
-0.818368,51,87.477319
-0.830306,51,87.49635
-0.851748,51,87.515135
-0.848926,51,87.535358
-0.714032,52,87.553876
-0.786567,51,87.57197
-0.690857,51,87.590373
-0.876955,51,87.609215
-0.781274,51,87.803727
-0.83366,51,87.82364
-0.779067,51,87.84657
-0.7723,51,87.864463
-0.891007,51,87.882599
-0.837907,51,87.901286
-0.675224,51,87.918838
-0.66411,51,87.93677
-0.809731,51,87.954702
-0.737647,52,87.973367
-0.868882,52,87.991926
-0.776352,51,88.009863
-0.713612,51,88.027676
-0.703097,51,88.046503
-0.690591,51,88.064679
-0.796921,51,88.083041
-0.775655,52,88.102153
-0.815899,51,88.12027
-0.751078,51,88.139289
-0.67245,52,88.157989
-0.773299,51,88.177056
-0.848024,51,88.195144
-0.744053,51,88.213574
-0.833533,51,88.231487
-0.719731,51,88.249514
-0.740951,51,88.267973
-0.70153,51,88.28621
-0.618892,51,88.305013
-0.80149,52,88.323975
-0.876131,51,88.342406
-0.694806,51,88.361419
-0.645029,51,88.380464
-0.695883,51,88.399362
-0.83145,51,88.418165
-0.667194,51,88.437344
-0.749444,51,88.456166
-0.816965,51,88.47431
-0.794811,52,88.493629
-0.649217,51,88.512293
-0.787807,51,88.530688
-0.898455,52,88.727216
-0.766569,52,88.74577
-0.702668,51,88.764199
-0.745898,51,88.782657
-0.804302,51,88.801378
-0.988128,51,88.82014
-0.73085,51,88.838979
-0.715806,51,88.85728
-0.835319,51,88.87591
-0.758732,51,88.894896
-1.017681,51,88.913455
-0.870892,51,88.93208
-0.718674,51,88.950746
-0.779592,51,88.969389
-0.759038,51,88.987716
-0.753564,51,89.006814
-0.784371,51,89.025323
-0.79791,52,89.043739
-0.826886,51,89.061512
-0.817667,51,89.08113
-0.863742,51,89.099358
-0.861064,51,89.118959
-0.739503,51,89.13786
-0.700398,51,89.155922
-0.87874,51,89.174798
-0.958695,51,89.193235
-0.745533,52,89.211991
-0.673874,51,89.230725
-0.757147,51,89.249286
-0.744852,51,89.267294
-0.736583,51,89.285174
-0.772909,51,89.3037
-0.717395,51,89.322048
-0.85739,51,89.340518
-0.862461,51,89.35882
-0.700038,51,89.377284
-0.824794,51,89.395532
-0.632235,51,89.41401
-0.828713,51,89.433102
-0.814751,51,89.451718
-0.783313,51,89.645478
-0.915559,51,89.664388
-0.754433,51,89.682439
-0.75115,52,89.700756
-0.750749,51,89.719562
-0.816165,51,89.737803
-0.769077,52,89.756347
-0.798546,51,89.774906
-0.768664,51,89.7938
-0.869683,51,89.812526
-0.746438,51,89.831232
-0.797981,51,89.850085
-0.796479,52,89.868459
-0.776227,51,89.886254
-0.752154,51,89.904114
-0.700464,51,89.922733
-0.822249,51,89.940568
-0.753291,51,89.958417
-0.737807,51,89.977015
-0.785166,51,89.995261
-0.810982,51,90.013546
-0.807523,51,90.032071
-0.840947,52,90.05091
-0.679329,51,90.069024
-0.796522,52,90.088069
-0.65994,51,90.105984
-0.661834,51,90.123945
-0.89627,51,90.142673
-0.766375,52,90.161335
-0.789392,52,90.182166
-0.833102,52,90.201373
-0.742652,51,90.220034
-0.79767,51,90.239155
-0.69317,51,90.25703
-0.793688,51,90.275541
-0.886598,51,90.294076
-0.728336,52,90.312389
-0.904527,51,90.330426
-0.676523,51,90.348757
-0.751776,51,90.366991
-0.685038,52,90.562762
-0.793505,51,90.581339
-0.661429,51,90.600114
-0.708133,51,90.618849
-0.790858,51,90.638474
-0.880754,51,90.656918
-0.714601,52,90.676949
-0.780023,51,90.694946
-0.663064,51,90.712499
-0.85541,51,90.731124
-0.629332,51,90.74887
-0.730279,51,90.766926
-0.748875,51,90.785457
-0.796547,52,90.803682
-0.780307,51,90.821593
-0.79302,51,90.839537
-0.768573,52,90.858179
-0.745152,51,90.876057
-0.771016,51,90.89393
-0.813372,51,90.912844
-0.716091,51,90.930665
-0.676564,51,90.948513
-0.719088,51,90.966255
-0.794753,51,90.984313
-0.776268,51,91.00254
-0.72289,51,91.021185
-0.769299,51,91.039364
-0.797436,51,91.057969
-0.830182,51,91.076561
-0.857443,51,91.095323
-0.791,52,91.114782
-0.850739,51,91.133499
-0.87769,51,91.151745
-0.715411,51,91.170329
-0.721257,51,91.188906
-0.719522,51,91.207446
-0.749695,51,91.226136
-0.772955,51,91.246141
-0.761635,52,91.265067
-0.741299,51,91.28387
-0.780237,51,91.477097
-0.73599,51,91.496372
-0.712354,51,91.515268
-0.754363,51,91.534102
-0.717633,51,91.553479
-0.756002,51,91.571954
-0.715788,51,91.590513
-0.684144,51,91.609444
-0.810335,51,91.6282
-0.738528,51,91.646851
-0.752839,51,91.665623
-0.750024,51,91.683916
-0.758738,51,91.702118
-0.797124,51,91.721057
-0.715462,51,91.739364
-0.749619,51,91.757238
-0.651854,51,91.776237
-0.727583,51,91.794581
-0.797733,51,91.812592
-0.862049,51,91.830551
-0.664412,51,91.848439
-0.684761,51,91.867185
-0.781451,51,91.885399
-0.859479,52,91.904266
-0.67482,51,91.922235
-0.697367,51,91.940973
-0.668067,51,91.959896
-0.773552,51,91.979596
-0.781334,51,91.998185
-0.681038,51,92.017011
-0.798004,51,92.035999
-0.654886,51,92.055366
-0.887557,52,92.074747
-0.752532,51,92.093155
-0.651423,51,92.111569
-0.837869,51,92.130398
-0.8482,51,92.149206
-0.66943,51,92.167933
-0.717068,51,92.185806
-0.75364,52,92.204069
-0.892968,51,92.397583
-0.75219,51,92.416759
-0.803182,51,92.435089
-0.716378,51,92.453372
-0.731865,51,92.471657
-0.762543,51,92.489962
-0.697511,51,92.508776
-0.813844,51,92.527286
-0.681476,51,92.54558
-1.014886,51,92.563873
-0.740541,51,92.582055
-0.733676,52,92.601148
-0.641039,52,92.619779
-0.738818,51,92.638588
-0.740162,51,92.657059
-0.731856,51,92.675646
-0.708099,52,92.694644
-0.707283,51,92.712723
-0.751367,51,92.731255
-0.67057,51,92.750352
-0.772375,51,92.76909
-0.796958,52,92.787988
-0.754329,51,92.807153
-0.70549,51,92.8254
-0.738746,51,92.845185
-0.770851,51,92.863466
-0.757096,51,92.88152
-0.779388,51,92.899899
-0.717144,51,92.918383
-0.681631,51,92.936667
-0.788953,51,92.956583
-0.797378,51,92.975855
-0.732147,51,92.994778
-0.756756,51,93.013202
-0.686627,51,93.031504
-0.79124,52,93.049914
-0.901493,52,93.0682
-0.774482,51,93.086376
-0.772007,51,93.105037
-0.783094,51,93.123538
-0.775352,51,93.31572
-0.749862,51,93.33432
-0.858964,51,93.352633
-0.740265,51,93.371874
-0.745285,51,93.391581
-0.711719,51,93.409851
-0.735519,51,93.428418
-0.696863,51,93.445955
-0.828214,51,93.463904
-0.743847,51,93.481761
-0.774013,51,93.499552
-0.818471,51,93.51738
-0.829974,51,93.535891
-0.709188,51,93.55429
-0.732597,51,93.572541
-0.605464,51,93.591005
-0.729893,51,93.609015
-0.719384,51,93.627506
-0.794794,51,93.646129
-0.737155,51,93.664314
-0.742073,51,93.682206
-0.760029,52,93.700442
-0.826854,52,93.718592
-0.64263,51,93.736507
-0.665985,51,93.755049
-0.716892,51,93.773581
-0.861594,51,93.792267
-0.741356,51,93.810909
-0.845698,51,93.829343
-0.646297,51,93.847632
-0.849898,51,93.866349
-0.781969,52,93.885247
-0.739792,51,93.903988
-0.743841,51,93.923911
-0.818193,51,93.942587
-0.628804,51,93.960818
-0.747319,52,93.979862
-0.803635,51,93.998378
-0.910339,51,94.01716
-0.824486,51,94.035224
-0.683528,51,94.225161
-0.781266,51,94.243536
-0.756119,51,94.261958
-0.770323,51,94.280337
-0.691846,51,94.298204
-0.81612,51,94.31613
-0.834349,51,94.334454
-0.671609,51,94.352344
-0.745964,51,94.370935
-0.755556,51,94.389497
-0.685206,52,94.40848
-0.655204,51,94.427094
-0.780917,51,94.446889
-0.680995,51,94.465737
-0.675047,51,94.483696
-0.955253,51,94.501602
-0.762645,51,94.519494
-0.822249,52,94.537747
-0.862955,51,94.556067
-0.743571,51,94.57444
-0.727888,51,94.592873
-0.863172,52,94.611758
-0.749889,52,94.630921
-0.721546,51,94.649371
-0.898876,51,94.668211
-0.886079,51,94.687359
-0.830271,51,94.706076
-0.784135,51,94.724682
-0.660674,51,94.743712
-0.891145,51,94.762348
-0.691496,51,94.781364
-0.65905,51,94.799729
-1.007986,51,94.817526
-0.746249,51,94.835285
-0.702157,51,94.853531
-0.920194,51,94.871379
-0.689377,52,94.890466
-0.810093,51,94.90857
-0.758065,51,94.926542
-0.688426,51,94.944415
-1.052763,51,95.133281
-0.672368,51,95.15223
-0.807255,51,95.170218
-0.777446,51,95.188636
-0.717889,51,95.207243
-0.817883,51,95.225664
-0.719399,51,95.244338
-0.837189,51,95.262656
-0.796294,51,95.281169
-0.833367,51,95.299568
-0.752438,51,95.317377
-0.674422,51,95.335439
-0.83743,51,95.353457
-0.824988,51,95.371538
-0.625296,51,95.389568
-0.901732,51,95.408043
-0.725462,51,95.426149
-0.829307,52,95.445072
-0.675489,51,95.463569
-0.672785,51,95.482139
-0.711736,51,95.500816
-0.716283,51,95.521199
-0.720272,51,95.53943
-0.722151,51,95.557365
-0.851644,51,95.575285
-0.887032,51,95.593299
-0.779437,51,95.611623
-0.88154,51,95.629482
-0.810824,51,95.647764
-0.647244,51,95.666311
-1.046471,51,95.684072
-0.803255,51,95.702108
-0.782925,51,95.720392
-0.614772,51,95.738295
-0.667849,51,95.756141
-0.650394,51,95.774542
-0.734048,51,95.792678
-0.851879,51,95.811294
-0.833586,51,95.829707
-0.78916,51,95.848021
-0.821434,51,96.042077
-0.714494,51,96.06578
-0.779604,51,96.085386
-0.676349,51,96.105875
-0.753796,51,96.124213
-0.858605,51,96.142513
-0.710924,51,96.161149
-0.748342,51,96.178983
-0.725285,51,96.196961
-1.124153,51,96.214906
-0.80914,51,96.233238
-0.723569,51,96.251566
-0.711654,51,96.270513
-0.747413,51,96.289151
-0.775962,51,96.308197
-0.836431,51,96.326927
-0.736565,52,96.346805
-0.762753,51,96.364933
-0.751618,51,96.38276
-0.921377,51,96.400628
-0.840754,51,96.418575
-0.932663,51,96.43717
-0.733536,51,96.456044
-0.883975,52,96.474877
-0.674534,51,96.493136
-0.823417,51,96.511877
-0.730683,52,96.530829
-0.76909,51,96.5494
-0.88236,52,96.568481
-0.822137,51,96.587239
-0.815351,51,96.605824
-0.76755,51,96.623963
-0.748075,51,96.642541
-0.823883,51,96.661037
-0.775166,51,96.679925
-0.871778,51,96.698436
-0.7398,52,96.717588
-0.693406,51,96.736032
-0.780722,51,96.754655
-0.875871,51,96.772931
-0.921251,51,96.790831
-0.808457,51,96.981475
-0.712947,51,96.999484
-0.710274,51,97.017335
-0.832143,52,97.035587
-0.815068,51,97.053431
-0.62915,51,97.07147
-0.713114,52,97.090073
-0.729296,51,97.108812
-0.766425,52,97.128776
-0.810807,51,97.147228
-0.836638,51,97.165997
-0.67306,51,97.184238
-0.640335,52,97.203674
-0.882943,51,97.222256
-0.673811,51,97.240682
-0.808358,51,97.25941
-0.758467,51,97.277548
-0.685716,51,97.295511
-0.900602,51,97.313885
-0.715832,51,97.332035
-0.809563,52,97.351068
-0.675492,52,97.369928
-0.678889,51,97.388527
-0.666949,51,97.406914
-0.955892,51,97.424991
-0.600245,51,97.443374
-0.902862,51,97.461629
-0.872684,51,97.480227
-0.709259,51,97.498647
-0.693595,51,97.516771
-0.634044,51,97.536006
-0.761745,51,97.554234
-0.75309,51,97.572883
-0.869393,51,97.591581
-0.704768,51,97.609796
-0.738125,51,97.627394
-0.844954,51,97.645116
-0.753267,52,97.664173
-1.078087,51,97.682524
-0.708663,51,97.700462
-1.037081,51,97.891962
-0.737842,51,97.911147
-0.76467,51,97.929703
-0.77427,51,97.948559
-0.902654,51,97.967282
-0.823047,51,97.985698
-0.712172,51,98.004548
-0.694017,51,98.024094
-0.720051,52,98.043254
-0.768402,51,98.061993
-0.804721,51,98.080692
-0.851355,51,98.099423
-0.820324,51,98.117997
-0.800352,51,98.136757
-0.727815,52,98.155388
-0.708079,51,98.174597
-0.754157,51,98.19488
-0.720577,51,98.212853
-0.718443,51,98.23077
-0.787872,51,98.24952
-0.736566,51,98.267373
-0.765245,52,98.286199
-0.646897,51,98.305292
-0.775184,51,98.323955
-0.653164,51,98.342643
-0.932564,52,98.361654
-0.953251,51,98.380535
-0.885209,51,98.399419
-0.744106,51,98.418495
-0.770248,51,98.437283
-0.730535,51,98.455784
-0.705677,51,98.474688
-0.770116,51,98.493645
-0.742261,51,98.51199
-0.750469,51,98.530534
-0.736511,51,98.549853
-0.815107,51,98.568631
-0.749012,51,98.587723
-0.790625,51,98.606251
-0.802245,51,98.625014
-0.808086,51,98.820884
-0.679701,51,98.839455
-0.879197,51,98.858614
-0.730429,51,98.877699
-0.734954,52,98.896109
-0.659429,51,98.914543
-0.764871,51,98.934275
-0.715456,52,98.954533
-0.793188,51,98.972609
-0.930576,51,98.991211
-0.714038,52,99.010701
-0.74517,51,99.029098
-0.800097,51,99.0477
-0.768905,51,99.06629
-0.797209,51,99.08424
-1.037161,51,99.102426
-0.739764,51,99.120982
-0.835389,51,99.140464
-0.687952,51,99.159402
-0.889412,52,99.178772
-0.803294,51,99.197894
-0.741197,51,99.216096
-0.753999,51,99.234637
-0.740343,51,99.253816
-0.833079,51,99.271778
-0.714387,51,99.289944
-0.750927,51,99.308449
-0.862625,51,99.327472
-0.761556,51,99.346036
-0.717371,51,99.365058
-0.710535,51,99.383981
-0.863415,51,99.402601
-0.759112,52,99.422055
-0.804443,51,99.441064
-0.830012,51,99.460055
-0.708926,51,99.479609
-0.811372,51,99.499119
-0.853448,51,99.518009
-0.653999,51,99.536711
-0.704074,51,99.556142
-0.847857,51,99.750847
-0.855581,51,99.76936
-0.904609,51,99.789667
-0.737659,51,99.807853
-0.687385,51,99.82675
-0.972527,51,99.846429
-0.749429,51,99.865195
-0.768979,51,99.884325
-0.784496,51,99.903852
-0.799415,51,99.923169
-0.681564,51,99.942397
-0.660588,52,99.961431
-0.610599,51,99.980011
-0.749755,51,99.999073
-0.778385,51,100.017243
-0.695105,51,100.036375
-0.867631,51,100.055809
-0.734826,51,100.074837
-0.707686,51,100.093438
-0.719618,51,100.112096
-0.724584,51,100.131075
-0.712327,51,100.150244
-0.849145,52,100.169551
-0.700371,51,100.189192
-0.741961,51,100.2079
-0.705328,51,100.227511
-0.779612,51,100.2467
-0.784966,51,100.26622
-0.850162,51,100.285843
-0.774091,51,100.305106
-0.791428,52,100.32496
-0.708221,51,100.343965
-0.775577,52,100.363486
-0.815021,51,100.382244
-0.822015,51,100.401845
-0.88469,51,100.420719
-0.742065,51,100.44013
-0.7787,51,100.459027
-0.729819,51,100.477674
-0.755375,51,100.496368
-0.68091,51,100.693415
-0.787618,51,100.711369
-0.735154,51,100.729194
-0.718279,52,100.747938
-0.741562,51,100.76604
-0.764258,51,100.784656
-0.796807,51,100.803547
-0.70715,51,100.82212
-0.813181,52,100.841579
-0.828714,51,100.861634
-0.765749,51,100.880909
-0.778672,51,100.90053
-0.82598,51,100.920115
-0.683986,51,100.939705
-0.699738,51,100.958762
-0.774736,51,100.978307
-0.775951,51,100.997387
-0.75601,52,101.017328
-0.735185,51,101.036082
-0.720056,52,101.055873
-0.764715,51,101.074933
-0.819525,51,101.093866
-0.85269,51,101.113598
-0.861337,51,101.132002
-0.694739,52,101.150383
-0.752092,52,101.168758
-0.720489,51,101.187452
-0.833982,51,101.205532
-0.744422,51,101.224237
-0.781117,51,101.243472
-0.719318,51,101.26186
-0.765857,52,101.281318
-0.769457,51,101.299787
-0.732478,51,101.318139
-0.704944,51,101.337203
-0.762694,51,101.355854
-0.808605,51,101.374885
-0.791402,51,101.393904
-0.765018,51,101.412549
-0.799587,51,101.430837
-0.746388,51,101.627947
-0.660324,51,101.647229
-0.72551,52,101.666816
-0.714972,51,101.686373
-0.79369,51,101.705444
-0.858221,51,101.724324
-0.975363,51,101.743125
-0.7697,51,101.761731
-0.711646,51,101.780353
-0.789622,51,101.799376
-0.743823,51,101.818381
-0.770822,52,101.83741
-0.79066,51,101.856178
-0.720387,51,101.874438
-0.755666,51,101.893119
-0.805161,51,101.912175
-0.750388,51,101.930693
-0.870607,51,101.950009
-0.729633,52,101.96873
-0.884149,51,101.987311
-0.735117,51,102.005848
-0.641844,51,102.024671
-0.814249,51,102.042981
-0.860653,51,102.061752
-0.65225,51,102.080963
-0.831354,51,102.099901
-0.725148,51,102.119293
-0.709766,51,102.137953
-0.695011,51,102.156873
-0.866067,51,102.175978
-0.709397,51,102.194261
-0.80128,51,102.213776
-0.788678,51,102.232373
-0.848325,51,102.251109
-0.698268,51,102.270277
-0.732973,51,102.289379
-0.732305,51,102.308478
-0.918923,51,102.32717
-0.992956,52,102.346592
-0.792746,51,102.365378
-0.797624,52,102.565022
-0.737769,51,102.583497
-0.788357,51,102.602611
-0.817447,51,102.621415
-1.002598,51,102.640621
-0.769645,51,102.659883
-0.647249,52,102.679109
-0.72704,51,102.698205
-0.647122,51,102.717691
-0.708438,51,102.736138
-0.832651,51,102.75558
-0.678005,52,102.774483
-0.727786,51,102.793494
-0.847214,51,102.812564
-0.738373,51,102.831091
-0.721735,51,102.85006
-0.765791,52,102.868985
-0.689794,51,102.889017
-0.78486,51,102.908365
-0.773509,51,102.927247
-0.825138,51,102.945854
-0.755899,51,102.965447
-0.845225,51,102.985083
-0.913393,51,103.003398
-0.720248,51,103.021434
-0.671063,51,103.040049
-0.745726,52,103.05969
-0.723074,52,103.07919
-0.688258,51,103.098457
-0.777545,52,103.118218
-0.791431,51,103.137456
-0.808062,52,103.156525
-0.77367,51,103.175624
-0.820764,51,103.195149
-0.92915,51,103.214516
-0.765584,52,103.234252
-0.759137,51,103.253767
-0.718098,51,103.273228
-0.735082,51,103.292227
-0.606704,51,103.31076
-0.726984,51,103.508981
-0.750713,51,103.527848
-0.735365,51,103.545885
-0.853308,51,103.564565
-0.83898,51,103.583308
-0.660642,52,103.60234
-0.802234,51,103.621769
-0.745343,51,103.64068
-0.828987,51,103.659664
-0.772096,52,103.67901
-0.88038,51,103.697458
-0.739263,51,103.716423
-0.727059,51,103.735329
-0.786578,51,103.754109
-0.820068,51,103.772597
-0.753848,51,103.791526
-0.749647,51,103.810386
-0.743626,51,103.82932
-0.735784,52,103.84825
-0.716214,51,103.866933
-0.728774,51,103.885444
-0.729634,51,103.904086
-0.78854,51,103.92271
-0.703616,51,103.941762
-0.814351,52,103.960798
-0.811953,51,103.979307
-0.720518,51,103.998083
-0.824805,51,104.016353
-0.834801,51,104.034406
-0.8432,51,104.053247
-0.665757,51,104.071535
-0.727318,51,104.090198
-0.874372,51,104.108886
-0.730524,52,104.128627
-0.781056,51,104.14746
-0.824535,51,104.166196
-0.670305,52,104.185774
-0.782047,52,104.205086
-0.69497,51,104.22399
-0.825707,51,104.241951
-0.814261,51,104.431871
-0.825435,51,104.449689
-0.742145,51,104.467471
-0.689083,51,104.485766
-0.977925,51,104.50408
-0.691819,51,104.522642
-0.820588,51,104.541232
-0.777053,51,104.559732
-0.773108,51,104.578663
-1.042327,51,104.597123
-0.709353,51,104.615087
-0.725203,51,104.633075
-0.823697,51,104.651045
-0.751372,51,104.669022
-0.793746,51,104.687371
-0.682361,51,104.706254
-0.742589,51,104.724926
-0.665654,52,104.743583
-0.633159,51,104.761376
-0.943522,51,104.779342
-0.613126,52,104.797489
-0.708344,51,104.815299
-0.892738,52,104.834704
-0.801011,51,104.852872
-0.800997,51,104.870417
-0.720104,51,104.888458
-0.801164,51,104.907155
-0.712237,51,104.92544
-0.70638,52,104.944501
-0.739272,52,104.963744
-0.715398,51,104.982428
-0.763428,51,105.000808
-0.742587,51,105.01928
-0.727624,51,105.037837
-0.766939,51,105.056573
-0.73323,52,105.074458
-0.670456,51,105.09229
-0.665445,51,105.111275
-0.710407,51,105.130176
-0.697479,51,105.148113
-0.691583,51,105.338595
-0.871778,51,105.357554
-0.770955,51,105.375751
-0.692693,51,105.394403
-0.797828,51,105.413114
-0.708092,52,105.432612
-0.7156,51,105.450969
-0.70608,52,105.469688
-0.667126,51,105.487435
-0.698428,51,105.505663
-0.731948,52,105.524149
-0.697427,51,105.542345
-0.689264,51,105.560699
-0.850505,52,105.579842
-0.669228,51,105.598446
-0.836877,51,105.617394
-0.643589,51,105.635516
-0.750258,51,105.655185
-0.725544,51,105.67377
-0.790971,51,105.692027
-0.733201,51,105.70982
-0.816899,51,105.728066
-0.730597,51,105.746467
-0.741913,51,105.764299
-0.796608,51,105.78219
-0.778508,51,105.800295
-0.642751,51,105.81834
-0.64961,51,105.836868
-0.72964,51,105.855879
-0.699984,51,105.875095
-0.68485,51,105.894165
-0.773473,52,105.912538
-0.802952,51,105.93085
-0.712657,52,105.949577
-0.773821,51,105.96841
-0.97476,51,105.987123
-0.843592,52,106.006251
-0.846569,51,106.024001
-0.842657,51,106.042145
-0.823488,52,106.060821
-0.823799,51,106.254587
-0.700097,52,106.273171
-0.790734,51,106.291359
-0.857219,51,106.311034
-0.741942,51,106.329184
-0.891966,51,106.347278
-0.862479,51,106.365446
-0.918186,51,106.383617
-0.710438,51,106.401884
-0.67945,51,106.419939
-0.767157,51,106.438326
-0.67375,51,106.456691
-0.888292,51,106.475032
-0.775749,51,106.493305
-0.701129,52,106.512331
-0.725306,51,106.530204
-0.694025,51,106.548096
-0.670698,51,106.566436
-0.757111,51,106.584828
-0.790104,51,106.603425
-0.658434,51,106.622492
-0.748659,51,106.641052
-0.777059,51,106.659987
-0.783292,51,106.679386
-0.711776,51,106.698495
-0.79795,51,106.71862
-0.923036,51,106.737983
-0.749993,51,106.756579
-0.745337,51,106.774691
-0.736046,51,106.793957
-0.925513,51,106.812982
-0.758516,51,106.831271
-0.849363,51,106.849911
-0.926643,52,106.868954
-0.925585,51,106.887767
-0.743357,51,106.906077
-0.689553,51,106.923918
-0.813227,51,106.942148
-0.689704,51,106.960378
-0.710796,51,106.97818
-0.728738,51,107.176041
-0.6439,51,107.195453
-0.703638,51,107.214426
-0.706403,51,107.233191
-0.773498,51,107.252831
-0.618429,51,107.271314
-0.76322,51,107.289307
-0.704856,51,107.307278
-0.822158,51,107.325253
-0.748977,51,107.343145
-0.818267,51,107.362048
-0.648301,51,107.380121
-0.681697,52,107.398956
-0.663265,51,107.417544
-0.685442,52,107.436211
-0.743689,51,107.454884
-0.720379,51,107.473519
-0.839184,51,107.491658
-0.632686,52,107.510487
-0.682168,51,107.529871
-0.640199,51,107.54815
-0.684185,51,107.566779
-0.702853,51,107.585816
-0.754095,51,107.604747
-0.771508,52,107.623764
-0.818184,51,107.645475
-0.858419,51,107.664196
-0.876352,51,107.682263
-0.753995,51,107.700838
-0.626188,51,107.719427
-0.735945,52,107.738746
-0.855401,51,107.757151
-0.77984,51,107.776347
-0.747583,51,107.79585
-0.69288,51,107.813907
-0.702265,51,107.831826
-0.713785,51,107.850183
-0.685471,51,107.86851
-0.772386,51,107.886663
-0.815848,51,107.90467
-0.721646,51,108.099622
-0.765607,51,108.118477
-0.781997,52,108.137234
-0.73069,51,108.154695
-0.691403,51,108.172486
-0.821114,52,108.190933
-0.828214,51,108.208947
-0.846425,51,108.226762
-0.796361,51,108.244971
-0.789748,51,108.263135
-0.810742,51,108.281446
-0.791693,51,108.299416
-0.725509,52,108.318843
-0.745353,51,108.338142
-0.790191,51,108.356973
-0.635374,52,108.375406
-0.648848,51,108.393778
-0.711969,51,108.41197
-0.76006,51,108.429891
-0.739075,51,108.447824
-0.67665,51,108.466114
-0.754789,51,108.484292
-0.739404,52,108.502912
-0.789859,52,108.521898
-0.803978,51,108.540464
-0.86103,51,108.55937
-0.888588,51,108.577697
-0.730914,51,108.596258
-0.692035,52,108.615588
-0.89222,51,108.634169
-0.7683,51,108.652163
-0.747466,51,108.670103
-0.769257,52,108.68924
-0.789395,51,108.707521
-0.709557,51,108.725374
-0.716204,51,108.743805
-0.651503,51,108.763778
-0.718757,51,108.782594
-0.662943,51,108.801091
-0.822073,51,108.819513
-0.67044,51,109.013781
-0.688036,51,109.033068
-0.707814,51,109.051786
-0.74574,51,109.070498
-0.701788,51,109.089075
-0.782014,51,109.107692
-0.700263,51,109.126198
-0.800786,51,109.144551
-0.945293,51,109.162828
-0.72979,52,109.181574
-0.661654,52,109.200463
-0.722337,52,109.219314
-0.726007,52,109.238793
-0.735022,51,109.256851
-0.644358,51,109.275282
-0.673865,51,109.293449
-0.887138,51,109.311293
-0.690348,51,109.329192
-0.701954,51,109.347462
-0.821455,52,109.365889
-0.776063,51,109.386038
-0.653876,52,109.405005
-0.765465,51,109.42441
-0.726393,51,109.443301
-0.741254,52,109.462887
-0.743166,51,109.481634
-0.881412,51,109.500655
-0.78406,51,109.518877
-0.705698,51,109.53777
-0.720322,51,109.556662
-0.818974,51,109.575457
-0.66095,51,109.593806
-0.725871,51,109.612978
-0.610814,51,109.631721
-0.640041,51,109.650655
-0.663766,51,109.676804
-0.729579,51,109.701549
-0.836598,51,109.729844
-0.690505,51,109.765466
-0.741749,51,109.789283
-0.682679,52,110.006855
-0.915187,51,110.02534
-0.741117,52,110.04507
-0.841806,52,110.066245
-0.768226,52,110.085959
-0.698518,51,110.105217
-0.721343,51,110.126013
-0.803996,51,110.144866
-0.800802,51,110.163522
-0.719942,51,110.184958
-0.64129,51,110.207588
-0.689773,51,110.227937
-0.687048,51,110.247668
-0.686879,51,110.268305
-0.585112,51,110.28754
-0.805275,52,110.307306
-0.681684,51,110.326093
-0.768874,51,110.346116
-0.788514,51,110.365527
-0.745897,51,110.385697
-0.796928,51,110.40523
-0.759111,51,110.425128
-0.829769,51,110.447396
-0.668454,51,110.469107
-0.66496,51,110.491777
-0.725274,51,110.519867
-0.818296,51,110.548941
-0.948506,51,110.571137
-0.865063,51,110.593026
-0.865962,51,110.623711
-0.753427,51,110.647718
-0.786067,51,110.670122
-0.72786,51,110.688255
-0.755462,51,110.706245
-0.659873,51,110.724259
-0.799067,52,110.743348
-0.727655,51,110.76215
-0.798926,51,110.780833
-0.65587,51,110.799103
-0.723491,51,110.817228
-0.744191,52,111.009551
-0.820874,51,111.0277
-0.791451,51,111.045671
-0.660703,52,111.063915
-0.778646,51,111.081827
-0.796009,51,111.10055
-0.630832,51,111.119595
-0.756279,51,111.137961
-0.830407,52,111.157382
-0.716345,51,111.175993
-0.887139,51,111.195102
-0.59329,51,111.21374
-0.714218,51,111.232293
-0.687686,51,111.251141
-0.881443,51,111.270027
-0.635004,51,111.288575
-0.60058,51,111.308106
-0.907661,51,111.325587
-0.843164,51,111.343441
-0.799565,51,111.361264
-0.866041,51,111.379546
-0.939093,51,111.397833
-0.859574,51,111.416447
-0.746218,51,111.43552
-0.752906,51,111.454752
-0.668549,51,111.473558
-0.692151,51,111.493118
-0.802233,52,111.512704
-0.74237,51,111.532428
-0.743337,51,111.550798
-0.738675,52,111.569297
-0.752571,51,111.587305
-0.796641,51,111.605697
-0.938581,51,111.624228
-0.779292,51,111.642903
-0.620484,51,111.661115
-0.849965,51,111.67975
-0.711742,51,111.698352
-0.682535,51,111.717394
-0.777418,51,111.735806
-0.871841,51,111.927506
-0.694807,52,111.946457
-0.623451,51,111.964815
-0.74299,52,111.983564
-0.727219,51,112.002145
-0.878122,51,112.020577
-0.787065,51,112.038878
-0.744599,51,112.058938
-0.704004,51,112.077266
-0.717097,51,112.095432
-0.680657,52,112.114268
-0.621397,51,112.13263
-0.745043,51,112.15063
-0.769741,51,112.168498
-0.743957,51,112.186464
-0.703598,51,112.204998
-0.67166,51,112.2236
-0.531006,51,112.241883
-0.761291,52,112.261014
-0.83832,51,112.279829
-0.729253,51,112.298023
-0.902356,51,112.316778
-0.676933,51,112.335789
-0.766843,51,112.355302
-0.813417,51,112.374598
-0.644681,51,112.392957
-0.674866,51,112.411574
-0.883038,51,112.429988
-0.656371,51,112.448906
-0.731883,52,112.46811
-0.658278,51,112.486738
-0.918005,51,112.505179
-0.666345,51,112.523422
-0.888003,51,112.542548
-0.771942,51,112.562248
-0.670742,52,112.583125
-0.733786,51,112.601249
-0.873897,51,112.61965
-0.800839,51,112.637578
-0.694285,51,112.655447
-0.712151,51,112.844888
-0.649637,51,112.863449
-0.695119,51,112.881907
-0.80531,51,112.900491
-0.692122,51,112.919564
-0.991914,51,112.937874
-0.865178,51,112.956271
-0.599155,51,112.975248
-0.828324,51,112.993297
-0.68106,51,113.011357
-0.669726,51,113.029348
-0.768146,51,113.047778
-0.759535,51,113.06615
-0.618054,51,113.084499
-0.717526,51,113.102803
-0.805782,51,113.121977
-0.755895,51,113.140379
-0.796856,51,113.15878
-0.690737,51,113.17715
-0.76519,51,113.194985
-0.848615,51,113.212733
-0.757722,51,113.230485
-0.744167,52,113.249729
-0.93385,51,113.268433
-0.702333,51,113.287036
-0.725053,51,113.305631
-0.767057,51,113.324152
-0.77622,51,113.342721
-0.774438,51,113.36144
-0.789861,52,113.380602
-0.690765,52,113.399909
-0.877279,51,113.41807
-0.762548,52,113.436495
-0.744579,51,113.455343
-0.746494,51,113.473439
-0.641095,52,113.493505
-0.763424,51,113.511997
-0.599134,51,113.530531
-0.780556,51,113.548972
-0.863579,51,113.567255
-0.798374,51,113.75968
-0.761519,51,113.778088
-0.693248,51,113.796824
-0.62846,51,113.815882
-0.702805,51,113.834265
-0.733742,51,113.853086
-0.765264,51,113.871762
-0.81233,52,113.890349
-0.704565,51,113.909353
-0.635712,51,113.927621
-0.788962,51,113.946543
-0.741239,51,113.964645
-0.684936,51,113.983178
-0.789021,51,114.001205
-0.740901,51,114.019246
-0.776094,51,114.037017
-0.882336,51,114.054881
-0.765508,51,114.072701
-0.69486,51,114.090483
-0.78249,51,114.108742
-0.685636,51,114.12692
-0.77957,51,114.146234
-0.798111,51,114.165001
-0.778753,51,114.185285
-0.815706,51,114.205872
-0.750308,51,114.224104
-0.791079,51,114.242139
-0.739937,51,114.260496
-0.70005,51,114.279083
-0.724348,52,114.297949
-0.775737,51,114.316431
-0.688732,51,114.334739
-0.774688,51,114.353511
-0.747755,52,114.374583
-0.706413,52,114.393148
-0.724568,51,114.411128
-0.77214,51,114.429012
-0.736345,51,114.447155
-0.728679,51,114.465448
-0.811994,51,114.484025
-0.642205,51,114.676976
-0.769845,51,114.695646
-0.808744,51,114.714878
-0.949776,51,114.733727
-0.730157,51,114.752244
-0.666631,51,114.770626
-0.803805,51,114.789015
-0.716641,51,114.807388
-0.652772,51,114.825984
-0.727959,51,114.844083
-0.718225,51,114.862393
-0.780559,51,114.881155
-0.696755,52,114.89978
-0.875335,51,114.91845
-0.864775,51,114.940102
-0.786647,51,114.958705
-0.690474,51,114.976687
-0.782092,52,114.995477
-0.779841,51,115.013828
-0.75405,51,115.032479
-0.826705,51,115.051096
-0.810741,52,115.070734
-0.711291,51,115.088852
-0.80338,51,115.107188
-0.69184,51,115.126377
-0.75353,51,115.144752
-0.697309,51,115.163116
-0.733277,51,115.182652
-0.760844,51,115.201629
-0.697125,51,115.2208
-0.747772,51,115.239753
-0.686111,51,115.259694
-0.632561,51,115.27818
-0.723169,51,115.296869
-0.733579,51,115.315496
-0.76358,51,115.334172
-0.688219,51,115.352885
-0.783265,51,115.371451
-0.728816,52,115.390661
-0.738056,51,115.409387
-0.714593,51,115.60601
-0.67147,51,115.6247
-0.783961,51,115.643096
-0.738578,51,115.662278
-0.695254,51,115.682319
-0.774752,51,115.701266
-0.687836,51,115.720025
-0.684497,51,115.738746
-0.763455,51,115.758416
-0.664806,51,115.776607
-0.693709,51,115.796549
-0.783131,51,115.814621
-0.799436,51,115.832544
-0.699904,51,115.850849
-0.721124,52,115.869563
-0.745274,51,115.887494
-0.738854,52,115.906172
-0.791667,51,115.92449
-0.696609,51,115.942797
-0.893351,51,115.961049
-0.655112,51,115.979701
-0.687828,52,115.998848
-0.732032,51,116.018041
-0.775482,51,116.036413
-0.697711,51,116.054883
-0.769245,51,116.074456
-0.786618,51,116.09366
-0.693601,51,116.113014
-0.713668,51,116.131978
-0.745579,52,116.151264
-0.749657,52,116.170652
-0.863387,51,116.189472
-0.827296,51,116.209121
-0.848323,52,116.235298
-0.759152,51,116.264527
-0.713762,51,116.297502
-0.716275,52,116.325774
-0.759953,51,116.353654
-0.706406,51,116.376295
-0.663283,51,116.398206
-0.878482,51,116.618868
-0.740067,51,116.643646
-0.741726,51,116.663753
-0.715422,51,116.684121
-0.709774,51,116.704701
-0.781598,51,116.723032
-0.82499,51,116.741436
-0.707407,51,116.759513
-0.825711,51,116.777427
-0.640516,51,116.795847
-0.754158,52,116.814755
-0.789503,51,116.833744
-0.71551,51,116.853399
-0.702415,51,116.872778
-0.7405,51,116.892016
-0.949244,51,116.910806
-0.893203,51,116.929841
-0.812896,51,116.948749
-0.734282,51,116.966352
-0.832932,51,116.98469
-0.690085,51,117.002598
-0.944649,51,117.021359
-0.817701,51,117.040334
-0.762233,52,117.059826
-0.730677,51,117.078799
-0.76605,51,117.097554
-0.864467,51,117.116148
-0.93506,51,117.135251
-0.700504,52,117.154922
-0.685936,51,117.17386
-0.736114,51,117.19265
-0.886362,51,117.211477
-0.71702,51,117.229997
-0.690782,51,117.249137
-0.645905,51,117.268261
-0.669357,51,117.287392
-0.761002,51,117.306282
-0.813459,51,117.324405
-0.680315,51,117.343563
-0.847407,52,117.362047
-0.713856,51,117.381448
-0.708085,51,117.574147
-0.727816,52,117.593054
-0.814961,51,117.611716
-0.726794,51,117.630643
-0.721957,51,117.649057
-0.92941,52,117.668095
-0.704531,51,117.686368
-0.704541,51,117.705089
-0.869985,51,117.7238
-0.794619,51,117.74242
-0.704353,51,117.760806
-0.728799,51,117.778664
-0.808207,51,117.79646
-0.657632,51,117.814872
-0.754411,52,117.834268
-0.713675,51,117.85237
-0.685633,51,117.87079
-0.765814,52,117.889556
-0.843036,51,117.908151
-0.743054,51,117.92823
-0.695799,52,117.946974
-0.731061,51,117.966412
-0.648716,51,117.985198
-0.677124,52,118.004686
-0.683192,51,118.023455
-0.796845,51,118.042246
-0.74853,51,118.061515
-0.676278,51,118.080921
-0.771936,51,118.09999
-0.728111,51,118.118349
-0.653298,52,118.137556
-0.608622,51,118.156652
-0.846105,51,118.175189
-0.627195,51,118.19319
-0.877176,52,118.211499
-0.655605,51,118.229315
-0.868811,51,118.247504
-0.921787,51,118.265711
-0.925839,51,118.28442
-0.648815,51,118.302652
-0.750292,51,118.492975
-0.726169,51,118.511048
-0.710591,51,118.529023
-0.663693,51,118.547423
-0.76377,51,118.565995
-0.711712,51,118.584635
-0.658267,51,118.603196
-0.7803,51,118.621107
-0.838265,51,118.638891
-0.73081,52,118.657184
-0.763384,52,118.675394
-0.720476,51,118.694531
-0.730278,52,118.713817
-0.666468,52,118.732276
-0.74213,51,118.750697
-0.760482,51,118.769064
-0.639414,52,118.788171
-0.785403,51,118.807039
-0.690021,51,118.825017
-0.761206,51,118.843554
-0.724406,51,118.862231
-0.850212,52,118.881082
-0.816649,52,118.899856
-0.640939,51,118.918185
-0.670973,51,118.936574
-0.745197,52,118.955399
-0.740012,51,118.974143
-0.738459,51,118.993246
-0.754329,51,119.012487
-0.792197,51,119.030599
-0.702945,51,119.048628
-0.729918,51,119.066919
-0.734608,51,119.0863
-0.821019,51,119.104916
-0.697653,51,119.123002
-0.701052,51,119.141686
-0.66053,51,119.159576
-0.805096,51,119.177464
-0.626745,51,119.195738
-0.798734,51,119.214445
-0.832469,51,119.402926
-0.711106,51,119.420992
-0.914908,51,119.439633
-0.637274,51,119.458086
-0.760407,51,119.476367
-0.747908,51,119.494473
-0.667429,51,119.512834
-0.739902,51,119.532963
-0.681805,51,119.55054
-0.777744,51,119.56844
-0.689296,51,119.586375
-0.699917,52,119.605093
-0.555704,51,119.623001
-0.646578,51,119.641566
-0.656468,51,119.659588
-0.740572,51,119.677468
-0.696338,51,119.695718
-0.727172,51,119.713585
-0.697291,51,119.73221
-0.961232,51,119.750271
-0.918943,51,119.768477
-0.791042,51,119.7868
-0.724394,51,119.805264
-0.760537,51,119.823912
-0.755284,51,119.84264
-0.757339,51,119.862516
-0.819704,51,119.882021
-0.723633,51,119.900774
-0.713084,51,119.91968
-0.717869,51,119.938513
-0.675259,51,119.956969
-0.650956,52,119.975852
-0.63031,51,119.994042
-0.794912,52,120.013223
-0.755459,51,120.031837
-0.781057,51,120.050172
-0.65193,52,120.069526
-0.718651,51,120.087525
-0.739683,51,120.105462
-0.924506,51,120.12337
-0.831062,51,120.318801
-0.689719,51,120.337845
-0.764009,52,120.357199
-0.84639,51,120.376017
-0.765142,52,120.394637
-0.746787,51,120.41388
-0.733606,51,120.432615
-0.794482,51,120.451176
-0.834989,51,120.469998
-0.761201,51,120.487885
-0.678788,51,120.505961
-0.681066,51,120.523894
-0.70558,51,120.541721
-0.740079,51,120.560138
-0.642509,51,120.578543
-0.784763,51,120.597374
-0.942909,51,120.61616
-0.653738,52,120.63502
-0.723187,51,120.652909
-0.695506,52,120.671885
-0.698222,51,120.69192
-0.655364,51,120.711302
-0.745648,51,120.730336
-0.720781,51,120.748973
-0.697292,51,120.767413
-0.71515,51,120.787398
-0.679493,51,120.807433
-0.62968,51,120.825793
-0.792982,52,120.846071
-0.642291,52,120.865055
-0.768011,51,120.883899
-0.851475,51,120.902558
-0.663868,51,120.923456
-0.741785,52,120.944378
-0.681568,51,120.962676
-0.757823,51,120.980829
-0.565336,51,120.999367
-0.717752,51,121.019333
-0.760356,51,121.038531
-0.684892,51,121.05737
-0.713011,51,121.271743
-0.741461,51,121.29023
-0.817662,51,121.309562
-0.83396,51,121.328288
-0.657404,51,121.347134
-0.652073,51,121.366052
-0.728485,51,121.384916
-0.751837,51,121.405874
-0.655816,51,121.425263
-0.651879,51,121.445238
-0.759991,51,121.463316
-0.726583,51,121.481452
-0.715139,51,121.500481
-0.657277,51,121.519473
-0.777324,51,121.537445
-0.689635,51,121.556006
-0.761487,51,121.574603
-0.709318,51,121.593317
-0.631866,51,121.612289
-0.799733,51,121.631332
-0.696939,51,121.650948
-0.79226,51,121.670071
-0.649293,51,121.68959
-0.7795,51,121.709204
-0.78186,51,121.727887
-0.723266,51,121.747338
-0.679993,51,121.766532
-0.731537,51,121.786012
-0.929695,51,121.805447
-0.698091,51,121.824965
-0.619262,51,121.844067
-0.835203,51,121.862717
-0.77426,51,121.881511
-0.779939,51,121.899609
-0.682798,51,121.917512
-0.745599,52,121.935671
-0.70063,51,121.953284
-0.694628,51,121.971133
-0.712955,51,121.988928
-0.643152,51,122.007149
-0.683059,52,122.203042
-0.774069,51,122.22115
-0.813019,51,122.239222
-0.645389,52,122.258382
-0.799096,51,122.277034
-0.794319,51,122.295517
-0.752749,51,122.314344
-0.697119,51,122.333411
-0.727112,51,122.352138
-0.839629,51,122.370462
-0.679132,51,122.388777
-0.707409,51,122.407323
-0.771299,51,122.426433
-0.745249,51,122.444768
-0.736682,52,122.463854
-0.899973,51,122.482951
-0.731675,51,122.501685
-0.606995,51,122.520958
-0.770085,51,122.539934
-0.726328,51,122.558843
-0.691917,51,122.577019
-0.691531,52,122.595585
-0.618798,52,122.614178
-0.908048,51,122.632614
-0.749969,51,122.65147
-0.749982,51,122.670288
-0.779982,51,122.68899
-0.781288,51,122.708223
-0.952699,51,122.727587
-0.732687,52,122.746694
-0.797993,51,122.765746
-0.739627,51,122.784846
-0.759789,52,122.803967
-0.656854,51,122.822992
-0.753322,51,122.842517
-0.713356,52,122.861995
-0.717781,51,122.88114
-0.706573,52,122.899901
-0.741105,51,122.918747
-0.805304,51,122.937791
-0.668444,51,123.131731
-0.757983,51,123.151168
-0.691776,51,123.170095
-0.714018,51,123.188214
-0.716947,51,123.206465
-0.614587,51,123.225156
-0.626161,51,123.244131
-0.742825,51,123.262661
-0.761363,51,123.280784
-0.767994,51,123.298803
-0.73763,51,123.317035
-0.930176,51,123.335632
-0.778668,51,123.35415
-0.755067,51,123.372965
-0.694591,51,123.392044
-0.71779,51,123.410507
-0.761367,51,123.428434
-0.75617,51,123.44683
-0.827486,51,123.465709
-0.692279,51,123.484206
-0.696658,51,123.503363
-0.761713,51,123.522416
-0.650515,51,123.541472
-0.694701,51,123.560514
-0.669714,51,123.58019
-0.738908,51,123.599526
-0.900952,51,123.617901
-0.645021,52,123.637382
-0.667882,51,123.656009
-0.698777,51,123.675028
-0.817703,52,123.693709
-0.707071,51,123.712816
-0.69602,51,123.731594
-0.739307,51,123.750915
-0.788351,51,123.769593
-0.884152,51,123.788188
-0.846698,51,123.806326
-0.7012,51,123.824528
-0.713523,51,123.846074
-0.671104,51,123.864613
-0.798867,51,124.059572
-0.746964,52,124.078862
-0.744557,51,124.098069
-0.794683,51,124.116748
-0.717669,51,124.136718
-0.807484,51,124.155145
-0.68602,52,124.174464
-0.847014,51,124.193192
-0.658635,52,124.21192
-0.739116,51,124.230665
-0.751625,51,124.249176
-0.699337,51,124.268312
-0.822325,51,124.287203
-0.71685,51,124.305922
-0.657846,51,124.326625
-0.718024,51,124.346388
-0.738085,52,124.365958
-0.649412,51,124.385132
-0.837677,51,124.404664
-0.706193,51,124.424029
-0.656256,51,124.443222
-0.744402,51,124.462791
-0.796969,51,124.482327
-0.767424,51,124.501451
-0.816488,51,124.520615
-0.678584,51,124.54008
-0.708703,51,124.55922
-0.655193,51,124.57896
-0.73376,52,124.598566
-0.768381,51,124.618015
-0.757147,51,124.638101
-0.818995,51,124.656612
-0.650871,51,124.677661
-0.670369,51,124.69593
-0.767099,51,124.714965
-0.803636,51,124.734797
-0.65268,51,124.758374
-0.680451,51,124.781908
-0.749003,52,124.804
-0.794869,52,124.830227
-0.732903,51,125.035005
-0.702286,51,125.054848
-0.792197,51,125.072757
-0.632435,51,125.091766
-0.706096,51,125.110355
-0.736126,51,125.129425
-0.664771,51,125.148547
-0.676824,51,125.168071
-0.706032,51,125.187631
-0.718156,51,125.207075
-0.836202,51,125.226496
-0.701568,51,125.24549
-0.765057,51,125.26444
-0.807849,51,125.283775
-0.905491,52,125.30309
-0.801627,51,125.322506
-0.814756,52,125.341842
-0.573473,51,125.361116
-0.724925,51,125.381446
-0.750995,51,125.400727
-0.692532,51,125.420137
-0.694077,51,125.439722
-0.827932,51,125.461315
-0.695894,52,125.481179
-0.748376,52,125.500514
-0.725496,51,125.518937
-0.636699,52,125.538279
-0.687265,51,125.557585
-0.746039,51,125.576327
-0.692247,51,125.594946
-0.722792,51,125.614074
-0.789446,51,125.633218
-0.798831,51,125.651851
-0.729289,52,125.671428
-0.577202,51,125.690014
-0.803444,51,125.708067
-0.817936,51,125.726716
-0.822537,51,125.745277
-0.702561,52,125.764235
-0.83013,51,125.783296
-0.712492,51,125.980868
-0.682782,51,126.000266
-0.715059,51,126.019571
-0.779238,51,126.038
-0.658216,51,126.057096
-0.638282,51,126.075983
-0.761345,51,126.094846
-0.642746,51,126.113077
-0.816378,51,126.130955
-0.62016,51,126.148864
-0.615237,51,126.167579
-0.728346,51,126.186368
-0.688373,51,126.204752
-0.744966,51,126.223893
-0.713796,51,126.241726
-0.703457,51,126.259743
-0.815198,51,126.278503
-0.745649,52,126.297165
-0.741153,51,126.314985
-0.693758,51,126.332875
-0.652471,51,126.351046
-0.831389,52,126.369654
-0.672834,52,126.389214
-0.709954,51,126.40795
-0.64887,51,126.42676
-0.737941,51,126.446196
-0.667745,52,126.46558
-0.859701,51,126.48384
-0.803658,51,126.501868
-0.759651,51,126.520215
-0.760135,51,126.538557
-0.854295,51,126.55841
-0.802616,51,126.577714
-0.733534,51,126.59673
-0.738569,51,126.615606
-0.747748,51,126.633955
-0.712159,51,126.653465
-0.63367,51,126.67233
-0.68251,51,126.691704
-0.680184,51,126.711072
-0.773445,51,126.914943
-0.835887,51,126.934102
-0.73971,51,126.953172
-0.691862,52,126.972669
-0.726409,51,126.992724
-0.709265,51,127.010888
-0.68892,51,127.028782
-0.660034,51,127.047064
-0.700042,51,127.066431
-0.693493,51,127.085416
-0.666401,51,127.104396
-0.672104,51,127.123381
-0.696347,52,127.141632
-0.764582,52,127.160681
-0.736983,51,127.179451
-0.699994,51,127.19811
-0.84898,51,127.217174
-0.705672,51,127.236449
-0.64228,52,127.256041
-0.824083,51,127.274297
-0.800649,51,127.293787
-0.866282,51,127.313228
-0.847969,51,127.333573
-0.858071,51,127.353463
-0.667911,51,127.372672
-0.779221,52,127.392213
-0.768951,51,127.411893
-0.730332,51,127.43157
-0.848315,51,127.451165
-0.713744,51,127.470281
-0.670348,51,127.489879
-0.831676,51,127.509569
-0.692219,51,127.529623
-0.682729,52,127.549096
-0.666934,51,127.568537
-0.832647,51,127.58745
-0.681221,51,127.605719
-0.641716,52,127.625234
-0.848458,51,127.64416
-0.66909,52,127.663064
-0.649465,51,127.863042
-0.775737,51,127.88194
-0.727419,51,127.900971
-0.715828,51,127.9202
-0.797892,52,127.938888
-0.724719,51,127.956842
-0.835487,52,127.975031
-0.703029,51,127.993169
-0.953057,51,128.011438
-0.73078,51,128.029654
-0.610091,51,128.048672
-0.671949,52,128.068105
-0.74402,52,128.087221
-0.65148,51,128.106026
-0.861866,51,128.124604
-0.679566,52,128.144472
-0.702252,52,128.163886
-0.854832,51,128.183297
-0.670951,51,128.202372
-0.81412,51,128.221593
-0.684874,52,128.241043
-0.762536,52,128.261046
-0.814095,51,128.2805
-0.745016,51,128.299041
-0.660948,52,128.317715
-0.706134,52,128.337305
-0.709256,51,128.35621
-0.854003,51,128.378564
-0.732643,52,128.397925
-0.861269,51,128.417466
-0.867693,51,128.4372
-0.719463,51,128.456167
-0.705295,51,128.475151
-0.805372,51,128.494522
-0.772699,52,128.513607
-0.808579,51,128.532979
-0.655616,52,128.554165
-0.786055,51,128.576511
-0.756551,51,128.59598
-0.777529,52,128.616271
-0.68122,52,128.815606
-0.718207,51,128.83448
-0.826811,51,128.85321
-0.720992,51,128.872303
-0.659682,51,128.89144
-0.77702,51,128.913727
-0.774594,51,128.932264
-0.684857,52,128.951217
-0.757966,51,128.970223
-0.649271,51,128.989013
-0.692526,52,129.00766
-0.726503,51,129.026597
-0.839887,51,129.045146
-0.637418,51,129.064079
-0.615243,51,129.082805
-0.696129,51,129.101796
-0.817812,51,129.120319
-0.766074,51,129.140235
-0.67971,51,129.159784
-0.749375,51,129.178546
-0.760577,51,129.197724
-0.773761,51,129.215975
-0.710892,52,129.235125
-0.668506,51,129.253889
-0.622777,51,129.272922
-0.634178,51,129.291445
-0.837616,51,129.309928
-0.688488,52,129.329515
-0.737248,51,129.348311
-0.678485,51,129.367511
-0.725353,51,129.386642
-0.675568,52,129.40679
-0.714987,51,129.425735
-0.722181,51,129.444492
-0.650261,51,129.462379
-0.805971,51,129.481145
-0.773803,51,129.499984
-0.77087,51,129.518988
-0.645179,52,129.538293
-0.686394,51,129.556785
-0.848627,51,129.752441
-0.689109,51,129.771407
-0.794037,51,129.789942
-0.85566,51,129.808879
-0.697553,51,129.827355
-0.605117,51,129.846132
-0.782585,51,129.864717
-0.693661,51,129.883178
-0.821103,51,129.901874
-0.754435,51,129.920394
-0.702023,51,129.939005
-0.718878,52,129.959643
-0.777023,51,129.982216
-0.84728,51,130.002756
-0.725215,51,130.022769
-0.81101,51,130.043781
-0.621926,51,130.071255
-0.821238,51,130.089952
-0.752724,51,130.108675
-0.791922,51,130.127805
-0.846076,51,130.146782
-0.709967,51,130.165565
-0.675807,52,130.186792
-0.803587,52,130.206277
-0.695602,51,130.225804
-0.743104,51,130.245432
-0.719085,51,130.263854
-0.688938,51,130.282694
-0.652655,52,130.301818
-0.660716,51,130.321016
-0.629966,51,130.340199
-0.781576,51,130.358847
-0.721007,51,130.37798
-0.761659,51,130.396743
-0.680861,51,130.416077
-0.755589,51,130.434796
-0.670877,52,130.453297
-0.736154,51,130.471194
-0.710172,52,130.489785
-0.653645,51,130.507553
-0.771297,51,130.702951
-0.74897,51,130.723046
-0.789891,51,130.741681
-0.69174,51,130.760205
-0.76944,51,130.778842
-0.678241,51,130.797556
-0.777799,51,130.816572
-0.804155,51,130.835691
-0.733102,51,130.854719
-0.749168,52,130.87418
-0.800649,51,130.892698
-0.731636,51,130.911695
-0.691674,51,130.930211
-0.702129,51,130.949174
-0.78727,51,130.967821
-0.818397,51,130.986472
-0.720209,52,131.005648
-0.637878,51,131.02417
-0.794835,51,131.04274
-0.695667,51,131.06096
-0.787721,51,131.080035
-0.688962,52,131.099471
-0.787904,51,131.118279
-0.666209,51,131.138005
-0.9529,51,131.156634
-0.762104,51,131.17537
-0.73263,51,131.194658
-0.642314,51,131.213498
-0.696683,52,131.233097
-0.773273,51,131.252505
-0.766827,51,131.271567
-0.663615,51,131.29028
-0.717379,51,131.309347
-0.821825,51,131.327736
-0.701162,51,131.34675
-0.672295,51,131.365732
-0.819765,51,131.384683
-0.773153,51,131.403699
-0.842858,51,131.422242
-0.628065,51,131.441306
-0.768173,51,131.635059
-0.610168,51,131.653924
-0.708087,51,131.672303
-0.751414,51,131.691194
-0.776749,51,131.710185
-0.692655,51,131.728692
-0.668007,51,131.746782
-0.719905,51,131.765538
-0.705556,51,131.786141
-0.672962,51,131.804256
-0.697813,51,131.822697
-0.719439,51,131.84125
-0.723079,51,131.859928
-0.702362,51,131.878985
-0.793997,51,131.897535
-0.611361,51,131.915939
-0.736933,51,131.933831
-0.67542,51,131.9521
-0.670488,51,131.970364
-0.610172,52,131.98938
-0.680904,51,132.008071
-0.828818,51,132.027188
-0.806571,51,132.046313
-0.678153,51,132.064769
-0.789101,51,132.083417
-0.758308,51,132.102584
-0.767857,51,132.122329
-0.698705,52,132.142372
-0.802444,51,132.161728
-0.714904,51,132.180879
-0.749741,51,132.199997
-0.937953,51,132.218721
-0.647291,51,132.23781
-0.748875,51,132.256425
-0.638007,51,132.275009
-0.758313,51,132.294029
-0.663419,51,132.313662
-0.762309,51,132.332387
-0.866906,51,132.350279
-0.776784,51,132.368099
-0.689128,51,132.557735
-0.734393,51,132.575909
-0.693086,51,132.595029
-0.8875,51,132.613635
-0.792846,51,132.631972
-0.870229,51,132.650645
-0.703751,51,132.669396
-0.636391,51,132.687911
-0.769355,51,132.706648
-0.73729,51,132.725411
-0.677449,51,132.744408
-0.747018,52,132.763845
-0.683451,51,132.782455
-0.688617,52,132.801051
-0.690788,51,132.819727
-0.863538,51,132.839362
-0.668567,51,132.858806
-0.746531,51,132.877969
-0.784067,51,132.896575
-0.844085,51,132.914954
-0.775946,51,132.933275
-0.808723,51,132.951804
-0.890629,51,132.970842
-0.689377,51,132.990771
-0.75558,51,133.009831
-0.675864,51,133.029218
-0.683697,51,133.047874
-0.697836,52,133.067209
-0.754782,51,133.086078
-0.740531,52,133.104898
-0.671039,51,133.12405
-0.716733,51,133.142837
-0.751283,51,133.161616
-0.634573,51,133.179576
-0.708026,51,133.197467
-0.694646,52,133.216294
-0.918608,51,133.234745
-0.699777,51,133.252851
-0.908707,51,133.271242
-0.919004,51,133.289891
-0.867258,51,133.486219
-0.686605,51,133.504877
-0.738415,52,133.523967
-0.772882,52,133.542242
-0.684647,51,133.56121
-0.730966,51,133.579874
-0.761184,51,133.598404
-0.795059,51,133.617383
-0.798867,52,133.636322
-0.739599,52,133.65558
-0.795904,51,133.673836
-0.689685,51,133.692062
-0.640887,51,133.710391
-0.841789,52,133.729683
-0.647019,51,133.748148
-0.729751,51,133.766443
-0.650642,51,133.785805
-0.739561,52,133.804208
-0.742015,51,133.822133
-0.611739,52,133.840333
-0.638563,51,133.858724
-0.863234,51,133.877436
-0.756192,51,133.895881
-0.692994,51,133.913828
-0.604343,51,133.932634
-0.783773,51,133.951347
-0.757323,51,133.970104
-0.643291,51,133.989553
-0.682903,51,134.007733
-0.695338,51,134.025671
-0.682363,51,134.044006
-0.713246,52,134.065241
-0.676936,51,134.08858
-0.772397,51,134.110585
-0.756257,51,134.131341
-0.750677,51,134.150459
-0.772142,52,134.169478
-0.713094,52,134.187679
-0.835436,51,134.205552
-0.630327,51,134.22334
-0.708261,51,134.416514
-0.63269,51,134.434495
-0.719588,51,134.452917
-0.812672,51,134.472168
-0.747551,51,134.490228
-0.752157,51,134.508663
-0.68656,51,134.526973
-0.842371,51,134.545992
-0.70188,51,134.564068
-0.674012,52,134.58255
-0.669537,51,134.600488
-0.634383,51,134.619043
-0.726176,51,134.637074
-0.724089,51,134.655051
-0.716391,51,134.673368
-0.77661,51,134.691311
-0.719871,51,134.709722
-0.752736,51,134.728846
-0.74057,51,134.747407
-0.91527,51,134.765853
-0.735007,51,134.784203
-0.697012,51,134.802889
-0.894795,51,134.821393
-0.671546,51,134.840116
-0.748478,51,134.858313
-0.742159,51,134.877138
-0.799861,51,134.896162
-0.678261,51,134.914928
-0.792025,51,134.93324
-0.824752,51,134.951622
-0.781481,51,134.969987
-0.679381,51,134.990025
-0.701332,51,135.008415
-0.690326,51,135.02647
-0.815796,51,135.044414
-0.622768,51,135.062771
-0.660371,51,135.081133
-0.690749,51,135.09998
-0.662687,51,135.118192
-0.653004,51,135.137974
-0.780483,51,135.366668
-0.730458,51,135.386662
-0.835681,51,135.404449
-0.801153,51,135.422663
-0.623389,51,135.440993
-0.660418,52,135.460206
-0.66439,51,135.478338
-0.763471,51,135.49676
-0.728438,51,135.516754
-0.83484,51,135.534806
-0.637316,52,135.553106
-0.585188,51,135.570997
-0.823842,51,135.589283
-0.669887,51,135.607445
-0.595789,51,135.625616
-0.709282,52,135.644607
-0.75499,51,135.662419
-0.703707,51,135.680208
-0.684897,51,135.698871
-0.823241,51,135.717292
-0.729309,51,135.736424
-0.725953,52,135.756181
-0.719015,51,135.774901
-0.703825,51,135.79373
-0.647858,51,135.825847
-0.770977,52,135.850693
-0.656131,51,135.874299
-0.660828,51,135.89569
-0.754244,51,135.914738
-0.795292,51,135.933228
-0.722778,51,135.952312
-0.669814,51,135.971057
-0.767098,51,135.990189
-0.636755,52,136.009201
-0.630578,51,136.027376
-0.662964,51,136.049986
-0.719388,52,136.069338
-0.689066,51,136.087795
-1.074629,51,136.107021
-0.693487,51,136.1261
-0.695984,51,136.322901
-0.666202,52,136.341892
-0.787998,51,136.35997
-0.804039,51,136.378647
-0.894406,51,136.397072
-0.738228,51,136.414989
-0.891865,51,136.433239
-0.742627,51,136.453073
-0.762245,51,136.472938
-0.688043,51,136.492591
-0.72202,51,136.513068
-0.725064,51,136.531924
-0.641414,51,136.551537
-0.803994,51,136.574032
-0.661348,51,136.600663
-0.778112,51,136.621889
-0.787332,51,136.640549
-0.905326,51,136.659472
-0.595196,51,136.677823
-0.675231,51,136.696057
-0.699589,51,136.71456
-0.748351,51,136.733375
-0.778534,51,136.752776
-0.787099,51,136.772589
-0.695913,51,136.791198
-0.86141,51,136.810931
-0.707185,51,136.830078
-0.801809,51,136.849443
-0.78392,51,136.869004
-0.682315,51,136.88778
-0.756291,51,136.906099
-0.750168,51,136.924484
-0.716467,51,136.943678
-0.770774,52,136.96284
-0.667816,51,136.981453
-0.884765,51,136.999947
-0.592181,51,137.017988
-0.815827,51,137.036127
-0.773764,51,137.054246
-0.825993,51,137.073189
-0.704699,51,137.268221
-0.675252,51,137.28748
-0.928832,51,137.306194
-0.867466,51,137.324078
-0.682429,51,137.342144
-0.700975,52,137.361156
-0.630419,51,137.38006
-0.749823,51,137.39875
-0.676296,51,137.417273
-0.699624,51,137.436217
-0.824427,51,137.455021
-0.740953,51,137.473591
-0.714881,51,137.492723
-0.69168,51,137.511563
-0.6704,51,137.530541
-0.609516,52,137.549439
-0.779987,51,137.567917
-0.643854,51,137.586321
-0.804126,51,137.605065
-0.697631,51,137.62346
-0.640586,51,137.643188
-0.805708,51,137.665269
-0.761332,51,137.684295
-0.803924,52,137.703422
-0.687123,51,137.722241
-0.629748,51,137.740403
-0.698948,51,137.758831
-0.692523,51,137.777269
-0.757023,52,137.79657
-0.751286,51,137.81604
-0.769719,52,137.83527
-0.704722,51,137.853251
-0.691246,51,137.872435
-0.623519,51,137.890915
-0.664413,51,137.909768
-0.678614,52,137.928533
-0.788957,51,137.946435
-0.843923,51,137.964257
-0.671618,51,137.982012
-0.7357,51,138.00072
-0.781277,51,138.193879
-0.738717,52,138.212926
-0.691905,51,138.231449
-0.67321,51,138.249368
-0.748249,51,138.268414
-0.696366,51,138.287016
-0.79712,52,138.305803
-0.683324,52,138.32482
-0.703608,51,138.343338
-0.675246,51,138.361984
-0.68109,51,138.380576
-0.751787,51,138.399159
-0.682582,51,138.418099
-0.844677,51,138.439559
-0.693069,51,138.458356
-0.787463,51,138.476664
-0.820063,51,138.495245
-0.749317,51,138.513807
-0.816397,51,138.532406
-0.80797,51,138.551415
-0.717736,51,138.56933
-0.766858,51,138.587624
-0.858429,51,138.60561
-0.813671,51,138.624318
-0.816147,52,138.643469
-0.883844,51,138.662327
-0.669217,51,138.681186
-0.73482,51,138.699993
-0.68211,51,138.719922
-0.722253,51,138.738772
-0.677257,51,138.758928
-1.008896,51,138.780222
-0.83509,52,138.803474
-0.711035,51,138.822839
-0.786183,51,138.85365
-0.748009,51,138.881833
-0.703428,51,138.906189
-0.691136,51,138.928262
-0.668237,51,138.950331
-0.79489,51,138.971165
-0.664003,51,138.990078
-0.731705,51,139.187873
-0.895992,52,139.207286
-0.70041,51,139.226466
-0.826997,51,139.244847
-0.691558,51,139.263962
-0.851628,51,139.282047
-0.737075,51,139.299986
-0.69686,51,139.317879
-0.918086,51,139.335818
-0.707446,51,139.354174
-0.749261,51,139.372888
-0.8577,51,139.3908
-0.630035,51,139.409119
-0.754602,52,139.427756
-0.67613,51,139.446496
-0.649197,51,139.465358
-0.696246,51,139.484782
-0.75092,51,139.503501
-0.749872,51,139.522687
-0.652742,51,139.541286
-0.711431,52,139.560709
-0.69025,52,139.580697
-0.780556,51,139.599011
-0.668315,51,139.617315
-0.739442,51,139.635824
-0.675297,51,139.654732
-0.740063,51,139.673586
-0.72499,51,139.692485
-0.650846,51,139.711581
-0.77739,51,139.729906
-0.733396,51,139.748169
-0.811898,51,139.76729
-0.767508,51,139.787039
-0.78699,51,139.805258
-0.676054,51,139.823943
-0.720546,52,139.842527
-0.688214,52,139.861275
-0.704148,51,139.879912
-0.663606,51,139.898444
-0.702886,51,139.916693
-0.777178,51,140.111871
-0.757749,51,140.130827
-0.705947,51,140.149457
-0.841484,51,140.168076
-0.912929,51,140.18699
-0.852085,51,140.20546
-0.784271,51,140.224055
-0.713903,51,140.241908
-0.789255,51,140.260326
-0.651289,51,140.278598
-0.673267,51,140.296786
-0.781142,51,140.31629
-0.672351,51,140.334387
-0.692713,52,140.353027
-0.70631,51,140.371102
-0.698463,52,140.3896
-0.815491,51,140.407945
-0.690017,51,140.427227
-0.837024,51,140.445662
-0.698177,51,140.463689
-0.78064,51,140.482108
-0.690247,51,140.5006
-0.714317,52,140.519632
-0.800841,51,140.53818
-0.728664,51,140.557276
-0.734434,51,140.576025
-0.661992,51,140.595216
-0.714524,51,140.61431
-0.761693,51,140.632936
-0.742002,51,140.652199
-0.64915,52,140.670961
-0.70344,51,140.689504
-0.678721,52,140.708484
-0.769252,51,140.726919
-0.648537,51,140.745649
-0.689473,51,140.764211
-0.595023,51,140.782322
-0.667692,51,140.800119
-0.679104,52,140.819024
-0.70006,51,140.841256
-0.658971,51,141.040134
-0.673738,51,141.058123
-0.735587,51,141.076738
-0.750324,51,141.095688
-0.671904,51,141.114017
-0.65125,51,141.132957
-0.788516,51,141.15222
-0.72673,51,141.171087
-0.718823,51,141.190075
-0.746035,52,141.209615
-0.734834,51,141.229093
-0.838779,52,141.249622
-0.771703,51,141.269104
-0.721718,51,141.287861
-0.729017,52,141.306316
-0.824667,51,141.325013
-0.715065,51,141.343721
-0.682105,51,141.362453
-0.695325,51,141.381763
-0.75076,52,141.400324
-0.777907,51,141.419157
-0.648902,51,141.437475
-0.63296,51,141.4567
-0.652373,51,141.474969
-0.951942,51,141.494196
-0.750797,51,141.513371
-0.765901,51,141.532511
-0.747103,51,141.551403
-0.621396,51,141.5706
-0.826546,51,141.590051
-0.741675,52,141.609884
-0.78503,51,141.628909
-0.661894,52,141.647932
-0.722916,51,141.667023
-0.603321,52,141.685609
-0.721494,51,141.703365
-0.769231,51,141.721131
-0.741509,51,141.738825
-0.720844,51,141.757806
-0.664945,51,141.776731
-0.775688,51,141.977982
-0.760795,51,141.996696
-0.677469,52,142.016046
-0.635497,51,142.034743
-0.662978,51,142.053011
-0.649243,52,142.071221
-0.602505,51,142.089027
-0.670557,51,142.106822
-0.786054,51,142.125052
-0.620719,51,142.143839
-0.704702,51,142.161768
-0.708998,51,142.180047
-0.912477,51,142.198599
-0.627266,51,142.217214
-0.712654,52,142.235951
-0.683202,51,142.254907
-0.640117,51,142.274261
-0.67475,51,142.292775
-0.713171,51,142.310588
-0.647183,51,142.328643
-0.809102,51,142.346533
-0.904664,51,142.364376
-0.677045,51,142.383137
-0.699823,51,142.401789
-0.810438,51,142.420119
-0.679632,51,142.439244
-0.598686,51,142.459357
-0.697943,51,142.477868
-0.722604,51,142.497073
-0.765299,51,142.515939
-0.648678,52,142.536027
-0.788265,51,142.557866
-0.741928,51,142.581026
-0.661145,51,142.603155
-0.633342,51,142.625606
-0.657182,51,142.647124
-0.68144,51,142.666983
-0.725568,51,142.686748
-0.750692,51,142.70711
-0.677585,51,142.72787
-0.696822,52,142.922454
-0.808741,51,142.941045
-0.767798,51,142.958983
-0.757866,52,142.977886
-0.686129,52,142.996781
-0.6257,51,143.014672
-0.806065,51,143.032936
-0.820023,52,143.05268
-0.789375,51,143.0716
-0.692827,51,143.090438
-0.677912,51,143.10839
-0.691174,51,143.127383
-0.696163,52,143.145947
-0.810398,51,143.165171
-0.72992,51,143.183413
-0.708514,52,143.20322
-0.776515,51,143.22276
-0.816805,51,143.242901
-0.728419,51,143.261889
-0.805724,51,143.281908
-0.937592,51,143.301612
-0.774157,51,143.321076
-0.690677,51,143.341057
-0.703861,52,143.360056
-0.729265,51,143.378729
-0.673865,51,143.397106
-0.706155,51,143.415658
-0.657974,51,143.434597
-0.619414,51,143.452635
-0.695541,51,143.471702
-0.826295,51,143.490507
-0.724842,51,143.510833
-0.696061,51,143.530717
-0.772086,51,143.550454
-0.755147,52,143.568763
-0.802148,51,143.586937
-0.663714,52,143.606994
-0.79965,51,143.625473
-0.86208,51,143.645152
-0.794985,51,143.664871
-0.772465,51,143.862044
-0.630386,51,143.880732
-0.650681,51,143.899617
-0.75116,51,143.919317
-0.657935,51,143.938881
-0.704238,51,143.958589
-0.708598,51,143.978414
-0.717351,52,143.996818
-0.789347,51,144.01567
-0.68185,51,144.034173
-0.582747,51,144.052876
-0.722009,51,144.072197
-0.777491,52,144.093186
-0.625367,51,144.112057
-0.823143,51,144.130137
-0.703643,52,144.149841
-0.693436,51,144.168573
-0.732566,51,144.186913
-0.67618,51,144.206061
-0.768095,51,144.225339
-0.71695,51,144.245017
-0.730735,51,144.264258
-0.66049,51,144.283903
-0.712987,51,144.303516
-0.760148,51,144.32326
-0.629489,51,144.342998
-0.873449,51,144.362858
-0.709623,51,144.383405
-0.690189,51,144.403369
-0.62451,51,144.423125
-0.697695,51,144.442883
-0.648438,52,144.463057
-0.620684,51,144.482731
-0.69536,51,144.502261
-0.689034,51,144.521836
-0.669591,51,144.541359
-0.755627,51,144.560835
-0.716057,51,144.581231
-0.710886,51,144.60093
-0.710729,51,144.619254
-0.759787,51,144.815166
-0.745895,52,144.836357
-0.662045,51,144.858232
-0.856632,51,144.881414
-0.747248,52,144.902098
-0.751466,52,144.921003
-0.609691,51,144.940467
-0.749521,51,144.958753
-0.608951,51,144.977144
-0.836626,52,144.99697
-0.712829,51,145.015972
-0.686409,51,145.034593
-0.693927,52,145.053687
-0.798752,51,145.073107
-0.920635,51,145.091181
-0.688644,52,145.109998
-0.842417,51,145.128727
-0.739914,51,145.14703
-0.662678,51,145.165502
-0.74766,51,145.184642
-0.787352,52,145.204171
-0.884954,51,145.222738
-0.702471,51,145.241934
-0.658083,51,145.261701
-0.667114,51,145.281452
-0.789474,51,145.301124
-0.635884,51,145.320824
-0.83866,51,145.339667
-0.828065,51,145.358209
-0.679873,51,145.377736
-0.742456,51,145.397231
-0.814224,51,145.416389
-0.741116,51,145.435056
-0.673164,51,145.453123
-0.753487,51,145.472449
-0.646448,51,145.491762
-0.618786,51,145.510752
-0.687008,51,145.530242
-0.822987,51,145.549403
-0.648407,51,145.568731
-0.691793,51,145.767963
-0.630307,51,145.786893
-0.709453,51,145.805936
-0.633573,51,145.825315
-0.732137,51,145.843427
-0.641589,52,145.863121
-0.638945,51,145.881925
-0.689236,51,145.899872
-0.816178,51,145.918511
-0.651669,51,145.93696
-0.697997,51,145.956921
-0.729376,51,145.975219
-0.797959,51,145.994018
-0.741506,51,146.013152
-0.747896,51,146.032741
-0.754353,51,146.051722
-0.726041,51,146.071319
-0.748442,51,146.090879
-0.766363,51,146.110494
-0.743337,51,146.129912
-0.709551,51,146.149408
-0.748443,51,146.169082
-0.63854,51,146.189462
-0.868224,51,146.209397
-0.686331,52,146.229605
-0.772962,51,146.249479
-0.7076,51,146.268875
-0.739598,51,146.288508
-0.68431,52,146.30809
-0.69416,51,146.327697
-0.757152,52,146.347602
-0.779496,51,146.367137
-0.680596,51,146.386592
-0.845677,51,146.405545
-0.696634,51,146.424981
-0.779332,51,146.444766
-0.721986,52,146.463548
-0.694591,52,146.482705
-0.836048,51,146.502579
-0.679515,51,146.52244
-0.805265,51,146.72272
-0.737275,52,146.742856
-0.661555,51,146.761696
-0.714542,52,146.781265
-0.767287,51,146.800359
-0.79073,51,146.819928
-0.796853,51,146.83949
-0.699806,52,146.858608
-0.811266,51,146.878092
-0.670425,51,146.896331
-0.794732,51,146.914217
-0.650766,51,146.932543
-0.647859,51,146.951452
-0.691296,51,146.970269
-0.633456,51,146.989116
-0.676325,51,147.007854
-0.827082,51,147.026258
-0.629355,51,147.044898
-0.620754,51,147.063808
-0.647878,51,147.083318
-0.776648,51,147.102092
-0.742359,51,147.120263
-0.70435,51,147.139285
-0.755916,51,147.159076
-0.766506,52,147.178804
-0.76514,51,147.197604
-0.751736,51,147.216494
-0.829361,51,147.234878
-0.868352,51,147.254947
-0.684979,51,147.27508
-0.724236,51,147.29415
-0.719623,52,147.314308
-0.635963,51,147.333385
-0.858142,51,147.35222
-0.573045,51,147.371869
-0.630641,52,147.391459
-0.707467,52,147.411337
-0.685712,52,147.430789
-0.757803,51,147.451048
-0.735241,51,147.47021
-0.755506,51,147.669857
-0.790764,52,147.689267
-0.683098,51,147.708487
-0.785287,52,147.728083
-0.703002,52,147.747189
-0.654635,51,147.766419
-0.780973,51,147.786411
-0.737933,51,147.805832
-0.753594,51,147.824615
-0.778317,51,147.843809
-0.713068,51,147.863389
-0.632354,51,147.882536
-0.632621,51,147.901655
-0.677612,51,147.920726
-0.704814,51,147.939819
-0.74872,51,147.958382
-0.734447,51,147.97701
-0.821819,51,147.995061
-0.709712,51,148.014571
-0.75183,52,148.034145
-0.675837,51,148.053667
-0.761797,51,148.072372
-0.62062,51,148.091483
-0.74295,51,148.111088
-0.683626,51,148.130354
-0.73998,51,148.149538
-0.651682,51,148.168782
-0.63635,51,148.187925
-0.788764,51,148.207094
-0.730931,51,148.226046
-0.618129,52,148.245543
-0.637811,51,148.265112
-0.653865,51,148.283718
-0.621025,51,148.303539
-0.737867,52,148.324181
-0.742919,51,148.342222
-0.664393,51,148.36078
-0.639019,51,148.37987
-0.649405,52,148.398946
-0.690582,51,148.41792
-0.692142,51,148.61534
-0.637439,51,148.634451
-0.72155,51,148.653754
-0.716494,52,148.673046
-0.718527,51,148.691972
-0.675112,51,148.710112
-0.71395,51,148.728145
-0.776562,52,148.746444
-0.587825,51,148.765113
-0.715844,51,148.78366
-0.928467,51,148.802694
-0.679325,51,148.821248
-0.72635,51,148.840287
-0.765989,51,148.859453
-0.726171,52,148.878427
-0.847111,51,148.897499
-0.697942,51,148.916494
-0.716223,51,148.936138
-0.757854,51,148.954877
-0.683386,51,148.973402
-0.8702,51,148.992087
-0.766755,51,149.011076
-0.63106,51,149.02996
-0.69597,51,149.049199
-0.667278,51,149.068786
-0.732867,51,149.087885
-0.748543,51,149.10771
-0.681011,51,149.127247
-0.679086,51,149.14619
-0.730862,51,149.165808
-0.676126,51,149.185021
-0.633416,52,149.204226
-0.731219,51,149.223628
-0.659685,51,149.242798
-0.808578,51,149.261596
-0.586177,51,149.28012
-0.711427,51,149.299141
-0.808754,51,149.318234
-0.69795,51,149.337981
-0.737057,51,149.355974
-0.710255,52,149.556819
-0.655069,52,149.575264
-0.629736,51,149.594543
-0.773443,51,149.613178
-0.735104,51,149.631129
-0.667264,51,149.650276
-0.700212,51,149.669035
-0.683163,51,149.687567
-0.706604,51,149.706846
-0.775322,52,149.726458
-0.698048,51,149.745528
-0.90087,51,149.764547
-0.660452,52,149.783508
-0.694682,52,149.803305
-0.954355,51,149.823179
-0.745555,51,149.841427
-0.805307,51,149.860187
-0.66119,51,149.879547
-0.65869,52,149.899636
-0.756445,52,149.920116
-0.850579,51,149.938625
-0.727101,51,149.957449
-0.845254,51,149.975909
-0.794099,51,149.994317
-0.719883,51,150.013962
-0.63404,51,150.033136
-0.789816,51,150.052255
-0.793729,51,150.071828
-0.717386,51,150.090664
-0.817073,51,150.109785
-0.643701,51,150.127619
-0.658816,52,150.146564
-0.583841,51,150.164878
-0.675732,51,150.183782
-0.760605,51,150.202376
-0.645475,51,150.221153
-0.889945,51,150.239643
-0.861577,51,150.259051
-0.818935,51,150.278002
-0.783125,51,150.297076
-0.810965,51,150.494109
-0.657365,51,150.513223
-0.766774,51,150.531193
-0.655019,51,150.549926
-0.708182,51,150.568546
-0.619907,51,150.587704
-0.64907,51,150.606841
-0.72143,51,150.625642
-0.788893,51,150.644642
-0.750485,52,150.664084
-0.712167,51,150.683597
-0.652504,52,150.70478
-0.787352,51,150.723661
-0.664333,51,150.742252
-0.638565,51,150.761391
-0.654336,51,150.780415
-0.743845,51,150.79946
-0.829904,51,150.818993
-0.680039,51,150.838828
-0.62665,52,150.858904
-0.725613,51,150.878503
-0.685814,51,150.898008
-0.940667,51,150.917864
-0.696339,51,150.937418
-0.790019,51,150.956617
-0.935797,51,150.976527
-0.577577,51,150.996153
-0.689214,51,151.014835
-0.712069,52,151.034072
-0.69484,51,151.053407
-0.680639,52,151.072696
-0.664855,51,151.09182
-0.735749,51,151.111414
-0.719483,51,151.129974
-0.611252,51,151.148102
-0.633193,51,151.166595
-0.705277,51,151.184939
-0.755497,51,151.203904
-0.784732,51,151.222913
-0.801905,51,151.241519
-0.612399,52,151.44132
-0.810279,52,151.461173
-0.731487,51,151.479698
-0.698022,51,151.498109
-0.665386,51,151.51692
-0.615991,51,151.535456
-0.609818,51,151.554363
-0.717169,51,151.572458
-0.611692,51,151.592049
-0.781199,51,151.611046
-0.654351,51,151.630504
-0.693504,51,151.650274
-0.9317,51,151.669604
-0.761791,51,151.688305
-0.722765,51,151.707843
-0.742006,51,151.726499
-0.786496,51,151.744965
-0.687648,51,151.764189
-0.765247,51,151.784033
-0.771113,51,151.802343
-0.602162,51,151.82289
-0.863329,51,151.841297
-0.73052,51,151.860255
-0.827056,51,151.878726
-0.692436,51,151.897298
-0.717361,51,151.916374
-0.643926,51,151.935112
-0.656194,51,151.95381
-0.677992,51,151.973487
-0.742561,51,151.994113
-0.657213,51,152.01326
-0.609179,51,152.032777
-0.718688,51,152.051031
-0.627101,51,152.070223
-0.739487,51,152.089141
-0.660662,51,152.107622
-0.723493,51,152.127384
-0.710098,51,152.146321
-0.733237,51,152.164955
-0.663215,51,152.183622
-0.751958,51,152.379493
-0.645584,51,152.398799
-0.718514,51,152.417552
-0.839489,51,152.436153
-0.694325,51,152.454113
-0.740007,51,152.472652
-0.744811,51,152.491658
-0.695108,51,152.51014
-0.775584,51,152.528591
-0.810541,51,152.547627
-0.596024,51,152.565672
-0.626193,51,152.584241
-0.828088,51,152.60385
-0.734542,51,152.62224
-0.723186,51,152.640916
-0.682682,51,152.659961
-0.685951,51,152.678727
-0.799451,51,152.697594
-0.714177,51,152.716523
-0.712475,51,152.735601
-0.628925,51,152.755122
-0.663737,51,152.77418
-0.733575,51,152.792823
-0.746494,52,152.812657
-0.638101,51,152.831803
-0.743026,51,152.850917
-0.739228,51,152.87015
-0.701781,51,152.88933
-0.692701,51,152.908359
-0.871053,51,152.926927
-0.865207,51,152.946347
-0.619484,51,152.965001
-0.758098,51,152.984069
-0.768527,51,153.003388
-0.70574,51,153.022149
-0.722476,51,153.04118
-0.647819,51,153.059588
-0.666342,52,153.079142
-0.837591,51,153.097002
-0.651717,51,153.11664
-0.897135,51,153.31261
-0.704101,51,153.331681
-0.754145,51,153.350541
-0.790808,51,153.368796
-0.640439,51,153.38763
-0.659873,51,153.406502
-0.702488,51,153.425073
-0.711903,51,153.444124
-0.789059,51,153.463171
-0.762788,51,153.481832
-0.771636,51,153.499588
-0.657359,51,153.517348
-0.742027,51,153.535123
-0.712677,51,153.552891
-0.819247,51,153.571092
-0.731377,52,153.590027
-0.82115,51,153.608449
-0.715975,51,153.627666
-0.731116,51,153.646238
-0.710185,51,153.665871
-0.705634,51,153.685224
-0.776642,51,153.704304
-0.775262,51,153.723368
-0.734489,51,153.742054
-0.623996,51,153.761183
-0.648578,51,153.78042
-0.602116,51,153.79986
-0.805424,51,153.818941
-0.685709,51,153.837591
-0.668482,52,153.8571
-0.724753,51,153.87653
-0.730278,51,153.895117
-0.865406,51,153.914734
-0.66473,51,153.932931
-0.68238,51,153.950948
-0.58151,51,153.968889
-0.6249,51,153.98737
-0.670845,51,154.005995
-0.690315,52,154.025002
-0.705599,51,154.043425
-0.632586,51,154.237924
-0.72435,52,154.257694
-0.668748,51,154.276447
-0.815401,51,154.294865
-0.749637,51,154.314333
-0.693413,51,154.33392
-0.656286,52,154.352772
-0.82234,51,154.371097
-0.629272,51,154.389032
-0.861154,52,154.407677
-0.642191,51,154.425536
-0.725142,51,154.443823
-0.655449,51,154.462134
-0.640272,51,154.480696
-0.658801,52,154.499341
-0.657162,51,154.51716
-0.786684,51,154.535759
-0.700093,51,154.553944
-0.746889,51,154.572295
-0.669269,51,154.591357
-0.756014,52,154.610932
-0.710533,51,154.629255
-0.69949,51,154.648056
-0.739501,52,154.667124
-0.648845,51,154.685906
-0.663744,51,154.704448
-0.656771,51,154.723457
-0.79352,51,154.74147
-0.775585,51,154.759869
-0.705058,51,154.780103
-0.762958,51,154.799363
-0.820691,52,154.818378
-0.620955,52,154.837609
-0.785104,51,154.856419
-0.673322,51,154.875095
-0.785608,51,154.894056
-0.759377,51,154.912379
-0.803257,51,154.931371
-0.827706,51,154.950161
-0.648437,51,154.968572
-0.727151,51,155.167916
-0.712546,52,155.186992
-0.677402,51,155.205834
-0.761023,51,155.22464
-0.684739,52,155.244161
-0.812518,51,155.263716
-0.69972,51,155.282638
-0.626534,51,155.300932
-0.724434,51,155.320125
-0.742448,51,155.339137
-0.776628,51,155.358819
-0.818315,51,155.377138
-0.798019,51,155.394903
-0.692434,51,155.413048
-0.877308,51,155.431179
-0.640503,51,155.449973
-0.734804,51,155.468875
-0.783158,51,155.487297
-0.644575,51,155.506612
-0.726805,51,155.525179
-0.690894,51,155.543999
-0.627019,51,155.563421
-0.651018,51,155.582231
-0.734946,51,155.600292
-0.743329,52,155.619073
-0.911129,51,155.637742
-0.616413,51,155.656723
-0.719822,52,155.675755
-0.748053,51,155.694926
-0.627005,51,155.713454
-0.634315,51,155.732285
-0.904419,51,155.751346
-0.740439,52,155.770518
-0.726651,51,155.789883
-0.601314,51,155.80876
-0.658917,51,155.827081
-0.671562,51,155.845613
-0.786269,51,155.863999
-0.755325,51,155.882242
-0.772003,51,155.900834
-0.738899,51,156.09498
-0.889504,51,156.114145
-0.743795,52,156.133735
-0.814289,52,156.153069
-0.754826,51,156.172486
-0.802288,51,156.191782
-0.626989,51,156.211235
-0.653416,51,156.23033
-0.730342,51,156.248808
-0.738945,51,156.267699
-0.676771,52,156.286173
-0.724187,51,156.304766
-0.710512,51,156.324202
-0.85757,51,156.342778
-0.606324,52,156.361075
-0.728256,51,156.379038
-0.617889,51,156.396794
-0.758208,52,156.41583
-0.641064,51,156.433734
-0.621187,51,156.452106
-0.669227,51,156.470921
-0.661276,51,156.489047
-0.64377,51,156.507042
-0.641906,51,156.525797
-0.658268,51,156.544618
-0.673668,51,156.563173
-0.736436,51,156.582035
-0.709957,51,156.601024
-0.669713,51,156.619866
-0.586438,51,156.638727
-0.683821,51,156.657807
-0.692743,52,156.677355
-0.717009,51,156.695925
-0.836371,52,156.71505
-0.806624,51,156.733369
-0.719247,51,156.751569
-0.752606,52,156.77056
-0.706735,52,156.789285
-0.703784,52,156.807679
-0.628443,51,156.826102
-0.715601,51,157.016694
-0.661987,52,157.036154
-0.807745,51,157.055093
-0.726048,51,157.073142
-0.711332,52,157.091915
-0.684077,51,157.110623
-0.712369,51,157.12937
-0.744954,51,157.148446
-0.746589,51,157.167828
-0.696945,51,157.186225
-0.739825,51,157.204313
-0.653489,51,157.222294
-0.706393,51,157.240532
-0.736323,51,157.258735
-0.700886,51,157.276606
-0.718604,51,157.295388
-0.665212,51,157.313671
-0.720143,51,157.332497
-0.792586,51,157.350568
-0.739221,51,157.369151
-0.726676,51,157.389232
-0.7312,51,157.407485
-0.734355,51,157.425858
-0.788043,51,157.444901
-0.648788,51,157.463749
-0.767317,52,157.482682
-0.780509,51,157.5008
-0.906854,51,157.519366
-0.724212,51,157.537422
-0.796173,51,157.55626
-0.709953,52,157.575627
-0.686029,51,157.594084
-0.736703,51,157.612455
-0.669463,51,157.630784
-0.838167,51,157.649494
-0.972901,51,157.668781
-0.660024,51,157.687388
-0.65091,52,157.706552
-0.726081,51,157.724944
-0.665464,51,157.743731
-0.791058,51,157.942124
-0.662209,51,157.961275
-0.780025,52,157.98089
-0.672597,51,158.001266
-0.687199,51,158.020433
-0.629556,52,158.039982
-0.715139,51,158.059156
-0.674395,51,158.07784
-0.696125,51,158.097046
-0.810635,51,158.115867
-0.741985,51,158.135125
-0.622576,52,158.153861
-0.801268,51,158.172595
-0.811035,51,158.190108
-0.667028,51,158.207985
-0.77955,51,158.225731
-0.669009,51,158.244191
-0.64893,51,158.262304
-0.830697,51,158.280795
-0.634687,51,158.299328
-0.853072,52,158.317694
-0.647445,51,158.336128
-0.824357,51,158.354841
-0.762103,51,158.373602
-0.857806,51,158.392718
-0.714685,51,158.411344
-0.73766,51,158.430513
-0.794442,52,158.451814
-0.667167,52,158.470716
-0.716367,51,158.488785
-0.649496,51,158.50723
-0.709684,51,158.525217
-0.696887,51,158.543615
-0.669051,51,158.561886
-0.70439,51,158.580252
-0.633846,51,158.599023
-0.740142,52,158.617742
-0.676794,51,158.636324
-0.743464,51,158.654846
-0.650305,51,158.672985
-0.6555,52,158.868314
-0.770604,51,158.887863
-0.73281,51,158.907124
-0.633466,51,158.925606
-0.657493,51,158.943598
-0.705027,51,158.961184
-0.724315,52,158.980844
-0.771622,51,158.999708
-0.818348,51,159.017861
-0.693688,51,159.035828
-0.766403,51,159.053742
-0.663446,51,159.072016
-0.621965,51,159.090277
-0.707524,51,159.108586
-0.640226,51,159.126916
-0.712744,51,159.145583
-0.811864,51,159.165338
-0.610368,51,159.185188
-0.897987,51,159.202806
-0.708162,51,159.220838
-0.846313,51,159.239712
-0.823515,51,159.258132
-0.636855,51,159.276919
-0.744845,51,159.295737
-0.715554,51,159.314121
-0.710449,51,159.333874
-0.706071,52,159.352727
-0.825548,52,159.372094
-0.764585,51,159.390138
-0.611103,51,159.408612
-0.8506,51,159.427342
-0.698806,51,159.446106
-0.754016,51,159.465
-0.866546,51,159.484909
-0.639694,51,159.504066
-0.66378,51,159.523466
-0.768918,51,159.542754
-0.691777,51,159.560901
-0.67885,51,159.578918
-0.700178,52,159.597185
-0.731512,51,159.789429
-0.797698,52,159.808148
-0.754131,51,159.826218
-0.748564,51,159.844394
-0.698976,52,159.863436
-0.636813,51,159.882149
-0.636186,51,159.900757
-0.733842,52,159.919954
-0.634657,51,159.9391
-0.766666,51,159.957462
-0.739239,51,159.976596
-0.648937,51,159.994688
-0.661972,51,160.013815
-0.710193,51,160.032106
-0.62236,51,160.051124
-0.689769,51,160.070233
-0.634507,51,160.088276
-0.710214,51,160.106197
-0.754249,51,160.124042
-0.665498,51,160.14279
-0.609037,51,160.161391
-0.851991,51,160.180108
-0.662269,51,160.19922
-0.82593,52,160.218809
-0.732083,51,160.237948
-0.73693,52,160.257188
-0.606053,51,160.275577
-0.564571,51,160.294397
-0.704856,51,160.313003
-0.688539,51,160.331578
-0.63963,51,160.350401
-0.817157,51,160.368673
-0.726261,51,160.387267
-0.830937,51,160.406067
-0.623072,51,160.42431
-0.694937,51,160.443254
-0.723854,51,160.461445
-0.691131,52,160.480091
-0.668347,51,160.498055
-0.809846,51,160.516534
-0.736216,51,160.709494
-0.733735,51,160.728886
-0.695073,51,160.747762
-0.718117,51,160.766124
-0.704162,51,160.784453
-0.739431,51,160.802932
-0.74603,51,160.820937
-0.732821,52,160.839152
-0.632126,52,160.857416
-0.748177,51,160.875348
-0.68835,52,160.894642
-0.683693,51,160.912894
-0.685191,51,160.931108
-0.612603,52,160.950247
-0.650658,51,160.968723
-0.831239,51,160.987302
-0.699902,51,161.006348
-0.832198,51,161.0239
-0.765604,52,161.042117
-0.697402,51,161.060112
-0.802568,51,161.078054
-0.668074,51,161.096669
-0.828361,52,161.115558
-0.750045,51,161.135798
-0.686251,51,161.153776
-0.662132,51,161.171913
-0.737053,52,161.190912
-0.746562,51,161.209672
-0.691255,51,161.227723
-0.703658,51,161.245604
-0.823838,51,161.263588
-0.822473,51,161.281947
-0.760476,51,161.300273
-0.674172,51,161.31813
-0.646504,52,161.337223
-0.720319,51,161.355832
-0.829315,51,161.374057
-0.789903,51,161.392765
-0.772858,51,161.411193
-0.652115,51,161.429188
-0.730565,51,161.620162
-0.708642,51,161.639462
-0.748497,52,161.658923
-0.720675,52,161.678744
-0.713159,51,161.697652
-0.751862,51,161.716252
-0.731006,51,161.734826
-0.731063,51,161.75319
-0.691067,51,161.772026
-0.716166,51,161.791024
-0.673778,51,161.809674
-0.738854,51,161.828291
-0.666396,51,161.846205
-0.704166,51,161.864378
-0.688775,51,161.882083
-0.670509,52,161.900695
-0.697472,51,161.91896
-0.656852,51,161.937599
-0.838152,51,161.956169
-0.658272,51,161.974865
-0.839924,51,161.993916
-0.849457,51,162.012607
-0.827129,51,162.031738
-0.775931,51,162.050147
-0.750987,51,162.069125
-0.717189,51,162.088457
-0.77606,51,162.107321
-0.713038,51,162.126622
-0.764899,51,162.144997
-0.60938,51,162.163977
-0.895465,51,162.18315
-0.689324,52,162.204206
-0.823066,51,162.222448
-0.789797,51,162.241821
-0.729722,51,162.260018
-0.68896,52,162.278839
-0.698814,51,162.297537
-0.774245,51,162.316174
-0.694511,52,162.335151
-0.697478,51,162.35343
-0.69889,51,162.371779
-0.735347,51,162.568409
-0.671523,51,162.587302
-0.639149,51,162.606136
-0.796419,51,162.624482
-0.870429,51,162.643189
-0.699005,51,162.661994
-0.696864,51,162.680787
-0.711342,51,162.699529
-0.646109,51,162.718952
-0.714041,51,162.738419
-0.639392,51,162.757195
-0.701303,51,162.775786
-0.630769,51,162.794626
-0.783199,51,162.81269
-0.667739,51,162.83098
-0.671321,51,162.849222
-0.673428,52,162.868857
-0.702473,51,162.887024
-0.682503,51,162.905127
-0.626771,51,162.923167
-0.638747,51,162.941122
-0.671355,52,162.96044
-0.790299,51,162.979181
-0.736632,51,162.998239
-0.759674,51,163.017952
-0.777523,51,163.037443
-0.727245,51,163.056385
-0.733126,51,163.075376
-0.647911,51,163.09447
-0.751188,51,163.113662
-0.722538,51,163.132415
-0.685465,51,163.151605
-0.718229,51,163.169927
-0.741145,51,163.189
-0.745364,51,163.207563
-0.822634,51,163.225527
-0.768507,51,163.243823
-0.633453,52,163.262395
-0.915076,51,163.280218
-0.723584,51,163.298097
-0.698335,51,163.496133
-0.73164,51,163.514203
-0.59135,51,163.532225
-0.768581,51,163.551029
-0.676963,51,163.569314
-0.67355,52,163.588402
-0.647816,51,163.606932
-0.688333,51,163.626002
-0.719903,51,163.645059
-0.675461,51,163.664099
-0.676068,51,163.68317
-0.572599,51,163.703148
-0.746445,52,163.739267
-0.807081,51,163.760615
-0.671484,51,163.780423
-0.729887,51,163.803263
-0.740155,51,163.840276
-0.851974,52,163.861749
-0.724038,51,163.881248
-0.783191,51,163.902131
-0.726432,51,163.924723
-0.75708,52,163.94479
-0.722038,52,163.96498
-0.717401,51,163.984246
-0.708909,52,164.005497
-0.773745,51,164.025684
-0.743212,51,164.045613
-0.674375,51,164.06534
-0.726428,51,164.084564
-0.818565,51,164.105113
-0.772562,51,164.124716
-0.685517,51,164.143527
-0.614971,51,164.163309
-0.778777,51,164.183279
-0.730296,51,164.203576
-0.843683,51,164.222987
-0.615971,51,164.242551
-0.76051,51,164.262702
-0.66438,51,164.282464
-0.65862,51,164.303049
-0.787375,51,164.509048
-0.75442,51,164.528895
-0.711989,51,164.548418
-0.660147,51,164.567588
-0.84307,51,164.587334
-0.836592,51,164.606766
-0.79411,51,164.626581
-0.742002,51,164.645457
-0.694216,52,164.665242
-0.656787,52,164.685279
-0.806202,51,164.704382
-0.681918,51,164.723571
-0.641951,51,164.743019
-0.785513,51,164.761966
-0.75509,51,164.781165
-0.813959,51,164.800666
-0.786001,51,164.821249
-0.753322,52,164.840505
-0.804894,51,164.859958
-0.746861,51,164.879727
-0.723192,51,164.898588
-0.852212,51,164.918428
-0.666528,52,164.939104
-0.875855,51,164.958927
-0.628134,51,164.977527
-0.605324,51,164.998121
-0.818604,51,165.017847
-0.714765,51,165.03879
-0.645761,51,165.05824
-0.679069,51,165.078702
-0.756313,51,165.098338
-0.829153,51,165.119982
-0.655252,51,165.139658
-0.752894,51,165.158737
-0.651032,51,165.177764
-0.811786,52,165.19658
-0.66961,52,165.216576
-0.742982,51,165.235916
-0.771263,51,165.253954
-0.738332,51,165.273555
-0.908377,51,165.479722
-0.654639,51,165.498975
-0.94703,51,165.52063
-0.700705,51,165.540123
-0.845195,51,165.561544
-0.698606,51,165.588391
-0.664091,51,165.614743
-0.715057,51,165.642277
-0.70979,51,165.666617
-0.742228,51,165.691735
-0.709363,51,165.711931
-0.751253,51,165.731606
-0.773288,52,165.751676
-0.723942,51,165.77361
-0.686308,51,165.793276
-0.656243,51,165.813151
-0.678065,51,165.838311
-0.664889,51,165.872701
-0.703477,51,165.895057
-0.80071,52,165.922567
-0.805523,52,165.956466
-0.712526,51,165.986747
-0.838574,51,166.009053
-0.65852,51,166.029136
-0.62966,51,166.051539
-0.785486,51,166.073591
-0.698804,52,166.093551
-0.648039,51,166.114507
-0.647164,51,166.134514
-0.697068,51,166.155199
-0.753748,51,166.175548
-0.654894,51,166.195943
-0.662528,51,166.2164
-0.755559,51,166.236264
-0.696628,51,166.257521
-0.780118,51,166.278797
-0.663744,52,166.29927
-0.631796,51,166.319938
-0.683113,51,166.340112
-0.612693,51,166.359392
-0.649072,51,166.56514
-0.747592,51,166.584883
-0.747278,51,166.605887
-0.653375,51,166.625422
-0.677949,51,166.644965
-0.895035,51,166.664956
-0.683432,51,166.684441
-0.691987,51,166.704248
-0.642415,51,166.723764
-0.725588,51,166.744115
-0.706976,51,166.764158
-0.776176,51,166.784357
-0.633275,51,166.804278
-0.712288,51,166.823846
-0.663645,52,166.843583
-0.822047,51,166.863571
-0.639842,51,166.882253
-0.687247,51,166.901341
-0.922004,51,166.921478
-0.660602,51,166.940912
-0.756802,51,166.960183
-0.806613,51,166.979188
-0.750752,51,166.998959
-0.730045,51,167.018581
-0.664972,51,167.038795
-0.808006,51,167.059095
-0.666303,52,167.079228
-0.716953,51,167.099718
-0.763406,51,167.119524
-0.671103,51,167.140679
-0.778005,51,167.161475
-0.802732,52,167.182411
-0.808382,51,167.203986
-0.687458,52,167.225719
-0.727493,51,167.245364
-0.660834,51,167.266054
-0.996487,51,167.285921
-0.632172,51,167.306642
-0.686365,51,167.326614
-0.775417,51,167.345653
-0.760716,52,167.552709
-0.811742,52,167.573259
-0.697319,51,167.592369
-0.879111,51,167.61279
-0.659788,52,167.633085
-0.710329,52,167.652612
-0.701796,52,167.675697
-0.718171,51,167.69524
-0.783659,52,167.715488
-0.703196,51,167.734618
-0.715545,51,167.754899
-0.757065,51,167.774423
-0.715636,51,167.793962
-0.711592,51,167.812845
-0.719808,51,167.8325
-0.750735,51,167.851253
-0.63901,51,167.871446
-0.663228,51,167.890446
-0.614664,51,167.910186
-0.587097,51,167.929852
-0.760063,51,167.949265
-0.773371,51,167.968519
-0.725264,52,167.989658
-0.684558,51,168.008484
-0.654135,51,168.028242
-0.69572,51,168.048253
-0.697988,52,168.069183
-0.639547,52,168.089822
-0.651617,51,168.108753
-0.674252,51,168.129293
-0.779314,51,168.148812
-0.69313,51,168.168245
-0.680288,51,168.189611
-0.655156,51,168.209426
-0.630599,51,168.229587
-0.799625,51,168.248734
-0.661439,51,168.26801
-0.645386,51,168.288195
-0.726996,51,168.307772
-0.703124,51,168.327684
-0.764563,51,168.538889
-0.722821,51,168.558297
-0.814204,51,168.577671
-0.636285,51,168.598255
-0.848199,51,168.618243
-0.665096,51,168.638868
-0.643854,51,168.659623
-0.692112,51,168.679136
-0.6759,51,168.698101
-0.708815,52,168.718484
-0.747825,51,168.737371
-0.727345,51,168.755323
-0.738295,51,168.77362
-0.813109,51,168.792355
-0.660544,52,168.811941
-0.633895,51,168.830927
-0.761613,51,168.849984
-0.6768,51,168.868858
-0.662741,52,168.889104
-0.71553,52,168.909245
-0.661583,51,168.928725
-0.801323,51,168.947898
-0.703403,51,168.967202
-0.718075,51,168.986567
-0.743894,51,169.005675
-0.753857,51,169.025361
-0.73262,51,169.04459
-0.788085,51,169.063648
-0.646017,51,169.083153
-0.759285,51,169.102589
-0.706914,52,169.122286
-0.578465,51,169.141917
-0.651262,51,169.16191
-0.744511,51,169.18055
-0.645937,51,169.199463
-0.938291,51,169.218946
-0.684978,51,169.237524
-0.689485,51,169.256558
-0.680758,52,169.275277
-0.705616,51,169.29427
-0.749358,51,169.4962
-0.681834,52,169.516203
-0.70181,51,169.534865
-0.701348,51,169.553204
-0.666575,51,169.57177
-0.675289,51,169.590777
-0.641719,51,169.609741
-0.636774,51,169.627531
-0.744712,51,169.646662
-0.789402,52,169.665511
-0.745815,51,169.684038
-0.769901,51,169.702611
-0.704959,51,169.721322
-0.842176,51,169.740164
-0.769823,51,169.759091
-0.653252,51,169.778009
-0.638511,51,169.797363
-0.698035,51,169.816206
-0.729717,51,169.835573
-0.665185,51,169.855027
-0.743477,51,169.874146
-0.637014,51,169.892977
-0.654628,51,169.911967
-0.742942,51,169.931393
-0.62423,51,169.950962
-0.657854,51,169.970015
-0.758357,51,169.989188
-0.631315,51,170.007536
-0.703426,51,170.026271
-0.615251,51,170.045226
-0.704873,51,170.064381
-0.94699,51,170.08325
-0.599856,51,170.102684
-0.728743,51,170.122147
-0.74555,51,170.141099
-0.809499,51,170.159694
-0.662852,51,170.17871
-0.783813,51,170.19785
-0.637024,51,170.217123
-0.818517,51,170.236455
-0.739377,51,170.433295
-0.698072,51,170.45198
-0.615276,51,170.470725
-0.840432,51,170.489966
-0.700709,51,170.508483
-0.735831,52,170.527827
-0.648826,51,170.547006
-0.833898,51,170.566991
-0.751072,51,170.586047
-0.639269,51,170.60437
-0.681187,51,170.623271
-0.678763,51,170.641721
-0.714758,51,170.659847
-0.646929,51,170.678835
-0.67709,51,170.697712
-0.687179,51,170.716189
-0.654804,51,170.735144
-0.738751,51,170.753829
-0.684345,51,170.772908
-0.677455,52,170.791992
-0.78769,51,170.810728
-0.661081,51,170.829719
-0.660587,51,170.84812
-0.741527,51,170.867321
-0.665896,52,170.886429
-0.632104,51,170.905589
-0.742473,51,170.924684
-0.791378,51,170.943937
-0.734516,51,170.963128
-0.855881,51,170.982094
-0.654048,51,171.00114
-0.659485,51,171.020167
-0.782897,51,171.039198
-0.705477,51,171.057999
-0.631728,51,171.076667
-0.702498,51,171.095572
-0.769037,51,171.114007
-0.718024,51,171.132855
-0.798368,51,171.151616
-0.835738,51,171.170137
-0.658693,51,171.367772
-0.725409,51,171.387685
-0.726528,51,171.406272
-0.880846,51,171.424561
-0.667941,51,171.443264
-0.679364,51,171.461514
-0.653539,51,171.480561
-0.786371,51,171.498996
-0.705894,52,171.517836
-0.704564,51,171.53726
-0.707819,51,171.555765
-0.731308,51,171.573984
-0.656842,51,171.592551
-0.697455,51,171.610732
-0.744337,51,171.630138
-0.739413,51,171.648778
-0.823933,51,171.667874
-0.706594,51,171.687281
-0.826924,51,171.706618
-0.675455,51,171.726056
-0.760001,51,171.745067
-0.714429,51,171.764541
-0.650788,51,171.782932
-0.667926,51,171.801878
-0.633697,51,171.821537
-0.765179,51,171.841416
-0.744478,51,171.861231
-0.709081,51,171.880896
-0.737137,51,171.89998
-0.732085,51,171.919497
-0.675719,51,171.939099
-0.617301,51,171.958654
-0.6855,51,171.978195
-0.744125,51,171.997536
-0.663094,51,172.016185
-0.725764,51,172.034767
-0.670749,51,172.05378
-0.81285,51,172.072803
-0.794167,52,172.092607
-0.857404,51,172.11106
-0.679529,51,172.307687
-0.666115,52,172.327193
-0.720567,51,172.345527
-0.653623,51,172.364302
-0.759084,51,172.382689
-0.614819,51,172.401633
-0.787937,51,172.420167
-0.730755,52,172.43937
-0.688578,51,172.458063
-0.669562,51,172.476223
-0.743835,51,172.494703
-0.699617,52,172.512911
-0.628966,51,172.531031
-0.645542,51,172.54989
-0.686989,51,172.568245
-0.631797,51,172.586601
-0.715421,52,172.605513
-0.82247,51,172.623264
-0.702809,51,172.641364
-0.767544,51,172.660001
-0.818184,51,172.678807
-0.780776,51,172.697755
-0.618567,52,172.716991
-0.681026,51,172.736025
-0.720961,51,172.755454
-0.756396,51,172.774539
-0.762591,51,172.794029
-0.628144,51,172.813464
-0.754849,51,172.832866
-0.815893,51,172.852658
-0.611964,51,172.871563
-0.661737,52,172.890169
-0.676349,52,172.908752
-0.83961,51,172.927215
-0.715059,51,172.945875
-0.719811,51,172.96486
-0.750525,51,172.989295
-0.708446,51,173.011069
-0.774017,51,173.029601
-0.71469,51,173.047706
-0.659905,51,173.242583
-0.721907,51,173.261463
-0.660631,52,173.280934
-0.666538,51,173.300329
-0.693808,51,173.319792
-0.651128,51,173.33858
-0.639473,51,173.357244
-0.717244,51,173.376601
-0.636163,51,173.395577
-0.682923,52,173.414928
-0.758239,51,173.434335
-0.716787,51,173.453865
-0.683479,51,173.472092
-0.666353,51,173.490386
-0.73187,51,173.508434
-0.831595,51,173.528829
-0.884555,51,173.546643
-0.826245,51,173.565221
-0.619938,51,173.584246
-0.729504,51,173.602632
-0.707062,51,173.621142
-0.809057,51,173.640228
-0.694357,52,173.659222
-0.760207,52,173.67841
-0.701092,51,173.697763
-0.648294,51,173.717287
-0.762732,52,173.737177
-0.682208,52,173.757142
-0.751546,51,173.776574
-0.733996,51,173.796009
-0.824597,51,173.81539
-0.723245,51,173.83482
-0.713665,51,173.854153
-0.596973,51,173.873895
-0.6593,51,173.89197
-0.717954,51,173.910235
-0.749374,51,173.928495
-0.610589,51,173.94632
-0.632034,51,173.964992
-0.677093,52,173.983782
-0.831997,51,174.180518
-0.73003,52,174.200337
-0.668751,52,174.220223
-0.593926,51,174.239786
-0.625865,51,174.258749
-0.792,51,174.27845
-0.865158,52,174.298508
-0.669548,51,174.317567
-0.689506,51,174.337031
-0.656045,51,174.356132
-0.654077,51,174.375524
-0.762093,51,174.394935
-0.740399,51,174.414333
-0.669616,51,174.433245
-0.5901,51,174.452685
-0.667481,51,174.472096
-0.628369,52,174.490682
-0.703541,51,174.508446
-0.749346,51,174.526605
-0.721851,51,174.544885
-0.676739,51,174.563749
-0.811521,51,174.5822
-0.629017,51,174.6004
-0.647501,51,174.618794
-0.782442,51,174.637468
-0.586229,51,174.656257
-0.914592,51,174.675374
-0.667784,51,174.694287
-0.719976,51,174.712618
-0.640905,51,174.731245
-0.800359,52,174.750689
-0.782955,51,174.769716
-0.888691,51,174.788265
-0.810876,51,174.807245
-0.726432,52,174.825695
-0.764691,51,174.844109
-0.681899,52,174.863332
-0.6722,51,174.881878
-0.742891,51,174.9
-0.610255,51,174.9183
-0.717783,51,175.11371
-0.771613,51,175.132304
-0.784008,51,175.151419
-0.737449,51,175.170456
-0.697676,51,175.189589
-0.823654,51,175.208313
-0.830747,51,175.227553
-0.754082,51,175.246999
-0.635606,51,175.266013
-0.651317,51,175.284641
-0.630973,51,175.302459
-0.698397,51,175.320542
-0.837099,51,175.338725
-0.759626,51,175.356893
-0.932199,51,175.374623
-0.720235,51,175.392863
-0.703689,51,175.411817
-0.796862,51,175.430385
-0.685578,51,175.449561
-0.748479,51,175.468407
-0.775427,51,175.48708
-0.710569,51,175.507038
-0.683703,51,175.526169
-0.679949,52,175.544881
-0.714649,52,175.564299
-0.631356,51,175.582894
-0.775849,51,175.601582
-0.665118,51,175.620531
-0.637954,52,175.63982
-0.650702,51,175.658702
-0.670431,51,175.677794
-0.693596,51,175.696631
-0.774313,51,175.714944
-0.754698,51,175.733764
-0.617625,52,175.752638
-0.715375,51,175.77162
-0.87651,51,175.789972
-0.656408,51,175.808909
-0.711779,51,175.828291
-0.694766,51,175.847239
-0.70365,51,176.042386
-0.690502,51,176.062456
-0.666324,51,176.081846
-0.695006,51,176.101194
-0.660014,52,176.121304
-0.672232,52,176.141394
-0.667725,51,176.160298
-0.671613,51,176.179401
-0.740244,51,176.198995
-0.772834,52,176.218124
-0.679219,51,176.237273
-0.649618,51,176.256385
-0.738713,51,176.275514
-0.6793,51,176.296498
-0.721216,51,176.316023
-0.667902,51,176.335123
-0.696408,51,176.354186
-0.710841,51,176.373673
-0.737918,51,176.392661
-0.69111,51,176.412246
-0.617857,51,176.431362
-0.69809,51,176.450946
-0.710171,51,176.470151
-0.691321,51,176.488848
-0.692548,51,176.507018
-0.825799,51,176.525229
-0.710052,52,176.547984
-0.748658,51,176.569838
-0.608729,51,176.594768
-0.783245,51,176.615278
-0.640794,52,176.636169
-0.866634,51,176.655117
-0.616985,51,176.674098
-0.763879,51,176.694796
-0.719068,52,176.71601
-0.688954,51,176.738438
-0.661586,51,176.76336
-0.718221,51,176.782626
-0.711776,51,176.801464
-0.698928,51,176.824917
-0.769259,52,177.048422
-0.630701,51,177.07694
-0.62043,51,177.101558
-0.750511,51,177.12562
-0.839952,51,177.151792
-0.642507,51,177.174603
-0.700797,51,177.198305
-0.883288,52,177.221222
-0.640171,51,177.241705
-0.754938,51,177.262153
-0.709033,51,177.281304
-0.800158,51,177.302645
-0.705213,51,177.323852
-0.633645,51,177.344108
-0.646591,51,177.367352
-0.68824,51,177.393679
-0.733701,51,177.419203
-0.738216,51,177.439408
-0.665885,51,177.460992
-0.774055,51,177.481607
-0.60506,51,177.502283
-0.675911,52,177.521969
-0.835162,51,177.541112
-0.671461,52,177.561013
-0.657726,51,177.580729
-0.71047,51,177.59965
-0.669619,52,177.618465
-0.668863,51,177.637695
-0.822343,51,177.656839
-0.738885,51,177.676351
-0.742022,51,177.695896
-0.797583,51,177.715385
-0.693798,51,177.734842
-0.76984,51,177.754337
-0.739186,51,177.773761
-0.716182,51,177.794023
-0.687229,52,177.814068
-0.75642,52,177.834053
-0.796804,51,177.853593
-0.616044,51,177.873074
-0.626135,51,178.071803
-0.652906,51,178.091335
-0.579526,51,178.110214
-0.716079,51,178.129611
-0.708821,51,178.148998
-0.766001,51,178.168257
-0.721534,51,178.187283
-0.656058,51,178.206718
-0.650979,52,178.225575
-0.721989,51,178.243733
-0.746108,52,178.262759
-0.804126,51,178.281862
-0.700382,51,178.300858
-0.66669,51,178.320296
-0.823053,51,178.339514
-0.641172,52,178.358742
-0.656579,52,178.378581
-0.599585,51,178.397533
-0.629607,51,178.416453
-0.757089,51,178.436434
-0.718979,51,178.45591
-0.81534,51,178.475591
-0.784967,51,178.494821
-0.64634,51,178.514014
-0.64605,51,178.532615
-0.637086,51,178.551887
-0.764026,52,178.571992
-0.695076,52,178.591644
-0.766255,52,178.611241
-0.695445,51,178.631782
-0.819655,51,178.65155
-0.708478,51,178.670876
-0.67015,51,178.690104
-0.75306,51,178.709018
-0.671345,51,178.728492
-0.700351,51,178.74795
-0.692573,52,178.766224
-0.726223,51,178.784047
-0.691474,51,178.802365
-0.676732,52,178.821031
-0.67616,51,179.019
-0.618926,52,179.038759
-0.663,51,179.057617
-0.673206,51,179.075556
-0.923142,51,179.093849
-0.672726,52,179.113055
-0.816062,51,179.131797
-0.719744,51,179.150379
-0.749357,51,179.169724
-0.820636,51,179.188371
-0.833081,51,179.20709
-0.719093,51,179.226144
-0.782058,51,179.245215
-0.699115,51,179.26425
-0.713222,51,179.283199
-0.702188,51,179.302597
-0.764991,51,179.322058
-0.651745,52,179.341427
-0.645944,51,179.360067
-0.766582,51,179.378792
-0.700404,51,179.398417
-0.645567,51,179.417715
-0.672678,51,179.436831
-0.735502,51,179.455969
-0.77604,51,179.474326
-0.682762,51,179.49283
-0.664608,51,179.511933
-0.754797,51,179.531017
-0.808919,51,179.549829
-0.77072,52,179.569023
-0.770296,51,179.587438
-0.725792,51,179.606377
-0.784735,52,179.625874
-0.631493,51,179.644542
-0.635444,52,179.663489
-0.738338,51,179.682411
-0.70176,51,179.700656
-0.731883,51,179.719558
-0.704418,51,179.739023
-0.678595,51,179.758462
-0.741393,52,179.959815
-0.730148,51,179.979218
-0.655083,51,179.99865
-0.855928,51,180.017844
-0.691769,51,180.03729
-0.71325,51,180.056261
-0.58585,51,180.075698
-0.772988,51,180.095073
-0.722608,52,180.114827
-0.761471,51,180.133371
-0.722374,51,180.15245
-0.768409,51,180.171562
-0.819124,51,180.190927
-0.837001,51,180.209856
-0.670423,51,180.229231
-0.65821,52,180.249035
-0.693228,51,180.267434
-0.705526,51,180.286412
-0.744274,51,180.305522
-0.608369,51,180.324527
-0.811095,51,180.342626
-0.784899,51,180.360448
-0.703782,51,180.378263
-0.848214,51,180.396422
-0.820841,51,180.41512
-0.674981,51,180.433697
-0.783428,51,180.452002
-0.67058,51,180.471155
-0.80028,51,180.489562
-0.678781,52,180.507888
-0.876866,51,180.525809
-0.72097,51,180.544284
-0.878885,51,180.564384
-0.700756,51,180.582567
-0.7323,51,180.600523
-0.668321,51,180.618449
-0.74818,51,180.636365
-0.623765,51,180.655038
-0.808495,51,180.67368
-0.738924,51,180.692764
-0.697188,51,180.888719
-0.768239,51,180.908539
-0.790941,51,180.927829
-0.647234,51,180.946474
-0.692327,51,180.965326
-0.654808,51,180.984258
-0.646073,51,181.00274
-0.624439,51,181.021815
-0.692052,51,181.041249
-0.698342,51,181.060157
-0.668764,51,181.080625
-0.639993,51,181.100123
-0.677134,51,181.118211
-0.674197,51,181.136124
-0.71705,51,181.15558
-0.670543,51,181.174494
-0.644858,51,181.193263
-0.684147,51,181.212441
-0.669465,52,181.231951
-0.727728,52,181.251847
-0.705725,51,181.270987
-0.707306,51,181.290186
-0.79596,51,181.309886
-0.724081,51,181.330283
-0.616585,52,181.350265
-0.736886,52,181.37051
-0.839959,51,181.390218
-0.717081,51,181.408492
-0.82609,51,181.428542
-0.650117,51,181.446987
-0.838457,51,181.466282
-0.703113,52,181.486169
-0.771134,51,181.504855
-0.655727,51,181.524693
-0.779491,51,181.543116
-0.692134,51,181.561863
-0.780875,51,181.580745
-0.834266,51,181.599767
-0.655538,51,181.620007
-0.754292,51,181.639883
-0.692939,51,181.658255
-0.67596,51,181.857886
-0.695791,52,181.878021
-0.646187,51,181.897647
-0.745475,51,181.91711
-0.686041,51,181.936588
-0.650999,51,181.956011
-0.705732,51,181.975176
-0.726729,51,181.994387
-0.673977,51,182.013679
-0.664272,51,182.032827
-0.791219,51,182.052487
-0.637974,51,182.071307
-0.736997,51,182.090794
-0.606756,52,182.110374
-0.719024,51,182.129444
-0.827883,51,182.148145
-0.757109,51,182.167233
-0.658081,51,182.186626
-0.756079,51,182.205821
-0.593179,51,182.225495
-0.791508,51,182.245038
-0.650452,51,182.264162
-0.827476,51,182.283827
-0.720257,51,182.303227
-0.650972,51,182.322831
-0.743726,51,182.342975
-0.692249,51,182.362814
-0.787495,51,182.381011
-0.627889,52,182.400083
-0.791269,51,182.418715
-0.817961,51,182.437668
-0.659744,51,182.456878
-0.699957,51,182.475358
-0.758304,51,182.493887
-0.642191,52,182.513391
-0.615069,51,182.53196
-0.628925,51,182.550633
-0.833006,51,182.569508
-0.71247,51,182.588124
-0.669606,51,182.607133
-0.737793,52,182.806823
-0.651361,52,182.826097
-0.569733,52,182.846165
-0.6751,52,182.865726
-0.749203,51,182.885424
-0.641147,51,182.904612
-0.752595,51,182.923704
-0.615239,51,182.942355
-0.688837,51,182.962662
-0.624639,51,182.981958
-0.782639,52,183.00158
-0.760319,51,183.0215
-0.678696,51,183.041029
-0.657725,51,183.061831
-0.671559,51,183.081045
-0.669399,51,183.100642
-0.853447,51,183.120183
-0.705874,51,183.139688
-0.587853,51,183.15924
-0.855897,51,183.178847
-0.653458,51,183.197987
-0.691539,52,183.218721
-0.780831,51,183.237379
-0.80362,52,183.256601
-0.642865,51,183.275255
-0.71695,51,183.294397
-0.668262,51,183.313744
-0.610375,51,183.332104
-0.672862,51,183.351115
-0.728597,51,183.37063
-0.686427,51,183.389459
-0.644121,52,183.40949
-0.694513,51,183.428736
-0.750885,51,183.448297
-0.680947,51,183.467831
-0.659883,51,183.486839
-0.909581,52,183.50676
-0.621563,51,183.526283
-0.831116,51,183.545375
-0.824587,51,183.564397
-0.699619,51,183.761986
-0.723876,51,183.781015
-0.744016,51,183.799618
-0.633631,51,183.818407
-0.75786,51,183.836725
-0.656013,51,183.855895
-0.61996,51,183.874176
-0.707951,51,183.892873
-0.590411,51,183.911124
-0.644429,51,183.929992
-0.805545,51,183.949046
-0.762513,52,183.968532
-0.666502,51,183.987121
-0.701603,51,184.005836
-0.767943,51,184.024764
-0.652329,51,184.043749
-0.792118,51,184.062771
-0.762254,51,184.08293
-0.736508,51,184.102133
-0.791752,51,184.121379
-0.767355,51,184.139882
-0.696815,51,184.158799
-0.616659,51,184.178585
-0.731745,51,184.196772
-0.747221,52,184.215345
-0.716355,51,184.234
-0.731592,51,184.252093
-0.699233,51,184.270617
-0.682855,51,184.289508
-0.65554,51,184.307481
-0.614453,52,184.326895
-0.706269,52,184.346299
-0.729799,51,184.365839
-0.7505,51,184.385794
-0.655651,51,184.404958
-0.68428,51,184.42324
-0.616336,51,184.440393
-0.685521,51,184.456802
-0.746651,52,184.473431
-0.690452,51,184.489775
-0.745226,51,184.702823
-0.887096,51,184.721587
-0.603822,51,184.739606
-0.741216,51,184.759388
-0.651367,51,184.776924
-0.635082,51,184.798211
-0.651806,51,184.821985
-0.717945,51,184.84225
-0.7575,51,184.861619
-0.724337,51,184.88308
-0.763129,51,184.906917
-0.680578,52,184.93343
-0.727958,51,184.951243
-0.72302,51,184.96896
-0.710954,51,184.986322
-0.648553,51,185.001951
-0.691993,51,185.019188
-0.650365,51,185.034791
-0.716413,51,185.05166
-0.83106,51,185.071694
-0.721599,51,185.090093
-0.779279,51,185.106764
-0.735026,51,185.125956
-0.683104,51,185.143029
-0.553647,51,185.160786
-0.619999,51,185.178545
-0.667759,52,185.196614
-0.74866,51,185.215556
-0.71717,51,185.23266
-0.675343,51,185.250212
-0.645765,51,185.267074
-0.636807,52,185.284221
-0.645732,51,185.301094
-0.753483,51,185.318673
-0.852902,51,185.333958
-0.631603,51,185.34919
-0.654559,51,185.364374
-0.710161,51,185.379497
-0.590464,51,185.394636
-0.830115,51,185.409652
