#{"t_start": 1789349944.3375099, "env_id": "None"}
r,l,t
-1.956323,51,0.920752
-1.962231,52,0.938954
-1.85642,51,0.956858
-2.03819,51,0.974586
-1.940413,52,0.994018
-2.105855,51,1.011924
-2.025848,51,1.029771
-1.921144,51,1.048157
-2.260738,51,1.066552
-1.816279,52,1.085795
-2.306604,51,1.103749
-1.861834,51,1.121806
-1.893918,51,1.14023
-2.223334,51,1.158252
-1.960902,51,1.176548
-1.944326,51,1.19479
-1.864608,51,1.213518
-2.026943,51,1.235524
-1.956337,51,1.255783
-2.09303,51,1.274629
-1.96558,51,1.293443
-1.941303,51,1.313451
-1.942707,51,1.332775
-2.024405,52,1.352774
-1.856846,51,1.373316
-2.055237,51,1.392521
-2.123753,52,1.413058
-2.00417,52,1.433
-1.887729,51,1.452488
-2.110659,51,1.471347
-1.832697,51,1.489826
-1.853403,51,1.508598
-1.897417,52,1.527767
-1.824794,51,1.546543
-1.975656,51,1.565163
-2.08422,51,1.583563
-2.066821,51,1.601921
-2.055941,51,1.620378
-2.234637,51,1.638795
-1.889243,51,1.657304
-1.774781,51,1.965595
-1.941738,51,1.983869
-2.162048,51,2.002421
-2.056787,51,2.020521
-2.081769,51,2.038542
-2.080773,52,2.057403
-2.019878,51,2.075827
-1.927481,51,2.09376
-1.891836,51,2.11173
-1.906661,52,2.130487
-1.847846,51,2.148832
-1.879926,51,2.166788
-2.080991,51,2.18479
-2.094493,52,2.203072
-1.941006,51,2.221304
-1.857709,51,2.239967
-2.06316,51,2.258599
-1.833785,51,2.277276
-1.93343,51,2.296025
-1.865446,51,2.314885
-1.852547,51,2.334414
-1.98711,52,2.35444
-1.876084,51,2.37402
-1.969675,51,2.393731
-1.900841,51,2.413358
-2.052607,51,2.433169
-1.930082,51,2.452707
-1.909948,51,2.472286
-1.962122,51,2.491032
-2.15262,51,2.509834
-2.139181,51,2.528648
-1.92865,51,2.547384
-2.03412,51,2.5661
-1.814398,51,2.58483
-1.84163,51,2.603225
-1.90087,51,2.621211
-1.933906,51,2.639631
-1.855905,51,2.657848
-1.86107,52,2.676493
-1.89633,51,2.694902
-2.141229,51,2.984888
-1.959112,51,3.003276
-2.164032,51,3.020822
-2.129465,52,3.038939
-1.882478,51,3.057124
-2.18695,51,3.075258
-1.873706,51,3.093763
-2.169,51,3.112261
-2.12234,51,3.130704
-2.086854,51,3.149163
-1.896034,51,3.167326
-1.746095,51,3.185789
-2.05938,51,3.203909
-2.004841,51,3.220837
-1.978962,51,3.238578
-1.976287,51,3.257286
-2.242287,52,3.276016
-1.918162,51,3.294497
-2.306473,51,3.314667
-1.982959,51,3.333869
-1.945436,51,3.354065
-2.29329,51,3.373855
-1.959528,51,3.394793
-2.070471,51,3.414921
-2.247525,51,3.435789
-1.928791,51,3.455872
-2.005338,51,3.476191
-1.963086,52,3.496457
-1.766379,51,3.515573
-1.941771,52,3.535193
-2.15504,52,3.554946
-2.015704,51,3.574175
-1.87634,51,3.593006
-2.218916,52,3.612606
-1.842174,52,3.631648
-1.852547,52,3.650484
-1.903696,51,3.66952
-1.941292,52,3.688517
-1.894504,51,3.706971
-2.378186,51,3.725475
-1.812748,51,4.021344
-1.830646,51,4.040074
-2.11551,51,4.059197
-2.078203,51,4.077736
-2.028539,51,4.096258
-1.903656,51,4.114701
-1.88051,51,4.13322
-1.972091,51,4.151537
-2.862567,51,4.169351
-1.912799,51,4.187715
-1.882723,51,4.20616
-2.072579,52,4.224957
-2.261919,51,4.243688
-1.968431,51,4.262315
-2.100328,51,4.281121
-1.865403,51,4.299994
-1.93028,52,4.319169
-1.789216,51,4.338038
-1.748919,51,4.356981
-2.041942,52,4.376376
-1.81056,51,4.396639
-1.82891,51,4.415401
-1.994668,51,4.434195
-1.858309,51,4.453509
-1.941518,51,4.47251
-2.075124,51,4.491679
-2.129502,51,4.511392
-1.852542,51,4.530395
-2.140224,52,4.549582
-1.87934,51,4.568264
-1.906785,51,4.586626
-1.954657,51,4.605349
-2.019371,51,4.624065
-2.275669,51,4.642837
-2.008913,51,4.661211
-1.956218,52,4.679264
-1.750729,51,4.697792
-2.119621,51,4.71752
-2.013834,52,4.737141
-1.906122,51,4.755783
-1.914918,51,5.048055
-1.901152,52,5.06782
-1.843433,51,5.086292
-1.921294,51,5.104964
-1.931404,51,5.12309
-1.868222,51,5.141029
-2.053868,51,5.159223
-1.94382,51,5.177239
-1.902939,51,5.195635
-2.019933,51,5.213842
-2.029994,51,5.232043
-1.864722,51,5.250598
-1.928303,51,5.268871
-1.920551,51,5.288092
-1.887938,51,5.307048
-1.999161,51,5.325737
-1.844258,51,5.344167
-2.302472,51,5.36282
-2.754301,51,5.381501
-2.110045,52,5.400559
-1.946681,51,5.418762
-1.936445,52,5.438116
-1.845688,51,5.45723
-1.873855,51,5.476408
-2.133539,51,5.49498
-1.969536,52,5.514788
-1.728189,51,5.535175
-1.9129,52,5.555052
-1.921549,51,5.573442
-1.81169,51,5.591823
-2.042472,51,5.610758
-1.945548,51,5.6296
-1.948934,51,5.648521
-1.784409,51,5.667371
-2.283272,51,5.685906
-1.911281,52,5.704432
-1.952781,51,5.722806
-1.822049,51,5.740853
-2.173935,52,5.759642
-1.912371,51,5.778026
-1.907054,52,6.0735
-2.003262,51,6.092494
-1.95467,51,6.110543
-2.020346,51,6.129365
-2.141388,51,6.147443
-2.027096,51,6.165804
-2.007004,51,6.183854
-2.000386,52,6.20252
-2.03053,51,6.2205
-2.014136,51,6.238893
-1.990795,51,6.256871
-2.42454,51,6.275329
-1.788314,52,6.294143
-2.173313,51,6.312478
-2.029338,51,6.330716
-1.892963,51,6.348411
-1.84438,52,6.367392
-2.192328,51,6.385566
-2.433385,51,6.403897
-1.92084,51,6.422508
-2.047256,51,6.441946
-1.850634,51,6.461429
-1.84235,51,6.480946
-2.244418,51,6.500497
-1.816952,51,6.520014
-1.952768,51,6.539411
-1.765914,51,6.559996
-1.844826,51,6.579826
-1.896883,52,6.598366
-2.028053,51,6.617106
-1.866941,51,6.635895
-2.234646,51,6.654352
-2.130511,51,6.672741
-2.082128,51,6.691483
-1.999029,51,6.709903
-1.924777,51,6.72903
-1.790409,51,6.747263
-1.835768,51,6.764872
-2.032165,51,6.78257
-1.884335,51,6.8002
-1.768368,52,7.093407
-1.854066,51,7.112132
-1.988724,51,7.130767
-1.943957,51,7.149251
-1.962602,51,7.166874
-1.923875,51,7.184755
-2.132501,51,7.202145
-1.972271,51,7.220275
-2.153484,51,7.23823
-1.866243,52,7.256718
-1.734265,51,7.27476
-2.100213,51,7.292784
-1.860616,51,7.311241
-1.926795,51,7.329362
-1.943827,51,7.348165
-1.94152,51,7.366851
-1.9592,51,7.384486
-1.872838,52,7.402827
-1.983601,51,7.421152
-2.211031,52,7.4397
-1.796518,51,7.458654
-1.860661,51,7.478377
-1.953476,52,7.498482
-2.009622,51,7.51821
-2.010127,52,7.538359
-2.080571,51,7.55776
-1.873129,51,7.577063
-2.030019,51,7.595381
-1.776114,51,7.613802
-2.070257,51,7.632583
-2.089499,51,7.651302
-1.864222,51,7.670099
-2.11294,51,7.688415
-2.067589,51,7.706949
-2.246643,51,7.725305
-1.922807,51,7.743748
-2.030896,51,7.762101
-1.882064,51,7.780097
-2.098111,51,7.79704
-2.072091,51,7.814104
-1.867329,51,8.102837
-2.021917,51,8.121629
-2.183649,51,8.139861
-2.247564,51,8.158088
-1.939731,51,8.176251
-1.875256,51,8.195559
-1.846083,51,8.214216
-1.824647,51,8.232976
-1.940438,51,8.251597
-1.994048,51,8.270147
-1.878628,51,8.288644
-1.840319,51,8.306968
-1.940855,52,8.325476
-2.048188,51,8.343619
-1.845484,51,8.362262
-1.888266,52,8.38091
-2.003276,51,8.399316
-1.922691,51,8.416684
-2.050659,51,8.434161
-1.952976,51,8.453593
-2.13811,51,8.472983
-2.230461,51,8.492397
-1.861496,51,8.511567
-2.065206,51,8.531215
-1.987172,51,8.550793
-2.288296,51,8.570453
-1.991517,52,8.590339
-1.951526,51,8.609787
-1.982407,52,8.628981
-2.005437,51,8.647754
-1.917714,51,8.666487
-1.966658,51,8.685144
-1.763382,51,8.703886
-2.171411,51,8.722428
-2.037779,51,8.740826
-1.878459,51,8.759568
-1.98054,52,8.778072
-1.823527,52,8.79622
-1.914308,51,8.814201
-1.971425,52,8.832725
-1.950152,51,9.122094
-1.954093,51,9.140446
-1.853269,51,9.158728
-1.911226,51,9.176973
-1.861018,51,9.195567
-1.951184,51,9.213777
-1.875395,51,9.232188
-2.030276,52,9.249733
-2.034145,51,9.267823
-1.980262,51,9.285497
-1.707138,51,9.30401
-1.88251,52,9.322281
-2.07317,52,9.340537
-2.041138,51,9.35864
-2.056475,51,9.377448
-2.1414,51,9.396587
-2.125275,51,9.415662
-1.896947,51,9.434472
-1.898795,51,9.453245
-2.063804,51,9.472338
-2.03567,51,9.492213
-2.079053,51,9.511977
-1.842575,51,9.531714
-1.806411,51,9.551362
-1.948583,51,9.571132
-2.031891,51,9.590882
-1.935596,51,9.610703
-1.865807,51,9.630354
-1.963655,51,9.649252
-1.884134,51,9.667552
-1.839145,51,9.685885
-1.89931,51,9.70426
-1.866,51,9.723066
-2.210488,51,9.741395
-2.02792,51,9.759556
-1.958175,51,9.777558
-1.853244,51,9.795986
-1.955239,51,9.813999
-2.061002,51,9.831486
-1.856708,51,9.849212
-1.929528,51,10.140305
-1.926265,52,10.159404
-1.975643,51,10.178811
-1.812771,51,10.197552
-1.849237,51,10.21632
-1.870157,51,10.235233
-1.937043,51,10.254212
-2.1711,51,10.27319
-2.083969,51,10.291618
-2.035436,51,10.310082
-1.844727,51,10.328259
-2.043182,51,10.346464
-1.940379,51,10.364594
-2.059453,52,10.383461
-2.544508,52,10.402758
-1.943813,51,10.421614
-1.842609,51,10.440093
-2.00016,51,10.457874
-1.789616,51,10.4765
-1.82775,51,10.494603
-1.91397,51,10.513744
-2.109357,51,10.532802
-1.960229,51,10.55253
-1.839982,51,10.572446
-1.942682,51,10.592232
-1.827324,52,10.612586
-1.919876,51,10.632392
-2.109763,51,10.652189
-1.974866,51,10.671083
-1.861774,51,10.689835
-2.089373,51,10.708143
-1.939215,51,10.726325
-2.362063,51,10.744805
-1.958546,51,10.762751
-1.928659,52,10.781164
-1.889431,51,10.798764
-2.152963,51,10.817235
-1.952053,51,10.834871
-2.151443,51,10.852245
-2.164276,51,10.870179
-2.071289,51,11.159932
-1.887275,51,11.178221
-2.12741,51,11.196455
-1.777629,51,11.215099
-2.236792,52,11.233689
-2.055767,51,11.252157
-2.342994,51,11.270674
-1.89758,51,11.289168
-2.111778,51,11.307602
-1.829378,51,11.326487
-1.897153,51,11.344401
-1.968793,51,11.36254
-2.39263,51,11.38076
-1.781384,51,11.398928
-1.826038,51,11.417581
-1.758408,51,11.436217
-2.073229,52,11.455016
-1.853226,51,11.473743
-2.418445,52,11.492754
-1.952678,51,11.512286
-1.987902,51,11.532378
-1.832827,51,11.5517
-1.985141,52,11.571503
-1.898343,51,11.591419
-1.829801,51,11.611033
-1.912257,52,11.631001
-2.285181,51,11.650722
-2.006698,52,11.670585
-1.879353,51,11.688995
-1.840324,51,11.707767
-2.016295,52,11.727906
-1.898752,52,11.74666
-2.059101,51,11.764913
-1.96237,51,11.783137
-2.149391,51,11.801525
-1.85142,51,11.819656
-1.916846,51,11.837657
-2.207764,52,11.856006
-1.883986,51,11.874083
-1.876182,51,11.892438
-2.102652,51,12.183602
-2.055668,52,12.202696
-1.792956,51,12.221341
-2.503606,51,12.239908
-1.863813,51,12.258471
-1.916297,51,12.276621
-1.849829,51,12.295112
-1.838407,51,12.313254
-2.283247,51,12.331815
-1.89006,51,12.350301
-2.017215,51,12.368144
-1.821829,51,12.386116
-1.85372,52,12.404589
-2.054892,51,12.42308
-2.004157,51,12.441433
-2.160778,51,12.460222
-2.049047,52,12.479365
-2.109113,51,12.498155
-2.041891,51,12.516804
-1.855017,52,12.536816
-1.968412,51,12.556842
-1.817259,52,12.577416
-1.88428,51,12.597515
-2.447425,51,12.617476
-1.926581,51,12.637478
-2.125023,51,12.657349
-2.156499,51,12.677309
-1.877885,51,12.696993
-1.885963,51,12.71592
-1.954555,52,12.735229
-1.76408,51,12.754089
-1.967591,51,12.77293
-1.851661,51,12.790948
-2.061834,51,12.809189
-1.945127,51,12.827256
-1.911597,52,12.84562
-1.903596,52,12.863874
-1.871488,51,12.881627
-1.923333,51,12.899374
-1.901367,51,12.917464
-1.874005,51,13.206902
-1.829637,51,13.224793
-1.937371,52,13.243102
-1.778957,51,13.261411
-2.111329,51,13.279713
-2.102783,51,13.297026
-1.944368,51,13.314379
-1.768768,51,13.332466
-1.920605,51,13.350567
-1.986217,51,13.368778
-1.910205,51,13.386838
-2.018947,52,13.40458
-1.946791,51,13.421972
-1.969884,51,13.439796
-2.025347,52,13.458244
-2.027271,52,13.476381
-1.88743,51,13.494693
-2.106634,52,13.513447
-2.125385,52,13.532463
-1.943366,51,13.551691
-1.968329,51,13.571119
-2.094643,51,13.590778
-2.11757,51,13.610491
-1.982688,51,13.629989
-2.190381,51,13.649605
-1.882813,51,13.669274
-1.831505,51,13.688909
-1.908982,51,13.708654
-1.940824,51,13.727528
-1.872873,52,13.746677
-1.975305,51,13.765411
-2.07098,52,13.784531
-1.809598,51,13.803337
-1.876135,52,13.82233
-1.816173,51,13.840779
-1.858619,51,13.859226
-1.940601,51,13.877587
-2.079773,51,13.896028
-2.096803,51,13.913993
-1.899683,51,13.932027
-1.956862,51,14.218461
-1.795955,51,14.236248
-1.917517,51,14.253788
-1.879614,51,14.271492
-1.911257,51,14.289666
-1.82074,51,14.307926
-1.811023,51,14.326277
-2.125025,51,14.344534
-2.32464,52,14.36312
-1.804575,52,14.3817
-2.238936,51,14.400239
-2.027431,51,14.418779
-2.081023,51,14.437108
-2.248693,51,14.454509
-1.944821,51,14.472641
-2.171154,51,14.491267
-1.945858,51,14.510047
-2.319227,51,14.528883
-1.749348,51,14.54758
-2.187082,51,14.566926
-1.952715,51,14.586568
-2.13719,51,14.606192
-2.036624,51,14.625915
-1.757584,51,14.64605
-1.926179,51,14.665866
-1.884839,51,14.685962
-2.01042,51,14.705566
-1.994089,51,14.724875
-1.969928,51,14.744119
-1.874016,51,14.763254
-2.14181,51,14.781964
-1.829859,52,14.801211
-1.836996,51,14.82019
-2.032259,51,14.838689
-2.091522,51,14.856927
-1.933152,51,14.874309
-1.920927,51,14.892317
-1.797702,51,14.910288
-2.319115,51,14.928689
-1.979117,51,14.947072
-1.980141,51,15.232411
-2.231892,51,15.25104
-2.138943,51,15.269214
-2.008957,51,15.286669
-2.202984,52,15.304841
-1.964686,51,15.322959
-1.790646,51,15.340603
-1.856186,52,15.359498
-2.007243,51,15.377529
-1.857212,51,15.396057
-2.289332,51,15.414072
-1.893424,51,15.432496
-1.950959,52,15.451229
-1.948413,51,15.468325
-1.907843,51,15.486067
-1.890619,51,15.504121
-1.888357,51,15.522849
-1.990783,51,15.541539
-2.060613,52,15.56015
-2.25597,51,15.57969
-1.951318,51,15.599261
-1.958369,51,15.618947
-1.926113,52,15.63888
-1.959345,51,15.658634
-1.917982,51,15.678369
-1.841251,51,15.697143
-2.139632,52,15.716143
-1.955471,51,15.734765
-1.875163,51,15.753504
-2.083076,51,15.771712
-1.951086,51,15.790437
-1.880692,51,15.80879
-1.933774,51,15.827535
-1.905409,51,15.844814
-1.853067,51,15.86262
-2.153409,51,15.880468
-1.943801,51,15.898177
-2.23607,51,15.915675
-1.915002,51,15.933374
-1.872055,51,15.951225
-1.889605,52,16.240995
-2.054541,51,16.259445
-2.281156,51,16.278154
-1.917857,51,16.296797
-2.045909,51,16.315511
-1.754396,51,16.333433
-2.054637,51,16.351636
-1.896312,51,16.369741
-1.934978,51,16.387695
-1.940864,51,16.406059
-1.847711,52,16.424985
-1.968562,52,16.443385
-1.937873,51,16.462295
-2.001274,51,16.480721
-1.836892,52,16.499644
-2.033647,52,16.519053
-2.107231,51,16.537421
-1.92596,51,16.555407
-1.98415,52,16.574437
-1.928633,51,16.59409
-1.975659,51,16.613768
-1.769004,51,16.633571
-1.868422,51,16.653235
-2.0834,51,16.67273
-2.128631,51,16.692343
-2.07775,51,16.712083
-2.039975,51,16.732998
-2.059654,51,16.752768
-1.95319,51,16.771911
-1.837895,51,16.790916
-2.338363,51,16.809885
-1.863271,51,16.828501
-2.103805,51,16.847476
-1.932364,52,16.866626
-2.143222,52,16.885464
-1.934303,51,16.904272
-1.882341,51,16.922714
-2.049958,51,16.940636
-1.861152,51,16.957885
-1.894216,52,16.975802
-2.151385,51,17.264516
-1.971755,52,17.283652
-1.854931,51,17.30192
-1.938442,51,17.320559
-1.777357,51,17.339133
-1.855491,52,17.35826
-2.021873,52,17.375775
-1.892381,51,17.393288
-2.085763,51,17.411106
-1.992523,52,17.429256
-1.92335,51,17.447343
-1.974931,51,17.465456
-1.909678,51,17.483852
-1.915533,51,17.501928
-1.895282,51,17.520649
-2.042842,51,17.539444
-2.030609,51,17.558163
-2.125555,52,17.576824
-1.855905,51,17.594881
-1.925981,51,17.614688
-1.989691,51,17.634459
-1.836155,51,17.654296
-2.01201,51,17.674096
-1.867898,51,17.693916
-1.824417,51,17.713716
-1.954105,51,17.733427
-1.873231,52,17.753639
-1.845241,51,17.77315
-2.014401,52,17.791799
-2.005253,51,17.809693
-1.9129,51,17.835026
-1.90361,52,17.854371
-2.170816,51,17.87288
-1.858354,51,17.890963
-1.759265,51,17.909368
-1.964183,51,17.927817
-2.024075,51,17.945899
-1.838199,51,17.964013
-1.94126,51,17.98235
-1.878172,51,18.000765
-1.833622,51,18.289904
-1.958774,52,18.308668
-2.031255,51,18.327112
-1.749882,52,18.345851
-1.939709,51,18.364472
-1.861317,51,18.383006
-1.960459,51,18.400989
-2.032496,51,18.4184
-1.878838,51,18.436052
-1.887811,51,18.454278
-2.070886,51,18.472796
-1.844677,51,18.490372
-2.160728,51,18.5078
-1.971028,51,18.525676
-1.80994,51,18.544138
-2.081968,51,18.562431
-1.972169,52,18.581611
-1.955761,51,18.600342
-1.848337,51,18.618994
-1.90422,51,18.637662
-1.940877,52,18.657533
-2.267507,52,18.677571
-2.036862,51,18.697365
-1.809539,51,18.717037
-1.870275,51,18.736891
-1.979671,51,18.756792
-1.903676,52,18.776959
-1.705588,51,18.796346
-1.979179,51,18.815187
-1.85646,51,18.833988
-1.836819,52,18.852639
-1.875278,51,18.870844
-2.033225,51,18.889538
-2.022486,51,18.907503
-1.84341,51,18.9259
-2.051956,51,18.944294
-2.010225,51,18.962589
-1.936473,51,18.980856
-1.894737,51,18.99923
-1.973582,51,19.017226
-1.985794,51,19.306389
-1.81255,51,19.325114
-1.903956,51,19.343726
-1.87104,51,19.362316
-1.986631,51,19.380846
-1.91414,51,19.399842
-1.973241,51,19.4184
-1.971977,51,19.436369
-1.979657,51,19.454246
-2.046442,51,19.47249
-1.920495,51,19.489918
-1.83409,51,19.50731
-1.980227,51,19.5255
-2.043485,51,19.543592
-1.858993,52,19.561779
-1.864035,51,19.57994
-2.019041,51,19.598783
-2.177549,51,19.617531
-1.80597,51,19.6363
-1.88017,51,19.65605
-2.39221,51,19.675692
-1.815078,51,19.695437
-2.372315,51,19.715013
-2.042244,51,19.734788
-1.923256,51,19.754298
-1.848812,51,19.773612
-1.937607,51,19.793152
-1.809447,51,19.812885
-1.851195,51,19.831437
-1.821355,51,19.848756
-2.071308,52,19.867241
-2.073848,51,19.885743
-2.149295,51,19.90418
-2.42345,51,19.922465
-1.871158,51,19.940328
-2.099008,51,19.958352
-1.879172,51,19.976361
-1.888607,52,19.995097
-2.147957,51,20.013178
-2.101617,51,20.031279
-2.097114,51,20.320429
-1.994324,51,20.338993
-1.953351,51,20.356772
-1.915432,52,20.375789
-2.166138,51,20.394073
-1.884819,51,20.412132
-1.848129,51,20.430634
-1.903004,51,20.449104
-1.958594,51,20.467588
-1.997062,51,20.485983
-2.468802,51,20.503067
-1.815825,51,20.520114
-1.758644,51,20.537365
-2.109282,51,20.555649
-1.915395,51,20.573754
-1.935696,51,20.592409
-1.951975,51,20.611179
-1.974392,51,20.629978
-1.825866,51,20.64815
-2.102842,51,20.667291
-1.902338,51,20.686517
-1.880275,51,20.705953
-1.809565,52,20.726069
-2.013599,52,20.746329
-1.920491,52,20.766548
-2.063529,51,20.786356
-1.947212,51,20.806264
-1.872053,51,20.826095
-2.696189,51,20.844872
-2.143776,51,20.8637
-1.767493,52,20.88187
-1.889127,51,20.899895
-1.901263,51,20.918144
-2.174748,51,20.936185
-1.906312,51,20.954197
-1.812229,51,20.972569
-1.806597,51,20.990835
-2.199716,51,21.008468
-1.892571,51,21.026869
-2.1788,51,21.044882
-1.87076,51,21.335274
-1.924164,52,21.354104
-1.935741,51,21.372717
-1.948103,51,21.391332
-1.835477,51,21.40988
-1.989578,51,21.428453
-1.859846,51,21.446559
-1.883606,51,21.465018
-2.205662,51,21.483157
-1.807672,52,21.501036
-1.861409,51,21.518031
-1.832723,51,21.535823
-1.773992,51,21.553527
-2.050293,51,21.571378
-1.887239,51,21.589553
-1.746236,51,21.608276
-1.912819,51,21.626638
-2.030815,52,21.645912
-2.000946,52,21.664893
-1.757858,51,21.68451
-1.883096,51,21.703786
-1.929505,51,21.722541
-2.089293,51,21.743338
-2.13204,51,21.763897
-1.89154,51,21.784445
-1.774717,51,21.804694
-1.86726,51,21.825171
-1.944583,51,21.845501
-1.995934,51,21.864337
-2.001519,52,21.883473
-1.828601,51,21.90163
-2.009579,51,21.920875
-1.907855,51,21.940028
-2.188132,51,21.957652
-1.790283,52,21.975458
-1.95518,51,21.99283
-1.829313,52,22.009648
-1.773992,52,22.02687
-1.993738,51,22.042926
-1.981423,51,22.058283
-1.973554,51,22.361192
-1.885673,52,22.379132
-1.853011,51,22.395671
-1.754846,51,22.413105
-1.873421,51,22.429136
-1.958971,51,22.44513
-2.00593,51,22.462015
-2.613585,51,22.477275
-1.927583,52,22.492328
-1.872978,51,22.507907
-2.006211,51,22.523456
-1.955685,52,22.539525
-2.149687,51,22.555427
-1.887891,51,22.571067
-1.826272,51,22.585649
-1.682941,51,22.600315
-2.112669,51,22.614855
-2.087226,52,22.629586
-2.162405,51,22.644173
-1.888016,51,22.658479
-1.804977,51,22.672634
-2.027975,51,22.68683
-1.835651,52,22.701343
-1.895494,51,22.71529
-1.746793,51,22.729311
-1.982478,51,22.743451
-1.955389,51,22.757721
-2.050494,51,22.771489
-1.90089,51,22.785565
-1.833223,51,22.799656
-1.904622,51,22.813427
-1.750086,51,22.827743
-1.85123,51,22.8415
-2.018113,51,22.85528
-1.871549,51,22.869099
-2.003362,51,22.882971
-1.988098,52,22.896996
-1.915728,52,22.910991
-2.09696,51,22.924765
-1.973471,51,22.938468
-1.976531,51,23.175592
-1.974485,51,23.191057
-2.005388,51,23.206362
-2.237889,51,23.221995
-2.318908,52,23.237602
-1.948041,51,23.252959
-2.040325,51,23.268486
-1.973763,51,23.283854
-1.807884,51,23.299489
-1.825904,51,23.31477
-2.01207,51,23.330412
-1.913427,51,23.346092
-1.901384,51,23.3611
-1.786165,52,23.376631
-2.14371,51,23.391911
-1.817485,51,23.407155
-2.043674,51,23.422422
-2.048708,51,23.437111
-1.994438,51,23.452306
-1.96988,51,23.467155
-1.905028,51,23.480949
-1.861541,51,23.495298
-1.945063,51,23.510111
-1.90854,51,23.524345
-1.962537,51,23.538385
-1.942744,51,23.552293
-1.784861,51,23.566236
-1.970475,52,23.580414
-2.107617,51,23.59433
-1.887174,51,23.608187
-1.838039,51,23.622086
-2.197298,51,23.635929
-1.982184,51,23.649796
-2.202296,51,23.663668
-2.27487,51,23.67748
-2.053261,51,23.691324
-2.035691,52,23.705406
-2.288917,51,23.71922
-1.875857,51,23.73303
-1.861834,51,23.746827
-1.886617,51,23.968909
-2.015747,51,23.984173
-1.828839,52,23.999662
-2.358856,51,24.015297
-1.821776,51,24.030989
-1.913313,52,24.04764
-1.96317,51,24.063619
-1.819736,52,24.08129
-2.033068,51,24.098357
-1.947928,51,24.115689
-2.352637,51,24.13176
-2.130129,51,24.147901
-1.786677,51,24.163664
-1.931251,51,24.180197
-1.870626,51,24.197117
-1.945012,51,24.213953
-1.905097,51,24.230799
-1.875839,51,24.24769
-2.03778,51,24.265244
-1.901476,51,24.282657
-1.911331,51,24.299925
-1.881524,51,24.317108
-1.922553,51,24.333775
-1.803433,51,24.349724
-1.94342,51,24.366257
-1.808295,51,24.382685
-1.831984,51,24.399386
-2.00871,51,24.415929
-2.304919,51,24.432536
-1.980706,51,24.449923
-1.947991,51,24.466773
-1.903208,51,24.484012
-2.06404,51,24.501339
-1.899448,52,24.519366
-1.832978,51,24.536604
-1.881454,51,24.553152
-2.047751,51,24.570008
-2.246031,51,24.586246
-2.027329,51,24.603014
-1.893719,51,24.619229
-1.87109,51,24.894365
-1.778754,51,24.911184
-1.907304,51,24.928757
-1.998064,51,24.945812
-2.032823,51,24.963161
-1.932559,51,24.980077
-1.865053,51,24.996901
-1.96252,52,25.014359
-2.182097,52,25.03167
-2.026291,52,25.049126
-1.902352,52,25.066834
-1.905068,51,25.084176
-1.807727,52,25.10219
-1.930552,51,25.11968
-2.384745,51,25.138356
-2.030257,51,25.156079
-1.975067,51,25.17409
-1.86586,51,25.192372
-1.947614,51,25.210507
-1.808883,51,25.227623
-1.820841,51,25.244593
-1.893746,51,25.261547
-1.960332,52,25.278807
-2.087382,51,25.295935
-2.157394,51,25.312782
-1.826915,51,25.329591
-1.830839,51,25.346403
-2.02644,51,25.363276
-1.867393,51,25.380153
-1.955532,51,25.396601
-1.984268,51,25.413425
-1.996997,51,25.42991
-1.936445,51,25.446363
-2.124483,51,25.463145
-1.872565,51,25.479598
-1.843526,52,25.495753
-1.835095,52,25.512668
-1.985956,51,25.528901
-1.779197,51,25.544963
-2.1978,52,25.561706
-1.754744,51,25.829416
-1.982919,51,25.845444
-1.928985,51,25.861321
-1.926371,51,25.877181
-2.286914,51,25.893192
-1.870709,51,25.909602
-2.107715,51,25.926149
-1.930602,51,25.942941
-1.970056,51,25.959501
-2.102073,51,25.976322
-2.124135,52,25.993667
-1.878132,51,26.009814
-1.958907,52,26.027095
-1.992789,51,26.044019
-1.913848,51,26.060983
-1.865392,51,26.079632
-2.246546,51,26.099077
-1.912714,51,26.116589
-1.803201,51,26.133739
-1.967103,51,26.150612
-1.970565,51,26.167581
-2.000411,51,26.184674
-2.236256,51,26.202464
-2.094285,52,26.219984
-2.233236,51,26.237139
-1.928918,51,26.254849
-1.944994,51,26.272389
-2.412026,51,26.290603
-2.065211,51,26.308694
-1.939564,51,26.325667
-1.978943,52,26.342841
-1.989852,51,26.360265
-1.82102,51,26.376061
-2.122181,52,26.391746
-1.983019,52,26.408749
-1.92076,51,26.424957
-1.8898,51,26.441691
-1.911509,51,26.458458
-1.788741,51,26.474502
-1.930024,51,26.490352
-1.869838,52,26.7813
-1.824021,51,26.798501
-1.841422,51,26.816419
-2.056493,51,26.8331
-1.974687,51,26.849923
-1.859869,51,26.86702
-1.9335,51,26.88573
-2.021161,52,26.903002
-2.000122,52,26.920212
-1.88777,51,26.937099
-1.819184,51,26.954273
-2.09288,51,26.971254
-1.886224,51,26.988299
-1.83264,51,27.005413
-2.103601,51,27.022258
-1.727867,51,27.039196
-2.155955,51,27.056126
-2.039166,51,27.073209
-1.867468,51,27.090562
-1.892136,51,27.108565
-2.060518,51,27.125846
-1.723927,51,27.143666
-1.881933,51,27.161186
-1.940687,52,27.17946
-2.055957,51,27.197557
-2.257523,51,27.216324
-2.014266,52,27.234686
-2.077542,51,27.252042
-2.099863,51,27.270058
-1.819232,51,27.288024
-2.067408,51,27.307675
-2.136198,51,27.328185
-1.846182,51,27.347007
-1.865922,51,27.365352
-1.93668,51,27.383635
-1.778677,51,27.405886
-2.035473,51,27.425069
-1.786928,51,27.443715
-1.897936,51,27.462263
-1.820738,52,27.481147
-1.715247,51,27.775699
-1.943623,51,27.794493
-1.933624,51,27.813131
-1.800582,51,27.83083
-1.980581,51,27.848986
-2.135402,51,27.867501
-2.037863,51,27.886016
-2.019325,51,27.904453
-1.90255,51,27.922729
-2.030857,51,27.942282
-1.934637,51,27.960563
-1.764561,51,27.978225
-2.06129,51,27.996086
-1.835191,51,28.015262
-1.837791,51,28.034051
-2.122374,51,28.05326
-1.8486,52,28.072828
-1.881532,51,28.092735
-1.850426,51,28.111857
-1.962214,51,28.131376
-1.812966,51,28.150943
-1.966465,51,28.170477
-1.893215,51,28.190051
-1.817231,51,28.209482
-2.08436,52,28.229414
-1.842749,51,28.248906
-2.012315,51,28.268553
-2.120331,51,28.288185
-1.939981,52,28.308181
-1.841423,51,28.326696
-2.021541,51,28.345136
-2.005989,51,28.363713
-1.902769,51,28.382314
-2.428886,51,28.400453
-1.800907,51,28.418971
-2.002354,51,28.43744
-1.866152,52,28.45629
-2.002501,51,28.474744
-1.802048,52,28.493606
-1.983778,51,28.512113
-1.869807,51,28.79904
-1.928969,51,28.817342
-2.032868,51,28.835465
-1.863222,51,28.853669
-1.903658,51,28.872081
-1.943099,51,28.890627
-1.939221,51,28.908857
-1.90422,51,28.92776
-1.93879,51,28.946318
-1.960625,51,28.965104
-2.069569,52,28.983163
-1.874764,51,29.001659
-2.059389,51,29.020265
-1.951499,51,29.038474
-2.141781,51,29.05605
-1.80021,51,29.075411
-1.821654,51,29.094697
-1.869643,51,29.114479
-1.888622,51,29.134113
-1.816309,51,29.153738
-1.942458,51,29.173614
-1.749077,51,29.193336
-1.891605,51,29.21273
-1.996178,51,29.232361
-1.903343,51,29.252056
-2.213607,51,29.271792
-1.966288,51,29.291227
-1.842232,51,29.310278
-1.904423,51,29.329461
-1.991906,51,29.34813
-2.160594,52,29.366971
-2.026391,51,29.3857
-1.873674,51,29.404835
-1.886914,51,29.42405
-1.834464,51,29.442688
-1.904704,51,29.461266
-2.082578,51,29.479837
-1.810876,51,29.498393
-1.97861,51,29.516859
-1.870839,52,29.535799
-1.851956,51,29.554332
-2.050485,51,29.844046
-1.898964,51,29.862839
-1.83341,51,29.881542
-2.10413,51,29.900157
-2.115201,51,29.918665
-1.860591,51,29.937177
-2.184119,51,29.955658
-1.830034,51,29.974097
-1.975285,51,29.992534
-2.015983,51,30.010928
-1.940415,51,30.02824
-1.940681,51,30.046054
-1.860102,51,30.063969
-1.901045,51,30.081597
-1.9692,51,30.099968
-1.927256,51,30.119465
-1.897943,51,30.139097
-1.983158,51,30.158734
-1.86259,51,30.178092
-2.075347,51,30.197683
-1.935748,51,30.217105
-1.919341,51,30.235941
-1.892768,51,30.254691
-1.860628,51,30.274187
-1.85889,51,30.293193
-1.813793,52,30.313055
-1.844583,51,30.33243
-1.992963,51,30.351851
-1.766603,51,30.371342
-1.96581,51,30.390206
-1.687923,51,30.408631
-1.917434,51,30.426636
-1.838167,51,30.444204
-1.954953,51,30.46106
-1.848907,51,30.478308
-2.08891,51,30.496118
-1.980174,51,30.51404
-1.84401,51,30.531721
-2.225679,51,30.548938
-1.983064,51,30.565967
-1.946873,52,30.856964
-1.948415,51,30.875865
-1.954526,51,30.894591
-2.067938,51,30.914366
-1.886396,51,30.934444
-1.888374,52,30.953185
-2.009848,51,30.971656
-2.086948,51,30.989977
-1.954214,51,31.008591
-2.389523,51,31.026763
-2.007152,52,31.045696
-1.914559,51,31.063806
-1.920976,51,31.082306
-1.895663,51,31.100439
-2.215604,52,31.119331
-1.825417,51,31.137931
-2.006911,51,31.157534
-1.978171,51,31.177305
-1.986547,51,31.196898
-2.004559,52,31.216951
-1.878295,52,31.236956
-1.869685,52,31.256985
-1.936499,51,31.277207
-1.893185,51,31.298161
-1.829078,51,31.318379
-1.864227,51,31.338307
-2.043516,51,31.358415
-1.765767,52,31.378682
-1.97148,51,31.398529
-1.869702,51,31.418133
-1.896495,51,31.436754
-1.906858,51,31.455328
-2.008624,51,31.473827
-1.856998,51,31.491404
-2.017933,51,31.508901
-2.002631,51,31.526953
-2.103786,51,31.544685
-1.973485,52,31.563169
-1.902534,51,31.581918
-1.938758,52,31.60048
-2.354032,51,31.890401
-1.938566,52,31.909479
-1.968436,51,31.928001
-1.945353,51,31.946594
-1.994305,51,31.965129
-1.844417,51,31.983665
-1.944361,51,32.002137
-1.693084,51,32.02056
-1.798094,52,32.039439
-1.897015,51,32.057878
-1.879045,51,32.076374
-1.867028,51,32.094927
-1.865236,52,32.113804
-1.80429,51,32.131837
-1.935557,51,32.149925
-1.767109,51,32.168096
-2.004415,51,32.186942
-1.873758,51,32.20654
-1.922988,52,32.226492
-1.830404,51,32.246106
-1.843338,51,32.265501
-2.280305,51,32.284823
-1.84456,51,32.304226
-1.798289,51,32.323701
-1.88019,51,32.343168
-2.131306,51,32.362735
-1.813336,51,32.382318
-1.841497,51,32.401882
-1.802253,51,32.421458
-2.010878,51,32.44116
-1.910585,52,32.460663
-1.887228,51,32.479089
-1.941869,51,32.497309
-1.860953,51,32.515481
-2.074531,51,32.53361
-1.904177,51,32.551524
-1.834511,51,32.569698
-2.202782,51,32.587647
-1.867322,51,32.605699
-1.765379,51,32.624079
-1.786986,51,32.914474
-1.945142,51,32.933277
-2.060122,51,32.952019
-1.913861,51,32.970788
-1.826705,51,32.989718
-1.986654,51,33.008306
-2.214338,51,33.026934
-2.172704,51,33.045019
-1.947031,51,33.064376
-1.85153,51,33.082326
-1.953244,51,33.100603
-1.75631,51,33.118842
-1.938614,51,33.137318
-2.145452,51,33.155546
-1.929921,52,33.174489
-1.832684,51,33.192436
-1.658327,51,33.210766
-1.858893,51,33.230201
-1.763107,51,33.250053
-1.809073,51,33.269639
-2.003875,51,33.289833
-2.160115,51,33.308907
-1.885214,51,33.328081
-2.034148,51,33.347586
-2.004175,51,33.367251
-2.013536,51,33.386326
-1.864598,51,33.405283
-1.785863,51,33.424742
-1.969235,51,33.444373
-1.775111,51,33.464062
-2.033637,51,33.48371
-1.764862,51,33.502284
-2.052729,51,33.52075
-1.905549,51,33.538857
-1.811061,51,33.557379
-1.773055,51,33.576043
-1.931632,51,33.5942
-1.889723,51,33.611768
-1.774953,51,33.629371
-1.795015,51,33.647747
-1.854966,51,33.935309
-1.795679,51,33.953949
-1.925687,51,33.972115
-2.064989,51,33.990738
-2.237001,51,34.009347
-1.802593,51,34.027867
-1.692518,51,34.046345
-2.08184,51,34.064812
-1.893559,51,34.08321
-1.937864,51,34.102682
-1.897359,51,34.121371
-2.074481,51,34.139967
-1.773084,51,34.158573
-1.840985,51,34.177153
-1.96006,51,34.195707
-1.662959,51,34.214301
-1.895202,51,34.232703
-1.746226,51,34.251777
-1.973489,51,34.271393
-1.861092,51,34.290971
-1.912552,52,34.311008
-1.926947,51,34.330693
-1.856238,51,34.350401
-1.981712,51,34.370116
-1.872102,51,34.389933
-1.81323,51,34.410041
-1.942654,51,34.42975
-1.7933,51,34.449416
-1.924852,51,34.469182
-1.903745,52,34.489266
-1.869872,51,34.509011
-2.017144,51,34.528239
-1.915031,51,34.546724
-1.862182,51,34.565168
-2.010144,51,34.583348
-1.862941,51,34.600408
-1.868983,51,34.617722
-1.847286,51,34.634879
-1.914068,51,34.652272
-1.899526,51,34.670072
-1.848073,51,34.95586
-2.220639,51,34.97467
-1.867167,51,34.993278
-1.945517,51,35.011328
-2.01061,51,35.029606
-2.058926,52,35.047491
-2.145358,51,35.064671
-1.909915,51,35.082313
-1.764391,51,35.100427
-1.932386,51,35.118483
-1.822384,51,35.137066
-1.894473,51,35.155556
-1.774831,52,35.174431
-1.812099,51,35.192939
-2.097951,51,35.211331
-1.847177,51,35.229837
-1.883311,51,35.248335
-1.880606,51,35.265332
-2.067157,51,35.284158
-1.933381,51,35.303264
-1.9078,51,35.322271
-1.835604,51,35.341952
-1.971464,51,35.3608
-1.866918,51,35.379995
-1.846245,51,35.399611
-2.090584,51,35.419107
-1.892937,51,35.438821
-1.738588,51,35.458144
-2.188686,51,35.476347
-1.769994,51,35.495227
-1.896352,51,35.514358
-1.877574,51,35.533953
-2.004082,52,35.553398
-2.026803,51,35.571899
-1.826138,52,35.590218
-1.851811,51,35.607319
-1.76948,51,35.626036
-1.798787,51,35.643996
-1.959536,52,35.662372
-2.098718,52,35.68032
-1.91228,51,35.972766
-1.80143,51,35.991837
-2.051268,51,36.010566
-1.736928,51,36.029181
-1.917825,51,36.047702
-1.877497,51,36.066303
-1.817991,51,36.085152
-1.909849,51,36.102651
-1.821892,51,36.120327
-1.760517,51,36.138963
-1.868063,51,36.157154
-1.739007,51,36.175275
-1.843667,51,36.19342
-1.916685,51,36.211558
-1.944125,51,36.230077
-1.855481,51,36.248295
-1.874053,51,36.266698
-1.948314,51,36.285783
-1.870182,51,36.303942
-1.721392,51,36.322853
-1.95107,52,36.342987
-1.767414,51,36.363015
-2.076003,52,36.383451
-1.990505,52,36.403989
-1.788455,51,36.424378
-2.077077,51,36.444675
-1.815627,51,36.464576
-2.16576,51,36.484465
-1.899759,51,36.504572
-2.399436,51,36.523296
-2.040264,51,36.542778
-1.722342,51,36.561866
-2.013375,52,36.581769
-1.95167,51,36.599694
-1.923123,51,36.617224
-2.136357,51,36.635286
-1.899887,52,36.654062
-1.936781,51,36.672162
-1.817533,51,36.690595
-1.935995,51,36.70866
-1.864623,51,36.995064
-1.798409,51,37.013482
-1.715988,51,37.032146
-1.753066,51,37.050814
-1.790777,51,37.069124
-1.766811,51,37.087259
-1.949748,52,37.106255
-1.782429,51,37.124874
-1.959518,51,37.143072
-2.042949,51,37.160722
-1.91036,51,37.178942
-1.720609,51,37.197016
-1.838269,51,37.215157
-2.024235,51,37.233183
-1.808281,51,37.250927
-1.791307,51,37.268986
-1.912432,51,37.287488
-1.778166,51,37.305523
-1.877496,51,37.323887
-2.031657,51,37.342793
-1.813618,51,37.362021
-1.780755,51,37.38113
-2.316559,51,37.400814
-1.832441,51,37.420469
-2.001642,51,37.440079
-2.079351,51,37.459621
-2.016585,51,37.479346
-2.001682,52,37.499345
-2.023115,51,37.519052
-1.878857,51,37.538621
-1.854104,51,37.558866
-1.8242,51,37.57735
-2.122192,52,37.596742
-1.924569,51,37.614925
-1.913611,51,37.63268
-1.969648,51,37.650997
-2.111181,51,37.669453
-1.893095,51,37.687437
-1.811893,51,37.705442
-1.779256,51,37.723849
-1.778755,51,38.009254
-1.918315,51,38.028124
-1.909905,51,38.046801
-1.88054,51,38.064942
-2.086048,51,38.083509
-1.80203,51,38.102206
-1.863011,51,38.120368
-2.141413,51,38.138151
-1.966022,51,38.15603
-1.949436,51,38.173488
-1.884062,52,38.190949
-1.837535,51,38.208232
-1.949342,51,38.226285
-1.949185,51,38.243963
-1.819542,51,38.262388
-1.913317,52,38.280838
-1.911846,51,38.298827
-1.953106,51,38.317495
-1.674272,51,38.334531
-1.87342,51,38.351974
-1.958215,52,38.371418
-2.024783,51,38.390853
-1.882776,51,38.40973
-1.799883,51,38.428914
-2.033328,51,38.448359
-1.835181,51,38.46744
-2.019802,51,38.486914
-1.886708,51,38.50653
-1.778943,51,38.525859
-2.044808,51,38.54495
-1.974069,51,38.564445
-2.019852,52,38.585268
-1.85279,51,38.604418
-1.875458,51,38.622994
-1.809614,51,38.641263
-1.943143,52,38.659679
-1.879878,52,38.677876
-2.098141,51,38.696258
-2.005324,51,38.714347
-2.062289,51,38.732383
-1.828979,51,39.023406
-1.808434,51,39.042275
-1.868461,51,39.060873
-1.957952,51,39.079197
-2.070786,51,39.097315
-1.875586,52,39.115811
-2.000389,51,39.134308
-1.828445,51,39.15247
-1.994539,51,39.170627
-1.829593,51,39.188838
-2.028377,51,39.206451
-1.840532,51,39.223925
-1.943671,51,39.241553
-1.917962,51,39.259684
-1.867562,51,39.277764
-1.751146,52,39.296602
-1.888677,51,39.314617
-1.922168,51,39.333845
-1.906536,52,39.352683
-1.973215,51,39.371395
-1.939058,52,39.390907
-1.858003,51,39.410727
-1.849515,51,39.429887
-1.758343,51,39.449418
-1.903929,51,39.468929
-1.81337,51,39.488796
-2.146396,51,39.508207
-1.86797,51,39.528011
-2.175191,51,39.547815
-2.190975,51,39.567587
-1.805684,51,39.587373
-1.9342,52,39.607926
-1.856883,51,39.627515
-1.919605,51,39.645849
-1.739763,51,39.664389
-1.785426,51,39.682823
-2.282162,51,39.701362
-1.844215,51,39.719755
-2.040483,51,39.738181
-2.07647,51,39.756705
-1.79941,51,40.0478
-2.053251,51,40.065592
-1.677279,51,40.083465
-1.874083,51,40.101666
-1.974104,51,40.120266
-1.945014,51,40.138309
-1.784584,51,40.156491
-1.672949,51,40.174167
-1.856928,52,40.193122
-2.027151,51,40.211681
-2.034355,51,40.229815
-1.821239,51,40.248008
-1.865296,51,40.2651
-2.057834,52,40.283228
-2.087903,51,40.300877
-1.910417,51,40.319012
-1.854367,51,40.336697
-1.929742,51,40.355082
-1.828441,51,40.373047
-1.951091,51,40.39166
-1.871841,51,40.410799
-1.888759,51,40.430697
-1.991656,51,40.45057
-2.13047,51,40.469537
-2.001984,51,40.488653
-1.919443,51,40.508378
-1.813838,51,40.528156
-1.802676,51,40.547874
-1.849244,51,40.567556
-1.885102,51,40.586962
-1.834073,51,40.606407
-1.907686,51,40.6258
-2.074058,51,40.644328
-2.168238,51,40.662695
-1.862117,51,40.681033
-1.857672,51,40.699206
-1.94556,51,40.717227
-1.99194,51,40.735633
-1.801449,51,40.753664
-1.875881,51,40.772012
-1.980747,52,41.06076
-1.888769,51,41.080044
-2.056459,51,41.098685
-1.775548,51,41.117005
-1.840256,51,41.135248
-1.757819,51,41.153881
-2.028937,51,41.172429
-1.810222,51,41.191095
-1.789529,51,41.209707
-1.71491,51,41.228294
-1.75417,51,41.246862
-1.811595,51,41.265446
-1.958959,52,41.284369
-1.804464,51,41.303327
-2.008711,51,41.321718
-1.717815,51,41.340006
-1.88014,51,41.35868
-1.929868,51,41.37732
-1.863097,51,41.395777
-1.929588,52,41.414948
-1.917799,51,41.433733
-1.940174,51,41.453462
-1.793253,51,41.473553
-1.680948,51,41.493512
-1.768857,51,41.513139
-1.841663,51,41.532858
-1.84769,51,41.552488
-1.941114,51,41.572174
-1.787916,51,41.59174
-1.769201,51,41.611466
-1.830664,51,41.631119
-1.75314,51,41.650964
-1.856644,51,41.670705
-1.900105,52,41.690384
-1.738419,51,41.708908
-2.03847,51,41.726185
-1.825004,51,41.744826
-1.967601,51,41.762931
-1.940043,51,41.781024
-1.912067,51,41.799651
-1.806434,52,42.088693
-1.773909,52,42.108205
-2.015847,51,42.126776
-1.850518,51,42.14391
-1.871516,51,42.161559
-1.909803,51,42.179842
-1.886059,51,42.197992
-1.781453,51,42.216091
-2.064526,51,42.234243
-1.809701,51,42.252353
-1.923838,52,42.271274
-1.822012,51,42.289716
-1.768198,51,42.308165
-1.897972,51,42.326624
-1.884182,51,42.344312
-2.080638,51,42.361473
-1.800999,51,42.379177
-1.902408,51,42.39724
-1.962944,51,42.414949
-2.006185,51,42.433392
-1.879166,51,42.452026
-1.918302,52,42.471756
-2.339888,51,42.49161
-1.798717,52,42.511748
-1.939572,51,42.531506
-2.022344,51,42.551795
-1.917198,51,42.572178
-2.051169,51,42.591996
-1.942747,51,42.611752
-1.965736,51,42.631562
-1.807429,51,42.651257
-1.805929,51,42.671143
-1.726876,51,42.691171
-2.115169,51,42.710834
-2.038611,51,42.729744
-2.060552,52,42.749434
-1.907296,51,42.768265
-1.769758,51,42.786936
-1.791503,51,42.805591
-1.859397,52,42.824531
-1.932788,51,43.111923
-2.346066,51,43.130962
-1.910274,51,43.149587
-2.061025,51,43.168188
-2.249886,51,43.186305
-2.028886,51,43.203898
-1.757971,51,43.222019
-1.927814,52,43.240506
-1.747374,51,43.259011
-1.883313,51,43.277122
-1.873201,51,43.294759
-1.90628,51,43.312603
-1.901237,51,43.330458
-1.912492,51,43.348431
-1.867115,51,43.36687
-1.79012,51,43.384829
-1.858091,52,43.403687
-1.914185,51,43.421704
-1.713644,51,43.440147
-2.011208,51,43.458232
-1.844686,51,43.476746
-1.996617,51,43.495432
-1.821844,51,43.515146
-1.923544,51,43.534436
-1.853706,52,43.553903
-1.942253,51,43.573612
-2.01496,51,43.593105
-1.883176,51,43.612441
-1.939592,51,43.631864
-1.927153,51,43.651911
-1.779378,51,43.670803
-1.750624,51,43.689963
-2.084226,51,43.708886
-1.983458,51,43.728692
-1.811442,51,43.747562
-1.940556,51,43.765888
-1.814986,51,43.784612
-1.909697,51,43.802221
-2.086463,51,43.820611
-1.726111,52,43.838414
-1.853511,51,43.856329
-2.002613,51,44.146764
-1.734181,51,44.165355
-1.874987,51,44.183835
-1.764497,51,44.202992
-1.941635,51,44.220656
-2.012553,51,44.237924
-2.051946,52,44.256215
-2.072097,51,44.274123
-1.761884,51,44.292201
-1.807794,51,44.310398
-1.968326,51,44.328583
-1.761054,51,44.346739
-1.893889,51,44.364843
-2.146451,51,44.382547
-1.890597,51,44.400974
-1.975606,52,44.41949
-1.773865,52,44.437212
-1.946171,52,44.455248
-1.834883,51,44.473055
-1.869525,51,44.491224
-1.816319,51,44.50964
-1.785034,51,44.527904
-1.971333,51,44.546866
-1.765614,51,44.566094
-1.805542,51,44.585345
-1.819258,51,44.604892
-2.111686,51,44.624409
-1.75365,51,44.642828
-1.93424,51,44.661721
-2.056747,51,44.680155
-2.039681,51,44.698568
-1.934758,51,44.718106
-2.046454,51,44.737192
-1.746002,51,44.75634
-1.893905,51,44.775232
-1.808083,51,44.793995
-2.100405,51,44.812642
-1.939752,52,44.831569
-1.819782,51,44.84898
-1.748738,51,44.866559
-1.925719,52,45.155153
-1.735472,52,45.174116
-1.7589,51,45.192215
-1.964698,52,45.210612
-2.017336,51,45.229064
-2.032754,51,45.24688
-1.718898,52,45.265152
-1.792414,51,45.282539
-1.835139,51,45.299765
-1.828426,51,45.317439
-2.089656,51,45.335168
-1.699934,51,45.353204
-1.784554,52,45.371924
-1.969758,51,45.390139
-1.90707,51,45.40855
-1.789031,51,45.426634
-2.039106,51,45.445097
-1.870943,52,45.463658
-1.865129,51,45.480856
-1.6538,51,45.498023
-1.875761,51,45.516227
-1.905892,51,45.534211
-1.894423,51,45.552311
-2.11908,51,45.57127
-2.094457,51,45.589921
-1.852252,51,45.609501
-1.776253,51,45.628401
-1.788994,51,45.647539
-1.696046,51,45.667199
-1.946885,52,45.686645
-1.911785,51,45.7054
-1.81818,51,45.723909
-1.658911,51,45.743158
-1.841569,51,45.762271
-1.933122,51,45.781522
-1.795695,51,45.799849
-2.211638,51,45.818303
-1.88869,51,45.837104
-1.895466,51,45.855551
-1.916636,52,45.87435
-1.712667,51,46.161427
-2.200217,51,46.179398
-1.922225,51,46.197982
-1.931322,51,46.216217
-1.993378,51,46.234366
-1.961461,52,46.252939
-1.725392,51,46.271038
-1.878145,51,46.289224
-1.89316,51,46.308062
-2.192251,52,46.325623
-1.78002,51,46.342784
-1.871519,52,46.360901
-1.78131,52,46.379098
-1.731056,51,46.397355
-1.888107,51,46.415632
-2.014913,51,46.433706
-1.996314,51,46.451691
-1.834721,51,46.470118
-1.733758,51,46.488106
-1.999808,52,46.506555
-1.756162,51,46.523783
-2.041823,51,46.541775
-1.964916,52,46.560598
-1.82994,51,46.578893
-1.923054,51,46.598555
-2.139174,52,46.618667
-1.708436,51,46.638219
-2.137235,51,46.657971
-1.752301,51,46.677083
-1.81988,52,46.696489
-1.880126,51,46.714821
-1.928254,52,46.733846
-1.844296,51,46.753191
-1.880936,51,46.772105
-1.936506,52,46.791059
-1.780766,51,46.809097
-2.009463,51,46.827902
-1.895125,51,46.84659
-1.943086,51,46.865
-1.948495,51,46.883537
-1.852157,51,47.17117
-1.90414,51,47.189107
-1.802933,51,47.207732
-1.769509,51,47.225869
-1.694874,51,47.243632
-1.868416,51,47.261685
-1.849633,51,47.279691
-1.85253,51,47.297425
-1.846917,51,47.315487
-1.776473,51,47.333992
-2.002156,51,47.352334
-1.929028,51,47.369649
-1.94629,51,47.387775
-1.838554,51,47.405446
-1.754165,52,47.423947
-1.670494,51,47.442275
-1.866486,51,47.4606
-1.867561,51,47.479104
-1.801953,51,47.4976
-1.752636,51,47.51603
-1.783894,51,47.53411
-1.866832,51,47.552838
-1.698544,51,47.57086
-1.755459,51,47.588533
-1.805449,51,47.606557
-1.945811,51,47.625728
-1.81393,52,47.645454
-1.781913,51,47.664739
-1.789321,51,47.683662
-1.749274,51,47.702793
-1.950836,52,47.722165
-2.159493,51,47.741667
-1.802455,51,47.76129
-1.904441,51,47.78025
-1.888074,52,47.799371
-1.910035,51,47.817793
-1.841915,51,47.836321
-1.7516,51,47.854778
-1.809893,51,47.872974
-2.181156,51,47.891003
-1.704627,51,48.180361
-1.766716,51,48.198368
-1.73785,51,48.215951
-1.880052,51,48.234184
-1.934957,51,48.251975
-1.789347,51,48.270171
-1.864071,51,48.288142
-1.854817,51,48.306228
-2.02377,51,48.324497
-1.771446,51,48.34258
-1.79607,51,48.360297
-1.718456,51,48.378359
-1.951961,51,48.396677
-1.869215,51,48.413778
-1.86117,51,48.431233
-1.809775,51,48.448689
-1.880596,51,48.46672
-1.968658,51,48.484732
-1.74591,51,48.502787
-1.962545,51,48.521162
-1.712365,51,48.539306
-1.737418,51,48.55806
-1.92965,51,48.57673
-2.03187,51,48.595343
-2.091973,51,48.613925
-1.907533,51,48.633375
-1.967335,51,48.652866
-1.781044,51,48.672378
-1.814997,51,48.691684
-1.623198,51,48.712471
-1.791765,51,48.732157
-1.775505,51,48.751702
-1.68051,51,48.771401
-2.051841,51,48.791008
-1.824228,51,48.810334
-1.741625,51,48.829064
-1.825772,51,48.847286
-1.787408,51,48.865777
-1.787663,51,48.883722
-1.803147,51,48.901759
-1.893379,51,49.192814
-1.715614,51,49.211558
-1.925669,51,49.229775
-1.902258,51,49.248738
-1.885826,51,49.266679
-1.765651,51,49.284612
-1.691563,51,49.302793
-1.735771,51,49.321407
-1.972058,51,49.339639
-1.727489,51,49.357909
-1.758008,51,49.376421
-1.885521,51,49.394964
-1.879422,51,49.41312
-1.857598,51,49.431623
-1.819115,51,49.449715
-1.853558,51,49.467529
-1.704581,51,49.488893
-1.849805,51,49.506899
-1.817168,51,49.526173
-2.127495,51,49.544427
-1.80535,51,49.562873
-1.857824,51,49.581511
-1.897536,52,49.600843
-1.771538,52,49.620088
-1.873841,52,49.639379
-1.789902,51,49.659561
-1.979194,51,49.680089
-1.852511,51,49.698875
-1.792819,52,49.721841
-1.71808,51,49.741542
-1.627323,51,49.761394
-1.824273,51,49.781334
-1.747987,52,49.801207
-1.844737,51,49.82114
-1.980545,51,49.841087
-1.863242,51,49.859852
-1.915758,51,49.877989
-1.771275,51,49.896685
-1.829862,52,49.915897
-1.759758,51,49.934682
-1.768147,51,50.22548
-1.8643,51,50.244017
-2.043067,51,50.262315
-1.717026,51,50.281556
-1.885219,51,50.299921
-1.834819,51,50.318668
-1.820607,51,50.336478
-1.9492,52,50.355398
-1.819697,51,50.373973
-1.8231,51,50.392108
-1.867784,51,50.410645
-1.745077,51,50.428743
-2.034163,51,50.447238
-1.727529,51,50.465675
-1.828656,51,50.48395
-2.024016,52,50.502899
-1.936416,51,50.520906
-2.25844,51,50.538778
-1.722838,51,50.557313
-1.959438,51,50.575439
-1.951816,51,50.593958
-1.818126,51,50.612247
-1.862213,51,50.631139
-1.779207,51,50.650008
-1.812002,51,50.668522
-1.913051,51,50.686961
-1.890749,52,50.707937
-1.793296,51,50.727809
-1.862596,52,50.747873
-1.848178,51,50.767362
-1.762198,51,50.786831
-1.816206,51,50.806238
-1.89401,51,50.825726
-1.84525,51,50.845341
-1.777348,51,50.864944
-1.850686,51,50.884778
-1.849669,51,50.903594
-1.851251,51,50.92179
-1.833203,51,50.94033
-1.862742,51,50.958799
-1.731143,52,51.248466
-1.794537,51,51.26726
-1.664436,51,51.285922
-1.900049,51,51.303143
-1.872228,51,51.320202
-1.796198,51,51.338365
-1.929552,51,51.355775
-1.82979,52,51.373923
-1.935292,51,51.391906
-1.887842,51,51.410063
-1.875668,51,51.428265
-1.72781,51,51.446678
-1.856506,51,51.465167
-1.633934,51,51.482828
-1.811426,51,51.501479
-1.783309,51,51.519961
-1.866022,51,51.538055
-1.906942,51,51.556526
-1.889052,51,51.575017
-1.901967,51,51.592816
-1.89772,51,51.611056
-1.838293,51,51.629645
-1.83499,51,51.648494
-2.020123,51,51.667256
-1.920641,51,51.686191
-1.823017,51,51.704941
-1.77932,52,51.725006
-1.838186,51,51.746497
-1.76122,51,51.76664
-1.828427,51,51.786308
-2.044145,52,51.806724
-2.04846,51,51.826842
-1.924282,51,51.846265
-1.906094,51,51.865869
-2.072763,51,51.885137
-1.86937,51,51.903728
-1.880059,51,51.922513
-1.822677,51,51.941346
-1.816737,51,51.959759
-1.906122,51,51.978459
-1.861657,51,52.266481
-1.755588,51,52.284914
-2.380808,51,52.303492
-1.730692,51,52.321661
-1.778371,51,52.340206
-1.786796,51,52.358087
-1.671099,51,52.375185
-1.714917,51,52.392981
-2.054231,51,52.410554
-2.019778,51,52.428699
-1.909792,51,52.447006
-1.780898,51,52.464884
-1.827747,51,52.482974
-2.08202,51,52.50122
-1.779022,51,52.519443
-1.879233,51,52.538036
-1.737339,51,52.556457
-2.416682,51,52.574198
-2.113182,51,52.5916
-1.981345,52,52.609737
-1.763981,51,52.627596
-1.676816,51,52.645838
-1.822803,51,52.664193
-1.798924,51,52.682125
-1.912548,51,52.700887
-1.891591,51,52.719637
-1.846531,51,52.738794
-1.760422,51,52.7571
-1.94726,51,52.776008
-1.690591,51,52.795292
-1.804763,51,52.814301
-1.797445,51,52.833514
-1.864114,51,52.852766
-1.803349,51,52.87241
-1.814554,51,52.892054
-1.792004,51,52.911745
-1.748314,51,52.930501
-1.829663,51,52.949264
-1.697652,52,52.968422
-1.826408,51,52.987953
-1.794214,51,53.274983
-1.761957,51,53.292774
-1.912005,51,53.310705
-1.693631,51,53.328485
-1.89494,51,53.346722
-1.762445,51,53.364635
-1.748071,51,53.382708
-1.75752,51,53.400914
-1.789157,51,53.418859
-1.939157,51,53.437262
-1.887145,51,53.455678
-1.823262,51,53.473987
-1.783773,51,53.492334
-1.890792,51,53.51055
-1.811984,51,53.528561
-1.9132,51,53.546889
-1.902708,51,53.565189
-1.786881,51,53.583522
-1.693758,51,53.601882
-1.974745,51,53.62055
-1.88969,52,53.638193
-1.91172,51,53.655755
-1.719825,51,53.673573
-1.835038,51,53.691547
-1.873422,52,53.710385
-1.77595,51,53.729231
-1.826463,51,53.747673
-2.105354,52,53.765908
-1.796613,51,53.784762
-1.765315,51,53.803464
-1.749266,51,53.82272
-1.805945,51,53.841193
-1.802871,51,53.859693
-1.927855,51,53.878897
-1.675379,51,53.898035
-1.779746,51,53.917736
-1.824841,51,53.936719
-1.776716,51,53.9555
-1.856386,51,53.974155
-1.906632,51,53.992861
-1.804488,52,54.281727
-1.858009,51,54.300055
-1.733132,51,54.318556
-1.767033,51,54.337005
-1.932084,51,54.355497
-1.888541,51,54.374032
-1.831607,51,54.39209
-1.736633,51,54.410571
-1.70236,51,54.428698
-1.697213,51,54.447171
-1.843221,52,54.465679
-1.895903,51,54.482814
-1.914996,51,54.500278
-1.846978,51,54.517975
-1.851043,51,54.535873
-1.762097,51,54.553538
-1.832136,51,54.571536
-2.084659,51,54.589903
-1.860576,51,54.607896
-1.91525,51,54.625964
-1.74953,51,54.644011
-1.780424,51,54.661937
-1.756666,51,54.67892
-1.89893,51,54.696578
-1.822316,51,54.714712
-1.762332,51,54.733509
-1.862377,51,54.751863
-1.762631,51,54.769699
-1.714487,51,54.788568
-1.701551,51,54.80783
-1.75701,51,54.827063
-1.875245,51,54.846326
-1.896865,51,54.865564
-1.721224,51,54.884668
-1.985265,51,54.903823
-1.78818,51,54.922923
-1.850689,51,54.942393
-1.902869,51,54.961604
-1.838217,51,54.979865
-2.11012,52,54.998943
-1.752398,51,55.286569
-1.91734,51,55.304276
-1.774641,51,55.322196
-1.827796,51,55.340137
-1.790863,51,55.358681
-1.777451,51,55.377499
-1.829681,51,55.395516
-1.717552,51,55.41405
-1.722389,51,55.432432
-1.791384,51,55.450879
-1.662379,51,55.469359
-1.944185,52,55.488663
-1.818661,51,55.50763
-1.871548,51,55.526077
-1.821229,51,55.543937
-1.89906,51,55.562443
-1.727795,51,55.581014
-1.74854,52,55.599872
-1.810645,51,55.618324
-2.024643,51,55.636866
-1.771559,51,55.655299
-1.76994,52,55.674336
-1.897244,52,55.693409
-1.822066,52,55.711629
-1.825909,51,55.729979
-1.745535,51,55.748664
-1.79978,51,55.767165
-1.752228,51,55.785254
-1.780573,52,55.803865
-1.686304,51,55.823423
-1.942413,51,55.843322
-1.890443,51,55.86251
-1.759401,51,55.881644
-1.746081,52,55.901878
-1.710029,52,55.921898
-1.722396,51,55.941533
-1.778535,51,55.960788
-1.804304,51,55.980072
-1.858923,51,55.998941
-1.882478,51,56.01774
-1.740722,51,56.31049
-1.772731,51,56.329528
-1.576442,51,56.347449
-1.786502,51,56.365515
-1.664366,51,56.383351
-1.72694,51,56.401449
-1.764575,52,56.419892
-1.698048,51,56.438056
-1.71277,51,56.456423
-1.790256,51,56.474157
-1.745143,51,56.492197
-1.694843,51,56.510237
-1.78271,51,56.528635
-1.843472,51,56.546726
-1.770444,51,56.565162
-2.097116,51,56.582984
-1.760776,51,56.601301
-1.720935,51,56.619251
-2.140824,52,56.637831
-1.837758,51,56.656179
-1.722638,51,56.674115
-2.191965,51,56.692563
-1.940948,51,56.710572
-1.845169,51,56.728834
-1.985941,51,56.747488
-1.832231,52,56.76569
-1.825389,51,56.784086
-1.851523,51,56.802722
-1.765654,51,56.821606
-1.814775,52,56.840948
-1.728692,51,56.860675
-1.767775,51,56.880277
-1.682614,51,56.899936
-1.73591,51,56.919617
-1.779633,51,56.939241
-1.719661,51,56.959007
-1.757446,51,56.978239
-1.726093,51,56.997884
-1.769376,51,57.017292
-1.831065,52,57.0365
-1.887408,52,57.328686
-1.977353,51,57.346572
-1.808959,51,57.364407
-1.85046,51,57.381506
-1.790003,51,57.398949
-1.683892,51,57.416603
-1.636772,51,57.435161
-1.746404,51,57.453303
-1.650146,51,57.471248
-1.692349,51,57.489359
-1.777667,51,57.507518
-1.912307,52,57.526255
-1.868291,51,57.544695
-1.782892,51,57.563174
-1.725292,51,57.581439
-1.793576,52,57.598793
-1.785654,52,57.616219
-1.722916,51,57.633647
-1.870038,51,57.651156
-1.838196,51,57.668898
-1.919846,51,57.687069
-1.762376,51,57.707638
-1.966865,51,57.733133
-1.819252,51,57.75426
-1.764111,51,57.775386
-1.807849,52,57.805093
-1.837355,51,57.824717
-1.71803,51,57.844205
-1.982148,51,57.862976
-1.673404,51,57.881107
-1.808544,51,57.900272
-1.810914,52,57.920439
-2.019189,51,57.940101
-1.707555,51,57.959882
-1.713193,51,57.979467
-1.771483,51,57.999126
-1.826493,51,58.018683
-1.737792,51,58.038681
-1.802793,51,58.058031
-1.772063,51,58.076763
-1.899063,52,58.374236
-1.886263,51,58.393092
-1.878024,51,58.411699
-1.882083,51,58.430254
-1.739696,51,58.448732
-1.686625,51,58.467221
-1.861904,51,58.485707
-1.946885,51,58.504138
-1.742515,51,58.522603
-1.868064,51,58.540996
-1.657611,51,58.559427
-1.826536,51,58.577849
-1.621949,51,58.596272
-1.928238,51,58.614714
-1.776315,51,58.632889
-1.908062,51,58.650694
-1.863708,52,58.668822
-1.971222,51,58.686674
-1.879354,51,58.70444
-1.727997,51,58.723088
-1.591534,52,58.741846
-1.646147,51,58.759914
-1.78335,51,58.780805
-1.765389,51,58.799816
-1.87237,51,58.817684
-1.745693,51,58.836684
-1.944614,52,58.855176
-1.870051,51,58.873516
-1.707273,51,58.891039
-1.714168,51,58.90885
-1.577958,51,58.927234
-1.714263,51,58.945995
-1.734183,51,58.965392
-1.831841,52,58.985376
-1.727534,51,59.005552
-1.687056,51,59.024916
-1.887727,51,59.044434
-1.696881,51,59.064195
-1.766634,52,59.08365
-1.678638,51,59.102349
-1.620969,51,59.39328
-1.719044,51,59.412169
-1.543972,51,59.430641
-1.673962,51,59.448086
-1.934382,51,59.465614
-1.777844,51,59.483653
-1.68476,52,59.50157
-1.749495,51,59.519421
-1.830315,51,59.537405
-1.740677,51,59.555439
-1.891817,51,59.573835
-1.829638,51,59.591761
-1.808761,51,59.610112
-1.703376,51,59.628521
-1.74456,51,59.64618
-2.102667,51,59.664206
-2.059209,51,59.681699
-1.615394,51,59.699681
-1.756372,51,59.718056
-1.716124,51,59.736081
-1.764781,51,59.754063
-1.750858,51,59.772434
-1.913606,51,59.790415
-1.75904,51,59.808863
-1.748545,51,59.826959
-1.888551,51,59.844821
-1.850158,51,59.862693
-1.83372,51,59.880613
-1.81389,52,59.899223
-1.697555,51,59.917513
-1.766763,51,59.935793
-1.747915,51,59.954452
-1.77347,51,59.973095
-1.820871,52,59.992763
-1.726567,51,60.012211
-1.900117,51,60.031668
-1.8744,51,60.050891
-1.75548,51,60.070332
-1.722609,51,60.089947
-1.747676,52,60.109504
-1.768034,52,60.12875
-1.788901,52,60.426547
-1.902059,52,60.444423
-1.541558,51,60.462007
-1.711436,51,60.47996
-1.864878,51,60.497707
-1.858111,52,60.516273
-1.653101,51,60.534433
-1.711809,52,60.552897
-1.802088,51,60.571252
-1.741539,52,60.589907
-1.854154,51,60.608024
-1.647089,51,60.626401
-1.743572,51,60.644513
-1.791704,51,60.662338
-1.898135,51,60.680621
-1.838033,51,60.698301
-1.762015,51,60.716709
-2.018133,51,60.734746
-1.789543,51,60.752429
-1.704728,51,60.770861
-1.891738,51,60.788893
-1.843324,51,60.807321
-1.566701,51,60.825454
-1.682511,51,60.843929
-1.648659,51,60.862418
-1.799692,52,60.881616
-1.745151,51,60.900398
-1.666199,51,60.918833
-1.571164,51,60.937703
-1.712648,51,60.956524
-1.835357,51,60.975305
-1.909964,51,60.993617
-1.596558,51,61.01334
-1.799936,51,61.033091
-1.821929,51,61.052723
-1.836146,51,61.072098
-1.646946,51,61.09207
-1.80981,51,61.111596
-1.851035,51,61.130513
-1.609053,51,61.149489
-1.758691,51,61.443746
-1.78785,51,61.462511
-1.727376,52,61.480688
-1.704433,51,61.498939
-1.736763,51,61.517221
-1.773027,52,61.535709
-1.614243,51,61.553905
-1.80419,52,61.572815
-1.809491,51,61.590946
-1.811471,51,61.609496
-1.670324,51,61.627928
-1.849166,51,61.646455
-1.804636,51,61.664723
-1.752815,52,61.682676
-1.543435,51,61.701017
-1.738068,51,61.718865
-1.624796,51,61.736771
-1.662657,52,61.756002
-1.635402,51,61.774731
-1.652399,51,61.792949
-1.696345,52,61.811843
-1.682178,51,61.830395
-1.716242,52,61.848814
-1.834435,51,61.867044
-1.918633,52,61.885636
-1.791986,51,61.904197
-1.8352,51,61.922923
-1.680657,51,61.94156
-1.720452,51,61.959741
-2.028853,51,61.978451
-1.828246,52,61.997174
-1.682879,51,62.015712
-1.814003,51,62.035388
-1.665841,51,62.054937
-1.669505,51,62.074596
-1.69446,51,62.093917
-1.637845,51,62.11319
-1.674903,51,62.13291
-1.923214,51,62.151745
-1.700838,51,62.170538
-1.625389,51,62.464136
-1.768671,51,62.482744
-1.960419,51,62.500957
-1.674326,51,62.51888
-1.803728,52,62.536775
-2.038734,52,62.555495
-1.842131,51,62.573448
-1.695843,51,62.591714
-1.796858,51,62.609732
-1.728015,51,62.628342
-1.648654,51,62.646485
-2.027444,51,62.664944
-1.721871,51,62.682722
-1.743614,51,62.70109
-1.723465,51,62.719285
-1.639749,51,62.736867
-1.896933,51,62.754501
-1.703395,51,62.772992
-1.713496,51,62.790524
-1.883203,52,62.80889
-1.734034,52,62.827611
-1.887477,51,62.84519
-1.6748,51,62.862977
-1.682258,52,62.881633
-1.805839,51,62.900973
-1.650695,51,62.919924
-1.588099,52,62.93875
-1.576182,51,62.956958
-1.781871,51,62.975628
-1.905155,51,62.993968
-1.818333,51,63.012363
-1.811687,52,63.031574
-1.706037,51,63.050644
-1.643751,51,63.069808
-2.006943,51,63.089067
-2.006469,51,63.108245
-1.714843,51,63.128204
-1.747936,51,63.147792
-1.73602,51,63.167007
-1.756761,51,63.18553
-1.785981,51,63.483236
-1.733116,52,63.502394
-1.811066,51,63.520602
-1.917911,51,63.539217
-1.776235,51,63.556901
-1.691538,51,63.574434
-1.70899,51,63.592141
-1.659456,52,63.610506
-1.743498,51,63.628804
-1.742616,51,63.647345
-1.647382,51,63.665507
-1.704066,52,63.684371
-1.557633,51,63.702497
-1.744475,51,63.720566
-1.706327,51,63.739006
-1.682743,51,63.756512
-2.009576,51,63.77361
-1.662763,51,63.790693
-1.738371,51,63.808565
-1.659311,51,63.826578
-1.971325,51,63.845104
-1.739604,51,63.862879
-1.772643,51,63.880866
-1.565163,51,63.898886
-1.661425,51,63.917087
-1.631328,52,63.935785
-1.60917,51,63.954585
-1.657609,51,63.972692
-1.722242,51,63.99057
-1.806536,51,64.008967
-1.728464,51,64.027291
-1.861242,51,64.045981
-1.806053,51,64.064307
-1.771755,51,64.085168
-1.636868,51,64.10528
-1.717166,51,64.126058
-1.69981,51,64.146262
-1.646019,51,64.166424
-1.736426,51,64.185596
-1.610295,51,64.204696
-1.663768,52,64.505804
-2.058012,51,64.524446
-1.725574,51,64.542953
-1.572097,51,64.561484
-1.65481,51,64.579948
-1.657381,51,64.598484
-1.723785,51,64.616776
-1.714474,52,64.635346
-1.640341,51,64.653573
-1.816908,51,64.671643
-1.695338,51,64.689799
-1.758575,51,64.708004
-1.82102,51,64.726138
-1.536706,51,64.744637
-1.785303,51,64.762863
-1.827494,51,64.780847
-1.712702,51,64.799037
-1.960299,51,64.816974
-1.709396,51,64.834525
-1.709488,51,64.852455
-1.689202,51,64.870023
-1.887237,51,64.888222
-1.729515,51,64.906202
-1.833321,51,64.924336
-1.588918,51,64.942319
-1.597527,51,64.960736
-1.821078,51,64.979179
-1.673244,52,64.997985
-1.698097,51,65.016749
-1.775179,51,65.034613
-1.705638,51,65.053046
-1.852466,52,65.072049
-1.734655,51,65.090569
-1.697605,51,65.109625
-1.664066,51,65.129534
-1.672164,51,65.148225
-1.723864,52,65.168145
-1.631489,51,65.187335
-1.633867,52,65.206411
-1.556775,51,65.225299
-1.735071,51,65.527512
-1.771932,51,65.546096
-1.62496,51,65.564748
-1.650803,51,65.583347
-1.783492,52,65.60185
-1.686223,51,65.620469
-1.59742,51,65.638642
-1.691039,51,65.655838
-1.708821,51,65.673555
-1.749655,51,65.691397
-1.636622,52,65.709989
-1.605636,51,65.728098
-1.634642,51,65.746166
-1.72825,52,65.764636
-1.748333,51,65.782739
-1.591223,51,65.800762
-1.741101,51,65.818841
-1.609785,51,65.837973
-1.819463,51,65.856755
-1.729237,51,65.874434
-1.740717,51,65.892402
-1.563723,51,65.9104
-1.73126,51,65.928976
-1.707314,51,65.946881
-1.690066,51,65.965078
-1.878892,51,65.98347
-1.855504,51,66.002353
-1.857208,52,66.021634
-1.901296,51,66.040505
-1.739197,51,66.058924
-1.684484,52,66.077631
-1.616192,51,66.096076
-1.571423,51,66.114767
-1.686042,52,66.135023
-1.686228,52,66.155097
-1.664295,52,66.175182
-1.57524,51,66.194827
-1.70887,51,66.214098
-1.963305,51,66.232849
-1.725005,51,66.251543
-1.672861,51,66.549599
-1.599717,51,66.56768
-1.784364,51,66.584964
-1.714336,51,66.603198
-1.685144,51,66.621081
-1.570694,51,66.639295
-1.700471,51,66.657297
-1.876128,51,66.67575
-1.675353,51,66.693744
-1.637691,51,66.712137
-1.697303,52,66.730538
-1.604197,51,66.74929
-1.659039,52,66.767317
-1.689486,52,66.785993
-1.652158,51,66.804403
-1.905371,52,66.822795
-1.795683,52,66.841551
-1.76613,51,66.859929
-1.577204,51,66.878367
-1.710335,51,66.896544
-1.664201,52,66.914586
-1.725448,52,66.932709
-1.587718,51,66.950306
-1.619421,51,66.967727
-1.598246,51,66.986511
-1.634357,51,67.004943
-1.669586,51,67.023813
-1.887001,51,67.042732
-1.500614,51,67.061535
-1.591855,51,67.080312
-1.726745,51,67.098634
-1.810435,51,67.117442
-1.642133,51,67.136207
-1.741451,52,67.155442
-1.646775,52,67.175558
-1.76799,51,67.195126
-1.829226,51,67.214864
-1.63089,52,67.234076
-1.631337,52,67.252816
-1.566054,52,67.272034
-1.630532,51,67.570895
-1.477254,51,67.58904
-1.578939,52,67.60759
-1.759537,51,67.626243
-1.556939,51,67.644427
-1.681484,51,67.662646
-1.44793,51,67.681059
-1.64272,51,67.69943
-1.644788,51,67.717687
-1.565721,51,67.736664
-1.59143,51,67.755323
-1.875667,51,67.773592
-1.561319,51,67.79217
-1.499288,51,67.81038
-1.767206,51,67.828927
-1.663541,52,67.847904
-1.749149,51,67.866441
-1.661281,51,67.884912
-1.725866,51,67.902463
-1.941891,51,67.920065
-1.699497,51,67.938238
-1.5549,52,67.956981
-1.5889,51,67.97485
-1.716371,51,67.992934
-1.719058,52,68.011845
-1.6691,51,68.029958
-1.512748,51,68.04879
-1.456542,51,68.067217
-1.640443,52,68.086504
-1.618747,51,68.105419
-1.546718,51,68.124356
-1.5629,51,68.142417
-1.900765,51,68.161258
-1.654293,51,68.179893
-1.763154,51,68.199274
-1.544893,51,68.218714
-1.646093,51,68.238014
-1.702474,51,68.257038
-1.614787,51,68.275838
-1.564614,51,68.294254
-1.59172,51,68.596171
-1.665744,51,68.613991
-1.768726,51,68.63198
-1.514449,51,68.64986
-1.51269,51,68.668327
-1.657003,51,68.685996
-1.700537,51,68.704521
-1.681451,51,68.722326
-1.691572,52,68.741001
-1.737519,51,68.759335
-1.547023,51,68.776759
-1.660347,51,68.794008
-1.729771,51,68.811531
-1.663996,51,68.829413
-2.080272,51,68.847261
-1.775683,51,68.865178
-1.531253,51,68.883683
-1.605005,51,68.902176
-1.560329,51,68.920329
-1.565676,51,68.938316
-1.6455,51,68.95683
-1.569935,51,68.975407
-1.793619,51,68.99255
-1.607598,52,69.011368
-1.713493,51,69.029398
-1.55788,51,69.047638
-1.606553,51,69.066262
-1.46731,51,69.08444
-1.690193,52,69.103378
-1.66621,51,69.122124
-1.800313,51,69.140531
-1.600788,51,69.159313
-1.54474,51,69.17812
-1.633223,51,69.196806
-1.557217,51,69.215671
-1.628439,51,69.235242
-1.75884,51,69.254556
-1.665598,52,69.273815
-1.625281,51,69.292571
-1.553583,51,69.31134
-1.551006,51,69.60845
-1.488307,51,69.62647
-1.643054,51,69.644361
-1.74246,51,69.662188
-1.591039,51,69.680727
-1.932364,51,69.699256
-1.665325,51,69.717789
-1.69842,51,69.736273
-1.71318,51,69.754743
-1.612773,51,69.772815
-1.601559,51,69.790911
-1.426165,51,69.809573
-1.625098,51,69.827541
-1.709783,51,69.845323
-1.726315,51,69.863089
-1.534894,51,69.881672
-1.602936,51,69.899893
-1.507756,51,69.917655
-1.804153,51,69.935676
-1.432042,52,69.953891
-1.710546,52,69.972301
-1.658284,51,69.99082
-1.620131,51,70.009204
-1.591377,51,70.028029
-1.670192,51,70.046223
-1.67343,51,70.064445
-1.528016,51,70.082333
-1.586769,51,70.100577
-1.706992,51,70.118703
-1.636559,51,70.137683
-1.492462,51,70.156462
-1.765229,51,70.175018
-1.470193,51,70.1937
-1.595314,52,70.212796
-1.573197,51,70.232428
-1.622256,51,70.252017
-1.568837,51,70.271423
-1.723993,51,70.290244
-1.60456,51,70.308753
-1.81287,51,70.327192
-1.565596,51,70.623441
-1.704806,51,70.642074
-1.705089,51,70.660144
-1.694091,51,70.677331
-1.696637,51,70.694553
-1.635361,51,70.712016
-1.640745,51,70.729902
-1.587035,51,70.747613
-1.621731,51,70.766218
-1.554148,51,70.784285
-1.586948,51,70.802354
-1.693972,52,70.820761
-1.648955,52,70.839207
-1.610055,51,70.856955
-1.688362,52,70.874396
-1.67262,51,70.892175
-1.628421,51,70.910669
-1.798575,51,70.928434
-1.580224,51,70.946768
-1.787418,51,70.965105
-1.583665,51,70.983249
-1.569304,51,71.001804
-1.683411,51,71.019842
-1.657802,51,71.038711
-1.627408,51,71.057088
-1.516608,52,71.076376
-1.729466,51,71.095253
-1.784997,51,71.114159
-1.642523,51,71.13264
-1.746915,52,71.151926
-1.655545,52,71.171085
-1.588172,51,71.189937
-1.520815,51,71.20874
-1.702151,51,71.227389
-1.505533,51,71.246262
-1.513593,51,71.265814
-1.575702,51,71.285082
-1.616388,51,71.303362
-1.629705,51,71.322143
-1.541462,51,71.340471
-1.516722,51,71.640109
-1.545276,51,71.65882
-1.540349,51,71.677442
-1.495363,51,71.695538
-1.595771,51,71.713352
-1.622486,52,71.731881
-1.685401,51,71.75061
-1.658281,51,71.768502
-1.797823,51,71.786786
-1.622883,51,71.804944
-1.445042,51,71.823451
-1.563017,51,71.841567
-1.812114,52,71.860127
-1.723931,51,71.878658
-1.623263,51,71.897337
-1.568903,52,71.915854
-1.593063,51,71.933364
-1.48106,52,71.951151
-1.733378,51,71.968532
-1.514562,51,71.986468
-1.588727,51,72.004536
-1.438618,52,72.023064
-1.696529,52,72.041524
-1.694712,52,72.060711
-1.612559,51,72.079581
-1.583424,51,72.098402
-1.603764,51,72.117269
-1.604228,51,72.136204
-1.523994,52,72.155368
-1.70091,51,72.174154
-1.696554,51,72.192901
-1.581727,51,72.211595
-1.48517,51,72.230296
-1.738954,51,72.248984
-1.549636,51,72.267597
-1.662042,51,72.287167
-1.570015,52,72.306745
-1.43452,51,72.325708
-1.674826,51,72.343592
-1.63096,51,72.361597
-1.8637,51,72.662048
-1.48953,51,72.680332
-1.617693,51,72.698543
-1.457941,51,72.716629
-1.521274,51,72.734731
-1.512031,51,72.752738
-1.572374,51,72.769988
-1.584636,51,72.787393
-1.708825,52,72.805978
-1.58534,51,72.823978
-1.68398,52,72.841943
-1.571056,52,72.860351
-1.611252,51,72.878873
-1.698584,51,72.897318
-1.749492,51,72.915288
-1.459656,51,72.933374
-1.789459,51,72.951391
-1.597925,51,72.969444
-1.53044,52,72.988198
-1.853536,52,73.006761
-1.534424,51,73.024554
-1.563653,51,73.042865
-1.544788,52,73.061774
-1.659351,51,73.08049
-1.498597,51,73.099296
-1.616351,51,73.117969
-1.481418,51,73.136711
-1.575456,51,73.155428
-1.589545,52,73.174441
-1.718351,51,73.193075
-1.61639,51,73.211801
-1.722086,51,73.230519
-1.555834,51,73.249148
-1.58384,51,73.267883
-1.634716,51,73.286419
-1.497711,51,73.305992
-1.266646,51,73.324765
-1.595467,51,73.343448
-1.60144,51,73.362228
-1.389489,52,73.380975
-1.460124,51,73.682295
-1.455693,51,73.700816
-1.602715,51,73.718944
-1.506014,51,73.737649
-1.700035,51,73.756228
-1.683558,51,73.774942
-1.495145,51,73.792781
-1.514708,52,73.810796
-1.529296,51,73.828671
-1.649227,51,73.846765
-1.511338,51,73.864926
-1.593846,51,73.88316
-1.485377,51,73.901183
-1.62148,52,73.91952
-1.516332,52,73.937355
-1.538499,51,73.954914
-1.381252,52,73.973175
-1.68238,51,73.990771
-1.572731,51,74.008274
-1.47717,51,74.025651
-1.485535,51,74.043834
-1.581566,51,74.062264
-1.522628,51,74.081065
-1.467175,51,74.099874
-1.641107,51,74.118721
-1.561318,51,74.137607
-1.507286,51,74.156454
-1.535686,52,74.175982
-1.764883,51,74.194379
-1.658838,51,74.211896
-1.919502,51,74.229875
-1.501544,51,74.248646
-1.515053,51,74.267019
-1.630447,51,74.286004
-1.560529,51,74.304829
-1.382176,51,74.324474
-1.653313,51,74.343274
-1.547368,51,74.361762
-1.561141,51,74.380614
-1.554024,51,74.399506
-1.494127,51,74.703609
-1.801989,51,74.722228
-1.500105,51,74.740708
-1.503482,51,74.75899
-1.710864,51,74.77715
-1.597269,51,74.795408
-1.655454,51,74.813637
-1.391916,51,74.831203
-1.526138,51,74.848721
-1.399611,51,74.866597
-1.323952,51,74.884512
-1.835854,51,74.903096
-1.590955,51,74.921692
-1.430377,51,74.939812
-1.427305,51,74.957973
-1.402957,52,74.976754
-1.511166,51,74.995183
-1.479322,51,75.013613
-1.554285,51,75.032131
-1.429249,51,75.050178
-1.356983,51,75.067571
-1.574938,51,75.085641
-1.578542,51,75.104044
-1.345372,51,75.122463
-1.608206,51,75.141222
-1.447511,51,75.160011
-1.65085,51,75.17879
-1.797607,52,75.19797
-1.437027,51,75.216727
-1.387833,51,75.235489
-1.463337,51,75.254819
-1.623532,52,75.273447
-1.340123,51,75.292157
-1.519796,51,75.310478
-1.531269,52,75.329645
-1.546494,51,75.34885
-1.509397,51,75.367717
-1.581332,52,75.386918
-1.520382,51,75.405919
-1.645287,51,75.424757
-1.453598,51,75.719416
-1.508646,52,75.738405
-1.494559,51,75.756656
-1.622977,52,75.775146
-1.472391,52,75.794033
-1.440173,51,75.81229
-1.719345,51,75.83073
-1.532768,51,75.84923
-1.367595,51,75.867031
-1.446107,51,75.884953
-1.584627,51,75.903114
-1.502223,51,75.922093
-1.482407,51,75.940573
-1.441638,52,75.958522
-1.673754,51,75.976573
-1.451146,51,75.994921
-1.461751,52,76.013888
-1.443159,51,76.032119
-1.609991,52,76.050581
-1.624027,51,76.06836
-1.327639,51,76.086365
-1.507142,52,76.105508
-1.741667,51,76.12437
-1.388205,51,76.143044
-1.56112,51,76.161885
-1.473808,52,76.181138
-1.463055,52,76.200348
-1.552738,52,76.219545
-1.409113,51,76.238372
-1.369564,51,76.256818
-1.461888,51,76.275639
-1.406087,51,76.294011
-1.412205,51,76.312818
-1.517887,52,76.332005
-1.345644,51,76.350669
-1.394586,51,76.370036
-1.596319,51,76.388776
-1.536331,51,76.407582
-1.53507,52,76.427227
-1.485555,51,76.446043
-1.55874,51,76.748561
-1.322301,51,76.76735
-1.486348,51,76.785576
-1.366505,51,76.804209
-1.312922,51,76.822675
-1.732676,51,76.841241
-1.429653,51,76.859739
-1.539413,51,76.878249
-1.440058,51,76.896369
-1.380501,51,76.914082
-1.524896,51,76.931809
-1.451938,51,76.949852
-1.57107,51,76.967243
-1.559806,51,76.985197
-1.525555,51,77.003293
-1.469238,51,77.021413
-1.538064,51,77.039876
-1.445293,51,77.058298
-1.354325,51,77.076726
-1.433012,51,77.094819
-1.411623,51,77.113272
-1.410663,52,77.131552
-1.483798,51,77.14987
-1.405836,51,77.168317
-1.655723,51,77.186787
-1.42148,51,77.205646
-1.417592,51,77.224509
-1.535197,51,77.243305
-1.504814,51,77.261671
-1.357729,51,77.280505
-1.664121,51,77.298985
-1.381104,51,77.318146
-1.385709,51,77.336152
-1.475707,51,77.3546
-1.388746,51,77.372834
-1.489121,51,77.391155
-1.377592,51,77.409603
-1.477887,51,77.428312
-1.494164,52,77.447089
-1.437668,51,77.465383
-1.447876,51,77.765792
-1.597005,51,77.783794
-1.344122,51,77.801831
-1.343242,51,77.819891
-1.384332,51,77.838141
-1.357781,51,77.856197
-1.377784,51,77.874314
-1.469752,51,77.892812
-1.410438,51,77.910801
-1.493654,51,77.929258
-1.830744,51,77.947695
-1.429068,52,77.966089
-1.445845,52,77.984421
-1.438917,51,78.002552
-1.505268,51,78.020773
-1.231469,51,78.039215
-1.485852,51,78.057585
-1.44448,51,78.075938
-1.335285,51,78.093923
-1.305705,51,78.112284
-1.426782,51,78.13071
-1.52785,52,78.149628
-1.352889,51,78.168076
-1.647315,51,78.186734
-1.499223,51,78.205177
-1.555554,52,78.224378
-1.248814,51,78.243129
-1.414399,51,78.261687
-1.469181,51,78.280366
-1.522844,51,78.299192
-1.383056,51,78.317994
-1.57774,51,78.336808
-1.546583,51,78.355173
-1.565012,51,78.373171
-1.293054,51,78.390841
-1.445223,51,78.409384
-1.464187,51,78.428063
-1.357915,51,78.446804
-1.614344,52,78.465909
-1.571395,51,78.484187
-1.5412,51,78.788907
-1.414743,51,78.806928
-1.485756,51,78.825387
-1.255221,51,78.84392
-1.447746,52,78.862492
-1.427,51,78.880582
-1.577578,52,78.899292
-1.421968,51,78.917866
-1.338052,51,78.935807
-1.567032,52,78.953561
-1.526042,51,78.97141
-1.284178,51,78.98925
-1.184729,51,79.007054
-1.329587,51,79.024837
-1.416385,51,79.042528
-1.302133,51,79.060547
-1.408493,51,79.078566
-1.296827,52,79.097285
-1.446964,51,79.115238
-1.651087,51,79.13326
-1.512882,51,79.151417
-1.589681,51,79.169929
-1.595269,51,79.188439
-1.362723,51,79.206276
-1.409763,52,79.22484
-1.357263,52,79.243725
-1.385067,51,79.262188
-1.411896,51,79.281059
-1.636976,52,79.300308
-1.529295,51,79.319134
-1.477465,51,79.337904
-1.297203,51,79.356683
-1.418883,51,79.375642
-1.595599,51,79.394727
-1.376566,52,79.413716
-1.387384,51,79.431827
-1.393379,51,79.450316
-1.353594,51,79.468963
-1.451407,51,79.487514
-1.470194,51,79.505775
-1.515024,51,79.803791
-1.412068,51,79.821299
-1.480085,51,79.839075
-1.356714,51,79.856795
-1.206907,51,79.874329
-1.360068,51,79.891937
-1.412293,51,79.910303
-1.641836,51,79.928949
-1.394134,51,79.946454
-1.299536,51,79.964003
-1.499809,51,79.982303
-1.432453,51,80.000301
-1.320462,52,80.019281
-1.639481,51,80.037453
-1.164248,51,80.055837
-1.338368,51,80.074122
-1.264051,51,80.092634
-1.52499,52,80.111339
-1.1076,51,80.129604
-1.357657,51,80.148177
-1.641708,51,80.166812
-1.412087,52,80.186066
-1.322676,51,80.204868
-1.488647,51,80.222957
-1.389201,51,80.240494
-1.40908,51,80.258887
-1.544048,51,80.27727
-1.501383,51,80.295651
-1.447623,51,80.314062
-1.400209,51,80.332858
-1.377036,51,80.351583
-1.444014,51,80.370423
-1.488255,52,80.389223
-1.383932,51,80.408052
-1.419834,51,80.42603
-1.414372,51,80.44373
-1.570512,51,80.462058
-1.544281,51,80.480721
-1.642521,51,80.499179
-1.286916,51,80.517847
-1.357016,51,80.820683
-1.268196,51,80.839632
-1.38135,51,80.857906
-1.440838,52,80.87632
-1.473194,51,80.893468
-1.406913,51,80.910622
-1.332935,52,80.928878
-1.284966,51,80.946115
-1.454178,52,80.963602
-1.22774,52,80.981721
-1.384814,52,81.000106
-1.498352,51,81.018252
-1.509062,51,81.035434
-1.486879,51,81.052831
-1.50638,51,81.070421
-1.533445,52,81.088299
-1.347305,51,81.105868
-1.380716,51,81.122924
-1.682257,52,81.140829
-1.289302,51,81.158751
-1.500064,51,81.177615
-1.312326,51,81.196633
-1.398133,51,81.215361
-1.28452,51,81.234776
-1.464705,51,81.253551
-1.26351,51,81.271448
-1.282393,51,81.289687
-1.425771,51,81.308214
-1.401823,51,81.326566
-1.268937,51,81.345328
-1.358469,51,81.364164
-1.389408,51,81.382963
-1.348079,51,81.401773
-1.416664,51,81.420518
-1.596654,51,81.439067
-1.498272,51,81.457054
-1.413221,52,81.475256
-1.279376,51,81.493628
-1.316096,51,81.512046
-1.534056,51,81.53056
-1.26098,51,81.834786
-1.417692,51,81.853238
-1.399719,51,81.871917
-1.567551,51,81.890091
-1.26967,51,81.908144
-1.493938,51,81.926491
-1.392308,51,81.944367
-1.460136,51,81.961875
-1.651414,51,81.979777
-1.244018,51,81.997601
-1.197699,51,82.01567
-1.363586,51,82.034139
-1.653838,51,82.052208
-1.306085,51,82.070722
-1.47268,51,82.087958
-1.371512,51,82.105484
-1.483958,51,82.12313
-1.574454,51,82.141141
-1.581466,52,82.159873
-1.466825,51,82.177502
-1.259844,51,82.195892
-1.384525,51,82.214634
-1.456763,51,82.232978
-1.281307,51,82.251616
-1.27221,51,82.269921
-1.271632,51,82.288243
-1.439495,51,82.306774
-1.240538,51,82.325212
-1.326688,51,82.344046
-1.437694,51,82.362792
-1.331007,51,82.381586
-1.276472,51,82.400454
-1.273403,51,82.42105
-1.35346,51,82.439503
-1.430193,51,82.457323
-1.299213,51,82.475471
-1.333407,51,82.493185
-1.214316,52,82.511726
-1.496705,51,82.530735
-1.236214,51,82.549219
-1.374828,51,82.850089
-1.339523,52,82.869352
-1.258343,51,82.888029
-1.412679,51,82.907045
-1.406483,52,82.925825
-1.152041,51,82.943684
-1.444479,51,82.961379
-1.387346,51,82.979813
-1.354516,51,82.997551
-1.46236,51,83.015881
-1.502797,52,83.034457
-1.369897,51,83.052062
-1.258117,51,83.070441
-1.332334,51,83.08845
-1.368958,51,83.106414
-1.375541,51,83.124853
-1.364508,51,83.142169
-1.458769,51,83.159801
-1.439715,51,83.177879
-1.384205,51,83.196396
-1.409331,51,83.215146
-1.333711,51,83.233496
-1.291615,51,83.252249
-1.280935,52,83.271414
-1.423939,51,83.290193
-1.251547,52,83.309326
-1.317295,51,83.328053
-1.311371,51,83.346793
-1.3552,51,83.365116
-1.444917,51,83.383485
-1.559583,51,83.402013
-1.321147,51,83.420429
-1.165141,51,83.438396
-1.229612,52,83.457252
-1.489214,51,83.475257
-1.269024,51,83.493249
-1.345935,51,83.51132
-1.390711,51,83.529798
-1.303297,51,83.548369
-1.198771,51,83.566751
-1.320563,51,83.867416
-1.271192,51,83.885772
-1.316865,51,83.903953
-1.315696,51,83.922056
-1.495539,51,83.940693
-1.325519,51,83.958903
-1.401715,51,83.97729
-1.439707,51,83.995591
-1.275063,52,84.014242
-1.52741,51,84.032432
-1.361054,51,84.051057
-1.330874,51,84.069252
-1.147919,52,84.08822
-1.372539,51,84.106398
-1.434414,51,84.12492
-1.325764,51,84.143232
-1.49575,51,84.161861
-1.466774,51,84.179629
-1.184577,51,84.197012
-1.617768,52,84.215219
-1.258869,51,84.233598
-1.415662,51,84.251506
-1.253037,52,84.270579
-1.321214,51,84.289064
-1.306608,51,84.307097
-1.375114,51,84.32532
-1.195978,51,84.343576
-1.336327,51,84.362327
-1.220745,51,84.380639
-1.327537,51,84.398687
-1.508587,52,84.417927
-1.281393,51,84.436258
-1.378937,51,84.455082
-1.388254,51,84.473189
-1.420798,51,84.491675
-1.248245,51,84.509755
-1.250435,51,84.528054
-1.31747,52,84.547068
-1.410638,51,84.565834
-1.447016,51,84.58467
-1.201519,51,84.887345
-1.444785,51,84.906112
-1.328617,51,84.924548
-1.152912,51,84.943177
-1.350551,51,84.960444
-1.505121,51,84.977725
-1.483766,51,84.995686
-1.367011,51,85.012837
-1.140728,51,85.03049
-1.273364,51,85.04861
-1.447544,51,85.066678
-1.47801,52,85.085156
-1.813009,51,85.103255
-1.259306,51,85.121734
-1.425196,51,85.139839
-1.379443,51,85.158312
-1.161553,51,85.176846
-1.51108,51,85.195176
-1.363059,51,85.213067
-1.253648,51,85.230804
-1.228951,51,85.248827
-1.315187,51,85.267229
-1.12656,51,85.28554
-1.383562,51,85.303763
-1.357734,51,85.322551
-1.237015,51,85.340902
-1.292767,51,85.359394
-1.231087,51,85.378593
-1.300493,51,85.396591
-1.225552,51,85.415054
-1.419746,52,85.433934
-1.284686,51,85.45284
-1.210493,51,85.471163
-1.319389,51,85.489756
-1.310171,51,85.507867
-1.277535,51,85.525916
-1.38087,51,85.544272
-1.425328,51,85.562521
-1.455617,52,85.581492
-1.521852,51,85.600128
-1.382157,51,85.895093
-1.157317,51,85.9133
-1.344586,51,85.931939
-1.286153,51,85.950036
-1.339674,51,85.9675
-1.271045,51,85.985188
-1.236448,51,86.003347
-1.182764,51,86.021213
-1.412333,51,86.039059
-1.202349,51,86.05721
-1.165918,51,86.075299
-1.417689,51,86.093423
-1.216262,52,86.112321
-1.192368,51,86.129954
-1.383485,52,86.148842
-1.341861,51,86.167261
-1.281874,51,86.185373
-1.272612,51,86.203905
-1.346299,51,86.221859
-1.332007,52,86.241002
-1.225465,51,86.259272
-1.327382,51,86.276739
-1.472989,51,86.294235
-1.14312,51,86.312365
-1.390048,51,86.330658
-1.284381,52,86.349494
-1.297321,51,86.367886
-1.316962,51,86.386748
-1.336549,51,86.40519
-1.192647,51,86.423605
-1.213614,51,86.441915
-1.308005,51,86.46042
-1.3847,51,86.478143
-1.346587,51,86.495716
-1.406038,51,86.513618
-1.381028,51,86.531898
-1.677521,51,86.550096
-1.288457,52,86.568583
-1.219742,51,86.58738
-1.250547,51,86.605947
-1.450485,51,86.904909
-1.34191,51,86.924207
-1.169338,51,86.942436
-1.283767,51,86.961293
-1.166566,51,86.980016
-1.482796,51,86.99859
-1.252214,52,87.017603
-1.331302,51,87.035736
-1.378086,51,87.054205
-1.422538,51,87.072269
-1.200833,51,87.090623
-1.280074,51,87.107999
-1.470828,51,87.125722
-1.298822,51,87.143517
-1.370844,51,87.161545
-1.393589,52,87.179874
-1.26523,51,87.197637
-1.38193,51,87.21593
-1.186353,51,87.233653
-1.288753,51,87.252061
-1.452282,51,87.270245
-1.302498,51,87.288633
-1.081516,51,87.306421
-1.458539,51,87.324736
-1.389234,51,87.343598
-1.228995,51,87.362381
-1.263133,51,87.381133
-1.116938,51,87.399839
-1.32029,51,87.418621
-1.363092,52,87.437792
-1.312086,52,87.457003
-1.166244,51,87.475767
-1.227199,51,87.494473
-1.182802,51,87.5129
-1.30378,51,87.531291
-1.315479,51,87.549741
-1.347657,52,87.568481
-1.273772,51,87.586806
-1.332491,51,87.605618
-1.322485,51,87.624464
-1.310251,51,87.643222
-1.082528,51,87.94914
-1.192904,51,87.966416
-1.220769,51,87.984003
-1.375355,51,88.002089
-1.119251,51,88.02047
-1.525371,51,88.038285
-1.234699,51,88.056277
-1.23217,51,88.074755
-1.354699,51,88.093297
-1.136593,51,88.11088
-1.132054,52,88.128591
-1.247211,51,88.146078
-1.323293,51,88.163889
-1.304323,51,88.182128
-1.088205,51,88.200705
-1.218194,51,88.218488
-1.113281,51,88.236499
-1.318747,51,88.254837
-1.187277,51,88.273692
-1.272698,51,88.291849
-1.352139,51,88.310794
-1.246225,51,88.329268
-1.207006,52,88.347902
-1.54936,51,88.366583
-1.431459,51,88.385283
-1.232994,51,88.403743
-1.24321,51,88.422606
-1.246408,51,88.441505
-1.18663,51,88.460275
-1.462588,51,88.478827
-1.443909,51,88.497219
-1.19245,51,88.515681
-1.171479,51,88.532801
-1.542559,51,88.550379
-1.303798,51,88.568114
-1.177686,51,88.585691
-1.241779,51,88.603672
-1.172321,51,88.622017
-1.3275,52,88.640996
-1.202069,51,88.659558
-1.332614,51,88.960539
-1.17026,51,88.978877
-1.218309,51,88.996521
-1.120557,51,89.014524
-1.317533,51,89.032668
-1.115424,51,89.051216
-1.250184,51,89.069958
-1.254216,51,89.088211
-1.246338,51,89.105453
-1.47344,51,89.122975
-1.424346,51,89.140563
-1.324152,52,89.15909
-1.110578,52,89.176968
-1.259699,51,89.195342
-1.161722,51,89.213329
-1.54125,51,89.231756
-1.439133,51,89.250085
-1.117764,51,89.26798
-1.239686,52,89.286273
-1.208078,51,89.304101
-1.263545,51,89.321919
-1.264368,51,89.34011
-1.33604,51,89.357753
-1.217728,51,89.375263
-1.255702,51,89.392948
-1.408958,51,89.411279
-1.458906,51,89.42959
-1.281881,51,89.448367
-1.28752,51,89.466763
-1.08619,51,89.485515
-1.573695,51,89.504131
-1.288434,51,89.522285
-1.219833,51,89.540332
-1.195852,51,89.55835
-1.226033,51,89.575405
-1.087706,51,89.593086
-1.283524,52,89.610829
-1.229477,51,89.628656
-1.124272,51,89.64745
-1.031182,51,89.665763
-1.250578,51,89.966755
-1.260686,51,89.985037
-1.138367,51,90.003005
-1.049807,52,90.021548
-1.210699,51,90.039777
-1.178405,51,90.057973
-1.34978,51,90.076543
-1.129639,51,90.094646
-1.295298,51,90.112767
-1.228343,52,90.131198
-1.196664,51,90.149873
-1.231852,51,90.167921
-1.015866,51,90.186644
-1.211747,52,90.204579
-1.202816,51,90.222445
-1.268856,52,90.24095
-1.337496,51,90.258934
-1.248082,51,90.277729
-1.275685,51,90.296484
-1.230352,51,90.315258
-1.190941,51,90.334494
-1.20782,51,90.353206
-1.30407,51,90.371973
-1.106275,51,90.390965
-1.240955,51,90.409506
-1.521479,51,90.42755
-1.196537,51,90.445973
-1.29841,51,90.464313
-1.081714,52,90.482584
-1.089038,52,90.501208
-1.251306,51,90.519632
-1.495755,51,90.537896
-1.272168,51,90.555899
-1.225185,51,90.574261
-1.254095,52,90.592703
-1.323471,51,90.611046
-1.105645,51,90.628757
-1.184041,51,90.64658
-1.323209,51,90.664776
-1.184827,51,90.683198
-1.283457,51,90.988711
-1.082045,52,91.007013
-1.120082,52,91.025554
-1.077142,51,91.043244
-1.312109,52,91.062151
-1.175641,52,91.080623
-1.15071,51,91.098848
-1.107029,51,91.117303
-1.210659,51,91.134888
-1.320993,51,91.152718
-1.256711,51,91.170798
-1.326108,51,91.188425
-1.201137,51,91.206536
-1.134831,51,91.22518
-1.190069,51,91.243626
-1.264966,51,91.26093
-1.285654,51,91.278948
-1.260284,51,91.297384
-1.265354,51,91.315423
-1.341291,51,91.33379
-1.189434,51,91.35212
-1.463875,51,91.370371
-1.273303,51,91.38898
-1.162843,51,91.407423
-1.360447,51,91.425873
-1.25868,52,91.444762
-1.167583,51,91.462894
-1.111253,51,91.481538
-1.211341,51,91.499929
-1.144282,52,91.519063
-1.092413,52,91.537943
-1.155652,51,91.555976
-1.160845,51,91.574058
-1.119715,51,91.592117
-1.25337,51,91.610001
-1.223494,51,91.627808
-1.2337,51,91.645732
-1.302949,51,91.663499
-1.271684,52,91.681823
-1.316326,51,91.700241
-1.059935,51,92.005232
-1.221106,51,92.022889
-1.062751,52,92.041459
-1.210433,51,92.059545
-1.165982,51,92.077354
-1.165395,51,92.094685
-1.148378,51,92.11253
-1.121342,51,92.130192
-1.166364,51,92.148373
-1.117154,51,92.166726
-1.17689,52,92.185095
-1.254649,51,92.203646
-1.162193,51,92.222173
-1.141713,51,92.240259
-1.259552,51,92.258333
-1.15988,51,92.277001
-1.159905,52,92.296474
-1.06865,51,92.315437
-1.131872,51,92.334393
-1.235653,51,92.353197
-1.032696,51,92.372061
-1.167421,51,92.390889
-1.318414,51,92.409695
-1.251025,51,92.428434
-1.118737,51,92.447178
-1.110183,52,92.466461
-1.15455,52,92.485702
-1.435436,51,92.503319
-1.232285,51,92.521699
-1.205673,51,92.539912
-1.193277,51,92.557736
-1.153639,51,92.5756
-1.28509,51,92.593423
-1.366919,51,92.611427
-1.224867,51,92.628965
-1.191162,51,92.647031
-1.170393,51,92.665102
-1.089689,51,92.683016
-1.203641,51,92.70073
-1.136005,52,92.718444
-0.952847,51,93.010766
-1.302485,51,93.028464
-1.192433,51,93.046662
-1.091572,51,93.06517
-1.239221,51,93.083735
-1.66595,51,93.102705
-1.035147,52,93.121843
-1.23426,51,93.140538
-1.121649,52,93.15943
-1.03621,51,93.17764
-1.223453,51,93.196155
-0.968695,51,93.214236
-1.055255,51,93.232704
-1.373095,51,93.250684
-1.157096,51,93.268676
-1.194266,51,93.28715
-1.377676,51,93.3056
-1.278887,51,93.324441
-1.051866,52,93.342912
-1.435867,52,93.361401
-1.190153,51,93.379861
-1.267267,52,93.398298
-1.161208,51,93.417191
-1.20404,51,93.435701
-1.409386,51,93.454533
-1.096067,52,93.473784
-1.114625,51,93.49263
-1.198922,51,93.511437
-1.126693,51,93.529891
-1.135731,52,93.548561
-1.035302,51,93.565946
-1.150403,51,93.583658
-1.153523,51,93.60139
-1.326249,51,93.618711
-1.338701,51,93.636431
-1.449457,51,93.654695
-1.149763,51,93.672681
-1.113078,51,93.690501
-1.232395,52,93.70948
-1.264755,52,93.728191
-1.301882,51,94.026861
-1.23034,51,94.044599
-1.034375,52,94.062869
-1.085813,51,94.080835
-1.110118,51,94.099241
-1.053336,51,94.117858
-1.151729,51,94.135978
-1.35965,52,94.155233
-1.099238,51,94.172615
-1.448844,51,94.190466
-1.149839,51,94.208757
-1.324268,51,94.227036
-1.287078,51,94.245478
-0.998928,51,94.263938
-1.085095,51,94.282077
-1.275477,51,94.300006
-1.408469,51,94.318817
-1.245545,51,94.337341
-1.181206,51,94.355752
-1.145939,51,94.373443
-1.396265,51,94.391227
-1.360418,51,94.409525
-1.058166,51,94.427856
-1.15691,52,94.447074
-1.022804,51,94.465645
-1.131855,51,94.484475
-1.32438,51,94.50316
-0.994631,51,94.522003
-1.197953,51,94.540805
-1.126957,51,94.559506
-0.998094,52,94.577583
-1.147558,52,94.595092
-1.315901,51,94.612788
-1.139736,52,94.631162
-1.171787,51,94.649193
-1.132745,51,94.667263
-1.049134,51,94.68488
-1.117597,51,94.703273
-1.115851,51,94.721802
-1.066511,51,94.740062
-1.211865,51,95.045414
-1.181774,51,95.063928
-1.201076,51,95.081907
-1.10087,51,95.100161
-1.2382,51,95.119075
-1.300039,51,95.137815
-1.087737,51,95.155722
-1.239635,51,95.173123
-1.09069,51,95.191073
-1.433301,51,95.208797
-1.060922,52,95.227016
-1.165552,51,95.245186
-1.138885,51,95.263699
-1.279053,51,95.281382
-1.222892,51,95.300081
-1.058976,51,95.318716
-1.225857,51,95.337479
-1.102916,51,95.356667
-1.117891,51,95.375569
-1.234211,52,95.394678
-1.344825,51,95.413139
-1.229936,51,95.431962
-0.99082,51,95.450482
-1.084494,51,95.46937
-1.139133,51,95.488154
-1.387855,51,95.506679
-1.403943,51,95.525228
-1.372035,51,95.543867
-1.074114,52,95.562486
-1.112925,51,95.58109
-1.205216,51,95.599042
-1.229168,51,95.617057
-1.194663,51,95.634106
-1.094228,51,95.651628
-1.162608,51,95.668676
-1.173278,51,95.686653
-1.01612,52,95.704931
-1.264501,51,95.722555
-1.143497,51,95.740481
-1.170975,51,95.759183
-1.167344,51,96.065988
-1.263641,51,96.084824
-1.147531,51,96.103175
-1.118939,51,96.121985
-1.03424,51,96.140491
-1.116896,51,96.159001
-1.232463,51,96.177593
-1.366131,51,96.196155
-0.897422,51,96.214586
-1.197543,51,96.232828
-0.977628,51,96.250899
-1.161775,51,96.26865
-1.266434,51,96.286772
-1.151872,51,96.304416
-1.015472,52,96.323059
-1.144579,51,96.342218
-1.144064,51,96.360537
-1.174495,52,96.379161
-1.072151,52,96.398164
-1.251441,51,96.41713
-1.062989,51,96.435643
-1.215837,52,96.454116
-0.978105,51,96.472007
-1.123169,51,96.4908
-1.318304,52,96.510066
-1.071496,51,96.52892
-1.070134,51,96.547868
-1.013811,51,96.56677
-1.184748,51,96.585697
-1.066152,51,96.604326
-1.142636,51,96.622851
-1.099479,51,96.641403
-1.234478,52,96.65979
-1.197076,51,96.676833
-1.158018,51,96.694317
-1.30291,51,96.712066
-1.158873,52,96.730011
-1.103879,51,96.748045
-1.204168,51,96.766429
-1.185634,51,96.783996
-1.13844,51,97.09265
-1.088733,51,97.111036
-1.21702,51,97.129653
-1.180735,51,97.147874
-1.009431,51,97.166517
-1.244597,51,97.185052
-1.068049,51,97.203052
-1.03126,51,97.221305
-1.407171,51,97.239641
-1.139599,51,97.258129
-1.100446,52,97.276617
-1.077082,51,97.294254
-1.003275,51,97.311741
-1.068174,51,97.330012
-1.112701,51,97.348154
-1.132877,51,97.366533
-1.063768,52,97.385688
-1.027068,51,97.404037
-1.27213,52,97.422896
-0.966438,51,97.441593
-1.072532,52,97.460765
-1.059561,51,97.479948
-1.105177,51,97.498759
-1.176063,51,97.517207
-1.111011,51,97.535654
-1.130664,51,97.554583
-1.073689,51,97.573403
-1.233551,51,97.59231
-1.14277,51,97.611084
-1.091284,52,97.630026
-1.06453,52,97.648428
-1.13771,51,97.666538
-1.143624,51,97.684663
-1.274117,51,97.702499
-0.92333,51,97.719579
-1.158892,52,97.737639
-1.055421,51,97.755753
-1.02912,51,97.773783
-1.118182,51,97.792138
-1.162933,51,97.810785
-1.052586,51,98.108429
-1.072701,51,98.126026
-1.141834,52,98.143837
-1.146672,52,98.161971
-1.243345,52,98.180377
-1.124377,51,98.198177
-0.960417,51,98.216241
-1.128582,51,98.23456
-1.007796,51,98.252186
-1.018828,51,98.270663
-1.193027,51,98.289484
-1.092824,51,98.308198
-1.129912,51,98.326592
-1.187345,51,98.343771
-1.108359,51,98.361543
-1.058447,51,98.382296
-1.188095,51,98.400711
-1.19494,51,98.418755
-1.168684,52,98.43798
-1.235694,52,98.456688
-1.273998,51,98.474719
-1.052356,51,98.493032
-1.124726,51,98.511754
-1.049964,51,98.530857
-1.186168,51,98.549053
-0.970626,51,98.567649
-1.170092,52,98.586937
-1.12107,51,98.605398
-1.221091,51,98.623784
-0.927205,52,98.642744
-1.25071,51,98.661201
-1.015208,51,98.679722
-0.96524,51,98.698228
-0.996723,51,98.716662
-1.09792,51,98.735177
-1.129004,51,98.753822
-1.159583,51,98.772343
-1.471631,51,98.7908
-1.038196,51,98.809153
-1.009956,51,98.827916
-1.167789,51,99.140738
-1.068194,51,99.160017
-1.040883,51,99.178186
-1.162222,51,99.196501
-1.056955,51,99.214754
-1.156725,52,99.233338
-1.019929,51,99.251474
-0.996928,51,99.269673
-1.385034,51,99.288567
-1.141912,51,99.306735
-1.391514,51,99.325285
-0.943702,52,99.344129
-1.12897,51,99.362628
-1.100857,51,99.381151
-1.031997,51,99.39949
-1.152221,51,99.417265
-0.923657,51,99.435977
-1.042465,51,99.454363
-1.016472,51,99.473053
-1.018493,51,99.491825
-0.92338,51,99.510637
-1.152721,51,99.529362
-1.084272,51,99.547858
-1.099181,51,99.566223
-1.119463,51,99.585334
-1.048586,51,99.603899
-1.016271,51,99.622685
-1.25301,51,99.64148
-0.991117,51,99.660128
-1.060174,51,99.678651
-1.083753,51,99.696694
-1.084117,51,99.71463
-1.064622,52,99.733152
-1.065319,51,99.751562
-1.158618,51,99.770088
-1.059928,51,99.788465
-1.096608,52,99.806758
-1.223358,51,99.824666
-0.992438,51,99.842756
-1.09101,51,99.860988
-1.171895,52,100.174607
-1.066474,51,100.193422
-1.168298,51,100.21259
-1.323652,51,100.230922
-1.266707,51,100.249172
-1.130239,51,100.267016
-1.095195,51,100.285636
-0.977352,51,100.303842
-1.095417,51,100.322403
-1.052324,51,100.340595
-1.115433,51,100.359117
-1.00637,51,100.377629
-0.959859,51,100.395695
-1.090988,51,100.414246
-1.098477,51,100.432365
-0.96081,51,100.450691
-1.112211,51,100.469381
-1.042477,51,100.488271
-1.119554,51,100.507413
-1.141866,51,100.525922
-1.261997,51,100.543954
-1.080632,52,100.562805
-1.015076,51,100.581589
-0.969729,51,100.600431
-0.974604,51,100.619198
-1.018657,51,100.638008
-1.003771,51,100.657012
-0.996673,51,100.675697
-1.009257,51,100.69411
-1.048855,51,100.712073
-1.056163,52,100.730393
-0.932588,51,100.748745
-0.903585,51,100.766738
-1.07335,52,100.785579
-1.020501,51,100.803611
-1.432765,51,100.821805
-1.077104,51,100.838869
-1.104623,52,100.857008
-1.017682,51,100.874655
-0.986765,51,100.892769
-1.054213,51,101.20239
-0.965391,51,101.220709
-1.2934,51,101.239362
-1.17298,51,101.257263
-1.229185,51,101.275057
-1.134071,51,101.293496
-1.344469,51,101.312149
-1.012203,51,101.330322
-1.035837,51,101.348921
-0.984095,52,101.36738
-1.055469,51,101.385897
-0.996144,51,101.404352
-1.035824,52,101.423152
-1.133123,51,101.442047
-0.992232,51,101.460712
-1.014261,51,101.478567
-1.536131,51,101.496992
-1.1534,51,101.51506
-1.166453,51,101.533838
-1.163089,51,101.552302
-0.958,52,101.571478
-1.112395,51,101.590283
-1.043755,51,101.609108
-1.013755,52,101.628303
-1.062037,52,101.647506
-1.04722,52,101.666665
-1.04207,51,101.685437
-1.025159,51,101.704026
-1.054281,51,101.722538
-1.028422,51,101.7411
-0.984979,51,101.760351
-0.948123,51,101.779309
-1.054795,51,101.797698
-0.964113,51,101.816272
-1.258754,51,101.83444
-1.064353,51,101.853025
-1.176041,51,101.87154
-0.898073,51,101.890089
-0.951687,52,101.908615
-0.919268,51,101.927135
-0.983571,51,102.229546
-0.987593,51,102.248248
-1.00985,51,102.266824
-1.083022,51,102.285413
-1.105738,51,102.303505
-1.002445,51,102.321982
-1.376291,51,102.339992
-1.008165,52,102.358357
-1.093674,51,102.376422
-0.915973,51,102.394861
-1.119419,51,102.412951
-1.189865,51,102.43115
-1.131766,51,102.44935
-1.076496,51,102.468202
-1.120895,51,102.487034
-1.043096,51,102.506086
-0.972846,51,102.523965
-0.973746,51,102.542231
-1.167803,51,102.56039
-1.055909,52,102.579371
-1.261441,51,102.598249
-1.127256,51,102.617125
-0.962071,51,102.635954
-1.110127,51,102.654835
-1.149467,51,102.673671
-1.032836,51,102.692533
-0.980749,51,102.71102
-1.094485,51,102.728055
-0.87419,51,102.745872
-1.087343,51,102.763683
-1.011521,51,102.781542
-1.151175,51,102.799496
-1.040668,51,102.817524
-1.080559,51,102.835635
-1.07636,51,102.85363
-1.119997,51,102.872046
-1.004011,51,102.889972
-1.258434,51,102.907765
-1.143922,51,102.925786
-1.059238,52,102.943171
-1.156156,52,103.255195
-0.94265,52,103.274414
-0.950761,52,103.293104
-0.882062,51,103.31127
-1.083221,51,103.329711
-0.888717,51,103.347209
-0.974068,52,103.365861
-0.993065,52,103.383723
-1.170747,51,103.401822
-1.009798,51,103.419953
-1.043977,51,103.437687
-1.095278,51,103.455809
-1.111271,51,103.474488
-1.171273,52,103.493742
-0.886687,51,103.511728
-1.134988,51,103.530551
-1.024915,52,103.549934
-1.124264,51,103.567868
-1.086553,51,103.585927
-0.988618,51,103.604366
-1.075764,51,103.623199
-0.902481,51,103.641989
-0.933007,52,103.66079
-1.145498,51,103.679616
-1.121725,51,103.698421
-0.992878,51,103.717141
-1.014574,51,103.735642
-0.889525,52,103.754201
-1.252555,51,103.772151
-0.865627,51,103.789809
-1.17513,51,103.807969
-1.12485,52,103.826564
-1.099211,51,103.844747
-1.006276,51,103.862865
-1.084336,51,103.881425
-1.110858,52,103.900001
-1.039203,52,103.918875
-1.048815,51,103.937405
-1.162358,51,103.955585
-1.019896,51,103.974779
-1.017017,51,104.27744
-0.94441,51,104.296172
-1.037379,51,104.315152
-1.041757,51,104.333762
-1.067347,51,104.352439
-1.350906,51,104.370626
-1.006606,51,104.389063
-1.058816,51,104.406815
-1.220899,51,104.424509
-0.965809,51,104.442364
-1.105634,51,104.460315
-1.104297,51,104.478503
-0.985448,52,104.497733
-0.90888,51,104.516551
-0.975147,51,104.53534
-0.988381,51,104.553769
-0.951282,51,104.572547
-0.986098,51,104.592092
-1.005326,51,104.61034
-1.320673,51,104.628952
-1.04543,51,104.647568
-1.054406,51,104.666359
-0.900662,52,104.686109
-0.98226,51,104.70503
-0.967762,51,104.723897
-1.104994,51,104.742595
-1.029328,52,104.761161
-0.962096,51,104.779313
-1.106266,51,104.797843
-0.99885,52,104.816577
-0.987962,52,104.834934
-1.018557,51,104.853462
-0.958515,52,104.871594
-1.025745,51,104.890041
-0.952651,51,104.908596
-0.99341,51,104.927055
-1.060161,51,104.945525
-1.094772,51,104.96319
-1.141167,52,104.981944
-1.089802,51,105.000398
-1.025123,51,105.306485
-0.927496,51,105.325281
-0.881224,51,105.343958
-1.031393,51,105.362491
-1.068946,51,105.381016
-1.016212,51,105.399125
-0.922949,51,105.417283
-1.042548,52,105.436546
-0.942857,51,105.454419
-1.017633,52,105.472707
-1.033396,51,105.491278
-1.037612,52,105.510613
-0.981204,51,105.529443
-0.944733,51,105.548236
-1.125062,51,105.567108
-0.952464,51,105.585859
-1.066085,52,105.605082
-0.974231,51,105.623855
-1.03131,51,105.643028
-0.93278,51,105.660857
-1.076578,51,105.678957
-0.920595,51,105.697431
-0.957285,51,105.716231
-1.020311,51,105.735034
-0.918256,51,105.753673
-1.106221,51,105.772598
-0.985113,52,105.791215
-1.012213,51,105.80926
-1.117912,51,105.827767
-0.991003,51,105.846567
-1.029804,52,105.864913
-0.998331,51,105.883038
-1.026735,51,105.901165
-1.108609,51,105.919188
-1.066105,51,105.936976
-1.044095,51,105.955134
-1.045915,51,105.973547
-0.939042,51,105.99167
-1.005281,51,106.009685
-1.035448,51,106.027787
-0.887019,52,106.330858
-0.987956,51,106.349633
-0.783678,51,106.368232
-1.196742,51,106.386837
-1.203815,51,106.405441
-1.320344,51,106.424055
-0.985462,52,106.442613
-1.41375,51,106.461257
-1.051731,51,106.478978
-1.051729,52,106.496737
-0.914722,51,106.51488
-1.174501,51,106.5331
-1.045203,51,106.551616
-1.02412,51,106.57029
-0.955391,51,106.589278
-1.015321,51,106.607671
-0.891602,51,106.626538
-0.980358,51,106.644963
-0.936345,51,106.663792
-0.890248,52,106.683079
-0.978949,51,106.70198
-1.037292,51,106.720795
-0.96488,51,106.739629
-0.884919,52,106.759449
-0.933449,51,106.777411
-0.943234,51,106.795267
-0.856997,52,106.813917
-0.961153,51,106.831786
-0.905995,51,106.849875
-0.984395,51,106.868201
-1.023615,51,106.886386
-1.312219,51,106.904509
-1.028544,51,106.922644
-0.959167,51,106.940794
-1.125617,51,106.959307
-1.03587,51,106.977852
-1.072127,51,106.995969
-1.003743,51,107.014064
-0.900113,51,107.032176
-0.988092,52,107.051047
-1.12097,51,107.3535
-1.057468,52,107.372231
-0.881101,51,107.390723
-0.940715,52,107.409036
-1.115136,52,107.428006
-1.055916,51,107.44604
-1.156485,51,107.464343
-0.931638,51,107.482929
-1.076073,51,107.500809
-1.057279,51,107.517895
-0.894647,51,107.536099
-0.885964,51,107.554323
-0.994197,51,107.572323
-0.950566,51,107.590684
-1.088054,51,107.609508
-0.832706,52,107.628675
-0.867589,51,107.647124
-1.042311,52,107.666338
-0.962352,51,107.684812
-0.856198,51,107.703613
-0.947786,51,107.721066
-1.069725,51,107.739231
-0.957546,52,107.757593
-0.983376,51,107.775863
-1.120907,51,107.794001
-1.034753,51,107.812152
-0.99043,51,107.830213
-1.058415,51,107.848613
-0.923459,51,107.866781
-1.167653,51,107.885131
-0.962107,51,107.902824
-0.892934,51,107.920224
-0.81655,51,107.937958
-0.946942,51,107.956395
-1.054126,51,107.974466
-0.907385,51,107.992622
-0.877895,51,108.010957
-1.036394,51,108.02939
-0.975627,52,108.048217
-1.039142,51,108.066088
-0.950478,51,108.376887
-0.938196,52,108.39556
-0.925506,51,108.413737
-0.89301,51,108.432018
-1.103665,51,108.45018
-0.930227,51,108.468733
-1.163695,52,108.487666
-0.919882,51,108.506165
-1.031058,51,108.524528
-1.127736,51,108.543551
-0.782786,51,108.561968
-0.819011,51,108.580263
-0.93083,51,108.598897
-1.013478,51,108.61772
-0.958438,51,108.636214
-0.90444,52,108.654699
-1.103492,51,108.673185
-1.016877,51,108.691618
-1.05743,51,108.710107
-0.880193,51,108.728951
-0.874031,51,108.74798
-0.950052,52,108.766848
-0.94703,51,108.785128
-0.996738,52,108.803501
-1.156043,51,108.82168
-0.980685,51,108.840053
-0.848277,51,108.858218
-1.050451,51,108.87673
-1.037084,52,108.895585
-0.932689,51,108.91405
-1.032377,52,108.932459
-0.910359,51,108.950927
-0.996708,52,108.969952
-0.969991,52,108.987721
-1.098665,51,109.005679
-0.907382,51,109.023182
-0.993105,51,109.041288
-1.150052,51,109.059423
-0.870249,51,109.077937
-0.963455,51,109.096385
-1.037711,51,109.40916
-0.947266,52,109.427741
-0.922288,51,109.446006
-1.005577,51,109.464668
-1.099619,51,109.482881
-0.959427,51,109.501232
-0.852175,51,109.519215
-0.847051,52,109.537667
-0.941307,52,109.556677
-0.934689,51,109.575627
-0.963234,52,109.595606
-1.014357,51,109.614282
-0.986316,51,109.632454
-0.850658,52,109.650967
-1.075535,51,109.669416
-0.895518,52,109.688653
-0.93664,51,109.707147
-1.064566,51,109.725948
-1.088279,51,109.74436
-0.989088,51,109.762911
-0.885112,51,109.780889
-1.01402,52,109.800205
-1.172061,51,109.818102
-1.11787,51,109.836166
-0.96654,51,109.853966
-0.89531,51,109.872045
-1.034576,51,109.89001
-0.964101,51,109.908261
-0.886687,51,109.926385
-0.821243,51,109.944526
-0.989454,52,109.963436
-1.12184,51,109.981496
-0.930991,51,109.999592
-0.974899,51,110.017788
-1.088528,51,110.035258
-0.905565,52,110.053005
-1.001449,51,110.070434
-1.064536,51,110.088165
-1.046912,51,110.106278
-0.951953,51,110.12467
-0.949808,51,110.434535
-1.021359,51,110.452153
-0.839775,51,110.469868
-0.97832,52,110.488019
-0.939031,51,110.505981
-0.853646,51,110.524021
-1.00626,51,110.542169
-0.930762,51,110.560123
-1.082154,51,110.578753
-0.881791,51,110.597219
-0.889004,51,110.615657
-0.878663,51,110.63449
-0.942852,51,110.652993
-0.968087,51,110.671825
-0.978727,51,110.690611
-0.979188,51,110.70911
-1.003628,51,110.727975
-1.098492,51,110.746813
-0.961441,51,110.765246
-0.949146,51,110.783767
-0.985529,52,110.803029
-0.879603,51,110.821364
-1.16717,51,110.840403
-0.856637,51,110.858606
-0.934032,52,110.877307
-0.934931,51,110.895339
-1.035832,51,110.913281
-0.801145,51,110.931553
-0.935614,51,110.949804
-0.971803,51,110.968064
-0.881394,52,110.986955
-1.008974,51,111.005044
-0.856876,51,111.023526
-0.975779,51,111.041814
-1.012319,51,111.059427
-0.946532,51,111.077191
-0.94694,51,111.094863
-0.886768,52,111.113465
-0.984031,51,111.131507
-0.913375,52,111.149818
-1.126355,51,111.459818
-1.008204,51,111.477514
-0.872467,51,111.494849
-0.816055,51,111.513012
-0.979622,51,111.531096
-0.922253,51,111.549219
-0.987082,51,111.567712
-0.895566,51,111.586129
-1.025612,51,111.605075
-0.848753,52,111.62425
-0.998745,51,111.643071
-0.882956,51,111.661864
-0.939065,52,111.680436
-0.945436,51,111.698598
-1.025691,51,111.71685
-0.898475,51,111.735353
-0.962315,51,111.754296
-1.004282,51,111.772581
-0.982288,51,111.790541
-0.986453,51,111.808484
-0.833203,51,111.826867
-1.142977,51,111.844615
-0.876923,51,111.862727
-1.049715,51,111.880904
-0.969294,52,111.898967
-0.981928,51,111.91645
-0.932747,51,111.934344
-0.980504,51,111.952542
-0.92924,51,111.970852
-0.924568,51,111.988782
-0.995999,51,112.006873
-0.925283,51,112.025378
-0.917858,51,112.043044
-0.94712,51,112.061486
-0.984461,51,112.079476
-0.928208,51,112.097518
-0.86704,51,112.115176
-0.882703,51,112.133324
-0.945515,51,112.150951
-1.027778,51,112.168607
-0.783577,52,112.475691
-0.777567,51,112.494542
-0.883585,52,112.514144
-0.83334,51,112.53155
-1.046699,51,112.549294
-1.051453,51,112.567079
-0.913031,51,112.585593
-0.84279,51,112.603849
-0.961116,51,112.62234
-1.009703,51,112.641126
-1.057757,52,112.660267
-0.838298,52,112.679044
-0.927568,51,112.697862
-0.800952,52,112.717071
-0.872376,51,112.735108
-0.817557,51,112.752953
-0.901033,51,112.771471
-0.946718,51,112.790301
-0.989572,51,112.809158
-0.868381,51,112.82762
-0.883419,52,112.846624
-0.983613,51,112.865131
-0.918016,51,112.883184
-0.954741,51,112.901719
-1.260658,51,112.9198
-1.060856,51,112.937637
-0.956428,51,112.95471
-1.06467,51,112.972045
-0.981808,52,112.99031
-0.892104,51,113.008038
-0.965439,51,113.026484
-1.00052,51,113.044457
-0.864078,51,113.06251
-0.972684,51,113.080442
-0.933924,51,113.09844
-0.832053,51,113.116919
-0.844991,51,113.134934
-0.977705,51,113.153852
-1.023892,51,113.172578
-1.151647,51,113.190349
-0.89578,52,113.494295
-0.916689,52,113.513554
-1.014216,51,113.532184
-0.819585,51,113.550667
-0.950376,51,113.56914
-1.019546,51,113.586543
-0.862144,51,113.604428
-0.907238,51,113.62337
-0.803673,51,113.642227
-0.84084,51,113.660657
-0.885712,51,113.679438
-0.93798,51,113.697806
-0.779651,52,113.717045
-0.935677,51,113.735444
-0.815071,51,113.753823
-0.999769,51,113.773045
-0.924061,51,113.791167
-0.838292,51,113.809633
-0.907831,51,113.828508
-0.857211,51,113.847366
-0.875771,51,113.865578
-0.90878,51,113.883682
-0.915861,52,113.902659
-1.035598,51,113.92072
-0.944609,51,113.939203
-0.83148,51,113.957165
-0.939912,51,113.975715
-0.921895,51,113.993316
-0.941732,51,114.010764
-0.886035,51,114.028558
-1.046501,51,114.0463
-0.935568,51,114.064196
-0.923844,52,114.082639
-0.746047,51,114.100718
-0.93617,51,114.118807
-0.940289,51,114.136887
-0.879375,52,114.155185
-0.721068,51,114.17301
-0.788466,52,114.19118
-0.935845,51,114.20821
-0.993452,51,114.505788
-0.773569,52,114.52465
-1.013528,51,114.543255
-0.873959,52,114.561896
-0.86266,51,114.580437
-0.965533,51,114.598952
-0.872611,51,114.617047
-1.072475,51,114.635497
-1.019857,51,114.653935
-0.922021,51,114.67262
-0.868575,51,114.691532
-0.980061,51,114.710396
-0.953922,51,114.728811
-0.956158,51,114.74765
-0.864968,51,114.766477
-1.142045,51,114.785294
-0.952531,51,114.804139
-0.924284,51,114.822589
-1.001424,51,114.839967
-0.7962,51,114.857657
-0.952206,51,114.876149
-0.821006,51,114.894285
-0.872691,51,114.912364
-0.965131,51,114.930821
-0.991002,51,114.948794
-0.866527,52,114.967663
-0.88986,51,114.986124
-1.123159,51,115.004166
-0.948709,52,115.022625
-0.853986,51,115.039949
-0.854461,52,115.057335
-0.950588,51,115.07512
-0.904375,51,115.093369
-0.848042,52,115.111754
-0.926624,51,115.129789
-1.015237,51,115.147764
-0.834798,51,115.166361
-0.99566,51,115.184182
-1.070277,51,115.20209
-1.029157,51,115.22002
-1.057743,51,115.523302
-0.897644,51,115.541753
-0.797444,51,115.560024
-1.023835,51,115.578672
-0.964728,51,115.59711
-0.818819,51,115.615813
-0.909614,51,115.634583
-0.82441,51,115.653346
-1.073936,51,115.672982
-0.955719,51,115.692193
-0.760443,51,115.710756
-0.876812,52,115.730104
-0.835515,51,115.748716
-0.944467,51,115.767199
-0.930782,51,115.786071
-0.931506,51,115.804618
-0.838203,52,115.82352
-0.825378,51,115.842407
-0.794818,51,115.861329
-0.862733,52,115.879447
-1.105787,51,115.896991
-0.920735,51,115.914614
-0.98494,51,115.932651
-0.953151,51,115.950296
-0.895847,51,115.968425
-0.915735,52,115.987351
-0.898119,52,116.005631
-0.84567,51,116.023452
-0.923773,52,116.042029
-0.899695,51,116.060049
-0.824176,51,116.078172
-0.828571,51,116.096093
-1.008127,51,116.113269
-0.790144,51,116.131256
-0.942031,52,116.15028
-0.924634,51,116.16848
-0.792395,51,116.186333
-0.894699,51,116.204423
-0.871971,51,116.222671
-0.833512,51,116.240851
-0.821627,51,116.552987
-0.893636,51,116.571904
-1.000952,51,116.590123
-0.811667,51,116.608788
-0.886388,52,116.62744
-0.936061,51,116.645773
-0.875577,51,116.664204
-0.978297,51,116.683152
-0.867934,51,116.702056
-0.892041,52,116.720626
-0.933969,51,116.738749
-0.926346,51,116.757287
-0.853489,51,116.777223
-0.932421,51,116.79598
-0.877171,52,116.815233
-0.909879,51,116.83404
-1.047647,51,116.852509
-0.820246,51,116.871252
-0.809499,51,116.889781
-0.920465,51,116.907912
-1.120854,51,116.926049
-0.941164,51,116.943341
-0.846996,52,116.961442
-1.022056,52,116.979767
-0.850636,51,116.997856
-0.935738,51,117.016097
-0.755822,51,117.034425
-0.939226,51,117.052492
-0.967045,51,117.071039
-1.038898,52,117.089173
-0.94257,51,117.106951
-0.8401,52,117.125478
-0.967291,51,117.142816
-0.861046,51,117.160382
-0.763448,51,117.178419
-0.866901,51,117.196438
-0.91749,51,117.214433
-0.886016,51,117.232879
-0.845832,51,117.250946
-0.958984,51,117.268878
-0.924781,51,117.57349
-0.964256,51,117.592157
-0.888595,51,117.610287
-0.969103,51,117.62828
-0.790888,51,117.64697
-0.981514,51,117.665922
-1.009836,51,117.684822
-0.859332,51,117.703673
-1.003555,52,117.722899
-0.838519,51,117.741765
-0.850289,51,117.760418
-0.839875,51,117.778569
-1.018149,51,117.796895
-0.878961,51,117.815334
-0.963001,52,117.834458
-0.86972,51,117.85572
-0.774375,51,117.882831
-0.878972,51,117.906032
-0.79367,51,117.928056
-0.924712,51,117.953468
-0.975046,51,117.971825
-0.887771,51,117.991623
-0.920295,51,118.00962
-0.908012,51,118.028752
-1.244517,51,118.046758
-0.939788,51,118.065437
-0.936787,51,118.084076
-0.913144,51,118.102656
-0.856,51,118.120854
-1.116683,51,118.13942
-0.858795,52,118.158328
-0.954462,51,118.176946
-0.838295,51,118.195482
-0.955926,52,118.214261
-0.73303,51,118.232455
-0.825972,52,118.251393
-0.916773,51,118.269881
-0.8461,51,118.288391
-0.899806,51,118.306899
-1.076957,51,118.325034
-0.862026,52,118.639759
-0.947956,51,118.658528
-0.981818,51,118.676877
-0.855206,51,118.695397
-1.009743,51,118.714218
-0.933804,51,118.732753
-0.798204,51,118.752761
-0.966114,52,118.772592
-0.846053,51,118.794423
-0.880882,51,118.814458
-0.99913,51,118.833069
-0.832852,51,118.851944
-0.776319,51,118.871449
-0.807295,52,118.890928
-0.866574,51,118.910006
-0.877489,51,118.928905
-0.817614,51,118.947874
-1.093473,51,118.966708
-0.832565,51,118.985165
-0.810104,51,119.003094
-0.956497,51,119.020876
-0.758688,51,119.039417
-0.97092,51,119.05752
-0.953369,51,119.075687
-0.868568,52,119.094649
-0.907433,51,119.112818
-0.882655,51,119.131343
-0.866845,51,119.149492
-0.957834,51,119.167579
-0.863415,51,119.18586
-0.844066,51,119.203353
-1.008897,51,119.22119
-1.087185,51,119.239043
-0.912462,51,119.25689
-0.902757,51,119.275103
-0.961381,51,119.29397
-0.967,51,119.31285
-0.835538,51,119.331544
-0.892713,51,119.350117
-0.788638,51,119.368303
-0.950953,52,119.387197
-0.879301,51,119.699048
-0.98721,51,119.717017
-0.940759,52,119.735769
-0.871998,51,119.755057
-0.803237,52,119.774812
-0.751216,51,119.793313
-1.071384,51,119.814187
-0.873525,51,119.832863
-0.833901,52,119.851793
-0.783795,51,119.870322
-0.822282,51,119.889245
-0.948518,51,119.907763
-0.908752,51,119.926678
-0.889624,51,119.945478
-0.789843,52,119.964752
-0.876761,51,119.983635
-0.878571,52,120.002709
-0.796809,51,120.021268
-0.872582,51,120.039887
-0.820694,51,120.057745
-0.948817,51,120.075935
-0.947265,51,120.094163
-0.890915,51,120.112307
-0.837776,51,120.130458
-0.860865,51,120.14865
-0.787399,51,120.166738
-0.869519,51,120.185378
-0.844331,51,120.203172
-0.867562,51,120.220822
-0.767406,51,120.238939
-0.891011,51,120.257016
-0.964722,51,120.275009
-0.934919,52,120.293845
-0.836616,51,120.312272
-0.946161,51,120.330746
-0.843189,51,120.349236
-0.872787,52,120.367705
-0.882075,51,120.386124
-0.922021,51,120.404389
-0.938319,51,120.422716
-0.949316,51,120.730086
-1.08066,51,120.748315
-1.00211,51,120.766733
-0.890189,51,120.785572
-0.982097,51,120.804443
-0.74715,51,120.823221
-0.822918,51,120.841835
-0.875163,51,120.860748
-0.872053,52,120.879114
-0.945287,52,120.897114
-0.858692,51,120.915749
-0.90588,52,120.934962
-1.036998,51,120.953814
-0.953065,52,120.973007
-0.816659,51,120.991364
-0.876941,51,121.01015
-0.749568,51,121.028683
-0.915281,51,121.047102
-0.949536,51,121.065503
-0.960076,51,121.082779
-0.983144,51,121.099865
-0.915941,51,121.117477
-0.829901,51,121.134815
-0.835868,52,121.1533
-1.073745,51,121.170831
-0.827003,51,121.188794
-1.038367,51,121.205892
-0.801518,51,121.223348
-0.761919,51,121.240884
-0.768355,51,121.258875
-0.856695,51,121.276919
-0.938655,51,121.294938
-0.94949,51,121.312997
-0.804108,51,121.331488
-0.868165,51,121.349551
-0.806974,51,121.367537
-0.807693,51,121.385987
-0.923779,51,121.4042
-0.878318,51,121.421912
-0.937291,51,121.440212
-0.93774,51,121.751761
-0.780619,51,121.770661
-0.818836,51,121.789796
-0.964859,51,121.808842
-0.997804,51,121.82784
-0.910438,51,121.84681
-0.7604,51,121.865833
-0.724309,51,121.884748
-0.762973,51,121.904108
-0.869384,51,121.923068
-0.809852,52,121.942545
-0.87005,51,121.961534
-0.813765,51,121.980478
-1.00778,51,121.999414
-0.895372,51,122.018188
-0.909197,51,122.036769
-0.889715,51,122.055292
-0.809593,51,122.073803
-0.934039,51,122.092254
-0.722974,51,122.11072
-0.781099,51,122.128718
-0.761462,51,122.145981
-0.814962,51,122.164011
-0.728584,51,122.181926
-0.815603,51,122.200372
-0.785008,52,122.217988
-1.187879,51,122.235685
-0.795665,51,122.253698
-1.022596,52,122.272194
-0.760219,51,122.290404
-0.843179,51,122.3083
-0.874927,51,122.32674
-1.007686,51,122.344824
-0.795338,51,122.362533
-1.054826,51,122.379951
-0.941418,51,122.397739
-0.861521,51,122.415662
-0.812265,51,122.433575
-0.978082,52,122.451649
-0.930018,51,122.469624
-0.919981,51,122.782204
-0.785598,51,122.801157
-0.814314,51,122.819639
-0.914792,51,122.838099
-0.846405,52,122.856814
-0.788127,52,122.875581
-0.923664,51,122.894065
-0.921922,51,122.912443
-0.860517,52,122.931307
-0.775005,52,122.949929
-0.816075,52,122.96793
-0.932919,51,122.985998
-0.86839,51,123.004769
-0.868051,51,123.023427
-0.792902,52,123.042125
-0.950365,51,123.06005
-0.799422,51,123.078453
-0.920273,51,123.096465
-0.91718,51,123.114581
-0.937781,51,123.13306
-1.002632,51,123.151108
-0.838751,51,123.169001
-0.882244,51,123.186264
-0.882938,51,123.204172
-0.833403,51,123.221952
-0.995177,51,123.240016
-0.928693,51,123.258427
-0.912959,51,123.276313
-0.894971,51,123.294245
-0.945323,51,123.312334
-1.016942,51,123.330364
-1.030849,51,123.348466
-0.890459,51,123.366967
-0.891189,51,123.384572
-0.906076,51,123.403052
-0.864605,51,123.421026
-0.81665,51,123.439063
-0.865425,51,123.457101
-0.818834,51,123.475062
-0.950257,51,123.493008
-0.898987,51,123.805395
-0.814483,51,123.823944
-0.770868,52,123.843353
-0.97643,51,123.862269
-0.79973,51,123.881145
-1.100178,51,123.899981
-0.909673,51,123.918864
-0.813352,51,123.937725
-0.859223,51,123.95659
-0.795069,51,123.975896
-0.797286,51,123.9951
-0.849483,51,124.013948
-0.865,52,124.033206
-0.762129,51,124.051891
-0.812827,51,124.070624
-0.808366,51,124.090452
-0.805732,52,124.109427
-0.724886,51,124.128579
-0.89452,52,124.147016
-0.789705,52,124.165809
-0.898432,51,124.184028
-0.937402,52,124.202078
-1.059356,51,124.219184
-0.90792,51,124.236669
-0.763848,51,124.254679
-0.860036,51,124.272709
-0.848686,51,124.290863
-0.796169,51,124.309332
-0.835036,51,124.327329
-0.888079,51,124.345766
-0.817351,51,124.364266
-0.890585,51,124.382295
-1.010793,51,124.400471
-0.7835,51,124.418695
-0.771419,52,124.437057
-0.94238,51,124.455505
-1.040353,51,124.473896
-1.11845,51,124.491991
-0.932252,51,124.510457
-0.950371,51,124.528469
-0.868908,51,124.840952
-0.769856,51,124.859618
-0.94634,51,124.878362
-1.038894,51,124.897344
-0.848664,52,124.916534
-0.949108,52,124.935452
-0.794706,51,124.954366
-0.951805,51,124.973173
-0.844887,51,124.99192
-0.702715,51,125.010786
-0.696649,51,125.030405
-0.718348,51,125.049439
-0.848059,52,125.068759
-0.943565,51,125.087379
-0.823129,51,125.105934
-0.796549,51,125.124473
-0.854219,52,125.143403
-0.898971,52,125.161932
-0.869843,51,125.18028
-0.90021,51,125.198554
-0.876651,51,125.216641
-0.799051,51,125.234291
-0.852543,51,125.252411
-0.796625,51,125.270831
-0.996675,51,125.288965
-0.86253,51,125.307059
-0.870586,51,125.325364
-0.920646,51,125.343675
-0.936368,51,125.361936
-0.862652,51,125.379897
-0.991205,51,125.398376
-0.854598,51,125.416794
-0.776979,51,125.435073
-0.902405,51,125.452094
-0.911974,51,125.469495
-0.844879,51,125.487728
-0.808148,51,125.50546
-0.772788,51,125.523873
-0.751113,51,125.541966
-0.852628,51,125.560082
-0.838166,51,125.869724
-0.835781,51,125.888595
-0.949264,51,125.906941
-0.973648,51,125.925442
-0.822003,51,125.944403
-0.914367,51,125.963342
-0.858805,52,125.982642
-0.861578,52,126.001811
-0.855042,51,126.020567
-0.850854,51,126.039303
-0.805368,52,126.059546
-0.839545,51,126.078301
-0.914663,51,126.096657
-0.781804,52,126.115719
-0.727227,51,126.133904
-0.924707,51,126.151728
-0.770798,51,126.169737
-0.866031,51,126.187979
-0.934675,51,126.206052
-0.871919,51,126.22458
-0.908479,51,126.244031
-0.844908,52,126.262384
-0.911335,51,126.280954
-0.854351,51,126.299498
-0.722792,51,126.317995
-0.816881,51,126.336532
-0.825819,51,126.354547
-1.021648,52,126.373159
-0.877548,52,126.392019
-0.899928,51,126.409919
-0.830266,51,126.428157
-0.750445,51,126.445951
-0.783254,52,126.464669
-0.780159,51,126.48275
-1.027407,51,126.49987
-0.781166,51,126.517182
-0.86763,51,126.535254
-0.966601,51,126.552879
-0.740146,51,126.570944
-0.928646,51,126.588551
-1.073939,51,126.907627
-0.990793,51,126.925838
-0.944402,52,126.945029
-0.891778,51,126.963286
-0.957029,51,126.981862
-0.879882,51,127.000748
-0.832783,51,127.019574
-0.770526,51,127.037953
-0.86661,51,127.056343
-0.77809,51,127.074762
-1.121035,51,127.093879
-0.78208,51,127.111462
-0.926779,51,127.129236
-0.966829,51,127.14743
-0.764076,51,127.16564
-0.985292,51,127.183347
-0.789973,51,127.201487
-0.905396,51,127.22006
-0.821635,51,127.23816
-0.854659,51,127.255788
-0.819948,51,127.272839
-0.876577,51,127.290339
-0.822491,52,127.308364
-0.962591,51,127.32564
-0.858384,51,127.343326
-0.845287,52,127.36142
-0.716777,52,127.379395
-0.841944,51,127.397421
-0.858363,51,127.41553
-0.832282,51,127.434186
-0.879828,51,127.452542
-0.857283,52,127.470147
-0.722694,51,127.487766
-0.787012,51,127.505673
-0.754012,51,127.52324
-0.866471,51,127.540744
-0.899486,51,127.558161
-0.860778,52,127.576586
-0.888759,51,127.595004
-0.864378,51,127.612902
-0.715472,51,127.933157
-0.755209,51,127.951315
-0.858098,51,127.969841
-0.854391,51,127.988407
-0.861677,51,128.007254
-0.809684,51,128.026115
-0.809169,51,128.04493
-0.872454,51,128.063652
-0.859472,51,128.082497
-0.885837,52,128.101723
-0.906248,51,128.120498
-0.854896,51,128.13954
-0.882583,52,128.158308
-0.799102,52,128.177085
-0.826255,51,128.195389
-0.80884,51,128.214635
-0.897468,51,128.232368
-0.821248,51,128.250212
-0.783624,51,128.267656
-0.688306,51,128.285416
-0.885212,51,128.303574
-0.860303,51,128.321018
-0.937714,51,128.338917
-0.998864,51,128.357892
-0.903199,51,128.376617
-0.87458,51,128.394724
-0.831017,51,128.412687
-0.709179,51,128.431199
-0.84486,51,128.449712
-0.853619,51,128.468266
-0.801608,51,128.486739
-0.796045,51,128.505264
-0.815672,51,128.523316
-0.701522,51,128.541842
-0.783951,51,128.560342
-0.834275,51,128.578848
-0.77098,51,128.597389
-0.850876,51,128.615427
-0.902716,52,128.634324
-0.857178,51,128.652365
-0.912932,51,128.972116
-0.862447,51,128.991825
-0.923696,51,129.010447
-0.999933,51,129.028962
-0.810975,51,129.047485
-0.850464,51,129.066407
-1.042983,51,129.085309
-0.849459,51,129.104199
-0.951963,51,129.123105
-0.787457,51,129.141931
-0.791556,51,129.160691
-0.972456,51,129.179248
-0.945972,51,129.197427
-0.749057,51,129.215557
-0.812292,51,129.233302
-0.768876,51,129.251591
-0.776912,51,129.269624
-0.915006,51,129.28733
-0.867727,51,129.30544
-0.817988,51,129.323983
-0.770103,51,129.342106
-0.892824,51,129.360158
-0.835266,51,129.378234
-0.81818,51,129.397084
-0.968555,51,129.415339
-0.722832,51,129.432916
-0.913729,51,129.450819
-0.805066,51,129.468782
-0.825238,51,129.486929
-0.705014,51,129.50509
-0.998494,51,129.523532
-0.870719,51,129.541609
-0.914557,51,129.559694
-0.834325,51,129.578212
-0.753519,51,129.596761
-0.782451,51,129.6151
-0.783418,52,129.633685
-0.82466,52,129.651902
-0.79788,51,129.669948
-0.772075,51,129.688264
-0.925864,51,130.009849
-0.916076,51,130.029445
-0.893649,51,130.048331
-0.88799,51,130.066853
-0.763589,51,130.085524
-0.762923,51,130.104485
-0.967953,51,130.123406
-0.899637,51,130.142159
-0.804807,51,130.160794
-0.882046,52,130.17982
-0.868007,51,130.203384
-0.791465,51,130.222142
-0.968289,51,130.240693
-0.878692,51,130.2584
-0.845403,52,130.276926
-0.778596,51,130.294999
-0.792786,51,130.313117
-0.814834,51,130.331674
-1.016124,51,130.349737
-0.84424,51,130.368222
-0.884013,51,130.386719
-0.882076,51,130.405189
-0.809289,51,130.423309
-0.845377,51,130.441821
-0.867655,51,130.46038
-0.710644,51,130.478897
-0.884604,51,130.497719
-0.796703,52,130.515589
-0.905086,51,130.533836
-0.958421,51,130.552032
-0.825302,51,130.570567
-0.761388,51,130.588205
-0.928686,51,130.60671
-0.827944,51,130.625165
-0.746517,51,130.643543
-0.867579,51,130.661474
-0.751784,51,130.678575
-0.838209,51,130.695706
-0.873538,51,130.713587
-0.739953,51,130.731365
-1.002694,51,131.054241
-1.133616,51,131.07339
-0.720106,52,131.09232
-0.781555,51,131.111238
-1.006945,51,131.130679
-0.873803,51,131.148506
-0.763234,51,131.167104
-0.845458,51,131.18522
-0.884486,51,131.203768
-0.897914,51,131.222194
-1.027405,51,131.240682
-0.921842,52,131.259583
-0.830199,51,131.278004
-0.808848,51,131.295039
-0.849307,51,131.312856
-0.812047,52,131.331281
-0.683368,52,131.349938
-0.820521,51,131.368165
-0.832583,51,131.386157
-0.831559,51,131.404566
-0.719512,51,131.422619
-0.866125,52,131.440978
-0.731626,51,131.459388
-0.761973,51,131.477825
-0.817004,51,131.495473
-0.87695,51,131.512598
-0.710411,51,131.530046
-0.896632,51,131.548004
-0.863824,51,131.565689
-0.916963,51,131.583772
-0.801734,51,131.60171
-0.904399,51,131.619976
-0.7123,51,131.638122
-0.869046,51,131.655864
-1.087568,51,131.673938
-0.87814,51,131.69156
-0.904081,51,131.708519
-0.804992,51,131.725451
-0.992145,51,131.743139
-0.892812,52,131.760997
-0.792877,51,132.079482
-0.841569,52,132.099204
-0.859291,51,132.118849
-0.791992,51,132.137315
-0.740077,52,132.155834
-0.799401,52,132.174731
-0.933774,52,132.194287
-0.885654,51,132.212796
-0.756729,51,132.231298
-0.816284,51,132.249925
-0.977795,51,132.268434
-0.94493,51,132.286947
-0.784959,51,132.304962
-0.70539,51,132.32283
-0.800839,51,132.340923
-0.753465,51,132.359305
-0.764736,51,132.377056
-0.791938,52,132.395391
-0.849506,51,132.413822
-0.834334,52,132.432568
-0.735246,51,132.45099
-0.768307,51,132.469518
-0.791267,51,132.488092
-0.801717,51,132.506601
-0.968003,51,132.525047
-0.78205,51,132.543456
-0.781299,51,132.561791
-0.750457,52,132.5806
-0.866604,51,132.598563
-0.743039,51,132.616917
-0.795814,51,132.635257
-0.757902,51,132.653578
-0.776617,51,132.671649
-1.012969,51,132.689891
-1.007801,51,132.707808
-0.742316,51,132.726139
-0.848784,51,132.744008
-1.038996,51,132.761336
-0.742272,52,132.779801
-0.814861,51,132.797911
-0.81363,51,133.126066
-0.852855,51,133.146763
-0.755404,51,133.165966
-0.7116,51,133.186742
-0.837687,51,133.205034
-0.777142,51,133.223564
-0.779979,51,133.241914
-0.756474,51,133.26074
-0.767039,51,133.279549
-0.728374,51,133.297792
-0.805958,51,133.315909
-0.823033,51,133.334448
-0.764371,51,133.35265
-0.722662,51,133.371112
-0.821616,51,133.389505
-0.815401,52,133.40832
-0.850888,51,133.4267
-0.761189,51,133.445471
-0.849224,51,133.464023
-0.755133,51,133.482519
-0.767818,51,133.501064
-0.738974,52,133.519919
-0.933005,51,133.538359
-0.816004,51,133.556826
-0.739634,51,133.575293
-0.932942,51,133.59372
-0.794632,51,133.612148
-0.889558,51,133.630177
-0.855257,51,133.648212
-0.802703,52,133.667046
-0.677551,51,133.685529
-0.764125,52,133.704004
-0.731509,52,133.722795
-0.829403,51,133.741117
-0.947388,51,133.75967
-0.800789,52,133.777647
-0.927841,51,133.795312
-0.888967,52,133.8137
-0.854134,51,133.831403
-0.987242,51,133.849427
-0.755236,51,134.16662
-0.925926,51,134.186386
-0.739099,51,134.20483
-0.790091,52,134.223174
-0.775616,51,134.241717
-0.840915,52,134.260759
-0.811221,51,134.279553
-0.979098,51,134.298371
-0.804934,51,134.318001
-0.886205,51,134.336887
-0.722256,51,134.355569
-0.853986,52,134.374562
-0.878951,51,134.392713
-1.151395,51,134.40983
-0.849475,51,134.427376
-0.829122,52,134.445617
-0.947194,51,134.463504
-0.738334,52,134.482079
-0.864341,51,134.500238
-0.828059,51,134.518714
-0.755453,51,134.536418
-0.867533,52,134.555321
-0.7768,51,134.573392
-0.740676,51,134.591819
-0.689276,51,134.609709
-0.775447,51,134.626773
-0.873303,51,134.644259
-0.850565,51,134.662007
-0.819866,51,134.680406
-0.823358,51,134.698023
-0.7298,51,134.716479
-0.831882,51,134.734983
-0.860421,51,134.752935
-0.856706,51,134.770965
-0.825484,51,134.788933
-0.914485,51,134.807021
-0.831142,51,134.825374
-0.796857,52,134.844172
-0.709146,51,134.862678
-0.815382,51,134.881178
-0.832383,51,135.198717
-0.785058,51,135.218351
-0.829486,52,135.238412
-0.82566,51,135.256477
-0.866089,51,135.275172
-0.785369,51,135.29387
-0.803358,51,135.312197
-0.993668,51,135.330385
-0.871786,51,135.348557
-0.804565,52,135.367544
-0.864239,52,135.386438
-0.811493,51,135.404893
-0.834196,51,135.423438
-0.737635,51,135.442309
-0.809858,51,135.460505
-0.789149,51,135.478552
-0.86379,52,135.496658
-0.912423,51,135.514619
-0.823185,51,135.53281
-0.799386,51,135.5512
-0.725218,51,135.569575
-0.914378,51,135.587733
-0.809453,51,135.606155
-0.867081,51,135.624671
-0.868092,51,135.643132
-0.917938,51,135.661009
-0.805084,51,135.678894
-0.908958,51,135.697094
-0.976209,51,135.715028
-0.87793,51,135.733234
-0.813294,51,135.751703
-0.781509,51,135.769352
-0.928412,51,135.787797
-0.870987,51,135.806204
-0.983551,51,135.824257
-0.699482,51,135.842289
-0.716507,51,135.860864
-0.992508,52,135.879336
-1.09989,51,135.897863
-0.807804,52,135.916789
-0.811963,51,136.23072
-0.814605,51,136.250257
-0.730961,51,136.269828
-0.838318,51,136.289388
-1.065474,51,136.308065
-0.748473,51,136.32703
-0.908001,52,136.345791
-0.944133,51,136.363985
-0.840274,51,136.382367
-0.826054,51,136.400534
-0.844884,51,136.419062
-0.863332,51,136.437548
-0.809513,51,136.455684
-0.807033,51,136.474165
-0.770154,51,136.492696
-0.792858,51,136.510964
-0.785251,51,136.528498
-0.770891,51,136.546559
-0.793138,51,136.564665
-0.720623,52,136.583185
-0.835823,51,136.601206
-0.825422,51,136.619194
-0.809387,52,136.637357
-0.92768,51,136.655457
-1.194332,51,136.673963
-0.739653,51,136.692524
-0.733471,51,136.710357
-0.895781,51,136.727797
-0.688301,51,136.745643
-0.785433,51,136.763853
-0.669127,51,136.783309
-0.828698,51,136.801682
-0.873016,51,136.819901
-0.796569,52,136.838906
-0.732856,51,136.857424
-0.788862,51,136.87603
-0.846347,51,136.894655
-0.692247,51,136.912407
-0.95639,51,136.93011
-0.697845,51,136.947398
-0.808025,51,137.271119
-0.977093,51,137.290911
-0.828556,51,137.31034
-0.777983,51,137.328275
-0.752425,51,137.346103
-0.932877,51,137.364106
-0.858808,51,137.382204
-0.772911,51,137.40085
-0.919879,51,137.419418
-0.893584,51,137.437873
-0.775702,51,137.45633
-0.931238,51,137.474752
-0.705766,51,137.493182
-0.88509,51,137.511704
-0.847251,51,137.531075
-0.811574,51,137.548448
-0.844531,51,137.565584
-0.809964,51,137.583492
-0.81122,51,137.601545
-0.83798,51,137.619651
-0.972159,51,137.637722
-0.778275,51,137.655581
-0.957276,51,137.673813
-0.758503,52,137.692183
-0.892175,51,137.71015
-0.861536,52,137.728987
-0.797919,51,137.747103
-0.785818,51,137.764671
-0.750027,52,137.783316
-0.782151,52,137.802182
-0.850542,51,137.82021
-0.737815,51,137.838628
-0.858804,51,137.857019
-0.713992,51,137.875063
-0.868381,51,137.893591
-0.731441,51,137.911621
-0.75325,51,137.930048
-0.723672,52,137.948759
-1.000527,51,137.965896
-0.860893,51,137.983666
-0.711787,51,138.301306
-0.73316,52,138.320842
-0.847691,52,138.340524
-0.809532,51,138.360313
-0.704672,51,138.378472
-0.832513,51,138.396638
-0.864223,52,138.41575
-0.864135,51,138.434267
-0.861314,51,138.452568
-0.718946,51,138.471063
-0.796932,51,138.489122
-0.815338,52,138.507986
-0.772338,51,138.526504
-0.787925,51,138.545002
-0.813199,51,138.563484
-0.832019,51,138.581257
-0.943453,51,138.598367
-0.77731,51,138.616156
-0.74897,51,138.634061
-0.976108,51,138.652181
-0.824591,52,138.670257
-0.687541,51,138.688377
-0.869598,51,138.706906
-0.789911,51,138.725404
-0.828651,52,138.743823
-1.027488,51,138.76239
-0.692663,51,138.780546
-0.768046,51,138.798129
-0.81538,51,138.816184
-0.755815,51,138.83426
-0.759921,51,138.852348
-0.894951,51,138.870568
-0.8257,51,138.888788
-0.88594,51,138.907194
-0.76538,51,138.925417
-0.703216,51,138.943673
-0.767011,51,138.96173
-0.823974,51,138.980219
-0.817214,52,138.998101
-0.895795,51,139.015869
-0.787417,51,139.329569
-0.978943,51,139.348471
-0.877264,51,139.367307
-0.850485,51,139.38617
-1.049483,51,139.404921
-0.739326,51,139.423242
-0.782269,51,139.441729
-0.794198,51,139.46056
-0.978495,51,139.479211
-1.037423,51,139.497521
-0.774197,51,139.516101
-0.850583,52,139.534956
-0.680399,52,139.553453
-0.799776,51,139.572003
-0.784091,51,139.590102
-0.759617,51,139.608663
-0.798863,51,139.626746
-0.696034,52,139.644618
-0.752426,51,139.662495
-0.887678,51,139.680278
-0.867443,51,139.698248
-0.856496,52,139.716845
-0.913515,51,139.734912
-0.70779,51,139.752996
-0.873129,51,139.770812
-0.896394,51,139.789039
-0.885598,51,139.807236
-0.849325,51,139.82513
-0.780109,51,139.842591
-0.817905,51,139.860149
-0.836748,51,139.878224
-0.765535,52,139.896142
-0.839717,51,139.914022
-0.713603,51,139.931766
-0.706901,51,139.949804
-0.785667,51,139.967856
-0.790388,52,139.986745
-0.849686,51,140.00471
-0.894829,51,140.022093
-0.80871,51,140.040253
-0.875608,51,140.361589
-0.748303,51,140.380579
-0.851297,51,140.39916
-0.860008,51,140.418435
-1.003953,51,140.436631
-0.837168,51,140.455639
-0.8119,52,140.473598
-0.994945,51,140.491587
-0.748574,52,140.510256
-0.826282,51,140.527931
-0.793753,51,140.545904
-1.028654,51,140.563997
-0.723039,52,140.582039
-0.799334,51,140.600057
-0.811051,51,140.618094
-0.780047,51,140.636487
-0.765984,51,140.654495
-0.812052,51,140.67256
-0.846806,51,140.689744
-0.921727,51,140.707272
-0.892141,51,140.725608
-0.725392,51,140.742942
-0.83004,51,140.761106
-0.772856,51,140.779251
-0.76987,51,140.797354
-1.071451,51,140.81545
-0.739401,51,140.833146
-0.887929,51,140.8511
-0.80252,51,140.869902
-0.844991,51,140.888598
-0.838682,51,140.906498
-0.804279,51,140.92448
-0.835615,52,140.943397
-0.852669,51,140.961938
-0.879572,51,140.980012
-0.765179,51,140.998106
-0.787265,51,141.016617
-0.90429,51,141.034484
-0.781595,51,141.052742
-0.827538,52,141.070813
-0.718651,52,141.089095
-0.7428,51,141.410063
-0.850191,51,141.429972
-0.735808,51,141.449322
-0.802388,51,141.467968
-0.776539,51,141.48645
-0.763998,51,141.505042
-0.811618,51,141.523334
-0.79691,51,141.541338
-0.784915,51,141.559249
-0.736471,51,141.577019
-0.756807,51,141.595073
-0.824671,51,141.613157
-0.886123,51,141.631598
-0.731237,51,141.649572
-0.970782,51,141.667634
-0.928102,51,141.686058
-0.699463,51,141.704127
-0.858126,51,141.722176
-0.696976,51,141.740627
-0.721131,51,141.759103
-0.679671,52,141.77842
-0.717265,51,141.795725
-0.816029,51,141.813265
-0.940366,51,141.831082
-0.798148,51,141.849303
-0.887263,51,141.867153
-0.835678,51,141.885162
-0.929613,51,141.903543
-0.798151,51,141.921644
-0.827513,51,141.939329
-0.775505,52,141.957433
-0.782096,51,141.975655
-0.867042,51,141.993576
-0.880041,51,142.011678
-0.937656,51,142.030155
-0.94876,51,142.048714
-0.760294,51,142.06674
-0.974452,51,142.084963
-0.803752,52,142.103222
-0.903426,52,142.121736
-0.792049,52,142.44058
-0.787205,51,142.460287
-0.862887,51,142.479697
-0.795234,52,142.499095
-0.866887,51,142.51762
-0.812756,51,142.536271
-0.984589,51,142.554664
-0.700047,51,142.573444
-0.849068,51,142.591566
-0.916726,52,142.610284
-0.738846,51,142.62878
-0.747593,51,142.647269
-0.78584,52,142.66612
-0.759967,52,142.685017
-0.831305,51,142.703436
-0.759355,52,142.721907
-0.830826,51,142.740454
-0.939525,51,142.758081
-0.784521,51,142.775059
-0.860824,51,142.792631
-0.779502,51,142.810792
-0.882587,51,142.828582
-0.94604,51,142.846269
-0.78032,51,142.864213
-0.728916,51,142.88227
-0.769966,51,142.900148
-0.883214,51,142.917956
-0.789519,51,142.936379
-0.696368,51,142.954364
-0.859019,51,142.971723
-0.714995,52,142.989176
-0.72714,51,143.006818
-0.890936,51,143.024793
-0.675035,51,143.04245
-0.762412,51,143.060894
-0.872757,51,143.078878
-0.87593,51,143.096473
-0.768891,51,143.114501
-0.881642,52,143.13336
-0.783603,51,143.15145
-0.696101,51,143.456797
-0.745918,51,143.476447
-0.85338,51,143.496206
-0.770486,51,143.515762
-0.870131,51,143.53429
-0.842494,51,143.553161
-0.793521,51,143.571645
-0.708607,51,143.589406
-0.788831,51,143.607342
-0.835653,52,143.625803
-0.89313,51,143.643843
-0.767303,52,143.662026
-0.741182,51,143.680114
-0.839216,52,143.69901
-0.841602,52,143.717923
-0.875831,51,143.735988
-0.721586,51,143.754476
-0.873188,51,143.77258
-0.87371,51,143.791079
-0.794391,51,143.80913
-0.88974,52,143.827159
-1.066684,51,143.845237
-0.735445,51,143.862861
-0.687423,51,143.880998
-0.779281,51,143.899479
-0.725265,51,143.91796
-0.77525,51,143.936446
-0.774175,51,143.954485
-0.752272,51,143.972508
-0.844207,51,143.991402
-0.83216,51,144.009297
-0.880246,52,144.02766
-0.714465,51,144.045453
-0.917968,51,144.063547
-0.73676,52,144.083105
-0.936103,51,144.102336
-0.702026,51,144.121916
-0.802148,52,144.140456
-0.762949,51,144.158969
-0.739645,51,144.177378
-0.774709,51,144.493213
-0.804022,51,144.51278
-0.931541,51,144.532595
-0.832959,51,144.55226
-0.933779,51,144.57123
-0.893051,51,144.590176
-0.724207,51,144.609029
-0.85632,51,144.626789
-0.859232,51,144.643953
-0.741829,52,144.661884
-0.919421,51,144.679916
-0.921856,51,144.698398
-0.88186,51,144.716441
-0.954929,51,144.734512
-0.859249,51,144.753029
-0.765527,51,144.771049
-0.725499,51,144.789069
-0.975461,51,144.807488
-0.839914,51,144.825587
-0.662632,52,144.843117
-0.942954,51,144.860182
-0.832818,52,144.878051
-0.849921,51,144.895664
-0.803809,51,144.913733
-0.821322,51,144.931728
-0.845359,51,144.949731
-0.70891,51,144.968172
-0.908816,51,144.985847
-0.768555,51,145.004278
-0.720497,51,145.022672
-0.758919,51,145.040769
-0.733453,51,145.05786
-0.761562,52,145.075622
-0.957101,51,145.09344
-0.895934,51,145.111436
-0.857531,51,145.12949
-0.852598,51,145.147096
-0.804935,51,145.165488
-0.745646,52,145.183845
-0.794611,51,145.201894
-0.801574,51,145.524476
-0.672556,52,145.544138
-0.763321,51,145.563785
-0.959198,51,145.583267
-0.809141,51,145.602345
-0.811807,51,145.621198
-0.746455,51,145.639724
-0.655269,51,145.657858
-0.79373,51,145.676287
-0.836102,51,145.694738
-0.732008,51,145.712806
-0.992653,51,145.731221
-0.677796,51,145.749684
-0.761797,51,145.768948
-0.87893,51,145.787511
-0.790587,52,145.80598
-0.71222,51,145.823987
-0.89712,51,145.842423
-1.010621,51,145.860691
-0.800472,51,145.879058
-0.841227,51,145.897162
-0.74152,51,145.915328
-0.658975,51,145.933602
-0.761037,51,145.952118
-0.863123,51,145.970192
-0.863551,51,145.988686
-0.915324,51,146.006752
-0.917018,51,146.025246
-0.984244,51,146.043678
-0.934163,51,146.061707
-0.879086,51,146.079642
-0.894118,51,146.098073
-0.823624,52,146.116976
-0.806476,52,146.135821
-0.732336,52,146.154604
-0.691713,52,146.172893
-0.753715,51,146.190959
-0.860215,51,146.210218
-0.82311,51,146.228643
-0.787494,51,146.246919
-0.799874,51,146.565041
-0.690386,51,146.584064
-0.744656,51,146.603398
-0.762312,52,146.623192
-0.764004,51,146.642396
-0.692556,51,146.660928
-0.80249,51,146.678607
-0.780299,51,146.696261
-0.829055,51,146.713928
-0.873789,51,146.732089
-0.708414,51,146.750369
-0.884871,51,146.768603
-0.704622,51,146.786332
-0.757957,51,146.803827
-0.816038,51,146.821102
-0.828359,51,146.838639
-0.68184,51,146.856646
-0.671918,51,146.874341
-0.818235,51,146.893144
-0.807654,51,146.91389
-0.874105,51,146.932125
-0.832452,52,146.950637
-0.821292,51,146.969059
-0.763049,51,146.986925
-0.875137,51,147.005149
-0.971806,51,147.023376
-0.857922,51,147.041768
-0.827433,51,147.05961
-0.72664,51,147.077808
-0.939754,51,147.095166
-0.834349,51,147.112962
-0.770049,51,147.131352
-0.878846,51,147.149293
-0.805034,51,147.1673
-0.735576,51,147.185443
-0.690803,51,147.203515
-0.816671,51,147.221978
-0.816052,51,147.240382
-0.888788,52,147.258888
-0.830662,51,147.277382
-0.804758,51,147.592628
-0.779266,51,147.611851
-0.778075,52,147.631942
-0.740901,51,147.651041
-0.788168,51,147.670444
-0.704523,51,147.689045
-0.795049,51,147.708444
-0.707194,52,147.727752
-0.724054,51,147.746148
-0.847668,51,147.764804
-0.706592,51,147.783021
-0.650084,51,147.80158
-0.841279,51,147.819697
-0.74043,52,147.838237
-0.820987,51,147.856425
-0.955638,51,147.874967
-0.825922,51,147.893088
-0.784241,51,147.911361
-0.68635,51,147.928895
-0.815154,52,147.94671
-0.870789,51,147.964548
-0.678442,51,147.982391
-0.682501,51,148.000516
-0.828618,51,148.019068
-0.688938,51,148.037225
-0.840626,51,148.055421
-0.720217,51,148.073538
-0.817832,52,148.090883
-0.70067,51,148.109112
-0.831663,52,148.127287
-0.84498,51,148.144484
-0.773085,51,148.162424
-0.861663,51,148.180589
-0.774,51,148.198679
-0.806746,51,148.217306
-0.644209,51,148.235886
-0.786094,51,148.254478
-0.830391,51,148.273035
-0.812301,51,148.290875
-0.766009,52,148.308758
-0.805997,51,148.610437
-0.72104,51,148.630337
-0.775398,51,148.650271
-0.853338,51,148.66999
-0.739782,51,148.689783
-0.864101,51,148.709982
-0.864079,51,148.729236
-0.797673,51,148.748386
-0.735611,52,148.767817
-0.764803,51,148.785587
-0.753684,52,148.806593
-0.745497,51,148.825156
-0.839095,52,148.843885
-0.681145,51,148.862226
-0.824384,51,148.880514
-0.857487,51,148.899625
-1.002591,51,148.91721
-0.691324,51,148.934352
-0.883777,51,148.952171
-0.968126,51,148.970035
-0.952489,51,148.987192
-0.764615,52,149.005678
-0.74332,51,149.023724
-0.756361,52,149.042257
-0.925092,52,149.061178
-0.743644,51,149.079759
-0.916229,51,149.09829
-0.759723,51,149.116206
-0.790772,51,149.134597
-0.745697,51,149.153151
-0.901719,51,149.171773
-0.743048,51,149.189073
-0.795145,51,149.20619
-0.813365,51,149.224049
-0.80305,51,149.241904
-0.860995,52,149.259687
-0.779673,51,149.277435
-0.731468,51,149.295519
-0.809718,51,149.313562
-0.717229,51,149.331511
-0.667083,51,149.648253
-0.922201,51,149.667757
-1.025203,51,149.68766
-0.857657,51,149.707041
-0.720748,52,149.727308
-0.739383,51,149.747041
-0.927508,51,149.766492
-0.881761,51,149.785183
-0.690559,51,149.803623
-0.792046,51,149.821999
-0.72072,51,149.840428
-0.887568,51,149.858361
-0.810428,51,149.876417
-0.799972,51,149.894427
-0.780609,51,149.912399
-0.850064,51,149.9304
-1.265519,51,149.948372
-0.76725,51,149.966353
-0.778956,51,149.984348
-0.748986,51,150.002011
-0.678492,51,150.019964
-0.964107,51,150.037552
-0.893068,51,150.055587
-0.748376,51,150.073668
-0.747868,51,150.092115
-0.78395,51,150.110633
-0.70395,52,150.12951
-0.759168,51,150.148117
-0.953786,51,150.166606
-0.768184,51,150.185168
-0.779111,51,150.203811
-0.752618,51,150.222334
-0.902507,52,150.24045
-0.838826,52,150.258632
-0.95721,51,150.276211
-0.790752,51,150.294013
-0.804734,51,150.312099
-0.766679,51,150.330084
-0.794643,51,150.34763
-0.741582,51,150.365788
-0.77131,51,150.685091
-0.885223,51,150.704314
-0.804445,51,150.724012
-0.796455,51,150.743675
-0.795711,51,150.762494
-1.068903,51,150.781801
-0.769885,51,150.801063
-0.760181,52,150.819997
-0.747839,51,150.838096
-0.711373,51,150.855882
-0.74433,52,150.874133
-0.777715,51,150.893257
-0.810076,51,150.911556
-0.853111,51,150.93016
-0.657133,51,150.948442
-0.797899,51,150.966651
-0.709892,51,150.98514
-0.741938,51,151.00367
-0.779342,51,151.022188
-0.848522,51,151.040721
-0.767659,51,151.058861
-0.762995,51,151.076607
-0.806858,51,151.094145
-0.717101,51,151.112003
-0.83711,51,151.130645
-0.789878,51,151.149172
-0.739571,51,151.167206
-0.90305,51,151.185823
-0.671334,51,151.204015
-0.759615,51,151.222491
-0.817034,51,151.241038
-0.86304,51,151.259175
-0.704222,51,151.276978
-0.692163,51,151.294572
-0.848726,51,151.312493
-0.720245,51,151.330149
-0.794324,51,151.348207
-0.809062,51,151.366414
-0.708772,52,151.384804
-0.899443,51,151.403363
-0.911712,51,151.708566
-0.717841,51,151.727703
-0.750292,52,151.747581
-0.785267,51,151.766585
-0.64133,51,151.786978
-0.881586,51,151.80647
-0.870709,51,151.825826
-0.731243,52,151.845784
-0.798522,52,151.86426
-0.721166,51,151.882924
-0.743419,51,151.901601
-0.832462,51,151.919933
-0.892101,51,151.938288
-0.754086,51,151.956851
-0.813022,52,151.974928
-0.933298,51,151.993429
-0.704692,51,152.01195
-0.708574,52,152.0304
-0.822538,52,152.049264
-0.719917,51,152.067793
-0.705857,51,152.086046
-0.715549,51,152.104436
-0.726897,51,152.121756
-0.797517,51,152.138984
-0.803888,51,152.156638
-0.785027,51,152.174324
-0.822794,51,152.192716
-0.774673,51,152.210917
-0.790903,51,152.22886
-0.695218,52,152.247451
-0.848806,51,152.265444
-0.814315,51,152.283478
-0.832699,51,152.301583
-0.667561,51,152.319813
-0.999582,51,152.336817
-0.765245,51,152.354317
-0.801148,51,152.372102
-0.813343,51,152.389703
-0.84472,51,152.407405
-0.859113,51,152.425579
-0.908475,51,152.737382
-0.786838,52,152.757041
-0.801609,51,152.776149
-0.738456,51,152.796322
-0.683311,51,152.819723
-0.755905,51,152.838693
-0.787323,51,152.858058
-0.710644,51,152.877649
-0.788969,51,152.896247
-0.765698,51,152.913956
-0.735304,51,152.932091
-0.696135,51,152.949965
-0.917389,51,152.968149
-0.786819,51,152.986661
-0.937761,51,153.005176
-0.816304,51,153.023901
-0.816846,51,153.042383
-0.83559,52,153.06119
-0.881456,52,153.080069
-0.838857,52,153.098882
-0.810237,51,153.117435
-0.780505,51,153.135775
-0.732988,51,153.15414
-0.823632,51,153.172663
-0.807661,51,153.190774
-0.742164,51,153.208983
-0.786125,51,153.227174
-0.830322,51,153.245615
-0.784592,52,153.263932
-0.920978,51,153.281943
-0.788442,51,153.300262
-0.845724,51,153.317787
-0.756241,51,153.335676
-0.725734,51,153.353976
-0.739642,51,153.37183
-0.693987,52,153.390282
-0.866147,51,153.40801
-0.836651,51,153.425853
-0.756535,51,153.443996
-0.804657,51,153.462004
-0.697804,51,153.774641
-0.685262,51,153.794302
-0.79093,51,153.814123
-0.991735,51,153.834132
-0.675826,52,153.854333
-0.758754,51,153.874173
-0.799646,51,153.893751
-0.874001,51,153.913575
-0.962633,51,153.933239
-0.829846,51,153.952244
-0.836965,51,153.970609
-0.68357,51,153.989733
-0.749789,51,154.008461
-0.896215,51,154.027045
-0.868732,51,154.045596
-0.814345,51,154.064231
-0.72415,51,154.082774
-0.804899,51,154.101261
-0.723782,51,154.119784
-0.649521,52,154.13872
-0.773665,52,154.15756
-0.792668,52,154.176492
-0.706225,52,154.195376
-0.810986,51,154.213965
-0.732074,51,154.232519
-0.789178,51,154.250617
-0.667374,51,154.268974
-0.744214,51,154.286634
-0.77207,51,154.30483
-0.740448,51,154.323002
-0.878818,52,154.341103
-0.773061,51,154.35941
-0.75311,51,154.377783
-0.74601,52,154.396485
-0.774316,51,154.414864
-0.715677,51,154.433003
-0.747826,51,154.450968
-0.718524,51,154.469079
-0.890853,51,154.48643
-0.804991,51,154.503682
-0.843018,51,154.806093
-0.81334,51,154.825841
-0.709944,51,154.844148
-0.823849,51,154.862518
-0.690919,51,154.881705
-0.767906,52,154.900937
-0.706037,51,154.92019
-0.77226,51,154.93935
-1.001146,51,154.958656
-0.850778,51,154.977415
-0.772021,52,154.995635
-0.643262,51,155.013909
-0.690613,51,155.031901
-0.988314,51,155.048892
-0.754299,52,155.066655
-0.813738,51,155.084202
-0.986465,51,155.102166
-0.85097,51,155.120124
-0.948601,51,155.138
-0.860933,51,155.156279
-0.740888,51,155.174187
-0.662109,51,155.192492
-0.745312,51,155.210848
-0.792901,51,155.229151
-0.757388,52,155.247118
-0.755953,51,155.264023
-0.735417,51,155.2817
-0.873498,51,155.299197
-0.78122,51,155.317186
-0.845544,51,155.335148
-0.65547,51,155.353432
-0.758557,51,155.371355
-0.69544,52,155.390096
-0.732885,51,155.408508
-0.726242,51,155.426578
-0.710606,51,155.444505
-0.659824,51,155.461617
-0.672403,51,155.47876
-0.778272,51,155.496495
-0.844973,51,155.514107
-0.812955,51,155.820226
-0.766091,51,155.840143
-0.798792,52,155.860382
-0.744607,52,155.880111
-0.751812,51,155.899394
-0.733283,51,155.91866
-0.717452,51,155.938289
-0.770228,52,155.958053
-0.731678,51,155.977319
-0.682932,51,155.996949
-0.714593,51,156.015549
-0.619182,52,156.03357
-0.78299,51,156.051686
-0.759917,51,156.069726
-0.706092,52,156.087648
-0.704775,52,156.105176
-0.933021,52,156.12395
-0.838644,51,156.142632
-0.758281,51,156.16007
-0.805248,51,156.177731
-0.852487,51,156.195736
-0.758926,51,156.213929
-0.73631,52,156.232598
-0.799371,51,156.25111
-0.768967,51,156.269155
-0.80652,51,156.287612
-0.757766,51,156.306083
-0.749574,51,156.324253
-0.760934,52,156.34435
-0.816788,51,156.36208
-0.659317,51,156.380451
-0.852476,51,156.399112
-0.821629,51,156.417336
-0.835147,51,156.435536
-0.715995,51,156.453662
-0.823258,51,156.472268
-0.720807,51,156.490951
-0.698975,51,156.508381
-0.837793,51,156.525911
-0.786619,51,156.543798
-0.739246,52,156.846348
-0.774982,51,156.867003
-0.763747,51,156.886866
-0.810976,51,156.906491
-0.889056,51,156.926693
-0.842597,51,156.946624
-0.762166,51,156.965906
-0.645958,51,156.985703
-0.898805,52,157.005727
-0.772119,51,157.025391
-0.732555,51,157.043898
-0.812191,52,157.06203
-1.022218,51,157.080021
-0.828247,51,157.098505
-0.779554,51,157.116431
-0.753498,52,157.13458
-0.717773,51,157.151989
-0.739705,52,157.170339
-0.690846,51,157.188023
-0.789216,51,157.20621
-0.975124,51,157.224641
-0.811552,51,157.24236
-0.882891,52,157.260731
-0.712204,51,157.279223
-0.829389,51,157.297797
-0.782593,52,157.316622
-0.664381,51,157.334652
-0.921281,51,157.352789
-0.778971,51,157.371143
-0.780605,51,157.389448
-0.745804,51,157.40781
-0.64744,51,157.426056
-0.886009,51,157.444459
-0.767364,51,157.462925
-0.818108,51,157.48142
-0.673181,51,157.500058
-0.818861,51,157.518081
-0.680993,51,157.535775
-0.690174,51,157.553627
-0.762157,51,157.571778
-1.031023,51,157.872195
-0.803635,51,157.891528
-0.775617,51,157.911068
-0.641677,51,157.930527
-0.784249,51,157.950366
-0.873096,51,157.970046
-0.851491,51,157.989581
-0.767111,51,158.009416
-0.718557,51,158.028761
-0.711933,51,158.048786
-0.665962,52,158.067173
-0.698131,51,158.084745
-0.756832,51,158.102676
-0.813806,51,158.120375
-0.759272,51,158.138888
-0.767082,52,158.157441
-0.793862,51,158.175908
-0.726556,51,158.193831
-0.706037,51,158.21134
-0.756839,51,158.229295
-0.975823,51,158.247392
-0.712406,51,158.265489
-0.770594,51,158.283635
-0.725274,51,158.301731
-0.693602,51,158.319698
-0.790932,51,158.338151
-0.762092,51,158.356576
-0.836974,52,158.375425
-0.945344,51,158.39387
-0.699485,52,158.412753
-0.82492,51,158.431221
-0.835915,51,158.449676
-0.751573,51,158.468054
-0.661906,51,158.486048
-0.621808,51,158.504463
-0.771085,51,158.523347
-0.678163,51,158.541322
-0.698464,51,158.559486
-0.847203,51,158.577742
-0.707407,51,158.595035
-0.810201,51,158.894019
-0.838773,51,158.913573
-0.896051,51,158.932958
-0.805302,51,158.952695
-0.870291,51,158.972107
-0.770208,51,158.991493
-0.753157,51,159.011043
-0.770725,51,159.030261
-0.702217,51,159.049996
-0.701279,52,159.069753
-0.899418,51,159.088544
-0.68043,51,159.106641
-0.685493,52,159.125546
-0.871437,51,159.143616
-0.7653,51,159.16207
-0.669627,51,159.180158
-0.849605,51,159.198668
-0.823307,51,159.217167
-0.780678,51,159.235232
-0.786662,51,159.253612
-0.72905,52,159.272206
-0.757826,51,159.290756
-0.805517,51,159.30873
-0.693851,51,159.326916
-0.755927,51,159.345003
-0.80862,51,159.363042
-0.814393,51,159.381476
-0.80549,51,159.40028
-0.759067,51,159.417599
-0.813354,51,159.435755
-0.731589,52,159.453818
-0.745411,51,159.472277
-0.724235,51,159.490233
-0.754029,51,159.50831
-0.864383,51,159.526087
-0.75257,52,159.543777
-0.699317,51,159.561945
-0.67503,52,159.580379
-0.901663,51,159.598491
-0.747752,51,159.615937
-0.739866,51,159.91688
-0.721621,51,159.936256
-0.755578,51,159.956151
-0.747877,51,159.976069
-0.887957,51,159.995872
-0.857989,51,160.015615
-0.736697,51,160.034393
-0.829647,51,160.053804
-0.728138,52,160.073618
-0.69149,51,160.09342
-0.7524,51,160.111927
-0.693733,52,160.130924
-0.648415,51,160.149437
-0.777878,51,160.167919
-0.717446,51,160.186411
-0.736461,51,160.204995
-0.80809,51,160.223815
-0.866492,51,160.24238
-0.614511,51,160.260421
-0.705961,51,160.278504
-0.820382,51,160.296973
-0.69627,51,160.31498
-0.723184,51,160.333037
-0.883471,52,160.351887
-0.7422,51,160.370403
-0.709863,51,160.387626
-0.706174,51,160.404895
-0.743845,51,160.422388
-0.835166,51,160.439914
-0.777681,51,160.45703
-0.68605,51,160.474334
-0.705524,51,160.492011
-0.713276,51,160.510127
-0.689203,51,160.528548
-0.68549,52,160.5475
-0.736025,51,160.565553
-0.848051,51,160.583708
-0.789094,51,160.602295
-0.799054,51,160.620413
-1.007105,51,160.638453
-0.805403,51,160.935137
-0.827282,52,160.955242
-0.754001,51,160.974294
-0.672018,51,160.993508
-0.716651,51,161.013079
-0.701611,51,161.032781
-0.74194,51,161.052501
-0.912647,51,161.072162
-0.734686,51,161.090769
-0.777566,51,161.109718
-0.81911,51,161.128971
-0.790856,52,161.147322
-0.736295,51,161.165503
-0.734528,51,161.183821
-0.832185,51,161.202161
-0.790376,51,161.220242
-0.79489,51,161.238326
-0.719871,51,161.256388
-0.70622,51,161.274835
-0.796754,52,161.292907
-0.828787,51,161.310573
-0.739144,51,161.328266
-0.805168,51,161.347354
-0.943058,51,161.365423
-0.715691,51,161.38385
-0.783818,51,161.401989
-0.757138,51,161.42002
-0.772335,52,161.438939
-0.92841,51,161.457486
-0.911482,51,161.476662
-0.658117,52,161.494786
-0.712123,51,161.512732
-0.817292,51,161.530506
-0.741869,51,161.548728
-0.696851,51,161.567197
-0.696133,51,161.585029
-0.836908,51,161.603486
-0.764571,51,161.621733
-0.776614,51,161.639874
-0.740662,52,161.658346
-0.985273,51,161.954996
-0.856457,51,161.975084
-0.802913,51,161.994986
-0.824255,51,162.014853
-0.82185,51,162.034519
-0.798826,51,162.054153
-0.878829,51,162.073818
-0.722102,51,162.093926
-0.794991,51,162.112629
-0.746152,51,162.132213
-0.717334,51,162.151525
-0.775521,51,162.170238
-0.770762,51,162.18889
-0.813862,51,162.207081
-0.797727,51,162.225242
-0.763205,52,162.243736
-0.79122,51,162.262179
-0.655267,51,162.280131
-0.731691,51,162.298544
-0.926685,51,162.316259
-0.770397,51,162.333273
-0.728102,51,162.350875
-0.75892,51,162.368781
-0.679851,51,162.386527
-0.659485,51,162.404883
-0.854249,51,162.422908
-0.655647,51,162.441361
-0.838984,52,162.460152
-0.732114,51,162.478174
-0.769273,51,162.496138
-0.794645,51,162.51414
-0.683779,51,162.531422
-0.731936,51,162.548806
-0.703084,51,162.566175
-0.717283,51,162.583809
-0.791715,51,162.601762
-0.938066,51,162.619839
-0.646461,51,162.638221
-0.728058,51,162.656356
-0.84487,52,162.675147
-0.707267,52,162.973156
-0.861627,51,162.992718
-0.712365,51,163.012098
-0.732134,51,163.031092
-0.873093,51,163.050077
-0.760392,51,163.069218
-0.825819,51,163.088362
-0.753732,51,163.107923
-0.819765,51,163.127078
-0.792076,51,163.146358
-0.7346,51,163.165476
-0.787839,51,163.184253
-1.07537,51,163.20302
-0.719457,51,163.221247
-0.797246,51,163.239724
-0.842678,51,163.257815
-0.820191,51,163.275905
-0.780564,51,163.293733
-0.668425,51,163.311077
-0.752503,51,163.328523
-0.676859,51,163.346543
-0.811117,51,163.364845
-0.686764,51,163.382791
-0.804778,51,163.40053
-0.773369,51,163.4183
-0.880219,51,163.436302
-0.769766,51,163.454187
-0.694321,51,163.472122
-0.850649,51,163.490055
-0.832744,51,163.507562
-0.698408,51,163.525579
-0.815378,51,163.543988
-0.791589,51,163.562311
-0.787468,51,163.579708
-0.850517,51,163.597744
-0.767424,51,163.615655
-0.782496,52,163.634467
-0.669745,51,163.652556
-0.946799,51,163.670566
-0.756503,51,163.688311
-0.87198,51,163.706891
-0.967713,51,163.998023
-0.659785,51,164.01728
-0.779753,51,164.036354
-0.675679,51,164.055648
-0.733392,51,164.075275
-0.809406,51,164.094441
-0.767921,51,164.113501
-0.706298,51,164.133114
-0.8551,51,164.152793
-0.661874,51,164.172412
-0.843856,51,164.192364
-0.849927,51,164.210459
-0.761176,51,164.228482
-0.711547,51,164.246615
-0.711563,51,164.264663
-0.659791,52,164.283025
-0.792233,51,164.300966
-0.803512,51,164.319394
-0.750704,51,164.337431
-0.787394,51,164.355917
-0.649112,51,164.37358
-0.732508,51,164.391754
-0.727397,52,164.409865
-0.656463,51,164.427049
-0.778693,51,164.444883
-0.70648,51,164.463162
-0.844174,51,164.481378
-0.758061,51,164.499941
-0.771314,51,164.518418
-0.747714,51,164.536529
-0.820179,51,164.555087
-0.737259,51,164.572832
-0.712649,51,164.589817
-0.716901,51,164.607206
-0.818871,51,164.624798
-0.746262,51,164.6427
-0.745708,51,164.660512
-0.740227,51,164.678458
-0.750106,51,164.696545
-0.972113,51,164.714578
-0.721189,51,165.006072
-0.831247,51,165.025982
-0.788655,51,165.04579
-0.696194,51,165.065065
-0.742039,51,165.084256
-0.791754,52,165.104017
-0.789123,51,165.123326
-0.725982,51,165.142721
-0.725112,51,165.162009
-0.694347,51,165.18114
-0.642912,51,165.200617
-0.70863,51,165.219874
-0.769893,51,165.238485
-0.665537,52,165.256826
-0.698407,51,165.274857
-0.724187,51,165.292954
-0.788287,51,165.311028
-0.701983,51,165.329513
-0.814115,51,165.347921
-0.664634,51,165.366323
-0.760334,51,165.384739
-0.688447,51,165.403251
-0.88044,51,165.421708
-0.757541,51,165.44019
-0.836446,51,165.457807
-0.993469,51,165.475749
-0.653047,52,165.494103
-0.958304,51,165.512013
-0.69955,51,165.529761
-0.830589,52,165.548262
-0.818148,51,165.56622
-0.755211,51,165.584708
-0.806495,51,165.602113
-0.812072,51,165.620054
-0.732948,51,165.638389
-0.922055,51,165.656191
-0.746706,51,165.674163
-0.668882,51,165.692187
-0.724684,52,165.711052
-0.784867,51,165.729113
-0.704787,51,166.018244
-0.838945,51,166.038053
-0.696108,51,166.057895
-0.722636,51,166.077536
-0.934601,52,166.097746
-0.608427,51,166.117574
-0.758173,51,166.137279
-0.871188,51,166.15698
-0.712099,51,166.176681
-0.744321,51,166.196046
-0.826263,51,166.214874
-0.692272,51,166.233953
-0.729773,51,166.253483
-0.748335,51,166.271559
-0.66944,51,166.290059
-0.722872,51,166.308551
-0.734643,52,166.326718
-0.715357,51,166.34475
-0.680172,51,166.363089
-0.783094,51,166.381654
-0.871292,51,166.399829
-0.727769,51,166.4184
-0.673548,51,166.436469
-0.686772,51,166.454532
-0.812749,52,166.472809
-0.70725,51,166.489814
-0.673955,51,166.506867
-0.732481,51,166.524635
-0.739565,51,166.542078
-0.714194,51,166.559823
-0.638418,51,166.577576
-0.853954,51,166.595647
-0.733161,51,166.612867
-0.724518,52,166.63134
-0.703676,51,166.649254
-0.644179,51,166.667486
-0.64633,51,166.685559
-0.895539,51,166.704022
-0.744663,51,166.722506
-0.845817,51,166.740615
-0.737638,51,167.030797
-0.70537,51,167.050651
-0.635491,51,167.070375
-0.699959,52,167.09056
-0.745489,52,167.110718
-0.755303,52,167.130928
-0.799813,51,167.150511
-0.736115,51,167.170254
-0.643691,51,167.189364
-0.752087,51,167.208705
-0.769171,51,167.228266
-0.743163,51,167.247537
-0.691037,51,167.267138
-0.72084,51,167.285671
-0.794558,51,167.304456
-0.751785,51,167.322573
-0.719935,51,167.340252
-0.887226,51,167.358294
-0.741968,52,167.376312
-0.785008,51,167.394771
-0.814582,51,167.413338
-0.766652,51,167.431367
-0.88302,51,167.449901
-0.662523,52,167.468753
-0.830115,51,167.487222
-0.739313,51,167.505806
-0.693547,52,167.525162
-0.71068,51,167.543924
-0.706358,51,167.562059
-0.667445,51,167.580629
-0.724296,51,167.599245
-0.750868,51,167.616393
-0.772986,51,167.633641
-0.768176,51,167.651655
-0.761564,51,167.669392
-0.899292,51,167.687883
-0.910849,51,167.706009
-0.696465,52,167.725056
-0.87867,51,167.742484
-0.924235,51,167.760434
-0.73682,52,168.051266
-0.63004,51,168.07125
-0.847909,51,168.091089
-0.752007,52,168.111246
-0.701167,51,168.131047
-0.664286,51,168.151638
-0.723266,52,168.171553
-0.658327,51,168.191176
-0.727857,51,168.21091
-0.708254,51,168.231463
-0.692436,51,168.25119
-0.819275,51,168.27096
-0.696763,51,168.290627
-0.762008,52,168.309874
-0.607707,51,168.328719
-0.609987,51,168.347431
-0.640667,52,168.366338
-0.804671,51,168.384269
-0.762353,51,168.402671
-0.665589,51,168.420705
-0.750766,51,168.439185
-0.887303,51,168.457309
-0.784475,51,168.47576
-0.819865,51,168.494204
-0.70566,51,168.512753
-0.739002,51,168.531161
-0.978129,51,168.549537
-0.826478,51,168.567923
-0.774994,51,168.585945
-0.911027,51,168.604898
-0.783369,51,168.622648
-0.819446,52,168.640865
-0.715037,52,168.65949
-0.853171,51,168.67771
-0.770595,51,168.695879
-0.805127,51,168.714045
-0.771898,51,168.73266
-0.705021,51,168.750888
-0.746823,51,168.769504
-0.782927,51,168.788112
-0.770561,51,169.082295
-0.815396,51,169.102126
-0.674486,51,169.121654
-0.928004,51,169.141244
-0.782172,51,169.161298
-0.80704,51,169.181675
-0.737228,52,169.200785
-0.76372,51,169.219743
-0.807833,51,169.238918
-0.686917,51,169.258665
-0.687602,51,169.277465
-0.761539,51,169.296849
-0.857757,51,169.315959
-0.800336,51,169.33446
-0.720385,51,169.353175
-0.716967,51,169.371292
-0.729444,51,169.389896
-0.789182,51,169.407238
-0.710414,51,169.42434
-0.76145,51,169.441853
-0.85716,51,169.460055
-0.743161,51,169.483519
-0.682086,51,169.503404
-0.831607,51,169.521938
-0.916292,51,169.540067
-0.843458,51,169.558632
-0.683323,52,169.577145
-0.974608,51,169.595255
-0.730668,51,169.613416
-0.723166,51,169.631268
-0.701535,51,169.64967
-0.719348,51,169.667724
-0.797056,51,169.685809
-0.720605,51,169.704244
-0.727653,52,169.723059
-0.758951,51,169.741497
-0.694546,51,169.759894
-0.728194,51,169.77783
-0.786311,51,169.796217
-0.675838,51,169.814248
-0.823057,51,170.102831
-0.606678,51,170.121164
-0.783426,51,170.140475
-0.736223,52,170.160253
-0.758587,51,170.179366
-0.83366,51,170.198677
-0.80137,51,170.218013
-0.912473,52,170.237881
-0.669123,51,170.256955
-0.759684,51,170.276131
-0.730035,51,170.295261
-0.863328,51,170.314154
-0.706728,51,170.333478
-0.812711,51,170.352656
-0.815267,51,170.371012
-0.653289,51,170.389265
-0.638838,51,170.40733
-0.692517,51,170.425732
-0.748331,51,170.443718
-0.704844,51,170.461641
-0.668301,51,170.4798
-0.73849,51,170.497808
-0.734166,51,170.515824
-0.723473,51,170.534268
-0.695399,51,170.552641
-0.87247,51,170.571022
-0.733364,51,170.589039
-0.735315,51,170.607459
-0.71564,52,170.626277
-0.907571,51,170.644732
-0.754463,51,170.662682
-0.77621,51,170.680803
-0.763893,51,170.69905
-0.793931,51,170.717424
-0.696142,51,170.735854
-0.793634,51,170.753785
-1.096312,51,170.771747
-0.822026,51,170.789705
-0.744902,51,170.808081
-0.783398,51,170.825992
-0.711167,52,171.111631
-0.754164,51,171.12996
-0.858936,51,171.148726
-0.78657,51,171.167675
-0.765002,51,171.187103
-0.810102,51,171.206374
-0.743454,51,171.226099
-0.706412,51,171.245834
-0.634955,51,171.265493
-0.756522,52,171.285764
-0.702382,52,171.305332
-0.700309,51,171.324665
-0.691407,51,171.344313
-0.801911,51,171.363838
-0.735672,51,171.382927
-0.679697,51,171.401292
-0.661516,51,171.419989
-0.739309,51,171.438106
-0.672677,51,171.456633
-0.755196,51,171.474768
-0.853048,51,171.492836
-0.768222,51,171.510472
-0.725474,51,171.528504
-0.612206,51,171.546959
-0.63913,51,171.564784
-0.674911,51,171.582648
-0.817939,51,171.600633
-0.823472,51,171.618683
-0.694945,51,171.636398
-0.638626,52,171.654598
-0.70533,51,171.672347
-0.675278,52,171.690786
-0.755628,51,171.709171
-0.855188,51,171.72717
-0.753011,51,171.745519
-0.615802,52,171.763844
-0.791561,52,171.782694
-0.905455,51,171.800041
-0.718798,51,171.817636
-0.761155,52,171.835643
-0.705728,52,172.125783
-0.685758,51,172.144736
-0.693708,51,172.164965
-0.815871,51,172.18548
-0.702739,51,172.205899
-0.849639,52,172.225676
-0.737575,51,172.244573
-0.763956,51,172.26332
-0.738468,51,172.282816
-0.826159,51,172.30227
-0.636082,51,172.321464
-0.782371,51,172.339784
-0.672998,52,172.358599
-0.696163,51,172.37739
-0.830768,51,172.396732
-0.735529,52,172.41598
-0.681489,51,172.434326
-0.786039,51,172.453036
-0.725593,51,172.471513
-0.689585,51,172.489753
-0.707449,51,172.508051
-0.71032,51,172.526531
-0.810245,51,172.544633
-0.717333,51,172.563155
-0.677221,51,172.581694
-0.689865,51,172.600162
-0.703069,51,172.618638
-0.698573,51,172.637928
-0.672105,51,172.656324
-0.733829,51,172.674863
-0.671933,51,172.693069
-0.830493,52,172.712032
-0.722796,51,172.730158
-0.741852,51,172.74881
-0.763741,51,172.767349
-0.756947,51,172.785425
-0.862728,51,172.803365
-0.705685,51,172.821452
-0.709771,51,172.839821
-0.751094,51,172.858196
-0.720954,52,173.145513
-0.664122,51,173.164372
-0.754911,51,173.182754
-0.879662,51,173.201183
-0.803803,51,173.220723
-0.799357,52,173.240696
-0.756411,51,173.260264
-0.720653,51,173.280589
-0.73234,51,173.300376
-0.727778,51,173.319486
-0.82587,51,173.338953
-0.750838,52,173.358698
-0.695722,51,173.378471
-0.724827,51,173.39797
-0.723575,51,173.416942
-0.845799,51,173.435258
-0.858521,52,173.454276
-0.899103,51,173.472917
-0.680668,51,173.491374
-0.818826,51,173.509853
-0.772022,51,173.52791
-0.751022,51,173.546064
-0.77044,52,173.564947
-0.665512,51,173.582925
-0.707218,51,173.600424
-0.683298,51,173.617875
-0.671308,52,173.63589
-0.902343,51,173.652965
-0.754746,51,173.670554
-0.706649,51,173.688594
-0.69999,52,173.707401
-0.819982,51,173.725417
-0.59771,51,173.743486
-0.724237,51,173.761744
-0.784148,51,173.779672
-0.750793,51,173.797165
-0.726638,52,173.815471
-0.7279,51,173.832459
-0.782448,51,173.850322
-0.665179,52,173.86851
-0.753029,51,174.153202
-0.831263,51,174.171715
-0.700427,51,174.190616
-0.678476,51,174.209326
-0.67421,51,174.228648
-0.727976,52,174.247965
-0.668195,51,174.26695
-0.719095,51,174.286101
-0.741424,51,174.305245
-0.684184,52,174.324844
-0.729936,51,174.344017
-0.704077,51,174.363602
-0.756059,51,174.382734
-0.671303,51,174.401989
-0.683989,51,174.421788
-0.664537,51,174.440223
-0.743939,51,174.458445
-0.815915,51,174.477056
-0.702674,52,174.496155
-0.782991,51,174.51434
-0.729702,51,174.532466
-0.753954,51,174.550606
-0.77008,51,174.568886
-0.775477,51,174.586923
-1.040453,51,174.604946
-0.77253,51,174.622918
-0.661135,51,174.640028
-0.726891,52,174.657539
-0.723396,51,174.675211
-0.688806,51,174.692919
-0.678733,51,174.711004
-0.814909,51,174.728921
-0.759981,51,174.746752
-0.785624,51,174.764784
-0.748248,51,174.783159
-0.827379,51,174.801295
-0.691965,51,174.819308
-0.845484,51,174.837378
-0.810662,51,174.85453
-0.815657,51,174.871629
-0.829366,52,175.154054
-0.807075,51,175.172751
-0.887418,51,175.191131
-0.673922,51,175.209923
-0.696147,51,175.228808
-0.675876,52,175.248923
-0.737905,51,175.26857
-0.72189,51,175.288163
-0.625314,52,175.308148
-0.867867,51,175.327795
-0.653642,51,175.34743
-0.7823,51,175.366952
-0.830693,51,175.38651
-0.679955,52,175.406516
-0.688009,52,175.425489
-0.726598,51,175.444352
-0.643404,51,175.462991
-0.795426,52,175.480655
-0.731259,51,175.498758
-0.824329,52,175.51717
-0.778393,52,175.535289
-0.701485,51,175.553459
-0.813876,51,175.571815
-0.715809,51,175.58975
-0.665261,52,175.608091
-0.707698,51,175.626458
-0.695501,51,175.644865
-0.659419,51,175.663497
-0.625151,51,175.682401
-0.856668,51,175.700723
-0.755242,51,175.719216
-0.724979,51,175.737756
-0.643919,51,175.755753
-0.724938,52,175.774261
-0.790117,51,175.79259
-0.728244,51,175.810315
-0.646007,51,175.828279
-0.718291,51,175.846337
-0.735691,51,175.864247
-0.780154,51,175.882098
-0.869869,51,176.166754
-0.837152,51,176.184139
-0.698977,51,176.202028
-0.842171,51,176.220431
-0.643446,51,176.239286
-0.651701,51,176.258473
-0.693586,51,176.27777
-0.826941,51,176.297599
-0.741875,51,176.316431
-0.742308,51,176.336391
-0.856955,51,176.35625
-0.841846,51,176.376053
-0.773389,51,176.395758
-0.581034,51,176.415377
-0.657645,51,176.435177
-0.622164,51,176.454456
-0.75922,51,176.473617
-0.723324,51,176.492459
-0.702774,51,176.510856
-0.708157,51,176.528632
-0.68607,51,176.546423
-0.819599,51,176.564763
-0.807027,51,176.582736
-0.882646,51,176.600812
-0.705429,52,176.619402
-0.857433,51,176.637544
-0.692761,51,176.655641
-0.719221,51,176.674064
-0.716588,51,176.691633
-0.693228,51,176.709638
-0.729293,51,176.72756
-0.757051,51,176.7453
-0.927231,51,176.763569
-0.834251,51,176.782608
-0.783148,51,176.800018
-0.727043,51,176.817725
-0.898735,51,176.83573
-0.687546,51,176.853763
-0.720437,51,176.872281
-1.091061,51,176.89048
-0.841258,51,177.17639
-0.704727,51,177.195226
-0.748739,51,177.213808
-0.699595,51,177.232702
-0.755329,51,177.251372
-0.761462,51,177.270969
-0.653092,51,177.290838
-0.840422,51,177.310631
-0.779021,51,177.330337
-0.748827,51,177.350116
-0.761233,51,177.369822
-0.761046,51,177.389446
-0.812505,51,177.409089
-0.854902,51,177.428831
-0.909811,51,177.448247
-0.901025,51,177.467919
-0.775894,51,177.487458
-0.696332,52,177.506215
-0.631528,51,177.524917
-0.755256,51,177.543384
-0.676495,51,177.561919
-0.712408,52,177.580426
-0.791734,51,177.598445
-0.716874,51,177.616608
-0.647885,51,177.63469
-0.776361,51,177.652857
-0.688337,51,177.671434
-0.731821,51,177.68936
-0.63898,52,177.707692
-0.757064,51,177.725394
-0.628273,51,177.743093
-0.662849,51,177.761245
-0.942446,51,177.779771
-0.631302,51,177.798267
-0.720827,51,177.816406
-0.745144,52,177.834859
-0.830289,51,177.853213
-0.681259,51,177.871395
-0.821973,51,177.889895
-0.729559,51,177.907959
-0.751706,51,178.217164
-0.96271,51,178.235455
-0.715239,51,178.253987
-0.774838,51,178.272588
-0.696834,51,178.291515
-0.670684,51,178.310649
-0.782363,51,178.330307
-0.79984,51,178.350948
-0.676127,51,178.370932
-0.778341,51,178.390672
-0.637137,51,178.410559
-0.749023,51,178.430181
-0.690546,52,178.450377
-0.768402,51,178.47014
-0.807844,51,178.489871
-0.836276,51,178.509525
-0.751636,51,178.529181
-0.863758,51,178.548633
-0.71578,51,178.567362
-0.667774,51,178.586049
-0.807918,51,178.604617
-0.718388,52,178.623418
-0.627537,51,178.641426
-0.636631,51,178.659437
-0.733616,51,178.677448
-0.720967,52,178.695682
-0.758381,52,178.714298
-0.738029,51,178.731552
-0.680695,52,178.749874
-0.802776,51,178.76841
-0.677074,51,178.786622
-0.857072,51,178.806187
-0.658666,51,178.826486
-0.888841,51,178.845048
-0.709309,51,178.863294
-0.780694,51,178.881972
-0.694425,52,178.900989
-0.81651,51,178.919586
-0.718708,51,178.938089
-0.638335,51,178.955895
-0.650839,51,179.242875
-0.689389,52,179.262146
-0.715155,52,179.281084
-0.704968,51,179.299439
-0.987172,51,179.318419
-0.620652,51,179.336347
-0.69294,51,179.355518
-0.848172,52,179.375468
-0.64158,51,179.394702
-0.702294,51,179.413945
-0.678264,51,179.433312
-0.631809,52,179.452342
-0.799493,51,179.471708
-0.80213,51,179.491485
-0.715892,52,179.51126
-0.82393,51,179.530888
-0.868813,51,179.550511
-0.905877,51,179.569661
-0.788322,51,179.588398
-0.674663,51,179.607116
-0.648195,51,179.625583
-0.706859,52,179.644104
-0.687143,51,179.661317
-0.690196,52,179.679845
-0.858188,51,179.697639
-0.945593,51,179.7159
-0.742818,51,179.734223
-0.903274,51,179.752115
-0.655597,51,179.770215
-0.794404,51,179.788735
-0.816675,51,179.806825
-0.712809,52,179.825752
-0.691223,51,179.84428
-0.840393,51,179.861964
-0.747338,51,179.87964
-0.764178,51,179.897672
-0.830469,51,179.915533
-0.835801,51,179.93348
-0.737964,52,179.951925
-0.862793,51,179.970018
-0.666343,51,180.258841
-0.723994,51,180.277722
-0.688935,51,180.296302
-0.760502,51,180.314612
-0.832642,51,180.333092
-0.798196,51,180.351324
-0.747449,51,180.370954
-0.784124,51,180.390624
-0.917319,51,180.41024
-0.685527,51,180.430426
-0.717382,51,180.450242
-0.652398,51,180.470588
-0.67259,51,180.490674
-0.662464,52,180.511364
-0.720202,51,180.53116
-0.793326,51,180.550939
-0.768482,51,180.570639
-0.868322,51,180.590385
-0.765188,51,180.60916
-0.68372,51,180.627902
-0.689233,51,180.646611
-0.882443,51,180.665214
-0.757447,51,180.68361
-0.722499,51,180.700705
-0.829597,51,180.718135
-0.700659,51,180.735624
-0.770164,51,180.753501
-0.750583,52,180.771626
-0.726797,52,180.79013
-0.856384,51,180.808167
-0.745092,51,180.826636
-0.683667,51,180.844236
-0.609588,51,180.862648
-0.661708,51,180.880878
-0.756258,51,180.898699
-0.834167,51,180.915631
-0.776091,51,180.933091
-0.733676,51,180.950746
-0.784896,51,180.968906
-0.659817,52,180.987084
-0.694201,51,181.271621
-0.705527,51,181.290679
-0.755667,52,181.309693
-0.763953,51,181.327397
-0.783998,51,181.345293
-0.711988,51,181.363959
-0.743058,51,181.382927
-0.845474,51,181.402109
-0.727481,52,181.426539
-0.677676,51,181.459139
-0.70858,51,181.482452
-0.729089,51,181.50114
-0.651635,52,181.520605
-0.749603,51,181.540082
-0.820391,51,181.55939
-0.664463,52,181.578915
-0.645027,51,181.59826
-0.755182,51,181.618273
-0.834018,51,181.637391
-0.685199,51,181.656546
-0.638398,51,181.675305
-0.699149,51,181.69343
-0.798034,51,181.711971
-0.850634,52,181.72969
-0.687699,51,181.747084
-0.690197,51,181.764837
-0.73085,52,181.78431
-0.669541,51,181.801792
-0.716617,51,181.819578
-0.785074,52,181.837654
-0.784819,51,181.855798
-0.603909,51,181.873416
-0.657155,51,181.891891
-0.704448,51,181.910381
-0.852771,51,181.928886
-0.69098,51,181.95061
-0.725048,51,181.974599
-0.745126,51,182.00169
-0.7404,51,182.027609
-0.592696,51,182.048597
-0.629889,51,182.337304
-0.815518,51,182.355293
-0.887576,51,182.37445
-0.710781,51,182.392072
-0.596928,51,182.410016
-0.630599,51,182.428279
-0.699843,51,182.447174
-0.718452,51,182.466575
-0.68775,51,182.485978
-0.732385,51,182.505358
-0.844563,51,182.52477
-0.785173,51,182.54431
-0.922786,51,182.570431
-0.696163,51,182.59564
-0.77556,51,182.615295
-0.706886,51,182.635194
-0.710598,51,182.655756
-0.664292,51,182.675756
-0.721149,51,182.69541
-0.8706,51,182.714334
-0.791652,51,182.733015
-0.671127,52,182.751482
-0.619508,51,182.770024
-0.89722,51,182.788226
-0.678881,51,182.806402
-0.764145,52,182.82538
-0.679156,52,182.844449
-0.886702,51,182.863006
-0.793017,51,182.881454
-0.755011,51,182.899972
-0.889162,51,182.918481
-0.720014,51,182.936975
-0.81324,51,182.955169
-0.699116,51,182.973254
-0.72323,51,182.990529
-0.690094,51,183.008518
-0.78738,51,183.026537
-0.881138,51,183.044713
-0.67375,51,183.062617
-0.759023,51,183.080694
-0.70969,51,183.099127
-0.747471,51,183.385382
-0.731522,51,183.404182
-0.718479,51,183.422403
-0.691797,51,183.440874
-0.67087,51,183.459683
-0.885699,51,183.478869
-0.673533,52,183.498855
-0.792418,51,183.518532
-0.707619,51,183.538192
-0.766873,51,183.558255
-0.796008,51,183.577843
-0.963614,51,183.597701
-0.791839,51,183.616703
-0.700588,51,183.636188
-0.682272,52,183.661825
-0.612003,51,183.688297
-0.661268,51,183.712022
-0.74644,51,183.731522
-0.695057,51,183.749444
-0.652937,51,183.767855
-0.756771,51,183.786027
-0.779903,52,183.80543
-0.769086,51,183.823971
-0.746326,52,183.842814
-0.783852,51,183.861653
-0.620241,51,183.883831
-0.717584,51,183.904695
-0.707979,51,183.925116
-0.791973,51,183.951027
-0.786213,51,183.969022
-0.677842,51,183.987218
-0.704417,51,184.005337
-0.673455,51,184.023058
-0.798894,51,184.043183
-0.678142,51,184.063951
-0.707173,51,184.082478
-0.752024,51,184.100442
-0.850527,51,184.119199
-0.804271,51,184.137237
-0.749498,51,184.156329
-0.777169,51,184.457076
-0.684665,51,184.475436
-0.773322,51,184.494041
-0.693721,51,184.512802
-0.747697,51,184.531575
-0.776951,51,184.551222
-0.748358,52,184.571166
-0.752059,51,184.590702
-0.719777,51,184.611083
-0.656179,52,184.631623
-0.690815,52,184.65294
-0.680963,51,184.672661
-0.845576,51,184.692065
-0.73548,51,184.711783
-0.779556,51,184.731617
-0.731316,51,184.751402
-0.818483,51,184.771239
-0.835255,51,184.789953
-0.691771,51,184.808702
-0.768616,51,184.827302
-0.765783,51,184.846206
-0.715482,51,184.863538
-0.863177,51,184.881141
-0.641746,51,184.899326
-0.739564,51,184.917774
-0.858023,52,184.9364
-0.80775,51,184.954485
-0.762792,51,184.972921
-0.721904,51,184.991286
-0.714409,51,185.009267
-0.7173,52,185.028104
-0.72815,51,185.046529
-0.723801,51,185.064589
-0.772951,51,185.082118
-0.756765,51,185.099861
-0.692367,51,185.117855
-0.674065,51,185.135543
-0.963989,51,185.154027
-0.777803,51,185.172161
-0.778811,51,185.190593
-0.69097,51,185.479745
-0.704784,51,185.497081
-0.804126,51,185.514904
-0.81035,51,185.53335
-0.843853,51,185.551741
-0.795675,51,185.57158
-0.730962,51,185.591327
-0.771432,52,185.611336
-0.69,51,185.630588
-0.758845,51,185.650307
-0.856772,51,185.669868
-0.664532,52,185.689759
-0.691819,51,185.70822
-0.672855,51,185.727521
-0.739437,51,185.746529
-0.731704,51,185.765821
-0.816191,51,185.785016
-0.726094,51,185.803817
-0.778655,51,185.822536
-0.666299,51,185.840708
-0.768582,52,185.858694
-0.660384,51,185.876722
-0.775543,52,185.895484
-0.786892,51,185.914223
-0.730513,51,185.932587
-0.703554,51,185.951328
-0.704366,51,185.969446
-0.614874,51,185.987578
-0.735604,51,186.005444
-0.836509,51,186.022606
-0.748657,51,186.040738
-0.702103,51,186.058717
-0.714104,52,186.077306
-0.75725,51,186.095804
-0.655404,52,186.11491
-0.711957,51,186.132682
-0.663444,51,186.150489
-0.747181,51,186.168638
-0.616421,51,186.186615
-0.617827,51,186.204732
-0.724732,51,186.498898
-0.706345,51,186.517684
-0.785796,51,186.536255
-1.003385,51,186.554496
-0.79972,51,186.573257
-0.672866,51,186.593028
-0.73286,51,186.612856
-0.746012,51,186.63253
-0.783362,51,186.652277
-0.69143,51,186.67168
-0.682718,51,186.691091
-0.678142,51,186.710811
-0.948563,51,186.730559
-0.779315,51,186.749823
-0.711,51,186.768768
-0.7786,51,186.789456
-0.704816,52,186.809496
-0.671159,51,186.828623
-0.842376,51,186.847225
-0.725672,51,186.865528
-0.674317,51,186.884092
-0.745046,51,186.902159
-0.661361,51,186.920674
-0.674291,51,186.938764
-0.614288,51,186.957208
-0.717739,52,186.976047
-0.690652,51,186.994489
-0.699805,52,187.012804
-0.685502,51,187.031241
-0.724958,51,187.049269
-0.738335,51,187.067679
-1.014799,51,187.085713
-0.794603,51,187.10398
-0.646124,52,187.122589
-0.687496,52,187.141346
-0.698378,52,187.160589
-0.691552,51,187.17804
-0.626153,51,187.195243
-0.834908,51,187.21289
-0.96166,51,187.230648
-0.721209,51,187.518407
-0.698735,51,187.536642
-0.765257,51,187.554759
-0.782793,51,187.573265
-0.682426,52,187.592001
-0.694412,51,187.610658
-0.85059,52,187.630184
-0.809428,51,187.649935
-0.769589,51,187.669396
-0.665621,51,187.68867
-0.782694,51,187.70808
-0.689821,51,187.727627
-0.673101,51,187.747611
-0.868066,51,187.766211
-0.630693,51,187.784963
-0.750531,51,187.803355
-0.694905,51,187.822472
-0.616644,51,187.841689
-0.664201,51,187.860225
-0.752252,51,187.878389
-0.824229,51,187.896856
-0.905241,51,187.915283
-0.864048,51,187.933797
-0.671519,52,187.952172
-0.867487,51,187.970679
-0.844557,51,187.98902
-0.702601,51,188.007447
-0.743186,51,188.025862
-0.691312,52,188.044763
-0.74146,51,188.063079
-0.70789,51,188.081012
-0.634844,51,188.099343
-0.707325,51,188.117722
-0.750175,52,188.136242
-0.915182,51,188.154649
-0.682164,51,188.173029
-0.641475,51,188.19147
-0.928558,51,188.209868
-0.728017,51,188.227388
-0.764051,51,188.244896
-0.662917,52,188.530282
-0.756923,51,188.549012
-0.877419,51,188.567632
-0.954617,51,188.586093
-0.8609,51,188.604532
-0.707296,52,188.623595
-0.712823,51,188.642846
-0.761239,51,188.661193
-0.629763,51,188.680504
-0.766105,51,188.699455
-0.729892,52,188.71894
-0.683343,51,188.738486
-0.906961,51,188.757786
-0.742968,51,188.776844
-0.673289,51,188.796044
-0.758611,52,188.815482
-0.752286,52,188.835124
-0.710678,51,188.854136
-0.757354,51,188.872332
-0.840408,51,188.890725
-0.698373,52,188.909698
-0.722861,51,188.928083
-0.860852,51,188.945973
-0.766053,51,188.964211
-0.986714,51,188.982418
-0.762005,51,189.000667
-0.81062,51,189.019135
-0.637359,52,189.038019
-0.772932,51,189.055724
-0.703081,52,189.073891
-0.676858,52,189.092088
-0.584959,51,189.110006
-0.6635,51,189.128312
-0.745006,51,189.146458
-0.785623,51,189.164866
-0.645937,51,189.182934
-0.868072,51,189.201273
-0.613574,51,189.219213
-0.725786,51,189.23724
-0.639632,51,189.255008
-0.731395,51,189.539811
-0.85127,51,189.558108
-0.845242,51,189.576435
-0.675047,51,189.594528
-0.873731,51,189.613013
-0.655538,52,189.631809
-0.708138,51,189.651381
-0.738578,51,189.670789
-0.799348,51,189.690455
-0.758392,52,189.710591
-0.717777,51,189.730187
-0.799395,51,189.749108
-0.812152,51,189.769304
-0.778656,51,189.788812
-0.794153,52,189.808174
-0.883014,51,189.827504
-0.750125,52,189.846935
-0.67267,51,189.866225
-0.778893,51,189.885447
-0.697188,51,189.903422
-0.676373,51,189.921626
-0.729448,52,189.940062
-0.733829,52,189.958355
-0.657621,51,189.97648
-0.761349,52,189.995355
-0.720359,51,190.013345
-0.617604,51,190.03157
-0.70365,51,190.050027
-0.71256,51,190.068265
-0.883769,52,190.087541
-0.681205,51,190.10651
-0.791555,51,190.125129
-0.757062,52,190.144789
-0.609936,51,190.163502
-0.729245,51,190.182105
-0.750711,51,190.200668
-0.767313,51,190.218988
-0.795819,51,190.237013
-0.670102,51,190.255186
-0.696522,52,190.273933
-0.785411,51,190.56174
-0.72673,51,190.580186
-0.763274,51,190.598753
-0.796277,51,190.616814
-0.635752,51,190.635273
-0.734531,51,190.653594
-0.884555,51,190.67265
-0.721149,51,190.692032
-0.657992,51,190.711642
-0.768323,51,190.730549
-0.848279,52,190.749768
-0.682278,51,190.768383
-0.698318,52,190.787602
-0.754995,52,190.806274
-0.863935,51,190.825322
-0.843943,51,190.844613
-0.627798,51,190.864177
-0.66106,52,190.883738
-0.723519,51,190.903407
-0.814786,51,190.922482
-0.761112,51,190.940985
-0.69717,51,190.959107
-0.779492,52,190.978061
-0.667739,52,190.996594
-0.768939,52,191.015413
-0.766765,51,191.033453
-0.887461,51,191.051966
-0.7259,51,191.070039
-0.70548,51,191.08804
-0.672731,51,191.105859
-0.830932,51,191.124307
-0.786472,52,191.142393
-0.677957,51,191.160419
-0.783891,52,191.179093
-0.744245,51,191.197382
-0.866984,51,191.215811
-0.772282,51,191.234211
-0.679712,51,191.252213
-0.775968,51,191.270719
-0.683684,52,191.289506
-0.779547,51,191.573718
-0.713844,51,191.592153
-0.891643,51,191.609679
-0.731723,51,191.627709
-0.83122,51,191.646308
-0.857683,51,191.664409
-0.741058,52,191.683132
-0.756218,51,191.702742
-0.66348,51,191.722489
-0.790949,51,191.742174
-0.637547,52,191.76199
-0.911711,51,191.780907
-0.730855,52,191.80179
-0.878724,51,191.821842
-0.701668,51,191.841705
-0.804074,52,191.861508
-0.612959,52,191.881778
-1.054621,51,191.901209
-0.730201,51,191.920877
-0.669494,51,191.940668
-0.695098,51,191.959098
-0.839641,51,191.976937
-0.73082,51,191.994585
-0.6739,51,192.012299
-0.814535,52,192.03076
-0.729156,51,192.048648
-0.71952,51,192.066916
-0.721979,51,192.084895
-0.758645,51,192.102913
-0.713487,51,192.121359
-0.651065,51,192.139575
-0.691652,52,192.15829
-0.700104,51,192.176337
-0.646935,51,192.193846
-0.741729,51,192.212186
-0.757621,51,192.230023
-0.768954,51,192.247905
-0.60862,51,192.265924
-0.689425,51,192.283897
-0.883471,51,192.302282
-0.866033,51,192.589093
-0.71257,51,192.607239
-0.809552,52,192.625003
-0.782086,51,192.643006
-0.725891,52,192.661186
-0.736049,51,192.679158
-0.889438,51,192.697469
-0.682271,51,192.716508
-0.603354,51,192.735641
-0.742209,51,192.755246
-0.710276,51,192.774555
-0.829508,51,192.793932
-0.749142,52,192.813842
-0.689698,51,192.833306
-0.813012,51,192.85271
-0.803048,51,192.872137
-0.731917,51,192.891627
-0.747994,51,192.910957
-0.774983,51,192.930423
-0.773931,51,192.949967
-0.683634,51,192.968743
-0.717377,51,192.987343
-0.858404,51,193.005788
-0.740135,51,193.023345
-0.823034,51,193.041411
-0.737789,51,193.058907
-0.601929,52,193.077208
-0.680986,51,193.095652
-0.755315,51,193.113888
-0.772032,52,193.132675
-0.668476,51,193.150671
-0.811703,51,193.168524
-0.745078,51,193.186472
-0.776717,51,193.204895
-0.653092,51,193.222439
-0.728569,51,193.240081
-0.69998,51,193.257748
-0.699253,51,193.27542
-0.715615,52,193.293363
-0.84271,51,193.311327
-0.816397,51,193.600164
-0.698318,51,193.618998
-0.665371,52,193.637882
-0.738379,51,193.656288
-0.769849,51,193.674407
-0.689509,51,193.692883
-0.940877,51,193.711693
-0.907391,51,193.730524
-0.750513,51,193.750107
-0.631013,51,193.769562
-0.70655,51,193.789832
-0.925146,51,193.809889
-0.656493,51,193.828934
-0.742865,51,193.848294
-0.687922,51,193.867539
-0.817938,51,193.887005
-0.92475,51,193.906588
-0.686788,51,193.925741
-0.680339,51,193.945322
-0.816869,52,193.965261
-0.682761,51,193.984059
-0.726252,51,194.002811
-0.676432,51,194.021349
-0.636762,51,194.039787
-0.617944,51,194.058796
-0.60699,51,194.077523
-0.700261,51,194.095874
-0.776413,51,194.114437
-0.744473,52,194.132981
-0.777729,51,194.151552
-0.674268,52,194.170084
-0.746474,52,194.188957
-0.803422,51,194.207389
-0.667224,51,194.225058
-0.654369,52,194.244023
-0.749862,51,194.262226
-0.824394,51,194.280357
-0.930465,51,194.298889
-0.721624,52,194.317814
-0.705096,51,194.33516
-0.726087,51,194.618486
-0.704094,51,194.636708
-0.698093,52,194.655693
-0.738016,51,194.674072
-0.817795,51,194.691913
-0.833539,51,194.710294
-0.801877,51,194.728967
-0.71002,51,194.747677
-0.726319,52,194.767629
-0.734884,51,194.787257
-0.858628,51,194.806888
-0.662882,52,194.82688
-0.634624,51,194.846405
-0.745949,51,194.865918
-0.775696,51,194.885416
-0.654943,51,194.904662
-0.732865,51,194.923829
-0.755759,51,194.943393
-0.785697,51,194.962721
-0.683703,51,194.982082
-0.801042,51,195.000931
-0.703642,52,195.019951
-0.656744,51,195.038062
-0.882088,51,195.056454
-0.70339,52,195.075227
-0.727171,51,195.093619
-0.75729,52,195.112064
-0.612772,51,195.129422
-0.654264,51,195.146809
-0.784989,51,195.164856
-0.747848,51,195.182404
-0.670015,51,195.200054
-0.688684,51,195.217666
-0.71438,51,195.235787
-0.605751,52,195.254152
-0.704191,52,195.272618
-0.814987,51,195.29117
-0.66223,51,195.309619
-0.674287,51,195.327139
-0.657703,51,195.34469
-0.789947,51,195.630958
-0.675914,51,195.649676
-0.862391,51,195.667863
-1.010491,51,195.686396
-0.663313,51,195.70481
-0.669053,51,195.722904
-0.905812,51,195.740911
-0.801799,51,195.758636
-0.831679,51,195.776882
-0.68463,52,195.796571
-0.73313,51,195.815833
-0.758722,52,195.835386
-0.918708,51,195.854651
-0.668986,52,195.874578
-0.726698,51,195.89378
-0.608072,51,195.912924
-0.729296,51,195.932772
-0.732649,51,195.951938
-0.636749,51,195.9714
-0.617943,52,195.991706
-0.781538,51,196.011261
-0.624498,51,196.029679
-0.712864,52,196.048599
-0.733273,51,196.066889
-0.684271,51,196.08542
-0.688902,52,196.103982
-0.669627,51,196.121672
-0.751108,51,196.14026
-0.736225,51,196.157775
-0.644417,52,196.175953
-0.715162,51,196.193594
-0.72995,51,196.211654
-0.660371,51,196.229634
-0.712336,51,196.248174
-0.692811,51,196.266105
-0.729141,51,196.284111
-0.72174,52,196.302508
-0.695453,51,196.320545
-0.725088,51,196.339144
-0.658242,51,196.356267
-0.645935,51,196.642683
-0.835944,51,196.661365
-0.653389,52,196.680472
-0.858749,51,196.699022
-0.734573,51,196.717565
-0.647641,51,196.735699
-0.73406,51,196.753838
-0.665388,52,196.772357
-0.669713,51,196.791341
-0.671654,51,196.81088
-0.652283,52,196.830834
-0.658829,51,196.850344
-0.718854,51,196.87022
-0.761235,51,196.890133
-0.666866,51,196.90999
-0.769515,51,196.929711
-0.73189,51,196.949073
-0.734478,51,196.968024
-0.765077,52,196.987785
-0.856604,51,197.007532
-0.778112,51,197.027147
-0.67768,52,197.046054
-0.687353,51,197.064788
-0.859911,51,197.082918
-0.814747,51,197.100938
-0.940787,51,197.119392
-0.806897,51,197.137372
-0.763415,51,197.155742
-0.627467,51,197.17436
-0.683995,51,197.192381
-0.767635,51,197.209983
-0.789783,52,197.228404
-0.731271,51,197.24658
-0.828136,51,197.264752
-0.592684,51,197.283161
-0.672041,52,197.301203
-0.698082,52,197.320028
-0.803089,51,197.338507
-0.856342,51,197.356511
-0.778533,51,197.374776
-0.661618,51,197.660578
-0.732129,51,197.67881
-0.804881,51,197.696979
-0.659733,51,197.715598
-0.658324,51,197.733734
-0.674523,51,197.752164
-0.619638,52,197.770952
-0.826101,51,197.790101
-0.681002,51,197.808703
-0.807919,51,197.827573
-0.715833,51,197.846443
-0.624216,51,197.865544
-0.600213,51,197.884898
-0.780528,51,197.90467
-0.849883,51,197.924125
-0.662868,51,197.943363
-0.662092,51,197.963079
-0.70394,51,197.98252
-0.671921,51,198.002051
-0.790688,51,198.021851
-0.615615,51,198.041654
-0.74556,51,198.060621
-0.837641,51,198.079358
-0.721501,51,198.09793
-0.724487,52,198.116748
-0.829394,51,198.13475
-0.831206,51,198.152874
-0.637936,51,198.170952
-0.668773,52,198.189775
-1.003358,51,198.207839
-0.705894,51,198.225206
-0.700186,51,198.242223
-0.66418,51,198.259694
-0.838264,51,198.277147
-0.676922,51,198.29479
-0.717178,51,198.312715
-0.885294,51,198.330493
-0.675962,51,198.348445
-0.896898,51,198.366486
-0.677424,51,198.38449
-0.656896,51,198.670466
-0.766379,51,198.688925
-0.691703,51,198.707204
-0.753439,51,198.725515
-0.66623,52,198.744042
-0.706138,51,198.762261
-0.644626,51,198.780443
-0.733815,51,198.799055
-0.741871,51,198.817018
-0.691672,51,198.836094
-0.860134,51,198.85645
-0.637335,51,198.875768
-0.694146,51,198.895319
-0.644506,51,198.915225
-0.611947,51,198.935217
-0.857561,51,198.955227
-0.708409,51,198.974255
-0.801062,51,198.993794
-0.670852,51,199.013497
-0.672492,51,199.033003
-0.747037,51,199.052268
-0.856752,51,199.070822
-0.71706,51,199.089075
-0.78177,51,199.107047
-0.811622,51,199.124951
-0.608531,51,199.143298
-0.725674,51,199.161297
-0.650675,52,199.179756
-0.70602,51,199.197758
-0.682059,51,199.215766
-0.637643,51,199.2342
-0.888992,51,199.25226
-0.719049,51,199.270012
-0.756683,51,199.287128
-0.702134,52,199.304611
-0.78726,51,199.322587
-0.712544,52,199.340648
-0.836726,51,199.358661
-0.710007,51,199.37629
-0.828981,51,199.394723
-0.598612,52,199.679991
-0.685798,51,199.697403
-0.857545,51,199.714993
-0.771962,51,199.73292
-0.797792,51,199.751098
-0.813097,51,199.769263
-0.784814,51,199.787829
-0.819144,51,199.805822
-0.956031,51,199.824147
-0.857087,51,199.843655
-0.619625,51,199.863677
-0.742305,51,199.883616
-0.633491,51,199.902371
-0.744045,51,199.921791
-0.739361,51,199.941391
-0.857081,51,199.960846
-0.626388,51,199.980822
-0.708634,51,200.000617
-0.723488,51,200.020136
-0.63669,51,200.039872
-0.894252,52,200.059994
-0.719652,51,200.079265
-0.914896,51,200.097753
-0.695011,51,200.115109
-0.881701,51,200.13262
-0.790953,51,200.150023
-0.66627,51,200.167886
-0.638939,51,200.185825
-0.935898,51,200.204245
-0.739419,51,200.222321
-0.723346,51,200.240302
-0.805635,51,200.258276
-0.680148,51,200.276206
-0.969586,52,200.295029
-0.744129,51,200.31302
-0.628606,51,200.33138
-0.699868,51,200.349689
-0.758944,51,200.368076
-0.790386,51,200.386028
-0.785816,51,200.404459
