#{"t_start": 1789403510.789771, "env_id": "None"}
r,l,t
-1.720885,51,0.947067
-1.490511,51,0.97702
-1.667339,51,1.005366
-1.577119,50,1.033901
-1.518709,50,1.062214
-1.527865,51,1.087853
-1.549125,52,1.113924
-1.98739,50,1.139062
-1.492384,51,1.164635
-1.38298,50,1.189577
-1.788314,52,1.215431
-2.739096,51,1.241002
-1.854099,51,1.358529
-1.198567,51,1.389319
-1.68364,51,1.419307
-1.33124,51,1.449146
-1.917167,51,1.480843
-1.420223,51,1.508489
-2.124295,51,1.53825
-1.766503,51,1.567138
-1.761006,51,1.592907
-1.87671,50,1.617919
-1.540795,51,1.643428
-2.222863,51,1.668856
-1.760785,52,1.694905
-2.475606,51,1.720319
-1.785478,51,1.745791
-2.148176,51,1.771171
-1.453218,51,1.796506
-2.121375,51,1.821872
-2.483485,52,1.847718
-1.418829,50,1.872631
-2.710658,51,1.897807
-2.352468,51,1.923135
-1.635479,51,1.948786
-1.551617,51,1.974488
-1.594867,51,2.001041
-1.477768,50,2.026152
-1.874908,51,2.051765
-1.554224,51,2.077307
-1.831186,52,2.382921
-1.602681,51,2.40851
-1.774213,51,2.433919
-2.030149,51,2.459265
-1.87348,51,2.484743
-1.78095,51,2.510039
-1.422519,51,2.535272
-1.848783,51,2.560519
-1.747323,51,2.58591
-2.099703,51,2.611261
-1.851394,51,2.636561
-1.635779,51,2.661971
-1.869944,50,2.686822
-1.520294,51,2.712205
-1.814625,51,2.737746
-1.398826,51,2.763381
-1.76791,51,2.788825
-2.268748,51,2.814333
-1.872898,51,2.83968
-1.89101,52,2.865893
-1.524049,52,2.891744
-1.902485,51,2.916894
-1.411261,50,2.941621
-1.374098,51,2.966927
-1.760677,51,2.992438
-1.448751,51,3.018012
-1.419612,51,3.043448
-2.014547,51,3.068873
-2.880411,51,3.094134
-1.996413,51,3.119359
-1.614816,51,3.144664
-1.752957,51,3.169929
-1.593527,51,3.195198
-1.853273,51,3.220526
-1.819668,51,3.246116
-1.670953,51,3.271805
-1.734936,51,3.297439
-1.624255,52,3.323548
-1.53068,51,3.349334
-1.410662,51,3.375019
-1.53705,50,3.654615
-1.659761,51,3.680818
-1.764184,51,3.70639
-1.976042,51,3.731983
-2.212212,51,3.757472
-1.503269,52,3.783485
-1.839398,51,3.818548
-1.525504,51,3.849678
-2.199389,51,3.875492
-1.677375,51,3.901828
-1.518459,52,3.928753
-1.780362,51,3.954231
-1.905892,51,3.979588
-1.840451,51,4.004869
-1.694792,51,4.031992
-1.878357,51,4.057287
-1.551486,52,4.083159
-1.906199,51,4.108462
-1.53215,51,4.133818
-1.932409,51,4.159193
-1.33944,50,4.184
-1.538519,50,4.208809
-1.66398,52,4.234611
-1.755609,51,4.25987
-1.748577,52,4.285618
-1.578985,51,4.310842
-1.827921,51,4.335984
-2.534146,51,4.361223
-1.513474,51,4.386345
-2.574695,51,4.411503
-1.594339,50,4.436312
-1.391544,51,4.461399
-2.116921,51,4.486602
-1.502576,50,4.51131
-1.814672,51,4.536746
-1.499762,51,4.562248
-2.071169,51,4.587701
-1.865771,52,4.613756
-1.85497,51,4.639209
-1.66234,51,4.664556
-1.633345,51,4.92767
-2.104266,51,4.953302
-1.722092,51,4.978674
-1.248326,52,5.004525
-1.863168,51,5.029939
-1.608706,51,5.055304
-2.000827,51,5.080647
-2.138937,51,5.106083
-1.66029,51,5.131425
-1.724083,51,5.156668
-2.449541,51,5.181825
-1.966848,51,5.207023
-1.649231,52,5.232766
-1.531569,51,5.258074
-1.725806,51,5.283373
-1.952346,51,5.306844
-1.576792,50,5.329713
-1.356734,51,5.354896
-1.448103,50,5.377969
-1.839979,52,5.401985
-1.562489,51,5.425504
-1.890277,51,5.45024
-1.342858,51,5.47401
-1.876271,51,5.497625
-1.98816,51,5.52162
-1.631411,50,5.545895
-1.561075,51,5.570424
-1.559902,51,5.59463
-2.059643,51,5.619828
-1.72765,51,5.64343
-1.986702,51,5.667287
-2.200149,51,5.692124
-1.885294,51,5.715474
-1.182248,50,5.740355
-1.45437,51,5.763808
-1.184383,51,5.787747
-1.65081,51,5.813205
-1.442696,51,5.837177
-1.903331,51,5.861654
-2.282584,51,5.886524
-1.45883,52,6.144556
-1.856725,51,6.168755
-1.416641,51,6.193997
-1.708835,51,6.217677
-1.773681,51,6.243003
-1.955775,51,6.267657
-1.908707,51,6.29194
-1.535697,51,6.316979
-2.074421,51,6.340564
-1.76501,51,6.365792
-1.735678,51,6.391138
-1.773926,51,6.419815
-1.457451,51,6.445435
-1.798944,51,6.471096
-1.895213,51,6.496931
-1.689591,50,6.523283
-1.619257,51,6.549183
-1.737005,51,6.574782
-1.644447,51,6.600174
-1.587275,51,6.625512
-1.603313,51,6.650901
-1.332714,50,6.675828
-1.35251,50,6.700663
-1.724396,51,6.725917
-1.884365,51,6.751335
-1.846167,51,6.777047
-1.956223,51,6.802397
-1.544908,51,6.827597
-1.960905,51,6.854618
-1.658525,51,6.880105
-1.546296,50,6.904959
-1.268281,50,6.929805
-1.517723,51,6.955006
-1.339558,50,6.980013
-1.554767,51,7.005333
-1.857685,50,7.030199
-1.327401,51,7.055929
-1.455415,52,7.081964
-1.613105,51,7.107455
-1.354946,50,7.132298
-1.758374,51,7.394148
-1.647091,50,7.419523
-1.604579,51,7.445241
-1.482725,50,7.470445
-2.028217,52,7.494692
-1.447726,51,7.518591
-1.863714,51,7.542484
-2.553416,51,7.567065
-1.616233,51,7.590541
-1.520065,51,7.614083
-1.356655,51,7.637743
-1.787012,51,7.662751
-1.253449,51,7.68618
-1.651286,51,7.70972
-1.873538,50,7.734135
-1.646134,51,7.757878
-1.580646,51,7.7832
-1.4087,51,7.808484
-1.495302,50,7.831572
-1.881419,51,7.85675
-1.36694,51,7.881218
-1.526869,52,7.905424
-1.613394,51,7.929359
-1.538266,51,7.953007
-1.572395,51,7.977929
-1.54231,51,8.001303
-1.447088,52,8.025302
-1.97353,51,8.050135
-1.79982,51,8.074027
-1.766738,51,8.097802
-1.351602,51,8.122904
-1.316784,51,8.147165
-1.437439,51,8.170924
-2.03959,51,8.195286
-1.816118,51,8.220394
-1.641279,50,8.243886
-1.310506,51,8.267984
-1.571228,51,8.293083
-1.472937,50,8.316322
-1.49675,51,8.34165
-1.50378,52,8.366009
-1.569131,51,8.623358
-1.60742,51,8.648661
-1.854023,51,8.67227
-1.630009,51,8.696854
-1.913119,51,8.720738
-1.73685,51,8.744732
-1.753224,51,8.7685
-1.575266,51,8.793604
-1.474572,51,8.817633
-1.526832,51,8.842229
-2.339548,51,8.865959
-2.134094,51,8.891038
-1.469292,51,8.914905
-1.874596,51,8.938978
-1.916451,51,8.963812
-1.564554,51,8.98906
-1.573671,51,9.01254
-1.916566,51,9.037964
-1.588193,52,9.061967
-1.513167,51,9.087243
-1.792941,52,9.112962
-1.610394,51,9.143497
-1.582806,51,9.169319
-1.447658,51,9.194802
-2.167506,51,9.220306
-1.703307,51,9.24434
-1.279252,51,9.26833
-1.528124,51,9.293414
-1.621662,51,9.317046
-1.556376,51,9.342227
-1.36393,51,9.366857
-1.354873,51,9.391074
-1.667994,51,9.414535
-1.854468,51,9.439917
-2.026366,51,9.463983
-1.715251,51,9.488895
-1.777496,51,9.514273
-1.944907,51,9.538979
-1.765181,51,9.563716
-1.604689,51,9.589206
-1.792261,52,9.856388
-1.191506,50,9.880689
-1.798,51,9.905367
-1.521943,50,9.928585
-1.62411,51,9.953813
-1.270569,51,9.977411
-1.483474,50,10.001288
-1.579804,51,10.025404
-1.638027,51,10.049947
-1.471485,51,10.075287
-1.613681,51,10.098872
-1.438371,51,10.12419
-1.60937,51,10.14769
-1.360802,52,10.17172
-1.734817,51,10.196217
-1.601347,51,10.220567
-1.20927,50,10.243642
-1.544994,51,10.268872
-2.263708,51,10.29235
-1.659687,51,10.316582
-1.506575,51,10.340382
-1.815524,51,10.364567
-1.687315,52,10.388563
-1.528852,51,10.413897
-1.859888,51,10.437347
-1.498317,52,10.462033
-1.561258,51,10.48673
-1.361972,51,10.511263
-2.049658,51,10.535515
-1.450856,51,10.560583
-1.710439,51,10.584212
-1.241089,51,10.607668
-1.640368,51,10.631897
-1.508173,51,10.656551
-1.31166,52,10.68188
-1.313774,52,10.706654
-1.750861,51,10.731566
-1.221927,51,10.755734
-1.824422,52,10.78181
-1.378639,51,10.805445
-1.440575,51,11.060237
-1.468035,51,11.085805
-1.581225,51,11.111415
-1.574883,51,11.138804
-1.718637,51,11.165557
-1.665931,51,11.192193
-1.641596,52,11.219909
-1.288964,51,11.245586
-1.573243,51,11.271208
-1.637211,51,11.296652
-1.139213,50,11.320135
-1.61964,51,11.345511
-1.703984,51,11.369833
-1.360162,52,11.395224
-1.251209,50,11.418463
-1.602792,51,11.443444
-1.732904,51,11.467544
-1.636214,51,11.493077
-1.195266,51,11.5179
-1.654905,51,11.5425
-1.575668,51,11.567549
-1.814658,51,11.591236
-1.503362,52,11.615413
-1.674753,52,11.642417
-1.586227,51,11.669746
-1.591522,51,11.696879
-1.748831,50,11.722073
-1.434694,52,11.748423
-1.344882,51,11.772577
-1.489733,50,11.797992
-1.284757,51,11.821959
-1.662926,51,11.845614
-1.371514,52,11.871376
-1.672367,51,11.895629
-1.351513,51,11.919784
-1.335384,52,11.944972
-1.602134,51,11.968692
-1.449883,51,11.993932
-1.741257,52,12.018728
-1.471433,50,12.042522
-1.419393,50,12.296174
-1.250211,51,12.320208
-1.273142,51,12.34594
-1.617412,51,12.370205
-1.639291,51,12.395098
-1.54068,51,12.418726
-2.054948,51,12.442143
-1.543758,51,12.46721
-1.708652,51,12.490818
-1.261455,51,12.516019
-1.444114,51,12.539962
-1.581077,51,12.564631
-1.268871,51,12.58812
-1.738367,51,12.613022
-1.674585,51,12.636914
-1.473808,50,12.659998
-1.105071,50,12.683641
-1.352306,52,12.708801
-1.457264,51,12.732321
-1.899869,51,12.757109
-1.603417,51,12.780996
-1.247214,51,12.804722
-2.130907,52,12.830165
-1.700684,51,12.853628
-1.30219,51,12.877986
-1.575998,51,12.90186
-1.896795,52,12.926246
-1.657479,52,12.950308
-1.555867,51,12.97525
-1.788669,51,12.998529
-1.620023,51,13.022032
-1.271076,50,13.046415
-1.507824,51,13.070202
-1.701719,52,13.094325
-2.111951,51,13.119478
-1.576274,50,13.142627
-1.687214,51,13.167286
-1.511939,51,13.191368
-1.748974,51,13.215097
-1.838456,51,13.239092
-1.741072,51,13.494083
-1.672363,50,13.519309
-1.340237,50,13.543024
-1.83091,51,13.567246
-1.494388,51,13.651135
-1.575364,51,13.678198
-1.426696,52,13.704312
-1.406991,51,13.731749
-1.523824,51,13.757072
-1.596756,51,13.783244
-1.439551,51,13.807904
-1.707573,52,13.832197
-1.464396,50,13.857215
-1.560066,51,13.880962
-1.860883,51,13.904643
-1.767767,52,13.929664
-1.37324,51,13.953618
-1.217328,50,13.977445
-1.448329,51,14.001143
-1.591068,51,14.026412
-1.465395,52,14.050617
-1.4182,51,14.074904
-1.766164,51,14.098788
-1.701896,52,14.123614
-1.270961,51,14.147307
-1.384341,51,14.172323
-1.26635,51,14.196219
-1.468334,52,14.220614
-1.407021,51,14.244503
-1.42313,52,14.269892
-1.297688,51,14.293465
-2.124548,50,14.318011
-2.104903,51,14.343102
-1.651715,51,14.368283
-2.164204,51,14.392399
-1.538289,51,14.417975
-1.309794,51,14.441858
-1.558334,51,14.466323
-1.556255,51,14.490555
-1.453147,51,14.515129
-1.506333,51,14.769548
-1.308746,50,14.793953
-1.564531,52,14.81908
-1.379287,51,14.842772
-1.498111,51,14.866445
-1.59069,51,14.89181
-1.510726,51,14.915269
-1.242687,51,14.939528
-1.372595,51,14.963376
-1.643022,51,14.987537
-1.382134,52,15.011532
-1.688894,52,15.037244
-1.739571,51,15.060792
-1.541718,51,15.084235
-1.659683,51,15.108665
-1.846194,51,15.138655
-1.328185,50,15.165546
-1.636201,51,15.191719
-1.554529,51,15.216562
-1.777898,51,15.241201
-1.75066,51,15.266753
-1.194678,51,15.290742
-1.783579,51,15.314538
-1.441234,51,15.339919
-1.263244,50,15.363083
-1.501657,51,15.386645
-1.384238,51,15.411217
-1.573091,51,15.435582
-2.009865,51,15.459164
-1.522172,51,15.482868
-1.507228,52,15.508458
-1.313888,52,15.532578
-1.96809,51,15.556927
-1.207568,50,15.58079
-1.972285,51,15.605805
-1.290678,51,15.630144
-1.633919,52,15.654421
-1.443295,51,15.678287
-1.751418,51,15.703334
-1.091111,51,15.727883
-1.455126,51,15.980931
-1.337318,52,16.005892
-1.58228,51,16.030963
-1.459063,51,16.054742
-1.294595,50,16.079047
-1.332446,51,16.102947
-1.739943,51,16.126699
-1.451009,50,16.150107
-1.356771,51,16.174886
-1.531022,51,16.198298
-1.290769,50,16.2226
-1.703655,51,16.246456
-1.299396,52,16.270509
-1.712663,51,16.294572
-1.031814,50,16.318777
-1.753931,51,16.343302
-1.196296,50,16.366583
-1.339725,50,16.389853
-1.610462,51,16.413734
-1.695729,51,16.438469
-1.433075,50,16.461477
-1.275076,51,16.484929
-1.483767,51,16.510058
-1.793852,51,16.533853
-1.496355,51,16.557771
-1.445623,50,16.582073
-1.383833,51,16.608946
-1.570237,50,16.635201
-1.536833,50,16.660268
-1.266799,51,16.684352
-1.51155,52,16.709193
-1.512839,51,16.733036
-1.687749,51,16.758557
-1.38301,51,16.782646
-1.21558,50,16.806356
-1.38794,51,16.830483
-1.498429,51,16.85517
-1.289734,51,16.878964
-1.712988,51,16.904224
-1.466613,52,16.928712
-1.677269,51,16.953104
-1.195887,51,17.209906
-1.464593,51,17.235193
-1.817941,51,17.259374
-1.26337,51,17.28338
-1.54377,51,17.307468
-2.142579,51,17.332367
-1.352404,51,17.35594
-1.375543,51,17.380811
-1.656387,51,17.404732
-1.608386,51,17.428477
-1.305099,52,17.455535
-1.252199,51,17.479647
-1.36035,51,17.504622
-1.501313,51,17.528139
-1.376108,51,17.55167
-1.435982,52,17.577103
-1.401555,51,17.600935
-1.568604,51,17.624747
-1.387997,51,17.648541
-1.835568,52,17.673717
-1.46668,52,17.697678
-1.382712,51,17.722317
-1.364291,51,17.74632
-1.578367,51,17.76994
-1.279762,52,17.794216
-1.286776,51,17.818804
-1.611906,51,17.842213
-1.644854,50,17.865204
-1.365165,50,17.889915
-1.918115,51,17.913348
-1.22203,51,17.937389
-1.490611,50,17.960696
-1.68315,51,17.98461
-1.35963,52,18.008445
-1.193554,51,18.033468
-1.458114,51,18.05696
-1.559694,50,18.080104
-1.385832,50,18.104473
-1.657142,51,18.128371
-1.565215,51,18.152306
-1.8098,51,18.41001
-1.308941,50,18.433741
-1.916097,51,18.458012
-1.29607,50,18.481306
-1.219923,51,18.50654
-1.691704,51,18.530058
-1.377623,50,18.554057
-1.230635,51,18.577838
-1.471621,52,18.602304
-1.46277,52,18.626241
-1.36367,51,18.651364
-1.316403,52,18.675423
-1.513526,52,18.699362
-1.593362,50,18.723417
-1.455498,51,18.747125
-1.494614,51,18.770799
-1.265426,51,18.794675
-1.744136,52,18.824386
-1.694225,51,18.849882
-1.245182,51,18.873481
-1.30545,52,18.898487
-1.532473,51,18.922309
-1.630612,51,18.946579
-1.38319,51,18.97012
-1.89373,52,18.999315
-1.554283,51,19.023662
-1.346874,51,19.047754
-1.265006,51,19.071452
-1.697399,51,19.095636
-1.50509,51,19.119552
-1.560467,51,19.143958
-1.515442,51,19.167612
-1.496956,51,19.192829
-1.623658,51,19.216635
-1.450414,51,19.240164
-1.302184,50,19.26418
-1.424304,51,19.288809
-1.336294,51,19.312436
-1.251694,51,19.336013
-2.088224,51,19.361612
-2.097856,51,19.618759
-1.304029,50,19.642356
-1.417417,51,19.667594
-1.391535,51,19.691785
-1.218882,51,19.715709
-1.770314,51,19.739672
-1.898675,51,19.76459
-1.468141,52,19.78866
-1.53764,51,19.813851
-1.316442,51,19.843737
-1.35446,51,19.867975
-1.621139,51,19.892014
-1.321866,51,19.916257
-1.595017,51,19.940036
-1.332347,51,19.96398
-1.646913,51,19.988996
-1.225145,51,20.01266
-1.636705,51,20.037393
-1.334385,51,20.061339
-1.35955,51,20.085415
-1.921352,51,20.110766
-1.269632,51,20.134607
-1.509126,51,20.159863
-1.531386,51,20.183418
-1.169283,51,20.20815
-1.179017,52,20.233081
-1.360433,50,20.256127
-1.481736,51,20.279911
-1.297494,51,20.304998
-1.600137,51,20.328486
-1.362211,51,20.35304
-1.745992,51,20.376918
-1.191017,51,20.401033
-1.461904,52,20.425315
-1.146951,51,20.449085
-1.199028,50,20.473596
-1.515406,51,20.497329
-1.374907,52,20.522727
-1.956303,51,20.546765
-1.687832,51,20.570798
-1.277291,51,20.83041
-1.470189,51,20.855748
-1.368736,51,20.880645
-1.545158,51,20.90549
-1.323163,51,20.929354
-1.337585,51,20.953168
-1.551442,50,20.978193
-1.513423,50,21.001379
-1.431983,51,21.02581
-1.226409,51,21.049754
-1.402022,51,21.073955
-2.004934,51,21.097612
-1.636126,51,21.122898
-1.166249,51,21.146581
-1.658676,51,21.170166
-1.293198,51,21.194955
-1.406023,51,21.218872
-1.203359,51,21.242935
-1.453792,51,21.266806
-1.165767,52,21.292477
-1.423159,50,21.315648
-1.210003,51,21.339324
-1.421806,51,21.364158
-1.383761,51,21.388039
-1.324207,51,21.41175
-1.596804,51,21.435876
-1.387395,51,21.460698
-1.520875,51,21.484241
-1.248421,51,21.507838
-1.731974,52,21.533283
-1.283754,51,21.55713
-1.497937,51,21.581044
-1.751649,51,21.606023
-1.29057,51,21.62953
-1.270792,51,21.654241
-1.508814,51,21.678311
-1.481998,51,21.702326
-1.401134,52,21.726824
-1.143317,52,21.751382
-1.5035,51,21.77625
-1.117755,50,22.031718
-1.576519,51,22.056063
-1.599046,52,22.080688
-1.434496,52,22.106302
-1.350632,51,22.130073
-1.275748,51,22.154737
-1.257948,51,22.178628
-1.370686,51,22.20252
-1.592706,50,22.227446
-1.385928,51,22.250976
-1.224622,51,22.274545
-1.689008,52,22.299788
-1.255012,51,22.323596
-1.277839,51,22.347409
-1.427317,51,22.371121
-1.36156,51,22.396031
-1.123245,50,22.419291
-1.618079,51,22.443734
-1.35767,50,22.467116
-1.433483,51,22.491188
-1.433433,51,22.514877
-1.100147,51,22.539795
-1.425193,52,22.56382
-1.361745,51,22.587386
-1.326145,51,22.612014
-1.47886,51,22.635779
-1.559791,51,22.659435
-1.636801,51,22.683434
-1.255608,51,22.708141
-1.441334,51,22.731621
-1.440023,51,22.755125
-1.35217,51,22.781475
-1.412237,51,22.805887
-1.533249,52,22.83023
-1.484587,51,22.855517
-1.434019,51,22.879358
-1.641517,51,22.903085
-1.452687,50,22.927516
-1.364141,51,22.951719
-1.296861,51,22.975413
-1.364349,51,23.229996
-1.14343,51,23.256985
-1.323302,51,23.281452
-1.317988,51,23.30601
-1.306155,52,23.330618
-1.508632,51,23.356277
-1.254431,51,23.380057
-1.33757,51,23.403719
-1.281752,50,23.428094
-1.363531,51,23.45213
-1.451846,52,23.476827
-1.387098,51,23.50064
-1.342788,51,23.524592
-1.221973,51,23.549401
-1.696563,51,23.573214
-1.319562,51,23.598141
-1.18772,51,23.622289
-1.405745,52,23.646554
-1.443489,51,23.670626
-1.522613,52,23.69615
-1.63206,51,23.719848
-1.334785,51,23.74339
-1.353732,51,23.768431
-1.429339,51,23.792558
-1.365601,50,23.816156
-1.431849,51,23.840068
-1.576473,52,23.865319
-1.341822,51,23.88893
-1.73782,51,23.912589
-1.375661,51,23.937766
-1.412442,51,23.961519
-1.263028,50,23.985253
-1.408836,51,24.009144
-1.47573,52,24.034128
-1.660705,51,24.057656
-1.294528,51,24.082907
-1.551681,52,24.107401
-1.449258,51,24.13117
-1.240024,51,24.158687
-1.199445,51,24.192462
-1.362368,51,24.448241
-1.341018,51,24.474212
-1.483696,51,24.498221
-1.345948,51,24.522733
-1.423846,51,24.546912
-1.408162,51,24.571611
-1.442581,51,24.595306
-1.584119,52,24.621092
-1.543454,51,24.644912
-1.227076,51,24.668472
-1.137797,51,24.692947
-1.127838,51,24.717457
-1.602147,51,24.740954
-1.727289,51,24.764511
-1.342109,51,24.789795
-1.383856,50,24.812903
-1.237418,51,24.83643
-1.124532,51,24.860992
-1.501557,51,24.885145
-1.178882,50,24.908399
-1.304987,52,24.932755
-1.18455,51,24.957644
-1.180355,51,24.981177
-1.325625,50,25.005484
-1.219626,51,25.029335
-1.652017,51,25.052962
-1.415101,51,25.076989
-1.375492,51,25.100907
-1.157625,50,25.125157
-1.069679,50,25.148297
-1.269619,51,25.173411
-1.453396,51,25.197145
-1.218784,51,25.220607
-1.252244,51,25.244738
-1.445302,51,25.269231
-1.290986,50,25.292484
-1.568886,51,25.31635
-1.248126,52,25.342257
-1.350654,51,25.365924
-1.149568,51,25.390213
-1.402758,52,25.415546
-1.343309,51,25.669153
-1.264492,51,25.693246
-1.376102,51,25.717921
-1.381142,52,25.743202
-1.520903,52,25.767551
-1.281409,51,25.792642
-1.171588,51,25.816628
-1.480856,51,25.840348
-1.18282,51,25.864606
-1.374683,51,25.889326
-1.353809,51,25.912872
-1.666097,51,25.936449
-1.256294,51,25.961589
-1.394645,50,25.984768
-1.215964,51,26.063022
-1.237987,51,26.089351
-1.518459,52,26.11685
-1.206987,50,26.142506
-1.112033,51,26.168464
-1.300134,51,26.19393
-1.367177,52,26.218147
-1.536953,51,26.241821
-1.059991,50,26.266298
-1.194028,51,26.290289
-1.583452,51,26.314139
-1.190281,51,26.337977
-1.42597,52,26.363311
-1.348924,51,26.386896
-1.244994,51,26.410355
-1.564259,50,26.435004
-1.181847,51,26.458697
-1.449099,51,26.482736
-1.446271,51,26.507571
-1.355374,51,26.531037
-1.378357,51,26.554708
-1.364217,52,26.580353
-1.268808,51,26.604342
-1.342965,51,26.628264
-1.296731,50,26.653002
-1.474024,52,26.676954
-1.621109,51,26.93231
-1.2164,51,26.958121
-1.181104,50,26.981634
-1.337874,51,27.005446
-1.572316,51,27.030251
-1.101987,51,27.054777
-1.156339,51,27.07855
-1.337865,51,27.103849
-1.178019,50,27.127054
-1.285751,50,27.150163
-1.346835,52,27.175163
-1.20319,50,27.203209
-1.286626,51,27.241795
-1.278119,50,27.28564
-1.209406,50,27.317888
-1.180175,51,27.345799
-1.231587,51,27.373799
-1.20009,50,27.4102
-1.712914,51,27.447653
-1.279471,51,27.472576
-1.317866,51,27.496718
-1.196607,51,27.522279
-1.272952,51,27.547214
-1.170827,51,27.573312
-1.32211,50,27.598793
-1.382205,52,27.623342
-1.348532,51,27.64922
-1.27141,51,27.674696
-1.301471,51,27.69868
-1.690877,51,27.724066
-1.126794,51,27.747656
-1.36122,51,27.771158
-1.243089,51,27.796521
-1.542729,52,27.821026
-1.307931,51,27.846377
-1.291758,50,27.870526
-1.382106,51,27.895751
-1.323239,51,27.921507
-1.254217,50,27.944883
-1.268467,52,27.970667
-1.190511,51,28.233326
-1.076296,51,28.257493
-1.299792,51,28.283248
-1.276938,51,28.309089
-1.2106,51,28.334819
-1.465365,51,28.360266
-1.331916,51,28.385741
-1.255684,50,28.410771
-1.267091,52,28.436717
-1.323067,50,28.461551
-1.169226,52,28.487764
-1.123156,52,28.514006
-1.334887,52,28.539778
-1.82026,51,28.564876
-1.562915,51,28.589965
-1.334597,51,28.615088
-1.395223,50,28.639807
-1.636913,51,28.665015
-1.129528,50,28.689906
-1.189964,52,28.715666
-1.213217,51,28.741334
-1.23269,51,28.767046
-1.357412,51,28.792636
-1.027921,51,28.818124
-1.121381,51,28.843824
-1.112025,51,28.869396
-1.266158,51,28.894648
-1.24079,51,28.919731
-1.258923,52,28.945414
-1.281413,51,28.970744
-1.162771,50,28.995612
-1.290075,52,29.021556
-1.318105,50,29.046917
-1.328954,50,29.071687
-1.694326,52,29.097934
-1.202431,51,29.12284
-1.135767,51,29.147242
-1.171704,51,29.174713
-1.182032,51,29.198277
-1.375563,51,29.223578
-1.204888,51,29.479042
-1.331359,51,29.504151
-1.306798,51,29.528539
-1.15015,51,29.554123
-1.365377,51,29.579686
-1.389277,51,29.605313
-1.313338,50,29.630166
-1.166096,50,29.654943
-1.117654,50,29.679641
-1.692238,51,29.704924
-1.175687,51,29.730159
-1.196231,51,29.753533
-1.240703,51,29.778721
-1.197071,50,29.801706
-1.305068,52,29.827414
-1.11882,52,29.851372
-1.503372,51,29.876692
-1.212263,51,29.904167
-1.183966,51,29.929669
-1.557448,51,29.955036
-1.250941,51,29.980274
-1.157266,50,30.003314
-1.456116,52,30.028921
-1.226871,51,30.052389
-1.383099,51,30.077477
-1.033716,50,30.100837
-1.126285,50,30.125197
-1.220429,51,30.148701
-1.109486,50,30.173482
-1.127717,50,30.200366
-1.297009,52,30.224845
-2.014474,51,30.250307
-1.142918,51,30.273915
-1.24618,51,30.299082
-1.234575,52,30.323493
-1.168031,51,30.348463
-1.5183,51,30.372894
-1.230984,51,30.397436
-1.254456,51,30.422333
-1.18824,51,30.446437
-1.390448,51,30.706234
-1.275934,51,30.731971
-1.121806,51,30.756532
-1.145829,52,30.782132
-1.174073,52,30.807219
-1.580228,51,30.831955
-1.117813,52,30.856313
-1.291247,51,30.881823
-1.143565,52,30.907524
-1.366195,51,30.931329
-1.139065,51,30.956686
-1.183573,52,30.980741
-1.374878,52,31.006595
-1.187399,51,31.030104
-1.423556,51,31.055453
-1.17417,51,31.079025
-1.216616,51,31.10423
-1.229174,52,31.128312
-1.079104,51,31.153487
-1.230361,51,31.177513
-1.306516,51,31.202302
-1.333312,51,31.22875
-1.415819,51,31.263852
-1.296867,51,31.287646
-1.287506,52,31.31353
-1.35666,52,31.337762
-1.18054,51,31.362808
-1.307764,51,31.386994
-1.486611,51,31.411592
-1.305194,51,31.435037
-1.1518,51,31.460241
-1.168224,51,31.485193
-1.557536,51,31.508819
-1.134363,50,31.533449
-1.410226,51,31.558631
-1.216627,50,31.582651
-1.319225,51,31.60714
-1.20188,51,31.631979
-1.356562,51,31.655992
-1.215298,51,31.681209
-1.267174,51,31.938688
-1.180647,51,31.963623
-1.377153,51,31.988411
-1.228431,51,32.013473
-1.285583,51,32.037843
-1.197772,51,32.063288
-1.318311,51,32.08717
-1.319506,51,32.112389
-1.241992,51,32.136049
-1.244182,51,32.161382
-1.273266,52,32.185525
-1.231873,50,32.210383
-1.32676,51,32.235365
-1.233469,51,32.259204
-1.370243,52,32.284984
-1.356485,52,32.30898
-1.286357,51,32.333151
-1.293827,51,32.35763
-1.375875,52,32.382789
-1.367498,51,32.407058
-1.350994,51,32.432192
-1.323706,51,32.455958
-1.463068,51,32.481188
-1.34057,51,32.504573
-1.03739,51,32.529684
-1.343956,51,32.553277
-1.105159,51,32.578467
-1.252125,50,32.603057
-1.222867,51,32.626658
-1.449739,51,32.651902
-1.371193,51,32.677005
-1.29771,52,32.702615
-1.032384,50,32.725576
-1.216495,51,32.750707
-1.232969,51,32.774032
-1.277514,51,32.799246
-1.117136,51,32.822963
-1.287252,51,32.847099
-1.281289,50,32.871429
-1.281257,50,32.894512
-1.262294,51,32.919371
-1.030662,50,33.184242
-1.408263,51,33.208553
-1.133592,51,33.232724
-1.182164,51,33.258218
-1.271219,51,33.282007
-1.49917,51,33.30637
-1.19893,51,33.331139
-1.196563,50,33.354199
-1.151385,52,33.379659
-1.109063,51,33.403516
-1.108312,52,33.427486
-1.309684,51,33.451598
-1.311011,51,33.476197
-1.117951,51,33.500744
-1.357902,51,33.524462
-1.218316,51,33.548198
-1.379916,51,33.573352
-1.219623,51,33.596792
-1.258709,52,33.621511
-1.149616,51,33.646058
-1.050456,51,33.669482
-1.192948,51,33.69454
-1.133432,51,33.720833
-1.308114,52,33.747897
-1.524907,51,33.773762
-1.347259,51,33.79748
-1.267337,52,33.823351
-1.315051,51,33.846921
-1.363718,51,33.870429
-1.115949,50,33.894619
-1.395537,51,33.918661
-1.116371,50,33.941774
-1.311024,51,33.967001
-1.259867,51,33.99024
-1.344854,51,34.014694
-1.269206,51,34.039229
-1.309648,51,34.062871
-1.356376,51,34.08817
-1.152218,50,34.111497
-1.386408,51,34.13597
-1.234337,51,34.390048
-1.074768,51,34.415861
-1.340902,52,34.440269
-1.146459,51,34.464044
-1.387896,52,34.489212
-1.174574,50,34.513544
-1.209269,51,34.53732
-1.324317,51,34.562496
-1.243573,51,34.586269
-1.213326,52,34.610696
-1.320085,50,34.635229
-1.24203,51,34.658764
-1.5472,51,34.68354
-1.313594,51,34.7076
-1.366383,52,34.731769
-1.172391,51,34.756983
-1.268765,51,34.780569
-1.294738,51,34.804991
-1.28473,51,34.829467
-1.293538,51,34.853063
-1.126328,51,34.878177
-1.314785,51,34.901971
-1.184493,51,34.925548
-1.218508,51,34.949805
-1.136332,51,34.974151
-1.214,50,34.997176
-1.163148,51,35.022328
-1.272202,51,35.045933
-1.245257,51,35.070093
-1.133495,52,35.095377
-1.297652,51,35.119052
-1.27679,50,35.143347
-1.171523,51,35.167399
-1.163771,52,35.191408
-1.120872,50,35.21621
-1.303731,51,35.239874
-1.134513,50,35.264105
-1.329205,51,35.288683
-1.260195,51,35.312509
-1.209327,52,35.336872
-1.579792,51,35.590123
-1.413363,51,35.614163
-1.186965,52,35.63878
-1.206362,51,35.664368
-1.336973,51,35.68839
-1.396732,51,35.713733
-1.191437,51,35.737417
-1.241034,51,35.762111
-1.145902,51,35.786264
-1.234346,52,35.810327
-1.30996,51,35.835567
-1.343867,51,35.859173
-1.105176,51,35.883346
-1.147355,51,35.907206
-1.217302,51,35.931479
-1.148493,51,35.955023
-1.453297,51,35.980232
-1.256285,51,36.003789
-1.214306,50,36.0275
-1.34111,51,36.052108
-1.230297,50,36.07525
-1.124033,50,36.09826
-1.324023,50,36.123141
-1.145957,51,36.146631
-1.242127,51,36.171032
-1.228522,51,36.195541
-1.181256,52,36.219647
-1.079941,51,36.244677
-1.387184,52,36.26903
-1.402301,51,36.292821
-1.259408,51,36.316625
-1.227625,51,36.34112
-1.195203,51,36.364666
-1.263486,52,36.390076
-1.241023,51,36.413832
-1.239532,51,36.437779
-1.19772,51,36.462867
-1.201614,51,36.4865
-1.001092,50,36.510799
-1.256437,51,36.535092
-1.080222,50,36.784606
-1.236352,51,36.8086
-1.189421,51,36.834229
-1.296034,52,36.858601
-1.195172,51,36.882369
-1.209426,51,36.906911
-1.190543,50,36.931014
-1.28881,51,36.954773
-1.152298,51,36.980005
-1.268213,52,37.004168
-1.275614,51,37.028256
-1.218656,51,37.052053
-1.383999,51,37.076457
-1.089471,51,37.099937
-1.05428,50,37.124743
-1.235655,51,37.148269
-1.13967,52,37.172809
-1.18849,51,37.196595
-1.2579,51,37.220866
-1.316723,51,37.244331
-1.277122,51,37.269405
-1.172086,51,37.292949
-1.208272,51,37.316944
-1.165873,51,37.34155
-1.203596,50,37.364674
-1.140066,51,37.388219
-1.217641,50,37.413016
-1.170679,51,37.436419
-1.20757,51,37.460609
-1.252188,51,37.485195
-1.445893,51,37.508637
-1.54542,51,37.532122
-1.201887,51,37.557327
-1.200833,51,37.580731
-1.208609,51,37.604722
-1.273726,50,37.628878
-1.145859,52,37.654052
-1.232357,50,37.677885
-1.250612,51,37.701586
-1.50557,51,37.727019
-1.738703,51,38.032744
-1.238791,50,38.059966
-1.160768,52,38.087123
-1.061994,50,38.114872
-1.072325,50,38.142347
-1.32368,52,38.167764
-1.252272,51,38.191792
-1.142074,51,38.217263
-1.123312,51,38.241417
-1.379437,51,38.264915
-1.484359,52,38.289619
-1.168078,51,38.314299
-1.346581,50,38.337305
-1.202752,51,38.362127
-1.195677,51,38.385797
-1.307867,52,38.41017
-1.161297,51,38.433882
-1.384637,51,38.458574
-1.248096,51,38.481966
-1.298857,52,38.507423
-1.342401,52,38.531785
-1.199074,51,38.555444
-1.205927,51,38.580311
-1.177328,50,38.60351
-1.23525,50,38.626656
-1.291778,51,38.652103
-1.378966,51,38.675687
-1.872915,51,38.700839
-1.231643,51,38.724213
-1.088612,50,38.747208
-1.15912,50,38.771446
-1.2223,52,38.795695
-1.16031,51,38.819465
-1.315945,51,38.843337
-1.286377,51,38.868357
-1.252259,51,38.891584
-1.152288,51,38.916327
-1.222388,51,38.940464
-1.303062,51,38.964091
-1.193247,51,38.987975
-1.282351,51,39.240287
-1.315447,50,39.264152
-1.222215,51,39.288546
-1.102787,52,39.313073
-1.159045,51,39.337923
-1.362311,51,39.361764
-1.298353,51,39.386898
-1.275095,51,39.410922
-1.382851,52,39.435366
-1.254659,51,39.460337
-1.359958,51,39.483713
-1.124476,50,39.506787
-1.059883,50,39.531236
-1.099002,51,39.555039
-1.07415,51,39.579116
-1.169384,50,39.603559
-1.177344,50,39.626593
-1.087014,51,39.651188
-1.175066,50,39.67474
-1.1587,51,39.698401
-1.233244,50,39.722986
-1.223977,51,39.746455
-1.016004,51,39.769957
-1.506656,51,39.794809
-1.181469,51,39.818906
-1.339555,51,39.842522
-1.343838,51,39.867733
-1.267359,51,39.891238
-1.186377,51,39.915669
-1.308747,51,39.940032
-1.293349,51,39.963461
-1.381015,51,39.987082
-1.301109,51,40.012508
-1.380542,51,40.036066
-1.162877,51,40.060377
-1.181782,51,40.084757
-1.278124,50,40.107949
-1.13151,52,40.133721
-1.192791,51,40.157477
-1.132051,50,40.181242
-1.268143,50,40.204855
-1.138363,51,40.456808
-1.390506,52,40.48147
-1.258832,52,40.505871
-1.186417,51,40.530991
-1.144558,50,40.554666
-1.10246,51,40.57853
-1.115594,50,40.602229
-1.13638,52,40.627452
-1.327112,52,40.651418
-1.255227,51,40.674792
-1.132379,51,40.699757
-1.645396,51,40.723305
-1.109647,51,40.747175
-1.079969,50,40.771354
-1.193785,51,40.794733
-1.284934,51,40.818148
-1.136276,51,40.843194
-1.319753,51,40.866684
-1.126095,51,40.890637
-1.066104,50,40.914723
-1.104642,51,40.938135
-1.221609,51,40.961534
-1.313503,51,40.986704
-1.198719,51,41.010096
-1.363027,51,41.034312
-1.089568,51,41.058815
-1.202307,52,41.082791
-1.078535,51,41.106207
-1.176397,51,41.131319
-1.122658,52,41.155292
-1.285792,51,41.179385
-1.183452,50,41.203325
-1.105574,51,41.226755
-1.093735,51,41.250101
-1.170898,51,41.275279
-1.289865,51,41.298985
-1.224539,51,41.323823
-1.262646,51,41.347314
-1.238621,51,41.372123
-1.056927,51,41.396086
-1.210622,51,41.647378
-1.205539,51,41.671643
-1.088995,50,41.695266
-1.158006,51,41.719433
-1.453045,51,41.744481
-1.184952,51,41.768293
-1.229806,52,41.792448
-1.351786,51,41.817495
-1.200739,51,41.841276
-1.338845,52,41.865545
-1.248249,51,41.889329
-1.198756,51,41.913913
-1.184112,50,41.936824
-1.170464,51,41.961876
-1.165063,50,41.985103
-1.199253,51,42.009088
-1.078023,50,42.032519
-1.417359,51,42.056842
-1.130799,51,42.080342
-1.468182,51,42.105614
-1.141581,51,42.129029
-1.311273,51,42.152631
-1.353886,51,42.177022
-1.229531,51,42.201333
-1.205736,51,42.224938
-1.16404,51,42.250135
-1.14961,51,42.273596
-1.118698,50,42.297276
-1.090501,51,42.321883
-1.020955,51,42.345307
-1.207156,50,42.369964
-1.173941,51,42.39358
-1.148087,51,42.417437
-1.229702,51,42.441161
-1.075382,51,42.465382
-1.144733,51,42.488652
-1.310698,52,42.514155
-1.315287,51,42.537852
-1.306108,51,42.561843
-1.226357,51,42.586727
-1.207539,51,42.836739
-1.135411,52,42.862387
-1.098283,51,42.886381
-1.04132,51,42.91156
-1.213959,51,42.935954
-1.201277,52,42.960333
-1.161144,51,42.984268
-1.165658,51,43.009298
-1.099365,52,43.033498
-1.246523,51,43.057965
-1.175977,51,43.081737
-1.239007,51,43.105631
-1.232582,52,43.129778
-1.267961,51,43.154767
-1.241429,51,43.178076
-1.275955,51,43.202497
-1.168592,50,43.225816
-1.3173,51,43.249548
-1.291912,51,43.273194
-1.12518,50,43.297564
-1.176239,51,43.32093
-1.091286,51,43.345551
-1.354139,51,43.369379
-1.094352,50,43.392528
-1.252926,50,43.416021
-1.115934,51,43.44046
-1.329001,51,43.463869
-1.265924,51,43.487324
-1.224241,51,43.512427
-1.085675,51,43.53595
-1.328433,51,43.560122
-1.243343,51,43.584872
-1.095159,52,43.608952
-1.038408,50,43.633344
-1.297024,52,43.657749
-1.114632,50,43.681027
-1.163233,50,43.705341
-1.23278,51,43.728891
-1.339349,51,43.752362
-1.204595,50,43.776993
-1.273404,51,44.024901
-1.211413,52,44.050302
-1.212038,51,44.075975
-1.197226,52,44.100492
-1.185917,51,44.126228
-1.146062,51,44.150057
-1.182623,51,44.174959
-1.203888,51,44.199396
-1.137203,51,44.223156
-1.288683,52,44.247484
-1.152073,51,44.272436
-1.265188,50,44.295249
-1.389269,51,44.319843
-1.34764,51,44.343635
-0.997071,50,44.366901
-1.267363,51,44.390734
-1.15528,50,44.415189
-1.162083,51,44.438563
-1.253943,51,44.463206
-1.150183,51,44.487157
-1.140787,51,44.51066
-1.15405,51,44.534318
-1.184892,51,44.558998
-1.126806,51,44.582318
-1.443055,52,44.607476
-1.086084,51,44.631114
-1.232345,51,44.654757
-1.304316,51,44.678773
-1.223415,51,44.703421
-1.191608,51,44.726881
-1.323356,51,44.750338
-1.152149,52,44.775866
-1.379471,51,44.79952
-1.320665,51,44.823371
-1.091592,50,44.846752
-1.276291,51,44.870969
-1.151586,52,44.89488
-1.269236,51,44.92001
-1.164008,51,44.943638
-1.210589,50,44.967502
-1.187637,51,45.216872
-1.335356,51,45.240783
-1.112987,51,45.266022
-1.419548,51,45.290267
-1.231882,51,45.314427
-1.150369,51,45.338669
-1.18374,50,45.363645
-1.212791,51,45.387429
-1.284106,51,45.412078
-1.308276,51,45.436067
-1.205921,51,45.460012
-1.120054,50,45.483304
-1.20548,51,45.508269
-1.121058,51,45.531647
-1.119635,51,45.556093
-1.267666,51,45.580204
-1.147458,51,45.60368
-1.223938,51,45.628833
-1.22865,50,45.651722
-1.208126,52,45.675636
-1.301405,51,45.700142
-1.110615,51,45.724076
-1.297817,51,45.74752
-1.155048,50,45.772055
-1.100309,52,45.796012
-1.097107,51,45.820349
-1.186146,51,45.84471
-1.150112,51,45.868198
-1.170217,51,45.893324
-1.056548,51,45.916729
-1.303795,51,45.940781
-1.10491,51,45.965259
-1.282231,50,45.988286
-1.096473,50,46.011229
-1.305177,51,46.03643
-1.165368,50,46.059459
-1.030314,50,46.083338
-1.25585,51,46.107469
-1.283711,52,46.13145
-1.107242,50,46.156269
-1.236869,52,46.180423
-1.111439,51,46.431857
-1.193447,51,46.455622
-1.304159,51,46.480134
-1.077659,51,46.505196
-1.184482,51,46.529153
-1.107626,51,46.554343
-1.21821,51,46.57879
-1.17132,51,46.60427
-1.196033,51,46.629715
-1.168046,50,46.654746
-1.11418,51,46.678281
-1.200254,51,46.701709
-1.378916,51,46.726206
-1.226226,52,46.750863
-1.093725,52,46.774904
-1.273493,51,46.79856
-1.130963,51,46.823627
-1.427476,51,46.847066
-1.437411,51,46.871411
-1.233014,50,46.894786
-1.19661,52,46.919094
-1.278892,51,46.94272
-1.175888,50,46.967185
-1.19434,51,46.990527
-1.349495,52,47.015599
-1.230878,51,47.039357
-1.074243,51,47.063173
-1.094699,51,47.086932
-1.143007,51,47.111776
-1.222803,51,47.135154
-1.050625,51,47.158526
-1.451888,51,47.18345
-1.167077,52,47.207564
-1.192311,51,47.231352
-1.334657,51,47.256052
-1.24613,50,47.279011
-1.137349,52,47.302937
-1.300673,51,47.327829
-1.462856,51,47.351671
-1.075677,51,47.375642
-1.416842,51,47.626212
-1.242509,51,47.649877
-1.101954,51,47.673762
-1.209733,51,47.698837
-1.241614,51,47.722817
-1.386692,51,47.746888
-1.171737,51,47.770957
-1.139442,51,47.795026
-1.200065,51,47.819812
-1.102526,51,47.843495
-1.143183,51,47.86839
-1.193761,51,47.892338
-1.027191,51,47.916057
-1.171213,52,47.940301
-1.164241,51,47.964997
-1.260451,51,47.988393
-1.193444,51,48.0137
-1.575972,51,48.037439
-1.113145,51,48.061021
-1.096112,51,48.084951
-1.229858,52,48.110025
-0.992666,50,48.132836
-1.09961,50,48.157259
-1.147355,51,48.180845
-1.143336,50,48.203698
-1.359074,51,48.227885
-1.044256,50,48.251722
-1.474242,51,48.275177
-1.121881,50,48.298331
-1.137984,51,48.323325
-1.157228,51,48.346667
-1.055958,51,48.371045
-1.205329,51,48.39472
-1.123289,51,48.418463
-1.297206,51,48.442084
-1.155868,51,48.466794
-1.091496,51,48.490122
-1.077214,51,48.513389
-1.119122,51,48.538143
-1.220768,52,48.562661
-1.120135,50,48.812288
-1.092951,52,48.836761
-1.174786,51,48.860717
-1.164965,51,48.88589
-1.072091,51,48.909911
-1.192625,51,48.934884
-1.132198,51,48.959081
-1.148928,51,48.983358
-1.186123,51,49.007209
-1.027068,51,49.031191
-1.209421,50,49.055633
-1.291065,51,49.07936
-1.327369,51,49.104101
-1.031597,50,49.12757
-1.029084,50,49.150506
-1.18988,51,49.174599
-1.117104,50,49.197925
-1.213575,51,49.222128
-1.170069,51,49.245652
-1.217888,51,49.270903
-1.193183,51,49.294396
-1.134134,52,49.318886
-1.118845,51,49.342697
-1.137255,50,49.366592
-1.322232,51,49.390212
-1.093706,51,49.415293
-1.087823,51,49.43876
-1.253757,51,49.462069
-1.113332,51,49.486347
-1.342005,52,49.510992
-1.175943,51,49.534277
-1.189552,51,49.55794
-1.136831,51,49.582848
-1.203055,51,49.60636
-1.23942,52,49.63114
-1.158277,51,49.655452
-1.237918,51,49.678923
-1.206799,51,49.704021
-1.150148,51,49.727363
-1.21364,51,49.750974
-1.174578,51,50.002864
-1.100355,52,50.027287
-1.153883,51,50.050957
-1.274755,51,50.075712
-1.083186,51,50.10005
-1.018662,50,50.123495
-1.077698,51,50.147594
-1.199467,51,50.172609
-1.163093,50,50.195817
-1.169763,52,50.220093
-1.133004,51,50.245113
-1.18439,51,50.269015
-1.052791,51,50.292906
-1.171664,50,50.317289
-1.206771,51,50.34071
-1.050003,51,50.364054
-1.292145,51,50.388921
-1.137763,50,50.412034
-1.274082,51,50.435376
-1.298594,51,50.459677
-1.338435,51,50.483927
-1.166166,51,50.507233
-1.28012,51,50.532233
-1.390046,52,50.556142
-1.145796,51,50.579471
-1.274002,51,50.603848
-1.009635,51,50.628061
-1.102809,51,50.651452
-1.086192,51,50.675066
-1.042909,50,50.753625
-1.184654,51,50.781319
-1.199671,51,50.806343
-1.139225,52,50.833946
-1.315524,52,50.859427
-1.055723,51,50.88338
-1.096885,51,50.907887
-1.145845,51,50.931984
-1.001981,50,50.955948
-1.140526,52,50.980104
-1.103926,50,51.005023
-1.197797,51,51.256209
-1.191736,51,51.281861
-1.056659,51,51.305708
-1.169726,51,51.329248
-1.096274,51,51.353832
-1.259297,52,51.379055
-1.092931,51,51.40285
-1.108877,51,51.426742
-1.206918,51,51.450845
-1.420175,51,51.475
-1.259939,51,51.499998
-1.076101,51,51.523775
-1.103373,51,51.548623
-1.179543,51,51.572815
-1.160148,51,51.596376
-1.068152,50,51.619815
-1.143497,51,51.644721
-1.172865,51,51.668443
-1.295751,51,51.693231
-1.54221,51,51.717344
-1.103417,51,51.741016
-1.286002,51,51.764884
-1.167831,51,51.789768
-1.161517,51,51.813261
-1.16749,51,51.838024
-1.09172,50,51.861576
-1.161974,51,51.885324
-1.263591,51,51.909417
-1.169151,52,51.934935
-1.326805,51,51.958609
-1.382198,51,51.982237
-1.134433,51,52.007368
-1.355769,52,52.031782
-1.16903,51,52.055615
-1.116969,52,52.079937
-1.042858,51,52.104655
-1.069572,51,52.128135
-1.132434,51,52.15284
-1.290141,51,52.176844
-1.150242,51,52.200567
-1.138278,50,52.453698
-1.130334,51,52.477901
-1.201731,51,52.50212
-1.068264,51,52.527244
-1.219116,51,52.551122
-1.297514,52,52.576522
-1.162972,51,52.600813
-1.198415,51,52.625217
-1.342282,51,52.649314
-1.193154,51,52.673525
-1.126583,51,52.698766
-1.193448,50,52.722134
-1.152124,51,52.745945
-1.113641,50,52.770583
-1.351766,51,52.794627
-1.162622,51,52.818499
-1.087365,51,52.8425
-1.260952,50,52.866839
-1.305405,51,52.890473
-1.12957,52,52.915973
-1.206786,51,52.939862
-1.160829,51,52.963647
-1.348405,51,52.987692
-1.147898,52,53.012928
-1.057533,50,53.0361
-1.392019,51,53.061081
-1.152918,50,53.084659
-1.18296,51,53.10843
-1.240897,52,53.133054
-1.030724,50,53.157442
-1.076925,51,53.180971
-1.377458,51,53.204532
-1.102762,51,53.229665
-1.117122,51,53.253226
-1.266215,51,53.277276
-1.108613,51,53.302108
-1.092522,51,53.325665
-1.236244,51,53.349234
-1.276504,51,53.374421
-1.139352,51,53.398065
-1.338679,51,53.422371
-1.046318,51,53.673491
-1.007292,50,53.69673
-1.115553,51,53.7214
-1.235533,52,53.745864
-1.168364,51,53.770424
-1.21073,52,53.794902
-1.022453,51,53.818858
-1.201477,51,53.844312
-1.161029,51,53.868268
-1.050386,52,53.892665
-1.125021,52,53.918002
-1.188821,51,53.942125
-1.167433,51,53.966189
-1.243711,50,53.989527
-1.1673,50,54.012988
-1.155215,51,54.03764
-1.149165,50,54.060797
-1.140141,51,54.085767
-1.107475,51,54.109607
-1.072116,51,54.133481
-1.159855,51,54.157282
-1.275821,51,54.181877
-1.12478,51,54.205321
-1.302878,51,54.230412
-1.077875,50,54.253798
-1.11662,51,54.277342
-1.19467,51,54.301725
-1.170091,50,54.32584
-1.042486,50,54.349042
-1.094805,50,54.372179
-1.257578,51,54.397395
-1.143094,51,54.420876
-1.050454,51,54.445207
-1.11138,50,54.469194
-1.273873,51,54.492726
-1.13104,51,54.516473
-1.235049,51,54.541606
-1.265521,51,54.565148
-1.264449,52,54.589888
-1.186501,51,54.613787
-1.274619,51,54.863987
-1.222676,51,54.887974
-1.082796,52,54.912328
-1.225712,51,54.93783
-1.053994,50,54.961465
-1.262314,51,54.986216
-1.168391,51,55.011347
-1.108879,50,55.034936
-1.034598,50,55.05841
-1.120497,51,55.083957
-1.141629,51,55.108002
-1.199633,51,55.132204
-1.116195,51,55.157191
-1.126609,51,55.180745
-1.124383,52,55.204823
-1.190145,51,55.229831
-1.244886,52,55.254147
-1.116828,51,55.277975
-1.122463,51,55.30189
-1.092188,51,55.326511
-1.126759,51,55.350036
-1.203068,50,55.374509
-1.068779,51,55.398372
-1.165432,51,55.422316
-1.157953,51,55.446296
-1.127301,51,55.471059
-1.158728,52,55.495147
-1.218684,51,55.519891
-1.190649,51,55.543928
-1.176059,50,55.567134
-1.035864,51,55.59222
-1.067326,51,55.61573
-1.167909,51,55.640147
-1.232008,51,55.664373
-1.004997,50,55.687543
-1.122853,51,55.711354
-1.084169,52,55.736915
-1.016758,51,55.760493
-1.138246,51,55.783884
-1.499619,51,55.808783
-1.102634,51,56.065348
-1.314646,51,56.09141
-1.147817,51,56.116975
-1.162633,51,56.142397
-1.119672,51,56.168141
-1.218897,51,56.193721
-1.068627,51,56.219288
-1.166461,51,56.244848
-1.039395,50,56.272082
-1.169836,51,56.299955
-1.055368,50,56.32745
-1.032357,51,56.353231
-1.208796,51,56.379069
-1.221036,50,56.404146
-1.168578,51,56.42972
-1.193207,52,56.455708
-1.079722,51,56.481173
-1.092896,51,56.506868
-1.162204,51,56.532428
-1.035057,50,56.558043
-1.222012,51,56.58352
-1.050407,51,56.60896
-1.287974,52,56.640926
-1.125886,51,56.667203
-1.128382,51,56.692784
-1.059086,50,56.717727
-1.043464,50,56.742612
-1.043987,50,56.767308
-1.176518,51,56.792574
-1.195129,51,56.817748
-1.139233,51,56.842972
-1.079658,51,56.867973
-1.142479,51,56.891722
-1.193442,50,56.915283
-0.986408,50,56.939518
-1.152418,52,56.963652
-1.100126,50,56.988372
-1.129688,51,57.013234
-0.982682,50,57.036652
-1.155185,51,57.06027
-1.043527,50,57.312952
-1.062534,51,57.338613
-1.081988,50,57.366459
-1.082743,51,57.390301
-1.089157,51,57.415574
-1.088885,51,57.439579
-1.050835,51,57.464347
-1.073049,51,57.488381
-1.376319,51,57.512918
-1.118481,51,57.536817
-1.066174,50,57.560388
-1.003853,51,57.585724
-1.261137,51,57.609444
-1.117616,51,57.6331
-1.093306,51,57.657951
-1.191136,51,57.681887
-1.077564,52,57.706077
-1.112568,51,57.731229
-1.15712,51,57.754748
-1.234184,51,57.778324
-1.238572,51,57.803069
-1.10263,51,57.82702
-1.230289,50,57.850177
-1.054496,51,57.875091
-1.230602,51,57.89866
-1.098039,50,57.921703
-1.151475,51,57.946503
-1.117641,51,57.970351
-1.04725,50,57.993706
-1.073061,52,58.019061
-1.065909,51,58.042511
-1.064692,51,58.066953
-1.289275,51,58.091269
-1.103937,50,58.114223
-1.144602,51,58.139536
-1.038761,51,58.162941
-1.319032,51,58.186381
-1.15808,51,58.210872
-1.063773,50,58.234646
-1.051593,51,58.258082
-1.111886,51,58.283122
-1.067919,50,58.53579
-1.076611,50,58.559427
-1.149602,51,58.58379
-1.142811,52,58.609385
-1.111116,51,58.633073
-1.318729,51,58.658226
-1.202293,51,58.682815
-1.205015,51,58.706823
-1.085054,51,58.732556
-0.959275,50,58.75602
-1.119033,51,58.779826
-1.023061,51,58.804647
-1.067656,50,58.828929
-1.182048,51,58.852681
-1.104521,51,58.876435
-1.131195,51,58.901646
-1.157051,50,58.924818
-1.223659,51,58.949379
-1.067095,51,58.973822
-1.153621,51,58.997429
-1.202841,51,59.02265
-1.048259,51,59.046329
-1.19856,51,59.069908
-1.150822,51,59.094339
-1.044081,50,59.118316
-1.241717,51,59.141814
-1.278019,51,59.167168
-1.058827,50,59.190517
-1.324777,51,59.214683
-1.202648,51,59.238598
-1.223767,52,59.263555
-1.224884,51,59.287102
-1.091174,52,59.312704
-1.076963,52,59.336904
-1.110016,51,59.360822
-1.153222,51,59.38568
-1.109028,51,59.409235
-1.099137,50,59.432277
-1.05635,50,59.456965
-1.145296,52,59.481002
-1.146439,51,59.733897
-1.204914,51,59.759374
-1.150818,51,59.783317
-1.208918,51,59.808618
-1.053371,51,59.83416
-1.10033,51,59.858154
-1.167634,52,59.884478
-1.132812,51,59.909366
-1.33687,51,59.934238
-1.018065,51,59.958248
-1.015453,51,59.98382
-1.034296,51,60.007783
-1.086782,51,60.033276
-1.090205,51,60.057381
-1.046786,50,60.081826
-1.091048,51,60.106406
-1.004011,51,60.130769
-1.144596,51,60.154402
-1.358507,52,60.178469
-1.1043,50,60.203285
-1.0534,51,60.227403
-1.160934,51,60.25222
-1.191062,51,60.27582
-1.439726,51,60.299413
-1.18136,51,60.324696
-1.075797,52,60.34899
-1.213664,51,60.374413
-1.142398,51,60.398009
-1.177906,51,60.42157
-1.210471,51,60.446368
-1.274327,50,60.470037
-1.098159,52,60.494249
-1.257123,51,60.519597
-1.010662,50,60.544554
-1.020847,51,60.568199
-1.079483,50,60.591334
-1.274169,51,60.616237
-1.158726,52,60.64079
-1.180948,51,60.666043
-1.263068,51,60.689494
-1.171878,51,60.94508
-1.116023,52,60.971314
-1.142316,51,60.995237
-1.237762,51,61.020747
-1.221483,51,61.044695
-1.05623,52,61.070547
-1.169239,52,61.096817
-0.999047,51,61.129005
-1.248948,52,61.155396
-1.031672,50,61.180958
-1.002126,50,61.206317
-1.215101,51,61.231744
-1.122512,51,61.255817
-1.097172,51,61.279964
-1.128521,51,61.30384
-1.106972,51,61.328554
-1.146067,50,61.351738
-1.167815,51,61.377108
-1.00544,50,61.400294
-1.415366,51,61.425539
-1.133536,52,61.449705
-1.15702,52,61.474505
-1.121368,50,61.498681
-1.074892,51,61.523477
-1.129599,51,61.547584
-1.135219,52,61.571761
-1.236928,51,61.597121
-1.045257,51,61.626939
-1.043162,51,61.652412
-1.041161,51,61.677931
-1.592545,51,61.702069
-1.166889,51,61.726228
-1.12177,50,61.749743
-1.113832,50,61.773883
-1.105137,51,61.797368
-1.035746,50,61.822215
-1.210745,51,61.84605
-1.166639,51,61.871626
-1.045084,52,61.89754
-1.125332,51,61.920977
-1.198798,51,62.177024
-1.065212,51,62.201052
-1.139124,52,62.225906
-1.047756,50,62.249602
-1.028698,52,62.274677
-1.043172,51,62.298474
-1.188313,51,62.323835
-1.389448,51,62.348192
-1.273909,51,62.372249
-1.097033,50,62.396009
-1.023728,52,62.421667
-1.155171,51,62.445552
-1.106941,51,62.469386
-1.063688,50,62.494199
-1.061951,51,62.518218
-1.073011,51,62.542195
-1.306682,52,62.566617
-1.167758,52,62.592044
-0.978357,50,62.615271
-1.253011,51,62.64017
-1.147086,51,62.664208
-1.067908,52,62.688455
-0.940932,50,62.712031
-1.122913,51,62.737073
-1.22722,52,62.761072
-1.17184,51,62.785674
-1.105401,50,62.809513
-1.19588,51,62.833138
-0.933337,50,62.857934
-1.154147,52,62.882018
-1.137883,51,62.907443
-1.110753,51,62.931079
-1.164531,51,62.954549
-1.036764,51,62.979761
-1.17977,51,63.003994
-1.052971,51,63.027945
-1.091348,51,63.052917
-1.083496,51,63.076496
-1.331717,51,63.101072
-1.052845,51,63.125089
-1.189514,51,63.433757
-1.12857,51,63.460668
-1.101378,51,63.486986
-1.059991,51,63.512826
-1.09934,52,63.537163
-1.18194,51,63.561859
-1.109988,51,63.586447
-1.065431,50,63.610054
-1.061862,51,63.634102
-1.136435,51,63.658305
-1.113628,52,63.684177
-1.008579,51,63.708764
-1.021307,51,63.735533
-1.054414,50,63.761587
-1.176703,51,63.786649
-1.101209,51,63.810368
-1.07703,51,63.834063
-1.081164,51,63.859346
-1.080647,51,63.882972
-1.097384,51,63.907109
-1.144197,51,63.931042
-1.096663,51,63.955467
-1.183321,51,63.979069
-1.033141,51,64.004278
-1.00689,50,64.027679
-1.185976,51,64.05168
-1.20329,51,64.075539
-0.99348,50,64.099511
-1.204975,50,64.122411
-1.062338,51,64.147717
-1.117207,51,64.171167
-1.129245,51,64.195309
-1.267469,51,64.219942
-1.02581,51,64.243467
-1.11222,52,64.267521
-1.138305,51,64.292694
-1.047131,51,64.316286
-1.275017,51,64.340361
-1.233132,51,64.364956
-1.009787,51,64.388527
-1.153299,50,64.412865
-1.073413,51,64.663239
-1.203658,51,64.687161
-1.215211,51,64.711131
-1.005109,50,64.735722
-1.004376,51,64.759205
-1.197216,51,64.783886
-1.18551,51,64.808438
-1.135681,51,64.832226
-1.030135,51,64.857744
-1.054683,51,64.881504
-1.155672,51,64.905239
-1.13637,51,64.929969
-1.14211,52,64.95436
-1.067384,51,64.978595
-1.344759,51,65.002342
-1.058956,51,65.027444
-1.16034,51,65.052656
-1.124281,52,65.07837
-1.17772,51,65.10354
-1.196301,51,65.127014
-1.230495,51,65.151533
-1.040286,51,65.17547
-1.043333,51,65.199032
-1.163439,51,65.224123
-1.049976,51,65.247523
-1.035639,51,65.271871
-1.193767,51,65.296071
-1.010269,51,65.319593
-1.087947,51,65.344779
-1.187931,51,65.368197
-1.013408,51,65.391673
-1.064009,50,65.415651
-1.132752,52,65.440233
-1.107006,51,65.463652
-1.052746,51,65.487355
-1.019523,51,65.512128
-1.153551,51,65.535606
-1.160045,52,65.560798
-1.058437,50,65.584467
-1.07938,50,65.60744
-0.954579,51,65.858833
-1.146278,51,65.882545
-1.140551,51,65.906391
-1.029092,51,65.93119
-1.274696,51,65.954704
-1.048577,51,65.979388
-1.093773,51,66.003339
-1.188806,51,66.0274
-1.104899,51,66.052656
-1.124967,51,66.076487
-1.171481,51,66.100232
-1.153157,51,66.124006
-1.029663,51,66.14912
-1.089519,50,66.172547
-1.01266,51,66.196607
-0.956452,51,66.220452
-1.321092,51,66.244984
-1.081466,51,66.268461
-1.145872,51,66.2935
-1.429555,51,66.317086
-1.11279,51,66.340456
-1.306091,51,66.364559
-1.115899,52,66.389522
-1.233114,51,66.412927
-1.090355,51,66.43797
-1.310055,51,66.461664
-1.126332,50,66.485343
-1.294415,51,66.509915
-1.08452,51,66.533243
-0.921103,50,66.556227
-0.990882,51,66.581366
-1.112203,52,66.605308
-1.116861,51,66.629356
-1.063035,51,66.653922
-0.998816,51,66.677289
-1.168856,52,66.701258
-1.156977,51,66.726555
-1.200269,51,66.750167
-0.990945,52,66.774705
-1.121263,51,66.799328
-1.024649,52,67.051341
-1.164687,52,67.076979
-1.104074,51,67.100692
-1.103251,51,67.124419
-1.09953,51,67.149572
-0.870683,50,67.173046
-0.989317,52,67.197259
-1.115576,51,67.222382
-1.215558,51,67.246354
-1.033179,51,67.270303
-1.077709,51,67.294127
-1.005611,50,67.319211
-1.061705,52,67.343644
-1.126515,51,67.367374
-1.152662,51,67.391831
-1.178477,50,67.415497
-1.19007,51,67.439655
-1.155071,52,67.463721
-1.129754,51,67.489055
-1.122393,52,67.513111
-1.06843,51,67.536509
-1.171381,51,67.560873
-1.021581,51,67.585156
-1.220388,51,67.608591
-1.087955,52,67.634353
-1.049321,52,67.658599
-1.113486,51,67.682133
-1.126049,51,67.706355
-1.150826,50,67.730312
-1.148328,51,67.753741
-1.108749,52,67.7778
-1.038739,50,67.802401
-1.146007,51,67.825835
-0.963,52,67.850821
-1.060812,51,67.874546
-1.095655,51,67.898393
-1.128931,51,67.922041
-1.086938,51,67.947059
-1.067665,51,67.970431
-1.212403,52,67.995261
-1.174101,51,68.248117
-1.098218,51,68.273084
-0.984919,52,68.297291
-1.180393,51,68.322078
-1.2057,51,68.346007
-1.098562,51,68.369812
-0.994727,51,68.393537
-1.280717,50,68.418021
-0.95041,51,68.441909
-1.089564,51,68.465706
-0.963365,51,68.490848
-1.064103,50,68.51431
-1.104005,52,68.538564
-0.923653,50,68.562541
-1.141143,51,68.586622
-1.179727,51,68.611141
-1.001113,51,68.634707
-1.043296,52,68.65877
-1.062383,51,68.68389
-0.992735,51,68.707327
-1.094075,51,68.731562
-0.9765,50,68.75491
-1.02904,51,68.778962
-1.01992,51,68.802652
-1.102863,51,68.826492
-1.050505,51,68.851279
-0.962399,51,68.874656
-1.032007,51,68.898038
-1.519899,51,68.923108
-0.98565,50,68.946235
-1.032374,52,68.970706
-0.994336,51,68.994489
-1.053004,51,69.018988
-0.976295,51,69.04243
-1.139689,50,69.067107
-1.080671,52,69.09109
-1.094431,51,69.114511
-1.102916,51,69.13876
-0.951035,52,69.16364
-1.123779,52,69.187551
-0.98412,51,69.437287
-1.047445,51,69.461034
-1.148554,52,69.486797
-1.011725,52,69.510882
-1.017308,51,69.534384
-1.060161,51,69.558958
-1.221861,51,69.583017
-1.214811,51,69.606265
-1.086608,51,69.631637
-1.044121,51,69.65538
-1.074748,51,69.679719
-1.176604,51,69.703717
-1.251604,51,69.727717
-1.072009,51,69.752022
-1.098377,52,69.776223
-1.014781,50,69.799738
-0.98903,51,69.823766
-1.132811,52,69.848946
-1.201101,51,69.87234
-1.035661,51,69.89684
-1.049275,51,69.920469
-1.057649,52,69.944525
-1.077033,51,69.968391
-1.12172,51,69.992126
-1.122319,51,70.016314
-1.023733,51,70.039656
-1.102622,51,70.064673
-1.104292,51,70.088175
-1.065716,51,70.111433
-1.116782,51,70.135914
-1.168682,51,70.159981
-1.14066,52,70.183935
-0.937941,51,70.207566
-1.143141,50,70.231965
-0.970728,50,70.254821
-1.144146,51,70.279392
-1.013148,51,70.303083
-1.02898,51,70.326719
-0.962433,51,70.350515
-1.058789,51,70.375118
-1.011855,51,70.628852
-0.931632,51,70.652746
-0.918498,51,70.677094
-1.212878,51,70.701063
-1.055923,51,70.725422
-1.187509,51,70.748977
-1.170319,50,70.77389
-1.172194,51,70.7974
-1.112366,51,70.820673
-1.186178,51,70.845674
-1.120391,52,70.870828
-1.08461,51,70.894542
-1.134535,52,70.918937
-1.025756,52,70.944852
-0.986111,50,70.968091
-0.951445,51,70.991846
-1.148139,51,71.015631
-1.084262,51,71.040573
-1.084933,51,71.064547
-1.07742,50,71.087881
-1.027064,51,71.111709
-1.031303,51,71.136414
-1.194287,51,71.16
-0.974723,51,71.184825
-1.083095,51,71.208595
-1.173806,51,71.232228
-1.105752,51,71.257136
-0.968201,51,71.280578
-1.067713,51,71.304066
-1.27551,51,71.328996
-0.948386,52,71.353279
-0.91749,51,71.376811
-1.144892,51,71.400758
-1.142903,51,71.425383
-0.954765,51,71.448778
-1.040194,51,71.472319
-1.034458,51,71.497488
-0.940969,51,71.520903
-1.073786,51,71.544963
-1.084281,52,71.569322
-1.10482,51,71.820369
-1.054719,52,71.845083
-1.078593,51,71.869708
-0.976351,50,71.892978
-1.04935,51,71.916548
-1.007015,52,71.942311
-1.036938,50,71.965389
-0.996138,51,71.988908
-1.080395,51,72.013537
-0.969959,51,72.037526
-1.220563,51,72.061464
-1.004719,51,72.086939
-1.084991,51,72.110783
-1.105363,51,72.135314
-1.249929,51,72.159517
-1.207501,51,72.183985
-1.127981,52,72.208354
-1.056295,51,72.233778
-0.955279,52,72.258025
-1.019388,51,72.281887
-1.069683,52,72.306124
-0.989886,52,72.331093
-1.008491,51,72.354522
-0.957207,51,72.379457
-0.908927,51,72.403098
-1.041494,50,72.42604
-1.311091,51,72.450248
-1.101029,50,72.473691
-0.910711,52,72.498165
-1.126596,51,72.521628
-1.040926,51,72.546703
-0.984882,52,72.570763
-1.023012,51,72.594256
-0.989344,50,72.618496
-1.180103,51,72.642356
-1.027802,51,72.665847
-0.992329,51,72.689839
-1.523006,51,72.714496
-1.298422,51,72.738132
-1.186753,51,72.761616
-1.058831,50,73.012862
-1.16132,51,73.037019
-1.107591,52,73.06282
-1.156828,51,73.086704
-1.025917,50,73.109728
-1.203284,51,73.134086
-1.197251,51,73.158035
-1.19464,51,73.182224
-1.028058,51,73.205881
-1.064621,50,73.230501
-1.231839,52,73.25477
-1.005895,51,73.278573
-1.021234,51,73.303393
-1.187865,51,73.327464
-1.151683,51,73.351491
-1.039736,51,73.375362
-1.020921,51,73.399646
-1.020767,52,73.424153
-0.984678,52,73.448708
-1.032107,52,73.473012
-0.990553,51,73.4971
-1.091827,51,73.520719
-0.892476,51,73.545831
-0.956521,50,73.568808
-0.966506,50,73.591652
-1.103376,51,73.616561
-1.133818,51,73.640353
-1.210104,51,73.664024
-1.026877,50,73.687356
-1.051589,51,73.711827
-0.983263,51,73.735253
-0.945185,50,73.759871
-0.986956,51,73.783426
-1.098051,51,73.806872
-1.202893,51,73.83115
-1.303758,51,73.85551
-1.017973,51,73.879042
-1.237642,51,73.904166
-1.015029,50,73.927321
-1.079934,51,73.951503
-0.9483,50,73.975723
-0.999699,51,74.226005
-1.083978,50,74.250496
-1.153298,52,74.275537
-1.019503,51,74.299205
-0.945595,50,74.32407
-1.049555,51,74.347587
-0.917742,51,74.372649
-0.989358,50,74.39744
-1.096406,51,74.421663
-1.028945,50,74.445427
-1.047233,51,74.469614
-1.107671,51,74.495343
-0.949551,51,74.519255
-1.072874,51,74.543794
-1.032798,50,74.567655
-1.199273,51,74.592013
-1.033043,51,74.616592
-1.102384,51,74.640423
-0.955693,51,74.664546
-1.052246,51,74.689555
-1.134565,51,74.713212
-1.081148,50,74.736334
-0.994838,51,74.761402
-1.13497,52,74.785823
-0.993362,50,74.809169
-0.909213,50,74.833025
-1.250016,51,74.8578
-1.003616,50,74.880955
-0.910304,52,74.905144
-1.117182,51,74.930515
-1.118075,51,74.954235
-0.943067,50,74.977412
-0.783702,52,75.002347
-1.19315,51,75.026943
-0.959956,50,75.050012
-1.10835,50,75.073351
-1.062894,51,75.098371
-1.051318,51,75.122003
-1.064701,51,75.146462
-1.268999,51,75.170308
-1.059091,51,75.422378
-1.037184,51,75.447439
-1.01545,52,75.472593
-1.118561,51,75.496421
-1.030557,51,75.520289
-0.98339,51,75.545654
-1.043073,51,75.618897
-0.904043,50,75.646391
-0.977316,50,75.67168
-0.950107,50,75.698632
-0.975388,51,75.726136
-1.087549,50,75.751904
-1.198271,51,75.77799
-1.078737,51,75.803718
-0.939458,51,75.828357
-1.115796,51,75.852548
-0.906736,51,75.879487
-1.119271,51,75.903552
-1.165884,51,75.927599
-1.143642,51,75.953005
-0.910047,52,75.977269
-0.892819,51,76.000907
-1.068037,51,76.025302
-0.856779,51,76.049925
-0.904371,50,76.07314
-0.950217,51,76.098225
-0.9719,51,76.122156
-1.228238,51,76.145808
-0.941237,51,76.170009
-1.009223,50,76.194201
-1.019089,51,76.217646
-1.04603,50,76.242288
-1.212813,52,76.266616
-0.962795,50,76.289769
-1.112614,51,76.314065
-1.012762,51,76.338543
-1.150667,51,76.361997
-0.933039,50,76.385177
-1.147958,51,76.410325
-1.120095,51,76.433864
-0.99158,51,76.692667
-1.185568,51,76.7171
-0.980231,51,76.741169
-1.122425,51,76.765055
-1.171364,51,76.788877
-1.121442,51,76.813654
-1.144393,51,76.83734
-1.108465,51,76.862186
-1.236852,51,76.886055
-1.146635,51,76.909647
-1.041092,51,76.933482
-1.060207,51,76.958299
-1.047275,51,76.981972
-0.97195,51,77.005848
-1.031633,50,77.029267
-1.028149,51,77.05459
-1.093193,50,77.077863
-1.263988,51,77.101631
-1.019886,52,77.127023
-0.948267,51,77.150998
-0.953827,50,77.174437
-1.123439,51,77.198329
-1.142339,51,77.223195
-1.117225,51,77.24668
-0.933524,52,77.270586
-0.910859,51,77.295562
-1.092956,52,77.319975
-1.112043,51,77.343644
-1.072418,51,77.368596
-0.931777,51,77.392178
-1.115578,51,77.415735
-1.097823,51,77.440516
-0.90468,52,77.464994
-0.991904,51,77.488534
-0.756371,50,77.513162
-1.059902,52,77.537231
-1.145256,51,77.56062
-1.011429,51,77.585137
-1.057477,51,77.609186
-1.037383,51,77.632616
-1.029164,51,77.883132
-0.971229,50,77.90704
-1.039015,50,77.930914
-1.105424,51,77.954902
-1.003054,51,77.979379
-1.063657,51,78.002919
-0.954665,51,78.027996
-1.067459,51,78.051619
-1.046122,51,78.075136
-0.976469,51,78.099462
-1.265291,51,78.123959
-0.919944,51,78.147267
-1.100761,52,78.173054
-1.028555,51,78.196938
-1.029823,51,78.220595
-1.305686,52,78.245625
-0.826475,51,78.269639
-0.918949,51,78.294059
-1.01476,51,78.317914
-1.182205,52,78.342212
-1.03196,51,78.367557
-1.103224,51,78.391026
-1.029527,52,78.415022
-1.114741,51,78.439533
-0.959054,52,78.464185
-0.938469,51,78.487753
-0.945961,50,78.512475
-0.949845,50,78.535482
-1.142297,52,78.559496
-0.921492,51,78.584072
-1.201115,51,78.608265
-1.006834,52,78.632304
-1.207791,51,78.65767
-1.027602,51,78.68108
-1.200446,51,78.704629
-1.273424,51,78.729153
-1.005569,51,78.753411
-1.178128,51,78.776884
-1.175337,51,78.800606
-1.111632,51,78.825628
-1.111733,52,79.077445
-1.003278,51,79.10321
-1.118222,52,79.127649
-0.90202,51,79.151421
-1.013514,50,79.175775
-1.043275,52,79.20021
-1.146748,51,79.224187
-1.042956,51,79.247925
-1.086148,51,79.273719
-0.914781,52,79.299005
-0.819547,51,79.324203
-0.873411,51,79.349697
-1.005738,51,79.375007
-1.066965,51,79.402019
-0.903786,50,79.427595
-0.941431,51,79.453319
-1.038592,52,79.479504
-1.182047,51,79.50516
-0.948581,52,79.531318
-1.062659,50,79.556453
-0.98283,52,79.582598
-1.024462,51,79.60807
-1.10711,51,79.633476
-1.079583,50,79.658434
-1.05032,51,79.683816
-1.058818,51,79.713594
-1.000566,52,79.741261
-0.98064,51,79.767368
-1.035705,51,79.793007
-1.275725,51,79.818677
-0.912212,51,79.844263
-1.056751,52,79.870302
-1.204833,51,79.89578
-1.062889,52,79.921912
-1.00832,52,79.94787
-1.161009,52,79.97383
-1.133201,51,79.999193
-0.961355,51,80.024505
-1.081706,51,80.050124
-1.073383,52,80.075949
-1.099529,50,80.339738
-0.932503,52,80.36642
-1.224403,51,80.392274
-1.031903,51,80.417913
-1.095674,51,80.443374
-0.900399,50,80.46843
-1.070732,51,80.49392
-0.875412,51,80.519293
-1.11086,51,80.544727
-1.196544,51,80.57
-1.16042,51,80.595384
-1.012037,51,80.62068
-0.925501,51,80.645954
-1.064708,52,80.672035
-0.762333,50,80.697245
-0.951515,50,80.722463
-1.092858,51,80.749875
-0.990277,51,80.775753
-1.014921,51,80.801472
-1.122934,51,80.827127
-1.076081,51,80.852484
-1.150831,51,80.875163
-1.084803,51,80.900371
-1.11404,51,80.92406
-0.978668,51,80.947574
-1.035211,51,80.971258
-0.859261,51,80.994983
-1.01908,51,81.020295
-1.008202,50,81.043493
-1.120775,51,81.067071
-1.065545,51,81.091785
-0.965823,51,81.115697
-0.789965,52,81.139868
-1.148191,51,81.163739
-1.067776,52,81.18811
-0.939826,50,81.212444
-1.041114,52,81.236512
-1.023943,52,81.261971
-0.954697,51,81.286
-1.174148,51,81.309685
-0.954017,52,81.561359
-1.095692,51,81.587622
-1.018563,52,81.612113
-0.802227,51,81.636366
-1.185655,51,81.661384
-0.961142,51,81.685173
-1.158392,51,81.708727
-1.078324,51,81.733706
-0.848408,50,81.75798
-0.916668,51,81.781787
-0.777917,51,81.807067
-1.000029,51,81.830678
-0.952066,51,81.855056
-0.911056,50,81.879
-1.021612,52,81.903647
-0.761057,51,81.929126
-0.984863,50,81.952705
-1.049136,51,81.976531
-0.697471,50,81.999832
-0.970926,50,82.024293
-0.882286,50,82.048052
-0.978033,51,82.072102
-0.823612,50,82.095733
-1.074534,51,82.119606
-0.962808,51,82.144141
-1.317115,51,82.16781
-0.984239,52,82.193773
-1.129902,51,82.217418
-1.052189,51,82.242688
-0.960888,51,82.266189
-1.010996,51,82.290767
-0.879617,51,82.315446
-1.041771,51,82.338946
-0.964798,51,82.362503
-1.04591,51,82.387875
-1.168791,51,82.411475
-1.026857,51,82.435676
-1.177503,51,82.460394
-1.045905,51,82.484948
-0.884602,51,82.508842
-1.070251,51,82.532787
-1.018893,51,82.790964
-1.149522,52,82.815579
-0.970225,50,82.839933
-1.035175,51,82.864479
-1.083439,51,82.888115
-1.3028,52,82.913979
-0.887914,52,82.93831
-1.025464,51,82.963594
-1.047356,52,82.987839
-1.091611,51,83.01221
-1.022535,52,83.037352
-1.156741,51,83.061006
-1.083856,52,83.086522
-0.997574,50,83.11038
-0.957841,50,83.134271
-0.780253,51,83.15974
-1.271247,51,83.183747
-0.86241,51,83.208665
-0.758974,50,83.233084
-0.909424,51,83.257007
-1.174709,51,83.280832
-1.095589,51,83.306463
-0.854327,51,83.330552
-1.194158,51,83.35573
-1.077994,51,83.380162
-1.261482,51,83.404838
-1.106805,52,83.429069
-1.032521,50,83.45219
-1.221642,51,83.477519
-1.122609,51,83.501156
-1.016951,52,83.527008
-0.942688,51,83.550578
-0.928517,52,83.576599
-1.133014,51,83.601341
-1.068477,51,83.625597
-0.872515,50,83.650391
-1.08965,51,83.675712
-1.109121,51,83.707037
-0.846637,50,83.732731
-0.98563,50,83.758119
-0.968288,51,84.026181
-1.075422,51,84.050378
-1.05875,51,84.07525
-0.780888,51,84.099677
-0.885528,50,84.122699
-0.933639,52,84.148632
-0.742231,51,84.172192
-0.721769,52,84.196201
-1.002847,51,84.221557
-0.891806,50,84.244644
-0.90707,51,84.269989
-1.01527,51,84.295286
-1.158089,52,84.322636
-0.924688,51,84.348587
-0.961059,51,84.373719
-1.219286,51,84.398674
-1.083047,51,84.422792
-0.902483,50,84.448085
-0.947924,51,84.472136
-1.296206,51,84.497792
-1.06039,51,84.52176
-1.058613,51,84.547489
-0.895114,51,84.571097
-0.852815,51,84.59577
-1.014229,51,84.620126
-1.106422,52,84.645743
-0.871825,50,84.669232
-0.875887,51,84.694667
-1.06568,51,84.718279
-1.065353,51,84.743661
-1.00999,51,84.768052
-0.805031,50,84.792116
-1.064876,51,84.817522
-1.131754,51,84.840973
-1.04407,51,84.866348
-0.812586,52,84.892708
-0.862604,50,84.917696
-1.137656,51,84.943035
-1.10368,51,84.968309
-1.101273,52,84.994124
-1.234835,52,85.263222
-0.889739,51,85.289515
-0.925826,50,85.320359
-0.949263,50,85.345613
-0.877845,52,85.371754
-0.842473,51,85.397417
-0.742283,51,85.42288
-0.747347,52,85.448979
-0.998418,51,85.476067
-0.931461,50,85.501093
-0.771336,52,85.527272
-0.974673,50,85.552152
-0.87167,52,85.577701
-1.042997,51,85.603241
-1.399512,51,85.628744
-1.101013,51,85.654189
-0.807336,51,85.681606
-1.003937,51,85.707271
-0.910605,51,85.733025
-1.055666,51,85.758582
-1.015044,51,85.784075
-1.119031,51,85.809557
-1.10637,51,85.836988
-0.938196,52,85.863457
-0.952166,51,85.888994
-1.078792,51,85.914622
-1.178119,51,85.940043
-1.08397,51,85.96536
-0.880563,52,85.99129
-0.839486,50,86.016174
-0.914112,51,86.040826
-1.058113,51,86.064866
-0.881368,51,86.088831
-1.007583,51,86.11252
-1.010557,52,86.136831
-1.12583,51,86.161649
-1.030281,51,86.185084
-1.004453,52,86.210372
-0.927533,51,86.234218
-0.812725,51,86.257957
-1.182475,51,86.512344
-0.919705,51,86.536417
-1.002358,51,86.56193
-0.737915,51,86.585714
-1.170201,51,86.609706
-0.929602,51,86.634586
-0.936544,51,86.658538
-1.095296,51,86.682068
-0.910432,52,86.707698
-1.067962,51,86.73151
-0.925624,50,86.755081
-0.807401,51,86.780009
-0.991678,52,86.803898
-1.184412,51,86.828996
-0.937305,50,86.85225
-1.078822,51,86.876016
-1.01061,51,86.901639
-0.920809,50,86.925116
-1.086991,51,86.94955
-1.069814,51,86.974328
-1.081413,51,86.998233
-0.862648,50,87.021583
-0.842346,51,87.04704
-1.156858,51,87.070536
-0.77451,51,87.094768
-0.917367,52,87.119867
-0.915709,51,87.143324
-0.821745,50,87.167825
-0.978542,51,87.191526
-1.092108,51,87.215451
-0.971868,51,87.240295
-1.06026,51,87.263649
-1.023141,52,87.287617
-0.927585,51,87.31274
-0.815941,51,87.33626
-1.030035,51,87.363633
-0.873662,52,87.388114
-0.824319,52,87.412467
-1.007758,51,87.436964
-1.062056,51,87.461845
-1.042878,51,87.71183
-0.944954,51,87.73694
-0.93887,51,87.760879
-1.045347,51,87.78618
-1.048412,52,87.810817
-1.049188,51,87.834851
-0.938386,51,87.858814
-0.926567,51,87.883731
-1.061635,51,87.907354
-0.806433,52,87.933261
-1.082902,52,87.957395
-0.924428,51,87.98254
-0.97351,51,88.006437
-0.849163,51,88.030235
-0.793258,51,88.055196
-0.904515,51,88.079086
-0.949664,51,88.103099
-0.868121,50,88.128253
-0.830328,51,88.152032
-1.062489,51,88.177655
-1.064323,51,88.203111
-0.999745,51,88.227257
-0.916118,51,88.252435
-1.049346,51,88.276127
-0.837623,52,88.30207
-1.062452,51,88.325728
-1.035613,51,88.350728
-0.991897,51,88.374581
-0.842389,51,88.399896
-1.060596,51,88.423497
-1.235505,51,88.448991
-0.93581,51,88.528818
-0.75222,52,88.555321
-0.934422,52,88.583093
-1.112843,51,88.60979
-0.807426,52,88.637019
-0.942215,52,88.662933
-1.116825,51,88.688344
-0.907381,51,88.711958
-0.8172,50,88.736171
-0.966047,52,88.990495
-1.006016,51,89.014531
-0.865398,51,89.039415
-1.063277,51,89.064059
-0.751794,52,89.088235
-0.89397,51,89.113355
-1.082659,52,89.137741
-0.827187,51,89.163176
-0.835921,51,89.186593
-1.09089,51,89.211809
-1.022532,52,89.235781
-0.773314,51,89.26094
-0.972591,51,89.2844
-1.011246,51,89.309592
-1.087046,51,89.333424
-0.940639,51,89.358791
-1.037525,52,89.383631
-0.83188,50,89.408062
-1.001988,52,89.433434
-0.714076,51,89.458037
-0.937226,51,89.483148
-0.801639,52,89.507704
-0.866576,51,89.533205
-1.142376,51,89.56037
-1.08219,51,89.586084
-0.806736,51,89.611507
-1.10924,51,89.636929
-0.987738,51,89.66226
-0.840065,51,89.685801
-0.804221,51,89.710283
-1.145848,51,89.73472
-0.870442,50,89.757723
-0.988582,52,89.783663
-0.831745,51,89.80743
-0.9433,52,89.834354
-1.131544,51,89.860512
-0.820504,51,89.886345
-0.960985,51,89.911731
-1.023952,51,89.937278
-1.085401,51,89.96185
-0.794473,50,90.21668
-0.845813,50,90.241083
-0.784727,51,90.267058
-0.801164,51,90.29283
-0.791212,51,90.316768
-0.825985,51,90.340536
-1.122125,51,90.365413
-0.867795,51,90.389949
-1.002805,51,90.413702
-0.953145,51,90.437581
-0.77802,51,90.462848
-0.924149,51,90.486634
-0.747574,51,90.511166
-0.801315,51,90.535689
-0.860253,51,90.559223
-1.115884,51,90.584866
-0.970284,51,90.608992
-1.025693,52,90.633751
-0.780375,51,90.659182
-0.699072,50,90.683365
-0.789926,50,90.708005
-1.008855,51,90.732078
-0.765874,51,90.757383
-0.815584,52,90.782307
-1.201253,51,90.80612
-0.826792,51,90.83151
-0.909933,51,90.855159
-1.071898,51,90.878851
-1.082129,51,90.903439
-0.832525,50,90.927316
-0.807585,51,90.951048
-1.231517,51,90.976484
-0.876715,51,91.000076
-1.065424,51,91.023732
-0.857268,51,91.049183
-0.955197,52,91.073258
-0.832975,51,91.098328
-0.850389,51,91.122206
-0.727071,50,91.145341
-0.960213,51,91.169624
-1.083666,51,91.194355
-0.803263,51,91.447721
-0.848368,51,91.472128
-0.835329,51,91.497119
-0.908454,51,91.520857
-0.773615,52,91.546571
-0.801517,50,91.570415
-0.708451,51,91.594515
-0.868257,52,91.620344
-0.859795,51,91.64403
-1.012053,51,91.6687
-0.72269,51,91.693372
-0.730574,50,91.716677
-0.946521,52,91.740941
-0.794349,51,91.766051
-0.907881,50,91.789379
-0.739718,51,91.814123
-0.856566,51,91.839059
-0.698146,52,91.863456
-1.001833,51,91.887491
-0.865468,51,91.912951
-0.732527,51,91.937142
-0.902935,51,91.961576
-0.895527,51,91.985713
-0.876617,51,92.010598
-0.830101,50,92.033758
-0.782934,51,92.058822
-1.001585,52,92.083221
-0.801425,51,92.106988
-0.850366,52,92.132658
-0.741426,50,92.155957
-0.983256,51,92.179604
-0.782586,51,92.204492
-0.748691,51,92.228658
-1.06628,51,92.252328
-0.716289,51,92.277662
-0.958836,51,92.301221
-0.91344,52,92.326011
-0.872619,50,92.350263
-0.994303,51,92.373857
-0.7157,51,92.397473
-0.741593,51,92.649737
-0.752674,51,92.674234
-0.971086,51,92.698223
-1.059767,51,92.722304
-0.866732,51,92.747402
-0.743485,51,92.771128
-0.838054,50,92.795585
-0.909603,50,92.819475
-0.846572,51,92.843256
-0.93894,51,92.867328
-1.038877,51,92.892396
-0.68739,51,92.916029
-0.829185,50,92.940473
-0.626318,51,92.964683
-0.807261,51,92.988207
-0.784217,52,93.014434
-0.951855,51,93.038326
-0.786349,50,93.061769
-0.816831,51,93.086539
-0.705368,51,93.110742
-0.841349,51,93.135155
-0.729463,50,93.158664
-0.708516,50,93.182396
-0.675059,51,93.206525
-0.682725,51,93.231249
-1.084697,51,93.254781
-0.695186,50,93.279482
-0.824434,51,93.303347
-0.872863,51,93.326923
-1.118142,51,93.351293
-1.014018,52,93.376431
-0.892303,51,93.40007
-0.793289,52,93.424061
-0.882065,51,93.449418
-0.85704,51,93.473146
-0.925855,51,93.497285
-0.925551,51,93.521236
-0.703441,51,93.545636
-1.069671,51,93.569205
-0.928636,51,93.594442
-0.708742,50,93.850528
-0.888678,51,93.875494
-0.741834,51,93.899433
-0.807415,51,93.923109
-0.732586,52,93.94901
-0.832541,51,93.972618
-0.708463,52,93.99737
-0.753179,51,94.021302
-0.697947,51,94.045755
-0.864926,51,94.069282
-0.90819,50,94.094075
-0.830129,52,94.118188
-0.752286,52,94.142332
-0.934153,51,94.166833
-0.722382,52,94.191716
-0.845828,51,94.21522
-0.98144,51,94.240593
-0.89216,50,94.264242
-0.778294,51,94.288582
-0.772849,51,94.312687
-0.809628,52,94.337196
-0.847324,50,94.3615
-0.746947,51,94.385338
-0.984925,50,94.408778
-0.808719,52,94.434579
-0.96298,51,94.458187
-0.75,50,94.482188
-0.748528,50,94.505745
-0.77992,50,94.529414
-0.769427,50,94.552688
-1.002866,51,94.577833
-0.692569,51,94.601412
-0.789665,51,94.624839
-1.131326,51,94.649743
-0.939032,52,94.674242
-0.697878,51,94.697919
-0.963714,51,94.721879
-0.990012,51,94.746748
-0.771097,51,94.770143
-0.766148,51,94.794918
-0.839001,50,95.045127
-1.039211,51,95.070496
-0.727239,51,95.094575
-0.859781,51,95.118405
-0.682996,50,95.142097
-1.003279,51,95.166997
-0.765265,51,95.190555
-0.808089,51,95.214104
-0.738359,51,95.239186
-0.815464,51,95.262766
-0.768731,50,95.285804
-0.847617,51,95.310144
-0.809316,51,95.334367
-0.826969,51,95.357869
-0.781016,51,95.381439
-0.732254,51,95.406203
-0.737549,51,95.42981
-1.043413,51,95.454525
-0.806013,50,95.478155
-0.703235,51,95.502307
-0.647537,51,95.526243
-1.033363,51,95.550357
-0.685758,51,95.575315
-0.807785,52,95.599759
-0.678839,50,95.623069
-0.757642,51,95.648064
-0.788465,51,95.671952
-0.872835,50,95.695016
-0.862778,51,95.719271
-0.805514,51,95.74361
-0.874566,51,95.767189
-0.839419,51,95.790668
-0.926064,51,95.815744
-0.823919,51,95.839178
-1.06558,51,95.863511
-0.844395,52,95.887792
-0.895397,51,95.912008
-0.957493,51,95.935432
-0.703621,51,95.959135
-0.78679,52,95.98464
-0.989396,51,96.232934
-0.741439,51,96.257219
-0.769483,52,96.282763
-0.808917,52,96.307482
-0.730901,51,96.331719
-0.72828,51,96.355451
-0.843177,51,96.379486
-0.861681,51,96.404545
-1.035218,51,96.428235
-0.734053,51,96.451864
-1.116082,52,96.477154
-0.749797,51,96.501133
-0.781435,51,96.524931
-0.817635,51,96.54882
-0.769476,52,96.574213
-0.804284,51,96.597837
-0.761521,51,96.622406
-0.812774,51,96.646538
-0.729067,51,96.670729
-0.813961,52,96.695269
-0.65041,52,96.720921
-0.782201,52,96.745288
-0.733273,51,96.769219
-0.729449,51,96.793027
-0.723238,51,96.8169
-0.806037,51,96.842308
-1.026603,51,96.865882
-0.969225,51,96.889459
-0.772007,52,96.914228
-1.137043,51,96.938669
-0.687568,51,96.962174
-0.812287,51,96.985692
-0.788962,51,97.010931
-0.641654,50,97.03395
-0.930613,51,97.057537
-0.939292,51,97.082185
-0.837805,51,97.106292
-0.825669,51,97.129791
-0.831711,51,97.153602
-0.808302,51,97.178417
-0.759011,51,97.428852
-0.742161,51,97.454151
-0.843462,51,97.478045
-0.992797,51,97.501883
-0.775606,51,97.527134
-0.728398,51,97.551039
-0.783258,51,97.574626
-0.776562,51,97.598975
-0.737225,50,97.62318
-0.965273,52,97.647279
-0.803428,51,97.670887
-0.968154,51,97.696224
-0.813529,51,97.71973
-0.69535,51,97.743958
-0.789656,52,97.769096
-0.944432,51,97.792572
-0.745579,51,97.815854
-0.896455,51,97.841322
-0.686919,52,97.865805
-0.889277,51,97.890246
-0.906578,51,97.914501
-0.857352,51,97.939394
-0.853139,51,97.963341
-0.733035,51,97.988465
-0.774916,52,98.012956
-0.74015,50,98.03643
-0.813855,51,98.060082
-0.771985,51,98.084518
-0.996653,51,98.108839
-0.602066,51,98.132261
-0.766601,51,98.15589
-0.820402,51,98.180964
-0.771626,51,98.204443
-0.79375,51,98.228803
-0.764571,52,98.25307
-0.77485,51,98.277075
-1.028154,51,98.300589
-0.675363,51,98.324401
-0.707708,50,98.348623
-0.943514,51,98.372204
-0.80978,51,98.62191
-0.750571,51,98.646142
-0.786676,51,98.671513
-0.709514,51,98.695499
-0.841242,51,98.719517
-0.871158,51,98.743384
-0.910808,51,98.768979
-0.764764,51,98.79289
-0.827887,51,98.816594
-0.767311,51,98.841861
-0.929349,51,98.865498
-0.658054,51,98.889022
-0.800844,52,98.913905
-0.997073,51,98.937863
-0.686839,51,98.96202
-0.719018,51,98.985691
-0.811373,51,99.00957
-0.695832,50,99.033975
-1.05363,51,99.057817
-0.794369,52,99.083368
-0.826295,51,99.108022
-0.894145,51,99.132001
-0.778134,51,99.15601
-0.804569,51,99.181584
-0.795597,51,99.205408
-0.692313,51,99.229164
-0.898607,51,99.25288
-0.916465,51,99.277769
-0.768921,50,99.301181
-0.728306,51,99.324738
-0.669342,51,99.348922
-0.858456,51,99.372739
-0.741125,51,99.397028
-0.833889,51,99.420513
-0.75082,51,99.445683
-0.863134,51,99.469183
-0.79293,51,99.492657
-0.82286,51,99.517177
-0.824711,51,99.541027
-0.798401,52,99.565637
-0.739503,50,99.589083
-0.786951,51,99.840615
-0.762332,51,99.865019
-0.784503,51,99.889235
-0.761219,50,99.913929
-0.710827,50,99.937179
-0.963567,51,99.960756
-0.745256,51,99.98596
-0.668142,52,100.010183
-0.912417,51,100.033618
-0.831856,51,100.05791
-0.817899,51,100.081759
-0.819752,51,100.105989
-0.804086,51,100.129483
-0.949153,51,100.153302
-0.745774,50,100.177849
-0.84977,52,100.201883
-0.701818,50,100.224908
-0.79989,51,100.250008
-0.905005,51,100.274197
-0.828297,51,100.298402
-0.83111,51,100.322521
-0.934937,51,100.346532
-0.707399,51,100.371134
-0.773552,51,100.394773
-0.654187,51,100.418648
-0.805953,52,100.443029
-0.733742,52,100.468719
-0.731917,51,100.492107
-0.70821,52,100.516022
-0.802171,51,100.540886
-0.690537,51,100.56464
-0.881342,52,100.588746
-0.850255,51,100.612712
-0.83955,51,100.637434
-0.88645,51,100.660794
-0.730657,51,100.684196
-0.878484,51,100.709129
-0.896496,51,100.732678
-0.815286,52,100.756602
-1.01506,51,100.83067
-0.746915,50,101.091066
-0.739779,51,101.116577
-0.725563,50,101.140491
-0.732577,51,101.16447
-0.74374,50,101.188276
-0.869521,52,101.213753
-0.766325,51,101.238853
-0.688016,50,101.263077
-0.797623,50,101.288248
-0.768783,50,101.311528
-0.760226,52,101.337142
-0.794458,51,101.360952
-0.767342,52,101.385368
-0.963824,51,101.409087
-0.794228,51,101.433641
-0.662798,50,101.456633
-0.666123,51,101.481674
-0.767935,52,101.505576
-0.758443,51,101.529683
-0.791361,51,101.553739
-0.855001,51,101.578445
-0.693036,51,101.602071
-0.63022,50,101.625309
-0.770495,52,101.651212
-0.84851,51,101.675074
-0.717434,52,101.699407
-0.721719,51,101.723977
-0.722028,50,101.747434
-0.717782,52,101.771889
-0.67638,51,101.795304
-0.866602,51,101.820348
-0.763663,51,101.843891
-0.713065,51,101.867291
-0.745248,51,101.891867
-1.042299,51,101.915905
-0.820326,51,101.939686
-0.872003,51,101.963508
-0.681349,50,101.987857
-0.931121,51,102.01132
-0.753461,51,102.034749
-0.820983,51,102.286029
-0.736175,52,102.310674
-0.626624,51,102.336123
-0.748123,51,102.360132
-0.815202,51,102.384326
-0.721945,51,102.40816
-0.76689,50,102.43223
-0.820658,51,102.455794
-0.7554,51,102.479348
-0.828155,51,102.504608
-0.74693,50,102.527553
-1.0075,51,102.551875
-0.722404,50,102.575216
-0.79765,50,102.598777
-0.934701,51,102.622502
-0.633808,51,102.64747
-0.88666,51,102.671064
-0.691873,51,102.694469
-0.86628,51,102.718974
-0.846812,51,102.742996
-0.766143,52,102.767429
-0.695201,52,102.792037
-1.096148,51,102.816138
-0.691943,51,102.84034
-0.958827,51,102.864844
-0.88031,51,102.888582
-0.863647,52,102.912998
-0.772524,50,102.937944
-0.727097,51,102.961655
-0.835549,51,102.986009
-0.81847,50,103.00933
-0.830147,51,103.03311
-0.813202,50,103.056354
-0.707698,51,103.08003
-0.756631,51,103.104566
-0.772609,51,103.127988
-0.80202,51,103.152884
-0.893577,51,103.177723
-0.737783,52,103.202463
-0.525176,50,103.226224
-0.755623,51,103.475326
-0.895544,51,103.500282
-0.742225,51,103.524636
-0.80199,51,103.549405
-0.900204,51,103.573394
-0.864945,51,103.598838
-0.815758,50,103.62227
-0.707348,51,103.645922
-0.734804,50,103.670062
-0.722165,52,103.694497
-0.785678,51,103.718794
-0.720135,50,103.742001
-0.800207,51,103.767496
-0.83557,51,103.791148
-0.67521,52,103.815453
-0.825483,51,103.840204
-0.741857,51,103.864556
-0.907497,52,103.888691
-0.766203,51,103.912372
-0.765661,51,103.937528
-0.964532,50,103.960968
-0.767359,52,103.986295
-0.799191,51,104.010528
-0.711761,52,104.03567
-0.795726,51,104.059716
-0.708345,51,104.085309
-0.729791,51,104.109337
-0.68777,51,104.133283
-0.669574,50,104.157302
-0.676211,50,104.181476
-0.806153,50,104.204654
-0.890731,52,104.230465
-0.750205,51,104.254341
-1.069335,51,104.278271
-0.779083,51,104.303122
-0.931393,51,104.326765
-0.826128,51,104.350287
-0.892018,51,104.375325
-0.729054,50,104.398661
-0.73443,51,104.422589
-0.644877,52,104.672911
-0.796331,51,104.697889
-0.779279,51,104.722288
-0.815597,51,104.747187
-0.785906,51,104.771094
-0.846361,50,104.796096
-0.655939,50,104.81957
-0.785926,52,104.843758
-0.896319,51,104.86815
-0.725351,51,104.892262
-0.75828,51,104.916802
-0.720449,51,104.94048
-0.80978,50,104.963914
-0.65567,51,104.989297
-0.835678,51,105.01294
-0.660531,52,105.037136
-0.758944,51,105.06191
-0.776238,52,105.086735
-1.015099,52,105.110898
-0.798607,51,105.134578
-0.70588,50,105.159764
-0.741882,51,105.18376
-0.724009,51,105.207743
-0.713609,52,105.233199
-0.730575,51,105.257382
-0.951382,51,105.281359
-0.704334,51,105.30528
-0.808419,51,105.32913
-0.743525,51,105.353776
-0.758931,51,105.377843
-0.774017,51,105.402163
-0.719675,51,105.425688
-0.815473,51,105.449516
-0.715043,51,105.474509
-0.851407,51,105.498106
-0.873061,51,105.521633
-0.924529,51,105.546612
-0.720121,51,105.570402
-0.851147,51,105.594291
-0.687632,50,105.617879
-0.860238,51,105.869853
-0.68654,51,105.894153
-0.755785,52,105.919399
-0.670335,51,105.943515
-0.800584,51,105.968087
-0.72837,52,105.99237
-0.870909,51,106.016093
-0.821611,51,106.041302
-0.723962,51,106.064893
-0.799195,51,106.088533
-0.756773,51,106.113451
-0.762218,51,106.137517
-0.591191,50,106.160893
-0.721578,51,106.184823
-0.867567,52,106.210073
-0.97077,51,106.233621
-0.699063,51,106.258372
-0.837136,50,106.281848
-0.788411,52,106.306102
-0.802978,51,106.329946
-0.781235,51,106.354764
-0.849316,51,106.378588
-0.927624,51,106.40366
-0.743242,52,106.428669
-0.825989,51,106.452643
-0.83747,52,106.477319
-0.748916,51,106.502673
-0.640762,51,106.52647
-0.830119,52,106.551568
-0.691116,50,106.575089
-0.878591,51,106.599297
-0.721964,51,106.622871
-0.804414,51,106.648065
-0.91138,51,106.671591
-0.768458,52,106.696142
-0.636131,51,106.719947
-0.704912,51,106.744268
-0.795094,51,106.767717
-0.707534,52,106.79344
-0.705573,51,106.817121
-0.884146,51,107.066679
-0.770394,51,107.091126
-0.740292,51,107.115181
-0.893716,51,107.140203
-0.788031,50,107.164296
-0.81459,51,107.188137
-0.806575,51,107.212119
-0.730859,50,107.237064
-0.810064,52,107.261374
-0.777836,51,107.285128
-0.804334,51,107.310004
-0.843397,52,107.334328
-0.719936,50,107.357749
-0.676607,51,107.381848
-0.856324,51,107.406742
-0.762421,50,107.429797
-0.778347,50,107.452924
-0.678353,51,107.478062
-0.844476,51,107.501718
-0.789191,52,107.525709
-0.804433,51,107.549941
-0.833688,51,107.574834
-0.811427,51,107.598835
-0.679472,51,107.624151
-0.744136,51,107.648419
-0.862892,50,107.672305
-0.849417,51,107.696552
-0.76165,51,107.721578
-0.843238,51,107.745422
-0.940607,51,107.769151
-0.635475,50,107.792337
-0.837466,51,107.817586
-0.842077,51,107.841132
-0.765096,51,107.865627
-0.866924,50,107.889066
-0.725848,51,107.913089
-0.748124,51,107.936776
-0.726859,51,107.960601
-0.848498,51,107.985496
-0.837357,51,108.00898
-0.873254,51,108.033737
-0.859833,52,108.28351
-0.635072,50,108.308564
-0.878014,51,108.332814
-0.766536,51,108.356839
-0.770411,51,108.381113
-0.66612,51,108.405145
-0.791105,52,108.430319
-0.680874,51,108.453983
-0.721831,51,108.477713
-0.774945,51,108.503087
-0.763801,51,108.52661
-0.755271,50,108.549659
-0.721413,51,108.574196
-0.846607,51,108.598423
-0.782621,50,108.621643
-0.701144,50,108.645273
-0.814345,51,108.670343
-0.752095,51,108.693933
-0.665763,50,108.717099
-0.858763,51,108.742024
-0.726783,51,108.765914
-0.697338,51,108.79014
-0.716852,51,108.814283
-0.756333,51,108.838409
-0.686349,51,108.863056
-0.760797,52,108.887437
-0.63763,51,108.911255
-0.712384,50,108.93502
-0.614046,51,108.960168
-0.72233,51,108.98372
-0.808538,51,109.007328
-0.861074,52,109.032756
-0.764754,50,109.056255
-0.768729,51,109.079835
-0.7481,51,109.104088
-0.703393,51,109.128723
-0.790675,51,109.152172
-0.677343,52,109.176186
-0.702185,51,109.201378
-0.727184,50,109.224483
-0.709892,51,109.473182
-0.655403,51,109.49734
-0.787467,51,109.522468
-0.767457,51,109.547144
-0.751872,51,109.571143
-0.706054,50,109.594705
-0.902753,51,109.619988
-0.931272,51,109.643665
-0.720789,51,109.667435
-0.685231,51,109.692357
-0.895292,51,109.716355
-0.684536,51,109.740241
-0.780902,51,109.764211
-0.652893,51,109.789336
-0.906217,51,109.813035
-0.802178,51,109.836621
-0.748036,51,109.861721
-0.886411,51,109.885705
-0.702292,52,109.910221
-0.749651,51,109.935293
-0.814829,51,109.958816
-0.743754,51,109.982691
-0.734681,51,110.007843
-0.701578,52,110.032802
-0.690149,51,110.056777
-0.833687,51,110.080971
-0.736627,51,110.106252
-0.886979,51,110.130171
-0.792527,51,110.154993
-0.744653,52,110.179435
-0.852555,51,110.203634
-0.831421,51,110.227296
-0.760029,50,110.250879
-0.654777,52,110.276348
-0.787705,51,110.299978
-0.858318,51,110.324706
-0.810234,51,110.348648
-0.747432,50,110.37202
-0.722193,51,110.395952
-0.817251,51,110.419901
-0.763686,51,110.669237
-0.731027,51,110.693801
-0.680513,51,110.718859
-0.701351,51,110.742812
-0.779411,51,110.768157
-0.688007,50,110.791807
-0.656654,50,110.815139
-0.825295,50,110.839329
-0.752343,51,110.863428
-0.800559,51,110.887862
-0.835199,51,110.911685
-0.796043,50,110.935182
-0.71391,50,110.960032
-0.769504,51,110.983649
-0.688225,52,111.008831
-0.741466,52,111.033294
-0.676358,51,111.057629
-0.816177,51,111.081304
-0.855814,51,111.105306
-0.715885,52,111.130837
-0.656435,52,111.15491
-0.781103,51,111.179763
-0.726852,51,111.204049
-0.821752,51,111.22867
-0.711629,51,111.252648
-0.733288,51,111.278374
-0.738475,51,111.302287
-0.781484,51,111.326072
-0.764861,51,111.349882
-0.879693,51,111.373598
-0.815404,51,111.398759
-0.742117,52,111.42325
-0.781572,51,111.446982
-0.824927,51,111.471254
-0.636862,50,111.495675
-0.817934,51,111.519302
-0.804633,50,111.542362
-0.779296,51,111.567753
-0.821929,51,111.591374
-0.795627,51,111.615555
-0.771928,52,111.872675
-0.702146,52,111.898233
-0.645837,50,111.92197
-0.82768,51,111.94636
-0.613646,50,111.971521
-0.644819,51,111.995476
-0.790859,51,112.019385
-0.822482,51,112.044298
-0.64388,50,112.067995
-0.811577,51,112.092078
-0.873515,51,112.116229
-0.853382,52,112.141963
-0.781821,52,112.166288
-0.686481,50,112.189691
-0.741632,51,112.214655
-0.778941,51,112.238898
-0.754442,51,112.263055
-0.752491,50,112.286776
-0.69199,51,112.310676
-0.70148,51,112.335336
-0.875298,52,112.359467
-0.853997,52,112.385127
-0.808308,51,112.409626
-0.794224,51,112.43388
-0.900879,52,112.458717
-0.713869,51,112.483958
-0.854409,51,112.50793
-0.725894,51,112.531797
-0.760228,51,112.555687
-0.727008,50,112.580649
-0.817318,50,112.604114
-0.811703,51,112.627755
-0.69867,51,112.65224
-0.678274,52,112.677469
-0.809446,52,112.701666
-0.741364,52,112.725848
-0.821349,51,112.751325
-0.787464,51,112.775172
-0.863426,51,112.798869
-0.669385,50,112.823001
-0.642062,50,113.071426
-0.723905,50,113.095609
-0.745497,51,113.120023
-0.806977,51,113.144275
-0.796916,51,113.169672
-0.940106,51,113.193408
-0.88275,51,113.217223
-0.698242,51,113.242066
-0.739666,51,113.266061
-0.696759,51,113.290062
-0.712053,52,113.314546
-0.770427,51,113.338488
-0.716454,52,113.363721
-0.693418,51,113.387304
-0.675558,50,113.410524
-0.732641,51,113.435949
-0.871815,51,113.45982
-0.722945,52,113.484032
-0.771583,51,113.561552
-0.810684,52,113.587749
-0.666539,51,113.614511
-0.828639,51,113.642536
-0.794928,51,113.667752
-0.788866,51,113.694776
-0.899011,51,113.718984
-0.674119,52,113.743612
-0.739929,51,113.768778
-0.711269,50,113.792973
-0.703353,51,113.817027
-0.793093,51,113.841153
-0.75272,52,113.866807
-0.705355,50,113.889938
-0.661891,51,113.913415
-0.864538,51,113.938319
-0.740445,52,113.962773
-0.727827,52,113.986882
-0.708988,50,114.010289
-0.893517,51,114.035218
-0.674943,51,114.058716
-0.728393,51,114.082311
-0.643848,52,114.33253
-0.85838,51,114.357118
-0.816365,51,114.382657
-0.742087,51,114.406709
-0.851494,51,114.430969
-0.792799,51,114.45496
-0.740394,51,114.479673
-0.743598,51,114.503295
-0.731607,50,114.528036
-0.896012,51,114.551765
-0.690744,51,114.575266
-0.671845,51,114.599623
-0.72403,50,114.623003
-0.7363,51,114.647017
-0.68256,51,114.670615
-0.865951,51,114.69577
-0.801543,51,114.719372
-0.785918,51,114.742965
-0.866983,51,114.767698
-0.865696,51,114.7916
-0.683358,51,114.815266
-0.731824,51,114.839093
-0.685603,51,114.864315
-0.768588,51,114.888173
-0.718151,51,114.913031
-0.629402,51,114.937195
-0.81633,51,114.961551
-0.767246,51,114.985724
-0.7434,51,115.01127
-0.775189,51,115.035088
-0.982022,51,115.058721
-0.849176,51,115.083423
-0.708571,51,115.107215
-0.631532,50,115.130517
-0.819517,51,115.154404
-0.750218,50,115.178746
-0.783248,51,115.202298
-0.769314,50,115.22527
-0.78268,51,115.250327
-0.745714,51,115.273899
-0.78983,51,115.297928
-0.82726,52,115.546275
-0.73833,51,115.571215
-0.729958,50,115.595462
-0.672341,51,115.619363
-0.817745,52,115.645214
-0.749961,51,115.66916
-0.668859,51,115.692813
-0.824898,51,115.717114
-0.811167,51,115.740996
-0.623994,50,115.764851
-0.766331,51,115.788405
-0.78272,50,115.813207
-0.869674,51,115.836826
-0.763848,50,115.859807
-0.835605,51,115.884501
-0.818268,51,115.908472
-0.872523,51,115.932306
-0.691507,51,115.95623
-0.808974,51,115.981123
-0.64112,51,116.004669
-0.967247,51,116.028115
-0.735745,51,116.053211
-0.647661,51,116.07721
-0.723516,50,116.100575
-0.614323,50,116.124719
-0.724258,52,116.149291
-0.643256,50,116.173005
-0.921115,51,116.197154
-0.87224,51,116.221167
-0.899914,51,116.245215
-0.659205,50,116.269643
-0.763094,52,116.293743
-0.837083,51,116.317221
-0.748004,50,116.341907
-0.84266,52,116.36616
-0.713681,52,116.39013
-0.735431,51,116.414281
-0.634444,51,116.438701
-0.793407,50,116.461708
-0.742196,50,116.48476
-0.88177,51,116.733806
-0.717417,51,116.758086
-0.709315,51,116.783328
-0.647642,52,116.807728
-0.72336,51,116.832402
-0.845779,51,116.85642
-0.885305,51,116.880413
-0.825051,52,116.90463
-0.702707,51,116.928548
-0.769803,51,116.953435
-0.779085,51,116.976982
-0.749269,50,116.999972
-0.669294,52,117.025557
-0.815591,51,117.049178
-0.721677,51,117.073097
-0.716495,51,117.096944
-0.856268,51,117.121453
-0.714748,51,117.144876
-0.790997,50,117.167969
-0.722327,51,117.193181
-0.658446,51,117.216618
-0.744228,51,117.240788
-0.633435,52,117.265362
-0.815293,50,117.289469
-0.735019,52,117.313641
-0.781692,51,117.337565
-0.854659,51,117.361543
-0.703102,51,117.386456
-0.838866,51,117.410084
-0.694471,51,117.433705
-0.809822,51,117.457342
-0.814784,51,117.482588
-0.738774,51,117.505984
-0.695866,51,117.529334
-0.661503,52,117.554381
-0.757156,51,117.578153
-0.766789,51,117.60198
-0.709085,51,117.625657
-0.719708,50,117.649015
-0.734429,51,117.673498
-0.766615,51,117.922109
-0.716289,52,117.946576
-0.702708,51,117.970395
-0.626537,50,117.995428
-0.685248,51,118.019195
-0.940768,51,118.042949
-0.703903,51,118.067359
-0.794385,51,118.091664
-0.823322,51,118.115225
-0.670876,52,118.139362
-0.681204,52,118.165121
-0.768733,51,118.188661
-0.803839,51,118.212088
-0.757906,51,118.236727
-0.723543,50,118.260101
-0.767494,51,118.283772
-0.784719,51,118.30765
-0.72493,51,118.331432
-0.937956,51,118.355823
-0.835046,51,118.379402
-0.750503,51,118.402936
-0.660719,50,118.427655
-0.770607,52,118.451528
-0.718458,51,118.476187
-0.658497,51,118.500413
-0.908519,51,118.525017
-0.76914,50,118.548408
-0.826468,51,118.573952
-0.753639,50,118.597228
-0.753688,51,118.620934
-0.759648,51,118.644677
-0.708725,50,118.66924
-0.776491,51,118.693
-0.749517,51,118.716398
-0.721928,52,118.740995
-0.781879,50,118.764358
-0.779251,51,118.789709
-0.633298,51,118.8138
-0.798818,51,118.837714
-0.63317,51,118.861641
-0.74357,51,119.112221
-0.809232,51,119.136657
-0.764898,50,119.160637
-0.774188,51,119.185526
-0.767217,51,119.209416
-0.771772,51,119.234586
-0.825718,51,119.258505
-0.758472,51,119.282193
-0.718831,51,119.30634
-0.810387,51,119.330277
-0.748722,52,119.35527
-0.72216,51,119.378834
-0.871945,51,119.402486
-0.667743,51,119.427875
-0.865812,51,119.451497
-0.929526,51,119.475994
-0.780875,51,119.499854
-0.787908,51,119.524068
-0.702644,51,119.547616
-0.77272,51,119.571547
-0.746137,52,119.597081
-0.776057,51,119.620593
-0.835179,51,119.643971
-1.064725,51,119.669472
-0.75548,51,119.693202
-0.854242,50,119.716664
-0.802765,51,119.740756
-0.779414,51,119.764659
-0.716224,51,119.789469
-0.74496,51,119.813269
-0.91317,51,119.837099
-0.646416,51,119.861064
-0.695928,51,119.886317
-0.698399,50,119.909395
-0.746507,51,119.932878
-0.828271,51,119.957741
-1.011433,51,119.981703
-0.69159,51,120.005249
-0.898859,51,120.029515
-0.758886,51,120.053601
-0.943601,51,120.301164
-0.722714,52,120.326828
-0.772473,51,120.350794
-0.759265,51,120.374825
-0.748438,51,120.40032
-0.754896,51,120.424137
-0.767355,51,120.447851
-0.700486,50,120.472391
-0.703212,51,120.496387
-0.710675,51,120.5204
-0.815305,51,120.544536
-0.832437,51,120.568558
-0.829477,51,120.593286
-0.714096,52,120.617392
-0.626421,51,120.641075
-0.821444,52,120.666806
-0.715391,51,120.690601
-0.930557,51,120.714782
-1.022363,51,120.738713
-0.693958,50,120.762796
-0.754158,51,120.786383
-0.813822,51,120.81006
-0.833942,51,120.835289
-0.661495,50,120.858325
-0.841385,51,120.88306
-0.672498,51,120.907193
-0.808954,51,120.931709
-0.716688,51,120.95571
-0.711691,52,120.981811
-0.722408,51,121.005927
-0.737624,51,121.029774
-0.87149,52,121.054819
-0.711944,52,121.080107
-0.793576,51,121.103679
-0.75181,51,121.127106
-0.697328,52,121.152639
-0.695109,51,121.176216
-0.723569,50,121.199335
-0.668676,50,121.223371
-0.697013,52,121.248096
-0.714521,51,121.271564
-0.802881,51,121.522264
-0.942683,51,121.546562
-0.808819,51,121.570588
-0.645892,51,121.59472
-0.789075,51,121.619745
-0.744727,52,121.644054
-0.723304,51,121.668866
-0.713485,51,121.69278
-0.844907,51,121.716766
-0.759692,52,121.741186
-0.674119,51,121.766219
-0.755954,52,121.790416
-0.81577,51,121.814006
-0.76919,52,121.839382
-0.759239,51,121.863514
-0.727374,51,121.887264
-0.82963,52,121.911644
-0.756509,51,121.936634
-0.904175,51,121.960196
-0.729414,50,121.983286
-0.767825,51,122.008567
-0.667986,51,122.032388
-0.717576,52,122.056546
-0.697,50,122.080291
-0.751818,51,122.105306
-0.789753,51,122.129147
-0.822251,51,122.153031
-0.856645,51,122.178396
-0.700249,51,122.202316
-0.828955,51,122.226097
-0.641998,52,122.250386
-0.786392,51,122.275122
-0.869424,51,122.298889
-1.005114,51,122.322808
-0.923617,52,122.347063
-0.618392,50,122.371783
-0.841682,51,122.395326
-0.867913,51,122.418884
-0.690422,51,122.44371
-0.787852,51,122.46772
-0.734358,50,122.716122
-0.645899,52,122.741041
-0.727171,52,122.765659
-0.718606,52,122.791317
-0.863158,51,122.815067
-0.745676,52,122.839278
-0.841183,51,122.864337
-0.771614,50,122.887809
-0.737072,51,122.91176
-0.850596,51,122.935685
-0.715045,51,122.960382
-0.784041,51,122.983846
-0.801576,51,123.007365
-0.67314,50,123.032248
-0.676137,52,123.056435
-0.735624,50,123.07962
-0.816742,50,123.103757
-0.823291,51,123.128076
-0.756762,51,123.151626
-0.683228,52,123.17577
-0.720348,51,123.200929
-0.840487,51,123.224435
-0.792099,51,123.248681
-0.73639,50,123.272112
-0.672326,50,123.296061
-0.781492,51,123.32013
-0.71445,51,123.345538
-0.753702,51,123.369462
-0.650168,51,123.394194
-0.844061,51,123.418355
-0.702741,51,123.442831
-0.840166,51,123.466668
-0.750485,51,123.492137
-0.755105,51,123.515648
-0.768552,51,123.539261
-0.78499,51,123.563885
-0.75021,51,123.588244
-0.86268,51,123.612002
-0.600233,51,123.635787
-0.696841,51,123.66083
-0.821351,51,123.911747
-0.631385,51,123.935806
-0.861573,51,123.9606
-0.645596,51,123.984781
-0.936186,51,124.009338
-0.732316,50,124.032873
-0.770572,51,124.058123
-0.731094,51,124.081642
-0.734717,50,124.104825
-0.683861,51,124.129355
-0.674741,50,124.15281
-0.74677,51,124.176777
-0.831187,50,124.200248
-0.788264,51,124.2251
-0.910999,51,124.24862
-0.69712,50,124.271652
-0.700161,50,124.296306
-0.917571,51,124.319961
-0.656887,52,124.344077
-0.690806,50,124.367847
-0.831029,51,124.392341
-0.659685,51,124.415817
-0.736719,50,124.440494
-0.725574,51,124.464058
-0.783897,51,124.487617
-0.741065,51,124.512212
-0.70615,50,124.536362
-0.763422,51,124.560121
-0.941441,51,124.583895
-0.972591,52,124.609803
-0.762605,52,124.634009
-0.761391,51,124.657785
-0.938488,51,124.68236
-0.852027,51,124.706261
-0.747023,51,124.73017
-0.723689,52,124.754307
-0.639408,51,124.778091
-0.753549,51,124.802734
-0.74758,51,124.826055
-0.777617,51,124.849468
-0.801485,51,125.100887
-0.859067,51,125.125136
-0.862723,51,125.151152
-0.755484,51,125.176872
-0.664133,51,125.200755
-0.856359,51,125.224392
-0.80811,51,125.248817
-0.901506,51,125.273156
-0.786909,50,125.296156
-0.737722,51,125.319825
-0.740064,51,125.344811
-0.640982,51,125.368344
-0.746499,51,125.392933
-0.667125,51,125.41681
-0.758171,51,125.440787
-0.942273,51,125.464404
-0.761419,51,125.489393
-0.803854,51,125.51282
-0.887669,51,125.536198
-0.878796,51,125.561145
-0.771845,51,125.585011
-0.677663,52,125.609194
-0.725149,51,125.632967
-0.734729,51,125.657569
-0.76202,52,125.681358
-0.86263,51,125.706389
-0.922712,52,125.731214
-0.787798,52,125.755457
-0.769481,51,125.779549
-0.763991,51,125.804779
-0.731267,52,125.829137
-0.7118,51,125.852958
-0.730257,51,125.8768
-0.682741,51,125.901985
-0.689404,50,125.925329
-0.650128,51,125.948789
-0.774532,51,125.973013
-0.765149,51,125.997448
-0.816266,51,126.020776
-0.701856,51,126.044511
-0.811561,51,126.293632
-0.712936,51,126.319263
-0.690846,51,126.381547
-0.834185,51,126.420772
-0.79593,51,126.448167
-0.71078,50,126.475009
-0.646013,51,126.500049
-0.862764,51,126.524717
-0.66502,51,126.548677
-0.716506,52,126.573289
-0.709129,50,126.596591
-0.65149,51,126.621702
-0.726368,51,126.645226
-0.886729,51,126.669848
-0.6066,51,126.69356
-0.767816,52,126.718082
-0.942876,52,126.742136
-0.718903,51,126.767235
-0.709401,50,126.790415
-0.754539,50,126.813525
-0.679786,50,126.837948
-0.820752,51,126.861861
-0.787769,51,126.885686
-0.759726,51,126.90946
-0.668303,50,126.933619
-0.849555,51,126.956809
-0.688605,51,126.981893
-0.81463,52,127.006549
-0.787088,51,127.030444
-0.758155,51,127.055728
-0.68232,51,127.079415
-0.640088,51,127.103056
-0.705259,51,127.127964
-0.742176,51,127.151963
-0.8829,51,127.175731
-0.688106,51,127.199736
-0.723437,51,127.223429
-0.79642,51,127.247676
-0.851431,51,127.271282
-0.753118,51,127.296296
-0.772792,52,127.546072
-0.816188,51,127.570451
-0.729662,50,127.595499
-0.820357,51,127.619629
-0.639535,50,127.643097
-0.789139,51,127.668724
-0.735322,51,127.692544
-0.77111,52,127.716694
-0.767448,51,127.741959
-0.799186,52,127.766003
-0.665075,51,127.789469
-0.846048,52,127.814372
-0.67868,52,127.839267
-0.732312,51,127.862725
-0.804061,51,127.887618
-0.809165,51,127.911274
-0.724165,51,127.934819
-0.856441,51,127.958964
-0.806101,52,127.98379
-0.664256,52,128.007808
-0.629563,51,128.032716
-0.670657,51,128.056832
-0.645996,51,128.08036
-0.814496,51,128.104392
-0.712614,51,128.129072
-0.673101,51,128.152288
-0.64087,51,128.177175
-0.812139,50,128.200993
-0.77766,51,128.225199
-0.822643,51,128.250423
-0.709263,51,128.274309
-0.617768,51,128.298032
-0.773767,51,128.323108
-0.742254,51,128.347235
-0.693934,51,128.371002
-0.724314,52,128.395405
-0.751889,51,128.420182
-0.715917,51,128.443522
-0.878313,51,128.46696
-0.706802,51,128.491938
-0.664702,51,128.73948
-0.743471,50,128.763615
-0.751904,50,128.788395
-0.859749,51,128.81223
-0.76722,51,128.835948
-0.748703,51,128.861145
-0.7419,52,128.885801
-0.686049,52,128.910136
-0.652177,51,128.935228
-0.79938,51,128.958848
-0.746037,50,128.981825
-0.686726,51,129.006638
-0.674623,51,129.030534
-0.682258,50,129.053889
-0.676003,52,129.078263
-0.687171,51,129.103022
-0.761944,50,129.12618
-0.749785,51,129.151013
-0.852928,52,129.175491
-0.727266,51,129.199377
-0.69294,51,129.224369
-0.760671,51,129.248058
-0.78131,51,129.271547
-0.767116,51,129.296424
-0.641432,51,129.320456
-0.774458,51,129.344237
-0.84763,51,129.369171
-0.703442,50,129.39235
-0.775611,52,129.417737
-0.736888,51,129.441799
-0.663492,51,129.466081
-0.962599,51,129.489959
-0.779638,51,129.514004
-0.803957,51,129.538141
-0.70452,51,129.563045
-0.707203,50,129.586405
-0.63972,51,129.610031
-0.734416,50,129.634852
-0.817858,51,129.658353
-0.710472,51,129.682599
-0.803192,51,129.707267
-0.589498,50,129.955482
-0.814806,51,129.980595
-0.665449,51,130.00491
-0.735054,51,130.028862
-0.719869,51,130.054515
-0.798723,52,130.078815
-0.693256,50,130.101966
-0.844557,51,130.126707
-0.687034,50,130.150428
-0.737334,52,130.174598
-0.718957,50,130.199476
-0.755054,51,130.223119
-0.866652,51,130.246672
-0.740821,51,130.271213
-0.746938,52,130.295901
-0.772245,50,130.318859
-0.74275,50,130.342258
-0.797412,51,130.367085
-0.841537,51,130.390644
-0.915823,51,130.415192
-0.741273,51,130.439301
-0.924981,51,130.462824
-0.795875,52,130.487174
-0.66869,51,130.512085
-0.62502,50,130.535164
-0.853895,52,130.560414
-0.766888,51,130.584316
-0.765305,51,130.607993
-0.914348,51,130.633516
-0.807948,51,130.657347
-0.639085,51,130.681879
-0.775062,51,130.706753
-0.657208,51,130.730606
-0.623701,50,130.75553
-0.83725,51,130.779564
-0.726164,50,130.802826
-0.742977,51,130.827086
-0.754737,51,130.850797
-0.724262,51,130.874956
-0.928794,52,130.898926
-0.717246,50,131.148407
-0.714073,51,131.172522
-0.709818,51,131.196949
-0.705665,51,131.222167
-0.683224,50,131.245594
-0.72606,52,131.271047
-0.855449,51,131.295492
-0.72191,51,131.319077
-0.721138,51,131.34296
-0.684218,52,131.368462
-0.719403,50,131.39155
-0.7669,51,131.416284
-0.744402,51,131.440586
-0.774859,51,131.464178
-0.848982,51,131.487945
-0.624737,50,131.512345
-0.681554,51,131.535945
-0.822227,51,131.560646
-0.723215,51,131.584862
-0.764382,50,131.60785
-0.756699,51,131.631601
-0.696208,50,131.656024
-0.676711,51,131.680306
-0.706934,51,131.704168
-0.64414,51,131.728276
-0.847255,51,131.751887
-0.7501,51,131.776942
-0.747579,51,131.800213
-0.718688,51,131.824777
-0.834242,51,131.849424
-0.707382,52,131.873809
-0.745022,51,131.899085
-0.7269,52,131.923643
-0.730362,51,131.94762
-0.64683,50,131.971235
-0.685621,51,131.996068
-0.84487,51,132.01965
-0.990058,51,132.043181
-0.893038,51,132.068534
-0.774482,51,132.092036
-0.69519,52,132.341826
-0.669915,51,132.367392
-0.671956,51,132.391334
-0.770916,52,132.416697
-0.831588,51,132.441351
-0.660837,51,132.465186
-0.637728,52,132.490989
-0.645617,50,132.514267
-0.889496,51,132.537809
-0.66992,51,132.562194
-0.852774,51,132.58672
-0.698544,51,132.610364
-0.738347,51,132.634057
-0.773373,52,132.659911
-0.764705,51,132.683482
-0.73627,51,132.707885
-0.805687,51,132.732245
-0.746164,51,132.755703
-0.760097,52,132.781208
-0.718595,51,132.805137
-0.70474,51,132.828719
-0.871888,51,132.852959
-0.803169,51,132.877408
-0.71465,50,132.900641
-0.80298,51,132.924239
-0.75692,52,132.949986
-0.865171,52,132.973984
-0.9772,52,132.998325
-0.975379,51,133.023171
-0.795676,51,133.046949
-0.779398,51,133.070883
-0.838721,51,133.09616
-0.762949,52,133.120541
-0.809732,50,133.143882
-0.836344,51,133.168382
-0.765363,51,133.193061
-0.816671,51,133.216682
-0.74754,51,133.24021
-0.742316,51,133.265456
-0.703255,50,133.288538
-0.69696,51,133.536741
-0.812189,51,133.561931
-0.699687,51,133.585943
-0.748569,51,133.610996
-0.666645,51,133.635188
-0.641005,51,133.659196
-0.690324,51,133.684517
-0.702678,51,133.708213
-0.812674,51,133.732595
-0.838949,51,133.756384
-0.718184,51,133.780468
-0.701045,52,133.804482
-0.790676,51,133.829829
-0.774355,50,133.852779
-0.777813,52,133.877631
-0.757133,51,133.901916
-0.733901,51,133.925405
-0.726511,51,133.948928
-0.69242,51,133.974125
-0.688719,51,133.997742
-0.842259,51,134.021911
-0.767361,51,134.046365
-0.746483,51,134.070084
-0.673459,51,134.095156
-0.786895,51,134.118809
-0.81407,51,134.142676
-0.674713,51,134.166622
-0.816247,51,134.192134
-0.796426,51,134.216914
-0.758273,52,134.242616
-0.733766,50,134.266438
-0.7472,51,134.29033
-0.779401,52,134.316245
-0.666572,51,134.340008
-0.699322,51,134.364433
-0.608343,51,134.389232
-0.809045,51,134.413104
-0.84696,50,134.437771
-0.762446,51,134.461504
-0.821478,51,134.485319
-0.685227,51,134.734197
-0.751859,51,134.758481
-0.665246,52,134.783927
-0.703369,51,134.808688
-0.760988,50,134.832135
-0.882502,51,134.857744
-0.753815,51,134.88168
-0.783022,50,134.905493
-0.649264,50,134.929925
-0.88428,51,134.953499
-0.662911,51,134.976974
-0.736219,52,135.002696
-0.718617,51,135.026394
-0.884276,50,135.05005
-0.780062,51,135.075013
-0.843024,52,135.099083
-0.883964,51,135.12393
-0.753371,51,135.147808
-0.658798,52,135.171989
-0.716561,50,135.19548
-0.681686,51,135.22021
-0.726201,51,135.24368
-0.739554,52,135.268915
-0.81795,52,135.293436
-0.782704,51,135.316905
-0.805434,51,135.340769
-0.705906,51,135.365682
-0.732484,52,135.389747
-0.816139,51,135.414137
-0.731954,51,135.438366
-0.629193,50,135.461719
-0.754651,51,135.485768
-0.682669,51,135.509652
-0.774655,51,135.534334
-0.826032,51,135.557956
-0.793756,52,135.582279
-0.650264,52,135.608114
-0.680583,51,135.632014
-0.628347,51,135.655527
-0.748591,51,135.679769
-0.748071,51,135.929373
-0.971435,51,135.954648
-0.734829,52,135.979171
-0.812462,50,136.003929
-0.681947,51,136.028025
-0.82787,51,136.052071
-0.761259,51,136.077386
-0.712058,51,136.101346
-0.712682,51,136.126051
-0.719524,51,136.149995
-0.717423,52,136.17467
-0.672949,51,136.198394
-0.893061,51,136.223558
-0.809312,51,136.247145
-0.625339,51,136.271457
-0.747118,51,136.295992
-0.809651,52,136.320102
-0.676343,51,136.343612
-0.736166,51,136.369047
-0.709367,51,136.392559
-0.712036,51,136.416785
-0.710864,50,136.440932
-0.889773,51,136.46438
-0.752995,52,136.489917
-0.733875,51,136.513742
-0.807036,51,136.537661
-0.731109,51,136.562592
-0.852978,51,136.586161
-0.802883,51,136.609783
-0.696464,51,136.634783
-0.733331,51,136.661404
-0.709124,50,136.686666
-0.780716,51,136.710864
-0.769336,51,136.734829
-0.766924,50,136.759049
-1.018558,52,136.783663
-0.764449,52,136.808296
-0.723453,51,136.832728
-0.726896,51,136.85652
-0.790001,52,136.882458
-0.661136,52,137.130576
-1.013347,51,137.155344
-0.642896,51,137.180623
-0.720708,51,137.204599
-0.659964,50,137.229208
-0.761744,52,137.254226
-0.768052,51,137.278035
-0.728095,51,137.303526
-0.713787,51,137.327311
-0.733428,51,137.350871
-0.701112,50,137.374776
-0.756785,51,137.398998
-0.717422,51,137.422512
-0.626581,50,137.447434
-0.770163,51,137.470973
-0.710748,51,137.495271
-0.849402,51,137.519179
-0.632825,51,137.578581
-0.776274,51,137.620919
-0.698579,51,137.64879
-0.65107,50,137.675473
-0.678924,51,137.701484
-0.742153,51,137.726576
-0.672327,50,137.750059
-0.634503,50,137.774936
-0.648778,50,137.798051
-0.683626,51,137.822592
-0.805103,51,137.846431
-0.895813,52,137.870888
-0.725035,51,137.894504
-0.716743,51,137.919515
-0.728693,51,137.94324
-0.766052,51,137.967845
-0.770136,51,137.992573
-0.962554,51,138.016415
-0.68538,52,138.040693
-0.796102,51,138.066102
-0.761845,52,138.090712
-0.736285,51,138.114442
-0.756687,51,138.138851
-0.650939,51,138.16334
-0.655309,51,138.412748
-0.761117,51,138.436898
-0.719173,51,138.461296
-0.736779,51,138.485431
-0.655289,50,138.510492
-0.614736,52,138.534891
-0.618013,50,138.559976
-0.638917,51,138.583719
-0.639741,50,138.606871
-0.703998,51,138.631987
-0.678609,51,138.655626
-0.867074,51,138.679798
-0.91804,52,138.704988
-0.682871,50,138.728049
-0.693399,51,138.752879
-0.727013,51,138.776807
-0.775573,51,138.801172
-0.681548,50,138.825388
-0.726877,52,138.851071
-0.711611,52,138.875371
-0.644193,51,138.900339
-0.708401,50,138.924261
-0.784879,51,138.94794
-0.76107,52,138.973912
-0.71343,51,138.997782
-0.779253,51,139.022237
-0.844243,52,139.046677
-0.791937,51,139.071371
-0.752813,51,139.095177
-0.719149,51,139.120462
-1.005916,51,139.144515
-0.714802,52,139.170713
-0.748369,51,139.194648
-0.788121,51,139.219277
-0.754918,51,139.243409
-0.657662,50,139.267533
-0.820222,51,139.291389
-0.740616,51,139.315297
-0.808659,51,139.34079
-0.82074,51,139.364624
-0.795236,51,139.614277
-0.739347,51,139.638497
-0.774042,51,139.663526
-0.666357,51,139.688103
-0.710315,51,139.711962
-0.804598,51,139.737497
-0.710782,51,139.761264
-0.762429,51,139.78566
-0.69576,51,139.809607
-0.796404,51,139.834168
-0.65652,50,139.857276
-0.630042,51,139.882505
-0.647649,51,139.906158
-0.72015,51,139.930363
-0.834625,51,139.95514
-0.586149,50,139.978214
-0.706804,51,140.003127
-0.742907,51,140.026927
-0.861429,51,140.050913
-0.728089,51,140.075935
-0.666904,51,140.099505
-0.641194,52,140.125066
-0.785618,51,140.150172
-0.939466,51,140.17419
-0.669611,51,140.198214
-0.661187,51,140.222128
-0.80431,51,140.247094
-0.813244,51,140.270678
-0.829661,51,140.295527
-0.811395,51,140.319809
-0.733949,50,140.342786
-0.778982,51,140.368438
-0.656377,51,140.392395
-0.61928,50,140.415753
-0.745998,51,140.440576
-0.737088,50,140.464663
-0.681372,52,140.489093
-0.692659,51,140.513055
-0.781455,51,140.538455
-0.679189,51,140.562161
-0.728209,51,140.811987
-0.748846,51,140.836101
-0.731831,51,140.86105
-0.84716,51,140.885662
-0.798584,50,140.909014
-0.628898,50,140.934203
-0.715974,52,140.958589
-0.805274,51,140.983044
-0.895544,51,141.007907
-0.691766,51,141.031437
-0.744234,52,141.056787
-0.894976,51,141.080835
-0.808155,51,141.104787
-0.72377,52,141.129176
-0.72149,50,141.153665
-0.805895,51,141.178027
-0.760585,51,141.201895
-0.657312,51,141.225994
-0.752934,50,141.249259
-0.704179,50,141.273827
-0.737396,51,141.297333
-0.706739,51,141.321846
-0.644669,52,141.3467
-0.852495,51,141.370117
-0.652248,50,141.394953
-0.740782,51,141.418382
-0.720755,51,141.441771
-0.759427,51,141.466973
-0.644802,50,141.489947
-0.773013,51,141.513363
-0.731136,51,141.538478
-0.71295,51,141.561809
-0.729006,51,141.587199
-0.689153,51,141.61095
-0.609426,50,141.634142
-0.704657,51,141.659437
-0.686347,52,141.683889
-0.67145,50,141.707168
-0.92183,51,141.731603
-0.615379,50,141.755901
-0.684898,51,142.004082
-0.910445,51,142.028464
-0.642778,52,142.053234
-0.782425,51,142.07716
-0.693733,51,142.10253
-0.726151,50,142.126041
-0.769905,52,142.151189
-0.723297,51,142.17584
-0.725219,51,142.19962
-0.78701,51,142.224858
-0.755754,51,142.248578
-0.664399,51,142.272568
-0.72183,51,142.297488
-0.836198,51,142.320967
-0.644104,50,142.345172
-0.844504,51,142.369059
-0.669062,51,142.392716
-0.87143,51,142.416667
-0.637688,50,142.440971
-0.689797,51,142.464441
-0.692979,51,142.489316
-0.819974,51,142.513204
-0.76445,51,142.53694
-0.713686,51,142.561913
-0.647848,51,142.585429
-0.6661,51,142.609917
-0.77988,51,142.634199
-0.856088,51,142.657721
-0.716265,52,142.683434
-0.790658,52,142.707515
-0.99461,51,142.731559
-0.649464,51,142.756011
-0.790278,51,142.779496
-0.762446,51,142.805127
-0.710156,51,142.828857
-0.799771,51,142.854297
-0.719027,51,142.878126
-0.952736,51,142.901931
-0.597636,51,142.926655
-0.800951,52,142.951815
-0.848083,51,143.20073
-0.802553,51,143.225428
-0.755351,51,143.2493
-0.799541,51,143.274715
-0.709869,50,143.298167
-0.768882,51,143.32265
-0.650351,51,143.346608
-0.721323,51,143.371078
-0.859927,51,143.396229
-0.718552,51,143.420035
-0.750412,52,143.444097
-0.644698,50,143.467963
-0.688929,51,143.492607
-0.644445,51,143.516081
-0.714789,51,143.540888
-0.788455,51,143.564563
-0.725742,51,143.588321
-0.882132,51,143.613182
-0.703179,51,143.636615
-0.708026,51,143.661171
-0.701089,50,143.684811
-0.766377,52,143.708812
-0.733936,51,143.733876
-0.751637,52,143.757918
-0.689655,51,143.782191
-0.780199,51,143.806683
-0.683359,50,143.829605
-0.725136,51,143.854752
-0.748949,52,143.878804
-0.735391,51,143.902371
-0.723205,51,143.926651
-0.794289,50,143.950496
-0.668353,51,143.973775
-0.724845,50,143.998697
-0.698177,50,144.021973
-0.748769,51,144.046327
-0.916519,51,144.071286
-0.612561,50,144.095697
-0.680473,50,144.119779
-0.76399,51,144.143615
-0.839092,52,144.169627
-0.699208,50,144.424947
-0.661608,50,144.449457
-0.751784,52,144.473865
-0.782696,52,144.499759
-0.671067,51,144.523848
-0.683831,51,144.547951
-0.850568,51,144.573212
-0.819446,51,144.596931
-0.72539,52,144.622129
-0.737837,52,144.647053
-0.813942,50,144.670126
-0.697407,50,144.693462
-0.679317,51,144.718572
-0.807299,51,144.742038
-0.719141,50,144.766159
-0.739275,52,144.790875
-0.712209,51,144.814419
-0.986324,51,144.839793
-0.638491,51,144.86335
-0.831848,51,144.887588
-0.747944,50,144.911785
-0.693829,51,144.93522
-0.669639,51,144.960246
-0.727321,51,144.984061
-0.762669,51,145.007956
-0.950674,51,145.031827
-0.711853,51,145.056363
-0.779353,51,145.080019
-0.854737,51,145.105048
-0.672675,51,145.129118
-0.815442,51,145.152999
-0.747205,51,145.177838
-0.772668,51,145.201159
-0.806449,51,145.225906
-0.819876,50,145.249636
-0.690025,51,145.273334
-0.626246,50,145.297
-0.769701,52,145.322397
-0.632679,51,145.346056
-0.667522,51,145.369629
-0.664187,51,145.619468
-0.643538,52,145.644413
-0.764355,51,145.668347
-0.751551,51,145.693685
-0.858582,50,145.716982
-0.732343,52,145.742079
-0.639564,50,145.766509
-0.834252,51,145.790209
-0.748755,52,145.815891
-0.788814,51,145.839781
-0.713195,51,145.863666
-0.776589,51,145.888776
-0.862568,51,145.912295
-0.743339,51,145.93675
-0.695419,51,145.96099
-0.756439,51,145.984364
-0.794814,51,146.009718
-0.764196,50,146.032761
-0.728914,51,146.056927
-0.784674,51,146.081456
-0.669072,52,146.105444
-0.770722,51,146.128907
-0.917465,51,146.154231
-0.691296,51,146.177727
-0.728613,51,146.201891
-0.739639,51,146.226493
-0.640503,50,146.249655
-0.832998,51,146.274704
-0.688873,51,146.298423
-0.78238,51,146.322306
-0.708474,50,146.346696
-0.780557,52,146.370689
-0.662712,51,146.395335
-0.773285,50,146.418883
-0.72176,51,146.442659
-0.711698,50,146.467678
-0.642932,50,146.49099
-0.664128,51,146.514469
-0.884803,50,146.538935
-0.684155,50,146.5626
-0.70416,50,146.810688
-0.735677,52,146.837138
-0.734919,51,146.861165
-0.752498,51,146.885161
-0.664953,51,146.909814
-0.679283,50,146.934173
-0.857846,51,146.958114
-0.860642,51,146.983512
-0.614781,50,147.007005
-0.725272,51,147.031197
-0.825386,51,147.056073
-0.652946,52,147.080257
-0.728569,52,147.10551
-0.687088,51,147.130045
-0.657331,50,147.153199
-0.733095,51,147.178406
-0.8244,51,147.202032
-0.664416,52,147.226913
-0.716736,50,147.251143
-0.63424,51,147.274741
-0.928748,51,147.298385
-0.828688,51,147.323752
-0.678163,51,147.347389
-0.697198,52,147.372159
-0.79757,51,147.396666
-0.710343,51,147.420204
-0.743135,51,147.445254
-0.746845,51,147.469065
-0.813018,51,147.493039
-0.760877,51,147.517835
-0.952858,51,147.541119
-0.953552,52,147.566298
-0.714384,52,147.590964
-0.797717,51,147.614433
-0.681172,51,147.639427
-0.754752,51,147.663256
-0.72337,51,147.687596
-0.677217,51,147.712401
-0.682143,52,147.736811
-0.665977,51,147.760597
-0.79976,51,148.012224
-0.702246,51,148.037611
-0.784563,51,148.062103
-0.672583,51,148.08616
-0.701669,51,148.110261
-0.756227,51,148.135708
-0.684965,51,148.15957
-0.873847,51,148.184629
-0.594257,51,148.209163
-0.784751,51,148.232716
-0.728389,51,148.258154
-0.723897,52,148.282407
-0.720019,51,148.306597
-0.726285,51,148.331679
-0.744024,51,148.355401
-0.690233,51,148.380277
-0.619605,51,148.40435
-0.723708,51,148.428071
-0.704874,50,148.452879
-0.731071,51,148.52865
-0.683406,52,148.554935
-0.726826,50,148.580972
-0.580363,51,148.608133
-0.693529,52,148.633989
-0.624721,50,148.658517
-0.884693,51,148.684185
-0.716896,52,148.71034
-0.812214,51,148.735934
-0.696984,51,148.75973
-0.756611,51,148.785064
-0.710681,50,148.808521
-0.71848,51,148.832702
-0.871719,52,148.858146
-0.736296,51,148.881828
-0.68461,51,148.906509
-0.731867,51,148.930562
-0.776705,51,148.95461
-0.740636,51,148.980357
-0.71158,51,149.004345
-0.72786,50,149.028601
-0.608154,51,149.279749
-0.627585,52,149.30522
-0.715081,51,149.329581
-0.743478,50,149.353893
-0.771718,51,149.379228
-0.710408,51,149.403589
-0.893883,51,149.427705
-0.86861,51,149.453286
-0.689054,52,149.477764
-0.693731,51,149.502332
-0.738511,51,149.527081
-0.850351,51,149.550711
-0.739873,52,149.576195
-0.769719,51,149.600215
-0.690276,51,149.624048
-0.670526,51,149.649308
-0.670828,51,149.672812
-0.719415,52,149.697821
-0.686084,51,149.722253
-0.660282,52,149.746449
-0.763989,50,149.771273
-0.627714,50,149.794447
-0.800795,51,149.818764
-0.778029,51,149.843442
-0.736988,51,149.867038
-0.694687,51,149.891918
-0.694837,51,149.915765
-0.662299,51,149.939652
-0.718374,50,149.964297
-0.741232,51,149.987916
-0.691235,51,150.012612
-0.706976,51,150.036784
-0.763092,51,150.060279
-0.831971,51,150.085523
-0.762515,51,150.109106
-0.78918,51,150.133219
-0.730023,51,150.158035
-0.762366,52,150.182523
-0.621052,50,150.207437
-0.763495,51,150.231702
-0.7809,52,150.485038
-0.648566,51,150.51072
-0.682036,50,150.534635
-0.917743,51,150.558742
-0.745376,52,150.584743
-0.733335,51,150.608637
-0.763071,50,150.632785
-0.697099,51,150.657642
-0.778834,51,150.681657
-0.667818,50,150.706348
-0.873143,51,150.730362
-0.729516,50,150.753857
-0.747428,51,150.778799
-0.706228,51,150.802329
-0.807221,52,150.827602
-0.77112,51,150.851846
-0.734957,50,150.876578
-0.764574,50,150.89999
-0.567208,51,150.924105
-0.69847,51,150.948901
-0.789484,51,150.972444
-0.626184,51,150.99731
-0.770923,52,151.021851
-0.72096,51,151.045657
-0.649053,50,151.070371
-0.828815,51,151.093914
-0.731287,51,151.117436
-0.799519,51,151.142674
-0.741113,51,151.166176
-0.813573,51,151.191663
-0.77161,51,151.215357
-0.808343,51,151.239547
-0.729402,51,151.264341
-0.674128,51,151.288001
-0.692068,51,151.313125
-0.773316,51,151.336938
-0.729693,51,151.360794
-0.682631,51,151.386166
-0.771846,51,151.410007
-0.886619,51,151.434597
-0.692065,52,151.459137
-0.705772,51,151.712965
-0.745017,51,151.737727
-0.925848,51,151.762723
-0.729521,51,151.78654
-0.707408,51,151.811847
-0.837087,51,151.836022
-0.763112,51,151.860085
-0.685339,51,151.885469
-0.714191,51,151.909031
-0.711952,51,151.93352
-0.65654,51,151.9579
-0.710324,51,151.981527
-0.80418,51,152.006813
-0.637861,51,152.030509
-0.851711,51,152.054714
-0.643094,51,152.079571
-0.772979,50,152.10269
-0.715981,51,152.127668
-0.67213,50,152.151106
-0.716867,51,152.174989
-0.66192,51,152.200057
-0.759555,51,152.223725
-0.737635,51,152.248347
-0.717061,52,152.27321
-0.594425,52,152.297453
-0.653275,51,152.322858
-0.652946,50,152.346207
-0.723117,50,152.370816
-0.667119,51,152.394473
-0.701832,51,152.419052
-0.735239,51,152.443323
-0.560077,51,152.466887
-0.753926,51,152.49211
-0.671302,51,152.515601
-0.736142,51,152.539047
-0.67906,50,152.563768
-0.751793,51,152.587446
-0.679928,51,152.612794
-0.721888,51,152.636638
-0.647742,51,152.660403
-0.633072,50,152.915484
-0.746929,51,152.94118
-0.646356,51,152.965315
-0.815426,51,152.989567
-0.692819,52,153.01537
-0.672622,51,153.039357
-0.643192,50,153.064547
-0.743672,52,153.088998
-0.766815,51,153.114015
-0.920785,51,153.138232
-0.60365,50,153.161703
-0.787041,51,153.186935
-0.685065,51,153.210702
-0.817664,51,153.235406
-0.652175,51,153.259781
-0.684045,51,153.283455
-0.734167,52,153.307745
-0.853289,51,153.332876
-0.681634,51,153.356559
-0.687111,51,153.381985
-0.708396,51,153.405502
-0.77258,51,153.430375
-0.760241,51,153.454453
-0.674203,51,153.478268
-0.693191,51,153.503494
-0.69365,52,153.527856
-0.812811,51,153.552305
-0.709895,51,153.576849
-0.68323,52,153.601109
-0.795475,50,153.625803
-0.662566,50,153.649149
-0.886062,51,153.673187
-0.732099,51,153.700377
-0.69937,51,153.725851
-0.793593,51,153.751565
-0.812475,50,153.776114
-0.613437,50,153.799405
-0.73541,51,153.824612
-0.754821,51,153.849038
-0.743723,52,153.873628
-0.805102,51,154.126106
-0.808506,51,154.150139
-0.966844,51,154.175695
-0.754306,51,154.199867
-0.705286,51,154.224964
-0.671202,51,154.248722
-0.722558,52,154.274738
-0.670518,50,154.297937
-0.785708,51,154.323068
-0.711328,52,154.347468
-0.679388,51,154.371315
-0.726271,51,154.396284
-0.729431,52,154.420346
-0.799519,51,154.444933
-0.688987,51,154.469169
-0.760828,51,154.492648
-0.69192,52,154.518304
-0.766524,51,154.541778
-0.708481,51,154.565987
-0.692801,51,154.590512
-0.807995,51,154.613999
-0.725277,51,154.638946
-0.757187,50,154.662162
-0.849985,51,154.68606
-0.828844,51,154.710769
-0.649731,50,154.733704
-0.727846,51,154.75851
-0.797776,52,154.782959
-0.702256,51,154.806548
-0.652504,51,154.831518
-0.821184,51,154.854929
-0.714902,52,154.879814
-0.7679,51,154.90401
-0.689916,51,154.927464
-0.774086,51,154.952702
-0.688549,51,154.976041
-0.767392,50,154.99972
-0.710759,51,155.024372
-0.815918,51,155.048183
-0.740512,51,155.073599
-0.865991,51,155.325653
-0.669646,51,155.350209
-0.694937,51,155.374041
-0.797468,51,155.399624
-0.828625,51,155.423231
-0.680832,51,155.447604
-0.877638,51,155.472389
-0.641674,51,155.495979
-0.732525,51,155.521096
-0.735449,51,155.544918
-0.730624,51,155.568687
-0.795052,51,155.593624
-0.762882,50,155.616711
-0.755941,51,155.641333
-0.660646,50,155.664955
-0.651227,51,155.690117
-0.728575,51,155.713758
-0.66402,51,155.73783
-0.688062,52,155.762963
-0.633314,51,155.786347
-0.664189,50,155.810536
-0.748617,51,155.834265
-0.73021,51,155.85813
-0.793122,52,155.883565
-0.68321,52,155.907598
-0.745846,51,155.932006
-0.653053,52,155.956827
-0.708776,51,155.980344
-0.819907,51,156.005369
-0.681663,51,156.028902
-0.736984,52,156.053503
-0.704899,52,156.078664
-0.796964,51,156.102147
-0.823909,51,156.126666
-0.760306,51,156.150466
-0.876112,51,156.174096
-0.75965,52,156.199386
-0.626405,51,156.222674
-0.875625,51,156.248135
-0.748194,51,156.271948
-0.805943,51,156.529264
-0.837606,52,156.553918
-0.699314,50,156.57803
-0.752882,51,156.602987
-0.676141,50,156.626349
-0.874479,51,156.651537
-0.780044,50,156.675238
-0.639315,51,156.699257
-0.72821,51,156.724407
-0.642011,50,156.747495
-0.699581,50,156.771689
-0.696114,52,156.796441
-0.622829,50,156.819507
-0.696926,51,156.844688
-0.726222,51,156.868225
-0.786552,50,156.892111
-0.756141,51,156.916539
-0.649428,50,156.939647
-0.796688,51,156.964747
-0.784791,51,156.988266
-0.620602,51,157.012313
-0.723229,51,157.036942
-0.655953,50,157.059958
-0.668353,51,157.084877
-0.725363,51,157.108702
-0.819375,51,157.132533
-0.739951,51,157.157425
-0.879266,51,157.180922
-0.752452,50,157.205012
-0.665816,51,157.228985
-0.692027,51,157.25251
-0.68414,50,157.277142
-0.679553,51,157.300463
-0.660987,51,157.324826
-0.660769,52,157.349532
-0.679163,50,157.372529
-0.721636,52,157.398215
-0.817884,51,157.421484
-0.746231,50,157.446139
-0.623859,52,157.470366
-0.658617,51,157.495183
-0.692493,52,157.750574
-0.681105,52,157.776394
-0.670112,51,157.800205
-0.663147,51,157.824876
-0.648235,51,157.849301
-0.681961,50,157.872584
-0.69653,50,157.897482
-0.764018,51,157.921404
-0.737132,51,157.946212
-0.734906,51,157.969571
-0.739517,51,157.994646
-0.781213,51,158.018105
-0.823448,52,158.043585
-0.77709,51,158.067187
-0.621501,51,158.091105
-0.68041,51,158.115748
-0.715222,51,158.139212
-0.796451,51,158.16402
-0.813444,51,158.187774
-0.708647,51,158.211515
-0.704443,51,158.236414
-0.592179,52,158.260405
-0.620934,52,158.285264
-0.684339,51,158.309483
-0.934194,51,158.332948
-0.931854,51,158.358132
-0.794009,51,158.381932
-0.726483,50,158.406394
-0.714975,51,158.429817
-0.664115,50,158.452668
-0.840636,51,158.477909
-0.869046,51,158.501368
-0.627854,51,158.526356
-0.733354,51,158.549734
-1.001463,51,158.573297
-0.678599,51,158.598601
-0.712784,51,158.622049
-0.756465,51,158.646934
-0.755995,50,158.670084
-0.699502,52,158.752265
-0.785789,51,159.012967
-0.776328,51,159.038703
-0.673046,50,159.062868
-0.777722,51,159.08787
-0.658619,50,159.111349
-0.824568,51,159.136523
-0.735744,50,159.160292
-0.765599,51,159.184391
-0.658681,51,159.209724
-0.840118,52,159.233811
-0.616599,51,159.259101
-0.834994,51,159.282688
-0.851544,51,159.307479
-0.847903,51,159.331432
-0.673007,50,159.354751
-0.85204,51,159.37974
-0.820618,50,159.402825
-0.77055,51,159.427475
-0.708941,51,159.45148
-0.687238,51,159.475052
-0.648024,52,159.500854
-0.682843,52,159.524893
-0.808215,51,159.550263
-0.648119,51,159.57375
-0.792971,51,159.598956
-0.688895,51,159.62251
-0.766854,51,159.647649
-0.675162,51,159.671306
-0.77052,52,159.695871
-0.65781,50,159.720272
-0.691725,50,159.743356
-0.631104,50,159.767865
-0.781322,51,159.791698
-0.637998,51,159.815493
-0.716376,51,159.8404
-0.67041,52,159.865133
-0.692061,50,159.889327
-0.732003,50,159.912307
-0.790879,51,159.937322
-0.63553,51,159.961446
-0.641479,50,160.215505
-0.673349,51,160.239448
-0.834842,50,160.2645
-0.707016,51,160.288236
-0.805539,51,160.312648
-0.819541,52,160.338049
-0.732751,51,160.361669
-0.897196,51,160.387104
-0.762939,51,160.410718
-0.749189,51,160.436004
-0.822551,51,160.459559
-0.725416,51,160.483554
-0.841694,51,160.508116
-0.821779,51,160.531486
-0.712063,51,160.556311
-0.671976,52,160.580556
-0.598256,50,160.603849
-0.749541,51,160.628598
-0.688459,51,160.652117
-0.66943,51,160.676811
-0.740451,51,160.700748
-0.841301,51,160.725911
-0.660999,51,160.749469
-0.744392,51,160.77345
-0.66686,50,160.797675
-0.652575,51,160.821142
-0.768001,51,160.84597
-0.769091,51,160.869793
-0.641419,51,160.893509
-0.663414,51,160.918569
-0.790116,51,160.942069
-0.734253,51,160.967265
-0.696498,51,160.990701
-0.711204,51,161.015689
-0.717835,51,161.039345
-0.731693,51,161.063242
-0.710697,50,161.087496
-0.767737,51,161.110903
-0.694004,51,161.135617
-0.644883,50,161.159184
-0.644075,51,161.420493
-0.674735,51,161.446189
-0.69509,50,161.46977
-0.646633,50,161.494952
-0.772155,51,161.518843
-0.757673,51,161.543895
-0.665428,50,161.567735
-0.66257,51,161.59179
-0.609288,51,161.617179
-0.729337,51,161.640922
-0.655593,51,161.666386
-0.669567,51,161.690934
-0.695546,51,161.715241
-0.720532,51,161.73887
-0.816204,51,161.764098
-0.701559,52,161.788145
-0.776648,52,161.812781
-0.625619,51,161.837422
-0.768901,51,161.862067
-0.669346,51,161.886327
-0.695017,51,161.909861
-0.859871,51,161.935134
-0.839181,52,161.959098
-0.861728,52,161.983749
-0.679924,50,162.007945
-0.85106,52,162.031992
-0.6539,51,162.056824
-0.694706,51,162.080829
-0.698736,52,162.105068
-0.680385,50,162.129652
-0.707511,51,162.152943
-0.855488,52,162.177899
-0.858296,51,162.202193
-0.562668,51,162.225965
-0.601932,50,162.250769
-0.645848,50,162.27421
-0.889239,51,162.299093
-0.737134,50,162.322229
-0.750238,51,162.346835
-0.651858,52,162.371012
-0.690881,51,162.629994
-0.616853,52,162.654628
-0.644598,51,162.679249
-0.634944,52,162.704583
-0.702095,52,162.728831
-0.676728,50,162.753488
-0.723062,51,162.77762
-0.725241,51,162.803208
-0.649454,51,162.827024
-0.748509,51,162.851328
-0.711693,51,162.875941
-0.646446,51,162.899467
-0.81181,51,162.924552
-0.676599,51,162.948391
-0.761921,51,162.972119
-0.778028,51,162.997005
-0.761751,51,163.020436
-0.748221,51,163.045005
-0.680586,51,163.069121
-0.830396,51,163.092669
-0.655378,52,163.118245
-0.628693,51,163.141697
-0.834923,51,163.166123
-0.806114,52,163.191048
-0.693353,51,163.214591
-0.69888,52,163.240194
-0.711321,52,163.26453
-0.68268,51,163.289722
-0.67118,51,163.313139
-0.714556,51,163.337374
-0.672246,51,163.361873
-0.672882,50,163.38502
-0.696518,50,163.410194
-0.70149,51,163.433811
-0.787683,51,163.457826
-0.925081,51,163.482549
-0.581405,52,163.507514
-0.715771,51,163.531725
-0.781333,51,163.555102
-0.668217,51,163.58012
-0.804608,51,163.838192
-0.744811,51,163.862363
-0.744247,51,163.887367
-0.675386,51,163.911825
-0.828825,51,163.935636
-0.726013,52,163.961643
-0.765576,51,163.985516
-0.781023,51,164.009906
-0.684517,51,164.034803
-0.816346,50,164.058071
-0.65726,51,164.083053
-0.742456,52,164.107539
-0.644851,51,164.131306
-0.837369,51,164.15644
-0.681034,51,164.180154
-0.669857,51,164.205496
-0.704821,52,164.229721
-0.75681,51,164.254483
-0.680862,51,164.278529
-0.793286,51,164.302286
-0.821521,51,164.327214
-0.737744,51,164.352835
-0.744465,52,164.378195
-0.607846,50,164.406218
-0.802577,52,164.437557
-0.644973,51,164.463283
-0.587527,51,164.487345
-0.727548,52,164.511877
-0.818416,51,164.537183
-0.801405,51,164.560921
-0.757281,51,164.585557
-0.849144,51,164.610071
-0.713304,52,164.634185
-0.74434,51,164.659689
-0.631554,52,164.684142
-0.90436,51,164.708193
-0.851609,51,164.733141
-0.624531,51,164.756805
-0.688591,51,164.781587
-0.603576,52,164.806217
-0.623918,50,165.063415
-0.684572,52,165.090148
-0.804444,51,165.114275
-0.756695,52,165.138835
-0.753834,50,165.164113
-0.680471,51,165.187952
-0.838633,51,165.21349
-0.658965,50,165.237169
-0.898459,51,165.26149
-0.728508,50,165.286187
-0.761557,51,165.309816
-0.774447,51,165.334575
-0.792996,52,165.359483
-0.746809,51,165.383125
-0.770941,51,165.408452
-0.688403,51,165.432035
-0.657655,51,165.456362
-0.814765,51,165.480953
-0.732087,51,165.504601
-0.713288,51,165.52966
-0.642968,51,165.553461
-0.684025,52,165.577871
-0.757502,52,165.603519
-0.601884,51,165.627124
-0.628502,51,165.652576
-0.870118,51,165.676163
-0.699642,51,165.701182
-0.921896,51,165.725155
-0.670299,51,165.749005
-0.726767,50,165.773465
-0.881146,51,165.797794
-0.745346,51,165.822423
-1.010111,51,165.84714
-0.819,51,165.871342
-0.931047,51,165.894928
-0.740512,50,165.919693
-0.703153,51,165.943277
-0.681344,51,165.967823
-0.787685,51,165.992416
-0.875771,51,166.016043
-0.697984,50,166.040664
-0.597936,50,166.303232
-0.901729,51,166.327162
-0.775831,51,166.351606
-0.744651,52,166.377193
-0.69919,51,166.400987
-0.907947,51,166.426032
-0.653543,51,166.450454
-0.624703,51,166.474239
-0.72801,51,166.499609
-0.757662,51,166.523662
-0.911179,51,166.548607
-0.662832,51,166.572113
-0.721539,51,166.596875
-0.657123,51,166.620857
-0.706507,52,166.648765
-0.754376,51,166.673282
-0.753573,51,166.697045
-0.673678,51,166.722354
-0.647151,51,166.745931
-0.626044,51,166.770515
-0.600277,52,166.795317
-0.659707,52,166.819329
-0.890252,51,166.844452
-0.71586,52,166.868725
-0.682327,51,166.892594
-0.682701,51,166.917589
-0.712442,51,166.941186
-0.754704,51,166.966426
-0.705291,50,166.989403
-0.822093,51,167.014658
-0.628381,51,167.038306
-0.78838,51,167.06362
-0.75681,51,167.087077
-0.69979,51,167.111532
-0.803014,51,167.135812
-0.675909,51,167.159271
-0.656822,51,167.184435
-0.645617,51,167.207897
-0.635366,52,167.232642
-0.742703,51,167.257173
-0.679299,50,167.521901
-0.727339,50,167.546817
-0.670389,51,167.570861
-0.697833,51,167.596443
-0.811375,51,167.620273
-0.836787,51,167.645418
-0.759807,51,167.669565
-0.66317,50,167.693106
-0.733713,51,167.718032
-0.865928,50,167.741102
-0.622176,51,167.765856
-0.679529,52,167.790397
-0.623998,50,167.813475
-0.678089,51,167.838526
-0.760549,51,167.861898
-0.874707,51,167.887075
-0.683966,51,167.910573
-0.686474,50,167.935064
-0.565155,50,167.958443
-0.747948,52,167.982771
-0.680381,51,168.007614
-0.767635,51,168.030972
-0.800429,51,168.055625
-0.769044,51,168.07968
-0.73057,51,168.103159
-0.623492,52,168.128789
-0.751347,51,168.152284
-0.640972,51,168.176521
-0.625468,51,168.200849
-0.668054,52,168.224769
-0.873204,51,168.250247
-0.776554,51,168.273794
-0.808943,51,168.298801
-0.80488,51,168.322201
-0.618769,52,168.347117
-0.760942,50,168.371087
-0.64922,50,168.394094
-0.737102,51,168.419152
-0.694451,52,168.443107
-0.717233,51,168.467175
-0.650374,51,168.73027
-0.674504,50,168.753899
-0.77506,50,168.778581
-0.717318,51,168.802899
-0.749197,50,168.826338
-0.741621,51,168.851895
-0.839891,51,168.875686
-0.72129,52,168.901812
-0.74423,51,168.925408
-0.694182,51,168.948982
-0.740749,51,168.974098
-0.70105,51,168.998014
-0.704552,51,169.023399
-0.697957,52,169.047538
-0.878042,51,169.071816
-0.654907,51,169.096513
-0.594751,50,169.119701
-0.693916,50,169.144217
-0.82387,51,169.168191
-0.748138,51,169.19211
-0.710296,50,169.216752
-0.717184,52,169.24122
-0.818449,51,169.265778
-0.78952,51,169.290255
-0.825055,51,169.313855
-0.64859,52,169.339721
-0.697145,51,169.363522
-0.681377,51,169.387764
-0.863756,51,169.412562
-0.749718,51,169.436047
-0.792889,51,169.460825
-0.736996,51,169.484853
-0.860849,51,169.510205
-0.712115,50,169.533393
-0.763715,52,169.557559
-0.842374,51,169.582899
-0.753015,52,169.659721
-0.765173,51,169.685137
-0.781142,51,169.712719
-0.63705,50,169.738161
-0.704638,52,170.007033
-0.706578,51,170.03129
-0.7018,51,170.056173
-0.711399,51,170.08102
-0.709491,52,170.105514
-0.738754,52,170.131371
-0.699314,52,170.156328
-0.70346,51,170.181901
-0.767689,51,170.205825
-0.777188,51,170.230004
-0.64884,51,170.255135
-0.738065,51,170.278742
-0.669631,51,170.303654
-0.700686,51,170.327922
-0.708952,51,170.351697
-0.74393,51,170.377019
-0.754546,50,170.40021
-0.746897,51,170.424763
-0.764036,51,170.449403
-0.634592,50,170.472679
-0.675922,51,170.497906
-0.614984,51,170.521756
-0.890601,51,170.545763
-0.6947,52,170.571029
-0.709187,51,170.595532
-0.794898,51,170.620163
-0.782105,51,170.643788
-0.783313,51,170.668936
-0.725539,51,170.692775
-0.785014,51,170.716818
-0.778332,51,170.741806
-0.717731,51,170.766283
-0.726177,51,170.79076
-0.719297,52,170.814984
-0.686043,51,170.840125
-0.655484,51,170.864082
-0.887691,51,170.888177
-0.688917,51,170.913303
-0.80532,51,170.937107
-0.98896,51,170.961798
-0.730884,51,171.219776
-0.755262,52,171.244615
-0.747884,50,171.268418
-0.624211,51,171.294068
-0.649934,51,171.317988
-0.665411,51,171.342934
-0.744677,51,171.367515
-0.777928,51,171.391263
-0.681428,51,171.416576
-0.668865,50,171.439788
-0.673403,51,171.464213
-0.688812,51,171.48902
-0.791105,52,171.513234
-0.723492,50,171.538173
-0.600511,51,171.561838
-0.787816,51,171.587199
-0.864742,51,171.610828
-0.694585,51,171.635122
-0.753225,52,171.660267
-0.816849,51,171.683904
-0.767501,52,171.709482
-0.717633,51,171.733537
-0.874358,51,171.757411
-0.737077,52,171.783093
-0.642265,50,171.806861
-0.722353,51,171.831643
-0.728759,51,171.855386
-0.92448,51,171.880333
-0.735717,51,171.904396
-0.660915,51,171.928185
-0.685004,51,171.953193
-0.678145,50,171.976301
-0.764984,51,172.001002
-0.74935,51,172.025228
-0.597381,50,172.048385
-0.70218,51,172.073639
-0.839978,51,172.097601
-0.69555,51,172.122377
-0.722467,51,172.145816
-0.64865,50,172.170252
-0.837892,51,172.434281
-0.764119,51,172.458824
-0.695015,52,172.483658
-0.711473,50,172.508874
-0.731675,51,172.53269
-0.793482,51,172.557191
-0.654704,51,172.582274
-0.657753,52,172.606469
-0.72801,51,172.631342
-0.782399,51,172.655544
-0.730217,51,172.679421
-0.699276,51,172.704701
-0.88053,51,172.728246
-0.687631,51,172.752764
-0.669214,51,172.777192
-0.744803,51,172.800781
-0.912065,51,172.825895
-0.590078,52,172.850199
-0.671918,50,172.875145
-0.760484,51,172.8988
-0.739285,51,172.922381
-0.762445,52,172.948232
-0.700656,51,172.971742
-0.755611,51,172.996939
-0.700537,51,173.020725
-0.771166,52,173.045177
-0.618043,51,173.070045
-0.68849,51,173.093549
-0.797922,51,173.118403
-0.721177,52,173.142922
-0.713541,51,173.166561
-0.61558,50,173.191346
-0.667454,51,173.214863
-0.670281,51,173.239344
-0.707852,51,173.263714
-0.672778,50,173.286723
-0.729518,52,173.312557
-0.719834,52,173.336575
-0.728272,51,173.360743
-0.613739,50,173.385178
-0.798213,52,173.649178
-0.729093,51,173.673934
-0.74891,51,173.698801
-0.770922,51,173.722712
-0.732405,50,173.747808
-0.825541,51,173.771803
-0.731678,51,173.797258
-0.724281,51,173.82102
-0.711091,51,173.845431
-0.698431,51,173.869986
-0.72791,50,173.893129
-0.63784,51,173.918298
-0.7446,51,173.941936
-0.74848,51,173.965978
-0.665886,51,173.990911
-0.718686,51,174.01457
-0.557573,50,174.039063
-0.661929,51,174.0631
-0.681142,52,174.087346
-0.663397,50,174.112069
-0.715406,52,174.136038
-0.823079,51,174.160658
-0.917459,51,174.186096
-0.712019,52,174.211141
-0.610963,51,174.236349
-0.704009,52,174.260952
-0.781981,51,174.286279
-0.784161,51,174.309802
-0.721555,51,174.333999
-0.749946,51,174.358657
-0.673836,51,174.382232
-0.647708,51,174.407168
-0.77414,51,174.430991
-0.817846,51,174.454989
-0.756316,51,174.480101
-0.669885,51,174.503682
-0.685328,51,174.528187
-0.77918,51,174.552461
-0.700742,51,174.576035
-0.672677,50,174.600952
-0.81423,51,174.624433
-0.713724,50,174.881785
-0.710375,51,174.906546
-0.620328,51,174.930529
-0.826615,51,174.956206
-0.746269,50,174.979599
-0.781435,51,175.004232
-0.776394,51,175.029044
-0.713637,51,175.052702
-0.70833,50,175.077278
-0.637409,50,175.100702
-0.623992,52,175.125235
-0.814601,51,175.150155
-0.746629,51,175.173841
-0.651661,50,175.198721
-0.801401,51,175.222386
-0.769679,51,175.24751
-0.677847,51,175.27156
-0.669627,51,175.295477
-0.699143,50,175.319854
-0.714571,51,175.343394
-0.746652,51,175.368299
-0.636672,50,175.391864
-0.790772,51,175.415742
-0.68386,51,175.440914
-0.739869,51,175.464499
-0.718468,50,175.488541
-0.62583,51,175.512871
-0.676444,51,175.536463
-0.67812,50,175.561313
-0.627423,51,175.584901
-0.605583,51,175.609093
-0.61694,51,175.63365
-0.783159,51,175.657035
-0.685517,51,175.682027
-0.687698,51,175.705818
-0.798196,50,175.730618
-0.790944,51,175.75421
-0.731502,51,175.778553
-0.578906,51,175.802946
-0.70253,52,175.826948
-0.669609,51,176.092627
-0.728523,51,176.117307
-0.644686,51,176.141194
-0.635719,51,176.166704
-0.730616,51,176.190581
-0.756094,51,176.214822
-0.673944,51,176.239781
-0.91219,50,176.262939
-0.740071,50,176.28767
-0.751698,51,176.311533
-0.762566,51,176.336893
-0.742909,51,176.3605
-0.659556,51,176.384735
-0.65612,51,176.409361
-0.720571,50,176.432433
-0.721326,51,176.457421
-0.625897,50,176.480702
-0.725941,51,176.504729
-0.654431,52,176.529958
-0.654659,50,176.552965
-0.787262,51,176.577857
-0.650328,50,176.601332
-0.692947,52,176.625482
-0.799064,51,176.650594
-0.706263,52,176.674646
-0.706386,50,176.698612
-0.735669,51,176.722992
-0.809231,51,176.746357
-0.69475,51,176.771573
-0.720078,50,176.794701
-0.854244,52,176.820428
-0.674941,52,176.844402
-0.70898,51,176.868875
-0.749417,51,176.893067
-0.702604,52,176.917
-0.638157,51,176.942285
-0.756959,51,176.965647
-0.706988,51,176.989717
-0.697639,51,177.014186
-0.799294,51,177.037501
-0.790118,51,177.303785
-0.847661,51,177.328192
-0.634789,50,177.352261
-0.623917,51,177.376048
-0.739726,51,177.401537
-0.762567,51,177.425238
-0.789377,51,177.449682
-0.755112,51,177.474282
-0.605211,50,177.497443
-0.737885,51,177.522689
-0.671492,51,177.546332
-0.662064,52,177.570702
-0.666648,51,177.595618
-0.791086,51,177.619176
-0.757615,51,177.643866
-0.692324,51,177.667877
-0.860748,51,177.69144
-0.705861,50,177.716215
-0.713957,51,177.739643
-0.668137,51,177.76397
-0.560004,50,177.787831
-0.775264,51,177.811247
-0.667601,52,177.836941
-0.84093,50,177.860068
-0.713554,51,177.885377
-0.709951,50,177.90855
-0.701187,51,177.933174
-0.600878,52,177.957751
-0.690122,52,177.981727
-0.624415,51,178.006969
-0.637781,51,178.03037
-0.725644,51,178.054575
-0.709391,51,178.079112
-0.714351,51,178.102645
-0.789281,51,178.127666
-0.716633,51,178.151395
-0.67938,51,178.175319
-0.765676,51,178.200068
-0.734433,51,178.223512
-0.750543,51,178.248351
-0.841923,51,178.509974
-0.784742,51,178.53303
-0.812995,51,178.558607
-0.75837,51,178.582598
-0.686334,52,178.607642
-0.749163,51,178.6325
-0.770815,51,178.656191
-0.755572,51,178.681166
-0.665909,51,178.705063
-0.721035,51,178.72885
-0.569515,51,178.753893
-0.671619,52,178.778034
-0.725655,51,178.80245
-0.688176,51,178.826749
-0.693736,51,178.851422
-0.718309,51,178.876924
-0.658586,51,178.900924
-0.659946,51,178.924743
-0.677731,51,178.950195
-0.831854,51,178.973967
-0.688175,51,178.998711
-0.747593,51,179.022974
-0.926451,51,179.046694
-0.784154,51,179.072172
-0.896481,52,179.09632
-0.630818,52,179.121123
-0.656927,51,179.145922
-0.667329,51,179.169573
-0.625059,51,179.194472
-0.73631,51,179.218539
-0.661738,51,179.242329
-0.724011,52,179.26783
-0.777565,51,179.291447
-0.846227,50,179.315519
-0.72792,52,179.340397
-0.698712,51,179.3639
-0.747289,51,179.389005
-0.774569,51,179.412652
-0.729228,51,179.436709
-0.680479,51,179.46141
-0.660894,52,179.720625
-0.7033,51,179.745342
-0.703172,51,179.77119
-0.68203,51,179.7954
-0.71242,51,179.819794
-0.712707,51,179.844979
-0.662125,51,179.868647
-0.774115,51,179.893562
-0.727435,51,179.917814
-0.749337,51,179.941445
-0.774759,51,179.966769
-0.779777,52,179.990965
-0.668744,50,180.014673
-0.943623,51,180.039155
-0.769708,51,180.062558
-0.932896,51,180.087532
-0.666173,51,180.11127
-0.748232,51,180.135224
-0.737178,51,180.159156
-0.700252,50,180.18329
-0.667453,52,180.208618
-0.694311,51,180.232677
-0.751746,51,180.256256
-0.689895,51,180.280063
-0.809598,51,180.304862
-0.644348,51,180.329144
-0.711616,51,180.35356
-0.756863,50,180.376498
-0.829141,52,180.402241
-0.796091,51,180.425847
-0.766721,51,180.449926
-0.675501,51,180.474559
-0.715856,50,180.497633
-0.714269,51,180.574975
-0.703486,50,180.600525
-0.629568,51,180.627098
-0.875244,51,180.652075
-0.790795,52,180.680819
-0.662464,50,180.704717
-0.663277,51,180.729043
-0.674296,51,180.752735
-0.737985,51,181.016536
-0.680427,51,181.040901
-0.710159,51,181.06634
-0.693778,52,181.090705
-0.708144,51,181.115423
-0.875548,51,181.140065
-0.635403,50,181.163179
-0.728928,51,181.188495
-1.004896,51,181.212183
-0.694266,51,181.236306
-0.719604,52,181.261513
-0.68165,52,181.286471
-0.660326,51,181.310832
-0.730193,51,181.334317
-0.67591,51,181.359498
-0.732444,50,181.382488
-0.817867,51,181.406723
-0.830448,51,181.43118
-0.709167,52,181.455294
-0.696887,51,181.480323
-0.669491,52,181.504674
-0.792607,51,181.528404
-0.695606,51,181.553341
-0.686507,50,181.576403
-0.66443,52,181.601503
-0.749865,52,181.626358
-0.750296,51,181.651299
-0.641875,50,181.674691
-0.790146,52,181.699074
-0.682337,51,181.724165
-0.674614,50,181.747119
-0.706963,52,181.7723
-0.682755,52,181.797074
-0.711502,51,181.820546
-0.700716,51,181.845751
-0.694663,51,181.869372
-0.903842,51,181.894682
-0.644375,51,181.918284
-0.750358,51,181.942986
-0.788718,51,181.967277
-0.608856,50,182.226356
-0.734863,52,182.251293
-0.767189,51,182.275301
-0.655336,51,182.299986
-0.754757,51,182.325092
-0.560464,51,182.348936
-0.693063,52,182.374895
-0.784683,51,182.398599
-0.804909,51,182.424042
-0.680992,52,182.448102
-0.848935,51,182.472339
-0.764633,51,182.497101
-0.673722,51,182.520679
-0.68529,51,182.545484
-0.63195,50,182.568909
-0.713609,51,182.592727
-0.664745,51,182.617678
-0.758372,51,182.64113
-0.767943,51,182.66584
-0.7489,51,182.689906
-0.711131,50,182.712954
-0.756417,51,182.738074
-0.648319,50,182.761092
-0.786749,51,182.785474
-0.794232,51,182.809647
-0.753113,51,182.833153
-0.732108,51,182.858492
-0.72769,51,182.882314
-0.758649,51,182.907317
-0.67402,51,182.930765
-0.732243,52,182.955748
-0.713744,51,182.97999
-0.85607,51,183.00348
-0.674667,51,183.028757
-0.837562,52,183.052738
-0.691822,51,183.076927
-0.676025,51,183.101399
-0.629116,52,183.125293
-0.744182,51,183.150185
-0.622287,51,183.173929
-0.876627,51,183.434926
-0.914253,51,183.45959
-0.682934,50,183.483429
-0.785947,51,183.508204
-0.767237,51,183.53193
-0.767546,50,183.556869
-0.746852,51,183.580743
-0.64708,51,183.604662
-0.779786,51,183.629391
-0.750468,51,183.65287
-0.779581,51,183.677744
-0.693564,51,183.701941
-0.72418,51,183.729464
-0.807254,51,183.75382
-0.782017,51,183.777699
-0.756171,52,183.803723
-0.721996,51,183.827472
-0.680484,51,183.8519
-0.719692,52,183.877071
-0.662002,51,183.900702
-0.70303,51,183.925775
-0.774507,51,183.949653
-0.672873,52,183.974183
-0.835432,51,183.999308
-0.651669,51,184.022991
-0.612835,50,184.047313
-0.80079,51,184.07178
-0.920931,51,184.095408
-0.684665,51,184.120722
-0.622162,51,184.144282
-0.643026,51,184.169739
-0.632703,50,184.19294
-0.684632,51,184.217623
-0.751779,51,184.241518
-0.774426,51,184.266238
-0.834397,51,184.290534
-0.712004,51,184.315765
-0.832471,51,184.339461
-0.756231,51,184.364099
-0.717598,50,184.388249
-0.750803,51,184.645083
-0.679511,51,184.669393
-0.653309,50,184.693443
-0.67983,50,184.716997
-0.631793,51,184.742387
-0.664198,51,184.767406
-0.788744,51,184.792072
-0.755786,51,184.81634
-0.63495,50,184.841239
-0.852086,51,184.865529
-0.685503,51,184.890575
-0.732058,51,184.915185
-0.651823,51,184.938784
-0.701114,51,184.964491
-0.775714,50,184.988609
-0.60524,51,185.012427
-0.758273,51,185.036763
-0.638558,52,185.062077
-0.615502,51,185.086931
-0.924115,51,185.112103
-0.679647,51,185.136635
-0.71435,51,185.160455
-0.733292,51,185.184506
-0.767258,52,185.210389
-0.70181,50,185.234274
-0.694722,51,185.258326
-0.677251,52,185.284731
-0.596873,51,185.308758
-0.664462,51,185.333834
-0.809084,51,185.358156
-0.775263,51,185.382921
-0.817664,51,185.408705
-0.709678,51,185.432502
-0.720955,51,185.456172
-0.740387,51,185.481746
-0.771958,51,185.506612
-0.680562,51,185.530247
-0.707902,51,185.555421
-0.748379,52,185.58092
-0.665029,51,185.604979
-0.778966,51,185.868596
-0.695251,50,185.89305
-0.733894,51,185.917658
-0.790691,51,185.941718
-0.607512,51,185.966704
-0.663187,52,185.991409
-0.642083,51,186.015757
-0.666335,51,186.039549
-0.960216,52,186.065625
-0.823433,51,186.089346
-0.704925,51,186.113627
-0.717309,51,186.138368
-0.833137,51,186.162063
-0.670291,51,186.188227
-0.762319,51,186.212635
-0.720568,52,186.237082
-0.630328,52,186.263125
-0.802327,51,186.286851
-0.804254,51,186.311128
-0.705619,51,186.335159
-0.976661,51,186.359646
-0.836608,52,186.385031
-0.899891,51,186.410339
-0.671959,51,186.434528
-0.694663,51,186.458366
-0.648494,51,186.482408
-0.793069,51,186.507309
-0.782067,51,186.530922
-0.702509,51,186.555759
-0.711235,51,186.581143
-0.736633,52,186.605674
-0.725782,51,186.631269
-0.760058,51,186.655066
-0.700642,51,186.679379
-0.717715,51,186.703433
-0.630265,50,186.727588
-0.898515,51,186.751394
-0.737514,51,186.776741
-0.687471,51,186.800615
-0.640793,50,186.824335
-0.675464,51,187.080381
-0.709784,51,187.105597
-0.693588,51,187.130395
-0.766,51,187.154947
-0.831229,51,187.179092
-0.722271,51,187.203913
-0.699306,52,187.229506
-0.739611,51,187.253342
-0.755852,51,187.2783
-0.840384,51,187.302263
-0.750586,52,187.326664
-0.654084,52,187.351202
-0.668902,50,187.376923
-0.672502,50,187.40037
-0.752478,52,187.425512
-0.712846,51,187.449967
-0.660598,51,187.473677
-0.623049,51,187.498877
-0.735966,51,187.522496
-0.68313,51,187.546571
-0.723914,51,187.572356
-0.680364,51,187.596193
-0.697125,51,187.620029
-0.832519,51,187.64524
-0.642438,51,187.669954
-0.680412,52,187.694756
-0.725694,51,187.720354
-0.676249,51,187.744063
-0.703761,52,187.769939
-0.725443,52,187.794826
-0.759893,51,187.819566
-0.784268,52,187.843891
-0.838793,51,187.869842
-0.697941,51,187.894168
-0.698034,51,187.918119
-0.697845,51,187.943351
-0.800428,51,187.96776
-0.67649,51,187.992512
-0.711541,51,188.016606
-0.70574,50,188.040618
-0.80317,51,188.29752
-0.671421,51,188.321141
-0.729198,51,188.345723
-0.767669,51,188.370453
-0.716609,52,188.395914
-0.63167,51,188.419884
-0.729454,51,188.445318
-0.817954,51,188.470059
-0.830797,52,188.494743
-0.701085,51,188.519153
-0.743261,51,188.544165
-0.736634,51,188.567986
-0.739984,51,188.592986
-0.694138,51,188.617342
-0.782791,51,188.641106
-0.965328,51,188.667501
-0.713417,52,188.692136
-0.862836,51,188.715985
-0.63281,51,188.740489
-0.694053,51,188.765082
-0.678986,51,188.788716
-0.732945,51,188.81393
-0.609884,51,188.837785
-0.762165,51,188.86182
-0.769277,51,188.886782
-0.625565,51,188.911793
-0.602272,52,188.936098
-0.658089,51,188.960969
-0.730122,51,188.986386
-0.697459,51,189.010376
-0.726567,50,189.033979
-0.685087,52,189.059862
-0.67241,51,189.084651
-0.757158,51,189.109271
-0.717232,50,189.13359
-0.870028,52,189.157786
-0.710081,50,189.18368
-0.754536,52,189.208466
-0.695775,52,189.233047
-0.698646,51,189.258529
-0.812721,51,189.513495
-0.723875,52,189.53913
-0.697621,51,189.56449
-0.778547,51,189.590316
-0.827431,50,189.614387
-0.726682,51,189.638935
-0.750702,51,189.663478
-0.679649,51,189.689693
-0.651309,51,189.713662
-0.660359,50,189.738118
-0.718679,52,189.763307
-0.740738,50,189.787568
-0.699024,52,189.813552
-0.690599,51,189.837499
-0.780533,51,189.861513
-0.644006,50,189.885989
-0.670304,51,189.911007
-0.71607,50,189.934303
-0.786238,51,189.959423
-0.729952,51,189.984662
-0.643323,52,190.009127
-0.685581,51,190.034738
-0.640048,51,190.058562
-0.649863,51,190.083396
-0.760679,51,190.108121
-0.618183,52,190.133524
-0.611675,51,190.15745
-0.690405,52,190.183896
-0.721409,51,190.208165
-0.74286,51,190.232353
-0.685426,51,190.256292
-0.692618,51,190.282452
-0.753459,51,190.306539
-0.651098,52,190.331514
-0.741992,51,190.356374
-0.736331,51,190.381231
-0.796585,52,190.405872
-0.600128,52,190.431767
-0.573283,50,190.455571
-0.76528,51,190.480517
-0.773829,51,190.790111
-0.763461,51,190.817327
-0.741977,51,190.843306
-0.744136,51,190.868249
-0.713286,52,190.894577
-0.721522,51,190.919467
-0.788908,51,190.943661
-0.621159,51,190.970106
-0.729444,51,190.994518
-0.789909,51,191.018824
-0.643102,51,191.043958
-0.677266,51,191.068478
-0.689999,51,191.093604
-0.685704,51,191.118289
-0.869233,51,191.142116
-0.750455,51,191.168305
-0.704579,52,191.193542
-0.763101,52,191.218228
-0.632486,51,191.242427
-0.713955,51,191.267766
-0.677692,51,191.291661
-0.888505,51,191.316476
-0.717188,51,191.341244
-0.710819,51,191.365875
-0.65639,52,191.392178
-0.88238,51,191.4164
-0.772431,51,191.440403
-0.667704,51,191.46577
-0.639047,51,191.489514
-0.737392,51,191.514072
-0.717377,51,191.538702
-0.612955,50,191.561908
-0.78634,51,191.586931
-0.732272,51,191.611039
-0.655033,51,191.63661
-0.723513,51,191.660474
-0.708972,51,191.68511
-0.67495,52,191.710361
-0.69436,52,191.735806
-0.745366,51,191.760185
-0.763547,51,191.783999
-0.675749,51,192.041475
-0.728969,51,192.067139
-0.72936,51,192.092365
-0.791793,51,192.117864
-0.709894,50,192.14162
-0.713941,52,192.166294
-0.729452,51,192.190313
-0.679034,51,192.215595
-0.727523,51,192.239291
-0.858132,51,192.265136
-0.857965,51,192.289441
-0.833227,51,192.313264
-0.659116,51,192.338539
-0.579015,50,192.361856
-0.778634,51,192.386787
-0.788827,51,192.412088
-0.699902,52,192.436319
-0.711997,51,192.46169
-0.668735,50,192.486079
-0.799597,51,192.509986
-0.816648,51,192.535355
-0.661286,50,192.558749
-0.685757,51,192.58285
-0.709872,51,192.607826
-0.824381,51,192.631571
-0.657523,51,192.656439
-0.747893,51,192.681806
-0.717199,51,192.705743
-0.679805,51,192.73131
-0.72299,51,192.755091
-0.736294,51,192.780221
-0.679867,51,192.805429
-0.670202,51,192.829222
-0.694939,51,192.852828
-0.690207,51,192.878789
-0.640262,51,192.903026
-0.667605,50,192.926545
-0.722924,52,192.952156
-0.782896,51,192.976858
-0.780483,51,193.001671
-0.724928,51,193.257054
-0.654468,52,193.282607
-0.60341,51,193.307549
-0.583943,50,193.331929
-0.79638,51,193.35757
-0.656917,51,193.382767
-0.784985,50,193.407431
-0.731975,51,193.432001
-0.786187,52,193.456119
-0.693622,51,193.481268
-0.604744,50,193.504392
-0.739088,52,193.529075
-0.72999,50,193.553175
-0.707343,51,193.577921
-0.664784,50,193.601452
-0.666289,50,193.626556
-0.707357,51,193.650313
-0.718612,51,193.674555
-0.775732,51,193.699304
-0.700407,51,193.723005
-0.710614,51,193.748078
-0.684043,50,193.772687
-0.782533,51,193.796787
-0.683723,51,193.822314
-0.647763,52,193.846537
-0.796514,51,193.871497
-0.751697,51,193.896648
-0.631973,51,193.920436
-0.695808,50,193.944953
-0.664764,50,193.969492
-0.737545,51,193.993558
-0.747686,51,194.018958
-0.838617,51,194.042543
-0.734688,51,194.066872
-0.789537,51,194.092143
-0.762739,51,194.11684
-0.757138,52,194.14098
-0.835726,51,194.167444
-0.614831,51,194.191852
-0.74081,51,194.215953
-0.721372,51,194.47085
-0.674596,51,194.494403
-0.67866,52,194.519655
-0.701812,51,194.544546
-0.719293,51,194.570422
-0.731737,51,194.595367
-0.651296,51,194.620901
-0.642995,52,194.645372
-0.74079,52,194.670486
-0.643061,51,194.695019
-0.721868,51,194.718646
-0.665851,50,194.743502
-0.761006,51,194.767992
-0.756461,51,194.792584
-0.744485,51,194.817871
-0.736846,50,194.841159
-0.716816,52,194.865384
-0.691088,52,194.891006
-0.731123,51,194.9153
-0.66105,50,194.938787
-0.67726,51,194.964769
-0.701344,51,194.988972
-0.726438,50,195.013098
-0.64838,50,195.037335
-0.787996,51,195.061004
-0.678442,51,195.084656
-0.72197,51,195.109984
-0.666278,51,195.133481
-0.688707,51,195.157814
-0.661587,51,195.183608
-0.673583,52,195.208144
-0.803514,51,195.233049
-0.725186,51,195.257367
-0.773103,51,195.281062
-0.674406,51,195.306472
-0.685698,50,195.329605
-0.569901,52,195.353794
-0.675639,52,195.379096
-0.644289,51,195.403564
-0.834867,50,195.426729
-0.690354,52,195.682243
-0.749093,51,195.706972
-0.659515,51,195.731265
-0.727273,51,195.755843
-0.635306,51,195.780101
-0.779188,51,195.804532
-0.694682,51,195.82866
-0.673067,51,195.853627
-0.708237,52,195.879036
-0.726529,50,195.903588
-0.732524,51,195.928
-0.815437,51,195.951709
-0.800603,50,195.977756
-0.77655,52,196.002338
-0.719223,51,196.026099
-0.650223,51,196.051521
-0.774863,51,196.076138
-0.72321,52,196.100616
-0.725742,51,196.12573
-0.714412,51,196.149891
-0.848686,51,196.174584
-0.835713,51,196.200288
-0.788913,51,196.22396
-0.664933,50,196.24803
-0.669054,51,196.273678
-0.702464,51,196.2978
-0.700264,51,196.323047
-0.699827,51,196.347353
-0.714901,51,196.371966
-0.761978,51,196.396362
-0.733876,51,196.421575
-0.638547,50,196.444776
-0.821329,51,196.470306
-0.764244,50,196.494532
-0.777861,51,196.51824
-0.667471,51,196.543508
-0.663985,50,196.567306
-0.72725,51,196.591921
-0.641489,51,196.615961
-0.618041,51,196.641165
-0.718322,51,196.897203
-0.659804,52,196.921314
-0.724511,51,196.945971
-0.714919,51,196.971746
-0.695262,51,196.996837
-0.920887,51,197.022429
-0.777168,51,197.046938
-0.684165,51,197.072332
-0.625787,52,197.097488
-0.598272,50,197.120806
-0.718148,50,197.145649
-0.847974,52,197.170801
-0.729654,51,197.194878
-0.843094,51,197.219734
-0.746498,52,197.244921
-0.703369,50,197.269018
-0.751711,51,197.294445
-0.715504,51,197.318572
-0.650157,51,197.342479
-0.646448,51,197.368224
-0.717329,50,197.391944
-0.627686,52,197.416944
-0.717393,50,197.440995
-0.731985,52,197.465688
-0.617021,51,197.489917
-0.758417,51,197.515525
-0.688212,52,197.539766
-0.71925,51,197.564469
-0.714068,51,197.590112
-0.789853,51,197.614017
-0.659552,51,197.638947
-0.660991,51,197.663335
-0.76036,51,197.686982
-0.662251,50,197.711979
-0.679317,50,197.735116
-0.702881,51,197.758848
-0.666167,51,197.783725
-0.698664,52,197.808511
-0.622158,52,197.832571
-0.660466,51,197.858058
-0.878218,51,198.108067
-0.627111,51,198.134747
-0.640387,51,198.159384
-0.664825,50,198.18496
-0.704395,51,198.209726
-0.760359,51,198.235104
-0.646266,51,198.260687
-0.641823,51,198.285708
-0.704348,52,198.310401
-0.690448,51,198.334743
-0.696098,51,198.358309
-0.830397,51,198.383778
-0.659113,50,198.406845
-0.750916,52,198.431529
-0.784426,51,198.456203
-0.739048,51,198.480861
-0.700037,52,198.506469
-0.622568,52,198.531159
-0.671346,52,198.555306
-0.670854,51,198.580119
-0.677111,52,198.605971
-0.684969,51,198.629683
-0.807545,51,198.654179
-0.717003,51,198.678742
-0.902817,51,198.702381
-0.729432,51,198.727706
-0.722463,51,198.751382
-0.731902,52,198.775921
-0.666227,51,198.800734
-0.670576,52,198.824745
-0.614826,51,198.848238
-0.765587,50,198.873822
-0.783546,51,198.898163
-0.821201,51,198.922131
-0.650619,50,198.946896
-0.741127,51,198.971346
-0.625815,51,198.996104
-0.747688,50,199.019699
-0.737397,51,199.043916
-0.789267,51,199.068264
-0.766902,50,199.093541
-0.722337,50,199.34615
-0.730244,50,199.371972
-0.602498,51,199.397406
-0.677498,51,199.423374
-0.65106,51,199.448165
-0.698459,51,199.474001
-0.812402,51,199.4988
-0.788951,51,199.524206
-0.775834,51,199.548236
-0.781182,51,199.573848
-0.626661,51,199.598563
-0.674761,51,199.622345
-0.687343,50,199.645845
-0.631157,51,199.671983
-0.779787,51,199.695913
-0.760377,52,199.720916
-0.698867,50,199.745193
-0.74616,51,199.769786
-0.617334,52,199.795586
-0.692407,51,199.819938
-0.695918,52,199.84434
-0.844167,50,199.870204
-0.760679,52,199.894727
-0.677028,51,199.918492
-0.623326,51,199.94301
-0.741037,51,199.967562
-0.688998,51,199.991223
-0.736432,52,200.016889
-0.674515,51,200.040686
-0.7001,51,200.064852
-0.764835,51,200.089809
-0.704143,51,200.114079
-0.659734,51,200.138251
-0.639089,51,200.163248
-0.692785,50,200.187819
-0.756078,50,200.211275
-0.746984,51,200.235174
-0.648581,50,200.259574
-0.717117,51,200.284308
-0.696532,50,200.308872
-0.744724,51,200.560466
-0.741823,51,200.586647
-0.707392,52,200.612737
-0.645406,51,200.637272
-0.622866,50,200.66127
-0.654954,50,200.687822
-0.750324,51,200.712681
-0.723733,52,200.737285
-0.697056,50,200.761139
-0.80271,51,200.78642
-0.750081,50,200.811153
-0.827829,51,200.835026
-0.61723,51,200.860476
-0.684089,51,200.885357
-0.754264,51,200.909358
-0.595018,50,200.934474
-0.731444,51,200.958156
-0.62242,52,200.983913
-0.774879,51,201.009097
-0.731023,51,201.032881
-0.798877,51,201.05785
-0.738542,50,201.082316
-0.600235,52,201.106906
-0.837028,51,201.130907
-0.790732,51,201.156104
-0.589373,51,201.180752
-0.638961,50,201.205206
-0.772353,51,201.230073
-0.754082,51,201.253827
-0.678274,51,201.279983
-0.719617,51,201.304244
-0.6364,50,201.327552
-0.666222,51,201.351774
-0.645517,51,201.377369
-0.721384,50,201.400783
-0.774171,51,201.425744
-0.723045,51,201.44983
-0.798486,51,201.483915
-0.775395,51,201.549837
-0.68854,51,201.576789
-0.748778,51,201.832253
-0.62659,51,201.857288
-0.847573,51,201.882145
-0.786976,50,201.906078
-0.846116,51,201.930377
-0.706203,50,201.9545
-0.641631,52,201.980914
-0.73529,52,202.007774
-0.723236,51,202.031953
-0.706696,51,202.056692
-0.752599,50,202.081189
-0.684977,51,202.104854
-0.642716,51,202.12991
-0.715641,51,202.153862
-0.691885,52,202.179321
-0.654458,51,202.20474
-0.803967,51,202.228377
-0.740056,51,202.252871
-0.66818,50,202.277009
-0.788078,51,202.300795
-0.617236,51,202.325998
-0.745581,52,202.350297
-0.661108,51,202.375166
-0.781468,51,202.399556
-0.6632,51,202.424714
-0.758718,51,202.448417
-0.677351,51,202.474944
-0.702941,51,202.49889
-0.716548,51,202.522732
-0.605322,51,202.548141
-0.64613,51,202.572722
-0.691125,51,202.597129
-0.745869,50,202.621781
-0.572286,51,202.645263
-0.931805,51,202.670902
-0.681973,51,202.695421
-0.716596,51,202.719206
-0.668096,51,202.744964
-0.735846,51,202.771452
-0.771426,51,202.796213
-0.739164,52,203.052166
-0.638926,51,203.076132
-0.665657,52,203.10287
-0.638584,51,203.127427
-0.718124,51,203.153291
-0.689764,50,203.178709
-0.727951,51,203.203495
-0.586022,50,203.229315
-0.658756,52,203.254359
-0.657852,51,203.280027
-0.683578,52,203.306273
-0.660705,51,203.331917
-0.923022,51,203.357524
-0.839612,51,203.384058
-0.703623,50,203.408383
-0.698061,51,203.433022
-0.751354,51,203.456659
-0.60299,50,203.481486
-0.744645,51,203.505361
-0.789128,51,203.529352
-0.790782,50,203.553903
-0.651095,50,203.578271
-0.746801,51,203.603241
-0.793108,51,203.627774
-0.648125,51,203.651511
-0.629198,51,203.676932
-0.698395,51,203.700665
-0.691812,51,203.724906
-0.644236,51,203.749732
-0.776689,51,203.774409
-0.729419,51,203.798236
-0.699106,52,203.824002
-0.711671,51,203.847981
-0.764341,51,203.873355
-0.669274,51,203.896941
-0.649038,50,203.920097
-0.833259,51,203.944863
-0.702672,52,203.970534
-0.635696,52,203.995123
-0.616858,52,204.021039
-0.70867,51,204.271139
-0.75383,51,204.295601
-0.701122,51,204.319533
-0.647722,51,204.345582
-0.643202,50,204.37111
-0.799155,51,204.39614
-0.66893,51,204.420926
-0.814357,51,204.445599
-0.657149,51,204.470328
-0.787911,51,204.4948
-0.681912,51,204.519217
-0.659645,52,204.543858
-0.69147,52,204.570613
-0.683455,52,204.595206
-0.695523,51,204.620684
-0.795885,51,204.645092
-0.735523,51,204.669852
-0.731697,52,204.695913
-0.788263,51,204.721938
-0.66445,51,204.747574
-0.70871,51,204.774224
-0.646883,51,204.799404
-0.846422,51,204.823987
-0.677837,51,204.847676
-0.765735,51,204.873117
-0.707901,51,204.896829
-0.673863,51,204.921145
-0.699587,51,204.94592
-0.641856,51,204.97043
-0.673173,52,204.996108
-0.941684,51,205.020421
-0.791905,51,205.044124
-0.668574,52,205.069991
-0.690154,51,205.093556
-0.866073,51,205.117858
-0.675746,51,205.146385
-0.766105,51,205.171259
-0.608047,51,205.196371
-0.691351,51,205.219968
-0.717773,51,205.245049
-0.70705,52,205.495818
-0.717755,51,205.52177
-0.76322,50,205.545113
-0.691772,52,205.571606
-0.734867,51,205.596218
-0.718794,51,205.621053
-0.807382,51,205.646885
-0.676934,52,205.671969
-0.74478,51,205.697156
-0.669179,51,205.722268
-0.835511,51,205.747324
-0.653186,51,205.772686
-0.648275,51,205.796686
-0.761929,51,205.822021
-0.673231,50,205.845129
-0.717394,51,205.87132
-0.757567,52,205.895817
-0.875835,52,205.920313
-0.604423,52,205.945503
-0.733975,52,205.971197
-0.665104,50,205.994924
-0.713824,51,206.02023
-0.780086,51,206.044303
-0.673135,51,206.069169
-0.675695,51,206.094736
-0.69357,51,206.118657
-0.674246,51,206.143306
-0.831684,51,206.167904
-0.832681,51,206.19159
-0.717456,52,206.217398
-0.652657,50,206.240906
-0.6978,52,206.267624
-0.658426,50,206.291185
-0.77111,51,206.314881
-0.644932,52,206.340178
-0.641212,50,206.36405
-0.748776,51,206.387715
-0.690967,52,206.413483
-0.661892,50,206.436523
-0.657405,51,206.460885
-0.898006,50,206.710732
-0.676157,51,206.736372
-0.733828,51,206.760417
-0.740392,50,206.78669
-0.633505,50,206.811186
-0.789711,51,206.835908
-0.748638,51,206.861853
-0.722438,51,206.886651
-0.753633,51,206.911253
-0.661345,51,206.935997
-0.834381,50,206.959738
-0.819582,51,206.984721
-0.733923,51,207.008551
-0.700628,50,207.032976
-0.66008,51,207.056824
-0.701328,52,207.082289
-0.645455,51,207.107768
-0.658471,50,207.13108
-0.687049,51,207.155639
-0.640412,51,207.180277
-0.684364,52,207.204613
-0.730638,50,207.229229
-0.74523,52,207.253583
-0.828085,51,207.278512
-0.721148,51,207.303932
-0.691015,51,207.327574
-0.623618,52,207.352631
-0.695285,51,207.37721
-0.710286,51,207.400834
-0.797976,50,207.425892
-0.714684,52,207.450065
-0.706695,51,207.475112
-0.643804,51,207.499344
-0.638605,52,207.524741
-0.618505,51,207.548501
-0.679663,51,207.573511
-0.797343,51,207.597644
-0.770652,51,207.62138
-0.781066,51,207.646679
-0.651159,50,207.670736
-0.819194,51,207.695545
-0.834535,52,207.945774
-0.758932,51,207.971694
-0.636824,51,207.995924
-0.622058,50,208.020744
-0.775313,51,208.045751
-0.832971,50,208.070768
-0.632746,50,208.096742
-0.628499,50,208.120916
-0.832482,51,208.145718
-0.652999,52,208.171602
-0.714067,51,208.196378
-0.677376,50,208.221308
-0.641724,50,208.244817
-0.705808,50,208.270332
-0.79921,51,208.294813
-0.720004,51,208.318906
-0.743086,50,208.34385
-0.651924,51,208.368293
-0.694142,51,208.393135
-0.670178,50,208.41758
-0.72429,51,208.441388
-0.66685,51,208.467127
-0.730289,51,208.491653
-0.730066,51,208.515518
-0.717185,52,208.540003
-0.604195,51,208.565508
-0.669552,50,208.589509
-0.646,50,208.614042
-0.668006,51,208.638503
-0.762204,51,208.662281
-0.726265,51,208.688748
-0.692137,51,208.712732
-0.63879,52,208.737478
-0.692434,51,208.76239
-0.720047,51,208.786973
-0.767346,51,208.8109
-0.768244,51,208.835906
-0.690796,51,208.859937
-0.741651,51,208.884723
-0.736616,52,208.910955
-0.665636,51,209.162126
-0.728928,51,209.187096
-0.72493,51,209.21139
-0.684271,51,209.236599
-0.755551,52,209.261787
-0.740298,51,209.287971
-0.726153,51,209.312818
-0.710514,51,209.338272
-0.739058,51,209.362857
-0.645353,51,209.389501
-0.655904,51,209.414101
-0.734496,51,209.438862
-0.688675,51,209.462658
-0.630456,51,209.48915
-0.69524,51,209.513005
-0.660374,50,209.536913
-0.648459,52,209.562183
-0.705249,52,209.586367
-0.705637,51,209.611358
-0.847028,52,209.636066
-0.677595,51,209.6597
-0.775432,51,209.684755
-0.817256,52,209.710682
-0.707437,51,209.735028
-0.728729,51,209.759083
-0.680819,52,209.785373
-0.686942,51,209.809244
-0.740052,52,209.834939
-0.763902,52,209.859733
-0.917178,51,209.88441
-0.762636,51,209.909885
-0.643743,51,209.933576
-0.813484,51,209.957849
-0.751928,51,209.983605
-0.692767,51,210.007418
-0.776544,51,210.032375
-0.636108,51,210.056405
-0.709443,51,210.080174
-0.667706,50,210.10372
-0.772931,51,210.128481
-0.602913,50,210.376633
-0.729876,51,210.401453
-0.839921,52,210.427091
-0.632447,50,210.45101
-0.726036,51,210.475176
-0.689765,51,210.501136
-0.738208,51,210.525516
-0.71281,51,210.549859
-0.642137,51,210.574339
-0.664142,52,210.600193
-0.581573,51,210.625274
-0.66521,52,210.649893
-0.675398,52,210.676587
-0.739662,51,210.701061
-0.691372,51,210.726441
-0.7548,51,210.750386
-0.602076,51,210.775556
-0.673657,51,210.799887
-0.731353,51,210.8249
-0.847778,51,210.848469
-0.734497,51,210.87354
-0.735828,51,210.897629
-0.804357,51,210.921444
-0.747555,52,210.947313
-0.605794,51,210.971898
-0.652225,51,210.996495
-0.729405,51,211.020522
-0.639047,51,211.044902
-0.789264,51,211.068405
-0.756829,51,211.093666
-0.695541,51,211.117241
-0.663496,50,211.141142
-0.756402,51,211.16646
-0.738165,51,211.190695
-0.802083,51,211.215829
-0.745974,51,211.240084
-0.653424,51,211.263972
-0.710837,51,211.287996
-0.726621,51,211.313028
-0.747593,51,211.336671
-0.757329,51,211.586857
-0.724934,50,211.610443
-0.676725,51,211.635528
-0.674175,51,211.659622
-0.636079,51,211.684738
-0.794784,51,211.711231
-0.738982,51,211.736045
-0.761309,51,211.760652
-0.736884,52,211.787124
-0.671632,51,211.812503
-0.722578,52,211.837942
-0.653186,51,211.863439
-0.704282,51,211.888725
-0.66966,51,211.912822
-0.704136,52,211.938667
-0.763611,51,211.962863
-0.764041,52,211.987372
-0.802239,51,212.012736
-0.60491,51,212.036504
-0.652606,50,212.060574
-0.671705,51,212.086356
-0.668389,51,212.110155
-0.676579,51,212.135329
-0.62997,51,212.1594
-0.711983,51,212.186523
-0.649776,51,212.212541
-0.772287,51,212.236706
-0.647887,51,212.260574
-0.668758,51,212.285927
-0.718674,51,212.310981
-0.756795,51,212.334775
-0.811172,51,212.360229
-0.634974,50,212.383437
-0.693846,52,212.40764
-0.72246,51,212.433083
-0.74857,51,212.456727
-0.670174,51,212.481086
-0.610941,51,212.505726
-0.756911,52,212.529836
-0.664999,52,212.555376
-0.69326,51,212.861441
-0.616969,51,212.888114
-0.698365,51,212.915043
-0.676773,51,212.942126
-0.729014,50,212.969973
-0.643363,51,212.994458
-0.679728,51,213.019597
-0.883542,51,213.045594
-0.735892,51,213.071114
-0.72698,51,213.096136
-0.613561,51,213.122465
-0.753164,51,213.146859
-0.715488,52,213.173359
-0.737656,52,213.199136
-0.750651,51,213.222961
-0.774272,51,213.248137
-0.879629,51,213.272985
-0.827752,51,213.297234
-0.967829,51,213.32282
-0.681148,51,213.346646
-0.743862,51,213.371194
-0.715122,50,213.394784
-0.642173,51,213.419063
-0.797276,51,213.442866
-0.655497,51,213.468603
-0.65197,50,213.491968
-0.592842,51,213.517497
-0.699689,51,213.541244
-0.722514,51,213.567365
-0.674413,51,213.593441
-0.74845,51,213.619083
-0.599116,51,213.644727
-0.74796,51,213.669975
-0.765516,51,213.694117
-0.567908,50,213.720501
-0.900781,51,213.746431
-0.706131,51,213.772235
-0.657232,51,213.797972
-0.698958,51,213.823632
-0.726345,52,213.849586
-0.662648,51,214.109449
-0.744603,51,214.133955
-0.756414,51,214.159166
-0.697059,51,214.182963
-0.722937,51,214.207839
-0.737888,51,214.23258
-0.6541,51,214.258254
-0.7736,51,214.283287
-0.78934,51,214.307865
-0.617534,51,214.332384
-0.711778,51,214.356948
-0.645559,51,214.381593
-0.704603,51,214.406716
-0.76171,51,214.430674
-0.680775,51,214.455855
-0.726994,50,214.479595
-0.667487,52,214.503898
-0.584123,51,214.529226
-0.690819,51,214.553228
-0.727343,52,214.578661
-0.700598,51,214.602204
-0.664243,51,214.626992
-0.771176,51,214.651263
-0.731078,51,214.674878
-0.719458,52,214.700718
-0.809032,51,214.724353
-0.716167,51,214.749537
-0.716542,52,214.773525
-0.662384,51,214.79838
-0.730592,51,214.822542
-0.642648,50,214.845675
-0.65528,51,214.870933
-0.733609,51,214.89444
-0.694592,52,214.920503
-0.712445,51,214.944045
-0.73757,51,214.968815
-0.746044,51,214.992828
-0.656843,52,215.016943
-0.732635,51,215.042079
-0.689146,52,215.066095
-0.693124,51,215.317193
-0.657876,52,215.342422
-0.682066,50,215.367155
-0.666251,51,215.390832
-0.736059,50,215.415419
-0.820243,51,215.439814
-0.761367,50,215.46495
-0.716402,51,215.4894
-0.705388,51,215.514009
-0.717927,51,215.538508
-0.658792,50,215.563639
-0.71912,51,215.587905
-0.785496,51,215.611997
-0.636428,50,215.636814
-0.859223,50,215.660411
-0.695169,51,215.684452
-0.644385,51,215.709292
-0.760836,51,215.732807
-0.841007,51,215.757595
-0.651237,51,215.781592
-0.802404,51,215.806819
-0.719929,51,215.830372
-0.927731,51,215.854463
-0.75019,50,215.878803
-0.768383,51,215.90239
-0.763164,51,215.927707
-0.705115,51,215.951235
-0.723661,51,215.976652
-0.657926,51,216.000158
-0.726561,51,216.024351
-0.679281,51,216.049421
-0.629827,51,216.072931
-0.643726,51,216.098235
-0.704007,50,216.121293
-0.781684,51,216.146473
-0.653577,51,216.170008
-0.787799,51,216.194184
-0.73412,51,216.218594
-0.66786,51,216.242133
-0.661233,51,216.267204
-0.775571,51,216.290932
-0.78446,51,216.542059
-0.87507,51,216.565956
-0.791371,51,216.590331
-0.68536,51,216.615127
-0.707519,50,216.638443
-0.689938,51,216.664162
-0.800368,51,216.688131
-0.796398,52,216.714704
-0.63465,50,216.738791
-0.792711,51,216.763152
-0.762253,51,216.787576
-0.7455,51,216.811898
-0.663853,50,216.835593
-0.772775,51,216.859579
-0.656552,51,216.885063
-0.711627,52,216.909305
-0.673466,52,216.93516
-0.697731,51,216.958756
-0.828589,51,216.98326
-0.673614,51,217.007636
-0.751952,51,217.031156
-0.862159,51,217.056425
-0.70459,51,217.080077
-0.647754,51,217.105373
-0.666729,52,217.129317
-0.637893,51,217.153763
-0.78792,52,217.178617
-0.701094,51,217.20224
-0.674313,51,217.227535
-0.717146,51,217.251175
-0.762179,51,217.276399
-0.782066,52,217.300384
-0.658905,52,217.325487
-0.751965,51,217.349809
-0.695799,52,217.373881
-0.707175,51,217.399091
-0.720768,52,217.423381
-0.767487,51,217.448749
-0.670244,51,217.472252
-0.679577,51,217.49673
-0.69082,50,217.745717
-0.59119,51,217.770762
-0.761648,51,217.795104
-0.739106,51,217.818877
-0.763212,50,217.851986
-0.751518,51,217.88677
-0.573876,50,217.923989
-0.717387,51,217.951258
-0.658645,51,217.980044
-0.623834,52,218.008265
-0.720925,52,218.035178
-0.806939,51,218.06286
-0.797594,50,218.090469
-0.641143,51,218.115453
-0.861326,51,218.140498
-0.698575,51,218.165386
-0.729369,51,218.189937
-0.691825,51,218.21349
-0.771255,52,218.23922
-0.698916,50,218.262423
-0.641235,51,218.286551
-0.70826,51,218.311293
-0.641334,51,218.334732
-0.723734,51,218.360064
-0.683825,52,218.384031
-0.81985,51,218.409317
-0.726747,51,218.432698
-0.672328,51,218.45684
-0.694173,51,218.481686
-0.633492,51,218.505123
-0.801337,52,218.530564
-0.711703,52,218.554956
-0.644737,50,218.579661
-0.674701,52,218.603582
-0.71054,52,218.62818
-0.631372,52,218.653344
-0.813497,51,218.676976
-0.691692,50,218.701753
-0.718961,52,218.725744
-0.624111,51,218.750863
-0.79981,51,219.000554
-0.595354,51,219.029572
-0.798436,51,219.055344
-0.720151,51,219.082551
-0.714903,51,219.106658
-0.743735,50,219.13056
-0.680448,51,219.156171
-0.67873,52,219.180643
-0.711717,51,219.205854
-0.748049,51,219.230498
-0.638327,50,219.255129
-0.661947,51,219.279173
-0.754826,51,219.303635
-0.774972,51,219.327731
-0.729492,51,219.352184
-0.740219,51,219.377156
-0.731364,51,219.400938
-0.658836,50,219.42583
-0.692937,50,219.449065
-0.763054,51,219.474413
-0.671212,52,219.498614
-0.759888,51,219.522806
-0.703436,51,219.547565
-0.59848,50,219.570736
-0.658176,51,219.596026
-0.671564,51,219.619685
-0.717937,51,219.645008
-0.696863,51,219.66859
-0.723515,51,219.695788
-0.681722,51,219.719969
-0.735738,51,219.745512
-0.884043,50,219.768885
-0.565878,50,219.793383
-0.804093,51,219.817656
-0.702337,51,219.841365
-0.696943,50,219.866274
-0.630503,51,219.890465
-0.738297,51,219.915229
-0.713922,51,219.938837
-0.668467,51,219.963715
-0.761472,51,220.248709
-0.664628,50,220.280171
-0.769053,51,220.308753
-0.655391,51,220.334944
-0.815121,51,220.362567
-0.706453,52,220.390297
-0.778577,51,220.418709
-0.659686,52,220.446928
-0.790305,51,220.473504
-0.807691,52,220.499339
-0.756603,51,220.525149
-0.626557,51,220.55013
-0.79101,51,220.574627
-0.711156,51,220.598814
-0.851402,51,220.624102
-0.665237,51,220.648308
-0.733177,52,220.673549
-0.786572,51,220.697029
-0.709609,51,220.721803
-0.804694,51,220.745751
-0.626831,50,220.770554
-0.734395,52,220.794499
-0.72524,50,220.818324
-0.691887,51,220.842981
-0.704481,51,220.866527
-0.624607,51,220.891406
-0.725697,51,220.915233
-0.774577,51,220.940564
-0.616754,50,220.963716
-0.578799,50,220.987646
-0.636161,51,221.012075
-0.649655,51,221.036825
-0.682768,51,221.060829
-0.773499,51,221.084575
-0.630747,51,221.109675
-0.752789,51,221.133165
-0.687361,52,221.158873
-0.606151,50,221.181822
-0.663119,52,221.207165
-0.661012,51,221.230991
-0.66993,51,221.482172
-0.695991,51,221.507779
-0.755508,51,221.531572
-0.683753,51,221.555739
-0.655363,51,221.580644
-0.736898,51,221.604188
-0.735926,52,221.630244
-0.686344,52,221.654711
-0.815015,52,221.678873
-0.632918,51,221.704574
-0.605538,50,221.728387
-0.636416,51,221.752674
-0.731882,52,221.777381
-0.803932,51,221.801759
-0.801039,51,221.826671
-0.76909,51,221.850994
-0.685797,50,221.87409
-0.747661,50,221.899035
-0.800046,51,221.92248
-0.802141,51,221.947681
-0.827685,51,221.971121
-0.658919,50,221.995449
-0.7392,51,222.019317
-0.683304,51,222.043089
-0.778176,51,222.067982
-0.724815,51,222.091627
-0.71534,51,222.116212
-0.750465,51,222.140524
-0.639062,52,222.166047
-0.732831,51,222.189884
-0.683714,51,222.21369
-0.600999,51,222.238566
-0.739694,51,222.26194
-0.679438,51,222.287222
-0.767439,51,222.31076
-0.68836,51,222.335866
-0.693317,51,222.35956
-0.671834,51,222.383467
-0.796352,51,222.408122
-0.705117,52,222.432122
-0.682988,52,222.682518
-0.645045,51,222.706337
-0.622929,51,222.731291
-0.675216,51,222.755118
-0.7903,52,222.779491
-0.685896,50,222.803994
-0.645242,52,222.828701
-0.594599,51,222.853576
-0.727947,51,222.877391
-0.815187,51,222.902599
-0.678005,51,222.926961
-0.792742,51,222.951399
-0.82927,51,222.977002
-0.687782,51,223.001063
-0.62725,51,223.025953
-0.789776,50,223.050337
-0.733158,51,223.074005
-0.623601,51,223.0991
-0.680082,51,223.122785
-0.654015,51,223.146834
-0.802518,51,223.17159
-0.669222,51,223.196046
-0.669768,51,223.220287
-0.729249,51,223.243717
-0.655439,51,223.268808
-0.709527,52,223.293007
-0.660889,52,223.318708
-0.715925,52,223.342604
-0.69191,51,223.366909
-0.688796,51,223.3912
-0.705646,51,223.414639
-0.714684,51,223.439624
-0.790691,51,223.463131
-0.788019,51,223.488312
-0.787253,51,223.511786
-0.744106,51,223.536179
-0.740087,51,223.614507
-0.705775,51,223.643049
-0.648076,51,223.668807
-0.67285,51,223.696437
-0.644108,50,223.946625
-0.907961,51,223.972732
-0.724223,51,223.99675
-0.64595,52,224.022367
-0.643621,52,224.046379
-0.741386,51,224.071736
-0.773138,51,224.095192
-0.692464,51,224.120042
-0.752214,51,224.144408
-0.727263,50,224.167946
-0.771269,51,224.193254
-0.787846,51,224.217397
-0.720856,51,224.241536
-0.686316,51,224.265621
-0.652959,51,224.290998
-0.672166,50,224.315029
-0.711233,51,224.338993
-0.654776,51,224.36295
-0.694335,50,224.387441
-0.73217,52,224.411442
-0.689686,52,224.436559
-0.639881,52,224.461244
-0.653676,51,224.486095
-0.661281,51,224.51057
-0.714877,51,224.539601
-0.715906,51,224.563819
-0.732365,51,224.587689
-0.712679,51,224.612916
-0.720849,50,224.636084
-0.733601,51,224.660626
-0.809448,51,224.684866
-0.68922,52,224.709078
-0.702952,51,224.734457
-0.720674,51,224.758287
-0.648314,51,224.783284
-0.804283,51,224.806923
-0.699696,50,224.831207
-0.706117,52,224.85597
-0.64056,52,224.880145
-0.764068,51,224.905258
-0.807993,51,224.928791
-0.717231,52,225.181044
-0.742437,51,225.204738
-0.618631,52,225.229682
-0.84042,52,225.254901
-0.762203,51,225.278525
-0.911995,51,225.303999
-0.702828,52,225.328045
-0.635452,50,225.353221
-0.671805,50,225.376694
-0.644517,51,225.40225
-0.583602,52,225.427115
-0.7175,50,225.451856
-0.64417,52,225.477529
-0.705177,51,225.501829
-0.721218,51,225.527839
-0.723045,51,225.551971
-0.749361,52,225.577777
-0.663965,51,225.601581
-0.706885,52,225.626122
-0.714217,51,225.651
-0.677139,50,225.674
-0.664794,51,225.698763
-0.781759,52,225.72334
-0.794174,52,225.748872
-0.726377,51,225.772596
-0.790571,50,225.797394
-0.693052,52,225.822138
-0.715037,51,225.846769
-0.631007,52,225.871888
-0.642516,52,225.89663
-0.649049,51,225.920158
-0.619888,51,225.94539
-0.871721,51,225.969258
-0.837315,51,225.994305
-0.677095,51,226.019805
-0.690372,51,226.045328
-0.725799,51,226.07056
-0.824701,51,226.095798
-0.638175,50,226.120567
-0.66625,50,226.145354
-0.687772,51,226.40607
-0.760331,51,226.431758
-0.75477,51,226.457519
-0.661367,51,226.483258
-0.760972,51,226.508715
-0.78213,52,226.534675
-0.762779,51,226.559987
-0.636452,51,226.585278
-0.754358,51,226.610976
-0.592358,51,226.636508
-0.777654,51,226.664295
-0.72565,51,226.690593
-0.687567,52,226.715895
-0.67054,51,226.740296
-0.706882,51,226.764759
-0.707049,51,226.787929
-0.640071,51,226.811781
-0.69525,51,226.837156
-0.640958,50,226.86026
-0.66493,51,226.884574
-0.722323,51,226.908828
-0.620106,51,226.932171
-0.763552,51,226.95731
-0.674514,51,226.980821
-0.792045,51,227.004753
-0.690685,51,227.029384
-0.719457,51,227.05285
-0.649236,51,227.077611
-0.650108,52,227.10199
-0.714483,51,227.125639
-0.784528,51,227.150623
-0.754517,51,227.174071
-0.735247,51,227.19858
-0.835628,50,227.222274
-0.777765,51,227.2473
-0.778902,52,227.271452
-0.659885,51,227.295185
-0.722776,51,227.319913
-0.644532,50,227.342945
-0.721619,51,227.36807
-0.682712,50,227.616701
-0.718366,50,227.641464
-0.732462,51,227.665513
-0.681177,51,227.689502
-0.753761,50,227.713997
-0.641136,52,227.738795
-0.803976,51,227.763254
-0.644867,52,227.787212
-0.675909,51,227.812345
-0.614128,50,227.835964
-0.684801,51,227.861549
-0.740713,51,227.885519
-0.778344,52,227.911006
-0.766611,51,227.936192
-0.64139,51,227.96036
-0.666936,51,227.98449
-0.608893,50,228.009505
-0.72383,52,228.034047
-0.707738,51,228.057663
-0.725182,52,228.082408
-0.782369,51,228.107115
-0.68793,51,228.131649
-0.830733,51,228.155868
-0.633115,51,228.179366
-0.677768,51,228.20463
-0.670582,51,228.228047
-0.770358,50,228.252717
-0.646824,51,228.276216
-0.79131,51,228.301083
-0.790906,51,228.324878
-0.627945,50,228.348192
-0.791486,51,228.373085
-0.740128,51,228.396441
-0.674974,51,228.421708
-0.70579,52,228.445657
-0.785963,51,228.470567
-0.660086,51,228.494175
-0.741057,51,228.518297
-0.742897,52,228.543642
-0.610116,51,228.567021
-0.673389,51,228.818732
-0.656086,50,228.843997
-0.678509,51,228.869504
-0.677807,51,228.894875
-0.606622,52,228.920772
-0.682525,51,228.946105
-0.606019,50,228.969136
-0.730365,50,228.994049
-0.695044,51,229.017301
-0.738732,51,229.042728
-0.640925,51,229.06675
-0.774778,51,229.091572
-0.624791,50,229.116145
-0.714898,51,229.141701
-0.624543,52,229.166911
-0.749535,51,229.191091
-0.67098,51,229.216853
-0.661521,50,229.240422
-0.715148,51,229.263969
-0.817056,51,229.288633
-0.690816,51,229.312905
-0.751949,51,229.337828
-0.740996,51,229.361439
-0.734249,51,229.38532
-0.70415,50,229.409558
-0.696369,50,229.432479
-0.617746,51,229.457451
-0.716911,51,229.481258
-0.643504,51,229.506377
-0.553115,50,229.529825
-0.698667,52,229.554342
-0.63853,50,229.578232
-0.624422,50,229.601173
-0.838263,51,229.626311
-0.65763,51,229.649679
-0.713095,51,229.674892
-0.672662,50,229.697818
-0.748983,51,229.722265
-0.745834,51,229.746178
-0.685726,52,229.770222
-0.712737,51,230.020403
-0.661937,52,230.044687
-0.790759,51,230.070004
-0.660984,51,230.093527
-0.748751,51,230.117946
-0.605527,50,230.153509
-0.64074,50,230.187226
-0.640582,51,230.211489
-0.683721,50,230.235792
-0.757812,51,230.260197
-0.737498,51,230.284156
-0.880995,51,230.309876
-0.752133,51,230.335501
-0.668331,50,230.360969
-0.647248,51,230.385117
-0.56538,51,230.409129
-0.675848,50,230.432843
-0.746609,51,230.458115
-0.643019,51,230.482518
-0.668509,51,230.506586
-0.67393,52,230.531054
-0.723277,50,230.555692
-0.672989,50,230.5788
-0.607457,52,230.60387
-0.731226,51,230.628243
-0.711541,51,230.651872
-0.664688,51,230.677148
-0.874021,51,230.700948
-0.65678,52,230.726892
-0.719492,51,230.750506
-0.729806,51,230.775149
-0.685883,51,230.799331
-0.623915,51,230.82285
-0.835882,51,230.848053
-0.819264,51,230.871572
-0.765588,51,230.896806
-0.68041,51,230.920276
-0.690024,51,230.944986
-0.759863,52,230.969549
-0.668921,50,230.992762
-0.66441,52,231.247606
-0.753432,51,231.273781
-0.783412,51,231.299415
-0.85145,51,231.32515
-0.977751,52,231.351178
-0.722237,51,231.376616
-0.700821,51,231.40217
-0.746606,51,231.427848
-0.776857,51,231.453264
-0.792175,51,231.478708
-0.719205,51,231.505553
-0.614477,51,231.532429
-0.731409,51,231.55841
-0.629545,50,231.583608
-0.728254,52,231.608828
-0.671173,50,231.632914
-0.738598,51,231.65752
-0.643456,51,231.68213
-0.672414,51,231.707464
-0.641493,51,231.731655
-0.680421,51,231.755357
-0.65777,51,231.780561
-0.800321,51,231.804466
-0.64203,51,231.828366
-0.706064,50,231.852831
-0.686956,51,231.87636
-0.701801,51,231.901893
-0.66383,52,231.926039
-0.67854,51,231.951076
-0.824482,51,231.974832
-0.702351,51,231.998823
-0.755528,51,232.023726
-0.784566,51,232.047237
-0.701923,51,232.072887
-0.627404,51,232.096441
-0.736455,51,232.121537
-0.809815,51,232.145273
-0.66582,51,232.170396
-0.659513,51,232.19393
-0.691348,51,232.218377
-0.778028,51,232.24261
-0.73348,51,232.492834
-0.666136,51,232.517251
-0.623073,51,232.541087
-0.632656,50,232.565958
-0.620965,51,232.589694
-0.632672,50,232.61386
-0.627152,51,232.638498
-0.846102,51,232.663568
-0.618999,50,232.687211
-0.725338,51,232.711017
-0.645198,52,232.736932
-0.774252,52,232.761549
-0.644145,51,232.787129
-0.762457,51,232.811447
-0.668387,52,232.836132
-0.684263,51,232.860298
-0.702581,51,232.884507
-0.678893,51,232.908909
-0.606438,50,232.932923
-0.71817,50,232.957555
-0.793269,52,232.981766
-0.70326,51,233.006634
-0.765661,51,233.030803
-0.965323,52,233.054894
-0.734881,50,233.079927
-0.63287,51,233.103992
-0.663883,51,233.128816
-0.725965,51,233.152483
-0.76338,51,233.178063
-0.800956,51,233.203373
-0.758009,51,233.228667
-0.67874,51,233.25401
-0.737927,51,233.279335
-0.707829,52,233.30526
-0.626036,50,233.330022
-0.650931,50,233.35334
-0.780528,51,233.377441
-0.616845,51,233.402141
-0.70282,50,233.42626
-0.709763,51,233.45051
-0.832678,51,233.70127
-0.678738,51,233.725845
-0.668894,50,233.749128
-0.675512,51,233.774693
-0.760331,51,233.798806
-0.669781,51,233.823893
-0.671338,51,233.847498
-0.672053,51,233.8722
-0.748356,51,233.896489
-0.720487,51,233.921607
-0.643129,50,233.94471
-0.665288,51,233.9691
-0.614955,51,233.994439
-0.734756,52,234.018999
-0.683969,50,234.044665
-0.679316,51,234.068943
-0.665126,51,234.093144
-0.801411,50,234.116823
-0.813137,51,234.141247
-0.762727,51,234.165633
-0.675279,50,234.190162
-0.713429,51,234.215429
-0.741859,52,234.241536
-0.686945,52,234.266757
-0.630665,51,234.291059
-0.714034,51,234.314569
-0.696112,51,234.339906
-0.816195,51,234.363507
-0.757114,51,234.387864
-0.657176,51,234.412442
-0.636212,50,234.436718
-0.712928,52,234.461368
-0.748438,51,234.484901
-0.78474,51,234.510113
-0.696976,51,234.533687
-0.821135,51,234.558092
-0.731093,52,234.583192
-0.795102,51,234.607952
-0.749437,52,234.632594
-0.659634,51,234.656169
-0.704642,51,234.906847
-0.657235,52,234.931402
-0.657603,51,234.955461
-0.723573,51,234.980585
-0.687388,52,235.005493
-0.617802,51,235.030176
-0.611715,50,235.053615
-0.783472,51,235.131175
-0.753153,52,235.158393
-0.853366,51,235.185048
-0.7934,51,235.212273
-0.696788,51,235.240445
-0.731652,51,235.270609
-0.717844,51,235.314211
-0.788511,51,235.35108
-0.695941,51,235.38134
-0.631069,51,235.411174
-0.647856,52,235.440886
-0.751335,51,235.468655
-0.692958,51,235.495998
-0.722235,51,235.523563
-0.709995,51,235.547832
-0.733694,51,235.573597
-0.701808,51,235.599161
-0.757735,51,235.622919
-0.734384,51,235.648473
-0.720924,51,235.673055
-0.67077,51,235.697724
-0.6723,51,235.723362
-0.690562,51,235.74707
-0.667738,51,235.77261
-0.688667,52,235.798413
-0.677171,51,235.822535
-0.68135,51,235.848112
-0.752776,52,235.872444
-0.629195,50,235.897447
-0.685626,51,235.921874
-0.69685,51,235.946385
-0.664481,51,235.971727
-0.659181,51,235.995412
-0.788606,51,236.254626
-0.743499,51,236.280374
-0.689529,51,236.30606
-0.679051,50,236.331127
-0.74885,51,236.356618
-0.687678,51,236.382238
-0.67751,50,236.407333
-0.63935,51,236.432771
-0.774357,51,236.458397
-0.670806,51,236.483913
-0.731616,51,236.509537
-0.710515,51,236.535109
-0.732574,51,236.56098
-0.708969,51,236.586199
-0.60059,50,236.610436
-0.71486,51,236.636305
-0.670527,51,236.660576
-0.841911,52,236.688488
-0.657898,52,236.714013
-0.70239,50,236.739512
-0.710406,52,236.765404
-0.750414,51,236.791278
-0.70384,50,236.819514
-0.607488,51,236.847053
-0.580002,51,236.874557
-0.626062,50,236.898933
-0.680737,51,236.92385
-0.705661,51,236.947632
-0.678888,51,236.970377
-0.744558,51,236.996282
-0.712038,52,237.021431
-0.680505,50,237.044173
-0.668704,50,237.066191
-0.894006,51,237.090348
-0.619915,52,237.115311
-0.732456,51,237.139301
-0.606749,51,237.162266
-0.812671,51,237.185328
-0.749608,51,237.235453
-0.694539,51,237.300968
-0.619668,50,237.626856
-0.660398,52,237.652264
-0.693841,52,237.675541
-0.715793,51,237.699053
-0.739895,51,237.722756
-0.676998,51,237.745306
-0.630767,51,237.76754
-0.62247,52,237.790204
-0.634602,50,237.812004
-0.636255,51,237.834195
-0.679317,52,237.857962
-0.65552,50,237.881432
-0.671395,50,237.905497
-0.703118,51,237.930708
-0.753932,51,237.953877
-0.620195,51,237.976056
-0.634336,51,237.998411
-0.743231,51,238.020765
-0.583942,51,238.04309
-0.799028,51,238.065392
-0.598428,51,238.087608
-0.708307,50,238.109519
-0.648136,51,238.131711
-0.742166,51,238.153828
-0.691934,51,238.175975
-0.66133,51,238.198238
-0.636726,50,238.220217
-0.710613,51,238.243738
-0.716314,51,238.266491
-0.644028,51,238.289179
-0.657055,52,238.312366
-0.61855,52,238.335294
-0.734916,51,238.357708
-0.859908,51,238.380437
-0.682167,51,238.400852
-0.616881,51,238.421039
-0.73407,51,238.442253
-0.632002,51,238.464481
-0.670784,51,238.489313
-0.74035,51,238.510877
-0.809991,52,238.759144
-0.796628,51,238.779471
-0.811688,51,238.799759
-0.687314,50,238.819394
-0.728001,51,238.840266
-0.721765,51,238.860615
-0.737435,51,238.881091
-0.647711,51,238.899785
-0.677248,51,238.91797
-0.730055,51,238.936052
-0.637157,50,238.955661
-0.768528,51,238.976279
-0.738506,51,238.996698
-0.688386,51,239.018268
-0.707475,51,239.038576
-0.625856,50,239.059856
-0.618422,51,239.082451
-0.585131,51,239.104922
-0.690736,50,239.126866
-0.658707,51,239.150297
-0.666439,50,239.172519
-0.685396,51,239.194923
-0.682154,51,239.217033
-0.69567,51,239.241763
-0.649799,52,239.267348
-0.714806,51,239.292407
-0.646069,50,239.317165
-0.747403,50,239.343419
-0.671092,52,239.371207
-0.761463,52,239.397617
-0.737285,52,239.422309
-0.658608,51,239.447296
-0.654942,52,239.471504
-0.672222,51,239.494764
-0.781786,51,239.518815
-0.696834,51,239.543128
-0.65996,51,239.566598
-0.772791,52,239.590705
-0.751956,51,239.61556
-0.674836,51,239.640895
-0.839737,51,239.664502
