#{"t_start": 1789372824.1517801, "env_id": "None"}
r,l,t
-6.874401,51,2.597729
-6.96,51,2.681103
-6.65,51,2.751411
-6.612957,51,2.830783
-6.949531,51,2.900891
-6.390654,51,2.9695
-6.248633,51,3.034852
-6.574489,51,3.111105
-6.785432,51,3.200837
-6.735585,51,3.325056
-6.573581,51,3.436104
-6.618006,51,3.51981
-6.854511,51,3.598805
-6.97,51,3.66617
-6.730625,51,3.741935
-6.716206,51,3.826045
-6.494507,51,3.928205
-6.580809,51,4.010854
-7.097214,51,4.122797
-6.63267,51,4.208934
-6.893003,51,4.288116
-7.010654,52,4.363927
-6.850001,51,4.433793
-6.85023,51,4.49666
-7.122199,51,4.552548
-6.61015,51,4.653294
-6.753907,51,4.735418
-6.856481,52,4.818704
-7.063731,51,4.893655
-6.606346,51,4.989842
-6.161036,51,5.067998
-6.955349,51,5.151146
-6.817156,51,5.2458
-6.267379,51,5.326452
-6.742835,51,5.395914
-6.673627,51,5.464729
-6.851228,52,5.532152
-6.354103,51,5.599018
-6.610433,51,5.666678
-6.87,51,5.730746
-6.642913,51,9.335297
-6.59,51,9.400285
-6.85181,51,9.477837
-6.73,51,9.547959
-7.229592,51,9.620314
-7.341854,51,9.687348
-6.17342,52,9.7575
-6.629724,51,9.823984
-7.011024,51,9.895267
-6.615166,51,9.962008
-7.237389,51,10.028643
-6.740106,51,10.095864
-6.759301,51,10.169579
-6.733045,51,10.24488
-7.273727,51,10.3361
-6.540599,51,10.421662
-6.749156,51,10.535058
-7.091471,51,10.630414
-7.532327,51,10.693032
-7.34,51,10.752194
-7.25,52,10.828344
-6.284428,51,10.927078
-7.37,51,11.019112
-6.71,51,11.100005
-7.142383,51,11.177216
-6.29,51,11.247151
-7.176143,52,11.331201
-6.706019,51,11.400759
-6.793196,51,11.461619
-6.921694,51,11.538054
-6.716668,51,11.620822
-6.96,52,11.693647
-6.660014,51,11.760307
-6.675109,52,11.827526
-6.636014,51,11.893437
-6.479601,51,11.959702
-6.823453,51,12.026059
-6.451899,51,12.09258
-6.880148,51,12.161244
-6.652314,51,12.232639
-6.81,51,16.200136
-7.06055,52,16.269065
-6.34,51,16.33792
-6.450134,51,16.406141
-7.167657,51,16.474175
-6.736824,51,16.539409
-6.857295,51,16.6105
-6.44,51,16.67728
-6.500569,52,16.744625
-7.57112,52,16.813146
-6.23136,51,16.880305
-6.750601,52,16.949689
-7.28,51,17.011294
-5.895379,51,17.07025
-6.73,51,17.1309
-7.033,51,17.203901
-7.048883,51,17.276836
-6.990471,52,17.351536
-6.560082,51,17.430334
-7.140079,51,17.493254
-7.05,51,17.551711
-7.325182,52,17.62018
-6.84,51,17.699168
-6.840113,52,17.764624
-6.7902,51,17.824276
-7.231609,51,17.893914
-6.608063,51,17.965285
-7.09,51,18.032072
-7.2,51,18.100331
-6.990002,51,18.170167
-6.512154,51,18.236257
-6.590034,51,18.304187
-7.003366,51,18.368619
-6.546008,52,18.436585
-6.84,51,18.506663
-6.32,51,18.574267
-6.918515,52,18.64548
-6.800133,51,18.742576
-7.075038,52,18.829671
-7.20084,51,18.909814
-7.607199,51,23.35299
-7.05,51,23.471279
-7.14,52,23.539341
-6.941069,52,23.603501
-6.59184,51,23.66888
-6.710612,51,23.732037
-6.654796,51,23.798695
-6.348436,51,23.868895
-7.141114,51,23.935492
-6.995958,51,24.001762
-6.690235,51,24.063069
-6.619138,51,24.115792
-6.82135,51,24.170512
-6.570874,51,24.224117
-5.92123,52,24.278324
-6.822861,51,24.334397
-6.517736,51,24.387193
-7.012813,52,24.44637
-6.690617,51,24.510235
-6.523634,51,24.567614
-7.09524,51,24.63299
-6.693724,51,24.691837
-6.64,51,24.748666
-6.363126,51,24.805711
-6.943303,51,24.86115
-6.99,51,24.918495
-6.980234,52,24.975169
-6.590474,51,25.029149
-7.070336,51,25.085705
-6.481246,51,25.147373
-6.85,51,25.222652
-6.670614,52,25.297156
-6.602156,51,25.366177
-6.760153,51,25.43546
-6.885128,51,25.502847
-6.93,51,25.569619
-6.772749,51,25.636704
-6.627078,51,25.702335
-6.921677,51,25.77037
-6.980234,51,25.848033
-6.501951,51,29.570437
-6.730714,51,29.670753
-6.81,51,29.747971
-6.766947,51,29.817701
-6.680348,51,29.886215
-6.75932,51,29.954036
-7.260212,51,30.016846
-6.420884,51,30.082042
-6.51,51,30.152327
-6.692785,51,30.236824
-6.383024,52,30.320053
-6.790051,52,30.399118
-7.016601,52,30.468414
-6.440525,51,30.535506
-7.062727,51,30.602618
-6.700002,51,30.66108
-7.11,51,30.71632
-6.55,51,30.770891
-6.561287,51,30.828956
-6.620089,51,30.891588
-7.010085,51,30.958191
-6.85,51,31.017513
-7.5,51,31.093609
-7.148318,51,31.16207
-6.72,51,31.232085
-6.78,51,31.299246
-6.991571,51,31.363588
-6.23,51,31.428688
-7.065782,51,31.493137
-6.77,51,31.561218
-6.961313,51,31.626606
-6.730822,51,31.692808
-7.094965,52,31.759681
-6.603322,52,31.828528
-7.072788,52,31.911073
-6.551526,51,31.999027
-6.960238,51,32.085106
-6.550258,51,32.158576
-6.950001,52,32.226283
-6.743532,51,32.298309
-6.895688,51,36.291593
-6.908112,51,36.403985
-6.593092,51,36.513497
-7.060147,51,36.60198
-6.616312,51,36.674022
-7.062515,51,36.74765
-6.744204,51,36.82681
-6.650122,51,36.898844
-7.59,51,36.968579
-6.42,51,37.047818
-6.862811,51,37.11646
-6.537245,52,37.19045
-6.802959,51,37.267575
-6.82,51,37.346069
-6.732893,51,37.41101
-6.618358,51,37.476152
-6.85345,51,37.549338
-7.144967,51,37.632355
-6.464577,51,37.709633
-6.513899,51,37.780085
-6.643992,51,37.84017
-6.534672,51,37.899321
-7.11,51,37.968692
-6.42109,51,38.032843
-6.87,51,38.10379
-6.641928,51,38.17187
-6.9,51,38.245112
-6.45652,51,38.319466
-7.303081,51,38.395084
-6.93,51,38.470868
-6.890045,51,38.547928
-6.810671,51,38.628672
-6.950271,52,38.699012
-6.355409,51,38.780433
-6.483472,51,38.852204
-6.749331,51,38.929784
-6.77,51,39.007885
-7.350849,51,39.090241
-6.708304,51,39.160289
-6.9,51,39.22839
-6.570408,51,43.586583
-6.751818,51,43.652125
-6.317326,51,43.718108
-7.02,52,43.785743
-6.213125,51,43.847261
-6.992076,51,43.910898
-6.68,51,43.972622
-6.904561,52,44.034388
-6.6704,51,44.095105
-6.760538,52,44.167176
-7.2,52,44.247856
-6.63,51,44.312157
-6.817267,51,44.375756
-7.200201,52,44.435922
-6.335335,51,44.497022
-7.220657,51,44.561406
-6.76,51,44.636479
-6.610092,51,44.708339
-6.696765,51,44.781996
-6.910114,51,44.845367
-6.460969,51,44.916137
-6.95,51,44.977884
-6.724486,51,45.037404
-6.286384,51,45.096075
-6.77543,51,45.151954
-6.048779,51,45.216862
-7.129664,52,45.285051
-6.580557,51,45.352327
-6.687602,51,45.418471
-6.27157,51,45.485569
-6.811912,51,45.551248
-6.930369,51,45.616689
-7.25,51,45.681045
-7.211146,51,45.746731
-7.28,52,45.815055
-6.870201,51,45.893865
-6.67594,51,45.961755
-6.231264,51,46.028978
-7.294691,51,46.093849
-6.592338,51,46.159846
-7.071345,51,49.86628
-6.74,51,49.990146
-7.013322,51,50.120664
-6.33,51,50.216721
-6.620015,51,50.273172
-7.06,51,50.330252
-7.223586,51,50.385109
-6.98,51,50.444168
-6.930639,51,50.498226
-6.65,52,50.555321
-6.881386,51,50.61778
-6.658754,51,50.671479
-6.74,52,50.734894
-7.13,51,51.087698
-6.217345,51,51.269251
-6.64,51,51.383549
-6.720165,51,51.468815
-6.283711,51,51.541721
-7.040563,51,51.608081
-6.470597,51,51.683761
-6.3,51,51.760578
-7.180553,51,51.81632
-6.670467,51,51.873468
-6.76,51,51.953124
-7.118903,51,52.030129
-6.681658,51,52.112597
-6.831413,51,52.20199
-7.004601,51,52.270731
-6.502109,51,52.344927
-6.732854,51,52.42091
-6.72,51,52.489815
-7.081169,52,52.565385
-6.290583,52,52.633148
-7.120692,51,52.703172
-6.301685,51,52.771788
-6.82,51,52.838333
-7.312134,51,52.904625
-7.198651,51,52.972129
-6.64,51,53.036824
-6.775572,51,53.136971
-6.8293,51,57.110344
-6.786032,51,57.240315
-6.67,51,57.319795
-6.93,51,57.379039
-7.17,51,57.444531
-7.462047,51,57.508807
-6.540142,51,57.570677
-6.37,51,57.635654
-6.675142,51,57.693644
-7.07,51,57.75337
-6.804307,51,57.810867
-6.192012,51,57.871392
-7.040105,51,57.932437
-6.819246,51,57.990356
-6.581618,51,58.051001
-6.706434,51,58.124467
-6.800995,51,58.18636
-6.913706,51,58.251091
-6.717613,51,58.309155
-7.25,51,58.369533
-7.325347,51,58.42036
-7.000303,51,58.472135
-6.363262,51,58.521314
-6.574858,51,58.572213
-7.250883,52,58.623603
-6.750204,51,58.681146
-6.59034,51,58.733395
-6.938662,51,58.783362
-6.989734,52,58.837589
-6.59,51,58.887371
-6.630686,51,58.937593
-6.82,51,58.986241
-6.370001,51,59.038028
-6.660009,52,59.091272
-7.272946,51,59.141391
-6.59073,51,59.190222
-6.610461,51,59.241031
-6.897774,51,59.289215
-6.720117,51,59.342209
-6.350153,51,59.405389
-6.790721,51,62.460439
-7.264523,52,62.550637
-7.232854,51,62.610976
-6.68,52,62.670874
-6.4,51,62.731592
-6.564647,51,62.791141
-6.312882,51,62.846327
-6.571402,51,62.903484
-6.72,51,62.961236
-6.54,51,63.019206
-6.74,51,63.080738
-6.964813,51,63.142676
-6.756861,51,63.197899
-7.067945,51,63.254475
-6.67223,51,63.310542
-6.407943,51,63.365711
-6.922126,51,63.426638
-6.62,51,63.481838
-6.960314,51,63.537381
-7.155124,51,63.756685
-6.78,51,63.894896
-7.154636,52,63.95499
-6.290684,51,64.018213
-6.602216,51,64.147784
-6.855074,51,64.315282
-6.945446,51,64.397365
-7.030255,51,64.461163
-6.920036,51,64.526573
-7.020608,51,64.592516
-6.766635,52,64.658888
-7.06,51,64.719861
-6.416033,51,64.780753
-7.013433,51,64.844455
-6.340482,51,64.905829
-6.992233,51,64.968239
-6.528717,51,65.029156
-6.611008,51,65.08862
-6.220074,51,65.145635
-6.910725,51,65.197492
-6.710712,51,65.243644
-6.743431,51,68.438769
-6.693106,51,68.484177
-7.180567,52,68.537311
-7.002028,51,68.59869
-6.65,51,68.674181
-6.745183,51,68.750622
-6.940262,51,68.82376
-6.910004,51,68.896405
-6.945205,52,68.98595
-6.900389,51,69.057128
-7.338252,51,69.124869
-6.85,51,69.192511
-6.866194,51,69.257999
-6.96,51,69.328624
-7.193564,51,69.393193
-7.281662,51,69.448514
-6.91062,51,69.505234
-6.902632,51,69.560319
-6.861339,51,69.616358
-6.5,51,69.674616
-7.33,52,69.732834
-6.93,51,69.788606
-7.444607,51,69.839782
-6.74,51,69.894819
-7.065704,51,69.949671
-7.119485,51,70.006735
-7.061231,51,70.061302
-6.640246,51,70.116281
-6.737606,51,70.169688
-6.74,51,70.226057
-6.87,51,70.281926
-6.880294,51,70.337992
-6.513526,51,70.394593
-7.074355,51,70.450751
-6.97643,51,70.509011
-6.878405,51,70.564035
-6.302463,51,70.627289
-7.12,51,70.682228
-6.852829,51,70.737818
-6.521671,51,70.791095
-7.132108,51,73.979661
-7.143491,51,74.045404
-6.98366,51,74.11316
-7.19,51,74.178614
-7.036908,51,74.242631
-6.93,52,74.309297
-7.050159,51,74.374526
-6.666444,51,74.442386
-6.39,51,74.510387
-6.987993,51,74.574242
-7.272574,52,74.642352
-6.853246,51,74.705803
-6.822257,51,74.774331
-6.96,52,74.846972
-6.90397,51,74.920709
-6.742635,51,74.985384
-7.150235,51,75.056161
-6.558769,52,75.128395
-6.37,51,75.196164
-6.460478,51,75.266489
-6.625812,51,75.334383
-6.311344,51,75.400364
-7.080128,51,75.462093
-7.220816,51,75.526139
-6.47,51,75.591055
-6.51,51,75.656462
-6.278259,51,75.717376
-6.590004,51,75.781071
-7.218862,52,75.847053
-6.300066,51,75.910937
-7.01399,51,75.976542
-6.787116,51,76.041468
-6.860139,51,76.103842
-6.82084,51,76.166963
-7.342639,52,76.232663
-6.589113,51,76.296302
-6.59,51,76.356996
-6.804868,51,76.410536
-7.21263,51,76.463924
-6.154179,51,76.51308
-6.811715,51,79.906973
-6.613824,52,79.987631
-6.730022,52,80.056001
-7.020124,51,80.113894
-6.83,51,80.185785
-6.214998,51,80.279545
-6.833537,52,80.351733
-6.673592,51,80.423185
-6.931014,52,80.495714
-6.690487,52,80.56968
-6.644082,51,80.637795
-6.56,51,80.715656
-6.522632,51,80.789127
-6.700261,51,80.856178
-6.65,51,80.933686
-6.99,51,81.017435
-6.9,51,81.091605
-6.046058,51,81.169141
-6.901054,51,81.242299
-7.030164,51,81.32606
-7.095646,51,81.399662
-6.774067,51,81.476848
-6.708361,51,81.549504
-6.632325,51,81.627218
-6.791454,51,81.702764
-7.32,51,81.769382
-7.292944,51,81.8419
-6.88,51,81.914914
-6.929365,51,81.989967
-6.616536,51,82.060075
-6.651163,52,82.132747
-6.480035,51,82.196724
-6.645209,51,82.257527
-6.907821,51,82.316898
-6.78,51,82.37855
-6.700397,52,82.441722
-6.630451,51,82.498738
-7.079449,51,82.552564
-7.080044,52,82.614202
-7.002683,51,82.669637
-6.560022,51,87.192521
-6.880157,51,87.470134
-6.674137,51,87.623926
-7.093452,51,87.859092
-7.010819,51,87.974884
-6.820032,51,88.074569
-6.510049,51,88.183975
-6.871386,51,88.262816
-6.62,51,88.349997
-6.631157,51,88.449337
-7.058767,51,88.54567
-6.500016,51,88.746963
-6.420709,51,88.934526
-6.499274,51,89.06495
-7.140796,52,89.16529
-7.11257,51,89.260241
-6.61,51,89.341952
-6.440235,51,89.430383
-6.887316,51,89.513041
-6.6,51,89.581633
-7.203627,52,89.645772
-6.64,51,89.714933
-6.725594,51,89.816978
-6.870027,51,89.912723
-7.022915,51,89.993902
-6.95,51,90.124866
-7.223797,51,90.208676
-6.408463,51,90.34313
-6.98,51,90.478661
-7.0,51,90.640882
-6.499022,51,90.804071
-6.621815,51,90.910271
-6.67125,51,91.045618
-6.5,51,91.134749
-6.62,52,91.223818
-6.893347,51,91.307256
-6.730459,51,91.381691
-7.077095,51,91.464046
-6.7905,51,91.546386
-6.96,51,91.617332
-6.553445,51,96.187071
-6.59,52,96.274599
-6.88,51,96.359222
-5.998177,51,96.444596
-6.42,51,96.518322
-5.9,51,96.589463
-6.54,51,96.660462
-6.849234,51,96.726241
-7.23,51,96.793706
-6.82,51,96.871077
-6.541077,51,96.963831
-7.110296,51,97.0341
-6.58,52,97.113421
-7.054108,52,97.197031
-6.687748,51,97.278239
-7.341337,51,97.348037
-6.940257,51,97.431043
-6.76511,51,97.501789
-6.463616,51,97.572111
-7.052621,52,97.643615
-6.821263,51,97.713141
-6.397825,52,97.802509
-6.76,51,97.909696
-7.000199,51,97.98223
-6.78423,51,98.048158
-6.87,51,98.112956
-6.760054,51,98.176909
-7.111126,51,98.230983
-6.46,51,98.285027
-7.0,52,98.346203
-6.993686,52,98.414604
-6.730231,51,98.495835
-6.65,51,98.59137
-7.142227,52,98.676371
-6.331954,51,98.736214
-6.131997,51,98.793328
-6.929955,51,98.849618
-7.010033,52,98.915743
-7.041493,51,99.002402
-6.490441,51,99.08192
-6.428535,51,103.587631
-6.780966,51,103.743244
-6.711289,51,103.878361
-6.802924,51,103.988442
-6.63025,51,104.147581
-6.754036,52,104.251984
-6.121032,51,104.340276
-6.732309,51,104.423704
-6.870917,51,104.509888
-6.527451,51,104.595839
-6.886246,51,104.678092
-6.329153,51,104.752585
-6.778135,51,104.83677
-6.42311,51,104.908012
-6.66,51,105.020111
-6.690989,51,105.13082
-7.071896,51,105.229139
-6.73,51,105.299682
-6.412277,51,105.368837
-6.523647,51,105.442111
-6.646356,51,105.517961
-6.955352,51,105.585726
-7.290059,51,105.6542
-7.280177,51,105.726441
-6.890476,52,105.795553
-6.659123,51,105.862793
-7.294836,51,105.923864
-6.783587,51,105.986075
-6.722169,51,106.049656
-6.324097,51,106.13078
-6.703837,51,106.202239
-7.471429,51,106.280574
-6.651322,51,106.350637
-6.522873,51,106.421097
-6.716869,51,106.48627
-7.26064,51,106.549953
-6.62005,52,106.612045
-6.851386,51,106.669814
-6.703654,51,106.731189
-6.615181,51,106.791
-6.608738,51,110.871047
-6.606972,51,110.928543
-6.642295,51,110.994851
-6.463381,51,111.061449
-6.120492,51,111.128037
-6.690418,51,111.204955
-7.024324,51,111.275034
-6.040068,51,111.344852
-6.9,51,111.411276
-6.59,51,111.477383
-6.420242,51,111.540435
-6.59,51,111.601085
-6.910441,51,111.662766
-6.79416,51,111.723058
-6.74342,51,111.785394
-6.452321,51,111.847219
-6.58,51,111.904595
-7.050095,51,111.965138
-6.980014,51,112.023621
-6.32,51,112.078131
-6.06052,51,112.132723
-6.564183,51,112.200591
-6.694657,51,112.260179
-6.500454,51,112.313347
-6.95,52,112.370051
-6.497597,51,112.430055
-7.067426,51,112.483536
-6.402968,51,112.534172
-6.68515,51,112.591186
-6.835455,52,112.648015
-6.800639,52,112.703771
-6.232977,51,112.759915
-6.146599,51,112.816596
-6.263395,51,112.871058
-6.953588,51,112.930736
-6.684215,51,112.989993
-6.373054,51,113.046219
-6.889621,52,113.102098
-6.68,51,113.157923
-6.92,51,113.211028
-6.322147,51,116.980823
-6.700196,51,117.093506
-6.93,51,117.16392
-6.540026,51,117.229247
-6.49,51,117.295449
-6.625142,51,117.352622
-7.240312,51,117.412861
-6.16,51,117.48079
-6.916801,51,117.537207
-6.611246,51,117.596185
-6.437151,52,117.651632
-6.950138,51,117.707354
-6.52,51,117.762946
-6.811192,52,117.818979
-6.813192,52,117.879134
-6.89,51,117.933931
-7.103471,51,117.98771
-6.298832,51,118.044342
-7.07,51,118.098265
-6.851345,51,118.156245
-6.64,51,118.212529
-6.922808,51,118.270749
-6.85,51,118.329663
-6.427101,51,118.386222
-6.245732,51,118.446473
-7.28007,51,118.502875
-6.460075,51,118.559196
-7.029669,51,118.614825
-6.815406,51,118.676898
-6.860006,51,118.736246
-6.142936,51,118.79327
-6.484918,51,118.850514
-6.809018,51,118.90539
-6.364292,51,118.963591
-6.923127,51,119.01538
-6.640386,51,119.075234
-6.476391,51,119.151653
-7.18,51,119.228091
-6.44,51,119.303589
-7.093051,51,119.378295
-6.7902,51,119.453057
-6.914778,51,123.25142
-7.103898,51,123.319985
-6.52,51,123.383362
-6.890164,51,123.465533
-7.0,51,123.529064
-6.685039,52,123.598692
-6.64,51,123.696063
-6.674891,51,123.768057
-7.528821,52,123.833687
-6.9,52,123.903487
-6.970502,51,123.988399
-6.8,52,124.067502
-7.16,51,124.15027
-6.603619,51,124.216823
-6.881716,52,124.295649
-6.74574,51,124.365782
-6.870407,52,124.432601
-6.436554,51,124.497492
-6.730089,52,124.560083
-6.721612,51,124.619088
-7.145926,51,124.68404
-6.4,51,124.753626
-7.06,51,124.826391
-6.515198,51,124.890155
-6.850195,51,124.951271
-7.03,52,125.021328
-6.850155,51,125.087475
-6.696116,51,125.161176
-6.848227,52,125.221031
-6.444971,52,125.295454
-6.67089,51,125.366157
-6.847087,51,125.436321
-6.830855,51,125.524386
-7.393318,52,125.606651
-6.8,52,125.696396
-7.085446,51,125.777024
-6.453829,52,125.850219
-6.767627,51,125.922006
-6.847563,51,125.987949
-6.95,51,129.835042
-6.387767,51,129.886568
-7.026989,51,129.967854
-6.61596,51,130.026335
-6.340077,51,130.08284
-6.544572,51,130.138643
-6.72865,51,130.195342
-6.410029,51,130.249103
-6.401319,51,130.303396
-7.056916,52,130.361928
-7.022001,52,130.416817
-7.01,51,130.792073
-6.620129,51,130.888089
-7.0077,51,130.960538
-6.41,51,131.031455
-6.661838,51,131.097759
-6.662641,51,131.168745
-6.95,51,131.237781
-6.851765,51,131.302897
-6.383551,51,131.360818
-6.659005,51,131.416842
-6.57,51,131.476314
-6.743495,51,131.532895
-6.37,51,131.588817
-7.162376,51,131.65359
-6.937738,51,131.712665
-6.934417,51,131.770156
-6.625155,51,131.838144
-6.452139,51,131.901347
-6.950021,51,131.963814
-6.82974,51,132.026368
-6.57,51,132.093417
-6.414718,51,132.172179
-6.360979,51,132.247181
-6.98,51,132.315943
-6.71,51,132.387105
-6.903678,51,132.468793
-6.801502,51,132.550781
-6.773443,51,132.621371
-6.786319,52,132.702546
-6.72255,52,132.781095
-7.056,51,136.565681
-6.613919,51,136.649802
-6.153525,51,136.720378
-6.661466,51,136.7811
-6.897574,51,136.838221
-6.861997,51,136.899128
-6.84023,51,136.963947
-6.670849,51,137.020857
-6.420392,51,137.078007
-6.63,51,137.143926
-6.060018,51,137.202846
-7.029983,51,137.262008
-6.743394,51,137.318262
-6.71,51,137.376883
-7.080549,51,137.460615
-6.262582,51,137.529585
-6.610141,51,137.598928
-6.460161,51,137.669275
-6.41,51,137.73539
-6.97612,51,137.800745
-6.80411,51,137.86127
-7.0,51,137.922669
-6.83,51,137.990253
-6.436331,51,138.058471
-7.013224,52,138.13333
-6.598526,51,138.198108
-7.01,51,138.261723
-6.785508,51,138.320071
-7.070515,51,138.382371
-6.724794,51,138.446798
-6.731597,51,138.523069
-6.63705,51,138.60181
-7.224206,51,138.678928
-7.440808,52,138.742632
-6.699126,51,138.803172
-6.619205,51,138.866161
-6.850182,51,138.929683
-6.860946,51,138.995385
-6.834813,51,139.061875
-6.98,52,139.128412
-6.540273,51,142.779179
-6.825957,51,142.83493
-6.770419,51,142.911481
-6.980841,51,142.992431
-6.49,51,143.063622
-6.29559,52,143.122529
-7.110105,51,143.179962
-6.544536,51,143.236217
-6.84,51,143.295184
-6.95,51,143.357926
-7.304596,51,143.42483
-6.774763,51,143.482206
-6.155792,51,143.544018
-6.55,51,143.600131
-6.371297,51,143.658454
-6.872499,51,143.74749
-6.744049,51,143.809511
-6.910556,51,143.866833
-6.778407,51,143.935037
-6.6033,51,144.000904
-6.84136,51,144.075185
-6.839896,51,144.153295
-6.69,51,144.230017
-7.059254,51,144.308152
-6.41,51,144.377888
-6.675658,52,144.444529
-7.05948,51,144.507741
-6.810875,51,144.568521
-6.880003,51,144.630679
-6.6417,51,144.69583
-6.794102,51,144.763539
-6.476239,51,144.828466
-6.671601,51,144.89333
-6.592755,51,144.9593
-6.94,51,145.024455
-7.753721,52,145.087478
-6.526318,52,145.153917
-6.750617,51,145.221178
-6.58057,51,145.286017
-7.030787,51,145.349901
-6.731188,51,149.145793
-6.890355,51,149.217563
-6.86,51,149.282866
-6.755832,51,149.349929
-6.841084,51,149.419047
-7.56,52,149.485283
-6.900003,52,149.553928
-6.97,51,149.618709
-6.682171,51,149.685861
-6.670569,51,149.751259
-6.6253,51,149.82984
-6.73596,51,149.901646
-6.441041,51,149.967915
-6.870005,51,150.032835
-6.410016,52,150.096804
-6.423734,51,150.160958
-6.679108,51,150.223554
-7.020092,51,150.287215
-7.24,51,150.350624
-6.648846,51,150.414562
-6.542735,51,150.478887
-6.791065,51,150.549341
-6.881185,51,150.628285
-6.700332,51,150.699374
-6.73349,51,150.769653
-6.530829,51,150.836984
-6.68546,51,150.920959
-6.862411,51,150.996822
-6.87,51,151.063633
-6.721118,51,151.127805
-6.638417,51,151.188446
-7.136202,52,151.270932
-7.176782,52,151.349107
-7.150793,51,151.42909
-6.55,51,151.51712
-6.65,51,151.59993
-7.132952,51,151.683406
-7.037721,51,151.771051
-6.734861,51,151.829609
-6.880146,51,151.884884
-6.361992,51,156.93349
-7.063326,51,156.992407
-6.815387,51,157.061706
-6.403712,51,157.131492
-6.531558,52,157.210796
-7.063598,51,157.300299
-6.761819,51,157.384191
-6.652765,51,157.458977
-7.05,51,157.535182
-6.271048,51,157.625001
-6.870243,51,157.696438
-6.960756,52,157.768238
-6.404016,51,157.843629
-6.610339,52,157.916926
-6.484376,51,157.995741
-7.174968,51,158.07039
-6.96,52,158.147369
-6.810162,51,158.223059
-6.947626,51,158.293245
-6.464112,51,158.367858
-7.03,51,158.436813
-7.12976,51,158.510287
-6.834621,51,158.580751
-6.48162,52,158.651813
-6.22,51,158.73021
-6.406503,51,158.81674
-6.62,51,158.93539
-6.562896,51,159.049151
-6.74,51,159.131
-7.08,51,159.207012
-6.264208,51,159.283884
-7.120026,51,159.362807
-6.460977,51,159.454094
-6.560052,51,159.527799
-6.771557,51,159.605566
-6.995514,51,159.669938
-6.654369,51,159.735805
-6.98,51,159.80785
-6.994069,51,159.870228
-6.491942,52,159.935934
-6.852855,51,164.074963
-6.733554,52,164.144696
-7.17,51,164.229865
-6.806892,51,164.340677
-6.708029,51,164.458128
-6.553203,51,164.56235
-7.0,51,164.666665
-6.793044,51,164.784052
-6.689467,51,164.907194
-7.012836,52,165.006229
-6.911537,51,165.101955
-7.030122,51,165.194116
-6.470668,51,165.299698
-6.482251,51,165.380419
-7.022273,51,165.453612
-6.73,51,165.53489
-7.426267,51,165.64395
-6.80051,51,165.735034
-6.656348,51,165.826295
-6.57,51,165.914759
-6.462684,51,165.994923
-6.37,51,166.071997
-6.917669,51,166.153761
-6.728649,51,166.238177
-7.270243,51,166.320686
-6.790945,51,166.398901
-6.220003,51,166.47569
-6.722397,52,166.554718
-6.78,51,166.632268
-6.75,51,166.709794
-6.26,51,166.785941
-6.640864,51,166.862216
-7.132381,51,166.941246
-7.030857,51,167.020007
-6.710293,51,167.096238
-6.841651,51,167.162996
-6.647964,51,167.231032
-6.976507,51,167.303074
-6.315984,51,167.384078
-6.72,52,167.463533
-6.592968,51,171.901918
-6.56,51,172.012156
-7.05,51,172.127665
-6.83,51,172.248986
-7.311042,51,172.365798
-7.067275,51,172.489655
-6.968404,51,172.588275
-6.75,51,172.666164
-6.950023,51,172.762881
-6.900353,51,172.850678
-6.91,52,172.943293
-6.680085,51,173.02753
-6.508866,51,173.107934
-6.68895,52,173.189296
-7.43,51,173.259966
-7.164474,51,173.3327
-7.142356,51,173.400403
-6.130061,52,173.468701
-6.680156,51,173.536353
-7.291037,52,173.606322
-7.029163,52,173.674498
-7.117351,51,173.742674
-6.255401,51,173.81149
-6.314798,51,173.877874
-6.333503,51,173.947828
-6.665472,52,174.016456
-6.573098,51,174.279766
-6.447889,51,174.370993
-7.212168,51,174.432957
-6.633393,51,174.494948
-6.89,51,174.552017
-6.753545,51,174.618481
-6.990211,51,174.691611
-6.77,51,174.758543
-6.900077,51,174.827541
-7.194403,51,174.893474
-6.493071,51,174.964225
-6.893424,51,175.031643
-6.482224,51,175.102551
-7.417741,52,175.173638
-6.525738,51,179.912778
-6.202691,51,179.979748
-6.682645,52,180.045781
-6.743116,51,180.107733
-6.88,51,180.175232
-7.01,51,180.245857
-6.551528,51,180.313322
-6.512598,51,180.391872
-6.711852,51,180.471357
-6.974859,52,180.571364
-7.261511,51,180.660804
-7.210218,51,180.744599
-6.85,51,180.828296
-6.87,52,180.907248
-6.05,51,180.981999
-6.93836,51,181.049383
-6.81,51,181.118989
-6.870238,51,181.191763
-6.648932,51,181.265862
-6.31,52,181.370766
-6.374786,51,181.46099
-6.540135,51,181.55112
-7.242267,52,181.633914
-6.540219,51,181.717688
-6.912812,51,181.786383
-7.260883,51,181.853291
-6.929426,51,181.921539
-6.41,51,181.98966
-7.346403,51,182.057683
-6.600291,51,182.126888
-6.517412,51,182.1942
-7.178845,51,182.265543
-6.945987,51,182.329462
-6.845132,51,182.396665
-6.126592,51,182.464107
-7.503273,51,182.529791
-6.507819,51,182.595916
-7.095878,51,182.662536
-6.101657,51,182.733666
-6.16093,51,182.808056
-7.42,51,186.739467
-6.48,51,186.826025
-6.96,51,186.910029
-7.047045,51,186.998179
-6.698278,51,187.083635
-6.742342,51,187.166032
-6.32,51,187.236932
-6.942625,51,187.308395
-7.102843,51,187.378457
-7.101173,52,187.452912
-6.94,51,187.519926
-6.46,51,187.585626
-6.510469,51,187.656252
-6.640365,51,187.724067
-6.640019,51,187.813367
-7.08,51,187.902606
-7.37,52,187.981573
-6.6,51,188.074095
-6.951755,51,188.157483
-6.733402,51,188.243533
-6.351693,52,188.324338
-7.080161,51,188.399232
-6.800001,52,188.467324
-6.764702,51,188.532512
-6.447897,51,188.601211
-6.699375,51,188.666701
-6.6211,51,188.736516
-6.388674,51,188.805952
-6.94,51,188.879909
-6.557234,51,188.947365
-6.310279,51,189.015669
-6.493425,51,189.082133
-6.499989,51,189.147702
-6.560006,51,189.213012
-6.965883,51,189.281673
-6.831699,51,189.350132
-6.8,51,189.417434
-6.700663,51,189.479845
-6.61,52,189.542673
-6.66187,51,189.603637
-7.11,51,193.381252
-6.441099,51,193.484171
-7.11,51,193.554127
-6.880041,52,193.623902
-6.54854,51,193.693216
-6.74,51,193.761572
-6.79,51,193.827909
-6.442829,51,193.894609
-6.84525,51,193.963585
-6.612413,51,194.0302
-6.81196,51,194.097866
-6.63334,51,194.162994
-7.030936,51,194.22932
-6.986419,51,194.294758
-6.896778,51,194.361081
-6.703917,51,194.427006
-6.411855,51,194.493471
-6.684749,52,194.560512
-6.951391,51,194.644871
-6.876053,51,194.721405
-6.231742,52,194.803683
-6.912328,51,194.87858
-6.710024,51,194.950777
-6.742307,51,195.02429
-6.85,51,195.095474
-6.81,51,195.157719
-6.71,51,195.225141
-6.372201,51,195.294167
-6.938229,51,195.358431
-6.682974,51,195.419959
-6.848218,52,195.482485
-6.445426,51,195.54617
-6.6,51,195.610126
-6.595705,51,195.672187
-6.497452,51,195.732676
-6.500342,51,195.799912
-7.010176,51,195.862835
-6.490601,52,195.926405
-7.08,52,195.985459
-6.919758,52,196.053805
-6.50623,51,200.213129
-6.322461,51,200.33308
-6.86,51,200.415788
-7.053489,51,200.48439
-6.492692,51,200.55044
-7.375437,51,200.617733
-6.750122,51,200.685217
-6.480372,51,200.755534
-6.516789,51,200.824149
-6.360006,51,200.890502
-6.554194,52,200.960448
-6.94,51,201.029081
-6.151252,51,201.099017
-6.459039,51,201.176374
-6.883451,52,201.254071
-6.83017,51,201.326584
-7.084861,51,201.394031
-6.600598,51,201.460662
-6.87,51,201.52499
-6.921982,51,201.590553
-7.28,51,201.660848
-6.945657,51,201.720903
-6.748687,51,201.783814
-6.78,52,201.878554
-6.4,51,201.947676
-6.93,52,202.015004
-7.27,51,202.076331
-6.380124,51,202.140663
-6.442307,51,202.200483
-6.922945,51,202.263002
-6.970833,51,202.326807
-6.849715,52,202.385245
-6.258909,51,202.447559
-6.539466,51,202.507948
-6.27,51,202.570476
-6.750825,51,202.630904
-6.450322,51,202.691846
-7.12,51,202.748668
-7.010418,52,202.814911
-6.752161,51,202.879898
-6.68,51,206.763518
-6.772741,52,206.826917
-6.350839,51,206.887995
-6.88434,51,206.958783
-7.126217,51,207.026759
-7.0,51,207.092439
-6.832633,51,207.160454
-6.975998,51,207.228036
-6.32,51,207.293622
-6.857324,51,207.364366
-6.717693,51,207.459845
-6.76,51,207.539239
-7.162865,51,207.614441
-6.710053,51,207.678298
-6.33008,51,207.741527
-6.620263,51,207.802728
-6.750197,51,207.866524
-6.459703,51,207.928606
-6.884975,51,207.987396
-6.57,51,208.04928
-7.030446,51,208.109968
-6.798148,51,208.171426
-6.008475,51,208.23214
-7.060637,51,208.294464
-6.460207,51,208.353534
-7.273177,51,208.410332
-6.512111,51,208.464303
-6.635076,51,208.528548
-6.748823,51,208.581712
-6.383452,51,208.635643
-6.380042,51,208.70739
-6.613778,51,208.78655
-6.542958,51,208.848094
-6.627605,51,208.908494
-7.397271,52,208.968613
-6.596262,52,209.029381
-6.792632,51,209.090451
-6.902637,51,209.161142
-6.371874,51,209.230838
-6.46,51,209.295755
-6.333855,51,212.698778
-6.830849,51,212.756314
-6.6355,52,212.808212
-6.711042,51,212.85666
-6.920242,51,212.907397
-6.280007,51,212.957355
-7.040084,52,213.008781
-6.788707,51,213.059133
-6.98,51,213.107829
-7.01,51,213.157136
-6.775317,51,213.207642
-6.820234,51,213.255382
-7.060078,51,213.307042
-7.081182,51,213.355301
-6.702999,51,213.403908
-6.721416,52,213.454456
-6.839462,51,213.509353
-6.941106,52,213.570823
-6.930848,51,213.632683
-6.975577,51,213.688143
-6.540607,51,213.745893
-6.213015,51,213.802357
-7.335075,51,213.862823
-6.714725,51,213.916694
-7.18384,51,213.97116
-6.44,51,214.026707
-7.198539,51,214.08023
-7.120664,52,214.139364
-7.05,51,214.197815
-6.55033,51,214.254171
-7.050427,51,214.315247
-6.693311,51,214.377989
-6.697006,51,214.430361
-7.188883,51,214.484115
-6.536043,51,214.54139
-6.89,51,214.599698
-6.707549,51,214.654089
-5.701269,51,214.712618
-6.598125,51,214.779351
-6.45,51,214.842801
-6.64,51,220.647734
-7.242551,52,220.783107
-6.91,51,220.903031
-6.446702,51,220.982004
-6.405754,51,221.052158
-6.421025,51,221.110555
-6.955905,51,221.164448
-7.146839,51,221.233515
-6.22,51,221.297485
-7.009597,51,221.364947
-6.77506,52,221.449076
-6.669882,52,221.633201
-6.762313,51,221.725105
-6.560253,51,221.798999
-6.343516,51,221.869621
-6.556242,51,221.945216
-6.980819,51,222.018716
-6.260569,51,222.082729
-7.2,51,222.142993
-6.61359,51,222.203832
-6.691873,51,222.263479
-6.830021,51,222.325333
-6.95,51,222.385623
-6.89,51,222.442299
-6.796226,51,222.499237
-6.926363,51,222.559364
-6.746988,51,222.615007
-6.833352,51,222.66876
-6.469987,51,222.726597
-7.03,51,222.786344
-6.592616,51,222.85296
-7.22,52,222.909851
-6.471128,51,223.01308
-6.390243,51,223.085874
-7.232626,51,223.158718
-6.798997,51,223.22606
-6.450936,51,223.323253
-6.360669,51,223.392929
-6.776921,51,223.456716
-6.57,51,223.518688
-6.360048,52,227.163768
-6.89129,51,227.216892
-6.8,51,227.269722
-6.570845,51,227.324333
-6.811981,51,227.377308
-6.61,51,227.434067
-6.565659,51,227.490551
-7.141467,51,227.54965
-6.785942,51,227.603368
-7.052154,51,227.6593
-6.290008,51,227.712288
-6.841592,51,227.765155
-6.492393,51,227.814323
-6.617785,51,227.86199
-6.746157,51,227.914876
-6.884622,51,227.96966
-6.430487,51,228.028122
-6.74798,51,228.084054
-7.099052,51,228.141567
-6.291959,52,228.197898
-6.93,51,228.251609
-7.02,51,228.311371
-6.870782,51,228.376948
-6.11,51,228.432066
-6.519935,51,228.488336
-6.681597,51,228.543023
-6.698417,51,228.600245
-6.84,51,228.653522
-6.540476,51,228.711503
-7.0,51,228.767023
-6.59063,51,228.822724
-7.200554,51,228.87758
-6.94,51,228.932306
-7.122452,52,228.99431
-7.312277,51,229.047751
-6.62,52,229.101684
-7.07,51,229.159465
-6.702934,51,229.213647
-6.602686,51,229.269353
-6.661708,51,229.327137
-6.353413,51,232.35909
-7.09,51,232.413103
-6.604319,52,232.469308
-7.14,51,232.525232
-6.788598,51,232.578541
-7.300107,52,232.632727
-6.29651,51,232.686422
-6.740193,51,232.738368
-7.692374,52,232.793503
-6.972106,51,232.846848
-6.74,51,232.900419
-6.605002,51,232.952369
-7.38165,51,233.011486
-7.81055,51,233.071083
-6.900641,52,233.134004
-6.986213,51,233.18682
-6.952039,51,233.241715
-6.534862,51,233.294791
-6.775678,51,233.348827
-6.4,51,233.407552
-6.525222,51,233.462288
-6.924366,51,233.515597
-6.993438,51,233.567059
-7.24,52,233.616408
-6.72,51,233.66251
-6.502291,51,233.704712
-6.966323,51,233.748688
-6.443769,51,233.8016
-6.204215,51,233.857037
-7.323411,52,233.913354
-6.584151,51,233.966662
-6.592049,51,234.025731
-6.55,51,234.082274
-6.38,51,234.137694
-6.978352,51,234.194156
-6.676689,52,234.250365
-7.097396,52,234.307437
-7.109717,51,234.363599
-6.880763,51,234.415832
-6.281749,51,234.468966
-6.87,51,237.851139
-6.89875,51,237.935608
-7.28,51,238.016224
-7.019731,51,238.103442
-6.417206,51,238.19247
-7.228703,52,238.271474
-6.393506,51,238.345666
-6.700314,51,238.419203
-6.701155,51,238.505836
-7.244908,52,238.581853
-6.59,51,238.657546
-7.19,51,238.715798
-6.386906,51,238.779769
-7.249627,51,238.842515
-6.751029,51,238.909189
-7.12588,51,238.988528
-6.709831,51,239.060279
-7.021623,51,239.123475
-7.092683,51,239.211046
-6.922039,51,239.285006
-6.407659,51,239.360519
-6.536402,51,239.428353
-6.612502,51,239.49779
-6.829541,51,239.563508
-6.408132,51,239.625385
-6.6,51,239.690802
-6.802923,51,239.74867
-6.551169,51,239.802534
-7.03,51,239.862853
-7.17,51,239.913594
-7.053356,51,239.978096
-6.609435,51,240.059753
-6.74283,52,240.130683
-6.777118,51,240.194361
-6.816684,51,240.251653
-7.277424,51,240.308416
-6.69363,51,240.365681
-6.482177,51,240.430773
-6.600047,51,240.496403
-7.16,51,240.565181
-6.7116,52,244.334048
-6.243078,51,244.417996
-7.160327,51,244.484264
-6.800748,51,244.552801
-7.0,51,244.620118
-6.92,51,244.68157
-6.370264,51,244.743108
-6.877537,51,244.815447
-6.767778,51,244.892988
-7.034083,52,244.974234
-6.685889,52,245.051489
-6.41,51,245.127497
-6.400493,51,245.184536
-6.34,51,245.249856
-6.93082,51,245.313653
-6.47,51,245.374534
-6.670015,51,245.442591
-7.27,51,245.520047
-6.841348,51,245.591826
-6.882048,51,245.65584
-6.85,51,245.713093
-6.861635,51,245.767133
-6.861527,51,245.821111
-6.6,51,245.878338
-7.18,51,245.940057
-6.71,51,245.997806
-6.96,51,246.069211
-6.958764,51,246.146257
-6.890941,51,246.21061
-7.140071,52,246.264756
-7.32165,51,246.317999
-7.14,51,246.374315
-6.898575,51,246.431072
-6.65,51,246.493682
-6.689518,51,246.546957
-6.370308,51,246.616145
-5.941517,51,246.67262
-6.540726,51,246.730958
-6.783339,52,246.792134
-6.615115,51,246.845632
-6.38,51,246.909469
-7.074779,52,250.740176
-6.69,51,250.810628
-6.724237,51,250.882654
-7.000017,52,250.958167
-6.46077,51,251.016335
-7.35,51,251.082484
-6.4,51,251.146789
-6.34,51,251.211562
-7.100222,51,251.296887
-6.807647,51,251.375357
-6.93008,51,251.436112
-6.381019,51,251.501919
-6.920015,51,251.5677
-6.86,52,251.632917
-7.101654,52,251.697593
-6.780086,51,251.765212
-6.810446,51,251.830474
-6.759856,51,251.896973
-7.2,51,251.964523
-6.2507,51,252.043255
-6.686755,51,252.153812
-6.640986,51,252.24669
-6.810833,51,252.321707
-6.87026,51,252.400637
-6.870353,51,252.51577
-6.705655,51,252.705365
-6.611685,51,252.797194
-6.861145,51,252.899659
-7.18,51,253.00048
-6.33,51,253.078025
-6.201195,51,253.181922
-6.900035,52,253.287462
-6.6,51,253.409003
-6.792739,51,253.567076
-7.143628,51,253.636607
-6.85,52,253.711006
-6.876276,51,253.830841
-6.850095,51,253.935114
-6.58,52,254.005788
-7.032271,51,254.077777
-6.790881,51,257.194875
-6.834546,51,257.250168
-6.56,51,257.310747
-7.014347,51,257.37423
-6.686837,51,257.428439
-7.101042,52,257.504094
-6.47,51,257.568815
-6.043767,51,257.635412
-6.81,51,257.690657
-7.217099,51,257.747999
-6.541025,51,257.801609
-6.691649,51,257.856718
-7.228377,51,257.912458
-6.446047,51,257.967002
-6.800758,51,258.018889
-6.653926,51,258.074757
-6.71,51,258.13544
-6.930966,51,258.236372
-6.8722,52,258.322717
-6.656716,51,258.381458
-6.94,51,258.438768
-6.703242,51,258.496895
-6.391768,51,258.558929
-6.672795,51,258.613914
-7.314041,51,258.668413
-6.502391,51,258.722567
-7.022696,52,258.778856
-6.283735,51,258.831154
-6.85,52,258.896384
-6.612091,51,258.950337
-7.26,51,259.005714
-6.952747,51,259.060971
-6.441354,51,259.119167
-7.304739,51,259.178739
-5.815004,51,259.239886
-7.080153,51,259.294895
-6.656111,52,259.352018
-6.073038,51,259.40963
-6.769271,51,259.471081
-7.21608,51,259.525336
-6.787343,51,262.986533
-6.270432,51,263.04484
-6.660926,52,263.098925
-6.49,51,263.156416
-6.752664,51,263.21054
-6.526047,51,263.498593
-6.781747,51,263.602301
-5.9563,51,263.675489
-7.370442,51,263.74291
-6.2815,51,263.810345
-6.74301,51,263.876966
-6.743726,51,263.940296
-6.865483,51,264.003187
-6.92,52,264.069375
-6.95,52,264.135751
-6.410837,51,264.198185
-6.327094,51,264.263108
-6.85,51,264.325286
-6.310758,51,264.390001
-6.26,51,264.4538
-7.6,51,264.518134
-6.764436,51,264.576843
-7.18674,51,264.6319
-6.970874,51,264.688961
-7.023551,51,264.747335
-6.673393,51,264.800495
-6.627902,52,264.857622
-7.019595,51,264.9102
-6.967556,51,264.963666
-6.926352,51,265.027708
-6.620423,51,265.082588
-6.86,51,265.139302
-6.716439,51,265.196427
-6.39274,51,265.260448
-7.016482,51,265.315483
-7.100867,51,265.370117
-7.068053,51,265.428618
-7.103569,52,265.484426
-5.952072,51,265.542007
-6.865723,51,265.595792
-6.290893,51,268.953751
-6.791599,51,269.010786
-6.673924,51,269.065993
-6.82,51,269.121755
-6.565262,51,269.177758
-6.693118,51,269.233338
-6.362997,51,269.286503
-6.800235,52,269.343441
-6.712576,51,269.397638
-6.83208,52,269.463074
-6.78,51,269.525113
-6.457701,51,269.592871
-6.971007,51,269.658812
-6.454709,51,269.7288
-6.96,51,269.795275
-6.770654,52,269.857113
-6.778646,51,269.916024
-6.950033,51,269.979914
-6.812132,52,270.042932
-6.681107,51,270.102867
-6.448664,51,270.163448
-7.050068,51,270.224972
-6.830195,51,270.285788
-6.381238,51,270.347418
-7.049018,51,270.406109
-6.728574,51,270.467073
-6.976183,51,270.530316
-6.721285,51,270.593172
-7.07,51,270.665434
-7.001885,51,270.744042
-6.835647,52,270.824976
-6.941282,51,270.893723
-6.884528,51,270.957492
-7.014403,51,271.019907
-6.833937,51,271.084852
-7.24383,51,271.145999
-6.320894,51,271.203789
-6.861637,51,271.258677
-6.62001,51,271.31258
-6.140205,51,271.365639
-6.7,51,274.841456
-6.881305,51,274.893893
-6.670001,51,274.950576
-6.365577,52,275.009037
-6.53,51,275.06851
-6.530331,51,275.128355
-6.81085,51,275.191471
-7.049449,51,275.244843
-6.239095,51,275.300114
-6.793449,51,275.351178
-6.75,51,275.416521
-6.58,51,275.482062
-6.694244,51,275.549961
-6.735623,51,275.612974
-6.82,51,275.697527
-6.780623,51,275.761504
-6.830504,51,275.823035
-6.572898,51,275.894782
-7.1,51,275.960835
-6.500244,51,276.027807
-6.942288,51,276.091194
-6.797191,51,276.153572
-6.96,51,276.217697
-6.30377,52,276.281834
-6.7,51,276.343824
-6.62,52,276.409465
-6.37,51,276.48624
-6.82,52,276.570834
-6.373792,51,276.637112
-7.13,52,276.70136
-6.46,51,276.764724
-6.382007,51,276.832097
-6.39,51,276.89875
-7.034125,51,276.961194
-6.30604,51,277.02486
-6.650319,52,277.087578
-6.669647,51,277.151059
-6.96,51,277.213428
-6.417732,51,277.270954
-7.32,52,277.326499
-6.376424,51,280.917568
-6.563081,51,280.969544
-6.850816,51,281.030875
-6.737564,51,281.092526
-6.436457,51,281.157558
-6.311827,51,281.225933
-6.706097,51,281.290978
-6.743795,51,281.352679
-6.571782,51,281.420598
-6.850317,51,281.483884
-6.581396,51,281.54965
-6.543072,51,281.615296
-6.450561,51,281.676971
-7.087745,52,281.737762
-6.566319,51,281.801957
-7.087134,52,281.86691
-6.889978,51,281.931871
-6.725378,51,282.077558
-6.942801,51,282.163473
-6.955842,51,282.246482
-6.610035,51,282.327375
-6.60351,51,282.407207
-6.72917,51,282.479775
-7.404299,51,282.547603
-7.021447,51,282.611354
-6.616099,51,282.671429
-6.324169,51,282.73429
-6.74464,51,282.798272
-7.25,51,282.86166
-6.609854,51,282.923666
-7.32,52,282.987726
-6.865444,51,283.060619
-6.786108,52,283.135344
-6.850328,51,283.204226
-6.759047,52,283.299274
-6.400527,51,283.37445
-6.740126,51,283.434509
-6.626401,51,283.497491
-6.120105,51,283.567837
-6.522865,51,283.629402
-6.823487,52,288.046206
-7.042109,51,288.095542
-6.560747,51,288.158231
-6.896218,51,288.216495
-6.572969,51,288.276353
-6.800403,51,288.335111
-6.29246,52,288.400808
-6.821391,51,288.470148
-6.600024,51,288.554486
-6.7,51,288.630219
-6.400947,51,288.706377
-7.1,51,288.778574
-6.445193,51,288.848218
-6.648222,51,288.923135
-6.443419,51,288.999091
-6.954777,51,289.072271
-6.440338,51,289.152577
-6.82085,52,289.22889
-6.910409,52,289.303797
-6.57458,51,289.378734
-7.1,51,289.460217
-6.710129,51,289.540439
-6.92,51,289.617159
-6.571778,51,289.698587
-7.47312,51,289.776211
-7.220127,51,289.852998
-6.664011,51,289.921239
-6.571188,51,290.052083
-6.684164,52,290.157358
-6.862433,51,290.236322
-6.884776,51,290.300012
-6.53,51,290.354626
-6.550379,51,290.415991
-6.812231,51,290.498673
-6.275755,51,290.562398
-6.822007,51,290.629641
-6.680077,51,290.702346
-6.9,51,290.773644
-6.578105,51,290.85598
-6.75005,51,290.981206
-6.646284,51,295.77768
-6.227473,51,295.870544
-6.83,52,295.983873
-6.709141,51,296.090499
-6.741547,51,296.190505
-7.1,51,296.299579
-6.129505,51,296.419472
-5.930839,51,296.541727
-6.804749,51,296.648777
-6.53,51,296.752353
-6.82025,51,296.858002
-6.672589,51,296.959484
-6.597099,51,297.064044
-6.640589,51,297.174126
-6.734369,51,297.280864
-6.752844,51,297.407973
-6.455752,51,297.612514
-6.165514,51,297.932827
-6.7409,51,298.107252
-6.85,51,298.216738
-6.303312,51,298.325509
-6.180899,51,298.426212
-6.47,51,298.527344
-6.918805,51,298.619419
-6.7,51,298.732037
-6.33,51,298.837187
-6.41,51,298.931284
-6.835199,52,299.029281
-6.400435,51,299.112344
-6.35,51,299.182086
-6.621526,51,299.264402
-7.010625,51,299.354763
-6.88,51,299.444879
-6.69,51,299.532673
-7.205215,52,299.619067
-6.981753,51,299.708258
-6.946648,51,299.805345
-6.931193,51,299.897676
-6.311492,52,300.006932
-6.52,51,300.110016
-7.26,51,305.393868
-6.191164,51,305.514318
-6.7,51,305.633255
-6.508402,51,305.767679
-6.621069,51,305.909863
-6.82,52,306.018728
-6.972117,52,306.118913
-6.750659,51,306.270625
-6.748725,51,306.374311
-6.624385,51,306.458641
-6.330604,51,306.548293
-6.761513,51,306.63342
-6.711031,51,306.719205
-6.532937,51,306.80669
-6.769376,51,306.892446
-6.51,51,306.976876
-7.522729,52,307.063105
-7.210026,52,307.148226
-6.218562,51,307.221131
-6.903935,51,307.293297
-7.210385,52,307.364134
-6.951398,51,307.432187
-6.541604,51,307.552838
-6.743025,51,307.662837
-6.99036,51,307.746315
-6.727956,51,307.82425
-6.527604,51,308.13441
-6.943778,51,308.300775
-6.459554,51,308.376838
-6.635814,51,308.447947
-6.991156,52,308.517416
-6.850017,52,308.5898
-6.835019,51,308.664251
-6.78,51,308.73688
-7.116825,51,308.809031
-6.632232,51,308.876176
-6.92,52,308.946714
-7.281595,51,309.06695
-6.794265,51,309.169761
-6.93,51,309.257571
-6.847272,51,314.130855
-6.6,52,314.229488
-6.7,51,314.30287
-6.932592,51,314.377202
-6.411625,51,314.46957
-6.54288,51,314.55211
-6.78,51,314.620827
-6.97,51,314.715245
-6.626427,51,314.833212
-6.561852,51,314.917481
-6.451693,52,314.999178
-6.524278,51,315.073906
-6.482951,51,315.141879
-6.688534,51,315.212987
-6.832858,51,315.283948
-6.326468,52,315.362776
-6.772551,51,315.433627
-7.064781,52,315.502389
-6.807873,51,315.575788
-6.57,51,315.644208
-6.731986,51,315.713212
-7.084475,52,315.791304
-7.071675,51,315.863607
-6.970972,52,315.926561
-7.04011,51,315.988515
-6.67,51,316.049298
-6.401893,51,316.115466
-6.854069,51,316.193252
-6.610146,51,316.248332
-6.969587,51,316.311267
-7.350754,52,316.381615
-6.685645,51,316.450652
-6.82,51,316.518158
-6.748914,52,316.594331
-6.694779,51,316.677219
-6.765157,51,316.773992
-6.943622,51,316.888385
-6.225971,51,316.979929
-6.725366,51,317.060917
-7.070006,51,317.129218
-6.470886,52,321.582347
-6.341053,51,321.660397
-6.410791,51,321.745224
-7.0,51,321.815973
-6.580787,51,321.885623
-6.759129,51,321.953922
-7.52146,51,322.03858
-6.423119,51,322.112567
-6.949452,51,322.186043
-6.764673,52,322.264485
-6.83475,52,322.340747
-6.83,51,322.413057
-6.743863,51,322.482537
-6.605848,51,322.551489
-6.930908,51,322.622798
-7.057801,51,322.691687
-6.49293,51,322.76192
-7.216901,51,322.829546
-6.680673,51,322.897661
-7.652631,51,322.967611
-6.861474,52,323.035753
-6.782443,51,323.098182
-7.02,51,323.161318
-6.940988,51,323.225229
-6.647642,51,323.290659
-6.39,51,323.354343
-6.453368,51,323.421207
-6.868667,51,323.483394
-6.790562,51,323.55346
-7.080432,51,323.616284
-6.77,51,323.68185
-7.026012,51,323.746435
-6.540679,51,323.808065
-6.352802,51,323.871903
-6.995564,51,323.938625
-6.407967,51,324.003087
-6.953343,51,324.065349
-7.01,51,324.128357
-6.595024,51,324.192269
-6.660254,51,324.256534
-6.526375,51,328.620156
-6.362684,51,328.728835
-7.4104,51,328.831804
-6.820011,51,328.909645
-6.663157,51,328.985852
-6.850181,51,329.06656
-6.960005,51,329.144106
-7.013522,52,329.227551
-6.95113,51,329.304822
-6.641304,51,329.377033
-6.151238,51,329.442618
-6.831124,51,329.502857
-7.032273,51,329.565533
-6.783087,51,329.627989
-6.45284,51,329.691948
-6.721551,51,329.751811
-6.750273,51,329.814028
-7.011995,51,329.880724
-6.92,52,329.951129
-6.776791,51,330.01871
-6.9,52,330.090644
-6.253815,52,330.157592
-6.937157,51,330.225237
-7.038077,51,330.292964
-6.95,52,330.363524
-6.769239,51,330.432927
-6.630168,51,330.4993
-6.701884,51,330.567603
-6.504026,51,330.633933
-6.830978,51,330.702142
-6.970381,51,330.774533
-6.75,51,330.856545
-6.370766,52,330.938483
-6.75716,51,331.01142
-7.08,52,331.081774
-6.852901,51,331.150188
-7.276827,52,331.21833
-7.100252,52,331.287132
-6.727511,51,331.358721
-6.9,51,331.427771
-6.389004,51,335.552961
-6.799191,51,335.722975
-6.611662,52,335.830626
-6.446619,51,336.071049
-6.912801,51,336.186657
-6.761093,51,336.317481
-6.960127,51,336.464107
-6.850492,51,336.606269
-6.635359,51,336.741274
-6.611797,51,336.868225
-7.011511,51,336.988365
-6.792397,51,337.117042
-6.34,51,337.235906
-6.500013,51,337.335975
-6.410532,51,337.455736
-6.541913,51,337.595401
-6.406226,51,337.788799
-6.342553,51,337.898457
-7.11,51,337.992385
-6.67,51,338.103047
-6.673684,51,338.220189
-6.342459,51,338.321083
-6.543085,51,338.402632
-6.31,52,338.485579
-6.889138,51,338.580843
-7.03,51,338.657316
-6.64,51,338.733737
-6.92,51,338.81106
-7.115651,51,338.875397
-6.709525,51,338.942395
-7.061323,51,339.008315
-6.756042,51,339.076764
-6.79,52,339.15117
-6.250058,51,339.231916
-7.150011,52,339.308714
-6.885042,52,339.376097
-6.880847,52,339.496157
-6.434926,51,339.567321
-6.261897,51,339.64654
-6.642723,51,339.712694
-6.884965,51,344.229024
-6.93,51,344.357398
-7.0,52,344.48498
-6.590729,51,344.5582
-6.68005,52,344.621628
-6.693118,52,344.68995
-6.578872,52,344.761931
-6.551774,51,344.826504
-6.608278,51,344.894584
-6.298124,51,344.964862
-6.630006,51,345.033883
-6.450018,52,345.106821
-6.567468,51,345.177521
-7.13,51,345.242909
-6.480067,51,345.308346
-6.354661,51,345.368675
-6.986332,51,345.434539
-7.029199,51,345.501007
-6.44,51,345.569573
-6.590065,51,345.637753
-6.567074,51,345.697179
-6.94171,51,345.790617
-6.882059,51,345.865316
-6.240104,51,345.943252
-7.017845,51,346.04511
-6.762507,51,346.136352
-6.73,51,346.229341
-6.980973,51,346.312422
-6.678165,51,346.381668
-7.060133,51,346.448443
-7.383696,51,346.528539
-6.74474,52,346.609695
-6.541766,51,346.717503
-6.711428,51,346.835627
-6.423196,51,346.912206
-6.68329,51,346.993862
-6.796073,52,347.068447
-7.006651,51,347.140796
-6.585939,52,347.229173
-6.900006,51,347.294742
-6.384718,51,351.192483
-6.59,51,351.260488
-6.287608,51,351.332817
-6.692104,51,351.412589
-6.649845,51,351.500756
-6.604189,51,351.572167
-6.664734,51,351.639182
-6.58,51,351.704135
-6.870864,51,351.767192
-6.700006,52,351.831764
-7.180914,51,351.901978
-6.520011,51,351.966229
-6.426815,51,352.032253
-6.841399,51,352.096948
-6.365133,51,352.161207
-7.09,52,352.225835
-6.594406,51,352.291274
-6.930014,51,352.359295
-6.739119,51,352.428451
-6.770103,51,352.499245
-7.001003,51,352.564708
-6.701827,51,352.635178
-6.091647,51,352.699124
-7.42,51,352.767815
-7.010883,51,352.831607
-6.86,51,352.896584
-6.563664,51,352.96245
-6.068374,51,353.02223
-6.331693,51,353.084423
-6.589684,51,353.148548
-6.562413,51,353.213242
-6.720596,51,353.270803
-6.930324,52,353.327602
-7.157522,51,353.393554
-6.913188,51,353.456642
-6.721261,51,353.507993
-6.490096,52,353.568674
-6.750591,51,353.633488
-6.362566,51,353.695076
-6.634921,51,353.756955
-6.673276,51,358.338057
-7.412437,51,358.396121
-6.540339,51,358.452214
-6.190515,52,358.514399
-6.620018,51,358.576037
-6.658145,51,358.634712
-7.080691,51,358.690325
-7.091254,51,358.744958
-7.03,51,358.796812
-6.567912,51,358.849766
-6.464347,51,358.911751
-6.714754,51,358.972154
-7.131814,52,359.035577
-6.4,51,359.088439
-6.650158,51,359.148909
-6.6753,51,359.238785
-6.897074,51,359.318672
-6.694458,51,359.405733
-7.217828,51,359.473537
-6.81414,51,359.542829
-6.795368,51,359.608214
-6.400443,51,359.668371
-6.619038,51,359.729911
-6.375002,51,359.800363
-7.03,51,359.866637
-6.66,51,359.947949
-6.670921,51,360.014967
-6.810103,51,360.082809
-6.831677,51,360.146203
-7.139333,51,360.210103
-5.800939,51,360.269164
-7.090018,51,360.329302
-7.15,51,360.389719
-6.78,52,360.449351
-6.47,51,360.510665
-6.558457,52,360.572004
-7.21,51,360.633373
-6.27,51,360.707621
-7.301075,51,360.773874
-6.8,51,360.835665
-7.095027,51,364.227399
-6.599197,51,364.285765
-6.625615,52,364.366881
-6.803684,51,364.447851
-6.525482,51,364.5212
-7.161914,51,364.58786
-6.859933,51,364.652863
-6.444929,51,364.715914
-6.843839,51,364.791537
-6.390889,51,364.854699
-7.088109,51,364.908941
-6.32,51,364.960695
-6.962576,52,365.012866
-7.3,51,365.072768
-6.680712,51,365.131994
-6.840552,51,365.191949
-6.84,51,365.252409
-6.931273,51,365.312778
-6.921417,51,365.373907
-6.980127,51,365.441793
-6.425876,51,365.505626
-6.554618,51,365.59474
-6.792426,51,365.668631
-6.95,51,365.744481
-7.13,52,365.820216
-6.697165,51,365.890752
-6.482891,51,365.954277
-6.76167,51,366.017304
-6.572388,51,366.081275
-7.000323,51,366.149151
-6.220456,51,366.241804
-6.693172,51,366.322051
-7.002652,52,366.398584
-7.01,52,366.480551
-6.53,51,366.552409
-7.09,51,366.62569
-6.77,52,366.689825
-6.73,52,366.748976
-6.5,51,366.808624
-6.502549,51,366.866671
-6.806707,51,370.795944
-6.961826,51,370.843166
-6.976429,51,370.891313
-6.75148,51,370.941263
-6.511595,51,370.990292
-7.164236,52,371.039383
-6.361529,51,371.091729
-6.365867,51,371.141181
-6.500029,51,371.191331
-6.750915,51,371.239719
-6.834395,52,371.289726
-6.565511,51,371.338615
-6.980023,51,371.383716
-6.968555,51,371.429873
-6.46,51,371.4754
-6.741625,51,371.52089
-6.97,52,371.566191
-7.070953,51,371.621365
-7.14,52,371.678892
-6.14573,51,371.73468
-6.95,51,371.794139
-6.664203,51,371.854563
-7.31,51,371.911113
-6.880167,51,371.973594
-6.65,51,372.030865
-6.556272,51,372.090043
-6.626745,51,372.149805
-5.710221,51,372.208988
-6.266661,51,372.266221
-7.070628,51,372.3292
-6.180077,51,372.396908
-7.016321,52,372.480822
-6.601933,51,372.56291
-6.843704,51,372.655719
-6.103092,51,372.726381
-6.970947,52,372.846332
-6.82,51,372.918767
-6.391589,51,372.98147
-6.62,51,373.050867
-6.455833,51,373.116088
-6.611069,51,377.243759
-7.37,52,377.311534
-6.074845,51,377.381255
-7.176776,51,377.468042
-6.511834,51,377.545488
-6.853708,51,377.625316
-6.821499,51,377.695255
-7.18,51,377.778674
-6.140084,51,377.85234
-6.711292,51,377.923114
-6.283225,51,377.986834
-7.050279,51,378.046843
-6.470222,51,378.111633
-6.699185,51,378.186554
-7.150001,52,378.256916
-7.300005,52,378.317667
-6.055315,51,378.386592
-7.2,51,378.460971
-6.790701,51,378.523599
-6.922786,52,378.582902
-6.536679,51,378.643243
-6.810204,52,378.702769
-6.941816,51,378.76127
-6.32278,52,378.823579
-6.91,51,378.883505
-6.81,51,378.945407
-6.73,51,379.024353
-6.732475,51,379.098771
-7.23,51,379.172428
-6.7,51,379.246471
-6.504361,51,379.311197
-6.510158,51,379.372898
-6.66,51,379.644582
-6.383855,51,379.728014
-7.085313,51,379.804969
-7.011559,51,379.887273
-7.04,51,379.961011
-7.21342,51,380.057048
-6.750513,51,380.12494
-6.483594,51,380.19081
-6.972086,51,384.200228
-6.66,51,384.303636
-6.89,51,384.36355
-6.540295,51,384.435864
-6.406105,51,384.506385
-6.850725,51,384.578798
-6.77723,52,384.655897
-6.87,51,384.726731
-7.31327,51,384.791548
-6.302579,51,384.858283
-6.86005,51,384.982691
-6.853905,51,385.107491
-6.59291,51,385.204723
-6.86,51,385.312388
-6.43,52,385.390776
-6.74,51,385.468499
-6.729187,51,385.542482
-6.450003,51,385.60971
-7.092834,51,385.683013
-6.491207,51,385.750305
-6.714384,51,385.82422
-6.880629,51,385.897632
-6.713698,51,385.981737
-6.530121,51,386.052308
-6.88,51,386.120576
-6.15235,51,386.211928
-6.786737,52,386.279668
-6.700128,51,386.343007
-6.795604,51,386.407718
-6.561104,51,386.467496
-6.71,51,386.527895
-6.27,51,386.614868
-7.292743,51,386.707531
-7.002992,51,386.771689
-7.110308,52,386.830291
-6.885087,52,386.893815
-6.58,52,386.952781
-6.610814,51,387.011802
-6.812801,51,387.067245
-6.001619,51,387.125465
-7.054925,51,391.104683
-6.221692,51,391.223501
-6.370131,51,391.299362
-6.357606,51,391.377602
-6.371551,51,391.449957
-6.8,52,391.527381
-6.7613,51,391.604775
-6.5,52,391.682151
-6.868058,51,391.759475
-6.51,51,391.844932
-6.200431,51,391.951775
-6.565943,51,392.033716
-7.024238,51,392.095999
-7.003962,51,392.153484
-6.999319,51,392.211452
-7.022366,51,392.276091
-6.464964,51,392.349666
-6.44,51,392.420304
-6.61,51,392.502769
-7.006274,51,392.583488
-6.390464,51,392.668156
-6.448117,51,392.746832
-6.731866,51,392.82047
-6.68,51,392.883289
-7.105317,51,392.945332
-7.241475,51,393.007216
-6.689474,51,393.068943
-6.915731,52,393.128988
-7.367312,52,393.192499
-6.37004,51,393.256815
-6.376326,51,393.314734
-6.034746,51,393.371767
-6.117838,51,393.42698
-6.969833,51,393.480161
-7.002822,51,393.536506
-6.666883,51,393.590929
-6.86,51,393.646187
-6.68915,51,393.700737
-7.27,52,393.753733
-6.586912,51,393.810471
-6.74625,51,397.180994
-6.630445,51,397.257524
-6.856036,51,397.318678
-6.740047,51,397.3903
-7.110535,52,397.451484
-7.26,51,397.510762
-6.34,51,397.572067
-6.392688,51,397.628708
-6.100199,51,397.686953
-7.0,51,397.747148
-6.831331,52,397.807924
-6.85,52,397.866641
-7.010297,51,397.925706
-6.88,51,397.981899
-6.930576,51,398.041394
-7.238681,51,398.098663
-6.6258,51,398.156016
-6.450903,51,398.221653
-6.559733,51,398.282171
-7.04,51,398.335918
-6.4839,51,398.386889
-6.739983,51,398.43727
-7.38,51,398.498604
-7.090025,51,398.564317
-6.757999,51,398.629337
-7.361865,52,398.694511
-6.744395,51,398.759789
-6.718914,51,398.824403
-6.36,52,398.892538
-6.87,51,398.960074
-6.263648,51,399.025569
-6.94,51,399.089873
-6.02,51,399.152554
-6.896388,51,399.210574
-6.53,51,399.269455
-6.547807,51,399.334329
-6.860675,51,399.394923
-6.382384,51,399.452169
-6.127319,51,399.510967
-6.755512,51,399.565779
-6.666299,51,403.056186
-6.820183,52,403.183166
-6.7,52,403.314442
-7.16324,51,403.441481
-6.610021,52,403.552859
-6.742995,51,403.606846
-6.480962,51,403.662441
-6.747278,52,403.726028
-6.530052,51,403.790398
-6.268233,51,403.845795
-7.11,52,403.906234
-6.71,51,403.959705
-6.952075,51,404.018969
-7.040303,51,404.082963
-6.180575,51,404.147099
-6.7128,52,404.212553
-6.460837,51,404.277358
-6.600462,51,404.343162
-6.872398,51,404.408026
-7.050329,51,404.472324
-6.908472,51,404.53661
-6.550007,51,404.596999
-6.952701,51,404.66199
-6.676106,51,404.727791
-6.73003,51,404.79552
-6.949379,51,404.871293
-6.84005,52,404.937414
-6.403653,51,405.006748
-6.517929,51,405.091156
-6.640734,51,405.160635
-6.687202,51,405.223407
-6.76,51,405.284499
-7.03442,51,405.347957
-6.84,51,405.406513
-6.441813,51,405.459832
-6.428747,51,405.52152
-6.450113,51,405.584666
-7.26,51,405.648319
-6.18,51,405.713999
-6.523528,51,405.781983
-6.587154,51,405.849576
-7.381497,51,410.122078
-6.842146,52,410.230267
-6.710697,51,410.298397
-6.661314,51,410.361298
-6.72212,51,410.425125
-6.875624,51,410.489446
-7.104886,51,410.560282
-6.750034,51,410.625776
-6.28,51,410.689897
-6.84031,51,410.749492
-6.33,51,410.810924
-6.750822,51,410.8717
-6.401366,51,410.933078
-6.620484,51,410.99901
-6.600235,51,411.0695
-6.703986,51,411.128367
-6.78119,51,411.192913
-6.069921,51,411.260936
-6.840906,51,411.317294
-7.08,51,411.380599
-6.772222,51,411.444449
-6.190793,51,411.509282
-6.693317,51,411.573488
-6.624474,51,411.63814
-6.770483,51,411.705697
-6.714811,51,411.770343
-6.52,52,411.831608
-6.43,51,411.892849
-6.700894,51,411.951441
-6.666177,51,412.011458
-6.431305,51,412.067892
-6.810716,51,412.130869
-6.710511,51,412.189457
-6.422022,51,412.242491
-7.202984,52,412.29869
-6.910888,51,412.351433
-6.642916,51,412.407448
-7.315375,52,412.460008
-6.647449,51,412.512353
-6.66,51,412.567398
-6.57,52,415.754125
-6.281087,51,415.887359
-6.654138,51,416.020198
-6.893537,52,416.093523
-6.243601,51,416.156834
-6.551906,51,416.227954
-6.78,51,416.289967
-7.004508,51,416.349611
-6.540622,51,416.410423
-6.63,51,416.471762
-6.590613,51,416.53081
-6.9,51,416.591015
-6.54,51,416.651994
-6.290034,51,416.71226
-7.010029,51,416.773394
-6.73,51,416.842442
-7.324119,51,416.901936
-6.923956,51,416.961902
-6.771558,51,417.024304
-6.900009,51,417.088312
-6.758515,52,417.149971
-6.76,51,417.212624
-7.10819,51,417.27572
-7.390085,51,417.335515
-6.717523,51,417.397136
-6.341956,51,417.450182
-6.692579,51,417.518082
-6.69,52,417.584808
-6.490167,52,417.643773
-7.08,52,417.703244
-6.800076,51,417.764305
-6.520377,51,417.824734
-6.340595,51,417.88018
-6.807299,51,417.935308
-6.605561,51,417.989026
-7.33,51,418.04656
-6.425551,51,418.097305
-6.541694,51,418.152175
-6.940455,51,418.205955
-6.558876,51,418.261166
-6.250784,51,421.380791
-6.74,51,421.456951
-6.6,51,421.558152
-6.65,51,421.613751
-6.97,51,421.667145
-6.681104,51,421.720018
-6.847724,51,421.775625
-6.78,51,421.829182
-7.202281,51,421.883481
-6.33,51,421.937455
-6.687306,51,421.991533
-6.340663,51,422.046419
-7.300923,51,422.099541
-6.77006,51,422.154184
-6.733717,52,422.208845
-7.3,51,422.260372
-6.84,52,422.313427
-6.89,51,422.367835
-6.510002,51,422.42263
-6.633749,51,422.47482
-6.290671,51,422.527408
-6.39458,51,422.580206
-6.991253,51,422.630675
-6.951891,51,422.684111
-7.06,52,422.740159
-6.692783,52,422.798676
-6.840222,52,422.851264
-6.681809,51,422.899461
-6.464143,51,422.948383
-6.65,51,422.996627
-6.323428,51,423.045407
-6.51,51,423.092517
-6.881402,51,423.141077
-6.837232,51,423.188523
-6.930276,51,423.235948
-6.56,51,423.284218
-7.22,51,423.331973
-6.756764,51,423.378476
-6.585913,52,423.424537
-6.99,51,423.468759
-6.85693,51,426.705624
-6.470598,51,426.937867
-6.772431,52,427.013357
-6.788293,51,427.077334
-6.283204,51,427.150205
-6.784858,52,427.22365
-6.57045,51,427.294465
-6.237624,51,427.360652
-6.090229,51,427.429377
-6.620087,51,427.489436
-6.250917,51,427.561683
-6.891827,51,427.628431
-7.18,51,427.695167
-6.813204,51,427.766383
-6.894811,51,427.832347
-6.548906,51,427.893774
-6.721318,51,427.9583
-6.77075,51,428.024813
-6.575165,51,428.090621
-7.536965,52,428.153072
-6.780793,51,428.213058
-6.661296,51,428.271487
-6.35,51,428.334803
-6.65236,51,428.396982
-6.789892,51,428.457166
-7.03797,51,428.524127
-6.989733,51,428.626883
-6.426939,51,428.69753
-6.681028,51,428.762295
-6.780015,51,428.826857
-7.000473,52,428.891412
-6.882878,51,428.956574
-6.380954,51,429.020462
-6.837716,52,429.085023
-6.260097,51,429.148506
-6.794883,51,429.21242
-6.712994,51,429.275311
-7.305111,51,429.335293
-6.287895,51,429.399085
-6.344519,51,429.461872
-6.945102,51,432.561344
-6.2,51,432.674207
-6.64,51,432.754994
-6.440225,52,432.830718
-6.650172,51,432.899859
-6.962453,51,432.978035
-6.841157,51,433.079247
-6.890295,51,433.153163
-6.343656,51,433.242385
-6.537665,51,433.344137
-6.810587,51,433.425398
-6.942524,51,433.525291
-6.579537,51,433.607623
-6.883828,51,433.682944
-6.880003,51,433.748247
-6.520784,51,433.81239
-6.880559,52,433.881873
-6.729499,51,433.957942
-6.700226,51,434.025259
-6.62,51,434.084781
-6.916641,51,434.146902
-6.582557,51,434.209303
-5.743315,51,434.271969
-7.061927,51,434.333275
-6.704851,51,434.438248
-6.569807,52,434.693653
-6.770102,51,434.768399
-6.41649,51,434.849604
-7.007449,51,434.923284
-6.684037,51,435.000072
-6.444023,51,435.082144
-6.493581,51,435.145288
-6.568409,51,435.206954
-6.700054,51,435.263583
-6.33,51,435.326073
-6.97,51,435.398062
-6.59,52,435.465872
-6.24,52,435.536691
-6.690102,51,435.604651
-7.090006,51,435.66825
-6.388615,51,439.914923
-6.530025,51,440.039886
-6.74,51,440.115976
-6.7,51,440.199189
-6.410028,51,440.278377
-6.847455,51,440.360743
-6.455153,51,440.441783
-6.67,51,440.5265
-6.235207,51,440.613128
-6.47024,51,440.697235
-6.751008,51,440.776791
-6.801094,51,440.963718
-6.423673,51,441.075888
-6.810149,52,441.165865
-6.32,51,441.268793
-6.74,51,441.354712
-6.578689,51,441.427702
-6.64,51,441.494328
-7.061569,51,441.563272
-6.466839,51,441.631849
-6.751437,51,441.702991
-6.241039,52,441.787526
-6.780702,52,441.872588
-6.762908,52,441.947826
-6.682841,51,442.025571
-6.504054,51,442.096667
-7.070068,51,442.174544
-6.623959,51,442.247191
-7.006229,51,442.332556
-6.404234,52,442.424434
-6.692787,52,442.513068
-6.981137,51,442.594943
-6.289239,51,442.668565
-6.734215,51,442.74215
-6.642635,51,442.840467
-6.81,51,442.927838
-6.557491,51,443.018397
-6.841277,51,443.125204
-6.29673,51,443.229514
-6.560358,51,443.307074
-6.900068,51,447.095627
-6.613932,51,447.168767
-6.91,52,447.245938
-6.610631,51,447.32436
-6.590548,51,447.403782
-7.110815,51,447.486634
-6.374358,51,447.56937
-6.62,51,447.655049
-7.400034,51,447.738975
-6.52,51,447.826343
-6.727034,51,447.909429
-6.681159,52,447.995526
-7.177716,51,448.074959
-6.947448,51,448.156042
-6.575309,51,448.237178
-6.262727,51,448.314274
-6.506659,51,448.400395
-6.76,52,448.487854
-6.157155,51,448.562693
-6.462571,51,448.636662
-6.290986,51,448.713028
-6.912544,51,448.798669
-6.624407,51,448.884473
-7.150344,52,448.973399
-6.768591,51,449.042851
-6.440385,51,449.112516
-6.33,51,449.181267
-6.76179,51,449.247223
-6.438968,52,449.311642
-6.415749,51,449.370206
-6.850169,51,449.442042
-6.567096,51,449.504184
-6.864059,52,449.567301
-6.820819,52,449.626488
-6.29252,51,449.6813
-6.01,51,449.737922
-7.17,52,449.797438
-6.921903,51,449.857558
-6.521044,51,449.916906
-6.349258,51,449.975409
-6.750661,51,453.759692
-6.630023,51,453.832284
-7.165462,51,453.900027
-6.630426,51,453.974585
-7.261457,52,454.054018
-7.37,51,454.134121
-5.92,52,454.22123
-7.22,51,454.305444
-6.38,51,454.380796
-6.538491,51,454.456429
-7.04028,52,454.537539
-7.230928,51,454.612518
-6.630065,51,454.690023
-6.750818,52,454.765081
-6.098369,52,454.843429
-6.732712,51,454.914624
-7.010352,52,454.98299
-6.77,52,455.04898
-6.529716,51,455.114667
-6.66,51,455.178955
-7.2,52,455.257759
-6.816096,51,455.339291
-6.623726,51,455.416026
-7.14,51,455.490571
-7.262835,51,455.566559
-6.780633,51,455.660942
-6.485608,51,455.746352
-6.344602,51,455.829623
-6.590203,51,455.917302
-6.582624,51,455.991706
-6.99,52,456.066398
-6.84,51,456.143609
-6.201918,51,456.217871
-6.804546,51,456.295395
-6.26,51,456.371574
-6.932382,51,456.437675
-6.500952,51,456.50336
-6.740178,51,456.562997
-6.399849,51,456.623999
-6.340226,51,456.690259
-6.806785,51,461.608053
-5.992601,51,461.696953
-6.811227,51,461.857773
-6.89,51,461.973186
-6.539763,51,462.05418
-6.833732,51,462.153333
-6.46,51,462.251153
-6.99,52,462.341698
-6.34,51,462.460116
-6.830732,51,462.586803
-6.950519,51,462.694774
-6.651727,52,462.789498
-6.204969,51,462.870941
-7.120633,51,462.956886
-6.636761,51,463.041467
-6.69,51,463.138648
-6.80022,51,463.230928
-7.60585,52,463.322856
-6.793885,51,463.411467
-6.520151,51,463.505244
-6.59,51,463.603719
-6.660242,51,463.833941
-6.581038,51,463.998755
-6.455109,51,464.096225
-6.461283,51,464.193435
-7.01,51,464.286222
-6.573441,51,464.382128
-7.030071,51,464.465937
-6.99387,51,464.564082
-6.421003,51,464.682679
-6.405163,51,464.785073
-6.461402,51,464.890243
-6.508535,51,465.008838
-6.941618,51,465.131107
-6.598027,51,465.252088
-6.402407,51,465.37396
-6.282528,52,465.462564
-6.660745,51,465.565083
-6.811976,51,465.659918
-7.17,51,465.79078
-6.640335,51,472.947362
-6.95,51,473.059661
-6.510594,51,473.180934
-6.806042,51,473.314217
-6.592171,51,473.463021
-6.718228,51,473.634185
-6.93,51,473.926628
-7.269696,51,474.108824
-7.25,51,474.34638
-6.68072,51,474.617263
-7.132347,51,474.763674
-6.188542,51,474.980868
-6.753815,51,475.216709
-6.58068,51,475.410427
-6.96,51,475.556781
-6.540693,51,475.661806
-6.77,51,476.044373
-6.672757,51,476.139218
-6.180221,51,476.269328
-6.41,51,476.360273
-6.241641,51,476.446373
-6.957893,51,476.530286
-6.463527,52,476.604782
-6.391691,51,476.677848
-6.69,51,476.756909
-6.91399,51,476.829825
-6.196287,51,476.928084
-6.87,51,477.109113
-6.71066,51,477.263024
-6.65,51,477.388525
-6.383247,51,477.477367
-6.692454,51,477.576992
-6.660483,51,477.683147
-6.265804,51,477.805174
-5.791806,51,477.947907
-6.432402,51,478.292784
-6.91,51,478.637574
-6.415582,51,479.326462
-6.339474,51,479.60883
-6.337293,51,479.982801
-6.784016,52,487.799863
-6.703333,51,487.915286
-6.65,51,488.030796
-6.50304,51,488.155536
-6.766182,51,488.243179
-6.988714,51,488.356014
-6.04,51,488.453455
-6.143206,51,488.546738
-6.30189,52,488.648297
-5.866484,51,488.743841
-6.315503,51,488.844407
-6.660146,51,488.942158
-6.54095,51,489.047623
-6.79918,51,489.153599
-5.943209,51,489.273728
-6.696253,51,489.540928
-6.676042,52,489.808852
-6.848069,51,490.149765
-7.05,51,490.399103
-6.194055,51,490.660654
-6.386676,52,491.103625
-7.082166,51,491.457875
-6.825584,51,491.688963
-6.650859,51,491.831231
-6.57,51,491.976092
-6.491004,51,492.170829
-6.701252,51,492.363257
-6.54,51,492.535313
-6.41,51,492.696934
-6.949561,51,492.819586
-6.51,51,492.950112
-6.35,51,493.072625
-6.468131,51,493.187411
-6.877476,51,493.283712
-7.059767,51,493.463561
-6.615476,51,493.672408
-6.917576,51,493.869808
-6.723085,52,494.069721
-6.700062,51,494.20119
-6.548857,51,494.381672
-6.366063,51,501.263396
-6.920888,52,501.398597
-6.636941,51,501.511176
-7.067529,51,501.61415
-6.600552,51,501.714744
-6.74,51,501.841619
-6.900205,51,502.031623
-7.163891,51,502.231849
-6.8661,51,502.349904
-6.651475,51,502.452008
-6.721012,51,502.565315
-6.570979,51,502.648033
-6.970485,51,502.723821
-6.65,51,502.796805
-6.551024,51,502.87446
-6.220035,51,502.950908
-7.174,51,503.027253
-6.566903,51,503.100312
-6.616118,51,503.170853
-6.16,51,503.241952
-6.5,51,503.309924
-6.73,51,503.383695
-6.29592,51,503.474775
-6.255398,51,503.565042
-6.59,51,503.649855
-6.123994,51,503.727919
-7.374314,51,503.803954
-6.94,51,503.880375
-6.446389,52,503.958203
-6.55959,51,504.075337
-6.268379,52,504.209468
-6.41775,51,504.316454
-6.25,51,504.408
-6.633817,51,504.496075
-7.07,51,504.586527
-6.850281,51,504.70321
-6.833186,51,504.797092
-7.091918,52,504.920452
-6.465943,51,505.0621
-5.97708,51,505.157054
-6.62,51,509.929624
-6.821095,51,509.988414
-6.077415,51,510.048636
-6.475678,51,510.110005
-6.480004,51,510.168835
-6.295801,51,510.229594
-7.411597,51,510.288045
-6.26,52,510.351696
-6.630004,51,510.414312
-6.260122,51,510.47395
-6.110684,51,510.533689
-6.520058,51,510.594913
-6.517734,51,510.65666
-6.523135,51,510.722042
-6.560084,51,510.782356
-6.76,51,510.844214
-6.50534,51,510.910562
-6.102064,51,511.002105
-6.464702,51,511.068038
-6.47054,51,511.143594
-7.193263,51,511.210567
-6.777922,52,511.290132
-6.530121,51,511.356629
-6.631366,51,511.414168
-6.69,51,511.478216
-6.58426,51,511.543967
-7.140648,52,511.644596
-7.091714,51,511.726312
-6.461274,51,511.783642
-7.12,52,511.840202
-6.18,51,511.894733
-6.481141,52,511.953241
-6.55622,51,512.00672
-6.46,51,512.049986
-6.400967,51,512.109585
-7.26,51,512.18549
-7.160765,52,512.294909
-6.394523,52,512.388501
-6.420978,52,512.494795
-6.930655,52,512.661719
-6.326373,51,518.077639
-6.21192,51,518.227946
-6.304708,51,518.353363
-6.422848,52,518.455665
-7.1042,51,518.556265
-6.679957,51,518.659297
-7.546357,51,518.751187
-6.190541,51,518.827723
-6.55,51,518.919472
-6.85,51,519.012385
-6.417693,51,519.105612
-6.49,51,519.1891
-6.461762,51,519.283938
-6.993538,51,519.368427
-6.210005,51,519.478403
-6.330219,51,519.582602
-6.19,51,519.686113
-6.617009,52,519.770532
-6.873105,51,520.163628
-6.370155,51,520.284789
-6.712039,51,520.381601
-6.5,51,520.458307
-7.13,52,520.540402
-6.827763,51,520.622344
-6.902414,51,520.711404
-6.382836,51,520.819083
-6.436055,51,520.912018
-6.961249,52,521.003741
-6.8,51,521.116641
-6.711157,51,521.228955
-6.459356,52,521.321156
-6.560328,51,521.443151
-7.080369,51,521.605165
-6.55,51,521.740695
-6.704762,51,521.842697
-6.42,51,521.943751
-6.33,51,522.033886
-6.430034,51,522.12229
-6.60003,51,522.203707
-6.521859,51,522.279589
-6.31876,51,526.907552
-6.71006,51,527.013617
-6.825699,52,527.09433
-6.69,51,527.159339
-7.005333,51,527.245901
-6.19544,51,527.321112
-6.612936,51,527.382344
-6.251204,51,527.452619
-7.030309,51,527.556547
-7.031639,51,527.635163
-6.322497,51,527.726337
-6.862497,51,527.806585
-6.422603,51,527.881694
-6.311058,51,527.971412
-6.34198,51,528.057341
-6.751167,51,528.133601
-6.447309,51,528.236452
-6.588185,51,528.324117
-6.968901,52,528.409997
-6.690668,51,528.527035
-6.45,51,528.632836
-6.982126,52,528.730508
-6.391676,51,528.836012
-6.751189,51,528.941113
-7.33,51,529.049529
-6.4,51,529.156309
-6.920055,52,529.25784
-6.729099,51,529.344994
-6.952652,51,529.453623
-6.122839,51,529.547017
-6.440064,51,529.634694
-6.24,51,529.717027
-6.797043,51,529.77854
-6.41589,51,529.842067
-6.263974,51,529.908652
-6.17,51,529.977331
-6.630356,51,530.065296
-6.800024,51,530.123638
-6.412309,51,530.194865
-6.560029,51,530.270925
-6.600154,51,535.932767
-6.493199,51,536.054256
-6.448482,51,536.157453
-6.50269,51,536.24693
-5.872754,51,536.384269
-5.998881,52,536.503763
-6.620141,51,536.589179
-6.441086,51,536.675925
-7.034737,52,536.749548
-6.85,51,536.824609
-6.785962,52,536.889539
-6.9,51,536.966971
-6.31,51,537.056693
-6.665506,51,537.135866
-6.96,51,537.205778
-6.76042,51,537.268304
-6.47713,51,537.34216
-6.74652,52,537.413077
-6.560006,51,537.517955
-6.46,51,537.591705
-6.537203,51,537.65855
-6.582405,51,537.723191
-6.32,51,537.800335
-6.863041,51,537.867552
-6.580615,51,537.927927
-6.911861,51,537.992322
-6.826862,51,538.055865
-6.400642,51,538.128479
-6.59,52,538.209201
-7.170778,52,538.278921
-6.785244,51,538.363287
-6.830984,51,538.440616
-6.126524,51,538.510695
-6.432442,51,538.600279
-6.652956,51,538.69972
-6.929256,51,538.791613
-5.87,52,538.883014
-6.45,51,538.950277
-6.12,52,539.015799
-6.447748,51,539.113861
-6.48,51,543.197799
-6.511389,51,543.249755
-6.190035,52,543.309559
-5.969772,51,543.376638
-6.334047,51,543.447561
-6.892911,51,543.511136
-6.592356,51,543.573712
-6.329093,51,543.638841
-6.804224,51,543.707204
-6.589343,51,543.785277
-6.420807,51,543.860983
-6.870569,51,543.922569
-6.484682,51,544.016694
-6.104847,51,544.093181
-6.183224,51,544.178518
-6.18093,51,544.24544
-7.202982,51,544.308076
-6.39,51,544.374335
-6.623125,51,544.445907
-6.565363,51,544.506903
-6.469726,51,544.594186
-7.004929,52,544.690125
-7.025588,51,544.765599
-6.64,52,544.84279
-6.35,51,544.916141
-6.374367,51,544.985254
-6.090862,51,545.052038
-6.482806,51,545.122138
-6.390258,51,545.18222
-6.81,51,545.255046
-6.35,51,545.356505
-5.990327,51,545.443568
-6.511192,51,545.525617
-6.870325,51,545.606374
-6.321457,51,545.68474
-7.106904,51,545.751666
-6.65,51,545.826403
-7.1,51,545.8913
-6.440802,51,545.965934
-6.432384,51,546.076432
-6.301587,51,549.734437
-6.69092,51,549.778262
-6.679872,51,549.826094
-6.45141,52,549.884355
-6.740135,51,549.951173
-6.650355,51,550.025593
-6.16859,52,550.096136
-6.384361,51,550.181501
-6.59052,51,550.347894
-6.560939,51,550.471722
-6.516479,51,550.590588
-6.700361,51,550.681076
-6.546771,51,550.760964
-6.340936,51,551.012122
-6.56,51,551.158389
-5.735789,51,551.231685
-6.284567,51,551.295241
-6.323746,51,551.359806
-6.706526,51,551.422806
-6.592798,52,551.485775
-6.620813,51,551.548416
-6.260358,51,551.616649
-6.18912,51,551.684433
-6.296108,51,551.756316
-6.437033,51,551.850552
-6.98,51,551.988033
-6.346578,51,552.084476
-6.179034,51,552.195385
-6.560079,52,552.333799
-6.340927,51,552.491227
-6.351209,51,552.707108
-7.15935,51,552.87928
-6.651125,51,553.003106
-6.9,51,553.172256
-6.32,51,553.386655
-6.862875,51,553.788945
-6.99,51,554.076861
-6.470627,51,554.427693
-6.330381,51,554.555555
-6.192087,51,554.672512
-6.172452,51,560.618022
-6.651435,51,560.729729
-7.120002,51,560.844206
-6.243809,51,560.968301
-6.641147,51,561.087063
-6.543588,51,561.211556
-6.693047,51,561.3574
-7.005355,51,561.451885
-6.58,51,561.544394
-5.93384,51,561.672568
-5.931245,51,561.830413
-6.714856,51,561.934067
-6.96,51,562.034867
-6.710845,51,562.135584
-6.724603,51,562.230131
-6.666555,51,562.327327
-6.47,51,562.438458
-6.301103,51,562.555575
-6.232934,51,562.681601
-6.653049,51,562.792156
-6.400341,51,562.905733
-6.794453,51,562.993201
-6.880433,51,563.086099
-6.366712,51,563.17869
-6.7,52,563.282308
-6.675514,52,563.372998
-6.86,51,563.462168
-6.532643,52,563.559171
-6.114592,51,563.693326
-6.22008,52,563.800059
-6.17,52,563.894602
-6.072399,51,563.980035
-6.789287,51,564.086258
-6.523965,51,564.204561
-6.782782,51,564.338996
-6.43,51,564.460975
-6.574713,51,564.581383
-6.622872,51,564.699692
-5.997259,51,564.816023
-6.84,51,565.04619
-6.95,52,572.021901
-6.51789,51,572.205796
-5.859906,51,572.629998
-6.513066,51,572.910057
-6.703216,51,573.05218
-6.44,51,573.210614
-6.013566,51,573.431901
-6.191191,51,573.594212
-6.002724,51,573.749039
-5.97,51,573.893589
-7.000579,51,574.039719
-6.642299,52,574.171932
-6.53,51,574.296595
-6.790833,52,574.387523
-5.552054,51,574.476291
-6.156272,51,574.557217
-6.975492,51,574.632848
-6.753976,51,574.719982
-6.420334,51,574.796139
-6.296431,51,574.879197
-6.730721,51,574.948136
-6.391935,51,575.037757
-6.36347,51,575.120437
-7.130025,51,575.207789
-6.939363,51,575.275734
-6.02002,51,575.348745
-6.279808,51,575.425504
-6.557746,52,575.528676
-6.73417,52,575.662379
-6.38325,51,575.765141
-6.607617,51,575.849816
-6.240321,51,575.949635
-6.771,51,576.049309
-6.172128,51,576.141351
-6.163206,51,576.248121
-6.561474,51,576.359198
-6.190108,51,576.466282
-6.420857,51,576.583009
-5.94,51,576.808022
-6.841233,51,576.970247
-6.57286,51,577.132762
-7.093396,51,582.181062
-6.424844,51,582.265753
-6.75,51,582.358296
-6.48,51,582.464756
-6.581007,52,582.57092
-6.790617,51,582.684475
-6.81,51,582.810588
-6.436449,51,582.957859
-6.254332,52,583.177655
-6.55,51,583.335346
-6.304971,51,583.542902
-6.38,51,583.662427
-6.470469,51,583.781228
-5.757096,51,583.904885
-6.140154,51,584.0089
-6.468016,51,584.099033
-7.051566,52,584.205836
-6.2,51,584.296377
-6.37,52,584.398739
-6.407112,51,584.50267
-6.3,51,584.59814
-6.419888,52,584.696364
-6.73,51,584.82453
-6.58,52,584.914995
-6.64,51,585.010616
-6.486947,51,585.109705
-6.095887,51,585.213378
-6.868617,51,585.294798
-6.808026,51,585.377052
-6.92282,51,585.467962
-6.958008,51,585.585782
-6.084182,51,585.683664
-6.326855,52,585.767059
-5.867847,51,585.844683
-6.521798,51,586.024894
-6.942645,52,586.207296
-7.260307,52,586.305308
-6.64,52,586.408038
-6.61,51,586.507434
-5.947789,51,586.608139
-6.385702,52,592.158343
-6.410561,51,592.27818
-6.524282,51,592.379707
-7.031764,51,592.497404
-6.41,51,592.591133
-6.68,51,592.689548
-6.202864,52,592.772702
-6.935326,51,592.865756
-6.306059,51,592.971255
-6.431248,51,593.078197
-6.414454,51,593.178802
-6.240383,52,593.288703
-6.600129,52,593.443363
-6.957105,51,593.677002
-6.231094,51,593.872909
-6.760669,51,593.977915
-6.23,51,594.121897
-6.28,51,594.214441
-6.780829,51,594.325519
-6.88,51,594.428573
-6.540398,51,594.51179
-7.004052,51,594.598017
-6.881942,51,594.69813
-6.436288,52,594.792361
-6.942346,51,594.872932
-6.880836,51,594.961137
-6.73,51,595.053431
-6.886589,51,595.175892
-7.202221,51,595.274094
-6.67,51,595.364329
-6.500006,51,595.456909
-6.685785,51,595.555452
-6.109358,51,595.646888
-6.3,51,595.741807
-6.198215,51,595.830929
-6.242821,51,595.914367
-5.710443,51,596.012683
-6.422005,51,596.106082
-6.397116,51,596.200208
-6.297097,51,596.290334
-6.189329,51,602.041905
-6.64,51,602.180852
-6.460121,52,602.292879
-6.26,51,602.439678
-7.180094,51,602.555924
-6.85,52,602.734696
-6.560613,51,602.855073
-6.98,51,603.001725
-6.960039,51,603.096627
-6.930197,52,603.290819
-6.473004,52,603.456856
-6.505659,51,603.605364
-6.550324,51,603.72833
-6.518952,51,603.868567
-6.040028,51,603.990601
-6.630312,51,604.085218
-6.22281,52,604.17692
-6.35771,51,604.320276
-5.980992,52,604.484627
-6.065063,51,604.626473
-6.702477,51,604.815514
-6.25234,51,604.928756
-6.510325,51,605.064741
-6.160945,51,605.188264
-6.217264,52,605.380137
-6.698981,52,605.53508
-5.851799,51,605.670078
-6.627369,51,605.773092
-6.477478,51,605.887472
-6.271001,51,606.0086
-6.582118,51,606.111929
-6.910117,51,606.216798
-6.248357,51,606.342371
-6.528493,51,606.431358
-6.64,51,606.579801
-6.373925,51,606.682964
-6.31,51,606.77708
-6.15,52,606.865264
-6.150149,51,606.982736
-6.67823,51,607.090359
-6.491305,51,612.162698
-6.48,52,612.343167
-6.292521,51,612.453726
-6.02,51,612.542772
-6.15,51,612.651183
-6.038094,51,612.771502
-7.070444,51,612.85091
-6.514154,51,612.942628
-6.678177,52,613.015087
-6.731908,51,613.091244
-6.454426,51,613.158629
-6.509952,51,613.224513
-6.449322,51,613.295143
-6.776461,52,613.379103
-6.14033,51,613.47141
-6.139705,51,613.55191
-6.750209,51,613.625842
-6.172385,51,613.691297
-6.657946,51,613.762191
-6.670285,51,613.841384
-6.661706,52,613.921152
-6.550199,51,613.98412
-7.15,51,614.052814
-6.8296,51,614.111536
-6.350072,51,614.166351
-7.04,51,614.224239
-6.38,51,614.298331
-6.283372,52,614.379271
-6.350241,51,614.443608
-6.533451,52,614.505231
-6.010651,51,614.566918
-6.500174,52,614.640252
-6.541344,51,614.726189
-6.430453,51,614.797636
-6.55,52,614.876396
-6.91065,51,614.942325
-6.37798,51,615.004893
-6.210261,51,615.061083
-6.256331,51,615.120546
-6.109,52,615.221944
-6.840444,51,619.604808
-6.740054,51,619.662819
-6.85,51,619.730923
-6.98,51,619.819192
-6.611767,51,619.889937
-6.61,51,619.962938
-6.839722,51,620.02427
-6.16,51,620.090799
-6.290182,51,620.172573
-6.380117,51,620.243904
-6.124808,51,620.307677
-6.840512,51,620.375358
-6.709104,51,620.436973
-6.231734,52,620.497891
-6.68,51,620.57916
-6.34,51,620.654737
-6.318197,51,620.720626
-6.466421,51,620.788348
-6.534753,51,620.845979
-6.312157,51,620.915048
-6.733234,51,620.997115
-6.781459,51,621.075091
-6.412631,51,621.143732
-6.6504,51,621.211316
-6.927732,51,621.272623
-6.79003,51,621.345517
-6.465152,51,621.422188
-6.260718,51,621.497469
-6.772938,51,621.570191
-5.443431,51,621.638265
-6.566316,51,621.704018
-6.32309,52,621.79584
-6.341242,51,621.879517
-6.309224,51,621.969581
-6.660139,51,622.03932
-6.23,51,622.098735
-6.510899,51,622.175525
-6.021417,51,622.3002
-6.161625,52,622.408591
-6.84,51,622.501673
-6.272067,51,626.9619
-6.275676,52,627.052978
-5.936087,51,627.116681
-6.531358,51,627.179595
-6.220355,51,627.262671
-5.980797,52,627.355512
-6.5,51,627.438943
-6.024813,52,627.50738
-6.04022,51,627.575325
-6.052164,51,627.669796
-6.78,51,627.752732
-6.152008,51,627.842403
-6.17293,51,627.928357
-6.285442,51,627.99038
-6.976016,51,628.056665
-6.048931,51,628.132292
-6.65845,51,628.220208
-6.231938,51,628.292066
-6.356396,51,628.358194
-6.332633,51,628.427743
-6.96,51,628.512102
-6.29,51,628.623477
-6.148654,52,628.731716
-6.668166,52,628.833111
-6.38,51,628.91687
-6.14728,51,629.019146
-6.836427,51,629.150149
-6.373727,51,629.248429
-6.88,51,629.373197
-6.428921,51,629.459603
-6.804575,51,629.549807
-6.27113,51,629.629193
-6.26,51,629.734369
-6.64,51,629.817362
-6.653017,51,629.896007
-6.98,52,629.987723
-6.51,51,630.079986
-6.540809,51,630.169494
-6.541195,51,630.255511
-5.769759,51,630.348571
-6.176762,51,638.180825
-6.221559,51,638.334446
-6.326298,51,638.54183
-6.15054,52,638.686626
-5.871077,51,638.821682
-6.324649,51,638.946453
-6.350008,51,639.058064
-6.405954,51,639.152038
-5.984895,52,639.29835
-6.327403,51,639.409142
-6.67,51,639.528285
-6.117856,51,639.626909
-5.56,51,639.745047
-6.287716,51,639.841567
-6.761325,52,639.930055
-6.701378,51,640.036058
-6.507019,51,640.124123
-6.38,51,640.22214
-5.957888,51,640.311606
-5.99167,51,640.436498
-6.58045,51,640.594285
-5.807354,51,640.742448
-6.57,51,640.880506
-6.0,52,641.036595
-6.14,51,641.165518
-6.21759,52,641.311014
-6.372516,51,641.425829
-6.474996,51,641.552118
-6.450646,51,641.662893
-6.3,51,641.79001
-6.362344,51,641.906418
-6.620643,51,642.003305
-6.33,51,642.097446
-6.210082,51,642.201521
-6.710308,52,642.291902
-6.341155,51,642.392004
-6.065171,51,642.486253
-6.658899,52,642.587741
-6.138033,51,642.68571
-6.780122,51,642.786181
-6.145388,51,647.899847
-6.40756,51,648.002058
-6.010005,51,648.10719
-6.19,51,648.211287
-6.680441,51,648.291675
-6.75023,51,648.359304
-5.813894,51,648.426921
-6.57,51,648.497426
-6.191546,51,648.569804
-6.333942,52,648.631703
-6.3,51,648.694099
-6.270013,51,648.780527
-6.240047,51,648.866023
-5.95,51,648.945293
-6.669602,51,649.010246
-6.04,51,649.084351
-6.271315,51,649.161123
-6.052776,51,649.256155
-5.906537,51,649.356252
-5.859067,51,649.437272
-6.16,51,649.509411
-6.380924,51,649.586331
-5.903245,51,649.667271
-6.44,51,649.761656
-6.038852,51,649.849273
-6.700271,51,649.933842
-6.494044,51,650.015224
-6.760996,51,650.11357
-6.707724,51,650.239682
-6.457762,51,650.335036
-6.466364,51,650.421207
-6.48,51,650.495729
-6.250144,51,650.562907
-6.54164,52,650.638837
-6.716502,51,650.730491
-5.964812,51,650.819909
-6.21,51,650.968069
-6.40713,51,651.09292
-6.591917,51,651.243961
-6.12,51,651.427676
-6.380017,51,655.696417
-6.509654,51,655.769261
-6.82523,52,656.050119
-5.771441,51,656.192285
-6.351233,51,656.258465
-6.713263,51,656.327401
-6.296682,51,656.388209
-6.150543,52,656.445994
-5.932028,51,656.523798
-5.97,51,656.606168
-6.02,52,656.67896
-5.73427,51,656.745633
-5.883002,51,656.809399
-6.143423,51,656.8786
-6.640386,51,656.962222
-6.425042,51,657.033241
-6.548406,51,657.09791
-6.22,51,657.165798
-6.485876,51,657.232363
-6.82642,51,657.309609
-6.011624,51,657.387506
-5.845007,51,657.479334
-6.477818,51,657.586575
-6.817681,51,657.68983
-6.64,51,657.77525
-6.39,51,657.875468
-6.926576,52,657.96863
-6.238578,52,658.070863
-6.210664,51,658.168334
-6.331022,51,658.253431
-6.460789,51,658.364462
-6.24,51,658.460796
-6.07,51,658.544381
-6.638308,51,658.658552
-5.978609,51,658.759001
-6.510499,51,658.852491
-6.59595,51,658.940151
-6.440123,51,659.021749
-5.811996,51,659.101597
-6.119786,51,659.172147
-6.49,51,663.90544
-5.483551,51,663.971819
-6.390002,51,664.050269
-6.301747,52,664.127949
-6.39,51,664.198411
-6.512737,52,664.269017
-5.906579,51,664.344567
-6.64,51,664.418459
-6.094806,51,664.496556
-6.421243,51,664.572686
-6.243772,51,664.646759
-6.59982,51,664.723181
-6.29,51,664.792429
-6.641439,51,664.852939
-6.628486,51,664.91827
-6.62,51,664.985476
-6.154908,51,665.051553
-6.362343,51,665.118369
-6.48,51,665.178192
-6.031966,51,665.242303
-6.200704,51,665.302475
-6.120753,51,665.37554
-6.265509,51,665.455348
-6.310696,51,665.527311
-6.385319,51,665.599987
-7.100047,52,665.660819
-6.518048,51,665.722333
-6.170139,51,665.800106
-6.03,51,665.869708
-6.693176,51,665.939426
-5.87,51,666.003801
-6.58699,51,666.064375
-6.420128,51,666.125947
-6.05,51,666.188411
-6.060946,51,666.265865
-5.805235,51,666.336392
-6.061971,52,666.402486
-6.172327,51,666.460723
-6.119505,51,666.520707
-6.53,51,666.590387
-5.785347,51,670.89542
-6.340053,51,670.956866
-6.303175,51,671.025402
-6.029766,51,671.107543
-5.97,51,671.179186
-6.126347,51,671.246372
-5.694397,51,671.306257
-6.461228,51,671.369424
-6.62,52,671.432062
-6.289613,51,671.497726
-5.691532,51,671.557573
-6.75,52,671.628784
-6.38,51,671.697842
-6.07,51,671.757765
-6.26125,51,671.821203
-5.852601,51,671.904846
-6.208824,51,671.977313
-6.753643,51,672.043664
-6.968268,51,672.104797
-6.421658,51,672.169507
-6.357279,51,672.242858
-6.742535,51,672.320838
-5.890043,51,672.396707
-6.167384,52,672.463534
-6.301009,51,672.53469
-5.950017,51,672.596993
-6.253814,51,672.663443
-6.390073,51,672.734236
-6.38,51,672.797163
-6.35,51,672.863292
-6.45,51,672.928023
-6.720006,51,672.993453
-6.760526,52,673.073493
-5.80295,51,673.153609
-6.267938,51,673.228011
-6.31,52,673.298166
-6.288602,51,673.355473
-6.414894,51,673.422842
-6.029823,51,673.506213
-6.45249,51,673.576821
-6.262688,51,678.153858
-6.773231,51,678.267122
-5.630099,51,678.436975
-6.066104,52,678.591878
-6.455046,51,678.720252
-6.083271,51,678.81307
-5.883576,51,678.92703
-6.506715,51,679.012913
-5.860661,51,679.084331
-6.071074,51,679.152242
-5.940887,52,679.23421
-6.76,51,679.328306
-6.410332,51,679.436829
-6.578706,51,679.521942
-5.690002,51,679.604235
-6.428108,51,679.715747
-6.373226,51,679.814578
-6.147571,51,679.918786
-5.987823,51,680.012439
-6.140864,51,680.117808
-6.32072,51,680.212405
-6.314113,51,680.297846
-6.21,51,680.365859
-5.685029,52,680.455736
-5.590507,51,680.531006
-6.03012,51,680.626447
-6.210346,51,680.712432
-6.400186,51,680.825674
-6.630102,51,680.933025
-6.19,51,681.01541
-5.820711,51,681.104548
-6.521446,51,681.177093
-5.86221,51,681.259359
-6.090729,52,681.3456
-6.398208,52,681.429081
-7.01,51,681.511768
-6.052106,51,681.584214
-6.964268,51,681.674137
-6.44,51,681.745019
-5.797644,51,681.814582
-5.607751,51,686.018823
-5.93726,51,686.109299
-6.587057,51,686.19257
-6.551245,51,686.25428
-5.374348,51,686.326312
-6.35,51,686.410897
-6.028931,51,686.492263
-6.155421,51,686.563872
-5.84,51,686.628606
-6.815102,51,686.696023
-6.327558,51,686.797916
-6.247686,51,686.894543
-5.670125,51,686.978141
-6.328692,51,687.03943
-6.623052,51,687.104394
-6.225267,51,687.1865
-5.510372,51,687.262038
-6.153374,51,687.344629
-6.28,51,687.419768
-5.947398,51,687.492379
-6.015862,51,687.569206
-6.162908,51,687.652614
-6.17,51,687.73372
-6.419546,51,687.799157
-6.395067,51,687.876091
-5.60668,51,687.958525
-6.275046,51,688.035216
-5.990104,51,688.235438
-5.647518,51,688.498606
-6.540755,51,688.647217
-6.365331,52,688.746532
-5.533404,51,688.835323
-5.847493,51,688.911165
-6.421341,51,688.988821
-5.96,51,689.063867
-6.227004,51,689.143329
-6.11,51,689.223861
-5.811211,51,689.322835
-5.778027,51,689.435049
-5.675121,51,689.535838
-6.772174,51,693.982828
-5.420958,51,694.058812
-6.45624,51,694.187345
-5.770375,52,694.328627
-5.98,51,694.467629
-5.99,51,694.545027
-5.515499,51,694.617896
-5.57,51,694.698584
-5.979343,51,694.781365
-6.13057,51,694.854785
-6.035394,51,694.921074
-5.840666,51,694.973502
-6.176923,51,695.041959
-6.092859,52,695.116861
-5.731393,51,695.190028
-5.959091,51,695.248412
-6.124225,51,695.303978
-6.179372,51,695.365269
-5.672898,51,695.437849
-6.528162,51,695.50813
-5.979394,52,695.58375
-6.462415,51,695.648248
-6.222705,51,695.708327
-5.680824,51,695.764456
-5.651929,51,695.82897
-5.87493,51,695.908042
-6.106878,51,695.975315
-6.498794,51,696.035545
-5.615379,51,696.096395
-6.33,51,696.157388
-6.560336,51,696.231594
-5.880916,51,696.305569
-6.145687,51,696.372484
-6.276355,51,696.433366
-6.101304,51,696.493593
-6.952793,51,696.549616
-6.55,51,696.608721
-5.98,51,696.670818
-6.102615,51,696.739128
-6.182042,51,696.795993
-5.703392,51,700.809988
-6.278284,51,700.875784
-6.462328,51,700.945025
-5.530242,52,701.025418
-5.890228,51,701.095242
-6.21,51,701.156591
-5.982978,51,701.223531
-5.655559,51,701.280503
-6.200208,51,701.340916
-6.459618,51,701.396436
-6.534421,51,701.458433
-5.860958,51,701.535548
-5.616578,51,701.605891
-6.241714,51,701.664206
-5.330549,51,701.724948
-6.230005,52,701.794871
-6.03,51,701.872857
-6.07298,51,701.939098
-6.4,51,701.99921
-5.78,51,702.058394
-6.571674,52,702.135415
-5.680758,51,702.210196
-6.310868,51,702.289681
-6.090373,51,702.355449
-6.202866,51,702.417822
-6.060031,51,702.481187
-5.330032,51,702.541023
-5.62,52,702.59993
-6.079019,51,702.673627
-5.987638,51,702.746512
-6.091852,51,702.817343
-6.244012,51,702.874112
-5.913557,51,702.933532
-6.259836,51,702.992437
-6.42,51,703.061832
-6.539581,51,703.167824
-5.694871,51,703.248136
-5.540533,51,703.327515
-6.075582,51,703.414595
-6.179183,51,703.513587
-5.990218,51,707.82392
-6.082936,51,707.876747
-6.444115,51,707.960008
-5.866969,51,708.032031
-5.511131,51,708.104698
-6.414425,52,708.177875
-5.72573,51,708.253415
-5.850029,51,708.333419
-6.115089,51,708.421639
-5.72035,51,708.49461
-5.84,51,708.55872
-5.925794,51,708.610714
-5.937001,51,708.667424
-5.862515,51,708.740009
-6.230257,51,708.827474
-6.01,52,708.907215
-5.725421,51,709.000646
-6.034944,51,709.291966
-6.18,52,709.427194
-5.880659,51,709.521866
-6.263527,51,709.600745
-5.843465,52,709.670901
-5.845637,51,709.739585
-5.68,51,709.822879
-6.22,51,709.903681
-6.050086,51,709.981407
-6.01,51,710.07364
-6.129482,51,710.198342
-6.147886,51,710.304829
-5.847214,51,710.421582
-6.581321,51,710.508435
-6.485059,51,710.576337
-5.35,51,710.639569
-6.116803,51,710.704733
-6.488103,51,710.771941
-6.116904,51,710.832703
-5.616332,51,710.897362
-6.59,51,711.019717
-5.696828,51,711.093628
-6.231677,51,711.157868
-6.153315,51,715.057411
-5.733469,51,715.125004
-5.893225,51,715.176248
-6.461056,51,715.237003
-6.621895,51,715.302222
-6.747604,51,715.380588
-5.830394,51,715.454373
-5.757092,51,715.526442
-5.822599,51,715.591232
-6.457877,51,715.674819
-6.361197,51,715.762845
-5.962832,51,715.837362
-6.428468,51,715.893691
-5.758043,51,715.952473
-6.343609,51,716.007301
-5.12,51,716.062408
-5.91,51,716.118296
-6.341286,51,716.174613
-6.360384,52,716.230713
-6.01,51,716.288656
-5.433009,51,716.351245
-6.155071,51,716.425901
-6.1,51,716.494323
-6.47006,51,716.573459
-6.554491,52,716.68934
-6.74069,51,716.787712
-5.96926,51,716.873088
-6.075477,51,716.940349
-5.792083,51,717.002504
-6.36,51,717.072158
-5.780115,52,717.144473
-5.825564,51,717.216552
-6.22848,51,717.277748
-6.328501,51,717.331597
-5.867912,51,717.388117
-5.940046,51,717.454267
-6.22,51,717.523257
-5.937423,51,717.583746
-5.658699,52,717.642917
-6.031851,51,717.700812
-6.28803,51,717.760853
-5.237048,51,721.839156
-6.002863,51,721.919343
-6.492499,52,722.008047
-5.932745,51,722.079635
-5.819757,51,722.143075
-5.184134,51,722.207477
-5.849737,51,722.287087
-6.152823,51,722.361768
-6.060425,51,722.447402
-6.941303,51,722.516717
-5.826356,51,722.58636
-5.3,51,722.66083
-6.179021,51,722.735994
-5.790401,51,722.858634
-5.821624,51,722.931619
-6.003883,51,723.025011
-5.884833,51,723.112133
-6.21045,51,723.22114
-5.790545,51,723.300739
-5.875263,51,723.373021
-6.142478,51,723.455679
-6.668562,51,723.545046
-5.918767,51,723.662168
-5.800132,51,723.772886
-5.886483,51,723.852855
-5.453614,51,723.933194
-5.904339,51,724.026411
-5.41,51,724.092515
-5.237541,51,724.166972
-6.103135,51,724.260002
-6.041643,51,724.337516
-6.910001,52,724.430764
-5.700078,51,724.50728
-5.627375,51,724.581436
-5.544619,51,724.653029
-6.017776,51,724.726161
-6.01,51,724.818147
-6.190481,52,724.900225
-6.100073,51,725.002311
-5.45337,52,725.110137
-6.312873,51,731.061508
-5.650411,51,731.203289
-6.38,51,731.340558
-5.523727,51,731.452014
-6.383274,52,731.556185
-5.872208,51,731.661197
-6.150897,51,731.761136
-5.955866,51,731.838627
-5.845426,51,731.932886
-6.534291,51,732.018687
-6.24952,51,732.111728
-5.32,51,732.209795
-5.512151,51,732.315755
-4.974846,52,732.420124
-5.82,51,732.528093
-5.484688,51,732.62238
-5.757013,51,732.726071
-6.048095,52,732.838272
-6.080397,51,732.936028
-5.559456,52,733.025312
-6.043244,51,733.118529
-5.95,51,733.202249
-6.28,51,733.290008
-5.860718,52,733.387053
-6.179407,52,733.483599
-5.973545,52,733.576769
-6.177781,51,733.681124
-5.240031,51,733.772603
-5.160095,51,733.856479
-5.97,51,733.943774
-6.212599,52,734.02889
-5.917924,51,734.118496
-5.690142,51,734.191607
-5.860266,51,734.291962
-6.5602,51,734.370163
-6.18,51,734.464804
-5.44,51,734.543594
-6.100921,52,734.64198
-6.016666,51,734.730202
-5.735194,51,734.827093
-5.878343,52,739.344075
-5.101609,51,739.444395
-5.978821,52,739.528291
-5.823705,51,739.62043
-5.024095,51,739.743098
-5.680012,52,739.846324
-6.14,51,739.923172
-4.88764,51,739.995437
-5.29,51,740.089383
-6.53,51,740.190344
-5.934606,52,740.28621
-6.064963,51,740.379552
-5.42893,51,740.474599
-6.251417,51,740.571367
-5.548863,51,740.676431
-6.220046,51,740.785053
-5.214771,51,740.928081
-6.232587,51,741.063191
-5.944502,52,741.197869
-5.320256,51,741.313812
-6.056803,51,741.447328
-5.149578,51,741.591225
-5.850796,51,741.798635
-5.57962,51,741.991919
-6.175085,51,742.090494
-6.323174,51,742.199167
-5.796091,52,742.292007
-5.160666,51,742.456015
-5.908794,51,742.541754
-6.4,52,742.614953
-6.160536,52,742.691821
-6.047297,51,742.785173
-5.533852,51,742.927743
-6.02,51,743.046738
-5.891285,51,743.123635
-5.43409,51,743.201387
-5.52262,51,743.288
-5.96,52,743.367743
-6.031179,51,743.441607
-6.1742,51,743.50993
-5.682237,51,748.282777
-6.157381,51,748.351521
-5.372143,51,748.416216
-6.163462,51,748.491057
-5.709082,51,748.553691
-5.784405,51,748.623825
-5.9257,51,748.734361
-5.562283,51,748.826745
-5.413306,51,748.899728
-5.633548,51,748.966721
-5.65542,52,749.023082
-5.46295,51,749.076553
-6.093919,51,749.169695
-5.598341,51,749.239856
-5.8296,52,749.302854
-5.950243,51,749.36346
-5.280816,51,749.427227
-6.381644,51,749.501713
-5.820552,52,749.584311
-5.383684,51,749.663248
-5.175058,51,749.726726
-6.220542,51,749.918626
-6.312623,51,750.025027
-5.872734,52,750.102514
-5.930228,51,750.18004
-6.601115,51,750.247582
-5.900844,51,750.300834
-5.54077,51,750.356718
-5.88071,52,750.439336
-5.657501,52,750.552235
-5.775399,51,750.661005
-5.26,51,750.723209
-5.98,51,750.800466
-5.99,51,750.941668
-5.711779,52,751.079639
-5.789383,51,751.146919
-5.538013,51,751.215494
-5.887945,51,751.27007
-5.49488,51,751.328604
-6.154628,51,751.38196
-5.293229,52,755.860223
-5.822929,51,755.926404
-5.569607,51,756.019415
-5.521266,51,756.22018
-5.91,51,756.443353
-5.745018,52,756.573209
-6.242881,51,756.693094
-5.840087,51,756.76454
-5.484134,51,756.837641
-5.630006,52,756.900443
-5.800192,51,756.959674
-5.99,51,757.054813
-5.161865,51,757.11597
-5.261516,51,757.169973
-5.260176,51,757.245548
-5.894733,51,757.304518
-5.792487,51,757.372192
-5.904592,51,757.453555
-6.339751,51,757.511864
-5.625188,51,757.593189
-5.508894,51,757.656211
-5.52063,51,757.73086
-5.666267,51,757.795728
-5.499689,51,757.84454
-5.563745,51,757.923097
-5.863435,51,757.979435
-5.261225,51,758.038765
-5.202596,51,758.103466
-5.874645,52,758.161518
-5.250918,51,758.229509
-5.958871,51,758.298511
-5.36756,51,758.345999
-6.020077,51,758.431731
-5.059143,51,758.491334
-5.38,51,758.550434
-5.850685,51,758.620021
-5.598365,51,758.682977
-4.947095,52,758.780117
-5.73212,51,758.872109
-5.531656,51,758.968593
-5.322263,51,764.288043
-4.943345,51,764.42489
-5.62,51,764.55623
-4.75018,51,764.692331
-5.160942,51,764.801295
-6.060307,51,764.908907
-5.832937,52,765.011
-4.900535,51,765.100014
-5.616311,51,765.174502
-5.512895,51,765.250423
-5.985849,51,765.34226
-5.02,52,765.443684
-5.009387,51,765.528333
-5.944228,51,765.594069
-5.7,51,765.668053
-5.772228,51,765.759753
-6.403613,51,765.85215
-5.095726,51,765.923096
-5.299268,51,765.995384
-5.051583,51,766.057873
-5.029614,52,766.123975
-6.052771,51,766.192468
-5.08,51,766.267313
-5.176011,51,766.385848
-6.056091,52,766.47068
-5.690873,51,766.59408
-5.552353,51,766.725936
-5.542849,52,766.83402
-5.1147,52,766.913746
-5.862365,51,767.002616
-5.332943,51,767.12465
-5.853913,51,767.254397
-5.590999,51,767.333825
-5.203254,51,767.412694
-5.548538,51,767.511677
-5.655036,51,767.607404
-5.902343,51,767.688816
-5.720031,51,767.779088
-5.535084,51,767.857817
-5.580276,52,767.932159
-5.407462,51,772.692656
-5.464228,52,772.80567
-5.526978,51,772.912853
-5.502632,51,773.010141
-5.125395,51,773.10097
-5.510084,51,773.189603
-5.520042,51,773.260765
-5.21,51,773.373228
-5.59518,51,773.497773
-5.33074,51,773.638628
-5.33,51,773.738228
-5.662057,51,773.841039
-6.33,51,773.910589
-4.450008,51,773.977128
-5.083134,51,774.068876
-5.030399,51,774.177818
-4.95046,51,774.270324
-5.27,51,774.344377
-5.92,51,774.419892
-5.3746,51,774.508373
-5.89186,52,774.611356
-5.066325,51,774.692731
-4.985017,51,774.794918
-6.514365,52,774.895113
-5.463899,51,775.024046
-4.800436,51,775.154264
-4.973085,51,775.247569
-5.063869,51,775.33913
-5.82183,51,775.437281
-4.97056,51,775.525752
-5.731289,51,775.609455
-5.571949,51,775.710598
-5.68544,52,775.810129
-5.183897,51,776.062378
-5.25727,51,776.347784
-5.221947,51,776.445882
-5.069942,51,776.533957
-5.39,51,776.613565
-4.890574,51,776.721212
-5.372089,51,776.805832
-5.759475,51,781.551896
-5.050629,51,781.64284
-5.484469,51,781.740167
-5.08,51,781.837028
-5.546405,52,781.958667
-5.725316,51,782.046836
-4.970991,51,782.139884
-5.120365,51,782.240907
-5.413282,51,782.356778
-5.817231,51,782.445647
-5.01663,51,782.543144
-5.947081,51,782.648422
-5.46,51,782.770685
-5.042664,51,782.870841
-5.027156,51,782.979452
-5.45,51,783.070337
-5.177068,51,783.178114
-5.650385,51,783.258757
-5.777625,51,783.345598
-5.110029,51,783.459718
-5.450194,51,783.575256
-5.295119,51,783.704451
-4.795088,51,783.818869
-5.434643,51,783.923593
-5.144025,51,784.044817
-5.472306,51,784.163362
-5.032233,52,784.269555
-5.27336,51,784.363251
-5.236136,51,784.443711
-5.19,51,784.536808
-5.035226,51,784.637605
-5.640009,51,784.724766
-5.570413,51,784.829902
-5.323109,51,784.927463
-5.644774,51,785.022437
-4.98424,51,785.127169
-6.176512,52,785.204381
-5.74027,52,785.272903
-5.523147,51,785.342616
-5.091965,52,785.468625
-4.530554,52,790.417738
-5.074744,52,790.523964
-5.612923,51,790.598802
-5.301462,51,790.662394
-5.142358,51,790.743451
-5.296526,51,790.840173
-5.114874,51,790.930409
-5.6,51,790.9971
-5.472056,51,791.066375
-5.496716,51,791.341627
-5.731691,51,791.604557
-4.747043,51,791.744557
-5.883362,51,791.830654
-4.081913,51,791.919802
-4.745181,51,791.990869
-5.407511,51,792.084328
-4.934695,51,792.270727
-5.447581,51,792.390717
-5.8452,51,792.466454
-5.890058,52,792.535861
-4.819255,51,792.600377
-5.831952,52,792.803571
-5.22,51,792.99418
-4.773708,52,793.099014
-5.187467,51,793.182019
-5.71,51,793.287578
-6.02,51,793.385639
-5.144166,51,793.51674
-5.938498,51,793.602719
-5.670627,51,793.693094
-5.64142,51,793.77213
-5.011617,51,793.850113
-5.037681,51,793.928227
-5.27,51,794.013305
-4.994394,51,794.102033
-5.084243,51,794.189511
-5.21,51,794.291172
-4.650521,51,794.375756
-4.9408,51,795.504639
-4.86666,51,795.776726
-5.818471,51,802.646195
-5.562755,51,802.78662
-5.259456,51,802.903532
-4.795138,51,803.075584
-5.244652,51,803.227784
-4.654634,51,803.328006
-5.034409,51,803.423078
-4.856801,51,803.511097
-5.206755,51,803.584215
-5.812941,51,803.652738
-4.830245,52,803.744375
-5.261742,51,803.822955
-4.854287,51,803.889121
-5.71,51,803.951895
-5.63,51,804.014258
-5.271856,51,804.076742
-4.996696,52,804.152348
-5.367759,51,804.216066
-5.42015,51,804.278339
-4.819091,51,804.339181
-4.806525,51,804.402925
-5.98541,51,804.460004
-4.722001,51,804.524548
-5.400781,51,804.60607
-4.978901,51,804.67568
-5.132947,51,804.753198
-4.408395,51,804.819027
-5.470845,51,804.88635
-5.155595,51,804.958041
-4.158044,51,805.041311
-4.900671,51,805.107463
-5.19,52,805.162541
-5.00185,52,805.233831
-4.635638,51,805.318447
-4.832103,51,805.405
-5.315795,51,805.468958
-4.29033,51,805.538102
-4.842249,51,805.626002
-5.25889,51,805.713287
-4.524769,51,805.792338
-4.791122,51,810.41833
-4.456016,52,810.501959
-4.74,51,810.582106
-4.434126,51,810.661826
-4.844344,51,810.725551
-4.901713,51,810.797831
-5.135505,51,810.874304
-5.171908,51,810.94059
-5.060436,52,811.007161
-5.021084,51,811.071362
-4.7263,51,811.138644
-6.169164,51,811.222697
-4.653309,51,811.297865
-4.7783,51,811.365472
-5.17,51,811.421042
-4.769092,51,811.473211
-4.870012,51,811.555321
-4.602025,51,811.630976
-4.676553,52,811.6971
-4.967074,51,811.762018
-5.328137,51,811.842674
-5.396242,52,811.969208
-5.098802,51,812.078485
-5.021678,52,812.192774
-4.379283,51,812.273241
-4.975516,52,812.343331
-4.66054,51,812.740899
-4.88,52,813.442763
-5.414663,51,813.657353
-5.119645,52,813.786569
-5.130015,51,814.037631
-4.982522,51,814.522242
-4.56484,51,814.722495
-5.041225,51,814.842367
-4.328978,51,814.976876
-4.825856,51,815.213563
-4.347115,51,815.408596
-5.338387,51,815.591161
-5.066028,51,815.881639
-5.144284,52,816.293157
-4.82,51,822.195929
-4.687926,52,822.267726
-4.635447,51,822.351853
-4.73424,51,822.433712
-4.885241,51,822.526692
-5.260799,51,822.667108
-4.757846,51,822.778107
-4.990363,51,822.882713
-4.586968,51,823.012309
-5.401128,51,823.104173
-4.61433,51,823.188403
-4.930129,52,823.29182
-4.964705,51,823.399724
-5.031886,51,823.494662
-4.65712,51,823.624766
-4.698842,52,823.72584
-5.175678,51,823.809931
-5.557655,51,823.874285
-5.057992,51,823.942833
-4.508303,51,824.07587
-5.242332,51,824.384009
-4.983166,51,824.454627
-4.518365,51,824.604322
-4.652837,51,824.730332
-5.765453,52,824.859554
-5.560546,51,825.055545
-5.543713,51,825.151428
-5.135733,52,825.219112
-4.315916,51,825.294602
-5.083934,51,825.40142
-5.508877,51,825.495239
-5.093405,51,825.571122
-5.403041,51,825.639359
-4.757279,51,825.709943
-5.460168,51,825.774784
-5.423371,51,825.842944
-5.554091,51,825.922859
-5.30375,51,826.005176
-4.60466,51,826.084343
-4.848519,51,826.146025
-4.389335,51,831.53943
-4.718482,52,831.61275
-5.470327,52,831.675286
-4.92,51,831.736253
-4.787556,51,831.810127
-5.51,51,831.896767
-4.55924,51,831.972876
-4.677742,52,832.044748
-5.010214,51,832.116884
-4.861349,51,832.201909
-4.930154,51,832.287222
-5.308956,51,832.359906
-4.639062,52,832.459208
-4.580811,51,832.587896
-5.187197,52,832.778118
-4.76073,51,833.131914
-4.782082,51,833.293745
-5.185279,51,833.402464
-4.592405,52,833.54326
-4.996469,51,833.724455
-4.791054,52,833.868036
-5.51,51,833.98576
-4.662621,51,834.126443
-4.62037,52,834.246498
-4.480976,51,834.347494
-5.160748,51,834.453691
-4.911438,51,834.583486
-4.233454,51,834.721636
-4.991549,51,835.00057
-4.731579,51,835.22916
-4.734793,51,835.375874
-5.243894,51,835.532624
-4.090092,51,835.663323
-4.911689,51,835.779558
-5.148847,51,835.930161
-4.816745,51,836.065262
-4.343878,51,836.160624
-5.09682,51,836.259622
-4.746073,51,836.369864
-4.793873,51,836.488083
-5.350008,51,841.897088
-4.138739,51,841.999174
-4.841608,51,842.117328
-5.120349,51,842.226484
-5.340054,51,842.316659
-4.154191,51,842.406872
-5.259399,51,842.50498
-5.370052,51,842.577711
-4.120621,51,842.839217
-4.467667,51,842.998896
-4.732335,51,843.112885
-5.51451,51,843.215846
-4.641096,51,843.321436
-4.468622,52,843.436196
-5.153332,51,843.547125
-4.936808,51,843.625158
-5.227364,51,843.694368
-4.706489,51,843.876314
-4.738662,51,843.982892
-5.13691,52,844.083277
-4.621015,51,844.174363
-4.636313,51,844.282847
-4.78051,51,844.385532
-6.267305,51,844.474716
-5.020893,51,844.547895
-5.810329,52,844.644111
-4.822597,52,844.749411
-5.920497,51,844.858521
-5.130403,51,844.97261
-5.06038,51,845.097701
-4.786112,51,845.220326
-4.95,52,845.327777
-4.269286,51,845.527117
-4.491761,51,845.636657
-4.6559,51,845.727765
-4.65072,51,845.824801
-5.05787,51,845.912138
-4.151476,51,846.003218
-5.147336,51,846.087655
-4.512646,51,846.183264
-4.422078,51,852.458508
-4.781339,51,852.527372
-4.811372,51,852.590932
-4.743549,52,852.681456
-4.8976,52,852.770862
-5.023019,52,852.848296
-4.48883,52,852.971371
-4.623599,51,853.055511
-4.517551,51,853.142384
-5.269758,51,853.223043
-4.86777,51,853.296419
-4.867351,51,853.370801
-4.396308,51,853.442837
-4.600406,52,853.533267
-4.696776,51,853.603866
-3.961767,51,853.668742
-4.547731,51,853.749804
-5.18087,51,853.835432
-5.04,51,853.922196
-4.888641,52,854.011237
-4.285232,51,854.092538
-4.392426,51,854.176677
-3.832134,51,854.251054
-4.609403,51,854.344731
-4.801671,51,854.43973
-4.880347,51,854.538417
-4.291488,51,854.626569
-4.781042,51,854.721059
-4.15577,51,854.810396
-4.921356,51,854.904548
-4.690077,51,855.01818
-4.344049,51,855.107727
-4.663459,51,855.184874
-4.597153,51,855.257438
-4.863068,52,855.345524
-4.834377,52,855.421858
-4.31,51,855.52699
-5.304302,51,855.615535
-4.721883,51,855.717599
-5.030592,51,855.796941
-5.135849,51,860.558104
-4.155666,51,860.625151
-3.782392,51,860.702481
-4.460397,51,860.760482
-4.019604,51,860.825181
-4.675136,51,860.879339
-4.404221,51,860.928283
-4.540819,51,860.977508
-5.081165,51,861.026242
-4.77655,51,861.077386
-4.587456,51,861.132433
-4.957323,51,861.189383
-4.845817,51,861.244908
-4.193407,51,861.315391
-4.746494,51,861.3695
-5.165725,52,861.415806
-5.079409,51,861.480113
-4.686712,51,861.550582
-4.267499,51,861.607136
-4.533618,51,861.652169
-4.930865,51,861.69763
-4.58281,51,861.757822
-4.327632,51,861.827466
-5.007661,51,861.877365
-4.550236,51,861.928562
-4.349737,51,861.979051
-4.112196,52,862.027941
-5.229217,51,862.076635
-4.621936,52,862.124355
-4.470744,52,862.179249
-6.064177,51,862.229008
-3.771902,51,862.278276
-4.427557,52,862.3302
-4.502387,51,862.377393
-5.183932,52,862.431338
-4.62007,51,862.479624
-5.140098,51,862.527208
-4.684271,52,862.577256
-4.818689,51,862.62581
-4.342674,51,862.695058
-4.183164,51,866.651295
-4.956882,51,866.708264
-4.277423,52,866.772821
-4.103008,51,866.829223
-4.793343,51,866.889926
-4.673251,52,866.965165
-4.321607,51,867.025317
-4.686251,51,867.084121
-4.38327,51,867.134022
-4.379371,51,867.182561
-4.550772,51,867.232879
-4.74,51,867.283985
-3.533537,51,867.341089
-4.487511,51,867.390623
-4.346632,51,867.442139
-4.120105,51,867.495979
-4.706879,51,867.546293
-4.025073,51,867.597118
-4.705886,51,867.643186
-4.478579,51,867.690188
-4.164755,51,867.746231
-4.834017,51,867.809273
-4.810521,51,867.866223
-4.996246,51,867.919419
-4.88604,51,867.96854
-4.207063,51,868.022764
-4.852381,51,868.070598
-4.635204,51,868.126218
-4.626071,51,868.19321
-5.588422,51,868.253128
-4.702258,51,868.308835
-3.946105,51,868.384593
-4.63,51,868.473129
-4.697984,52,868.548896
-4.271231,51,868.623467
-4.386365,51,868.711262
-4.795175,51,868.808054
-4.275496,51,868.879171
-3.778231,51,868.95521
-4.510615,51,869.022118
-5.140154,51,873.736238
-4.345456,51,873.847011
-3.932512,51,873.970606
-4.742483,51,874.090433
-4.967951,52,874.149367
-4.594665,51,874.208751
-4.740948,51,874.282965
-4.548572,51,874.355763
-4.81328,51,874.4131
-3.975561,51,874.472489
-3.723613,51,874.525488
-3.67106,51,874.574897
-4.650996,51,874.624733
-3.752023,51,874.679504
-4.425811,52,874.742503
-4.321134,51,874.81553
-4.495815,51,874.890024
-4.008966,51,874.959355
-4.723695,51,875.015067
-5.370596,52,875.080644
-4.529352,51,875.135159
-4.173315,51,875.186253
-3.920004,51,875.24571
-4.737358,51,875.31745
-4.156742,52,875.388067
-3.617228,52,875.450629
-4.550142,51,875.520765
-4.497333,51,875.606348
-4.771088,51,875.676618
-4.580505,51,875.750623
-3.80213,51,875.805492
-4.249665,51,875.866079
-4.638152,51,875.935803
-4.538926,51,876.002938
-4.181425,51,876.061393
-4.661373,51,876.116327
-4.179137,52,876.168253
-4.699367,51,876.228079
-4.322627,52,876.283853
-4.26,51,876.348626
-4.085773,51,879.909476
-4.970241,51,879.975538
-4.485764,51,880.033417
-4.079128,51,880.089383
-3.951078,51,880.141849
-4.295698,51,880.200094
-4.705291,51,880.257275
-4.422201,51,880.325211
-3.959474,51,880.388623
-4.136299,51,880.433098
-4.059902,51,880.477076
-4.604923,51,880.525262
-4.049085,51,880.583772
-4.162916,51,880.639002
-3.727185,51,880.690947
-4.772381,51,880.736171
-4.709733,51,880.782851
-4.34695,52,880.845503
-4.053235,51,880.905548
-4.076211,51,880.961741
-4.513468,52,881.008885
-3.708058,51,881.055008
-4.842689,51,881.10629
-4.076576,51,881.199594
-4.683174,51,881.269396
-3.860093,51,881.329379
-4.280161,51,881.389539
-3.80034,51,881.455171
-4.469837,51,881.537729
-3.980807,51,881.60766
-5.104726,51,881.668732
-4.45,51,881.735608
-4.236912,51,881.818696
-4.357191,51,881.886768
-3.683919,51,881.954089
-3.890565,51,882.012854
-3.645217,51,882.067751
-4.286977,51,882.122036
-3.601594,51,882.173377
-4.077365,52,882.225518
-4.14912,51,886.587467
-4.063407,51,886.713444
-4.259966,51,886.865888
-4.121951,52,886.957947
-4.66,52,887.022032
-4.871997,51,887.123788
-4.194049,51,887.22816
-4.118093,51,887.335683
-3.767587,51,887.411967
-4.551365,52,887.718611
-3.685292,51,888.061995
-3.714287,51,888.236334
-4.496456,51,888.335525
-3.843895,52,888.440391
-4.069515,51,888.505888
-4.112609,51,888.576227
-3.936813,52,888.653713
-4.378079,51,888.745832
-3.446878,51,888.834295
-4.028331,51,888.899425
-4.803518,51,888.960848
-4.88,52,889.063229
-4.57568,51,889.234967
-3.832515,51,889.349562
-4.055692,52,889.439776
-4.478033,51,889.509888
-3.913535,51,889.590445
-3.854886,51,889.671936
-4.671529,51,889.747693
-3.789021,51,889.806805
-3.943564,51,889.872776
-4.496596,51,889.961628
-3.533679,52,890.04648
-3.807901,51,890.132571
-4.722959,51,890.19034
-3.98016,51,890.270587
-4.239622,51,890.358275
-4.074436,51,890.518146
-3.888794,51,890.677602
-4.908884,52,890.782394
-3.836226,51,895.491991
-3.679059,51,895.608658
-3.363268,51,895.706347
-4.53995,51,895.809931
-4.471278,51,895.925796
-3.580728,51,896.00193
-4.042705,52,896.063745
-4.491492,51,896.122144
-4.615472,51,896.194782
-3.994824,51,896.254001
-3.813237,51,896.340292
-3.434784,51,896.410766
-4.221576,51,896.498787
-4.340151,51,896.584253
-5.107676,52,896.6876
-4.168503,51,896.766863
-3.952151,51,896.832429
-4.121278,51,896.927407
-3.351316,51,896.997685
-3.650143,51,897.091047
-4.146107,51,897.160373
-4.132913,51,897.225086
-4.353024,51,897.2948
-3.768039,51,897.35421
-4.096776,51,897.441132
-4.757076,51,897.509769
-4.114751,51,897.586148
-4.181391,51,897.653758
-4.085184,51,897.707952
-4.162098,51,897.782701
-4.636067,51,897.860059
-4.253364,51,897.932094
-3.723362,51,898.000715
-4.781328,51,898.057132
-3.900222,51,898.133458
-4.034253,51,898.189595
-3.721039,51,898.255713
-4.695611,52,898.323372
-4.248112,51,898.386555
-3.904853,51,898.456937
-3.583241,51,902.330323
-3.774699,51,902.388231
-4.076558,51,902.448161
-4.278886,52,902.499946
-4.546833,51,902.546581
-3.49933,51,902.612337
-3.315977,51,902.675224
-5.001712,51,902.724117
-4.300758,52,902.7741
-3.073212,51,902.819425
-3.82,51,902.865494
-4.236791,51,902.925901
-4.038068,52,902.983848
-3.868672,51,903.039287
-4.27024,51,903.107925
-4.591309,51,903.187137
-4.743635,51,903.249288
-3.425121,51,903.336202
-4.31,51,903.434737
-4.045518,51,903.518964
-4.223453,51,903.591557
-4.08,51,903.688198
-3.914125,51,903.780351
-4.290067,52,903.86929
-3.97011,51,903.930333
-4.450625,51,903.980621
-3.862811,51,904.03001
-4.056807,51,904.095901
-4.071039,52,904.166434
-3.472059,51,904.220781
-4.05447,51,904.277424
-3.246446,52,904.329424
-3.927314,51,904.377601
-4.20568,51,904.424519
-4.119578,51,904.471082
-4.03,52,904.523879
-3.933573,52,904.587136
-4.312319,52,904.638929
-4.730779,51,904.690251
-4.158101,51,904.740671
-3.747177,51,908.410802
-3.62786,51,908.495031
-3.9393,51,908.560431
-4.046478,51,908.619183
-3.217636,51,908.681233
-3.584557,51,908.737491
-3.746189,52,908.78595
-4.137307,51,908.845413
-3.935164,51,908.919345
-3.52824,51,908.982273
-4.251717,52,909.037261
-3.320639,51,909.087491
-4.552269,51,909.136193
-4.823161,51,909.193179
-4.063178,51,909.26354
-4.20303,52,909.327829
-3.615677,51,909.377183
-4.108765,51,909.433323
-4.1,52,909.480196
-3.484575,51,909.521889
-3.559168,51,909.579391
-4.303762,51,909.639725
-3.797013,52,909.705682
-3.321482,51,909.777952
-4.478138,51,909.833095
-3.62663,52,909.885568
-4.347623,51,909.943441
-4.235483,51,910.024684
-3.74233,51,910.096745
-3.716086,51,910.162905
-3.690964,51,910.215741
-4.072784,51,910.266569
-3.737807,52,910.317668
-3.654137,51,910.379308
-3.609412,51,910.449783
-3.442573,51,910.515723
-3.207629,51,910.561423
-3.96977,51,910.606259
-4.022901,51,910.661702
-3.103773,51,910.735766
-3.593142,51,915.290144
-4.188425,51,915.352439
-3.848797,51,915.421685
-3.854498,51,915.504519
-2.960125,51,915.581427
-3.696975,51,915.643058
-3.566771,51,915.715942
-3.503276,51,915.813278
-3.864659,52,915.888441
-3.777861,51,915.967678
-3.509458,51,916.04042
-3.562372,51,916.182783
-3.637712,51,916.428358
-3.791755,51,916.514175
-4.218794,51,916.595795
-3.52025,51,916.657849
-3.367562,51,916.720907
-3.607811,51,916.778701
-4.365593,51,916.844451
-3.444225,51,916.923399
-4.16135,51,916.99773
-4.344611,51,917.062166
-3.361484,51,917.13216
-3.374362,51,917.186792
-3.17764,51,917.251862
-3.773798,51,917.31772
-4.162045,51,917.382936
-4.103772,51,917.44324
-3.577067,51,917.507362
-3.425405,51,917.565697
-3.097893,51,917.621255
-3.770739,52,917.687023
-3.911786,51,917.757424
-4.377928,52,917.816103
-3.570303,51,917.873295
-4.160812,51,917.921901
-4.290992,52,917.969597
-3.71288,51,918.016411
-3.143135,51,918.062353
-3.866928,52,918.109317
-3.142638,51,921.645178
-4.265352,51,921.707564
-3.78813,52,921.794418
-3.832302,51,921.874381
-3.475412,51,921.933031
-4.709383,51,921.981522
-3.381943,51,922.028679
-3.853663,51,922.077411
-3.986113,51,922.12477
-3.563016,51,922.172085
-3.563001,51,922.218927
-3.879746,51,922.267636
-2.779132,51,922.3168
-4.021885,51,922.363595
-3.279799,51,922.411155
-3.466514,52,922.459387
-4.093021,51,922.509053
-3.74373,51,922.557093
-3.878577,51,922.603004
-4.214416,51,922.651353
-3.358801,51,922.69832
-3.585785,51,922.747511
-3.571174,51,922.794661
-3.335309,51,922.848594
-3.160435,51,922.895999
-4.04469,51,922.944546
-3.699949,51,922.993759
-3.527179,51,923.042009
-4.149175,51,923.089089
-3.906365,51,923.137013
-3.930091,51,923.185191
-3.470084,51,923.231888
-4.204328,51,923.2821
-3.902752,51,923.329568
-3.653778,51,923.373455
-4.048486,51,923.418134
-3.59256,51,923.460729
-3.283071,51,923.50941
-4.057881,51,923.556399
-3.174232,51,923.603266
-3.609554,51,923.652321
-3.539918,51,927.121764
-3.409643,51,927.186136
-3.141305,51,927.242707
-3.530208,51,927.327158
-3.929059,51,927.408042
-3.100776,51,927.485241
-3.13655,51,927.543104
-3.288362,51,927.597482
-2.662977,51,927.652561
-3.81103,51,927.795698
-3.862615,51,927.930948
-2.931166,51,928.007761
-3.189513,51,928.05603
-3.78,51,928.149345
-3.356315,51,928.226041
-3.951675,51,928.318404
-3.712468,51,928.381068
-2.789802,51,928.442698
-3.990171,51,928.529103
-2.932018,51,928.6331
-3.752292,51,928.737251
-3.394836,52,928.815806
-3.575538,52,928.904124
-3.780028,51,928.985202
-3.764716,51,929.074371
-3.477134,51,929.146673
-2.490447,51,929.215117
-3.375117,51,929.291794
-3.328969,51,929.34671
-3.252228,51,929.419134
-3.603692,51,929.491919
-3.354512,51,929.567551
-3.256478,51,929.648474
-2.760157,51,929.707554
-3.547926,51,929.788815
-3.47587,51,929.852457
-3.015788,52,929.92229
-3.758713,51,929.987219
-3.945929,52,930.053797
-2.920689,51,930.103564
-3.645678,51,933.544908
-3.156103,51,933.666432
-4.099296,51,933.766825
-3.120276,52,933.843366
-3.677623,51,933.923523
-2.950289,51,934.016852
-3.887678,51,934.117317
-2.840023,51,934.22104
-4.040196,51,934.284994
-3.207337,51,934.35805
-3.125023,51,934.439195
-3.333161,51,934.540826
-3.448831,51,934.625257
-3.716393,51,934.717645
-3.005712,51,934.810903
-3.656698,51,934.909525
-3.519617,52,935.013956
-3.441046,51,935.112727
-3.564153,51,935.195
-2.746029,51,935.279072
-3.82134,51,935.37441
-3.27778,51,935.449438
-2.960989,51,935.542698
-3.887583,51,935.636477
-3.820416,51,935.731188
-3.038585,51,935.824965
-3.664705,52,935.920527
-3.50605,51,936.001441
-3.282435,52,936.085112
-2.991474,51,936.163088
-3.586716,51,936.237066
-3.523649,51,936.30339
-3.20343,51,936.389966
-3.675096,51,936.458509
-3.380472,51,936.542039
-2.940507,51,936.616073
-2.977277,51,936.674277
-3.604725,51,936.749783
-4.226932,51,936.810481
-3.089288,51,936.885653
-3.211074,52,940.647048
-3.757357,51,940.74644
-3.123858,51,940.825308
-3.391402,51,940.907245
-3.593761,51,941.0027
-3.527246,52,941.090169
-3.648367,51,941.156936
-3.428495,51,941.213362
-3.512229,51,941.281838
-3.769389,51,941.356909
-3.184542,52,941.425067
-3.321636,52,941.481772
-3.392527,51,941.540061
-3.313066,51,941.608062
-3.637083,51,941.681107
-3.136255,51,941.756293
-3.726244,51,941.813918
-2.841601,51,941.898831
-3.50771,51,941.992123
-3.879667,51,942.084165
-2.841168,52,942.159413
-3.152788,52,942.229321
-3.502045,51,942.304608
-3.749534,51,942.381973
-3.432211,51,942.465797
-3.45646,51,942.535952
-3.578827,51,942.610764
-3.457642,52,942.688472
-3.436366,51,942.7525
-2.758353,51,942.820356
-3.336105,51,942.881519
-2.840362,51,942.941299
-2.99584,51,943.012858
-4.501039,51,943.092641
-3.48621,51,943.171907
-2.563943,51,943.236083
-3.138929,51,943.326643
-2.832507,51,943.409049
-2.695826,51,943.488864
-3.608295,51,943.549656
-3.021771,51,946.837497
-3.728919,51,946.881143
-3.400885,51,946.936738
-3.913304,51,947.005243
-2.810196,51,947.058238
-2.656806,51,947.109574
-3.009261,51,947.157637
-3.471973,51,947.203781
-4.034693,52,947.255265
-2.802048,51,947.30159
-3.459911,52,947.352926
-3.62943,51,947.399313
-2.995549,51,947.449172
-3.532676,52,947.502598
-3.049873,52,947.551787
-2.589037,51,947.601833
-3.631323,51,947.649751
-3.05133,51,947.695242
-3.44314,51,947.748289
-3.090152,51,947.807951
-3.292882,51,947.870283
-3.198445,51,947.916492
-3.545314,51,947.965757
-4.010079,51,948.015184
-3.645276,51,948.06068
-3.647132,51,948.109718
-3.114792,51,948.156537
-2.865473,51,948.209536
-3.755856,51,948.268003
-3.465998,51,948.319296
-3.163201,51,948.367518
-3.580224,51,948.41442
-2.821068,51,948.461814
-3.360978,51,948.508913
-3.864692,51,948.555257
-3.65872,51,948.602243
-3.280179,51,948.650873
-2.660422,51,948.700129
-2.909925,51,948.746689
-3.278661,51,948.79174
-3.356367,51,952.150275
-3.079012,52,952.201849
-2.612044,51,952.263234
-2.937455,51,952.308617
-2.836196,51,952.353068
-3.776306,52,952.401391
-2.871101,51,952.458605
-2.92841,51,952.514788
-3.775809,51,952.565329
-3.941207,52,952.609388
-2.569773,51,952.654455
-2.697595,51,952.71547
-3.359205,51,952.767844
-2.676618,51,952.815324
-3.342373,51,952.864814
-2.858907,51,952.910816
-3.15733,51,952.958496
-3.033465,51,953.006055
-2.981643,51,953.052575
-3.203851,51,953.102654
-2.749909,51,953.152102
-2.909554,51,953.199433
-3.936168,51,953.246061
-3.363437,51,953.29222
-3.035159,52,953.34293
-2.628254,51,953.395806
-3.38287,51,953.442039
-2.88987,51,953.493067
-3.09795,51,953.538778
-3.277474,52,953.591199
-2.734492,51,953.651435
-3.306841,51,953.710928
-3.18123,51,953.763803
-2.796171,52,953.8188
-3.312618,51,953.864695
-3.080802,51,953.911924
-3.966316,52,953.974963
-2.957182,51,954.331957
-2.774604,51,954.487336
-3.51159,51,954.563358
-3.778208,51,958.496886
-3.212972,52,958.555743
-3.609802,51,958.608845
-3.81315,51,958.664999
-3.443466,51,958.721742
-3.346574,51,958.789084
-3.039686,51,958.839764
-3.128792,51,958.892459
-3.609121,51,958.940858
-2.711182,51,958.987898
-3.328396,51,959.037867
-2.905778,51,959.083616
-3.986124,52,959.135281
-2.957484,52,959.186779
-2.819218,52,959.234247
-2.659902,51,959.282004
-2.848455,51,959.327887
-2.794479,51,959.377539
-2.592489,51,959.428365
-3.016246,52,959.476466
-2.638057,51,959.525309
-3.162066,51,959.571424
-2.585802,51,959.623634
-2.917728,51,959.681437
-3.322854,51,959.734266
-2.958223,51,959.78753
-2.906332,51,959.83358
-3.009892,52,959.884564
-3.823729,51,959.961643
-2.714735,51,960.024534
-2.611312,51,960.080118
-2.658223,51,960.130485
-2.700234,51,960.178475
-3.382837,51,960.243146
-2.919048,51,960.297454
-3.203428,51,960.35152
-3.0304,52,960.398085
-3.286221,51,960.563165
-2.495278,51,960.654093
-3.23834,51,960.710728
-3.21536,51,964.282667
-2.892288,51,964.409696
-2.921967,51,964.536379
-2.773003,51,964.655701
-2.742153,51,964.782372
-2.833472,52,964.844046
-2.674414,51,964.890525
-2.604424,51,964.942016
-3.060513,51,965.005862
-3.182142,51,965.063805
-3.733471,51,965.110693
-3.557514,51,965.169552
-3.305539,51,965.221452
-2.84019,52,965.269795
-2.89759,51,965.317153
-2.84156,51,965.363468
-3.036856,51,965.41219
-3.266697,51,965.460499
-2.608804,51,965.509773
-4.115597,51,965.558885
-3.039953,51,965.611015
-3.247759,51,965.654741
-3.255633,51,965.695544
-3.502637,51,965.747964
-2.851538,51,965.808093
-2.997292,51,965.858533
-3.39986,51,965.906929
-2.735532,51,965.95681
-3.061182,51,966.003107
-3.075071,51,966.055191
-2.554092,51,966.109665
-2.753939,51,966.176164
-3.013842,52,966.244707
-2.469965,51,966.303031
-2.952582,51,966.368279
-2.940273,51,966.433289
-2.770144,51,966.476685
-3.377879,51,966.530792
-3.233951,51,966.592647
-2.841755,51,966.643159
-2.306307,51,970.169392
-2.73503,51,970.231888
-3.098541,51,970.306683
-2.422216,52,970.502629
-2.73152,51,970.580532
-2.86262,51,970.653682
-2.91129,51,970.715275
-3.273684,51,970.79736
-2.896958,51,970.889553
-3.285256,51,970.948199
-2.935804,51,971.00703
-2.558078,51,971.072413
-2.697033,51,971.14077
-3.403363,51,971.211578
-2.911885,51,971.268094
-2.673315,51,971.330152
-2.207942,52,971.400834
-3.10715,51,971.466214
-2.984261,51,971.551508
-2.573376,51,971.60988
-2.532122,51,971.680762
-2.820041,51,971.761966
-2.63702,51,971.855601
-2.75996,51,972.006954
-3.041072,51,972.098321
-2.134723,51,972.186575
-2.800615,51,972.242008
-2.831692,51,972.317035
-3.704487,51,972.378756
-3.202102,51,972.436988
-2.95084,51,972.489057
-2.931803,51,972.537646
-3.093316,52,972.60065
-3.116079,52,972.699398
-3.40205,52,972.781004
-3.152858,51,972.841374
-2.801108,52,972.89136
-3.165526,51,972.974714
-2.826201,51,973.057339
-2.583537,52,973.124959
-3.026174,51,977.064295
-2.533963,51,977.179512
-2.616992,51,977.262564
-2.685159,52,977.357058
-2.073284,51,977.407407
-3.07099,51,977.470688
-2.660856,51,977.555818
-2.656553,51,977.651933
-2.404175,51,977.736532
-3.484611,52,977.799357
-2.64421,51,977.861434
-2.790118,51,977.939235
-2.840372,51,978.008636
-2.723337,51,978.089913
-2.473066,51,978.151314
-2.480355,51,978.226028
-2.561188,51,978.299402
-2.697713,51,978.361219
-2.787145,52,978.425149
-2.95937,51,978.479595
-2.740977,51,978.543521
-3.459774,51,978.606584
-2.621617,51,978.657474
-2.763533,51,978.731782
-2.515438,51,978.795133
-2.484064,51,978.855319
-3.205317,51,978.919712
-2.605033,51,978.975054
-3.05363,51,979.038062
-2.555278,52,979.105188
-2.462003,51,979.168293
-2.338179,51,979.267477
-3.343378,51,979.32718
-2.978299,51,979.401455
-2.630842,51,979.468594
-3.042538,51,979.530184
-2.774929,51,979.594598
-3.28459,51,979.660091
-2.775936,51,979.711936
-3.161012,52,979.764974
-2.995715,51,983.896785
-2.377415,52,984.000907
-2.764046,52,984.105874
-3.089469,51,984.16964
-2.918794,51,984.251248
-2.70037,51,984.325104
-2.899624,51,984.402364
-3.155311,52,984.480236
-2.777185,51,984.557818
-2.82273,51,984.648739
-3.761023,51,984.732289
-2.761325,51,984.832406
-3.027407,51,984.92318
-3.377845,52,985.010824
-2.752529,52,985.082785
-2.627243,51,985.149513
-3.102968,51,985.229623
-2.784235,52,985.317477
-2.475029,51,985.386755
-2.362906,51,985.453173
-3.175897,51,985.510689
-3.629293,51,985.569119
-2.985321,51,985.626925
-2.58208,51,985.679846
-2.632114,52,985.730762
-2.948568,51,985.780315
-2.535453,51,985.830671
-2.973718,51,985.881514
-2.719229,51,985.935707
-2.823219,51,985.987328
-3.23648,51,986.033286
-3.04943,51,986.083074
-3.052826,51,986.129207
-3.402893,51,986.181438
-2.473439,51,986.240716
-2.200062,51,986.296232
-2.951436,51,986.356919
-3.005733,51,986.400846
-2.274236,51,986.443317
-2.376981,51,986.505081
-2.870218,51,989.866591
-2.841797,51,989.927622
-3.050073,51,989.986463
-2.613223,52,990.043646
-2.874513,51,990.099131
-3.272141,51,990.19084
-2.379772,51,990.267358
-2.574802,51,990.332488
-2.480615,51,990.390497
-2.849612,51,990.436815
-2.631837,51,990.50581
-2.78555,51,990.568926
-3.205712,51,990.620396
-3.617571,51,990.680768
-2.603871,51,990.731269
-3.016274,51,990.787701
-2.730659,52,990.854584
-2.139233,51,990.914827
-3.234604,51,990.98181
-3.037156,51,991.047909
-2.178323,51,991.103919
-2.49243,51,991.172311
-2.300029,52,991.24272
-2.747896,51,991.32116
-2.846904,51,991.389859
-2.849671,51,991.457939
-3.071458,51,991.536659
-2.738167,52,991.612224
-2.17451,51,991.680411
-3.507503,51,991.746501
-2.83063,51,991.814383
-2.337782,51,991.894614
-3.583638,52,991.964128
-2.622995,51,992.027837
-2.28287,51,992.085176
-3.032991,51,992.132177
-2.743659,52,992.182055
-2.476232,51,992.2327
-2.367148,52,992.28475
-2.944359,51,992.340619
-3.486152,51,995.308194
-2.62169,51,995.368342
-2.671879,51,995.429498
-2.749055,51,995.479865
-3.015687,51,995.531916
-2.893872,51,995.585475
-2.66774,51,995.698233
-2.743892,51,995.925025
-2.555709,51,996.206916
-2.849858,51,996.296657
-2.800701,52,996.362387
-2.46412,51,996.421923
-2.934142,51,996.513074
-2.583868,51,996.617291
-2.514099,52,996.709546
-2.635825,51,996.816799
-2.79818,51,996.907889
-2.092329,52,996.99314
-2.616759,51,997.086258
-3.015011,51,997.308725
-2.815921,51,997.439323
-2.531178,51,997.51889
-3.483396,51,997.625627
-2.620307,52,997.755719
-2.333158,51,997.855403
-2.746574,51,997.95104
-2.85129,52,998.082334
-3.671814,52,998.166388
-3.009902,51,998.225984
-1.822018,51,998.284029
-2.826729,51,998.35282
-2.461728,51,998.431733
-3.177545,51,998.567546
-2.260296,51,998.741026
-2.079987,51,998.848806
-3.13672,51,998.925416
-2.621973,52,999.026817
-2.504267,51,999.092952
-2.192501,51,999.182283
-2.882964,52,999.27338
-2.477296,52,1002.846149
-2.741011,51,1002.93422
-2.695477,51,1002.984015
-2.82727,52,1003.054342
-2.462441,51,1003.139486
-2.482892,52,1003.223965
-2.739064,51,1003.295423
-2.751002,51,1003.352584
-2.195312,51,1003.40728
-2.398173,51,1003.459011
-2.745753,51,1003.506576
-2.214652,51,1003.554751
-2.366697,51,1003.604687
-2.610196,52,1003.65079
-2.079121,51,1003.704871
-2.47878,51,1003.785643
-2.572551,51,1003.85819
-2.138688,51,1003.922879
-2.809321,51,1003.984535
-2.558781,51,1004.044011
-2.50828,52,1004.095652
-2.312004,51,1004.142625
-2.542133,51,1004.19004
-2.399033,51,1004.237634
-2.490202,51,1004.287111
-2.765758,51,1004.333543
-2.254702,51,1004.379286
-3.438819,51,1004.426147
-2.45475,51,1004.472826
-2.291281,52,1004.520327
-2.970616,51,1004.568123
-2.550154,52,1004.628041
-2.530219,51,1004.674898
-2.334807,52,1004.788408
-2.496121,51,1004.849838
-2.545726,51,1004.913505
-2.239513,51,1004.980361
-2.222936,51,1005.072517
-2.909024,51,1005.14097
-3.156663,51,1005.201073
-2.628196,51,1010.545425
-2.78998,52,1010.652725
-2.159196,51,1010.7414
-2.512883,51,1010.829669
-2.478238,52,1010.892707
-2.190121,51,1010.950909
-2.319673,51,1011.017989
-3.402206,51,1011.109142
-2.301004,51,1011.237412
-2.033217,52,1011.337405
-2.452631,51,1011.405858
-2.079165,52,1011.500935
-2.051916,51,1011.587992
-2.644127,51,1011.686506
-2.136526,51,1011.741099
-2.498847,51,1011.792349
-2.468591,52,1011.868341
-2.151509,52,1011.941628
-2.317783,52,1012.024093
-2.530381,51,1012.111083
-1.893141,51,1012.196504
-2.62818,51,1012.301169
-2.270881,52,1012.406477
-3.018693,51,1012.475341
-2.939997,51,1012.537391
-1.933027,52,1012.615118
-2.420791,51,1012.699487
-2.227555,51,1012.774822
-2.823368,51,1012.826577
-2.653368,51,1012.907158
-1.984353,51,1013.016752
-2.648938,51,1013.110731
-2.238117,51,1013.172467
-2.577654,51,1013.241559
-2.709249,51,1013.31112
-2.204722,51,1013.41133
-2.577926,51,1013.50158
-2.236199,51,1013.577227
-2.30352,51,1013.667531
-2.612793,51,1013.739308
-2.317647,51,1018.13883
-1.970092,51,1018.274342
-2.844955,51,1018.360592
-2.073185,51,1018.424511
-2.189699,51,1018.500249
-2.757885,51,1018.563332
-2.599879,52,1018.611445
-2.942697,51,1018.685319
-2.617315,51,1018.754385
-2.576576,51,1018.821948
-2.432194,51,1018.889088
-2.485742,51,1018.950443
-2.376763,51,1019.033944
-2.101141,51,1019.099878
-2.021925,52,1019.182086
-2.386741,51,1019.254149
-2.512936,51,1019.322505
-2.639443,51,1019.395825
-2.331858,51,1019.459287
-1.984668,51,1019.542919
-2.775605,51,1019.598471
-2.255215,51,1019.69132
-1.987001,51,1019.786708
-2.266931,51,1019.875129
-2.397434,52,1019.963348
-2.483255,51,1020.055693
-2.032061,51,1020.143604
-2.12435,51,1020.225494
-2.769373,51,1020.30968
-2.551384,51,1020.395428
-2.300801,51,1020.465199
-1.897254,51,1020.51889
-2.12048,51,1020.65626
-2.760932,51,1020.739121
-2.915151,51,1020.814335
-2.007561,51,1020.892265
-2.330393,51,1020.961029
-2.150651,52,1021.040318
-2.277676,51,1021.104157
-2.243994,51,1021.185898
-2.555959,52,1025.430919
-3.143788,51,1025.501754
-1.980507,51,1025.562191
-2.27065,51,1025.613407
-2.1433,51,1025.668289
-1.945624,51,1025.739682
-2.601797,52,1025.826109
-2.169737,51,1025.891693
-2.476234,51,1025.94755
-2.193144,51,1026.014218
-2.34675,51,1026.101699
-2.11498,51,1026.191748
-2.522506,51,1026.251929
-2.796345,51,1026.314905
-2.655125,52,1026.392583
-2.196457,51,1026.449319
-2.175935,51,1026.531085
-2.430076,51,1026.591786
-2.936822,51,1026.646394
-2.388855,51,1026.726928
-1.905956,51,1026.788338
-1.86818,51,1026.877502
-2.161184,51,1027.025791
-2.346332,51,1027.108199
-2.277816,52,1027.207167
-2.418855,51,1027.326142
-2.408585,51,1027.419241
-2.851818,51,1027.490158
-2.585758,51,1027.572079
-1.878646,51,1027.662887
-2.009807,51,1027.75396
-2.24758,51,1027.83393
-2.665462,51,1027.918948
-2.763739,51,1027.995018
-2.318846,51,1028.05319
-2.891068,52,1028.115143
-2.393498,51,1028.178846
-2.41169,51,1028.231864
-2.397933,51,1028.300464
-2.898506,52,1028.395714
-3.465206,51,1032.018608
-2.052046,51,1032.102386
-2.63497,52,1032.204858
-2.568949,51,1032.251835
-2.059311,51,1032.296796
-2.148151,51,1032.345524
-2.44456,51,1032.402695
-2.769559,51,1032.455307
-2.757774,51,1032.50368
-2.408434,52,1032.5542
-2.317744,52,1032.597314
-2.384931,51,1032.638017
-2.506788,52,1032.692346
-2.513612,51,1032.751455
-2.289841,51,1032.79784
-2.156136,51,1032.848752
-2.656254,51,1032.895845
-2.187535,51,1032.940079
-2.325577,51,1032.986191
-2.559648,51,1033.038495
-2.688419,51,1033.08978
-2.500057,51,1033.133332
-2.324022,51,1033.182786
-2.180029,51,1033.236303
-2.897427,51,1033.277186
-2.671582,52,1033.320193
-2.542838,52,1033.365683
-2.70812,51,1033.425304
-2.447508,51,1033.478475
-2.33039,51,1033.530425
-2.444665,51,1033.573663
-2.300221,51,1033.615335
-2.207597,51,1033.65978
-2.524888,51,1033.702016
-2.626171,51,1033.753255
-2.269106,51,1033.816364
-2.582283,51,1033.871512
-2.113947,51,1033.925253
-2.167924,51,1033.966635
-3.017833,51,1034.010917
-2.730112,51,1037.484518
-2.713041,52,1037.546589
-2.381932,51,1037.601959
-2.833175,51,1037.661019
-2.276213,51,1037.736435
-1.84846,51,1037.801454
-2.756629,51,1037.858031
-2.13482,51,1037.911363
-2.074351,51,1037.967258
-2.2027,51,1038.01391
-1.940896,51,1038.063627
-2.487939,52,1038.118108
-2.322676,51,1038.165004
-2.197621,51,1038.214857
-2.213666,51,1038.269183
-2.010334,51,1038.323956
-2.140174,51,1038.37951
-2.069928,52,1038.432675
-2.158875,51,1038.478608
-2.144635,51,1038.525871
-2.393657,51,1038.575862
-2.086772,51,1038.627366
-1.976782,51,1038.683741
-1.997931,51,1038.743883
-1.908246,51,1038.793683
-2.082071,52,1038.840875
-2.581186,51,1038.882298
-1.832423,52,1038.921113
-2.097243,51,1038.962818
-2.145412,51,1039.004526
-1.954463,52,1039.054792
-2.597114,51,1039.099563
-2.778742,51,1039.146107
-2.272653,51,1039.202561
-2.253976,51,1039.255168
-2.414847,51,1039.315441
-2.794322,51,1039.372143
-2.51903,51,1039.421867
-2.561802,51,1039.48483
-2.565475,51,1039.557702
-2.340865,51,1043.056823
-2.00362,51,1043.161139
-1.830053,51,1043.227406
-1.983241,51,1043.274198
-2.584677,51,1043.331916
-2.631534,51,1043.402032
-2.33,52,1043.454508
-2.181937,51,1043.50615
-2.518802,51,1043.552924
-1.868325,51,1043.609904
-1.969376,52,1043.67968
-2.352489,51,1043.738675
-2.541639,52,1043.790924
-2.048188,51,1043.838362
-1.904675,51,1043.885308
-2.689451,51,1043.932938
-2.16425,52,1043.980422
-2.281902,51,1044.030816
-2.407712,51,1044.08569
-2.050615,51,1044.141859
-2.597748,51,1044.202533
-2.367135,51,1044.253678
-2.323836,51,1044.30687
-2.805519,51,1044.365444
-2.76644,51,1044.424317
-1.85013,51,1044.480731
-2.408651,52,1044.529248
-2.508491,51,1044.573479
-2.591138,51,1044.624334
-2.601776,51,1044.684972
-2.197594,51,1044.746241
-2.391935,51,1044.796625
-2.018652,51,1044.852714
-2.288683,52,1044.902482
-2.388119,51,1044.955495
-1.929121,52,1045.013732
-2.301711,51,1045.073311
-2.299355,51,1045.132524
-2.541794,51,1045.18932
-2.071619,52,1045.24593
-2.165368,51,1049.395828
-2.168276,51,1049.472552
-2.444514,52,1049.546085
-1.776429,52,1049.610833
-1.992175,51,1049.683593
-2.250814,51,1049.738061
-2.334426,51,1049.816397
-1.727619,51,1049.878751
-2.026556,51,1049.947398
-2.159256,52,1050.021348
-1.687579,51,1050.081611
-2.809465,51,1050.147476
-2.213821,51,1050.215056
-2.305437,51,1050.297153
-2.246107,51,1050.355366
-1.998164,51,1050.401749
-2.1393,51,1050.475818
-2.167722,51,1050.557604
-2.59565,51,1050.70235
-2.175713,51,1050.881026
-2.245734,51,1050.983141
-2.068928,51,1051.084613
-2.557734,51,1051.183256
-2.065639,51,1051.257874
-2.148311,51,1051.364696
-1.829452,52,1051.468995
-2.579648,51,1051.548916
-1.799698,51,1051.636091
-2.191519,51,1051.709063
-2.161005,51,1051.775386
-1.815002,51,1051.86156
-2.423716,52,1051.933128
-2.156543,51,1052.051949
-2.472472,52,1052.172885
-2.38249,51,1052.286314
-1.988762,51,1052.397512
-2.196773,51,1052.498979
-2.81592,52,1052.613332
-2.65876,51,1052.710792
-2.200335,51,1052.798374
-2.1122,51,1057.051862
-1.876817,51,1057.140051
-2.163726,51,1057.203232
-2.192044,51,1057.273013
-2.34343,51,1057.36001
-2.490389,51,1057.440307
-1.842991,51,1057.49712
-2.040925,51,1057.55497
-2.282925,51,1057.610368
-2.124892,51,1057.680426
-2.670464,51,1057.759797
-1.814825,51,1057.829875
-2.100912,51,1057.893995
-2.458203,52,1057.9673
-2.56487,51,1058.044284
-2.244424,51,1058.1334
-2.489312,51,1058.201779
-1.95136,51,1058.257168
-2.090329,51,1058.337989
-2.386371,51,1058.416444
-2.009566,51,1058.513214
-2.464528,52,1058.581383
-1.942283,51,1058.662724
-2.301871,51,1058.746873
-1.958167,51,1058.824372
-2.375807,51,1058.901103
-2.324653,51,1058.968744
-2.271188,51,1059.025788
-2.497071,52,1059.081866
-2.585896,52,1059.170449
-2.126139,51,1059.237691
-2.792748,51,1059.306525
-1.913192,51,1059.360765
-2.253825,51,1059.440589
-1.996106,51,1059.552918
-2.441655,51,1059.656303
-2.300738,51,1059.751411
-2.453861,52,1059.851627
-2.265981,52,1059.930315
-2.103789,51,1060.019453
-2.068326,51,1063.692409
-1.98307,51,1063.776638
-1.857418,51,1063.8487
-2.35868,51,1063.917754
-2.308567,51,1063.986566
-1.96402,51,1064.040972
-1.798657,51,1064.092108
-1.794317,51,1064.164463
-1.959735,51,1064.235636
-2.256269,51,1064.300883
-2.404494,51,1064.350668
-2.447015,51,1064.399979
-1.631192,51,1064.481883
-2.124058,52,1064.549147
-1.967848,51,1064.627135
-2.171986,51,1064.683613
-1.752626,51,1064.734296
-2.071555,51,1064.81609
-2.086983,51,1064.875838
-1.83823,52,1064.94203
-2.237876,51,1065.018542
-2.191915,52,1065.083046
-2.363131,52,1065.153718
-1.984675,51,1065.213233
-2.198635,51,1065.267527
-2.31132,51,1065.33415
-2.076446,51,1065.402397
-2.01575,52,1065.479758
-2.128438,51,1065.536774
-2.204833,51,1065.582648
-2.272354,51,1065.647701
-1.792426,51,1065.713706
-1.994557,51,1065.774973
-2.061679,51,1065.857231
-1.933839,51,1065.934056
-2.457708,51,1066.021558
-2.261594,51,1066.076954
-1.910818,51,1066.144586
-2.409513,51,1066.218768
-2.143021,51,1066.29164
-2.230807,51,1072.001264
-1.889341,52,1072.052913
-1.648124,51,1072.109555
-1.862695,51,1072.172491
-2.008415,51,1072.22222
-2.076782,51,1072.271963
-2.167242,51,1072.316582
-1.988972,51,1072.364909
-2.31957,51,1072.4157
-1.997309,51,1072.475336
-2.384423,51,1072.529001
-1.931606,51,1072.575808
-2.490835,51,1072.624375
-2.069258,51,1072.670581
-2.099709,51,1072.717345
-1.643637,51,1072.764305
-1.669007,51,1072.811371
-2.278445,51,1072.874148
-2.117997,51,1072.928322
-2.259056,52,1072.979836
-2.140946,51,1073.026596
-2.4252,51,1073.073856
-1.719342,51,1073.120266
-2.176088,52,1073.168293
-2.22568,51,1073.213674
-2.231106,51,1073.263143
-2.123665,51,1073.318123
-2.349486,51,1073.372821
-1.920355,51,1073.41958
-2.105015,52,1073.470559
-2.377086,51,1073.515167
-1.594216,51,1073.568421
-2.10221,51,1073.631582
-1.943627,51,1073.692763
-2.221554,51,1073.749102
-2.002576,51,1073.79121
-2.036417,52,1073.834956
-2.66356,51,1073.884408
-2.609297,51,1073.948629
-2.424224,51,1074.002141
-1.864392,51,1077.639582
-1.941761,51,1077.689217
-1.967104,51,1077.753483
-2.016273,51,1077.809003
-1.778264,51,1077.856835
-2.034577,51,1077.90654
-2.31917,52,1077.953247
-2.509674,51,1078.008195
-2.095984,51,1078.06982
-2.247094,51,1078.130124
-1.869259,51,1078.18088
-2.38995,51,1078.233484
-2.611129,52,1078.287301
-2.137793,51,1078.331444
-1.865588,51,1078.384644
-2.403352,51,1078.446564
-2.040868,51,1078.503464
-1.910306,51,1078.559218
-1.734377,51,1078.611498
-1.954332,51,1078.666515
-2.108343,51,1078.721874
-1.875749,51,1078.851104
-1.690121,51,1078.929234
-2.124949,51,1078.984277
-2.863525,51,1079.036579
-1.839894,51,1079.081605
-2.25593,51,1079.146708
-2.334165,52,1079.216596
-1.963174,51,1079.283388
-2.163458,51,1079.333797
-2.021761,52,1079.391411
-2.491236,52,1079.464581
-2.013613,52,1079.535466
-2.037173,51,1079.590289
-2.208606,51,1079.648979
-1.839509,51,1079.698603
-2.839728,51,1079.747716
-2.276797,51,1079.798681
-1.928266,52,1079.862719
-1.934099,51,1079.919855
-2.112793,52,1083.54481
-2.220928,52,1083.588898
-2.096793,51,1083.641857
-2.455802,52,1083.704162
-2.160735,51,1083.75973
-1.735467,51,1083.807215
-2.147861,51,1083.854228
-2.472715,51,1083.901086
-2.340338,51,1083.949413
-1.952339,51,1084.001709
-1.754589,52,1084.05925
-2.150977,51,1084.113989
-2.600313,51,1084.16586
-2.611272,51,1084.2091
-2.075045,51,1084.250898
-1.8503,51,1084.303675
-1.612472,51,1084.366948
-1.593195,51,1084.41304
-2.185197,51,1084.464694
-1.922163,51,1084.511818
-1.733988,51,1084.557443
-2.307523,52,1084.60637
-1.797816,51,1084.652777
-2.285076,51,1084.699573
-2.077815,52,1084.748672
-2.200458,51,1084.798371
-2.366865,51,1084.851105
-1.7891,51,1084.897311
-1.830532,51,1084.946804
-1.999562,51,1084.992965
-2.295798,51,1085.039414
-1.93859,52,1085.087376
-2.171049,51,1085.135111
-1.821007,52,1085.184323
-1.866158,51,1085.232382
-2.180159,51,1085.280896
-1.843547,51,1085.326407
-1.715236,51,1085.381063
-2.381143,51,1085.431869
-2.503354,51,1085.481408
-2.168629,51,1088.441503
-2.042325,51,1088.496853
-2.78714,51,1088.541388
-2.410012,51,1088.584682
-2.171014,51,1088.636585
-1.852266,52,1088.697576
-2.281319,51,1088.759986
-2.318015,51,1088.80509
-2.049054,51,1088.849297
-1.968337,52,1088.903583
-2.294416,52,1088.969312
-2.669921,52,1089.024498
-2.272881,51,1089.081449
-1.816812,51,1089.135561
-2.119673,51,1089.182276
-2.017551,51,1089.234162
-2.146155,51,1089.282931
-1.786726,51,1089.347161
-2.327285,51,1089.418757
-2.111405,51,1089.472117
-1.833478,51,1089.522625
-2.245873,51,1089.569199
-2.589171,51,1089.620718
-1.964288,51,1089.680237
-2.316028,51,1089.739542
-1.978163,51,1089.793564
-2.197788,51,1089.841816
-2.160695,51,1089.888813
-2.406227,51,1089.935935
-1.939834,51,1089.982735
-2.894068,51,1090.028821
-2.254358,52,1090.076509
-2.142637,51,1090.127994
-1.97468,51,1090.17789
-2.227461,51,1090.224268
-2.493551,51,1090.271285
-2.064381,51,1090.316541
-2.280065,51,1090.365645
-2.166191,51,1090.413281
-2.450434,51,1090.458331
-1.776026,52,1094.449001
-2.350995,52,1094.521527
-1.921638,51,1094.57368
-2.507471,51,1094.623667
-2.177283,51,1094.68273
-2.537264,51,1094.754411
-1.943084,51,1094.831797
-1.979278,52,1094.888824
-2.180923,51,1094.942967
-2.342079,51,1095.01257
-2.085746,51,1095.072652
-1.455139,51,1095.156029
-2.399414,52,1095.215186
-2.84915,51,1095.263426
-1.752087,51,1095.334135
-1.977979,51,1095.398332
-1.753977,51,1095.462721
-2.072812,51,1095.525101
-1.828879,51,1095.58146
-1.777855,51,1095.665323
-1.777675,51,1095.735953
-2.390382,52,1095.79998
-2.213062,52,1095.872186
-2.6556,52,1095.929753
-2.416475,52,1095.981199
-1.686945,52,1096.050512
-1.926652,51,1096.104937
-2.352449,51,1096.178204
-1.895983,52,1096.234811
-2.072603,51,1096.285903
-2.060658,51,1096.363007
-1.648819,51,1096.422755
-2.220594,51,1096.487069
-1.824411,51,1096.55338
-1.688751,51,1096.607454
-1.678411,51,1096.691773
-2.13942,51,1096.765453
-1.784212,51,1096.850015
-2.320822,52,1096.926201
-2.021076,51,1097.012636
-1.547836,51,1101.525295
-1.953741,51,1101.621403
-2.093179,52,1101.684298
-2.00834,51,1101.740696
-1.633722,51,1101.809853
-2.226707,51,1101.888445
-1.923286,51,1101.981934
-1.799601,51,1102.052945
-1.432263,51,1102.115803
-2.200605,51,1102.199931
-2.154051,52,1102.275281
-1.760984,51,1102.338189
-1.802287,51,1102.389954
-2.316301,51,1102.435504
-2.010673,51,1102.50394
-2.260705,51,1102.568849
-2.320466,51,1102.639676
-1.946605,51,1102.704857
-1.86689,51,1102.755651
-1.590253,51,1102.808024
-2.060811,51,1102.866506
-1.900356,51,1102.938837
-2.1745,52,1102.999927
-2.146289,51,1103.051219
-1.988583,51,1103.103951
-2.072019,51,1103.147939
-2.141101,51,1103.205811
-2.041782,51,1103.268162
-1.966943,51,1103.336792
-1.633229,51,1103.388197
-1.730098,52,1103.440263
-1.962627,51,1103.559156
-1.777771,51,1103.711819
-2.604653,51,1103.785487
-2.79829,51,1103.845883
-1.582559,51,1103.901853
-1.877786,51,1103.965476
-2.157646,51,1104.080879
-1.751961,51,1104.200317
-1.729474,51,1104.26029
-2.26956,51,1104.319483
-2.104839,51,1107.976045
-1.886621,52,1108.039092
-1.759591,51,1108.090935
-1.869772,51,1108.141015
-2.134667,51,1108.206478
-1.753276,51,1108.277636
-1.880185,51,1108.334616
-1.730685,51,1108.389357
-1.888807,51,1108.440153
-1.794892,51,1108.506516
-2.065105,51,1108.569495
-1.954141,51,1108.641534
-2.133427,51,1108.69948
-1.596949,51,1108.754788
-1.845006,51,1108.804639
-2.134442,51,1108.850005
-1.878971,51,1108.916026
-2.026295,51,1108.981056
-2.294259,52,1109.028507
-1.540394,51,1109.081237
-1.893972,51,1109.155154
-1.366226,51,1109.220151
-1.729257,51,1109.295778
-1.854738,51,1109.354288
-1.708117,52,1109.410373
-1.815399,51,1109.48605
-2.953943,51,1109.542613
-1.743017,51,1109.621472
-2.127407,51,1109.682911
-1.870203,51,1109.744219
-2.258278,51,1109.809577
-1.861688,51,1109.865614
-2.148149,52,1109.935269
-1.868877,51,1110.000886
-1.930594,51,1110.050003
-1.724468,51,1110.129751
-2.120088,51,1110.188836
-1.943728,51,1110.250568
-2.232962,51,1110.316228
-2.23363,51,1110.36964
-2.053741,51,1114.295758
-2.274945,51,1114.409593
-2.134238,51,1114.521874
-1.93939,51,1114.581211
-1.982137,51,1114.628376
-2.200556,51,1114.673982
-1.670046,51,1114.780207
-1.931502,51,1114.895423
-2.010874,51,1114.959674
-1.495563,51,1115.016261
-1.738742,51,1115.06935
-1.866303,52,1115.121457
-1.898254,51,1115.17187
-2.754977,51,1115.222288
-2.089218,51,1115.270113
-1.809253,51,1115.320078
-2.078292,52,1115.370673
-1.873133,52,1115.417959
-1.860076,52,1115.468281
-1.544883,51,1115.516472
-1.943745,52,1115.563863
-1.785605,51,1115.613269
-1.892392,51,1115.659276
-2.031363,51,1115.711629
-1.963182,51,1115.787458
-1.905433,52,1115.891528
-1.700615,51,1115.946529
-1.798321,51,1115.989179
-2.134433,51,1116.031741
-1.953702,51,1116.122898
-1.72145,51,1116.189062
-2.194517,51,1116.254932
-1.846158,51,1116.311126
-2.056202,51,1116.354096
-1.963149,51,1116.412664
-2.085119,51,1116.476404
-1.979872,51,1116.537394
-2.554703,52,1116.582512
-1.758681,51,1116.623689
-2.639646,51,1116.678338
-1.669722,51,1120.268583
-1.585015,51,1120.323153
-1.738324,51,1120.388251
-2.016285,51,1120.447111
-2.161748,51,1120.498055
-1.852877,52,1120.544115
-2.326277,52,1120.592392
-1.665745,51,1120.638403
-2.174086,51,1120.692944
-1.985727,51,1120.799244
-1.841423,51,1120.867586
-1.699895,51,1120.941387
-1.760633,51,1120.996046
-1.658521,51,1121.051932
-1.968551,52,1121.109343
-1.714111,51,1121.163527
-1.969614,51,1121.218358
-1.762251,51,1121.272293
-2.013009,51,1121.328787
-2.175524,51,1121.388254
-1.906344,51,1121.443314
-2.0973,51,1121.48964
-1.799648,52,1121.539317
-1.987053,51,1121.598904
-1.802314,51,1121.666548
-1.741449,51,1121.722268
-1.845942,51,1121.785636
-1.967341,51,1121.839354
-1.769844,51,1121.898529
-1.650436,51,1121.96151
-1.913392,52,1122.019127
-1.607179,51,1122.074493
-2.076313,51,1122.124293
-1.828123,51,1122.171349
-2.22298,51,1122.219214
-2.106616,51,1122.270258
-1.823915,51,1122.316472
-2.070838,51,1122.366252
-1.779854,52,1122.414756
-1.907005,52,1122.462981
-2.005194,51,1126.00844
-2.220565,51,1126.11952
-2.052118,51,1126.180951
-1.994886,51,1126.234856
-1.629716,51,1126.284471
-1.942654,52,1126.333971
-1.714251,51,1126.412803
-1.529475,51,1126.528205
-1.731294,51,1126.621587
-1.891396,51,1126.704788
-2.10002,51,1126.794029
-2.313119,51,1126.863323
-1.507759,51,1126.935039
-1.750855,52,1127.021482
-1.846601,52,1127.085836
-1.706188,51,1127.146228
-2.040415,51,1127.202001
-1.903331,51,1127.256265
-2.177276,52,1127.310439
-2.143288,51,1127.379491
-1.859997,51,1127.452508
-1.889039,52,1127.51255
-1.661194,51,1127.569507
-1.73071,51,1127.623589
-1.917169,51,1127.674216
-2.355112,51,1127.734728
-2.199133,52,1127.81424
-2.066476,51,1127.905288
-2.178376,51,1127.986478
-1.652525,51,1128.051139
-1.820085,51,1128.115229
-1.614913,51,1128.172511
-2.018062,51,1128.222846
-2.003176,51,1128.278737
-2.207879,52,1128.328968
-2.023281,51,1128.384285
-1.601161,51,1128.450942
-1.944597,51,1128.514901
-1.96923,51,1128.572514
-1.922728,51,1128.614969
-2.118191,51,1132.788454
-1.673678,51,1132.849186
-2.068291,51,1132.922497
-2.084699,51,1132.988965
-2.065639,51,1133.047727
-1.694933,51,1133.098378
-1.757631,51,1133.157055
-2.219008,52,1133.225152
-2.050851,51,1133.309206
-1.722319,51,1133.373397
-1.512805,52,1133.42677
-2.243829,52,1133.489625
-1.707686,51,1133.555329
-1.499823,51,1133.638738
-2.017822,51,1133.702038
-2.004036,51,1133.753039
-2.171179,51,1133.8182
-2.254884,51,1133.883067
-1.849952,51,1133.951855
-2.492916,52,1134.017031
-1.575774,51,1134.07103
-1.88439,52,1134.135048
-2.22848,51,1134.196706
-2.040797,51,1134.253059
-1.899162,51,1134.30818
-2.337067,51,1134.358656
-2.050928,51,1134.406637
-2.015106,52,1134.485855
-2.383322,51,1134.541684
-1.452144,51,1134.593967
-1.513981,51,1134.650988
-1.656904,51,1134.714751
-1.830152,51,1134.777421
-1.381259,51,1134.847737
-1.989582,51,1134.902946
-1.786572,51,1135.04506
-1.995295,51,1135.159081
-1.880879,51,1135.244539
-1.974759,51,1135.331876
-1.636763,51,1135.406817
-1.582017,51,1139.585869
-1.492273,51,1139.636733
-1.817357,51,1139.687451
-1.749525,51,1139.735533
-1.643834,51,1139.793077
-1.743939,51,1139.85778
-1.887861,52,1139.926561
-1.593802,51,1139.980365
-1.7928,51,1140.033164
-1.694392,51,1140.097229
-1.618286,51,1140.149176
-1.962609,51,1140.215027
-2.253385,51,1140.276706
-1.633583,51,1140.323384
-1.996632,51,1140.389292
-1.595175,51,1140.451616
-1.661238,52,1140.508276
-2.104393,51,1140.581703
-2.228282,51,1140.636119
-1.881474,51,1140.688268
-1.740216,51,1140.759942
-1.872646,51,1140.822994
-1.84517,51,1140.889803
-1.70406,51,1140.952801
-2.08777,51,1141.004617
-2.103751,51,1141.070311
-1.710858,51,1141.136548
-1.71709,52,1141.198701
-1.595198,51,1141.274251
-1.692139,51,1141.330914
-1.629094,51,1141.39209
-2.224936,51,1141.455213
-1.657436,51,1141.511564
-1.706827,51,1141.5716
-1.809694,51,1141.632584
-1.812346,51,1141.684318
-1.842868,51,1141.7496
-1.899048,51,1141.811122
-2.10256,51,1141.857971
-1.899753,51,1141.930306
-1.488856,51,1145.907892
-1.84819,51,1145.994612
-2.129703,51,1146.080226
-1.773654,52,1146.151278
-2.230898,51,1146.206778
-2.048469,52,1146.258922
-2.06386,51,1146.329399
-1.715366,51,1146.392466
-1.799876,51,1146.471574
-1.703154,51,1146.533063
-1.900908,51,1146.584514
-1.959773,51,1146.655855
-1.904502,51,1146.721323
-1.977294,51,1146.794053
-1.765625,51,1146.863639
-1.755222,51,1146.920047
-1.712518,51,1146.987972
-1.877827,51,1147.066193
-1.715776,51,1147.144455
-1.86789,52,1147.225676
-1.981269,51,1147.290025
-1.634881,51,1147.361646
-1.915828,51,1147.434781
-1.837368,51,1147.497292
-2.026327,51,1147.560021
-1.673987,52,1147.620976
-1.782231,51,1147.698797
-1.996889,51,1147.766177
-2.005611,51,1147.820191
-1.731201,51,1147.879704
-1.96711,51,1147.9402
-2.095395,51,1148.002553
-1.825203,51,1148.077635
-2.08348,51,1148.136181
-2.193366,51,1148.195587
-1.774893,51,1148.265334
-1.925924,51,1148.324627
-1.729782,52,1148.390722
-1.75679,51,1148.463347
-1.912481,52,1148.517802
-1.730509,51,1152.258665
-2.202369,51,1152.315054
-2.114317,51,1152.379425
-1.877587,51,1152.427556
-2.126295,51,1152.475763
-1.837194,51,1152.530974
-2.212638,51,1152.595742
-2.238677,52,1152.661258
-1.849787,51,1152.722612
-2.118874,51,1152.771952
-1.534763,52,1152.816232
-2.069746,52,1152.916451
-1.772925,51,1152.991441
-2.057659,51,1153.047956
-1.798613,51,1153.093314
-1.732922,51,1153.133822
-1.92843,52,1153.198376
-1.638229,51,1153.257922
-1.731815,52,1153.31927
-1.826101,51,1153.362262
-1.789046,51,1153.405713
-2.067631,51,1153.454762
-1.830099,51,1153.511918
-1.980829,52,1153.562867
-1.874375,51,1153.610109
-2.159896,51,1153.662335
-1.890287,51,1153.710417
-1.965154,52,1153.757442
-1.816341,51,1153.802309
-1.832308,52,1153.847004
-2.092923,51,1153.895239
-1.847842,51,1153.940144
-1.779205,51,1153.986724
-1.724685,51,1154.033874
-1.828838,51,1154.077942
-1.851937,51,1154.124478
-1.793037,51,1154.171316
-2.182808,51,1154.215564
-1.852718,52,1154.262598
-2.107745,51,1154.307151
-2.446018,51,1157.287296
-1.958389,51,1157.345481
-1.519422,51,1157.404881
-2.052437,51,1157.465554
-1.971015,51,1157.513978
-1.69858,51,1157.560703
-1.929534,51,1157.605915
-1.835299,51,1157.651473
-2.063063,51,1157.693215
-2.02526,51,1157.749313
-1.627741,51,1157.811268
-1.856149,51,1157.860233
-1.626993,51,1157.909025
-1.751225,51,1157.955597
-1.779348,51,1158.000053
-1.826785,51,1158.045902
-2.067795,51,1158.089445
-1.727585,51,1158.136578
-2.105456,51,1158.183425
-1.826597,51,1158.234734
-2.197602,51,1158.286667
-1.898516,51,1158.337672
-1.897206,51,1158.381434
-1.702866,51,1158.421364
-2.003646,51,1158.470965
-2.016444,51,1158.530222
-1.691927,51,1158.590273
-1.837228,51,1158.643686
-1.670196,52,1158.685844
-2.067716,51,1158.738678
-1.64691,51,1158.797481
-2.154101,51,1158.860755
-1.507083,51,1158.910223
-2.004198,52,1158.959145
-2.212034,51,1159.004314
-1.704454,51,1159.054006
-1.85639,51,1159.100656
-2.207765,51,1159.148871
-2.573273,51,1159.21979
-2.195459,51,1159.286281
-1.583348,51,1162.57944
-1.961485,51,1162.638247
-1.740758,51,1162.690177
-1.511296,51,1162.743082
-1.812158,51,1162.793738
-1.749661,51,1162.838136
-1.55785,51,1162.884245
-1.624215,51,1162.930147
-1.990489,51,1162.974952
-1.763875,52,1163.02637
-1.704347,51,1163.078617
-2.025567,51,1163.121708
-2.091762,51,1163.171778
-1.915231,51,1163.215825
-1.906976,51,1163.256626
-1.964506,52,1163.303905
-1.933548,51,1163.35088
-1.93178,51,1163.392482
-1.830828,51,1163.440888
-1.861785,51,1163.488772
-2.04851,51,1163.534873
-2.022686,51,1163.577192
-1.747525,51,1163.620028
-2.062022,51,1163.662845
-1.686657,51,1163.706334
-1.755686,51,1163.749806
-1.817751,51,1163.793084
-1.652918,51,1163.833701
-2.106754,51,1163.875232
-1.597132,51,1163.915756
-1.488461,51,1163.95962
-1.577136,51,1164.002024
-1.88517,51,1164.048473
-2.044835,51,1164.089346
-1.759106,51,1164.133065
-2.005641,51,1164.178247
-1.887354,51,1164.222723
-1.65459,51,1164.265273
-1.742105,51,1164.307483
-1.575515,51,1164.348726
-1.625413,51,1166.930319
-1.697262,51,1166.972997
-1.763243,51,1167.033276
-1.601746,51,1167.083336
-1.688904,51,1167.12891
-1.677929,51,1167.177165
-2.340467,51,1167.222659
-1.655806,51,1167.271781
-1.61927,51,1167.327765
-2.101801,51,1167.385634
-1.876514,51,1167.439392
-2.06927,51,1167.489755
-1.542953,51,1167.532704
-1.815235,51,1167.572299
-2.16406,51,1167.621182
-1.918178,51,1167.678198
-2.238687,52,1167.729519
-1.631754,51,1167.776532
-1.553195,51,1167.822231
-1.827274,51,1167.864995
-1.952428,51,1167.906207
-2.115722,51,1167.947451
-1.935062,51,1167.994474
-1.466896,51,1168.041371
-1.875441,51,1168.085126
-1.701897,51,1168.126835
-1.817212,51,1168.170801
-1.684333,51,1168.215575
-1.845118,51,1168.259031
-1.555775,51,1168.305598
-1.778853,51,1168.349629
-1.888634,52,1168.392816
-2.134609,51,1168.433576
-1.620622,52,1168.470709
-1.705781,51,1168.508493
-1.60212,51,1168.551077
-1.42377,51,1168.587112
-1.900544,51,1168.635323
-2.071238,51,1168.703278
-1.6377,51,1168.777011
-1.850084,52,1171.794953
-1.944954,51,1171.862965
-1.844212,51,1171.93402
-1.882503,51,1171.998859
-1.759734,51,1172.042925
-1.718731,51,1172.091121
-1.810051,52,1172.152027
-1.759102,51,1172.205297
-1.831701,51,1172.27825
-1.784161,51,1172.331374
-1.706213,51,1172.375786
-1.86492,51,1172.441666
-1.798579,51,1172.495625
-2.00498,51,1172.563695
-2.035274,51,1172.63206
-2.054155,51,1172.732541
-1.575278,51,1172.830379
-1.636792,52,1172.896557
-1.875498,51,1172.987031
-1.744792,51,1173.059736
-1.713342,51,1173.135
-2.178679,52,1173.219953
-2.113694,52,1173.282006
-1.525862,51,1173.349593
-2.136186,52,1173.411903
-1.661735,51,1173.489485
-1.944295,52,1173.56444
-2.019696,51,1173.635744
-1.837705,51,1173.700157
-1.801778,51,1173.753566
-1.868375,51,1173.832352
-1.361689,51,1173.887338
-1.547016,51,1173.937168
-1.546199,51,1174.009089
-1.670921,51,1174.063954
-1.575181,51,1174.122303
-1.680931,51,1174.184061
-1.614813,51,1174.236478
-1.773517,51,1174.294588
-1.793619,51,1174.356979
-1.866741,51,1177.507645
-1.970041,51,1177.549784
-1.446646,51,1177.601166
-1.767236,51,1177.662506
-1.873923,52,1177.715679
-1.909745,51,1177.766446
-1.964035,51,1177.809014
-1.695928,51,1177.849915
-1.826448,51,1177.910803
-1.636735,52,1177.968536
-1.773426,52,1178.040749
-1.735197,52,1178.096814
-1.541565,51,1178.139696
-2.080361,51,1178.204046
-1.57733,51,1178.258298
-1.80089,51,1178.319454
-1.641892,51,1178.374762
-1.580504,51,1178.422433
-1.588265,52,1178.480112
-1.998834,51,1178.53836
-1.604765,51,1178.584615
-1.787554,51,1178.646776
-1.881136,51,1178.705123
-1.595218,52,1178.751485
-1.378627,51,1178.814389
-1.539179,51,1178.877258
-1.520776,51,1178.928105
-1.530689,51,1178.992809
-1.4924,51,1179.047528
-1.776104,51,1179.105722
-1.678969,51,1179.165774
-1.39569,51,1179.217417
-1.580084,51,1179.274065
-2.106834,51,1179.333113
-1.572591,51,1179.382832
-1.774643,51,1179.439673
-1.653545,51,1179.503708
-1.653702,51,1179.559736
-2.04887,51,1179.602208
-1.894567,52,1179.64593
-1.75906,51,1182.645673
-1.754285,52,1182.701704
-1.822536,51,1182.764627
-1.728847,51,1182.832606
-1.737185,51,1182.888106
-1.903668,52,1182.950123
-1.703055,51,1183.011217
-1.754675,51,1183.062902
-1.595327,51,1183.131218
-1.790604,52,1183.191245
-1.741233,51,1183.240756
-1.87994,51,1183.310659
-1.482727,51,1183.3648
-1.640242,51,1183.425475
-1.850981,52,1183.483938
-1.704798,51,1183.537499
-1.739053,52,1183.598449
-1.953539,52,1183.660916
-1.589214,52,1183.706588
-1.613524,51,1183.774783
-2.022415,51,1183.831322
-1.584691,51,1183.87403
-1.580635,51,1183.94401
-2.025239,51,1183.997633
-2.076137,51,1184.048193
-1.611832,51,1184.091907
-1.637766,51,1184.132015
-1.835776,51,1184.186759
-2.08635,51,1184.253672
-1.686911,51,1184.310358
-1.814685,51,1184.357478
-2.051179,52,1184.40127
-1.839552,52,1184.464145
-1.706712,51,1184.517882
-1.780083,51,1184.596404
-1.507607,51,1184.652194
-1.683514,51,1184.696955
-1.550504,51,1184.762979
-2.131772,51,1184.824242
-1.691092,52,1184.885796
-1.750132,52,1188.370779
-1.816837,51,1188.418419
-1.594917,51,1188.474656
-1.753554,52,1188.537824
-1.687777,51,1188.618883
-1.745168,51,1188.678456
-2.084014,51,1188.729747
-2.016031,51,1188.802522
-1.493379,51,1188.860678
-1.66104,51,1188.922154
-1.63667,52,1188.990734
-1.700478,51,1189.044266
-2.350038,51,1189.109244
-1.678951,51,1189.181797
-1.57795,51,1189.237965
-1.620531,51,1189.311616
-1.67378,51,1189.373486
-1.778801,51,1189.445424
-1.790319,51,1189.510392
-2.151186,51,1189.577542
-1.639804,51,1189.668791
-2.208365,51,1189.732144
-1.740612,51,1189.806154
-2.177019,52,1189.878297
-1.329293,51,1189.934019
-1.686653,51,1190.000115
-1.684995,51,1190.053606
-1.356528,51,1190.115718
-1.740066,51,1190.179502
-1.99456,51,1190.233371
-1.697832,51,1190.310208
-1.941023,51,1190.373541
-1.841891,51,1190.42181
-1.490316,51,1190.494153
-1.510584,51,1190.547886
-1.630461,51,1190.604974
-1.834529,51,1190.667619
-1.765333,51,1190.720996
-1.88326,52,1190.784496
-1.751039,51,1190.847561
-1.470922,51,1194.489342
-1.423779,51,1194.59125
-1.419397,51,1194.660227
-1.586427,51,1194.787245
-1.905847,51,1194.918928
-1.806822,51,1195.057188
-1.706115,51,1195.120292
-1.694766,51,1195.179121
-1.696583,51,1195.257114
-1.292604,51,1195.353109
-1.868882,52,1195.448635
-1.811248,52,1195.534963
-1.684887,51,1195.631487
-1.893916,51,1195.751755
-1.786715,51,1195.852688
-1.818591,51,1195.927883
-1.666944,52,1195.998219
-1.923507,51,1196.062607
-1.739147,51,1196.143471
-1.700706,51,1196.266735
-1.820732,51,1196.37181
-1.734405,51,1196.467432
-1.746557,52,1196.786095
-1.799866,51,1196.975828
-1.844793,51,1197.144028
-1.818708,51,1197.305504
-1.603824,51,1197.44682
-2.385954,51,1197.696126
-1.839018,51,1197.850193
-1.484812,51,1198.031212
-2.1822,51,1198.204504
-1.835155,51,1198.388495
-1.762363,51,1198.531878
-1.957534,51,1198.656328
-1.891895,51,1198.774289
-1.593601,51,1198.919957
-1.89481,51,1199.058425
-1.963358,51,1199.496444
-1.953552,51,1199.898355
-1.971869,51,1200.176528
-1.720301,51,1205.775056
-1.994791,51,1205.845047
-1.755851,52,1205.917388
-2.11085,51,1205.982709
-2.179071,51,1206.093564
-1.806574,51,1206.169412
-1.799977,51,1206.358437
-1.896865,51,1206.537616
-2.073809,51,1206.659809
-2.296949,51,1206.778276
-1.875751,51,1206.882447
-1.846995,51,1206.960211
-1.753834,51,1207.032109
-1.666497,52,1207.185554
-1.643269,51,1207.338026
-1.804781,51,1207.429273
-1.821591,52,1207.541139
-2.05969,52,1207.613798
-1.697547,51,1207.698853
-1.849594,51,1207.799966
-1.709806,51,1207.907612
-1.938548,52,1207.992296
-1.922025,51,1208.078748
-1.843712,51,1208.142879
-1.486308,51,1208.215422
-2.111688,51,1208.290348
-1.357555,51,1208.377861
-1.654514,51,1208.573697
-2.268511,52,1208.67015
-1.82363,51,1208.777908
-1.68783,51,1208.951764
-1.659414,51,1209.105504
-1.823606,51,1209.283829
-1.896561,51,1209.358372
-1.759127,51,1209.433218
-1.882594,51,1209.534643
-1.79462,51,1209.631756
-1.678628,51,1209.712994
-1.831847,52,1209.807195
-2.09711,51,1209.883874
-1.530161,51,1214.341176
-1.705272,51,1214.433781
-1.938118,51,1214.536079
-1.812524,51,1214.614851
-1.74772,51,1214.712738
-1.842831,52,1214.802762
-1.591737,51,1214.900114
-1.999278,51,1214.990331
-1.577691,52,1215.073778
-1.467897,51,1215.164997
-1.641009,51,1215.253568
-2.051077,51,1215.344051
-1.93692,51,1215.432973
-1.709138,52,1215.538831
-1.908674,51,1215.624473
-1.936695,51,1215.718998
-1.914458,51,1215.787901
-1.823261,51,1215.899646
-1.768509,52,1216.072867
-1.545448,52,1216.268539
-2.130819,51,1216.404179
-1.920781,51,1216.515474
-1.567555,52,1216.601236
-1.802722,51,1216.692059
-1.904781,51,1216.814857
-1.842295,51,1216.913548
-1.925245,51,1216.979719
-1.613575,51,1217.066213
-2.019557,52,1217.135552
-1.898881,51,1217.207336
-1.993287,51,1217.291947
-1.900733,52,1217.354105
-1.899264,52,1217.425669
-1.945593,52,1217.490933
-1.807427,51,1217.565602
-1.641273,51,1217.626979
-1.8224,51,1217.671931
-2.000425,52,1217.752082
-1.655093,51,1217.810196
-1.495933,51,1217.870273
-1.919947,51,1221.259733
-1.646565,51,1221.412985
-1.676888,51,1221.486231
-1.859883,52,1221.545796
-1.63792,51,1221.605759
-2.186087,51,1221.67189
-1.69014,51,1221.735115
-1.726169,51,1221.806799
-1.554264,51,1221.864194
-1.792329,51,1221.923908
-1.759391,51,1221.989965
-1.898472,51,1222.042738
-2.072241,51,1222.116412
-2.535526,51,1222.175803
-1.870654,51,1222.223794
-1.9549,51,1222.30042
-1.656412,51,1222.360193
-1.671269,51,1222.42192
-1.707248,51,1222.485767
-1.362102,51,1222.539632
-1.835866,51,1222.604551
-1.964799,51,1222.670778
-1.819885,51,1222.718174
-1.638673,51,1222.795143
-2.33039,52,1222.85093
-1.597178,51,1222.902255
-1.766599,51,1222.972745
-1.537645,51,1223.0277
-1.67643,51,1223.086333
-1.882468,52,1223.146101
-1.557144,51,1223.201059
-1.699867,51,1223.261299
-1.95878,51,1223.323455
-1.848061,51,1223.371753
-1.543528,51,1223.450111
-1.867236,51,1223.505672
-1.708547,51,1223.567638
-1.562342,51,1223.631921
-1.794468,51,1223.685684
-1.864941,51,1223.75649
-1.774945,51,1227.509771
-1.674504,51,1227.587759
-1.599139,51,1227.682876
-2.189509,51,1227.769284
-1.65419,51,1227.854249
-1.690767,51,1227.934669
-1.761592,51,1228.005042
-1.604216,51,1228.09595
-1.588558,51,1228.185498
-1.854604,51,1228.564162
-1.923946,51,1228.707333
-2.13101,51,1228.785249
-1.857831,51,1228.869687
-2.267916,51,1228.956038
-1.867358,51,1229.030426
-2.165521,51,1229.115005
-1.945944,52,1229.211463
-1.795937,51,1229.302214
-1.493038,51,1229.369853
-1.532928,51,1229.436618
-1.996266,51,1229.517224
-1.948145,51,1229.592138
-1.908497,52,1229.678873
-1.909311,51,1229.752225
-1.569881,51,1229.828378
-1.934343,52,1229.905902
-1.954604,52,1229.98469
-1.852302,51,1230.067988
-1.619304,52,1230.137396
-1.725397,52,1230.221411
-2.201801,52,1230.308135
-1.694259,51,1230.393738
-1.746707,51,1230.47253
-1.852998,51,1230.544214
-1.884579,52,1230.630972
-1.542915,51,1230.704345
-1.662686,51,1230.790773
-2.329361,51,1230.862225
-1.952322,52,1230.953444
-1.542734,51,1231.043912
-2.007199,51,1234.721126
-1.677605,51,1234.797543
-1.672627,51,1234.860777
-1.65988,51,1234.940275
-1.717824,51,1234.999492
-1.869147,51,1235.0552
-2.03048,51,1235.105902
-2.053291,51,1235.154536
-1.427184,51,1235.215763
-1.654106,51,1235.289059
-2.077327,51,1235.333866
-1.896735,51,1235.376355
-2.017257,51,1235.434353
-1.550786,51,1235.496859
-1.692227,51,1235.559875
-1.918223,51,1235.624836
-1.643244,51,1235.670261
-1.613242,51,1235.729568
-1.574757,51,1235.79577
-1.736559,51,1235.849217
-1.655545,51,1235.921999
-1.808448,51,1235.97874
-1.716482,51,1236.032612
-1.856421,51,1236.097463
-1.804362,51,1236.152878
-1.897968,51,1236.229369
-1.374587,51,1236.285777
-1.889742,51,1236.330344
-1.55633,51,1236.400106
-1.699005,51,1236.45655
-1.662897,51,1236.516568
-2.11903,51,1236.582523
-2.102892,52,1236.638881
-1.872162,51,1236.717537
-2.078413,51,1236.786744
-1.823675,51,1236.850888
-1.478332,51,1236.933301
-1.602251,51,1237.02841
-2.013645,51,1237.113793
-2.089756,51,1237.186556
-1.982227,51,1240.950925
-1.84606,51,1241.049896
-1.75073,52,1241.103012
-1.853406,51,1241.151526
-1.755799,51,1241.200166
-1.843447,52,1241.26546
-1.954561,51,1241.330335
-2.176816,51,1241.399961
-1.954184,52,1241.461041
-1.792019,52,1241.516456
-1.546323,51,1241.570295
-1.912487,51,1241.616478
-1.441294,51,1241.672105
-1.945283,52,1241.739817
-1.689835,51,1241.806952
-1.583874,51,1241.863159
-1.379852,51,1241.913778
-1.942308,51,1241.960917
-1.822906,51,1242.006158
-1.449916,51,1242.054666
-1.889737,52,1242.101174
-1.981225,52,1242.150183
-1.646059,51,1242.196863
-2.014467,51,1242.24787
-1.590177,51,1242.296422
-1.851626,52,1242.346186
-2.239907,51,1242.395479
-1.831098,51,1242.443411
-1.783504,51,1242.489711
-1.81504,51,1242.537108
-2.068531,51,1242.584061
-2.191081,52,1242.633669
-1.629866,51,1242.681807
-1.505748,51,1242.728339
-1.80413,51,1242.769873
-2.048134,51,1242.814519
-2.113067,52,1242.861309
-1.758401,52,1242.907434
-1.692585,51,1242.950495
-1.6516,51,1242.991339
-1.470298,51,1246.198348
-2.152522,52,1246.247238
-1.90786,51,1246.293514
-1.626894,51,1246.341445
-1.932972,51,1246.392881
-2.026508,51,1246.439821
-1.529024,51,1246.485926
-1.939207,51,1246.532546
-1.666988,52,1246.579922
-2.165913,51,1246.625149
-1.371617,51,1246.671738
-2.093295,51,1246.717856
-1.550483,51,1246.765967
-1.897556,51,1246.813061
-1.670492,51,1246.856169
-1.568789,51,1246.896686
-1.671008,51,1246.937919
-2.033956,51,1246.980324
-1.677804,51,1247.021256
-1.671284,51,1247.06318
-1.735637,52,1247.105239
-2.012104,51,1247.147452
-1.930203,51,1247.188528
-2.069445,52,1247.232314
-2.12796,51,1247.273218
-1.674989,51,1247.314948
-1.801931,52,1247.356841
-1.94081,51,1247.399387
-1.641991,51,1247.440417
-1.850523,51,1247.482013
-1.683071,51,1247.523121
-1.85022,51,1247.563961
-1.575056,51,1247.604884
-1.95518,51,1247.646904
-1.562643,51,1247.688566
-2.103762,51,1247.730447
-1.45985,51,1247.769482
-1.686357,51,1247.809474
-1.54608,51,1247.849518
-1.695711,52,1247.888786
-1.801604,51,1250.544429
-1.60781,51,1250.593837
-1.519675,51,1250.656583
-2.294294,51,1250.701759
-1.757259,51,1250.747265
-2.048349,51,1250.79084
-1.880857,51,1250.832493
-1.404562,51,1250.876004
-2.202145,51,1250.924453
-1.716486,51,1250.98659
-1.85394,52,1251.040156
-1.753222,51,1251.086158
-1.879353,51,1251.130893
-1.713952,51,1251.173832
-1.530754,51,1251.22192
-1.73891,51,1251.270159
-1.810955,51,1251.313436
-2.011658,51,1251.364365
-1.677709,51,1251.407506
-1.887897,51,1251.453578
-1.846176,51,1251.49741
-1.815871,51,1251.541182
-1.605932,51,1251.594292
-1.642444,51,1251.638163
-1.820947,52,1251.680598
-1.902848,51,1251.723882
-1.963674,51,1251.76619
-1.671576,52,1251.811445
-1.655666,51,1251.853621
-1.724166,51,1251.900605
-1.714094,51,1251.942034
-1.682874,51,1251.985751
-1.810212,51,1252.028503
-2.149715,52,1252.073746
-1.942554,51,1252.117805
-1.53907,51,1252.159563
-2.248372,51,1252.202551
-1.825879,51,1252.245056
-1.711356,51,1252.286909
-2.070737,51,1252.331799
-1.697695,51,1252.376993
-1.607978,51,1255.927689
-1.763058,52,1256.003564
-2.028659,51,1256.064793
-1.857835,51,1256.112215
-1.611459,51,1256.180097
-1.851198,52,1256.240189
-1.724987,51,1256.315758
-1.799033,51,1256.376794
-1.543982,51,1256.421939
-2.245557,51,1256.498593
-1.828812,51,1256.554796
-1.83434,51,1256.612334
-2.330404,51,1256.679211
-1.418563,51,1256.734096
-1.867686,52,1256.797737
-2.051637,51,1256.858978
-2.073364,52,1256.90943
-1.862839,51,1256.980306
-1.791525,51,1257.15032
-1.971243,51,1257.547028
-1.593337,51,1257.731007
-1.932482,51,1257.817968
-1.611725,51,1257.911826
-2.191549,51,1258.001004
-1.499355,51,1258.079184
-1.85194,51,1258.131023
-1.628783,51,1258.183312
-1.882863,51,1258.240167
-1.64272,51,1258.302815
-1.54985,51,1258.379609
-1.610159,51,1258.434363
-1.592929,52,1258.481543
-1.405532,51,1258.53479
-1.762562,51,1258.597572
-1.983283,52,1258.652244
-1.676605,51,1258.72449
-1.590502,51,1258.781776
-1.983551,51,1258.836742
-1.501161,51,1258.902679
-1.845307,51,1258.955964
-1.814865,52,1262.305716
-1.888598,52,1262.363557
-1.616594,51,1262.424267
-1.671981,51,1262.480841
-1.570756,51,1262.537235
-1.879125,51,1262.601224
-1.724103,51,1262.656188
-1.980444,51,1262.728608
-1.645819,51,1262.783732
-1.80544,51,1262.838026
-1.7394,51,1262.906009
-1.789736,51,1262.961851
-2.083523,51,1263.029027
-1.722417,51,1263.092726
-1.667432,51,1263.137282
-1.988268,51,1263.209988
-1.502156,51,1263.266232
-1.546524,52,1263.326695
-1.875513,51,1263.390285
-1.80019,51,1263.444509
-1.538453,51,1263.518835
-1.734505,52,1263.578228
-1.869047,51,1263.620725
-2.057584,51,1263.690731
-1.853074,51,1263.74713
-1.870793,52,1263.806789
-1.845517,51,1263.869725
-1.809939,51,1263.921562
-2.268016,52,1263.989687
-1.906735,51,1264.057402
-2.133403,51,1264.106695
-1.672445,51,1264.182329
-1.881756,52,1264.243642
-1.601979,51,1264.302998
-1.892383,51,1264.366419
-1.508445,51,1264.42099
-1.51463,51,1264.493766
-2.020464,51,1264.559102
-1.618092,51,1264.621784
-1.891043,51,1264.684579
-1.759481,51,1267.857289
-1.614135,51,1267.906854
-1.768306,51,1267.975619
-1.699794,51,1268.020088
-1.945535,52,1268.064594
-1.658431,51,1268.129666
-1.921599,51,1268.189169
-1.920942,51,1268.262023
-1.773627,51,1268.321378
-1.641333,51,1268.367665
-1.603038,51,1268.438275
-1.664861,51,1268.493927
-1.71382,51,1268.551062
-1.646566,51,1268.612877
-1.87862,52,1268.668339
-1.685858,51,1268.737332
-1.542532,51,1268.803875
-1.533014,51,1268.857765
-1.457398,51,1268.923817
-1.603061,51,1268.980012
-1.821925,51,1269.037588
-2.355504,51,1269.100254
-2.142261,51,1269.14859
-1.71059,51,1269.213302
-2.174777,51,1269.280548
-1.581483,51,1269.327464
-2.050625,51,1269.39795
-2.148368,52,1269.454521
-1.579542,51,1269.514838
-1.997487,51,1269.580755
-1.66559,51,1269.631988
-1.676981,51,1269.698077
-1.893036,51,1269.763782
-1.938318,51,1269.812109
-1.946248,51,1269.883069
-1.448433,51,1269.938777
-1.471289,51,1269.996893
-2.053591,51,1270.060085
-1.440144,51,1270.112407
-1.443904,51,1270.177809
-2.132967,51,1273.527577
-1.714417,51,1273.603027
-1.540658,51,1273.659081
-2.209855,51,1273.716818
-1.787519,51,1273.778603
-2.013671,51,1273.836359
-1.633307,52,1273.900073
-2.128849,51,1273.965769
-1.74661,52,1274.009892
-1.621239,51,1274.085298
-1.513633,51,1274.144394
-1.658879,51,1274.201733
-1.740567,51,1274.263197
-1.595172,51,1274.316361
-1.821873,51,1274.376982
-2.059853,52,1274.440755
-2.10301,51,1274.490137
-1.817411,51,1274.559037
-1.742057,51,1274.622635
-1.925926,52,1274.682437
-1.8176,51,1274.743438
-2.260095,51,1274.797098
-1.838714,52,1274.856574
-1.525104,51,1274.917697
-1.638106,51,1274.967967
-1.642611,51,1275.040365
-1.677933,51,1275.105824
-1.907905,51,1275.165253
-1.785442,51,1275.224444
-1.675141,51,1275.281604
-1.627041,51,1275.339653
-1.524179,51,1275.398923
-1.925851,51,1275.451194
-1.773665,51,1275.499771
-1.639172,51,1275.547564
-1.492968,52,1275.597569
-1.56709,51,1275.654161
-1.680551,51,1275.713649
-1.581835,51,1275.775465
-1.930033,51,1275.824058
-1.710391,51,1278.768843
-1.855802,51,1278.815253
-1.701098,52,1278.870498
-1.496713,51,1278.923561
-1.814382,51,1278.975286
-1.79003,51,1279.026467
-1.867447,51,1279.072754
-1.620523,51,1279.119027
-1.493113,52,1279.167008
-1.942493,51,1279.214711
-1.652325,52,1279.264004
-2.278076,51,1279.31379
-1.449353,51,1279.356376
-1.720073,51,1279.400323
-1.971913,51,1279.444144
-2.005069,51,1279.490564
-1.67236,51,1279.535542
-1.490172,51,1279.576797
-1.57751,51,1279.619877
-1.775011,51,1279.661467
-1.903622,51,1279.70341
-1.965127,51,1279.747994
-1.550933,51,1279.792726
-2.016544,51,1279.835608
-1.510615,51,1279.879156
-1.636029,51,1279.920648
-1.996425,52,1279.966694
-1.643196,52,1280.009989
-1.589702,51,1280.052335
-1.950926,51,1280.095496
-1.718716,52,1280.139003
-2.018704,51,1280.180711
-1.70484,51,1280.225236
-1.676532,51,1280.283959
-1.63215,51,1280.335216
-1.884155,51,1280.381567
-1.663971,51,1280.423137
-1.715211,51,1280.466928
-1.806194,51,1280.509406
-1.612668,51,1280.552079
-1.656487,51,1283.046784
-1.768414,51,1283.08836
-1.735525,51,1283.130655
-2.145858,52,1283.172722
-1.679899,51,1283.214735
-1.628544,51,1283.255825
-1.745251,52,1283.298343
-2.291737,51,1283.339107
-1.473007,51,1283.380903
-1.446885,51,1283.422607
-1.60547,51,1283.46378
-1.592918,52,1283.505836
-1.780146,51,1283.547593
-2.008667,51,1283.591216
-1.949418,51,1283.632985
-1.772226,51,1283.673774
-1.875686,51,1283.715887
-1.761877,51,1283.757165
-1.618376,51,1283.798727
-1.859134,51,1283.839664
-1.925297,51,1283.881711
-1.966804,51,1283.923156
-2.063454,51,1283.964442
-1.682177,52,1284.006065
-2.191005,52,1284.047631
-1.820933,51,1284.088841
-1.899434,51,1284.130767
-1.700857,51,1284.171337
-1.730534,51,1284.212789
-1.769574,51,1284.253723
-1.890644,51,1284.295154
-2.022336,51,1284.333238
-1.979063,51,1284.371981
-1.793121,51,1284.411912
-1.706867,51,1284.452005
-1.750159,51,1284.492766
-1.934953,51,1284.53174
-1.647944,51,1284.572459
-1.643965,51,1284.610667
-1.779855,51,1284.650358
-1.934466,52,1287.262982
-2.074161,51,1287.365443
-1.873949,51,1287.475807
-1.709611,51,1287.575893
-1.808969,51,1287.692172
-1.849132,51,1287.741962
-1.93424,51,1287.783638
-2.059624,51,1287.822148
-2.062735,51,1287.881034
-1.464542,51,1287.933574
-1.420619,51,1287.979646
-1.880051,51,1288.024131
-1.666662,51,1288.06755
-2.06275,51,1288.109461
-1.735359,52,1288.153276
-1.475229,51,1288.194949
-1.620953,52,1288.239334
-1.62906,51,1288.283285
-1.989641,51,1288.329634
-1.76054,51,1288.372335
-1.832158,52,1288.427612
-1.843363,52,1288.487229
-1.83757,51,1288.546355
-1.678064,51,1288.623427
-1.653723,51,1288.687198
-2.066196,51,1288.739423
-1.990764,51,1288.78272
-1.567655,51,1288.825249
-2.032812,52,1288.877493
-1.899995,51,1288.930375
-1.689694,52,1288.987839
-1.867852,51,1289.040921
-1.825055,51,1289.083419
-1.609122,51,1289.127684
-1.709497,51,1289.181571
-1.960176,51,1289.250936
-2.537594,51,1289.313243
-1.718037,51,1289.37789
-2.03803,52,1289.425732
-1.871357,51,1289.522867
-1.94859,52,1293.101233
-1.882089,51,1293.156042
-1.625365,51,1293.202094
-1.93833,51,1293.245498
-1.903399,51,1293.309967
-1.942041,51,1293.369643
-2.203198,51,1293.427661
-1.825726,51,1293.470853
-2.02075,51,1293.513488
-1.968851,51,1293.576625
-1.908686,51,1293.635195
-1.845314,52,1293.713587
-1.848395,51,1293.769154
-1.761519,51,1293.812489
-1.734202,51,1293.883588
-1.950504,51,1293.941988
-1.793777,51,1293.997693
-1.683853,51,1294.062134
-2.062041,51,1294.114676
-2.130897,51,1294.179771
-1.417304,51,1294.244738
-2.382463,52,1294.287532
-1.750649,51,1294.358797
-1.536544,51,1294.414068
-1.908056,51,1294.457905
-1.912131,52,1294.529324
-1.803617,51,1294.584028
-1.947698,51,1294.640825
-1.570662,51,1294.704026
-1.962753,52,1294.753711
-2.109907,51,1294.817291
-1.822745,51,1294.881956
-1.447836,51,1294.924162
-1.983351,51,1294.993471
-1.980627,51,1295.04993
-2.107691,51,1295.102533
-1.512167,52,1295.167496
-1.476348,51,1295.218257
-1.638322,51,1295.275341
-1.591118,51,1295.33249
-1.617312,51,1298.619457
-1.821352,51,1298.673749
-2.16236,51,1298.741389
-1.798903,51,1298.810967
-2.024842,51,1298.860193
-1.857713,51,1298.911636
-1.758617,51,1298.973818
-1.721165,51,1299.034345
-1.775627,51,1299.105492
-1.850701,51,1299.163594
-2.223772,51,1299.213878
-2.114115,52,1299.280094
-1.775375,52,1299.33739
-1.917562,52,1299.409222
-2.003374,52,1299.467037
-1.793032,51,1299.509907
-2.375693,51,1299.582076
-1.638419,51,1299.64174
-1.946078,52,1299.701913
-1.679962,51,1299.760179
-1.687729,51,1299.810307
-1.547747,51,1299.868184
-1.940711,51,1299.931815
-1.805113,51,1299.976637
-1.706892,51,1300.047803
-1.696065,51,1300.102307
-1.486052,51,1300.143682
-1.873011,51,1300.214226
-1.737447,51,1300.269525
-1.957384,51,1300.321369
-1.857762,52,1300.367759
-1.61261,51,1300.409704
-1.62769,51,1300.472034
-1.799188,51,1300.539363
-1.921628,52,1300.583287
-1.557562,52,1300.630888
-1.546729,51,1300.682769
-1.963566,52,1300.739162
-1.61616,52,1300.815213
-1.664001,51,1300.876198
-2.06046,51,1303.927654
-1.404835,51,1303.989879
-1.592492,51,1304.033382
-1.604412,51,1304.077403
-2.375402,51,1304.128963
-1.599162,51,1304.193668
-1.768621,51,1304.251241
-1.837629,51,1304.295475
-1.618975,51,1304.339948
-1.805858,51,1304.388398
-1.624133,51,1304.445514
-1.835598,51,1304.520102
-1.697275,52,1304.582578
-1.865132,51,1304.636675
-1.983081,51,1304.680995
-1.681199,51,1304.724012
-1.628896,52,1304.787465
-2.282932,51,1304.852225
-2.06244,52,1304.901256
-1.732352,51,1304.94832
-1.937299,52,1304.996467
-1.833248,51,1305.05923
-1.922872,51,1305.122045
-2.147597,51,1305.191073
-1.883758,51,1305.24362
-1.839419,51,1305.298821
-1.824489,51,1305.362639
-1.685008,51,1305.414329
-1.647461,51,1305.485461
-1.649421,51,1305.540478
-1.827087,52,1305.585829
-1.758633,51,1305.655553
-1.618475,51,1305.713013
-1.586123,51,1305.771614
-1.868401,51,1305.833215
-1.512334,51,1305.884166
-1.71043,51,1305.94788
-1.605382,51,1306.010039
-1.81533,51,1306.056332
-1.811946,51,1306.122317
-1.556531,51,1309.196699
-1.53653,51,1309.237801
-1.707203,51,1309.298951
-1.709984,51,1309.36142
-1.825262,51,1309.420361
-1.987424,51,1309.467206
-1.938508,51,1309.508314
-1.930553,51,1309.569183
-1.830411,51,1309.626851
-1.843287,51,1309.70137
-1.469135,51,1309.756766
-1.815537,51,1309.804537
-1.840838,51,1309.873309
-1.787054,51,1309.92652
-1.960138,51,1309.995091
-1.704475,51,1310.052745
-1.668733,51,1310.095718
-2.133538,51,1310.164392
-1.718047,51,1310.221822
-2.07217,51,1310.27277
-1.532957,51,1310.33721
-2.075266,51,1310.39097
-2.049237,51,1310.448543
-2.385243,51,1310.50476
-1.884567,51,1310.5567
-1.828916,51,1310.617293
-2.198764,51,1310.682676
-1.74099,51,1310.733482
-1.804674,51,1310.799923
-1.763028,51,1310.854111
-1.805745,52,1310.912114
-1.780573,51,1310.973563
-1.853578,52,1311.03224
-1.976968,52,1311.104155
-1.840795,51,1311.15799
-1.805487,51,1311.22042
-1.650468,51,1311.294301
-2.332045,51,1311.351076
-1.677795,51,1311.422375
-1.838977,51,1311.487826
-1.643395,51,1314.616692
-1.98725,51,1314.724458
-1.753369,51,1314.826618
-1.992986,51,1314.935453
-1.541782,51,1314.989374
-1.966023,52,1315.037291
-1.609079,51,1315.084784
-1.927583,51,1315.129162
-1.869683,52,1315.17145
-2.049437,51,1315.217516
-2.025782,51,1315.260109
-1.82029,51,1315.305784
-1.949663,51,1315.348181
-1.676801,51,1315.391131
-1.975586,51,1315.433848
-1.909962,51,1315.479274
-1.82195,51,1315.520389
-1.675665,51,1315.563055
-1.677215,51,1315.604212
-1.597473,51,1315.645997
-1.840616,51,1315.687635
-1.709446,51,1315.729108
-1.719119,51,1315.770284
-1.643512,51,1315.812204
-1.963039,51,1315.853219
-1.764401,51,1315.89488
-1.856915,52,1315.936294
-1.785166,51,1315.976706
-1.548861,51,1316.018004
-1.824182,51,1316.059489
-2.007379,52,1316.101364
-2.02506,51,1316.140409
-1.953233,52,1316.18086
-1.807771,51,1316.220161
-1.854664,51,1316.267363
-1.85783,51,1316.317227
-1.489626,51,1316.35924
-1.966486,51,1316.400706
-2.084178,51,1316.441979
-1.583323,51,1316.483502
-1.846057,51,1319.031588
-1.919837,51,1319.07442
-1.578579,52,1319.116734
-2.293538,51,1319.159551
-1.979337,51,1319.200945
-1.703765,51,1319.242921
-2.008236,51,1319.2848
-1.625425,51,1319.326715
-1.713355,51,1319.368145
-2.088733,51,1319.409611
-1.794612,52,1319.452083
-1.579848,51,1319.494568
-1.775023,51,1319.536556
-1.676768,51,1319.579321
-1.669539,51,1319.621181
-1.799136,51,1319.663051
-1.664121,51,1319.703736
-2.194074,51,1319.743123
-1.704028,51,1319.782089
-1.747084,51,1319.821231
-1.516622,51,1319.861181
-1.811043,51,1319.900544
-1.757249,51,1319.939763
-1.524536,52,1319.97957
-2.191429,51,1320.018388
-1.776046,51,1320.058008
-1.507324,51,1320.097629
-1.76301,51,1320.136997
-1.925051,52,1320.177135
-1.788835,51,1320.215892
-1.62923,51,1320.25435
-2.028252,51,1320.294809
-1.775959,51,1320.333436
-1.687524,51,1320.373191
-1.68864,51,1320.412889
-1.520951,51,1320.452015
-1.811445,51,1320.491676
-1.985221,51,1320.530485
-2.198778,51,1320.569559
-1.769616,51,1320.60897
-1.951482,51,1323.559481
-1.805793,51,1323.617948
-1.794422,52,1323.668796
-1.756188,51,1323.714816
-1.916939,52,1323.76004
-1.962723,51,1323.802801
-1.726266,51,1323.845787
-1.774961,51,1323.884649
-2.246957,51,1323.939932
-1.763755,51,1324.002424
-1.667289,51,1324.068909
-1.895077,52,1324.13473
-1.766381,52,1324.192976
-1.577032,51,1324.256035
-1.61946,51,1324.325343
-2.076355,51,1324.371912
-1.787586,51,1324.426256
-1.709694,51,1324.485185
-1.933361,51,1324.539039
-1.598153,51,1324.605665
-1.89083,51,1324.662089
-1.636533,51,1324.708213
-1.844946,51,1324.753166
-1.858211,51,1324.799739
-1.638365,51,1324.865372
-1.911145,51,1324.92819
-1.95335,51,1324.975468
-1.72296,52,1325.01732
-1.973652,51,1325.06098
-1.89511,51,1325.115311
-1.662777,51,1325.186043
-1.512792,51,1325.243259
-1.550939,51,1325.288643
-1.798822,51,1325.338422
-2.031881,52,1325.398879
-1.759099,51,1325.452509
-1.879927,51,1325.519928
-1.612814,51,1325.571133
-2.016601,51,1325.618017
-2.051222,52,1325.681979
-1.69991,51,1328.804997
-2.106359,51,1328.854031
-2.057702,51,1328.912665
-1.539551,51,1328.95566
-1.646146,51,1329.009872
-1.839922,51,1329.052133
-1.854824,51,1329.09748
-1.660646,51,1329.152651
-1.753044,51,1329.218201
-1.65866,51,1329.270213
-1.435575,51,1329.31638
-2.407801,52,1329.367641
-1.426565,51,1329.424213
-1.742444,51,1329.486379
-1.61307,51,1329.547219
-2.123378,51,1329.597462
-1.704074,51,1329.653138
-2.027006,51,1329.713049
-1.577421,51,1329.76328
-2.008703,51,1329.832101
-1.973558,52,1329.887893
-2.247531,51,1329.930555
-2.026903,52,1330.000499
-1.811432,51,1330.054637
-1.852965,51,1330.115243
-1.857023,51,1330.177501
-2.13775,51,1330.225206
-1.833479,52,1330.289731
-1.863237,51,1330.352838
-1.754814,51,1330.402128
-1.86983,52,1330.467404
-1.686668,51,1330.52154
-1.659623,52,1330.578969
-1.797146,51,1330.638747
-2.078004,51,1330.687568
-2.039653,51,1330.758641
-1.893683,51,1330.810807
-1.880217,51,1330.85229
-2.295431,51,1330.920242
-1.6874,51,1330.974638
-1.524789,51,1333.975655
-2.457818,52,1334.021159
-1.881593,51,1334.068197
-1.669279,51,1334.117544
-2.403437,51,1334.172928
-2.555721,51,1334.237917
-1.904595,51,1334.300223
-1.72702,51,1334.346987
-1.659923,51,1334.401893
-2.032519,51,1334.462784
-2.096464,51,1334.512152
-1.661201,51,1334.571415
-2.116125,51,1334.634474
-1.941756,51,1334.675374
-1.476167,51,1334.746018
-1.661863,51,1334.798041
-1.501263,51,1334.838373
-2.200232,52,1334.910594
-1.889836,52,1334.966242
-2.032797,51,1335.02824
-1.897508,51,1335.09126
-2.103692,52,1335.13891
-2.139101,52,1335.201046
-1.894654,51,1335.263262
-1.72449,51,1335.318056
-2.106256,52,1335.382132
-1.895235,51,1335.434712
-2.2179,51,1335.489038
-2.040081,51,1335.549178
-1.937562,51,1335.598147
-1.609975,51,1335.661691
-1.729217,51,1335.71754
-2.251917,51,1335.758906
-1.828717,51,1335.818837
-1.862917,51,1335.883403
-2.035423,51,1335.925306
-2.268878,51,1335.994607
-2.722672,51,1336.047827
-1.723692,51,1336.102305
-1.933691,52,1336.163235
-1.860385,51,1340.19322
-1.612511,51,1340.335253
-1.962594,51,1340.502658
-1.835931,51,1340.642282
-2.071836,51,1340.770775
-2.122188,52,1340.904172
-2.056643,51,1341.038697
-1.922359,51,1341.16794
-1.820812,51,1341.410637
-1.918516,51,1341.669858
-2.702679,51,1341.821605
-1.649875,51,1341.904296
-1.735625,51,1341.984063
-1.775698,51,1342.109814
-1.739656,51,1342.247984
-2.073142,51,1342.342095
-2.163462,51,1342.479111
-2.025572,51,1342.618267
-1.600381,51,1342.705111
-1.78444,51,1342.764834
-2.102553,51,1342.811381
-2.211623,51,1342.85135
-1.513483,51,1342.921228
-2.128554,52,1342.976196
-1.695834,51,1343.034656
-1.987798,51,1343.096066
-2.033011,52,1343.139834
-1.970719,51,1343.198497
-1.397851,51,1343.26068
-2.220582,51,1343.314278
-2.503157,51,1343.393757
-2.19864,52,1343.447004
-1.954143,51,1343.498427
-2.031235,51,1343.544436
-1.923671,51,1343.585147
-1.451834,51,1343.654426
-2.143753,51,1343.716283
-1.596565,51,1343.759597
-1.928837,51,1343.805921
-1.806983,51,1343.855401
-2.335056,52,1347.244101
-1.72296,51,1347.28904
-1.848169,51,1347.339474
-2.038179,51,1347.402287
-1.981834,51,1347.479064
-2.073381,51,1347.548207
-2.140835,52,1347.59744
-1.754779,51,1347.637385
-2.317771,51,1347.717914
-1.556669,51,1347.783838
-1.873031,51,1347.857813
-2.013017,51,1347.916732
-1.980234,51,1347.974332
-2.092564,51,1348.041137
-1.868161,51,1348.094109
-1.766528,51,1348.164814
-1.963023,51,1348.220372
-2.184397,52,1348.262908
-2.001053,51,1348.33307
-1.679094,51,1348.389406
-2.229003,51,1348.444549
-1.760347,51,1348.502177
-1.790908,51,1348.564793
-1.928686,51,1348.60787
-2.276394,51,1348.655127
-2.295993,51,1348.709185
-1.859787,51,1348.778136
-1.748533,51,1348.837345
-1.940722,52,1348.882413
-1.821599,51,1348.923096
-1.662544,51,1348.983314
-2.018308,51,1349.037745
-2.201343,51,1349.111476
-2.022932,51,1349.163307
-1.957443,52,1349.205035
-2.400481,51,1349.277426
-1.552677,51,1349.331036
-2.154511,51,1349.384492
-1.899425,51,1349.450459
-1.640526,51,1349.503587
-1.843276,51,1352.703351
-1.946661,51,1352.750911
-1.864436,51,1352.796759
-2.045281,51,1352.847095
-1.550432,51,1352.898335
-1.99758,51,1352.942746
-1.570553,51,1352.984387
-2.076633,51,1353.026868
-1.826848,51,1353.068748
-2.076049,52,1353.111618
-1.965837,51,1353.155972
-2.112721,51,1353.19944
-2.054583,51,1353.240304
-1.674409,51,1353.284432
-1.899479,51,1353.326006
-2.29436,51,1353.367418
-2.282306,52,1353.410459
-1.699659,51,1353.452212
-2.062014,51,1353.493886
-2.128154,51,1353.537079
-1.779429,51,1353.583935
-2.204958,51,1353.6263
-2.303602,51,1353.667312
-1.559791,52,1353.707916
-1.802949,51,1353.746781
-1.928787,51,1353.78589
-1.77544,51,1353.825678
-1.68136,51,1353.864966
-1.914728,51,1353.903454
-2.150767,51,1353.943219
-2.061269,51,1353.982058
-2.225155,51,1354.021806
-2.019981,51,1354.062165
-1.62697,51,1354.10155
-1.693083,51,1354.142673
-2.504839,51,1354.181104
-2.034372,51,1354.219975
-1.952324,51,1354.259536
-1.462663,51,1354.299335
-1.975416,51,1354.338301
-1.619739,51,1357.199975
-2.019434,51,1357.241699
-1.758747,51,1357.285348
-2.298589,51,1357.328432
-2.174465,51,1357.369415
-2.010296,51,1357.411509
-1.976107,51,1357.453399
-2.045993,52,1357.497093
-1.759825,51,1357.537682
-2.073165,52,1357.581149
-2.052692,51,1357.621799
-1.914257,51,1357.662773
-2.325575,51,1357.703974
-1.450191,51,1357.744763
-2.089894,51,1357.78578
-1.806825,51,1357.827756
-1.839783,51,1357.866777
-2.310801,51,1357.905664
-2.064519,51,1357.945051
-1.951618,51,1357.983611
-1.793884,51,1358.021706
-2.235146,51,1358.064612
-2.180503,51,1358.105093
-1.656971,51,1358.143677
-1.564078,51,1358.182589
-1.736576,51,1358.221324
-2.105675,51,1358.260488
-2.013458,51,1358.299903
-1.888747,51,1358.33867
-2.196739,52,1358.379166
-1.934762,51,1358.418193
-2.177384,51,1358.456889
-2.048957,51,1358.496065
-1.481994,51,1358.534235
-1.881318,51,1358.573426
-2.063403,51,1358.608631
-1.850873,51,1358.655858
-1.732759,51,1358.696988
-1.935122,51,1358.739288
-1.543821,51,1358.780821
-1.833152,52,1362.265929
-1.451262,51,1362.313817
-1.557627,51,1362.355688
-1.902031,51,1362.40254
-2.051671,51,1362.446003
-1.975323,51,1362.490704
-1.897006,51,1362.531899
-2.231254,51,1362.576577
-1.813699,51,1362.620485
-1.831153,51,1362.666157
-1.667293,52,1362.709185
-1.762562,51,1362.750351
-1.985457,52,1362.793898
-1.755519,51,1362.835591
-2.075296,51,1362.880444
-1.981011,51,1362.920506
-2.087335,51,1362.975934
-2.165049,51,1363.0301
-2.120497,51,1363.1041
-1.827323,51,1363.169769
-2.111335,51,1363.22721
-1.575733,51,1363.29331
-1.812177,51,1363.362855
-1.936607,51,1363.412337
-1.891664,51,1363.456331
-2.369396,51,1363.500503
-2.109844,51,1363.541839
-2.10936,51,1363.603694
-1.578236,51,1363.671143
-1.730076,51,1363.732196
-1.806259,51,1363.775873
-1.83477,51,1363.82692
-2.243189,52,1363.871854
-1.851785,52,1363.911375
-1.785223,51,1363.980865
-1.993781,52,1364.039912
-1.674127,51,1364.085507
-2.166132,51,1364.12765
-2.301673,51,1364.17889
-1.839139,51,1364.234844
-2.148502,51,1364.302708
-1.656658,51,1367.316414
-2.395105,51,1367.369197
-2.102674,51,1367.43332
-2.055715,51,1367.491408
-2.160012,51,1367.536112
-1.848703,51,1367.58148
-2.167941,51,1367.630661
-1.866845,51,1367.687065
-2.022252,51,1367.754389
-2.026271,51,1367.815605
-2.012663,51,1367.859985
-1.882959,51,1367.916678
-2.191749,51,1367.977201
-1.858678,51,1368.027323
-2.17067,51,1368.096987
-2.258333,51,1368.150362
-1.518225,52,1368.20433
-1.712567,51,1368.247558
-1.826408,51,1368.288813
-2.049735,51,1368.357295
-1.966972,51,1368.420347
-1.964718,51,1368.463623
-1.822116,51,1368.510423
-1.640785,51,1368.560113
-1.898862,51,1368.616837
-2.003874,51,1368.67835
-1.915286,51,1368.745497
-1.854272,51,1368.790047
-2.807978,51,1368.838964
-2.00294,52,1368.900217
-2.085914,51,1368.949158
-1.949845,51,1369.022501
-1.725257,51,1369.075909
-1.847514,51,1369.119517
-2.168732,51,1369.186434
-2.041123,51,1369.240773
-2.111357,51,1369.294818
-2.078641,51,1369.338701
-1.719451,51,1369.380003
-1.76009,51,1369.445449
