#{"t_start": 1789404494.1612291, "env_id": "None"}
r,l,t
-1.549617,52,1.067175
-1.611875,51,1.090377
-1.669464,51,1.112904
-1.424635,50,1.134846
-1.638643,51,1.158402
-1.634892,51,1.180906
-1.537724,51,1.203248
-1.999222,51,1.225596
-1.616869,51,1.247778
-1.633303,51,1.269953
-1.856231,51,1.29217
-2.333475,51,1.314364
-1.418545,50,1.336261
-1.275068,51,1.358515
-1.417749,51,1.380741
-1.407708,51,1.402979
-1.791959,51,1.425417
-1.580743,51,1.447847
-2.042957,50,1.472567
-1.900292,51,1.499573
-1.615188,51,1.524842
-1.846196,51,1.5473
-1.764493,51,1.571175
-2.162274,51,1.593463
-1.650572,51,1.615668
-2.793718,51,1.637908
-1.54841,50,1.659824
-1.843143,51,1.682046
-1.792662,51,1.704271
-1.845717,52,1.726989
-1.890016,50,1.748748
-1.867889,51,1.771071
-2.372678,51,1.793315
-2.050882,51,1.815477
-1.65879,52,1.838154
-1.890485,51,1.860344
-1.699647,51,1.882645
-2.030745,51,1.906774
-1.537363,51,1.932816
-1.630713,51,1.95855
-1.988899,51,2.270165
-2.077997,52,2.29652
-1.775736,51,2.322343
-1.946649,52,2.348303
-1.548267,50,2.373344
-1.746189,51,2.398746
-1.59978,52,2.424741
-1.694996,51,2.458745
-1.348542,51,2.486846
-1.528873,51,2.513441
-1.980518,51,2.5391
-1.621492,52,2.565396
-1.854748,52,2.59195
-1.601397,51,2.617802
-1.491757,50,2.642973
-1.60853,51,2.668436
-1.935977,51,2.694003
-2.359821,51,2.719573
-1.942768,50,2.744809
-2.233243,51,2.770366
-1.85579,51,2.795535
-1.512047,50,2.820429
-1.505323,51,2.84576
-1.673265,51,2.871148
-1.967062,51,2.896718
-1.5538,51,2.922289
-1.624511,51,2.947712
-1.962082,51,2.973388
-3.106345,51,2.998928
-1.830875,51,3.024266
-1.720332,51,3.049498
-1.901719,51,3.074899
-1.497192,51,3.100446
-1.883644,50,3.125595
-1.884191,51,3.151123
-1.506436,52,3.177203
-1.70094,51,3.202729
-1.857269,51,3.228201
-1.550955,51,3.253554
-1.832212,51,3.278753
-2.027661,51,3.575476
-1.617326,51,3.60129
-1.572828,51,3.629912
-1.457323,51,3.656557
-1.586086,50,3.68246
-1.545071,51,3.710487
-1.727558,51,3.737022
-1.37496,50,3.763046
-1.739139,52,3.789189
-1.794192,52,3.816506
-1.527899,51,3.842488
-1.36945,51,3.868153
-2.151104,51,3.894092
-1.832007,51,3.919603
-1.529064,51,3.946031
-1.683628,51,3.972037
-1.45459,51,3.997479
-1.432695,52,4.023283
-1.624932,51,4.048686
-1.683959,51,4.074081
-1.651362,51,4.099315
-2.131662,51,4.124496
-1.636032,51,4.151661
-2.087973,51,4.176984
-1.745157,51,4.202522
-1.850168,51,4.22948
-1.601057,51,4.256342
-1.982591,51,4.283296
-1.278401,51,4.31069
-2.530371,51,4.337614
-1.64218,51,4.366661
-1.243563,51,4.398101
-1.910902,51,4.42838
-1.627992,51,4.458025
-2.05392,51,4.487596
-1.63275,52,4.518996
-2.134956,51,4.55123
-1.83932,51,4.581309
-1.359056,50,4.610479
-1.610183,52,4.640778
-1.356125,50,4.968511
-2.0728,51,5.002318
-1.441786,51,5.032711
-1.187914,52,5.063752
-1.52185,50,5.090679
-1.564648,51,5.119621
-1.87286,52,5.150684
-2.04354,51,5.178699
-1.63287,51,5.207737
-1.615865,52,5.23569
-1.731366,51,5.264276
-1.610847,50,5.293131
-1.636071,51,5.32054
-1.635186,51,5.349954
-1.520425,51,5.379312
-1.875097,51,5.40858
-1.706429,51,5.438959
-1.803962,51,5.468163
-1.857509,52,5.497112
-1.720309,50,5.525901
-1.962233,51,5.554031
-1.928731,51,5.583704
-1.390693,51,5.613016
-1.68956,52,5.642975
-1.695522,51,5.672282
-1.856283,50,5.701071
-1.330575,52,5.729091
-1.747993,51,5.757396
-2.104954,51,5.783999
-1.572862,50,5.813054
-2.159755,51,5.842347
-2.273951,51,5.870595
-2.080093,51,5.898058
-1.376763,52,5.926862
-1.479746,51,5.954391
-1.394233,51,5.985549
-1.894152,51,6.015829
-2.05023,51,6.043292
-2.050464,51,6.069115
-1.688132,51,6.094921
-1.702887,51,6.376594
-1.725947,50,6.401979
-1.676117,51,6.427726
-1.812078,51,6.453545
-1.846673,50,6.479516
-1.71073,51,6.505677
-2.123304,51,6.531566
-1.433673,51,6.557405
-1.613306,51,6.583043
-1.652167,52,6.609376
-1.700058,51,6.635087
-1.975294,51,6.660635
-1.308085,51,6.687177
-1.655433,52,6.713694
-1.468882,51,6.739379
-1.342133,51,6.765048
-2.07872,51,6.790729
-1.689975,51,6.816379
-1.812703,51,6.84182
-1.560328,51,6.867319
-1.311847,51,6.892903
-1.395361,51,6.91839
-1.452578,51,6.944026
-1.298649,50,6.969149
-1.737224,51,6.994692
-2.050471,51,7.020317
-1.322826,50,7.045553
-1.668391,50,7.070796
-1.81334,51,7.096292
-1.675975,51,7.121807
-1.723916,52,7.147827
-1.447283,51,7.173179
-1.43465,52,7.199474
-1.575195,51,7.226014
-1.425471,52,7.256557
-1.845931,51,7.287609
-1.710808,51,7.316733
-1.792733,51,7.344457
-1.767082,51,7.372015
-1.353159,51,7.39953
-1.752603,51,7.800364
-2.127708,51,7.829745
-1.671744,51,7.855826
-1.375569,51,7.881641
-1.571782,51,7.90749
-1.542185,51,7.93333
-1.961798,51,7.959231
-2.181345,51,7.994729
-1.577376,52,8.02128
-1.543298,51,8.047288
-1.444858,51,8.073074
-2.169075,51,8.098823
-1.915209,51,8.124583
-1.608579,50,8.149882
-2.248184,51,8.175483
-2.082953,52,8.201569
-1.580372,52,8.227624
-1.479963,51,8.253045
-1.759746,51,8.27864
-1.479513,51,8.304281
-1.52703,50,8.329378
-1.746555,51,8.355072
-1.734392,52,8.38122
-1.819304,51,8.406829
-1.619851,51,8.432417
-1.617127,51,8.458006
-1.347627,51,8.483626
-2.74934,51,8.509302
-2.186355,51,8.53488
-1.650655,51,8.560466
-1.310099,52,8.586774
-1.231277,52,8.612746
-1.590727,51,8.638438
-1.423794,50,8.663772
-1.985142,51,8.689613
-1.833795,51,8.715345
-1.615552,51,8.741053
-1.481499,51,8.766686
-1.435179,52,8.792891
-1.711629,51,8.81838
-1.340237,50,9.099869
-1.720312,51,9.126051
-1.62649,51,9.15357
-1.459804,51,9.180818
-1.489174,52,9.207438
-1.311464,50,9.232622
-1.465308,50,9.257774
-1.894492,51,9.283365
-1.329341,51,9.308966
-1.896612,51,9.334606
-1.571239,51,9.360101
-1.65587,52,9.38635
-1.52724,51,9.411906
-1.305092,51,9.437467
-1.394893,51,9.462919
-1.898916,51,9.488472
-1.266048,51,9.514115
-1.413008,51,9.539635
-1.230172,51,9.565158
-1.671562,51,9.59067
-1.471592,51,9.616298
-1.646667,50,9.641475
-1.390208,52,9.667572
-1.638699,51,9.69317
-1.52972,51,9.718694
-1.603034,51,9.744153
-1.655282,51,9.769532
-1.566863,51,9.794869
-1.501711,52,9.821053
-1.570338,51,9.846764
-1.373927,51,9.87248
-1.751582,51,9.897942
-1.53097,52,9.924236
-1.552512,51,9.949933
-1.664605,51,9.9756
-1.848146,51,10.007226
-1.594554,51,10.034038
-1.285951,50,10.059638
-1.405126,51,10.08563
-1.695707,51,10.111233
-1.186836,51,10.388999
-1.38939,51,10.415486
-1.363956,50,10.443263
-1.525278,50,10.468806
-1.566729,52,10.4964
-1.230399,50,10.521981
-1.347642,51,10.547703
-1.412648,50,10.57419
-1.951319,51,10.600299
-1.495618,51,10.626113
-1.858248,51,10.651889
-2.1063,51,10.67829
-1.459603,51,10.703734
-1.53374,51,10.72921
-1.76367,51,10.754722
-1.882646,50,10.77962
-1.860361,51,10.805171
-1.692851,51,10.830791
-1.827552,51,10.858621
-1.636809,51,10.886199
-1.526178,52,10.912618
-1.662008,51,10.93807
-1.40148,52,10.964249
-1.912999,51,10.989975
-1.365007,51,11.015399
-1.451567,50,11.040533
-1.543523,51,11.06604
-1.854475,51,11.091489
-1.36709,51,11.116889
-1.755637,51,11.142385
-1.749905,51,11.167787
-1.784613,50,11.192732
-1.777558,50,11.2174
-1.725426,51,11.241871
-1.621521,50,11.265314
-1.36774,51,11.290676
-1.72413,51,11.314571
-1.796241,51,11.339262
-1.480866,51,11.364144
-1.458399,51,11.389057
-1.413766,51,11.413476
-1.433329,50,11.678489
-1.400256,52,11.702949
-1.420056,51,11.728236
-1.796839,51,11.752433
-1.84011,51,11.776486
-1.31689,51,11.801655
-1.678609,50,11.825791
-1.2315,50,11.851806
-1.482447,51,11.876657
-1.574838,51,11.901517
-1.377971,50,11.92491
-1.5313,51,11.950272
-1.437474,51,11.974163
-1.468067,51,11.999611
-1.490371,51,12.023317
-1.477739,50,12.047541
-1.750814,52,12.072849
-1.541375,51,12.096822
-1.642619,51,12.122483
-1.9235,52,12.146721
-1.820571,51,12.172159
-2.539773,51,12.195994
-1.734314,51,12.221589
-1.832878,51,12.245317
-1.351321,52,12.270335
-1.390662,52,12.295541
-1.760394,52,12.32099
-1.788098,50,12.34489
-1.435537,51,12.368507
-1.613252,50,12.393453
-1.368884,51,12.417035
-1.863494,51,12.442578
-1.519807,51,12.467265
-1.281993,50,12.491422
-1.73364,51,12.516521
-1.397098,50,12.540422
-1.892906,52,12.564996
-1.707613,51,12.590416
-1.87408,52,12.615303
-1.799436,51,12.640456
-1.455002,51,12.903501
-1.423998,51,12.927368
-1.162792,52,12.953505
-1.297496,51,12.97719
-1.48765,51,13.002493
-1.842785,51,13.026467
-1.426436,52,13.052437
-1.577364,50,13.07566
-1.946303,51,13.10111
-1.210411,51,13.124666
-1.642088,52,13.150082
-1.857575,52,13.175033
-1.866425,51,13.198671
-1.33829,51,13.224065
-1.470946,51,13.248064
-1.392091,51,13.272935
-1.043728,51,13.296464
-1.806455,51,13.321963
-1.434273,50,13.345213
-1.770928,52,13.37091
-1.528207,50,13.394354
-1.222693,51,13.418489
-1.695132,51,13.443258
-1.860575,51,13.467777
-1.323676,52,13.492721
-1.756906,51,13.516371
-1.873129,51,13.541651
-1.693575,51,13.565268
-1.600224,51,13.590436
-1.592331,50,13.613615
-1.892943,52,13.639365
-1.74261,51,13.663137
-1.423041,52,13.688706
-1.548577,52,13.713672
-1.711352,50,13.738815
-1.350431,50,13.762346
-1.648909,51,13.786626
-1.520643,51,13.81156
-1.767008,51,13.836053
-1.396528,51,13.860571
-1.383419,51,14.123979
-1.525083,50,14.147465
-1.467776,52,14.17327
-1.420883,51,14.197102
-1.626563,50,14.222185
-1.679679,50,14.245433
-1.812723,51,14.27007
-1.772591,51,14.294485
-1.622348,51,14.318185
-1.472897,52,14.344079
-1.381795,51,14.367848
-1.846099,51,14.393119
-1.519551,51,14.416779
-1.390518,51,14.441298
-1.774785,51,14.4658
-1.83175,52,14.491148
-1.460173,51,14.515241
-1.856672,51,14.539066
-1.343482,51,14.564333
-1.471551,51,14.587923
-1.476577,51,14.613238
-1.257075,50,14.63639
-1.904319,51,14.661249
-1.723272,51,14.685342
-1.322176,51,14.709259
-1.585275,52,14.735289
-1.218871,52,14.759217
-1.350964,51,14.783624
-1.526222,51,14.808314
-1.553173,51,14.833209
-1.387889,50,14.856724
-1.856185,51,14.88063
-1.574391,51,14.906045
-1.478408,50,14.929405
-1.573605,52,14.955429
-1.459782,51,14.979133
-1.70532,50,15.003695
-1.338243,51,15.027973
-1.448964,51,15.053345
-1.74835,51,15.07706
-1.455219,51,15.338526
-1.835078,51,15.363962
-1.367736,51,15.387919
-1.485132,51,15.413577
-1.463299,51,15.43728
-1.613539,50,15.462228
-1.252125,52,15.486763
-1.590881,52,15.511348
-1.47466,51,15.536477
-1.443963,52,15.560654
-1.333786,51,15.585358
-2.319816,51,15.610029
-1.585853,51,15.635045
-1.571484,52,15.659717
-1.539252,51,15.685047
-1.767076,51,15.708685
-1.346248,50,15.732843
-1.427857,51,15.757634
-1.72081,51,15.781304
-1.662496,51,15.806251
-1.752149,51,15.83049
-1.46004,52,15.856312
-1.705709,51,15.880029
-1.744156,51,15.90405
-1.233776,52,15.929426
-1.517221,52,15.953644
-1.668849,51,15.978544
-1.248004,52,16.003284
-1.499901,50,16.027963
-1.820188,50,16.051262
-1.489343,51,16.075312
-1.678602,51,16.10028
-1.457098,51,16.124116
-1.227215,50,16.148749
-1.914953,52,16.173641
-1.361052,51,16.1991
-1.979646,51,16.223227
-1.630399,52,16.258573
-1.432873,51,16.288609
-1.33377,51,16.315701
-1.355739,51,16.580515
-1.262659,50,16.60613
-1.629535,51,16.630383
-1.337401,51,16.655897
-1.653617,51,16.679818
-1.372905,51,16.704552
-1.399757,51,16.729279
-1.705502,51,16.753409
-1.203915,51,16.778999
-1.324917,51,16.802886
-1.381257,51,16.82835
-1.580934,51,16.852191
-1.53424,51,16.876517
-1.66229,51,16.901441
-1.420237,51,16.926659
-1.568128,51,16.951165
-1.504432,51,16.974859
-1.422672,52,17.000637
-1.92278,51,17.024581
-1.775621,51,17.048591
-1.597397,51,17.073617
-1.361521,51,17.097994
-1.627822,52,17.12301
-1.523,51,17.146662
-1.252821,52,17.172693
-1.508248,51,17.19652
-1.800777,52,17.222492
-1.453725,52,17.246668
-1.584668,51,17.270957
-1.494552,51,17.295853
-1.434618,51,17.319501
-1.554122,51,17.345092
-1.624836,51,17.369012
-1.759375,51,17.394431
-1.230587,51,17.418474
-1.31621,51,17.444127
-1.700377,51,17.467859
-1.514184,51,17.492468
-1.476403,50,17.516835
-1.307016,51,17.541834
-1.315601,52,17.80381
-1.479055,51,17.828577
-1.581204,51,17.854331
-1.615562,51,17.879559
-1.600635,52,17.906677
-1.575281,51,17.930438
-1.490723,51,17.956017
-1.558023,51,17.979879
-1.55305,50,18.004873
-1.598247,51,18.028591
-1.449625,51,18.053446
-1.489768,51,18.077829
-1.796979,51,18.102899
-1.146983,51,18.126947
-1.615468,51,18.151049
-1.514055,51,18.176245
-1.501018,51,18.20058
-1.272448,51,18.225389
-1.521777,51,18.248918
-1.221812,51,18.273915
-1.319685,51,18.297942
-1.35816,51,18.323172
-1.355087,51,18.34669
-1.819632,51,18.371086
-1.537463,51,18.395795
-1.261744,51,18.419427
-1.782609,51,18.44454
-1.497586,50,18.468256
-1.261446,51,18.493747
-1.843626,51,18.517394
-1.428727,51,18.541829
-1.189023,51,18.566774
-1.716779,51,18.590735
-1.389366,51,18.616332
-1.242643,50,18.639738
-1.500824,52,18.665818
-1.258919,50,18.689293
-1.143702,50,18.714519
-1.43478,51,18.7383
-1.687877,51,18.763057
-1.409068,52,18.788199
-1.610342,52,19.049031
-1.342933,52,19.07341
-1.564445,52,19.099409
-1.274074,50,19.122583
-1.334746,51,19.146928
-1.504184,52,19.172163
-1.324386,50,19.195322
-1.813168,51,19.220687
-1.300693,50,19.24404
-1.398592,50,19.268846
-1.225307,51,19.292425
-1.621175,51,19.317112
-1.421394,51,19.341489
-1.461362,52,19.365707
-1.296223,52,19.39182
-1.461326,51,19.415484
-1.406144,50,19.440454
-1.576152,51,19.464009
-1.59007,51,19.488423
-1.342703,50,19.512486
-1.315581,51,19.537317
-1.652244,51,19.56145
-1.184864,51,19.585197
-1.268987,52,19.610873
-1.735694,52,19.635057
-1.534466,52,19.65994
-1.703461,50,19.684115
-1.526026,51,19.709066
-1.474627,51,19.733133
-1.369506,51,19.757125
-1.513806,50,19.782192
-1.60822,51,19.806038
-1.270978,51,19.831549
-1.232159,50,19.855905
-1.483083,51,19.880636
-1.400671,52,19.905023
-1.635416,51,19.930705
-1.244904,52,19.95495
-1.532438,52,19.980787
-1.816955,51,20.004531
-1.475617,51,20.266205
-1.631201,52,20.29083
-1.148147,51,20.315738
-1.574224,52,20.340862
-1.393771,51,20.364637
-1.608399,52,20.390563
-1.273197,50,20.413858
-1.283294,51,20.439355
-1.794578,51,20.46337
-1.471571,51,20.547119
-1.551377,51,20.574079
-1.936333,51,20.601013
-1.195739,51,20.62687
-1.631291,51,20.652975
-1.954901,51,20.678652
-1.4781,52,20.705037
-1.326084,51,20.729076
-1.334429,51,20.753422
-1.290445,51,20.778493
-1.443841,52,20.803534
-1.43014,51,20.828178
-1.681957,51,20.85319
-1.854185,51,20.877439
-1.470892,51,20.901342
-1.367614,51,20.92679
-1.160151,51,20.950559
-1.243532,50,20.974724
-1.226124,50,20.998992
-1.590668,51,21.02403
-1.441277,51,21.048091
-1.409424,52,21.074162
-1.483926,50,21.097696
-1.492696,52,21.122611
-1.578789,52,21.148439
-1.315431,50,21.172656
-1.416092,51,21.197562
-1.121531,51,21.221529
-1.180357,51,21.246946
-1.488985,51,21.271058
-1.247188,51,21.296712
-1.47509,51,21.559163
-1.582702,51,21.583396
-1.130547,50,21.607469
-1.438151,51,21.632281
-1.426958,51,21.657197
-1.60575,51,21.681615
-1.333123,51,21.705271
-1.508325,50,21.730399
-1.561721,52,21.754701
-1.408228,51,21.778909
-1.25603,50,21.803288
-1.542053,51,21.828117
-1.277642,51,21.85243
-1.218666,52,21.876764
-1.452264,51,21.902154
-1.317392,51,21.926123
-1.537435,51,21.951192
-1.169451,51,21.974855
-1.860201,51,21.999536
-1.421033,52,22.024431
-1.58863,51,22.049524
-1.377987,51,22.073519
-1.491886,51,22.097252
-1.59548,51,22.122466
-1.493392,51,22.146127
-1.500927,51,22.171596
-1.239987,50,22.194923
-1.191524,51,22.219949
-1.446461,52,22.244331
-1.338668,51,22.268281
-1.128071,51,22.293641
-1.335479,52,22.319837
-1.323379,51,22.343544
-1.311798,51,22.368399
-1.381903,51,22.392881
-1.40253,51,22.418376
-1.239829,52,22.443238
-1.474932,51,22.468755
-1.359965,52,22.493027
-1.428221,51,22.518637
-1.309164,51,22.781855
-1.514647,51,22.805904
-1.485119,52,22.832225
-1.651814,51,22.855964
-1.445416,50,22.880341
-1.264612,51,22.904852
-1.251536,51,22.930392
-2.40945,51,22.954449
-1.847051,51,22.978289
-1.309759,51,23.003482
-1.395558,51,23.027095
-1.488285,51,23.052456
-1.348765,52,23.076603
-1.500142,51,23.101369
-1.254729,51,23.125485
-1.546656,51,23.150638
-1.620179,51,23.17423
-1.417951,51,23.198357
-1.509136,51,23.223127
-1.837101,51,23.246741
-1.388571,51,23.271551
-1.701904,51,23.295625
-1.689423,51,23.320804
-1.196391,51,23.344461
-1.08236,51,23.368652
-1.622243,52,23.393979
-1.57398,51,23.417582
-1.431362,52,23.443534
-1.298498,51,23.473245
-1.489172,51,23.500038
-1.573221,51,23.525439
-1.589057,51,23.549503
-1.470896,51,23.574654
-1.452509,52,23.599762
-1.306554,51,23.623726
-1.514131,51,23.649349
-1.164036,51,23.673284
-1.806453,51,23.698913
-1.429011,51,23.722691
-1.50568,51,23.747586
-1.204496,52,24.009931
-1.297402,51,24.034876
-1.252667,51,24.058872
-1.309942,52,24.084895
-1.358831,51,24.109077
-1.313452,51,24.134686
-1.420451,52,24.158931
-1.343519,52,24.18383
-1.672699,51,24.208781
-1.393273,52,24.233086
-1.735049,51,24.258489
-1.287874,51,24.282381
-1.159667,51,24.307706
-1.26002,50,24.331016
-1.359056,52,24.355621
-1.384007,51,24.38065
-1.244726,51,24.404427
-1.64733,51,24.429881
-1.350535,51,24.453645
-1.36337,51,24.478942
-1.139464,50,24.502457
-1.258775,51,24.526691
-1.23352,52,24.552328
-1.388573,51,24.57684
-1.167111,52,24.602244
-1.338429,52,24.626568
-1.090273,50,24.651311
-1.276306,51,24.675431
-1.907788,51,24.700863
-1.262569,51,24.72465
-1.372981,50,24.748785
-1.2908,51,24.773831
-1.257521,51,24.797781
-1.340374,52,24.82396
-2.222774,51,24.847954
-1.277945,51,24.873504
-1.540229,50,24.89728
-1.416442,51,24.923086
-1.375099,51,24.94671
-1.795991,51,24.971401
-1.250078,51,25.232942
-1.240973,50,25.256677
-1.13532,50,25.282034
-1.678683,52,25.306523
-1.322354,51,25.332165
-1.363804,52,25.356627
-1.331073,51,25.38103
-1.463439,51,25.40608
-1.539207,52,25.43042
-1.282822,52,25.455782
-1.487407,51,25.480302
-1.235771,51,25.505567
-1.130369,50,25.529248
-1.185875,51,25.553357
-1.523191,51,25.578565
-1.382648,51,25.602256
-1.312786,52,25.627568
-1.319165,52,25.652695
-1.688911,51,25.677755
-1.467606,51,25.702079
-1.272126,51,25.725972
-1.42163,51,25.751539
-1.543237,50,25.774888
-1.43448,51,25.800412
-1.329999,51,25.824249
-1.281887,51,25.849212
-1.175533,51,25.873621
-1.304079,51,25.897485
-1.450865,51,25.922885
-1.278983,51,25.946877
-1.126855,51,25.972575
-1.413129,51,25.996467
-1.122668,51,26.021474
-1.639185,51,26.046129
-1.254034,52,26.070611
-1.280501,51,26.096361
-1.439796,51,26.120507
-1.250568,51,26.145919
-1.464883,51,26.169544
-1.634193,51,26.194337
-1.331278,51,26.454841
-1.158674,51,26.480528
-1.492716,51,26.505108
-1.893595,51,26.529138
-1.299318,51,26.554812
-1.294448,50,26.578783
-1.55261,51,26.603985
-1.520427,51,26.627928
-1.32642,51,26.653111
-1.285381,50,26.677077
-1.616353,51,26.700896
-1.362611,50,26.726049
-1.212019,50,26.74991
-1.174798,51,26.774722
-1.539103,51,26.798547
-1.155112,51,26.823604
-1.61127,51,26.847887
-1.33454,51,26.871765
-1.478082,51,26.89704
-1.627698,51,26.920663
-1.423065,51,26.945161
-1.410199,51,26.969759
-1.253791,51,26.994691
-1.264915,50,27.018644
-1.533016,51,27.04249
-1.357586,51,27.067859
-1.777623,51,27.092049
-1.472736,51,27.116994
-1.18373,52,27.141132
-1.393521,51,27.166193
-1.44952,51,27.190634
-1.411835,52,27.216506
-1.308596,51,27.240659
-1.358307,51,27.264749
-1.253456,51,27.289981
-1.405098,51,27.313786
-1.22299,51,27.338561
-1.488217,52,27.363621
-1.295817,52,27.3878
-1.368193,51,27.413438
-1.536662,51,27.670035
-1.471833,51,27.695432
-1.380461,51,27.719509
-1.253649,52,27.745204
-1.593799,51,27.769675
-1.401432,51,27.793637
-1.4047,51,27.819251
-1.315256,50,27.842923
-1.248077,51,27.868113
-1.390523,51,27.891771
-1.662635,52,27.917072
-1.790973,52,27.942123
-1.438876,51,27.965925
-1.188684,51,27.991346
-1.239591,52,28.015676
-1.227412,51,28.041006
-1.167812,51,28.064685
-1.516816,51,28.089261
-1.322934,51,28.113881
-1.237776,51,28.137647
-1.614125,51,28.16299
-1.304691,51,28.186892
-1.339617,51,28.211034
-1.154882,51,28.236217
-1.699437,51,28.260659
-1.215882,51,28.285096
-1.221777,51,28.308659
-1.130042,51,28.333805
-1.323088,52,28.358171
-1.239649,51,28.382442
-1.590829,51,28.407709
-1.151798,51,28.431597
-1.299847,51,28.457225
-1.418032,51,28.481136
-1.241446,51,28.506348
-1.534672,51,28.530606
-1.282451,52,28.555142
-1.353623,51,28.580509
-1.390239,52,28.604535
-1.240161,51,28.630366
-1.394017,51,28.889549
-1.344148,52,28.915057
-1.367568,51,28.939012
-1.408399,51,28.964869
-1.359053,52,28.989341
-1.18878,51,29.013501
-1.286465,51,29.038622
-1.339177,50,29.061922
-1.264043,51,29.087589
-1.166981,51,29.111519
-1.365276,51,29.136797
-1.196516,51,29.160942
-1.382759,51,29.184904
-1.889513,51,29.209879
-1.212029,51,29.233622
-1.450151,51,29.258472
-1.196568,51,29.283114
-1.60192,51,29.308297
-1.151639,51,29.332462
-1.274683,52,29.356931
-1.3846,51,29.382363
-1.313942,50,29.405705
-1.447291,50,29.430027
-1.336441,52,29.455056
-1.176321,51,29.480115
-1.503636,52,29.504801
-1.504307,51,29.528681
-1.181381,51,29.554096
-1.435551,51,29.577999
-1.455507,51,29.603719
-1.054894,51,29.627726
-1.516535,51,29.652695
-1.289905,51,29.677385
-1.057333,51,29.701309
-1.482637,51,29.726901
-1.332157,51,29.750885
-1.299442,51,29.776514
-1.314117,50,29.79991
-1.232618,51,29.824495
-1.469067,51,29.849116
-1.109065,51,30.1069
-1.44987,52,30.13361
-1.285234,52,30.1583
-1.391492,52,30.18445
-1.422189,51,30.208301
-1.353566,51,30.233017
-1.461332,51,30.257661
-1.461128,51,30.281342
-1.14442,51,30.306612
-1.789933,51,30.330606
-1.459979,51,30.355949
-1.187057,50,30.37911
-1.185433,52,30.405066
-1.500202,50,30.428372
-1.316526,51,30.45347
-1.20259,51,30.477838
-1.218023,50,30.50122
-1.404787,52,30.527142
-1.198637,51,30.550823
-1.314851,51,30.576329
-1.131647,51,30.600128
-1.375787,51,30.625049
-1.396029,52,30.64983
-1.269875,52,30.674306
-1.146325,51,30.699844
-1.343482,51,30.723553
-1.259649,51,30.748977
-1.312648,51,30.772386
-1.265694,51,30.797462
-1.331967,51,30.82227
-1.155264,52,30.846838
-1.465446,51,30.872281
-1.246853,50,30.895954
-1.211375,51,30.921613
-1.262339,50,30.945141
-1.183584,51,30.96968
-1.705908,51,30.994263
-1.169255,51,31.019112
-1.568583,51,31.043108
-1.307658,51,31.067081
-1.209991,50,31.091959
-1.193639,52,31.35228
-1.191684,51,31.37635
-1.204592,51,31.40216
-1.180073,51,31.426043
-1.461067,52,31.451961
-1.47899,51,31.476108
-1.305656,52,31.500712
-1.216175,51,31.526127
-1.181691,50,31.549541
-1.44055,51,31.575224
-1.441677,51,31.598935
-1.31865,51,31.623973
-1.42107,52,31.648814
-1.378794,51,31.672614
-1.551184,51,31.698103
-1.49805,52,31.722725
-1.694057,51,31.747807
-1.329248,51,31.771567
-1.25984,51,31.796199
-1.232346,51,31.820512
-1.2337,51,31.844154
-1.407331,51,31.869685
-1.232398,50,31.893396
-1.436794,51,31.918462
-1.66695,51,31.942183
-1.213287,51,31.967035
-1.429704,51,31.991304
-1.31551,51,32.015091
-1.324396,51,32.040714
-1.301285,51,32.065026
-1.551693,51,32.090237
-1.302544,51,32.114081
-1.523673,51,32.138907
-1.42833,52,32.163868
-1.247681,50,32.187154
-1.308467,51,32.21262
-1.455473,51,32.23653
-1.345123,51,32.262116
-1.046745,50,32.285807
-1.20604,52,32.311888
-1.310379,51,32.572072
-1.365581,51,32.596925
-1.15903,52,32.621284
-1.155956,51,32.64683
-1.141991,51,32.670727
-1.434164,51,32.696245
-1.376695,51,32.720031
-1.349265,52,32.745004
-1.140927,52,32.770397
-1.244151,51,32.794202
-1.552175,51,32.819755
-1.337284,50,32.843088
-1.175918,51,32.868356
-1.270971,51,32.892211
-1.655005,51,32.917596
-1.352464,51,32.943014
-1.46556,51,32.966731
-1.174616,50,32.991803
-1.324017,50,33.01508
-1.177958,51,33.040142
-1.154206,50,33.063611
-1.066336,50,33.08861
-1.153951,50,33.111919
-1.193094,51,33.136405
-1.796778,51,33.161023
-1.166094,51,33.184703
-1.336186,51,33.209775
-1.252421,51,33.233777
-1.229272,51,33.259365
-1.360233,51,33.283245
-1.445397,51,33.307777
-1.433388,52,33.333047
-1.504445,51,33.356819
-1.432345,51,33.382303
-1.558817,51,33.406091
-1.146922,51,33.431565
-1.295876,51,33.455222
-1.306432,51,33.479413
-1.323714,51,33.504227
-1.050311,52,33.528533
-1.243396,51,33.791532
-1.46816,51,33.816361
-1.20595,52,33.840929
-1.333025,52,33.867036
-1.208628,52,33.891605
-1.266613,51,33.915892
-1.150077,51,33.94094
-1.221838,51,33.964548
-1.523813,51,33.990079
-1.232569,51,34.013803
-1.346998,51,34.039152
-1.574531,51,34.062963
-1.219986,51,34.087099
-1.40672,51,34.11221
-1.367465,51,34.135776
-1.207053,52,34.161857
-1.147234,52,34.186091
-1.255246,51,34.211065
-1.179076,51,34.235053
-1.211392,51,34.259063
-1.203556,52,34.284706
-1.329904,51,34.308321
-1.129963,51,34.332893
-1.379408,51,34.357289
-1.181603,51,34.380911
-1.462873,51,34.406261
-1.113618,51,34.430094
-1.492218,51,34.455301
-1.407157,52,34.479647
-1.518752,51,34.504372
-1.348854,52,34.529559
-1.305579,51,34.55452
-1.200226,51,34.578842
-1.449684,51,34.602728
-1.249053,51,34.628242
-1.528267,51,34.704017
-1.271124,51,34.730227
-1.216266,51,34.755969
-1.417547,52,34.782743
-1.518529,51,34.809806
-1.231949,51,35.072016
-1.214635,51,35.096228
-1.11211,52,35.121297
-1.374769,51,35.146249
-1.282706,51,35.170897
-1.115792,52,35.195964
-1.497951,51,35.219605
-1.196219,50,35.244503
-1.485736,51,35.268262
-1.099108,51,35.292443
-1.151103,51,35.317255
-1.371792,51,35.340889
-1.107342,51,35.366321
-1.21204,50,35.389289
-1.387805,51,35.414569
-1.768914,51,35.43823
-1.095708,51,35.462571
-1.846479,51,35.487366
-1.337915,51,35.512156
-1.50144,52,35.537069
-1.463392,51,35.560598
-1.235171,51,35.585921
-1.145913,51,35.609554
-1.409441,50,35.633443
-1.212914,51,35.658199
-1.167531,51,35.682983
-1.210584,50,35.706768
-1.154018,51,35.730596
-1.492886,52,35.756557
-1.195672,51,35.780288
-1.140155,51,35.805713
-1.07729,50,35.829259
-1.346257,51,35.854208
-1.361832,51,35.878704
-1.093698,51,35.902439
-1.221415,51,35.92786
-1.322945,51,35.951813
-1.264796,50,35.976174
-1.154188,51,35.999907
-1.209163,51,36.024803
-1.279221,51,36.280863
-1.196316,51,36.304889
-1.295221,51,36.330657
-1.36732,51,36.354392
-1.200502,51,36.379237
-1.072038,50,36.402963
-1.252479,51,36.426648
-1.262787,51,36.451886
-1.22658,51,36.475395
-1.383985,51,36.499919
-1.399789,51,36.524493
-1.179482,51,36.549359
-1.214986,51,36.573463
-1.425222,50,36.596801
-1.165464,51,36.621854
-1.246362,52,36.645825
-1.275768,51,36.670321
-1.218798,50,36.694125
-1.382121,51,36.71922
-1.488831,51,36.742975
-1.351566,51,36.766852
-1.561872,51,36.791771
-1.924717,51,36.815288
-1.241161,51,36.840237
-1.332883,51,36.864354
-1.090355,51,36.889332
-1.351362,52,36.913475
-1.240621,51,36.937469
-1.291436,51,36.962604
-1.432956,51,36.986425
-1.182503,52,37.011664
-1.422914,51,37.036289
-1.649977,51,37.061472
-1.203147,51,37.085821
-1.325078,51,37.109644
-1.238307,51,37.13506
-1.456975,51,37.159264
-1.276909,51,37.18391
-1.294355,51,37.207576
-1.344868,52,37.233052
-1.247931,51,37.489732
-1.217881,51,37.515623
-1.122583,51,37.539615
-1.221461,52,37.56483
-1.365397,51,37.589441
-1.31198,51,37.613161
-1.227883,52,37.638834
-1.256458,51,37.662617
-1.250501,51,37.687908
-1.225529,51,37.71148
-1.473245,51,37.735993
-1.248758,51,37.760389
-1.239645,51,37.783942
-1.255884,50,37.808664
-1.367705,51,37.832287
-1.429592,51,37.857536
-1.400457,51,37.881135
-1.240935,52,37.906116
-1.157277,51,37.930536
-1.428485,51,37.954093
-1.249009,51,37.979385
-1.242287,50,38.002501
-1.161275,50,38.026375
-1.225865,51,38.050877
-1.355489,51,38.075606
-1.117716,50,38.099258
-1.347456,51,38.123125
-1.104916,51,38.148153
-1.369818,51,38.171979
-1.245572,51,38.196646
-1.255071,52,38.221724
-1.423673,50,38.246349
-1.160999,51,38.270538
-1.161093,51,38.294364
-1.261298,51,38.31964
-1.335317,51,38.343349
-1.206205,52,38.368218
-1.365665,51,38.392778
-1.146498,50,38.415663
-1.348783,50,38.44064
-1.427837,51,38.695648
-1.174746,51,38.720921
-1.236121,51,38.745441
-1.40968,51,38.769265
-1.211388,51,38.794659
-1.26068,51,38.818375
-1.221516,51,38.84259
-1.146194,51,38.867367
-1.338082,51,38.891107
-1.623462,51,38.916172
-1.076148,50,38.939849
-1.105208,50,38.964885
-1.558696,51,38.988482
-1.206816,51,39.012787
-1.132864,51,39.037481
-1.305041,51,39.061022
-1.304936,51,39.086261
-1.227618,51,39.109886
-1.464912,52,39.135714
-1.366658,51,39.15925
-1.202186,51,39.183527
-1.290516,51,39.20816
-1.229587,51,39.231802
-1.096772,51,39.257319
-1.292844,51,39.282248
-1.352509,52,39.306502
-1.213495,51,39.330546
-1.3702,51,39.355403
-1.227347,51,39.379226
-1.081438,51,39.40475
-1.330064,51,39.428508
-1.233654,51,39.454069
-1.389093,51,39.477874
-1.050424,50,39.502923
-1.411365,51,39.526742
-1.324001,51,39.551139
-1.286191,51,39.575879
-1.121945,51,39.600495
-1.326097,51,39.62454
-1.308102,51,39.648114
-1.289119,51,39.673453
-1.263204,51,39.928885
-1.33674,51,39.954655
-1.217443,51,39.978616
-1.250261,51,40.004069
-1.350676,51,40.027982
-1.186447,50,40.052997
-1.183509,51,40.0765
-1.497323,52,40.101588
-1.067681,51,40.126017
-1.176047,51,40.149608
-1.358908,51,40.174744
-1.144429,50,40.197936
-1.20114,51,40.22212
-1.215216,51,40.246872
-1.442302,50,40.269937
-1.377104,52,40.295465
-1.088884,51,40.319347
-1.226954,52,40.343696
-1.1247,50,40.371203
-1.215883,51,40.395749
-1.090815,50,40.420768
-1.283404,51,40.445384
-1.103252,50,40.469735
-1.133784,51,40.493498
-1.042009,51,40.518967
-1.364855,51,40.542707
-1.256981,51,40.5682
-1.252765,51,40.591766
-1.391374,51,40.616386
-1.276053,51,40.641322
-1.238771,51,40.665135
-1.330312,52,40.691292
-1.086711,51,40.715197
-1.163962,51,40.740793
-1.419278,51,40.764736
-1.336122,51,40.789136
-1.176937,51,40.814117
-1.267826,51,40.837831
-1.23823,51,40.862683
-1.309286,51,40.886957
-1.38265,51,41.146644
-1.444115,52,41.171668
-1.142508,51,41.196893
-1.14941,52,41.221386
-1.32118,51,41.246169
-1.170458,51,41.270627
-1.138604,51,41.294276
-1.108198,50,41.3193
-1.199832,51,41.343338
-1.309058,51,41.368331
-1.179796,50,41.391573
-1.423107,52,41.416915
-1.209993,51,41.441194
-1.644086,51,41.464891
-1.226087,51,41.490396
-1.412792,52,41.514695
-1.418046,51,41.539971
-1.171474,51,41.563626
-1.172943,51,41.588234
-1.178872,50,41.612175
-1.229455,51,41.635719
-1.221147,50,41.660654
-1.245193,51,41.684393
-1.227226,51,41.708711
-1.369099,51,41.733411
-1.409473,52,41.757615
-1.231723,51,41.782991
-1.271145,52,41.806983
-1.126909,51,41.832625
-1.099746,51,41.856455
-1.321697,51,41.880857
-1.355583,51,41.90576
-1.284799,52,41.930049
-1.259878,51,41.955688
-1.322796,51,41.979471
-1.332169,51,42.00482
-1.315177,51,42.028669
-1.13765,50,42.052482
-1.294563,51,42.077073
-1.13755,51,42.100848
-1.265352,52,42.358486
-1.165427,50,42.383888
-1.266585,51,42.408484
-1.209878,50,42.43316
-1.332027,52,42.457632
-1.198117,51,42.482589
-1.148635,51,42.506925
-1.226929,51,42.530717
-1.215621,51,42.556221
-1.190958,51,42.579882
-1.152268,50,42.604943
-1.158779,51,42.628604
-1.148416,51,42.653474
-1.165147,51,42.677774
-1.228056,51,42.701417
-1.165192,51,42.726852
-1.253865,51,42.750502
-1.453744,51,42.774895
-1.276975,52,42.799991
-1.280864,52,42.824161
-1.151952,51,42.849046
-1.076412,50,42.872586
-1.521686,51,42.896459
-1.152569,50,42.920937
-1.293301,51,42.944581
-1.319663,51,42.969406
-1.266572,51,42.993615
-1.257476,50,43.018282
-1.188096,51,43.042044
-1.109636,51,43.066239
-1.459464,51,43.091356
-1.276057,52,43.116387
-1.281656,51,43.141104
-1.095268,51,43.164793
-1.197975,51,43.190047
-1.310211,51,43.214037
-1.182521,51,43.239553
-1.287936,51,43.263309
-1.129467,51,43.288528
-1.265383,52,43.31279
-1.266687,51,43.568743
-1.118686,50,43.593971
-1.093743,50,43.617477
-1.204584,51,43.642287
-1.519797,51,43.666997
-1.123345,51,43.690709
-1.276584,51,43.715943
-1.201061,51,43.739772
-1.242793,51,43.765222
-1.241324,51,43.788808
-1.140411,51,43.813458
-1.328236,51,43.838012
-1.217831,52,43.862001
-1.154051,51,43.887205
-1.306492,51,43.910829
-1.323515,51,43.934865
-1.194497,51,43.959616
-1.362938,51,43.983107
-1.169714,51,44.008003
-1.343189,51,44.032007
-1.206195,51,44.055607
-1.298395,51,44.080747
-1.179867,52,44.105433
-1.30581,50,44.129757
-1.32073,52,44.153751
-1.230601,52,44.179184
-1.216435,51,44.20319
-1.187125,51,44.226921
-1.354861,51,44.251923
-1.166106,52,44.276166
-1.372129,51,44.301047
-1.331529,52,44.32638
-1.130924,51,44.351421
-1.20542,51,44.375807
-1.513271,51,44.399517
-1.104725,51,44.425012
-1.202287,51,44.448683
-1.573912,51,44.473158
-1.337581,51,44.497682
-1.215929,52,44.522945
-1.530539,52,44.778594
-1.177634,51,44.803334
-1.291895,51,44.828501
-1.252503,51,44.852376
-1.075325,50,44.877059
-1.159936,51,44.901351
-1.139542,51,44.925135
-1.164106,50,44.9501
-1.205559,52,44.974896
-1.051332,50,44.999397
-1.200604,51,45.023094
-1.192989,51,45.047815
-1.254836,51,45.071866
-1.264999,51,45.095555
-1.098865,50,45.120415
-1.385187,51,45.144529
-1.119485,51,45.169303
-1.235586,51,45.192889
-1.169035,50,45.21746
-1.080284,51,45.241384
-1.386626,51,45.265195
-1.215236,51,45.290401
-1.337382,51,45.313922
-1.035741,51,45.338484
-1.22072,50,45.362423
-1.136777,51,45.385978
-1.132743,51,45.411396
-1.330764,51,45.435354
-1.271821,51,45.460224
-1.351686,51,45.483885
-1.331905,51,45.508729
-1.100108,50,45.532774
-1.474285,52,45.557022
-1.212124,51,45.582467
-1.178039,50,45.605816
-1.367586,51,45.631332
-1.186098,51,45.654943
-1.204795,51,45.679699
-1.204333,51,45.703811
-1.132395,51,45.727308
-1.277401,51,45.983068
-1.174584,52,46.008735
-1.231304,52,46.034076
-1.390884,51,46.059193
-1.064473,51,46.08352
-1.311547,51,46.107411
-1.173594,51,46.132748
-1.421389,51,46.156386
-1.312092,51,46.180882
-1.401907,51,46.205277
-1.325305,50,46.228428
-1.460677,52,46.2542
-1.212183,52,46.278344
-1.304462,50,46.302892
-1.043759,51,46.327238
-1.1814,50,46.3521
-1.260201,51,46.377037
-1.137526,50,46.400539
-1.356269,51,46.425976
-1.17981,51,46.449964
-1.445643,51,46.474135
-1.149226,50,46.498882
-1.144433,50,46.522138
-1.174496,51,46.547554
-1.225849,51,46.571502
-1.124207,51,46.596955
-1.17598,51,46.621359
-1.195646,51,46.645428
-1.260264,51,46.670733
-1.16476,51,46.695005
-1.185378,51,46.720045
-1.108705,51,46.744862
-1.225156,51,46.769417
-1.060401,51,46.793301
-1.373983,51,46.819002
-1.126247,50,46.842685
-1.116566,50,46.866689
-1.144124,51,46.891875
-1.15916,52,46.917016
-1.157593,51,46.94156
-1.23942,51,46.965458
-1.169525,51,47.224788
-1.147498,51,47.249323
-1.074434,50,47.27423
-1.146268,51,47.299018
-1.221494,51,47.323868
-1.178232,51,47.347819
-1.158037,51,47.373192
-1.402157,51,47.397558
-1.178607,51,47.421696
-1.314412,51,47.447168
-1.185349,51,47.471733
-1.122864,51,47.496657
-1.155874,51,47.520358
-1.248856,51,47.545463
-1.190875,51,47.569923
-1.087234,51,47.593857
-1.190852,51,47.619393
-1.180508,50,47.642604
-1.297592,51,47.667315
-1.595382,51,47.692131
-1.277905,51,47.717258
-1.224306,51,47.74162
-1.402103,52,47.766142
-1.20604,52,47.792296
-1.263143,51,47.816104
-1.121876,51,47.840413
-1.103444,51,47.865484
-1.146948,50,47.8896
-1.16107,51,47.913982
-1.298022,51,47.937744
-1.212538,51,47.963262
-1.261737,52,47.987631
-1.133225,50,48.011488
-1.154107,51,48.036614
-1.200157,51,48.061363
-1.148783,52,48.086574
-1.049003,51,48.110395
-1.132781,50,48.135231
-1.181975,50,48.158443
-1.216587,51,48.183943
-1.181084,52,48.439201
-1.451306,51,48.464905
-1.202986,51,48.489387
-1.269313,51,48.515366
-1.368564,51,48.539537
-1.089364,50,48.563698
-1.289632,52,48.589205
-1.076452,50,48.612618
-1.190488,51,48.637698
-1.152042,51,48.661979
-1.274907,51,48.687518
-1.4208,51,48.711348
-1.113549,52,48.736161
-1.077204,51,48.761424
-1.259292,51,48.785282
-1.230835,51,48.810131
-1.293208,51,48.83462
-1.259026,51,48.858386
-1.178296,50,48.883501
-1.105606,51,48.907691
-1.047413,51,48.932758
-1.261087,52,48.95715
-1.141674,51,48.982033
-1.137454,51,49.006613
-1.114987,50,49.029897
-1.367683,51,49.05545
-1.294204,51,49.079501
-1.180446,50,49.104253
-1.172269,51,49.127815
-1.108549,51,49.152571
-1.151817,51,49.177244
-1.236153,51,49.202531
-1.08805,51,49.226861
-1.079343,51,49.250855
-1.187905,51,49.311689
-1.098261,51,49.355688
-1.200428,51,49.380987
-1.333064,51,49.408466
-1.066977,50,49.434103
-1.361686,51,49.460809
-1.122884,51,49.716524
-1.227139,50,49.741891
-1.100718,51,49.766267
-1.138581,51,49.792006
-1.343255,51,49.815846
-1.152933,51,49.840253
-1.332996,51,49.865207
-1.128716,51,49.888928
-1.061882,51,49.913892
-1.151965,51,49.938149
-1.11775,50,49.963082
-1.320447,52,49.987379
-1.458796,52,50.012104
-1.243818,51,50.037242
-1.166349,50,50.06048
-1.233288,52,50.085932
-1.246459,51,50.110213
-1.212554,51,50.135431
-1.054431,50,50.158839
-1.157128,51,50.183018
-1.362909,51,50.208055
-1.133938,51,50.231721
-1.23668,51,50.256325
-1.478262,52,50.281121
-1.33868,51,50.306328
-1.143756,51,50.330157
-1.2976,51,50.354205
-1.089916,50,50.378772
-1.087214,51,50.403193
-1.160605,50,50.427272
-1.176635,50,50.450684
-1.135119,50,50.475812
-1.244052,51,50.500013
-1.267596,52,50.525871
-1.166042,51,50.549719
-1.25616,51,50.575305
-1.249522,50,50.598624
-1.110602,51,50.623689
-1.050067,51,50.647619
-1.178648,51,50.671483
-1.227975,51,50.93063
-1.166492,51,50.955727
-1.132671,52,50.981318
-1.102288,51,51.00645
-1.218567,51,51.031125
-1.092863,51,51.056872
-1.149087,51,51.082746
-1.221904,51,51.114819
-1.220515,51,51.140787
-1.207658,51,51.166584
-1.151342,52,51.191571
-1.072068,50,51.21615
-1.156051,50,51.239479
-1.15732,51,51.266849
-1.128897,52,51.292017
-1.079657,52,51.316174
-1.114578,51,51.341362
-1.112506,51,51.365155
-1.172684,51,51.390452
-1.235897,51,51.413986
-1.444026,52,51.438905
-1.281097,51,51.463365
-1.312697,51,51.486895
-1.283063,51,51.512092
-1.200616,51,51.535885
-1.238381,51,51.559859
-1.117558,51,51.584677
-1.023443,50,51.60878
-1.252608,51,51.633057
-1.065542,51,51.656647
-1.345222,51,51.682136
-1.135872,50,51.705407
-1.242561,51,51.730986
-1.169721,52,51.755254
-1.108028,51,51.779884
-1.120725,50,51.803871
-1.261256,51,51.829067
-1.164294,50,51.852888
-1.229141,51,51.876784
-1.229189,52,51.902658
-1.198541,51,52.158968
-1.18724,51,52.183706
-1.350795,52,52.209717
-1.375384,51,52.233845
-1.241105,51,52.257943
-1.255527,51,52.283252
-1.285738,51,52.307648
-1.124877,50,52.33181
-1.209346,51,52.355355
-1.136208,51,52.380534
-1.191619,51,52.404311
-1.127726,51,52.42828
-1.186561,51,52.453072
-1.102947,50,52.477084
-1.183023,50,52.500979
-1.273422,51,52.526271
-1.146381,51,52.549842
-1.200689,50,52.574675
-1.202714,51,52.598258
-1.413655,51,52.622621
-1.041924,52,52.647606
-1.2879,52,52.672895
-1.084936,50,52.696538
-1.180597,51,52.720122
-1.062349,51,52.745354
-1.076878,51,52.768875
-1.129805,50,52.793128
-1.142065,51,52.817618
-1.218577,51,52.842581
-1.140655,51,52.866481
-1.437469,51,52.890376
-1.274301,51,52.915709
-1.079888,52,52.940003
-1.073245,50,52.9651
-1.270744,51,52.988798
-1.102202,50,53.013515
-1.084063,50,53.037254
-1.120012,51,53.062736
-1.15341,51,53.08634
-1.093508,51,53.1115
-1.254637,50,53.134723
-1.437296,51,53.390469
-1.103166,51,53.414972
-1.163543,51,53.440456
-1.361951,51,53.467916
-1.173702,51,53.493654
-1.115568,51,53.518429
-1.129049,51,53.543543
-1.107033,52,53.567867
-1.355106,51,53.592911
-1.200191,51,53.617376
-1.208939,52,53.641715
-1.466839,52,53.667808
-1.100519,51,53.691565
-1.342335,51,53.717024
-1.110857,51,53.740708
-1.158283,51,53.765551
-1.20542,52,53.790579
-1.057767,50,53.813874
-1.190145,51,53.839234
-1.194934,51,53.863096
-0.994483,50,53.888249
-1.020996,50,53.911584
-1.155809,51,53.936176
-1.101058,51,53.960476
-1.411932,51,53.984197
-1.111155,50,54.009216
-1.201204,52,54.033458
-1.117899,51,54.058864
-1.134214,51,54.082459
-1.119422,50,54.106695
-1.193009,50,54.13075
-1.210336,51,54.154472
-1.194318,51,54.180042
-1.207658,51,54.204343
-1.120907,50,54.229243
-1.211484,51,54.253162
-1.185613,51,54.278595
-1.139528,51,54.302448
-1.174721,50,54.327007
-1.031698,52,54.351503
-1.165995,51,54.605065
-1.120993,51,54.63064
-1.145235,51,54.655016
-1.16726,51,54.680786
-1.236638,51,54.704769
-1.209699,51,54.729333
-1.035015,51,54.754424
-1.168909,51,54.77817
-1.219285,51,54.803405
-1.143016,51,54.827074
-1.140174,51,54.852421
-1.246609,51,54.876095
-1.272852,52,54.90075
-1.413553,51,54.925673
-1.195082,51,54.949357
-1.109436,51,54.974351
-1.186328,50,54.998316
-1.047396,50,55.023309
-1.151603,51,55.047024
-1.190332,51,55.07134
-1.196943,51,55.096249
-1.188857,50,55.120388
-1.149217,51,55.144617
-1.147272,51,55.168331
-1.172081,51,55.193813
-1.202433,52,55.218208
-1.297636,51,55.242511
-1.303819,51,55.267437
-1.164478,51,55.292024
-1.096857,51,55.316319
-1.145813,52,55.340684
-1.266434,51,55.366056
-1.139605,51,55.390096
-1.431439,52,55.416159
-1.171566,51,55.440049
-1.125926,50,55.463978
-1.155808,51,55.488727
-1.153811,51,55.51247
-1.200712,50,55.537167
-1.232598,51,55.561033
-1.23094,51,55.82057
-1.31482,51,55.846643
-1.191755,51,55.870665
-1.110187,51,55.895619
-1.345776,51,55.920135
-1.275425,51,55.943952
-1.089123,51,55.969347
-1.024454,50,55.994991
-1.098032,51,56.020897
-1.247597,51,56.044805
-1.145631,51,56.069184
-1.135227,51,56.094302
-1.194488,51,56.119489
-1.05814,51,56.144496
-1.124589,52,56.169744
-1.045406,51,56.193503
-1.17697,51,56.218856
-1.045648,51,56.242737
-1.154579,51,56.266847
-1.186192,51,56.291791
-1.073346,51,56.316276
-1.012271,50,56.340471
-1.051588,51,56.3642
-1.05887,51,56.389685
-1.232121,51,56.413344
-1.029132,50,56.438442
-1.134996,51,56.462788
-1.248262,51,56.487568
-1.264789,51,56.512195
-1.201658,51,56.536262
-1.027052,51,56.5615
-1.154402,51,56.585624
-1.165097,50,56.609281
-1.143591,51,56.634406
-1.143858,51,56.658933
-1.413642,51,56.683623
-1.009447,50,56.706855
-1.153529,51,56.732171
-1.235963,51,56.756001
-1.26816,51,56.781198
-1.171806,52,57.04098
-1.271903,52,57.065959
-1.10289,51,57.091205
-1.018626,51,57.116184
-1.282037,51,57.141673
-0.942783,50,57.165909
-1.196301,51,57.189978
-1.252486,51,57.215623
-1.155293,52,57.239925
-1.165417,51,57.265462
-1.144702,51,57.289114
-1.186199,52,57.314549
-1.22914,51,57.339238
-1.174641,51,57.363156
-1.172858,51,57.388676
-1.394391,51,57.412568
-1.171514,51,57.43688
-1.148119,51,57.461806
-1.301879,51,57.486299
-1.114096,51,57.510626
-1.256547,51,57.534193
-1.056803,52,57.559944
-1.156192,51,57.583726
-1.116592,51,57.607983
-1.120716,51,57.633034
-1.237124,51,57.656847
-1.164355,52,57.682281
-1.213734,52,57.707181
-1.06414,50,57.730346
-1.333144,51,57.755606
-1.090897,51,57.779907
-1.115948,51,57.805062
-1.268456,52,57.829411
-1.321127,50,57.853862
-1.133045,51,57.878376
-1.128074,51,57.90219
-1.205052,52,57.928203
-1.183873,51,57.952159
-1.069659,51,57.977324
-1.10859,51,58.000851
-1.143723,52,58.26152
-1.14302,50,58.286544
-1.059525,52,58.31171
-1.094471,51,58.33559
-1.349904,51,58.361304
-1.250398,51,58.385183
-1.202293,51,58.409606
-1.159504,50,58.434018
-1.291055,51,58.457722
-1.191845,51,58.483227
-1.082954,52,58.507502
-1.030514,51,58.532968
-1.087589,52,58.557305
-1.121618,50,58.581117
-1.120363,51,58.606075
-1.167354,51,58.62998
-1.434562,52,58.656085
-1.167631,51,58.679846
-1.145875,51,58.705064
-1.197118,51,58.728966
-1.213835,51,58.753045
-1.246874,51,58.778055
-1.092399,52,58.802414
-0.994539,50,58.826774
-1.240064,51,58.851183
-1.27162,51,58.874883
-1.280375,51,58.900418
-1.199346,51,58.924377
-1.15161,51,58.949427
-1.145681,51,58.973122
-1.367166,51,58.99805
-1.295401,51,59.0227
-1.122399,52,59.048496
-1.26831,51,59.072814
-1.216796,52,59.097283
-1.093737,50,59.122288
-1.286442,51,59.146537
-1.13454,51,59.171516
-1.048407,50,59.194752
-1.207719,51,59.219654
-1.078238,52,59.475874
-1.209801,51,59.501561
-1.212946,51,59.52565
-1.177378,52,59.553
-1.063027,50,59.576979
-1.11483,50,59.60224
-1.21258,51,59.626068
-1.202367,51,59.651555
-1.060604,50,59.674904
-1.127134,51,59.699215
-1.057678,51,59.724151
-1.199629,51,59.747729
-1.045394,51,59.772481
-1.126186,50,59.796172
-1.145843,51,59.821447
-1.284126,50,59.844573
-1.109341,51,59.868967
-1.150007,52,59.894301
-1.059657,50,59.917573
-1.15172,51,59.94261
-1.248514,51,59.966447
-1.090631,50,59.991322
-1.05678,51,60.015026
-1.055875,50,60.038966
-1.091054,51,60.063371
-1.147883,51,60.086849
-1.265737,51,60.112073
-1.241144,51,60.135606
-1.148983,51,60.159793
-1.023642,50,60.184012
-1.115597,51,60.208644
-1.13536,51,60.233047
-1.109785,50,60.256332
-1.234833,51,60.281649
-1.145615,51,60.305332
-1.190262,51,60.330726
-1.137103,52,60.355006
-1.145727,52,60.380307
-1.255944,51,60.404776
-1.270867,51,60.428155
-1.529411,51,60.453588
-1.113587,51,60.708373
-1.27576,51,60.732349
-1.100392,50,60.757278
-1.162907,51,60.78133
-1.132564,51,60.805578
-1.181845,52,60.831335
-1.19594,51,60.855745
-1.169686,51,60.880434
-1.098197,50,60.903617
-1.157865,51,60.928698
-1.169454,51,60.952552
-1.178858,50,60.976043
-1.006691,50,61.000441
-1.139881,51,61.025725
-1.100992,51,61.049516
-1.099954,51,61.075135
-1.066167,51,61.100657
-1.315598,51,61.127874
-1.088683,51,61.157196
-1.086398,51,61.183088
-1.196494,51,61.208768
-1.209487,51,61.234536
-1.154811,51,61.260962
-1.247829,50,61.287064
-1.144158,52,61.313659
-1.119738,50,61.338923
-1.140984,51,61.364565
-1.209873,52,61.390616
-1.206334,51,61.416194
-1.074545,51,61.441557
-1.255918,52,61.46795
-1.124891,51,61.494363
-1.296047,50,61.519573
-1.13209,51,61.545195
-1.089779,51,61.571093
-1.113528,51,61.596951
-1.181119,51,61.622503
-1.284444,51,61.648098
-1.297447,51,61.673389
-1.156916,52,61.699435
-1.105823,50,61.974297
-1.206208,50,61.999397
-1.125568,51,62.024944
-1.181842,50,62.050076
-1.14889,51,62.075667
-1.13408,51,62.101254
-1.129951,51,62.126696
-1.15743,51,62.151989
-1.066035,51,62.177264
-1.244581,51,62.204534
-1.127977,51,62.230337
-1.135762,51,62.255944
-1.113251,51,62.281587
-1.167911,51,62.307294
-1.164704,51,62.332867
-1.219099,51,62.358404
-1.196563,50,62.383411
-1.118984,51,62.408972
-1.142021,52,62.434907
-1.108876,52,62.460888
-1.108328,51,62.486278
-1.192405,51,62.51168
-1.290626,51,62.537162
-1.118779,51,62.562543
-1.215058,51,62.587991
-1.025124,50,62.612972
-1.110411,52,62.63892
-1.077642,51,62.664403
-1.167268,51,62.689925
-1.101764,50,62.714674
-1.135539,51,62.740295
-1.079122,51,62.76593
-1.12435,51,62.791548
-1.118865,51,62.817192
-1.167856,51,62.842773
-1.054429,50,62.867881
-1.207289,51,62.893424
-1.178788,51,62.918991
-1.256399,51,62.944619
-1.161209,51,62.97006
-1.240571,51,63.242292
-1.136028,51,63.268378
-1.094719,51,63.294351
-1.138322,51,63.318494
-1.102447,51,63.344343
-1.013605,51,63.368402
-1.190469,51,63.394084
-1.041844,51,63.418095
-1.177819,51,63.443703
-1.234315,52,63.468081
-1.130025,51,63.492567
-1.203123,52,63.517891
-1.379104,51,63.541586
-1.209259,51,63.566812
-1.133479,51,63.590946
-1.130399,50,63.616012
-1.037955,50,63.6411
-1.105004,51,63.666716
-1.218643,51,63.691031
-1.235529,52,63.716358
-1.169786,50,63.740562
-0.979712,50,63.764482
-1.233952,51,63.789454
-1.169631,51,63.81346
-1.140627,51,63.838879
-1.246513,50,63.863984
-1.111451,51,63.887614
-1.019047,50,63.912636
-1.085174,51,63.937998
-1.105967,51,63.963428
-1.041389,51,63.98883
-1.164661,50,64.014436
-1.164832,51,64.040225
-1.099505,51,64.065989
-1.191693,51,64.091765
-1.178275,51,64.117306
-1.151495,51,64.143125
-1.075163,51,64.16907
-1.107152,51,64.195063
-1.096495,51,64.220426
-1.27968,51,64.548159
-1.064055,51,64.574138
-1.143128,50,64.59779
-1.12929,52,64.624117
-1.044524,51,64.64846
-1.197243,51,64.674049
-1.301291,51,64.699775
-1.214217,51,64.728021
-1.067066,51,64.754001
-1.31436,51,64.779607
-1.169653,51,64.805279
-1.107077,52,64.831464
-1.066773,51,64.857079
-1.151915,52,64.883149
-1.201694,51,64.908652
-1.098417,50,64.933961
-1.15323,52,64.960078
-1.218577,52,64.986194
-1.224122,51,65.011767
-1.125567,51,65.037169
-1.051894,51,65.062702
-1.082412,51,65.088182
-1.205336,51,65.113579
-1.204699,52,65.139603
-1.162029,51,65.16503
-1.109126,50,65.190104
-1.170712,51,65.215526
-1.14212,51,65.24161
-1.293929,50,65.269463
-1.03113,51,65.296346
-1.020377,50,65.321486
-1.048108,51,65.347271
-1.20893,51,65.372911
-1.079373,51,65.396929
-1.180022,51,65.422598
-1.095612,52,65.447523
-1.068877,51,65.47263
-1.259012,51,65.496647
-1.110259,51,65.52217
-1.02896,50,65.547342
-1.146689,51,65.811047
-1.08025,51,65.836412
-1.164729,51,65.861992
-1.213573,51,65.886378
-1.09157,52,65.911053
-1.049767,50,65.936376
-1.10889,51,65.960768
-1.115159,51,65.986218
-1.18333,52,66.011429
-1.109387,51,66.036342
-1.217666,51,66.061921
-1.162462,51,66.087356
-1.250531,51,66.112953
-1.134843,51,66.138526
-1.238401,51,66.164063
-1.32071,51,66.18965
-1.099907,51,66.213512
-1.145349,52,66.239478
-1.362029,51,66.263693
-1.12743,50,66.289336
-1.103743,51,66.313705
-1.183718,52,66.339185
-1.341499,51,66.363775
-1.250724,51,66.388461
-1.118295,51,66.412179
-1.194983,52,66.438272
-1.09935,51,66.462037
-1.235784,52,66.488034
-1.269986,51,66.512149
-1.030352,51,66.537164
-1.209098,51,66.56071
-1.088682,51,66.586228
-1.131338,51,66.610066
-1.278192,52,66.636303
-1.209527,51,66.660237
-1.2018,50,66.685444
-1.137501,51,66.709741
-1.142953,51,66.734894
-1.312549,51,66.759555
-1.138012,51,66.784312
-1.209419,51,67.043574
-1.132559,51,67.068353
-1.035231,51,67.092656
-1.203543,51,67.118164
-1.043803,52,67.144363
-1.182248,51,67.168292
-1.258893,51,67.193131
-1.118231,51,67.218085
-1.233098,50,67.24269
-1.050206,51,67.266999
-1.094032,52,67.291298
-1.194023,51,67.316795
-1.112975,51,67.34091
-1.087579,51,67.366087
-1.229831,50,67.390165
-1.176965,51,67.414809
-1.072442,51,67.439594
-1.114084,52,67.464336
-1.08885,52,67.488585
-1.048043,52,67.514721
-1.200538,52,67.539294
-1.115696,51,67.564684
-1.015214,51,67.589054
-1.064088,51,67.613936
-1.119909,52,67.63902
-1.168622,51,67.66344
-0.998751,51,67.68712
-1.164779,51,67.712483
-1.142554,50,67.735956
-1.114103,51,67.761036
-1.221311,51,67.784605
-1.274539,51,67.810073
-1.111907,50,67.833517
-1.127011,51,67.859092
-1.09518,51,67.88306
-1.064392,50,67.908169
-1.019028,51,67.932503
-1.020649,51,67.957628
-1.050982,51,67.982257
-1.135872,51,68.007009
-1.052693,51,68.030556
-1.184236,51,68.289407
-1.073541,51,68.313575
-1.074005,50,68.338936
-1.209794,51,68.36298
-1.015344,50,68.387707
-1.118993,51,68.412378
-0.966834,50,68.437443
-1.255691,51,68.461722
-1.253481,51,68.487292
-1.057836,51,68.511181
-1.05038,51,68.535712
-1.217616,51,68.56042
-1.05915,52,68.585621
-1.147182,51,68.609818
-1.158378,51,68.633373
-1.155209,51,68.658524
-1.061682,51,68.68206
-1.13266,51,68.707313
-1.096802,51,68.73075
-1.253429,51,68.755444
-1.202829,51,68.77945
-1.195091,51,68.804573
-1.212081,51,68.828249
-1.226362,52,68.852981
-1.034095,50,68.877634
-1.163742,51,68.901376
-1.058381,50,68.926461
-1.066442,51,68.950109
-1.086759,52,68.976337
-1.127746,51,69.000044
-1.203228,52,69.026069
-1.037724,51,69.049878
-1.056481,51,69.0754
-1.104128,52,69.099707
-1.069573,51,69.125229
-1.164379,50,69.148566
-1.171977,51,69.173726
-1.129254,51,69.197672
-1.03937,50,69.222666
-1.110212,50,69.245761
-1.06933,51,69.502246
-1.202815,51,69.526532
-1.079822,51,69.552135
-1.110657,51,69.576031
-1.217244,51,69.600677
-1.114988,51,69.625473
-0.999903,51,69.650495
-1.14616,51,69.674919
-1.117734,51,69.698683
-1.229341,51,69.724168
-1.121583,51,69.748379
-1.08266,51,69.773276
-1.097926,51,69.79694
-1.080856,51,69.822337
-1.215275,51,69.846038
-1.204922,51,69.87128
-1.080524,51,69.895254
-1.132904,51,69.920859
-1.186741,51,69.944631
-1.121541,51,69.969085
-1.191916,52,69.9942
-1.199984,51,70.019035
-1.089099,51,70.043372
-1.116453,50,70.066811
-1.092995,52,70.092799
-1.11993,51,70.116544
-1.310128,52,70.142461
-1.195515,51,70.166176
-1.105876,51,70.190824
-1.118868,50,70.21455
-0.972963,51,70.239643
-1.177527,51,70.263613
-0.969773,50,70.287308
-1.082259,51,70.31238
-1.149333,51,70.336086
-1.03263,50,70.361126
-1.178308,52,70.389585
-1.113144,51,70.4156
-0.987936,51,70.439948
-1.076483,51,70.464975
-1.023274,51,70.721344
-1.062722,51,70.747272
-1.14203,51,70.771279
-1.129611,51,70.796112
-1.140792,51,70.821451
-0.960652,51,70.8459
-1.133829,51,70.871562
-1.071078,51,70.897277
-1.19655,50,70.922739
-1.00089,51,70.948211
-1.072542,51,70.973588
-1.206811,51,70.999032
-1.201663,51,71.02447
-1.070297,51,71.049736
-1.173698,52,71.07576
-1.151264,52,71.10171
-1.173838,51,71.127141
-1.135446,51,71.152526
-1.148636,52,71.178525
-1.116124,51,71.203919
-1.076876,52,71.229915
-0.988304,51,71.255281
-1.084668,51,71.281129
-1.115933,51,71.306998
-1.190484,52,71.333047
-1.097246,51,71.358465
-1.156882,51,71.383773
-1.138793,51,71.409085
-1.169945,51,71.434387
-1.16557,51,71.459639
-1.172418,51,71.485062
-1.073645,51,71.510553
-1.053933,51,71.536051
-1.152027,51,71.561386
-1.193061,51,71.586965
-1.188829,51,71.612559
-1.065924,51,71.638172
-1.118516,51,71.664061
-1.001923,50,71.689704
-1.051176,51,71.715281
-1.068202,51,71.980506
-0.965188,50,72.006022
-1.184819,51,72.033227
-1.164215,52,72.059959
-1.13036,52,72.086281
-1.223934,52,72.111022
-1.103731,51,72.136411
-1.223042,51,72.160265
-1.190381,51,72.185033
-1.157272,51,72.209048
-1.140112,51,72.233331
-1.03237,51,72.258884
-1.162917,52,72.283335
-1.117334,51,72.307615
-1.054361,51,72.332689
-1.197387,51,72.35653
-1.194121,51,72.381484
-1.027947,51,72.40582
-1.169062,51,72.43114
-1.152351,51,72.455233
-1.044334,51,72.479495
-1.011091,51,72.504651
-1.011497,50,72.528788
-1.109667,51,72.553342
-1.098133,50,72.577978
-1.250673,51,72.602109
-0.976216,50,72.627156
-1.190602,51,72.650962
-1.081967,52,72.677169
-1.046695,51,72.700971
-1.239955,51,72.726327
-1.064911,51,72.751903
-1.156066,51,72.777433
-1.092795,52,72.801631
-1.065679,51,72.827052
-1.137679,51,72.852385
-1.108834,51,72.876288
-0.983674,51,72.901867
-1.078504,51,72.925681
-0.958846,50,72.950659
-1.093596,51,73.211017
-1.085052,51,73.236338
-1.178399,51,73.260483
-1.138758,51,73.285939
-1.130933,51,73.310252
-1.16713,51,73.336153
-1.202011,51,73.360162
-1.095462,51,73.385804
-1.067968,51,73.409574
-1.148856,50,73.433975
-1.215895,51,73.458641
-1.000844,51,73.484299
-0.988287,51,73.508103
-1.233673,51,73.533654
-1.06611,50,73.557271
-1.114938,51,73.582486
-1.029955,51,73.606974
-1.138615,51,73.63181
-1.101813,51,73.657113
-1.05922,51,73.680688
-1.125835,51,73.706158
-1.026025,50,73.731041
-1.167628,51,73.754788
-1.097829,51,73.780274
-0.990175,50,73.804322
-1.10525,51,73.82902
-1.130623,51,73.854523
-1.02429,51,73.878207
-1.188949,51,73.903661
-1.110111,50,73.928705
-1.03803,51,73.952545
-1.177396,51,73.977909
-1.14435,51,74.003397
-1.096677,51,74.028853
-1.313551,51,74.054292
-1.115337,51,74.080349
-0.973136,50,74.106977
-1.125209,51,74.132726
-0.979614,51,74.158389
-1.008071,51,74.183831
-1.148869,51,74.44431
-1.019494,51,74.470847
-1.043872,51,74.498215
-1.226521,51,74.523806
-1.139997,51,74.548569
-1.148069,51,74.574237
-1.101781,51,74.59863
-1.248155,51,74.624524
-1.033121,50,74.649539
-1.162259,51,74.674977
-1.022952,51,74.702452
-1.10341,51,74.728399
-1.320377,52,74.754779
-1.04509,51,74.779184
-1.187667,51,74.804161
-1.016485,51,74.828914
-1.277998,51,74.853596
-1.273945,51,74.877303
-1.056369,51,74.902957
-1.076552,51,74.926781
-1.042443,51,74.952273
-0.971923,50,74.976028
-1.100701,51,75.000943
-1.241886,51,75.026215
-1.083669,51,75.051651
-0.992552,51,75.077179
-0.999878,51,75.10272
-1.034718,51,75.128089
-1.168619,52,75.153864
-0.994261,50,75.178872
-1.083486,50,75.203703
-1.133614,51,75.227571
-0.997544,50,75.25274
-1.208904,51,75.276596
-1.200995,51,75.302093
-1.075053,50,75.325515
-1.075403,52,75.351536
-1.1648,51,75.375445
-1.126202,51,75.400851
-1.104428,50,75.424458
-1.172825,51,75.449782
-1.085345,52,75.708033
-1.170135,51,75.733056
-1.158855,51,75.758257
-1.139203,51,75.7828
-1.201732,51,75.808574
-1.191601,51,75.832567
-1.165598,50,75.857579
-1.154969,51,75.881925
-1.068008,50,75.906412
-1.07899,51,75.930109
-1.060012,51,75.955553
-1.006118,51,75.979237
-1.083202,52,76.005132
-1.133183,52,76.029455
-1.227549,50,76.054363
-1.234435,51,76.077949
-1.012233,52,76.102994
-1.152463,52,76.128068
-1.066555,50,76.15251
-1.119647,51,76.176706
-1.159744,51,76.201985
-1.403924,51,76.225538
-1.098765,51,76.250961
-1.203755,51,76.274528
-1.175791,51,76.299907
-1.095629,51,76.323522
-1.062494,51,76.348998
-1.093026,51,76.374867
-1.080915,50,76.400102
-1.104527,51,76.42429
-1.18753,51,76.450048
-0.997401,50,76.47405
-1.12255,51,76.499364
-1.021718,51,76.524116
-1.148424,51,76.548999
-0.97264,51,76.57403
-1.215484,52,76.599291
-1.04379,51,76.624617
-1.018328,51,76.648993
-1.072391,51,76.6744
-1.180261,51,76.929991
-1.071775,51,76.954262
-0.998863,51,76.980107
-1.063261,51,77.004164
-1.089376,51,77.030013
-1.092617,51,77.054208
-1.097882,51,77.079941
-1.04863,51,77.104007
-1.090314,51,77.129666
-1.156976,51,77.153429
-1.036256,51,77.178925
-1.148205,51,77.202705
-1.102064,51,77.227912
-1.050494,52,77.252394
-1.213853,51,77.276439
-1.196147,51,77.301747
-1.062435,52,77.326672
-1.092175,52,77.352175
-0.98437,51,77.37687
-1.051813,51,77.401368
-1.062005,51,77.425195
-0.959841,50,77.450184
-1.010495,50,77.473775
-1.119603,51,77.499147
-1.017301,51,77.523665
-0.989366,51,77.54873
-1.055932,51,77.573472
-1.247683,51,77.598243
-1.016002,51,77.622099
-1.033408,51,77.647438
-1.11801,51,77.67126
-0.968292,51,77.696947
-1.020675,51,77.721194
-1.107335,51,77.746581
-1.011011,52,77.771003
-1.146888,51,77.796594
-1.119117,51,77.820365
-0.984945,50,77.845078
-1.01346,52,77.870016
-1.09062,51,77.895585
-1.148457,52,78.152025
-1.204566,51,78.176311
-1.032144,51,78.20214
-1.103381,51,78.226184
-1.060239,51,78.251465
-1.022949,50,78.275389
-0.949489,51,78.301174
-1.007966,52,78.32555
-0.942063,51,78.349882
-1.129356,51,78.374917
-1.146953,52,78.399269
-1.000091,50,78.424408
-1.171792,52,78.448744
-1.122844,51,78.47408
-1.072228,51,78.49806
-1.065946,51,78.523558
-1.037381,51,78.547379
-1.090794,52,78.572413
-0.998598,51,78.597456
-0.985008,50,78.621903
-1.053338,50,78.646065
-0.97741,52,78.672175
-1.054165,51,78.696033
-1.033588,51,78.760716
-1.095826,51,78.801341
-1.094598,51,78.827273
-1.055511,52,78.854056
-1.202376,51,78.880754
-1.02321,51,78.90983
-0.999965,51,78.934648
-1.010929,50,78.958115
-1.11871,51,78.983775
-1.082128,50,79.007405
-1.118282,51,79.033272
-1.112661,51,79.057043
-1.018376,50,79.08228
-0.848916,50,79.105685
-1.05813,52,79.131762
-1.015571,51,79.155598
-1.140533,52,79.181128
-1.065634,51,79.43894
-1.108258,51,79.46308
-1.093113,52,79.489301
-0.836727,51,79.513308
-0.931769,51,79.538448
-1.104352,51,79.562963
-0.978608,51,79.588335
-1.048285,51,79.612658
-0.958769,51,79.636785
-1.093403,50,79.661681
-1.088621,51,79.686054
-1.077933,51,79.710737
-0.996706,51,79.735475
-1.064046,51,79.759894
-0.930356,50,79.783066
-1.101397,51,79.808469
-1.157792,52,79.832998
-1.056137,51,79.858085
-1.162797,52,79.882366
-1.052758,51,79.907802
-1.114046,51,79.931588
-0.980783,51,79.956928
-0.99169,51,79.980536
-1.118609,51,80.005879
-1.094726,52,80.030125
-1.163983,51,80.054513
-1.260392,51,80.079153
-1.091795,52,80.104352
-1.10959,51,80.128828
-1.151404,52,80.154402
-1.083415,52,80.178873
-1.054234,52,80.203375
-1.150143,52,80.229311
-1.074552,51,80.253607
-1.11946,51,80.278577
-1.027571,50,80.301978
-0.99852,51,80.327357
-1.018016,51,80.351214
-0.912777,51,80.376711
-1.177491,51,80.400592
-1.11315,52,80.658117
-1.101014,51,80.683313
-1.217533,51,80.708201
-0.98484,50,80.73316
-1.029215,51,80.75756
-1.016569,51,80.781706
-1.154421,51,80.807248
-1.060018,51,80.831618
-1.008834,52,80.857307
-1.021883,51,80.88175
-1.088427,52,80.906821
-1.106563,52,80.930978
-1.06984,51,80.956301
-0.920706,51,80.980048
-1.072541,52,81.005937
-0.965426,51,81.029857
-1.158003,51,81.055438
-1.057898,52,81.079722
-1.177657,52,81.105651
-1.120191,51,81.12926
-1.2219,51,81.154625
-1.140206,51,81.178455
-1.282393,51,81.203908
-1.21117,51,81.227504
-1.025532,52,81.253507
-1.047173,51,81.277151
-0.967737,51,81.301776
-1.090738,51,81.326155
-1.14238,52,81.351676
-1.05328,51,81.375637
-0.953818,51,81.400637
-1.075874,50,81.425768
-1.032786,51,81.45009
-1.111756,51,81.475195
-0.938998,50,81.499422
-1.108295,52,81.524571
-0.999598,51,81.548441
-1.146575,51,81.573802
-0.833096,51,81.597679
-0.949474,50,81.622516
-1.069669,51,81.879811
-1.055291,51,81.904911
-1.256667,52,81.929498
-0.938172,51,81.955245
-0.929672,51,81.979335
-0.920261,51,82.004983
-0.996984,51,82.029012
-1.127599,51,82.054646
-1.078335,52,82.079186
-1.064953,51,82.103979
-1.139285,51,82.128446
-0.992907,51,82.153611
-1.146558,51,82.177637
-1.051614,50,82.201391
-1.096176,51,82.226553
-1.034987,52,82.250743
-1.004037,51,82.276167
-1.028373,51,82.299844
-1.010878,52,82.32556
-0.997766,51,82.34963
-1.006237,51,82.373623
-1.168821,51,82.398846
-1.020164,51,82.42319
-1.071733,51,82.447891
-1.038182,51,82.472575
-0.878656,51,82.496907
-1.017238,50,82.522017
-1.073786,51,82.545574
-1.180715,51,82.570874
-1.122299,52,82.594887
-1.01941,51,82.620244
-1.132277,50,82.643591
-1.069711,50,82.668074
-0.946356,51,82.692315
-1.141705,51,82.717767
-1.084768,52,82.742199
-1.033872,51,82.766437
-1.190052,51,82.791494
-1.089499,52,82.816563
-1.059653,51,82.841196
-1.067934,51,83.097828
-0.956168,51,83.123785
-1.054707,50,83.147352
-1.176486,51,83.173
-1.111638,50,83.196331
-1.099935,51,83.221332
-1.132477,52,83.246235
-0.963332,51,83.269902
-1.047945,51,83.295474
-0.996459,51,83.31956
-1.015676,51,83.344631
-1.150884,51,83.368392
-0.988492,51,83.393149
-1.056312,51,83.417564
-0.897935,50,83.442348
-1.144253,51,83.470239
-0.904504,51,83.494758
-1.100632,51,83.520412
-0.939975,51,83.544368
-0.906164,51,83.569952
-1.319663,51,83.593884
-0.961746,50,83.619139
-1.237916,51,83.643019
-1.05185,51,83.668126
-0.899553,50,83.691958
-0.944369,51,83.716013
-1.240057,51,83.741411
-1.079175,51,83.765759
-1.024988,52,83.791425
-1.107744,51,83.815264
-1.053368,51,83.840661
-0.822978,51,83.864591
-1.053465,51,83.890048
-1.08261,51,83.914275
-1.080237,51,83.938613
-0.975878,51,83.964001
-1.083719,51,83.988571
-1.042541,51,84.01353
-1.042347,51,84.037452
-1.117322,51,84.063004
-1.162711,51,84.086804
-1.109756,51,84.343709
-1.005643,52,84.369368
-1.0281,51,84.394474
-1.078567,51,84.419705
-0.991828,51,84.4446
-0.883796,51,84.468736
-1.062779,50,84.493874
-0.951631,51,84.518177
-0.940431,52,84.544212
-1.001491,51,84.568053
-1.063609,51,84.592586
-0.957549,51,84.61753
-1.274529,51,84.6424
-1.055297,50,84.666309
-1.006479,51,84.690173
-0.949808,51,84.715687
-0.97743,51,84.739451
-1.055634,51,84.764933
-1.074595,52,84.789205
-1.02745,50,84.813663
-1.0683,51,84.838128
-0.939879,51,84.861872
-0.828891,51,84.887304
-1.063366,52,84.911845
-1.11255,52,84.937562
-0.88263,51,84.961365
-0.913784,51,84.986139
-0.99164,52,85.011333
-1.063109,51,85.03513
-0.924514,50,85.060189
-0.86783,51,85.084272
-1.065885,51,85.10978
-1.103791,52,85.134648
-0.947973,51,85.1599
-1.158935,51,85.183852
-0.961268,50,85.208483
-0.962456,51,85.232933
-0.923237,51,85.258371
-0.919237,51,85.282449
-1.110302,51,85.306385
-1.071779,51,85.562198
-0.990751,51,85.586714
-0.966299,51,85.612419
-1.079588,51,85.636592
-0.937416,51,85.661033
-0.931986,51,85.68636
-1.258813,51,85.711109
-0.988645,51,85.735921
-0.851763,51,85.759731
-1.047134,51,85.784992
-0.926275,51,85.808993
-1.196425,51,85.83316
-0.996696,50,85.857858
-0.912222,50,85.882013
-1.131798,51,85.90665
-1.105243,50,85.929918
-1.077618,51,85.955215
-0.935695,51,85.978893
-0.96876,51,86.004403
-1.02759,51,86.027991
-1.166267,51,86.052767
-0.923798,51,86.077335
-0.944441,51,86.101027
-1.02771,51,86.126324
-1.106176,51,86.150156
-1.13409,52,86.176311
-0.954325,50,86.199565
-1.007877,51,86.224973
-0.946031,50,86.248292
-1.039241,52,86.273681
-1.140659,51,86.298074
-0.835938,51,86.322065
-0.866479,51,86.347556
-0.934011,51,86.371983
-0.885826,50,86.396735
-0.930209,51,86.420577
-0.999144,52,86.446772
-0.85336,51,86.470644
-0.831427,51,86.495839
-0.992128,52,86.520317
-0.922616,51,86.77506
-1.006093,50,86.799334
-0.891566,51,86.823238
-0.977331,50,86.84839
-1.040195,51,86.872349
-1.066506,52,86.897132
-0.983976,51,86.922314
-0.769847,50,86.945701
-0.885447,51,86.971285
-1.020494,51,86.994998
-0.840623,51,87.02022
-1.035894,51,87.044192
-0.932923,50,87.067899
-0.871681,52,87.093463
-1.124857,51,87.118048
-0.865656,50,87.142267
-1.072082,50,87.165418
-0.99627,51,87.190875
-0.906895,51,87.214711
-0.938402,51,87.240056
-1.084958,52,87.264275
-0.843001,50,87.288198
-1.012975,52,87.31344
-0.899629,51,87.337142
-0.769143,51,87.362585
-0.97868,51,87.386313
-1.036416,51,87.411755
-0.986463,51,87.435476
-1.061093,51,87.459923
-0.892042,52,87.485087
-0.942842,51,87.509931
-1.14983,51,87.534517
-1.110092,51,87.558421
-0.8567,51,87.584027
-0.871429,51,87.60813
-1.094744,51,87.633507
-0.973711,52,87.657835
-1.084646,51,87.682511
-0.895969,51,87.707244
-1.078945,52,87.732574
-0.910631,50,87.987829
-0.984172,51,88.012632
-1.120483,51,88.037551
-0.869691,51,88.062493
-1.059823,51,88.087025
-1.12011,51,88.11087
-0.791349,51,88.136511
-1.091963,51,88.160368
-1.085213,52,88.186527
-0.818588,51,88.210403
-0.844146,50,88.23467
-0.818274,51,88.259071
-0.992855,51,88.282801
-0.98911,52,88.308649
-1.237319,51,88.332593
-0.885248,51,88.358
-0.908115,51,88.381703
-1.02334,51,88.406375
-0.928199,51,88.430867
-0.964331,51,88.454557
-1.135414,51,88.479935
-0.941672,50,88.503214
-1.033636,52,88.529003
-1.038615,51,88.552697
-0.888048,51,88.577201
-1.010606,51,88.601735
-0.944293,50,88.624984
-0.982056,51,88.650445
-0.887736,52,88.67475
-1.052031,51,88.699805
-1.022267,52,88.724223
-1.13956,51,88.74891
-0.865252,50,88.773202
-0.909391,51,88.798302
-0.961149,50,88.822229
-0.863745,50,88.845724
-0.928879,50,88.870621
-0.926795,51,88.894495
-0.826638,51,88.919965
-1.07229,51,88.943566
-1.026246,51,89.198478
-0.917327,51,89.223454
-0.928588,51,89.248501
-1.040635,51,89.272375
-0.85966,51,89.298028
-0.962581,51,89.321902
-0.795789,50,89.347107
-0.989609,52,89.371723
-0.98389,51,89.397422
-0.985673,51,89.421306
-0.853171,51,89.445924
-0.94623,52,89.471161
-1.115581,51,89.494961
-0.895644,51,89.520434
-0.864767,52,89.544781
-0.868227,51,89.570283
-0.837986,51,89.594012
-1.01759,51,89.618459
-0.764147,51,89.64323
-1.235528,51,89.667022
-0.875991,51,89.69251
-0.876996,50,89.715827
-0.865854,51,89.741241
-0.933623,51,89.765029
-0.775464,51,89.789416
-0.907818,51,89.814132
-0.933115,51,89.838962
-0.87529,51,89.863253
-0.950746,52,89.887557
-0.820243,51,89.912825
-0.96147,51,89.936584
-0.913802,51,89.962229
-0.883224,51,89.986014
-0.930026,51,90.010885
-1.121156,51,90.035413
-0.848787,51,90.05926
-0.777087,51,90.084692
-0.913555,52,90.109261
-0.868328,50,90.134157
-0.876473,51,90.157762
-0.958162,51,90.414362
-0.802133,50,90.439929
-1.006013,51,90.466212
-1.053367,51,90.492169
-0.887519,51,90.517988
-0.890876,52,90.544212
-1.080927,51,90.569934
-1.166079,51,90.595586
-0.859454,51,90.621222
-0.923206,51,90.646905
-1.068495,51,90.67247
-0.957621,51,90.698009
-0.909511,51,90.723614
-1.012499,51,90.74936
-0.98914,51,90.775093
-0.897623,51,90.800544
-0.924577,51,90.826209
-0.801329,51,90.852353
-0.956737,50,90.877597
-1.007843,52,90.903454
-0.763285,51,90.928723
-0.971083,51,90.954219
-0.820625,52,90.980285
-1.06931,51,91.005787
-1.113524,51,91.031764
-0.895856,51,91.057402
-0.96007,51,91.083087
-0.717712,51,91.10846
-0.903049,51,91.133995
-0.950491,51,91.159371
-0.840983,51,91.184891
-0.99321,51,91.210466
-0.948213,51,91.236194
-0.927087,50,91.261384
-0.760333,51,91.287056
-0.968752,52,91.313231
-0.8493,51,91.338844
-0.923951,50,91.364048
-0.876773,51,91.389673
-0.870532,51,91.415157
-0.877301,52,91.677142
-0.812789,51,91.702652
-0.818822,51,91.727364
-0.827246,52,91.752048
-0.790502,51,91.777858
-0.866185,51,91.802135
-0.805119,51,91.827786
-0.871487,51,91.851603
-0.728708,51,91.876269
-0.850469,51,91.901273
-0.909582,52,91.926984
-0.802775,51,91.951406
-0.869947,51,91.975161
-0.783636,51,92.000748
-0.722,51,92.024784
-1.112438,51,92.049897
-0.956638,51,92.073682
-0.869372,50,92.098723
-0.922065,50,92.122031
-0.791605,51,92.147489
-0.821453,51,92.172938
-0.802876,50,92.198025
-0.827177,51,92.222027
-0.814391,51,92.247222
-0.881721,50,92.271056
-0.854678,51,92.295727
-0.918204,50,92.320549
-0.804211,51,92.345608
-0.703736,51,92.369877
-0.899556,51,92.3953
-0.830656,51,92.419063
-0.896042,52,92.445203
-0.882595,51,92.469521
-0.720907,51,92.494467
-0.885938,51,92.519236
-0.882479,51,92.543905
-0.912105,52,92.569571
-0.878894,51,92.593836
-0.858556,50,92.618875
-1.286285,51,92.642682
-0.95691,52,92.667336
-0.884841,52,92.924204
-0.752642,51,92.948512
-0.705151,51,92.974378
-1.079262,51,93.000198
-0.929756,50,93.024058
-0.901858,51,93.049458
-0.741021,51,93.074027
-0.784807,50,93.098679
-0.753897,51,93.122655
-1.010626,51,93.148333
-0.801084,51,93.17352
-0.882,50,93.197209
-0.891717,50,93.222279
-0.908825,50,93.245985
-0.72626,51,93.271011
-0.821112,50,93.29512
-0.874034,50,93.319317
-0.976176,52,93.345171
-0.826918,51,93.368911
-0.999502,51,93.39436
-0.860791,50,93.419474
-1.051969,51,93.443219
-0.958269,51,93.468597
-0.801372,51,93.494114
-0.730413,51,93.517962
-0.89572,50,93.543062
-0.94998,51,93.568604
-0.78188,51,93.594255
-1.156185,51,93.621485
-0.962972,51,93.647413
-0.778141,51,93.673203
-0.748294,51,93.698795
-0.879871,51,93.724446
-1.005149,51,93.750034
-0.947431,51,93.812066
-0.809874,50,93.848715
-0.899041,51,93.876828
-0.802653,52,93.904745
-1.031028,51,93.930225
-0.816015,51,93.957871
-0.824326,50,94.221461
-0.792156,50,94.245467
-0.777642,51,94.271045
-0.971484,51,94.29521
-0.761126,51,94.320992
-0.821652,51,94.346782
-0.910076,52,94.375798
-0.804983,51,94.400803
-1.046586,51,94.42593
-0.743116,51,94.450996
-1.02113,52,94.476134
-0.894624,51,94.499937
-0.771265,50,94.525038
-0.716989,51,94.548971
-0.981304,51,94.574209
-0.801322,52,94.599058
-0.900111,51,94.624013
-0.709212,50,94.648357
-1.070657,51,94.672713
-0.823532,51,94.697879
-0.846709,51,94.721921
-0.803392,51,94.745917
-0.799172,52,94.771545
-0.806392,51,94.795927
-0.924922,51,94.822636
-0.882098,50,94.84638
-0.76023,51,94.872183
-0.905641,51,94.896142
-0.732762,51,94.921427
-0.924918,50,94.944945
-1.060578,51,94.970484
-0.835624,50,94.993912
-0.910953,51,95.018548
-1.015319,50,95.042879
-0.870639,51,95.068011
-0.8505,51,95.092336
-0.872317,51,95.118068
-0.870317,51,95.142063
-0.926949,51,95.167647
-0.920345,52,95.191844
-0.856574,51,95.448202
-0.775837,51,95.472377
-0.863149,51,95.496599
-0.732664,51,95.522083
-0.958313,51,95.546497
-0.746824,50,95.571177
-0.953595,51,95.596257
-0.812838,50,95.620537
-0.981786,51,95.644385
-0.887887,50,95.669546
-0.813397,51,95.693721
-0.882219,51,95.719013
-0.795603,52,95.743175
-0.859529,51,95.768586
-0.854303,51,95.792202
-0.983032,51,95.817618
-0.924283,50,95.840833
-0.738604,51,95.866107
-0.803626,51,95.889737
-0.857168,51,95.915214
-0.793356,51,95.938763
-0.845684,51,95.964136
-0.839359,51,95.987819
-0.956955,51,96.013241
-0.690694,51,96.036897
-0.823429,51,96.062145
-0.866283,51,96.085841
-0.787225,50,96.110824
-0.72598,51,96.134488
-0.773871,51,96.159152
-0.987573,51,96.183362
-0.752802,51,96.208741
-0.707836,51,96.232653
-0.757139,52,96.258668
-0.698416,50,96.282058
-0.759758,51,96.307685
-0.914056,51,96.331458
-0.976278,52,96.357506
-0.925212,51,96.381429
-0.854048,51,96.406615
-0.737744,51,96.661668
-0.693966,51,96.686597
-0.733313,51,96.71165
-0.849695,51,96.736203
-0.831152,51,96.760246
-0.942118,51,96.785896
-0.750244,50,96.80974
-0.787534,51,96.834932
-0.84968,51,96.859578
-0.895825,52,96.884986
-0.779509,51,96.908751
-0.874539,51,96.934602
-0.805975,52,96.958722
-0.840983,50,96.98368
-0.728667,51,97.007762
-0.841285,51,97.03277
-0.803899,51,97.056296
-0.977774,51,97.081651
-0.896535,51,97.105388
-0.731021,51,97.130795
-0.924941,51,97.154555
-0.889903,50,97.179352
-0.767136,51,97.202825
-0.801779,52,97.228805
-0.800969,51,97.252523
-1.108986,51,97.27745
-0.831253,51,97.301642
-0.829039,51,97.326886
-0.707138,50,97.350115
-0.813031,52,97.374874
-0.913373,51,97.399539
-0.886111,51,97.424265
-0.88379,51,97.448912
-0.715234,52,97.474362
-0.958857,51,97.498606
-0.740799,51,97.522454
-0.812276,51,97.547946
-0.935201,51,97.572166
-0.763442,50,97.596795
-0.687121,51,97.62151
-0.746672,50,97.645407
-0.781202,51,97.900139
-0.799109,51,97.925039
-0.773537,51,97.949158
-0.760245,50,97.974455
-0.967344,51,97.998287
-0.842369,51,98.023753
-0.797501,51,98.047776
-0.8889,51,98.072077
-0.867208,51,98.097294
-0.841788,52,98.1225
-0.683192,50,98.146909
-0.813764,51,98.171866
-0.829319,51,98.196216
-0.805834,51,98.219916
-0.740609,51,98.245427
-0.824352,51,98.269532
-0.835808,52,98.295118
-0.676862,52,98.319386
-0.860064,51,98.34406
-0.777222,51,98.36836
-0.847404,50,98.393002
-0.759213,51,98.416771
-0.843872,51,98.440795
-0.737478,51,98.465775
-0.983277,51,98.490171
-0.893903,51,98.51475
-0.92904,51,98.538327
-0.865109,50,98.563239
-0.804724,50,98.586587
-0.86538,52,98.612433
-0.738461,51,98.636699
-0.816771,51,98.661509
-0.701889,52,98.685965
-0.770567,50,98.710538
-0.741907,50,98.7343
-0.824414,50,98.75929
-0.765613,51,98.783071
-0.733642,51,98.807533
-0.810205,51,98.832576
-0.748063,51,98.857065
-0.787305,50,99.114592
-0.745425,51,99.138398
-0.857732,51,99.164192
-0.769828,51,99.188112
-0.781831,51,99.213056
-0.708057,52,99.238301
-0.745936,52,99.264043
-0.933054,51,99.288462
-0.769313,51,99.312327
-0.778665,50,99.33731
-0.818874,52,99.362024
-0.774519,51,99.386975
-0.994754,51,99.410586
-0.786211,51,99.435461
-0.836085,50,99.459225
-0.708683,51,99.484523
-0.824051,51,99.508209
-0.76345,52,99.532974
-0.841947,51,99.557874
-0.830523,51,99.5825
-0.695536,51,99.606999
-1.004895,51,99.630525
-0.928373,50,99.65549
-0.858591,51,99.679388
-0.802204,52,99.705047
-0.852268,52,99.729191
-0.827782,51,99.754661
-0.90319,50,99.777707
-0.902019,51,99.802711
-0.788415,51,99.826792
-0.910902,51,99.852048
-0.819012,50,99.875492
-0.745204,51,99.900013
-0.725996,51,99.924899
-0.750403,51,99.949827
-0.866005,51,99.974281
-0.808601,51,99.998094
-0.858596,51,100.023634
-0.814685,51,100.047724
-0.790681,51,100.072901
-0.716957,51,100.328159
-0.751892,51,100.351986
-0.809631,51,100.378692
-0.806194,50,100.402719
-0.706774,50,100.427869
-0.741644,51,100.452529
-0.702212,50,100.476959
-0.696554,51,100.501935
-0.703546,51,100.526599
-0.79547,51,100.550423
-0.723432,51,100.575998
-0.633956,50,100.599556
-0.756731,51,100.62455
-0.727437,50,100.647805
-0.783189,51,100.672702
-0.692101,51,100.696793
-0.712924,52,100.722498
-0.791591,51,100.746314
-0.807217,51,100.770385
-0.768167,51,100.795375
-0.857687,51,100.819027
-0.91648,51,100.844399
-0.987318,51,100.867958
-0.658425,51,100.893054
-0.716755,52,100.917332
-0.776174,51,100.941356
-0.931628,52,100.966817
-0.836458,51,100.991308
-0.754645,52,101.016338
-0.788038,51,101.04003
-0.759304,51,101.064981
-0.744921,50,101.088501
-0.763309,51,101.113916
-0.82327,51,101.137601
-0.795082,51,101.163126
-0.752865,52,101.187403
-0.785904,51,101.212443
-0.746468,51,101.236814
-0.989577,51,101.262169
-0.775575,50,101.285685
-0.731676,50,101.54201
-0.749052,52,101.56647
-0.837281,50,101.591406
-0.917161,51,101.615574
-0.731797,51,101.639954
-0.722353,51,101.665254
-0.830898,52,101.690302
-0.659745,50,101.714769
-0.743155,51,101.738603
-0.751615,50,101.7637
-0.744612,51,101.787584
-0.759179,51,101.813056
-0.724094,51,101.836608
-0.896273,51,101.862024
-0.925063,52,101.886306
-0.73954,52,101.911616
-0.801471,51,101.936087
-0.749676,51,101.959735
-0.763406,52,101.985744
-0.793276,52,102.010158
-0.71366,51,102.035346
-0.879739,51,102.058947
-1.087566,51,102.083345
-0.799398,51,102.10773
-0.784208,51,102.131301
-0.710186,50,102.156217
-0.757044,51,102.180229
-0.79673,51,102.205421
-0.948234,50,102.228614
-0.900034,51,102.254
-0.736677,51,102.277588
-0.851941,51,102.302643
-0.721501,51,102.326763
-0.712514,50,102.351949
-0.760579,51,102.375789
-0.652139,52,102.400773
-0.840371,51,102.425758
-0.685775,51,102.449616
-0.861924,50,102.474822
-0.645082,51,102.498614
-0.634283,51,102.752917
-0.717166,51,102.777616
-0.762001,51,102.801214
-0.979456,51,102.826942
-0.782681,51,102.851114
-0.782493,51,102.876501
-0.668928,51,102.900422
-0.671379,51,102.925194
-0.726287,51,102.949878
-0.780658,51,102.974968
-0.792219,51,102.999288
-0.706941,51,103.023088
-0.746649,50,103.048026
-0.785326,51,103.072232
-0.958773,51,103.097121
-0.833976,51,103.120713
-0.6885,50,103.145639
-1.04211,51,103.16926
-0.858901,52,103.195152
-0.868128,51,103.218851
-0.759599,51,103.24307
-0.978766,51,103.267772
-0.772488,51,103.292438
-0.748239,51,103.316816
-0.808805,51,103.340466
-0.813696,52,103.366457
-0.693704,50,103.389673
-0.784944,51,103.415107
-0.702217,50,103.438331
-0.74838,51,103.463156
-0.712295,51,103.487382
-0.915716,51,103.510822
-0.847114,50,103.535896
-0.817113,51,103.560097
-0.669274,50,103.584899
-0.779757,50,103.608159
-0.80014,50,103.633216
-0.906371,51,103.656995
-1.024137,51,103.682383
-0.888105,51,103.706185
-0.747586,51,103.73153
-0.719004,51,103.988011
-0.737056,51,104.011832
-0.711862,51,104.037435
-0.784298,52,104.062077
-0.765934,51,104.087501
-0.703281,51,104.111338
-0.73225,52,104.136484
-0.719169,50,104.160875
-0.795439,51,104.185875
-0.733846,52,104.210854
-0.65572,52,104.235188
-0.767144,51,104.260652
-0.77712,51,104.28457
-0.740283,51,104.309699
-0.758346,51,104.333338
-0.721869,51,104.358709
-0.681116,51,104.382376
-0.757731,51,104.407494
-0.804851,51,104.431356
-0.813662,51,104.455361
-0.638879,51,104.480341
-0.696261,51,104.504816
-0.936571,50,104.529014
-0.745858,51,104.552605
-0.911583,51,104.57788
-0.817942,52,104.602288
-0.78719,51,104.627683
-0.997628,51,104.651301
-0.712178,51,104.675693
-0.706296,51,104.700228
-0.659255,51,104.724941
-0.714071,51,104.749096
-0.926927,51,104.772951
-0.696894,51,104.798314
-0.707632,51,104.822083
-0.771318,51,104.847514
-0.808753,51,104.871263
-0.686446,51,104.896139
-0.754572,51,104.920396
-0.746291,51,104.945775
-0.716879,51,105.20059
-0.817733,51,105.225262
-0.75752,51,105.248912
-0.800406,51,105.274583
-0.897333,51,105.298651
-0.79573,51,105.323938
-0.793384,52,105.348322
-0.7524,52,105.373418
-0.650277,51,105.39809
-0.785198,51,105.423027
-0.797556,50,105.446977
-0.722645,52,105.47119
-0.82743,51,105.49648
-0.807668,51,105.520071
-0.841918,51,105.545453
-0.907161,51,105.568952
-0.831418,51,105.594263
-0.866049,51,105.617792
-0.783576,51,105.643017
-0.770804,51,105.666714
-0.831407,51,105.690838
-0.735871,52,105.716268
-0.918515,50,105.740301
-0.677438,50,105.764219
-0.714313,51,105.787826
-0.730567,51,105.813138
-0.798284,52,105.8372
-0.728971,51,105.862505
-0.615868,51,105.887913
-0.666436,51,105.913734
-0.839038,51,105.937681
-0.724896,50,105.962295
-0.738929,51,105.986915
-0.671387,51,106.010903
-0.805953,51,106.036665
-0.786333,51,106.060599
-0.73252,51,106.086332
-0.898066,51,106.110284
-0.798414,52,106.135688
-0.667294,51,106.160637
-0.781464,51,106.41694
-0.753258,50,106.442304
-0.758374,51,106.46654
-0.842242,51,106.491891
-0.712019,51,106.515892
-0.724902,52,106.54223
-0.798466,51,106.566255
-0.877564,51,106.591969
-0.787384,51,106.615941
-0.707745,51,106.641505
-0.731293,51,106.665479
-0.841877,51,106.691132
-0.955521,51,106.715054
-0.683073,51,106.739664
-0.700978,51,106.76418
-0.726108,51,106.787936
-0.681756,50,106.812905
-0.716634,51,106.836803
-0.911203,51,106.86227
-0.720411,50,106.885568
-0.630577,51,106.910375
-0.857907,51,106.934888
-0.753891,51,106.958595
-0.91799,51,106.984079
-0.649282,51,107.008127
-0.701309,51,107.033453
-0.778162,51,107.057203
-0.730058,51,107.081904
-0.778079,51,107.106481
-0.809282,51,107.131708
-0.928739,51,107.155907
-0.991637,51,107.181402
-0.655126,51,107.205408
-0.744103,51,107.229804
-0.820451,51,107.254996
-0.663928,52,107.279461
-0.762415,51,107.30528
-0.795312,51,107.329248
-0.685566,51,107.354703
-0.787016,51,107.379034
-0.65287,50,107.636605
-0.77335,51,107.660815
-0.84135,51,107.686309
-0.692802,51,107.710261
-0.803158,51,107.735769
-0.737502,51,107.759987
-0.70567,51,107.784266
-0.684905,52,107.810251
-0.71208,51,107.834824
-0.765219,52,107.860595
-0.751241,51,107.884523
-0.826378,51,107.910236
-0.652997,50,107.933677
-0.80012,51,107.95896
-0.744857,50,107.982415
-0.67619,50,108.006176
-0.667173,50,108.030534
-0.675261,52,108.055637
-0.832397,52,108.08086
-0.895869,51,108.10447
-0.706916,51,108.129686
-0.749079,51,108.153694
-0.813384,51,108.179179
-0.706317,50,108.202592
-0.769801,51,108.227159
-0.656556,51,108.25168
-0.630013,51,108.275372
-0.848144,51,108.339654
-0.736627,50,108.379165
-0.633655,52,108.407577
-0.833791,52,108.436114
-0.715623,51,108.461212
-0.742485,50,108.487485
-0.934737,51,108.512677
-0.751188,52,108.538279
-0.829483,52,108.562861
-0.838192,50,108.588045
-0.833749,51,108.611966
-0.76226,52,108.638004
-0.838835,52,108.662602
-0.741758,50,108.918453
-0.832444,51,108.942421
-0.790041,51,108.967963
-0.719086,50,108.991558
-0.72038,52,109.017692
-0.874361,51,109.04156
-0.75952,51,109.066127
-0.876832,51,109.091078
-0.745178,50,109.115537
-0.747267,51,109.140057
-0.753517,50,109.16348
-0.761584,52,109.189578
-0.643767,51,109.213484
-0.751523,51,109.238614
-0.886666,52,109.262814
-0.745052,52,109.288004
-0.769981,52,109.313056
-0.770552,51,109.337926
-0.784967,51,109.362122
-0.82017,51,109.385841
-0.709287,50,109.410715
-0.816938,51,109.4344
-0.712248,51,109.458859
-0.693245,51,109.483315
-0.857598,51,109.50819
-0.64998,51,109.532362
-0.631174,51,109.556169
-0.838384,51,109.581415
-0.809723,50,109.604544
-0.681163,51,109.630005
-0.672615,51,109.653623
-0.885146,51,109.678453
-0.673697,51,109.702618
-0.741792,52,109.728572
-0.716704,51,109.752482
-0.835581,51,109.776842
-0.729843,51,109.80186
-0.775611,51,109.826407
-0.758629,51,109.851019
-0.794361,51,109.874824
-0.671973,51,110.131971
-0.754264,52,110.156414
-0.834066,51,110.181187
-0.906549,52,110.206306
-0.860832,51,110.231429
-0.740502,51,110.2557
-0.854044,51,110.279678
-0.736065,51,110.305118
-0.825055,51,110.329368
-0.738411,51,110.354263
-0.71405,51,110.378042
-0.703811,50,110.402697
-0.777246,52,110.42731
-0.766334,52,110.453056
-0.691914,51,110.476723
-0.908268,51,110.500797
-0.67589,50,110.525321
-0.669089,51,110.54882
-0.701805,51,110.574109
-0.839302,52,110.598366
-0.76629,51,110.623536
-0.696154,50,110.646903
-0.718492,51,110.672433
-0.717038,51,110.695962
-0.788422,52,110.720947
-0.863464,51,110.745381
-0.678028,51,110.768991
-0.731885,51,110.794359
-0.799164,50,110.817806
-0.838227,51,110.842841
-0.811873,50,110.865941
-0.927365,52,110.891626
-0.684108,51,110.915393
-0.74302,50,110.940153
-0.804848,51,110.964237
-0.702453,50,110.989314
-0.682333,51,111.013082
-0.809762,51,111.037528
-0.900755,51,111.062195
-0.763531,51,111.087092
-0.701089,50,111.346255
-0.816164,51,111.372344
-0.897977,51,111.396446
-0.687778,52,111.421233
-0.772442,51,111.446524
-0.781019,51,111.470434
-0.856082,50,111.49579
-0.817178,51,111.519548
-0.825031,51,111.544888
-0.701359,52,111.569731
-0.801306,51,111.595489
-0.774745,51,111.619416
-0.770761,51,111.643886
-0.640361,51,111.668654
-0.898243,51,111.692404
-0.754445,51,111.717349
-0.727294,51,111.741571
-0.775225,51,111.766947
-0.781136,51,111.790746
-0.800865,52,111.815513
-0.886287,51,111.840589
-0.820654,51,111.865093
-0.784074,51,111.889656
-0.842445,52,111.914051
-0.750578,51,111.939234
-0.715394,51,111.963133
-0.844184,51,111.988616
-0.672987,50,112.011707
-0.684809,50,112.035863
-0.928189,51,112.06033
-0.75566,52,112.084463
-0.780729,51,112.109607
-0.934308,51,112.133549
-0.779042,51,112.158849
-0.669423,51,112.182761
-0.752112,51,112.207394
-0.668102,50,112.231436
-0.6733,51,112.256471
-0.78618,52,112.281136
-0.683783,52,112.305449
-0.796104,51,112.330722
-0.934296,51,112.587436
-0.703617,51,112.612604
-1.145651,51,112.636838
-0.827788,51,112.660788
-0.782302,51,112.68649
-0.756829,51,112.710797
-0.644943,51,112.73601
-0.702705,51,112.759893
-0.7586,51,112.784794
-0.798198,51,112.809373
-0.813759,52,112.835148
-0.911935,51,112.85928
-0.759225,50,112.882753
-0.710705,51,112.907872
-0.756357,50,112.931299
-0.708791,51,112.956057
-0.894076,51,112.980385
-0.612811,50,113.005095
-0.787344,51,113.029022
-0.86202,51,113.053086
-0.819451,51,113.078359
-0.684972,51,113.101999
-0.879411,52,113.127928
-1.098786,51,113.151695
-0.674504,51,113.176869
-0.868902,51,113.201013
-0.872545,52,113.226881
-0.756071,51,113.250631
-0.769975,51,113.274729
-0.756665,51,113.299682
-0.727788,52,113.324647
-0.745783,51,113.34922
-0.774757,51,113.373115
-0.684664,52,113.399218
-0.706927,51,113.423111
-0.862714,51,113.448484
-0.704305,51,113.47447
-0.807515,51,113.500559
-0.954567,51,113.524776
-0.773146,51,113.550591
-0.819292,51,113.80456
-0.691978,51,113.828876
-0.781792,51,113.853168
-0.711158,50,113.877929
-0.783934,52,113.903412
-0.825585,51,113.928559
-0.657514,51,113.952473
-0.797872,51,113.977788
-0.68284,50,114.001713
-0.625543,51,114.027561
-0.907427,51,114.051585
-0.779239,51,114.076075
-0.82525,51,114.101245
-0.854068,51,114.125121
-0.716652,50,114.150302
-0.749855,51,114.173997
-0.867805,51,114.199379
-0.746992,52,114.223974
-0.616729,51,114.248187
-0.826272,50,114.272877
-0.811344,51,114.297482
-0.889836,51,114.322287
-0.650243,51,114.346122
-0.736633,50,114.370869
-0.764584,51,114.394987
-0.838366,51,114.419002
-0.78631,51,114.444021
-0.715842,50,114.468182
-0.707626,51,114.492857
-0.794612,52,114.517197
-0.861707,52,114.542815
-1.001097,51,114.566776
-0.842938,51,114.592403
-0.773779,51,114.61629
-0.752109,50,114.640306
-0.896841,51,114.665313
-0.771702,51,114.690197
-0.604044,50,114.71426
-0.808636,51,114.737963
-0.692576,50,114.763016
-0.840997,51,115.018025
-0.987614,51,115.041969
-0.738699,51,115.067467
-0.650806,51,115.091377
-0.826137,51,115.116943
-0.675275,51,115.140786
-0.706216,51,115.165433
-0.720068,50,115.189795
-0.812084,52,115.215293
-0.743806,51,115.239733
-0.785142,51,115.263619
-0.7385,52,115.289658
-0.687052,51,115.313605
-0.68591,51,115.338671
-0.776175,51,115.362348
-0.898405,52,115.387421
-0.785805,51,115.411996
-0.63309,50,115.43519
-0.832409,51,115.460525
-0.684347,51,115.484165
-0.784481,50,115.507972
-0.77516,50,115.532397
-0.738111,51,115.55717
-0.675313,51,115.581647
-0.739968,51,115.605326
-0.810208,51,115.630838
-0.821452,51,115.654797
-0.698347,51,115.679997
-0.908917,51,115.7037
-0.728714,51,115.728504
-0.66619,50,115.752543
-0.685412,51,115.777599
-0.684187,51,115.801757
-0.757622,51,115.825875
-0.61887,50,115.850721
-0.724029,51,115.874545
-0.807656,51,115.900132
-0.837435,51,115.923927
-0.729519,52,115.949659
-0.698737,51,115.973786
-0.842312,51,116.230199
-0.902104,52,116.255697
-0.893824,51,116.280444
-0.795674,51,116.304197
-0.786464,50,116.329396
-0.662915,50,116.353136
-0.915852,51,116.378944
-0.675854,51,116.402906
-0.894165,51,116.428535
-0.688758,51,116.452567
-0.831407,51,116.478424
-0.751667,51,116.502419
-0.750515,50,116.527578
-0.658339,51,116.551429
-0.692539,51,116.576815
-0.877964,51,116.600489
-0.781879,51,116.625127
-0.713233,50,116.649508
-0.866532,51,116.673304
-0.913436,51,116.698575
-0.833481,51,116.722638
-0.81692,51,116.748078
-0.726559,51,116.77183
-0.739403,51,116.796303
-0.762252,51,116.821114
-0.700816,51,116.844836
-0.758485,51,116.871069
-0.627695,51,116.895724
-0.639137,51,116.919808
-0.757848,51,116.945266
-0.695087,50,116.969125
-0.881352,51,116.993932
-0.662673,51,117.01786
-0.79041,51,117.042917
-0.789946,50,117.066822
-0.756232,52,117.0913
-0.809549,52,117.117388
-0.810595,51,117.141512
-0.766253,51,117.166611
-0.796952,51,117.190412
-0.788139,51,117.44644
-0.826377,51,117.470866
-0.910317,51,117.496291
-0.662602,50,117.51949
-0.735978,51,117.545154
-0.83474,51,117.568969
-0.679426,52,117.594613
-0.690909,51,117.620398
-0.895856,51,117.647182
-0.807392,51,117.672761
-0.706569,51,117.697313
-0.74311,52,117.72202
-0.786783,51,117.747673
-0.669699,50,117.771645
-0.755221,50,117.796282
-0.750138,51,117.820111
-0.777262,52,117.846335
-0.603816,51,117.870099
-0.761246,51,117.895358
-0.905159,52,117.91986
-0.98111,50,117.943533
-0.751401,51,117.968781
-0.785822,52,117.993103
-0.800074,51,118.017981
-0.75713,51,118.042674
-0.68307,51,118.067742
-0.774666,51,118.091876
-0.67285,51,118.11586
-0.842741,51,118.141211
-0.83143,50,118.164537
-0.705767,52,118.190584
-0.735364,51,118.215899
-0.832843,52,118.242171
-0.774698,51,118.267899
-0.70635,51,118.293602
-0.688063,51,118.31931
-0.837884,51,118.343321
-0.817222,51,118.36906
-0.848056,50,118.394057
-0.795934,51,118.418183
-0.806543,51,118.675315
-0.688557,50,118.700357
-0.797415,51,118.72509
-0.751108,51,118.748947
-0.794191,52,118.775014
-1.05399,51,118.799247
-0.736056,50,118.824618
-0.675948,51,118.848607
-0.808189,51,118.873384
-0.815571,52,118.898857
-0.753191,51,118.922981
-0.774159,52,118.949234
-0.694616,51,118.973383
-0.791256,50,118.998473
-0.670367,52,119.022927
-0.667299,51,119.048502
-0.686024,51,119.072318
-0.772502,52,119.098329
-0.685596,50,119.121569
-0.695468,51,119.146576
-0.719183,51,119.170893
-0.703023,50,119.194291
-0.770634,51,119.219684
-0.730285,51,119.243925
-0.896077,51,119.268933
-0.909853,51,119.292593
-0.729181,51,119.317637
-0.814007,51,119.341854
-0.719789,51,119.367237
-0.923355,51,119.390998
-0.707469,51,119.415137
-0.695552,51,119.439982
-0.884161,51,119.464674
-0.765617,51,119.489428
-0.91359,51,119.513351
-0.656738,50,119.538483
-0.846448,51,119.562488
-0.763795,51,119.588084
-0.792682,51,119.612499
-0.757164,51,119.637601
-0.694502,50,119.661953
-0.67707,51,119.918165
-0.862049,51,119.942496
-0.656278,51,119.967796
-0.691514,51,119.992393
-0.74798,51,120.017446
-0.792387,50,120.041038
-0.637485,51,120.066292
-0.794998,52,120.091038
-0.832511,51,120.116657
-0.704262,51,120.140564
-0.706614,51,120.165051
-0.780523,51,120.190228
-0.832401,51,120.214809
-0.822976,52,120.239879
-0.760162,51,120.263676
-0.753756,51,120.288856
-0.643442,50,120.312186
-0.781418,51,120.336353
-0.769675,51,120.361314
-0.754211,52,120.38652
-0.768461,51,120.41122
-0.74714,51,120.43492
-0.732839,51,120.460312
-0.717593,51,120.484359
-0.794336,50,120.509319
-0.717682,51,120.532972
-0.780684,51,120.557594
-0.725135,51,120.582268
-0.707933,51,120.607196
-0.781017,51,120.631436
-0.831865,51,120.655135
-0.822449,51,120.680623
-0.882284,51,120.704516
-0.770402,51,120.730142
-0.856387,51,120.754115
-0.701764,51,120.779077
-0.782625,51,120.803645
-0.756805,51,120.829019
-0.788309,52,120.853676
-0.772415,51,120.87787
-0.79258,51,121.134567
-0.785525,51,121.158542
-0.76575,52,121.184407
-0.645263,50,121.208115
-0.710037,52,121.234552
-0.672927,50,121.258187
-0.615353,51,121.282828
-0.924487,51,121.308006
-0.710484,51,121.333092
-0.767784,51,121.35784
-0.787856,52,121.382331
-0.634097,50,121.407409
-0.686999,51,121.431337
-0.944374,51,121.45538
-0.747559,51,121.480323
-0.723132,50,121.504453
-0.666664,51,121.530584
-0.716148,51,121.560731
-0.752618,51,121.587434
-0.714808,51,121.611855
-0.738182,51,121.636764
-0.720913,51,121.660516
-0.805515,51,121.685464
-0.825144,51,121.709594
-0.827082,52,121.733809
-0.776386,52,121.759808
-0.758801,51,121.783569
-0.75258,50,121.808459
-0.727079,51,121.832073
-0.732077,51,121.860998
-0.699265,51,121.886492
-0.759245,51,121.911278
-0.722112,51,121.93606
-0.807454,51,121.9599
-0.707751,51,121.985582
-0.872451,51,122.009478
-0.839456,51,122.035163
-0.78742,51,122.059069
-0.739678,51,122.083548
-0.721078,51,122.108555
-0.753033,51,122.363344
-0.667183,50,122.387363
-0.748168,51,122.412522
-0.897709,51,122.436193
-0.721013,51,122.461778
-0.767143,51,122.485711
-0.794142,51,122.511107
-0.818369,51,122.53538
-0.699068,50,122.55912
-0.687091,50,122.583915
-0.754181,51,122.608503
-0.841437,51,122.633358
-0.738522,51,122.657157
-0.704909,50,122.681944
-0.776177,51,122.705824
-0.727164,51,122.7312
-0.696162,51,122.754977
-0.693068,51,122.77944
-0.779746,52,122.804718
-0.686531,50,122.827955
-0.742995,51,122.853211
-0.780357,51,122.876957
-0.83934,51,122.902294
-0.753995,52,122.926586
-0.773096,51,122.9509
-0.678366,51,122.975608
-0.75892,51,122.999362
-0.751101,51,123.024277
-0.770826,51,123.048321
-0.811691,51,123.073656
-0.818271,51,123.097189
-0.824237,51,123.121263
-0.896457,51,123.146189
-0.718906,51,123.170935
-0.775683,51,123.195402
-0.833498,51,123.219109
-0.779163,51,123.244717
-0.718944,51,123.268486
-0.760747,51,123.293848
-0.746157,51,123.317412
-0.684878,51,123.629913
-0.783798,50,123.655128
-0.831971,50,123.678769
-0.791392,51,123.702818
-0.716605,50,123.727584
-0.793707,51,123.7516
-0.662622,51,123.777237
-0.728552,51,123.801194
-0.828661,51,123.826417
-0.789743,52,123.851067
-0.828494,51,123.876663
-0.751975,51,123.900478
-0.678988,52,123.925351
-0.800008,51,123.950428
-0.81606,51,123.974161
-0.877428,51,123.999656
-0.879575,51,124.023177
-0.966741,52,124.048996
-0.833277,52,124.073386
-0.692096,51,124.097474
-0.647536,51,124.122505
-0.7429,51,124.146851
-0.66875,51,124.171246
-0.809816,51,124.19496
-0.785821,50,124.21986
-0.779667,52,124.244741
-0.761872,52,124.269136
-0.780495,51,124.294204
-0.778071,51,124.318602
-0.662887,52,124.343782
-0.704039,50,124.366953
-0.762945,51,124.39198
-0.776344,51,124.415972
-0.746885,51,124.441444
-0.632748,51,124.465321
-0.851662,51,124.489819
-0.637062,51,124.514733
-0.897534,50,124.539215
-0.778344,51,124.563699
-0.658292,51,124.587284
-0.80209,51,124.843069
-0.816972,51,124.867205
-0.777983,51,124.892365
-0.706247,51,124.916598
-0.682654,50,124.941535
-0.74149,51,124.965402
-0.733258,51,124.989836
-0.776161,51,125.014939
-0.682535,51,125.039038
-0.812139,51,125.064166
-0.743133,51,125.088599
-0.668006,51,125.113987
-0.845511,51,125.138202
-0.779057,51,125.163747
-0.832461,51,125.187413
-0.683749,50,125.211465
-0.686184,51,125.236241
-0.709179,52,125.260542
-0.739449,50,125.285303
-0.75524,50,125.308892
-0.794478,51,125.334299
-0.765899,51,125.357959
-0.697245,51,125.382294
-0.737706,51,125.406862
-0.692072,51,125.430559
-0.750113,51,125.455766
-0.670777,51,125.479725
-0.77304,51,125.505145
-0.868611,51,125.52885
-0.761596,51,125.55336
-0.765335,51,125.577996
-0.97502,51,125.601612
-0.74055,51,125.626598
-0.746703,51,125.650806
-0.776208,51,125.676342
-0.704865,51,125.70019
-0.762688,50,125.724319
-0.806957,51,125.749158
-1.018678,51,125.774129
-0.622128,50,125.797969
-0.673857,52,125.82252
-0.676753,51,126.079857
-0.6979,51,126.104512
-0.830199,51,126.129256
-0.691273,51,126.152869
-0.863844,51,126.178162
-0.869438,51,126.202279
-0.748066,51,126.227903
-0.775326,51,126.251873
-0.865744,51,126.276477
-0.668277,51,126.301424
-0.864533,51,126.326749
-0.689309,51,126.351458
-0.694974,51,126.375293
-0.751886,51,126.400625
-0.776789,51,126.424224
-0.801168,51,126.449659
-0.799948,51,126.473304
-0.760345,51,126.497979
-0.724473,51,126.522231
-0.772256,50,126.545399
-0.610589,50,126.57032
-0.723584,51,126.594301
-0.756336,50,126.618724
-0.741452,50,126.641956
-0.897174,51,126.666904
-0.742392,51,126.691005
-0.795581,51,126.716322
-0.87507,52,126.740473
-0.707438,51,126.764647
-0.663725,51,126.789472
-0.9066,51,126.813171
-0.671542,50,126.837857
-0.751874,51,126.861528
-0.896179,51,126.887018
-0.737572,51,126.910869
-0.681239,51,126.935192
-0.667784,50,126.95972
-0.765447,50,126.983075
-0.684661,52,127.008971
-0.886496,51,127.032745
-0.798171,52,127.288231
-0.899057,51,127.313917
-0.802706,51,127.337747
-0.776165,50,127.362518
-0.68382,51,127.386493
-0.715425,51,127.410649
-0.737775,51,127.435984
-0.703262,50,127.459219
-0.909143,51,127.484766
-0.89218,51,127.508596
-0.752948,52,127.534222
-0.661206,51,127.558496
-0.864515,51,127.58405
-0.774763,51,127.608209
-0.670797,51,127.632315
-0.757078,51,127.657286
-0.811141,51,127.680943
-0.723965,52,127.706206
-0.694103,50,127.729984
-0.732541,51,127.753689
-0.759502,50,127.778553
-0.710943,51,127.802588
-0.693086,51,127.827186
-0.61913,51,127.850757
-0.80115,51,127.875646
-0.820075,51,127.899623
-0.74218,50,127.922958
-0.627588,51,127.948003
-0.676576,51,127.972282
-0.73924,51,127.996921
-0.763272,51,128.020569
-0.84261,52,128.046149
-0.731842,52,128.07063
-0.767178,51,128.096197
-0.789301,51,128.119934
-0.802139,52,128.144814
-0.753688,51,128.169677
-0.762897,52,128.193978
-0.733671,51,128.219421
-0.655536,51,128.243192
-0.924231,51,128.5006
-0.685212,52,128.525099
-0.776513,51,128.549818
-0.67527,51,128.574443
-0.713022,52,128.598551
-0.763417,52,128.624584
-0.703336,50,128.648159
-0.754844,52,128.674478
-0.73722,52,128.698905
-0.727182,51,128.723566
-0.707202,50,128.74814
-0.792013,51,128.772977
-0.699425,51,128.797479
-0.685275,51,128.821272
-0.678324,50,128.84621
-0.638616,52,128.870465
-0.881071,51,128.8947
-0.774831,51,128.91964
-0.758243,51,128.944317
-0.779446,52,128.969244
-0.906003,51,128.992895
-0.768817,51,129.018249
-0.780652,52,129.042505
-0.737832,50,129.06606
-0.684821,51,129.090811
-0.899859,51,129.114315
-0.705406,51,129.139756
-0.767166,51,129.163468
-0.817296,51,129.188894
-0.82376,51,129.212515
-0.611904,51,129.236644
-0.702558,50,129.26131
-0.697206,51,129.285906
-0.701641,52,129.310924
-0.763856,51,129.334911
-0.751891,51,129.360335
-0.786618,51,129.384412
-0.83321,51,129.409906
-0.742251,51,129.433668
-0.623706,50,129.457953
-0.73845,51,129.714429
-0.667655,50,129.738271
-0.866898,50,129.763072
-0.683415,51,129.786752
-0.746302,51,129.811582
-0.738513,51,129.835918
-0.684256,51,129.859803
-0.743187,51,129.885432
-0.67657,51,129.909679
-0.784802,51,129.93505
-0.711836,52,129.959303
-0.703978,51,129.984157
-0.737472,51,130.008832
-0.719246,50,130.033519
-0.767806,51,130.057699
-0.708568,52,130.082045
-0.650281,50,130.106819
-0.681291,52,130.13102
-0.710462,51,130.155511
-0.744489,51,130.180137
-0.832202,50,130.204665
-0.681415,50,130.228177
-0.665309,51,130.25196
-0.810305,52,130.278026
-0.806805,51,130.30164
-0.638934,51,130.326158
-0.704576,51,130.350775
-0.712366,50,130.375609
-0.67406,51,130.399839
-0.64829,51,130.424825
-0.673398,51,130.450769
-0.909188,51,130.47487
-0.75967,51,130.499338
-0.88844,51,130.524607
-0.712888,51,130.54863
-0.75406,51,130.573851
-0.708555,51,130.598507
-0.83502,51,130.622468
-0.741009,51,130.648166
-0.708443,52,130.672913
-0.815243,51,130.929129
-0.755361,51,130.953343
-0.818187,51,130.979026
-1.010601,51,131.002938
-0.680057,50,131.0279
-0.735929,51,131.052171
-0.742799,52,131.081109
-0.722845,51,131.105092
-0.732401,51,131.13065
-0.756399,51,131.154504
-0.701872,51,131.180101
-0.682142,51,131.204003
-0.760543,51,131.229406
-0.685357,51,131.253618
-0.794195,50,131.277369
-0.93743,51,131.302424
-0.698762,50,131.325672
-0.817054,52,131.350975
-0.942745,51,131.375432
-0.735616,51,131.400758
-0.700387,51,131.42495
-0.822305,51,131.448897
-0.775604,51,131.474196
-0.85118,51,131.498033
-0.664443,51,131.522801
-0.707425,51,131.547469
-0.809922,51,131.571263
-0.78987,50,131.596182
-0.784931,50,131.619601
-0.799462,51,131.645081
-0.72084,51,131.668841
-0.740295,51,131.693542
-0.817957,51,131.717843
-0.734894,51,131.741775
-0.83826,51,131.76726
-0.719174,51,131.791258
-0.69959,51,131.815591
-0.679725,51,131.840834
-0.827888,51,131.864728
-0.729534,51,131.890182
-0.619851,51,132.144999
-0.678493,50,132.169185
-0.758323,51,132.194254
-0.767396,52,132.219674
-0.711441,51,132.244298
-0.666559,50,132.267547
-0.81593,51,132.293179
-0.719126,52,132.31777
-0.810635,51,132.342177
-0.936023,52,132.367904
-0.759791,51,132.392566
-0.722238,52,132.41796
-0.854957,51,132.441881
-0.667006,50,132.466612
-0.703034,52,132.491267
-0.721949,51,132.515105
-0.666917,51,132.540238
-0.768645,51,132.56392
-0.685376,52,132.589742
-0.71809,51,132.613438
-0.724179,51,132.638483
-0.58687,50,132.662148
-0.736686,50,132.685695
-0.676178,50,132.710406
-0.668154,51,132.734188
-0.658273,51,132.758968
-0.75035,51,132.783423
-0.994519,52,132.807637
-0.686038,52,132.83351
-0.664943,51,132.857446
-0.768683,51,132.881436
-0.66858,51,132.906373
-0.700957,51,132.929766
-0.685994,51,132.955392
-0.76554,51,132.979311
-0.712714,51,133.004807
-0.852763,51,133.028733
-0.916204,51,133.053087
-0.747014,52,133.078851
-0.764608,51,133.103329
-0.727025,51,133.356894
-0.672423,52,133.382344
-0.673616,52,133.408376
-0.64223,51,133.432382
-0.734851,51,133.457236
-0.707357,50,133.48132
-0.787191,50,133.506294
-0.800327,51,133.530431
-0.705985,51,133.554592
-0.788614,50,133.579641
-0.820068,51,133.603647
-0.668935,51,133.62853
-0.905945,52,133.653964
-0.736434,51,133.677883
-0.831797,51,133.703451
-0.737083,50,133.726825
-0.74702,51,133.752281
-0.67012,51,133.776039
-0.713014,51,133.800563
-0.772157,51,133.825418
-0.784134,52,133.849719
-0.671997,51,133.875288
-0.755365,51,133.900877
-0.716195,50,133.926145
-0.786257,51,133.951706
-0.710464,51,133.975646
-0.864318,51,134.000959
-0.78919,51,134.025176
-0.699303,51,134.050156
-0.78443,52,134.075333
-0.759533,52,134.100557
-0.850469,51,134.124386
-0.753,52,134.149953
-0.860299,51,134.174202
-0.744794,51,134.198341
-0.744229,50,134.223294
-0.684464,51,134.247897
-0.727484,52,134.273327
-0.740415,51,134.297243
-0.785703,51,134.322291
-0.836864,51,134.346983
-0.827657,51,134.600796
-0.718432,50,134.625153
-0.782607,52,134.651004
-0.918415,51,134.675451
-0.748025,51,134.699374
-0.737752,52,134.725506
-0.656911,50,134.749104
-0.781378,51,134.773762
-0.96258,51,134.798775
-0.688366,51,134.822609
-0.769229,51,134.847979
-0.678628,51,134.872323
-0.673636,52,134.898547
-0.837717,51,134.922664
-0.71355,51,134.946843
-0.751474,51,134.971826
-0.685006,52,134.996168
-0.613228,51,135.02099
-0.722544,51,135.045572
-0.646426,51,135.070848
-0.660153,51,135.094952
-0.795814,51,135.119079
-0.739376,51,135.144284
-0.723092,51,135.168058
-0.691423,51,135.192753
-0.701485,51,135.217359
-0.731878,51,135.241139
-0.726882,51,135.266588
-0.816729,51,135.290413
-0.780235,51,135.315729
-0.698136,50,135.338942
-0.816527,51,135.363598
-0.762416,51,135.388224
-0.723266,51,135.412142
-0.677416,51,135.437605
-0.856738,52,135.46228
-0.739708,51,135.48654
-0.75322,51,135.511716
-0.698535,51,135.535621
-0.7513,51,135.561418
-0.781593,50,135.815411
-0.956694,51,135.840978
-0.666992,52,135.865507
-0.780336,51,135.890154
-0.643928,52,135.915472
-0.748548,51,135.94044
-0.801138,51,135.965066
-0.716232,50,135.988615
-0.805307,52,136.014897
-0.665949,51,136.038942
-0.73675,51,136.063436
-0.686887,50,136.088156
-0.74387,51,136.113021
-0.721816,51,136.137753
-0.785487,51,136.161591
-0.621224,51,136.18691
-0.70899,51,136.210864
-0.700091,51,136.235043
-0.725041,51,136.260209
-0.712203,51,136.283902
-0.85266,51,136.308857
-0.762716,51,136.333086
-0.83951,51,136.358436
-0.761634,51,136.382322
-0.736218,51,136.40651
-0.670515,51,136.431575
-0.662281,51,136.45532
-0.617312,51,136.480246
-0.820611,51,136.50468
-0.604582,51,136.528422
-0.787821,52,136.554452
-0.830543,51,136.578021
-0.723443,51,136.603683
-0.678659,51,136.627561
-0.840592,51,136.652345
-0.710728,51,136.676974
-0.769555,50,136.701854
-0.76208,51,136.726146
-0.690448,50,136.749739
-0.744797,50,136.774711
-0.699778,51,137.028225
-0.776929,51,137.052263
-0.718752,51,137.076703
-0.667963,51,137.101797
-0.688073,51,137.125446
-0.756178,51,137.150432
-0.696421,51,137.174885
-0.843433,51,137.200397
-0.824721,51,137.224458
-0.813622,51,137.248801
-0.748158,51,137.273899
-0.750911,51,137.297794
-0.673876,51,137.323458
-0.650812,51,137.34747
-0.721742,51,137.372772
-0.773883,51,137.396839
-0.812413,50,137.420495
-0.705428,51,137.445727
-0.617189,51,137.46946
-0.713516,50,137.493867
-0.753531,50,137.517728
-0.773104,51,137.541311
-0.820368,50,137.566315
-0.80975,51,137.590434
-0.802544,51,137.615323
-0.729352,51,137.639008
-0.734262,51,137.66392
-0.681729,51,137.68807
-0.677626,50,137.711358
-0.728048,51,137.736683
-0.723451,52,137.760978
-0.688835,52,137.785813
-0.773361,51,137.81063
-0.727216,51,137.83449
-0.744833,51,137.859695
-0.81647,51,137.884006
-0.669723,52,137.910227
-0.77968,51,137.935952
-0.742587,51,137.961817
-0.736805,51,137.986265
-0.67418,51,138.320638
-0.78633,51,138.34623
-0.74183,50,138.369915
-0.727524,52,138.396024
-0.759536,50,138.421193
-0.872028,51,138.445423
-0.744986,52,138.471072
-0.607313,50,138.496107
-0.682177,51,138.519884
-0.84292,52,138.545865
-0.812201,51,138.571497
-0.658523,51,138.595354
-0.757821,51,138.620893
-0.740833,51,138.64644
-0.749091,51,138.670607
-0.750881,51,138.695438
-0.778842,50,138.720268
-0.749743,51,138.744921
-0.684725,51,138.769157
-0.832891,52,138.795099
-0.784561,51,138.818644
-0.769729,51,138.844082
-0.776361,52,138.868629
-0.709262,51,138.893707
-0.799971,50,138.918609
-0.70596,51,138.942037
-0.648237,50,138.966874
-0.772121,51,138.990523
-0.748106,51,139.015844
-0.654533,51,139.041295
-0.826875,50,139.064445
-0.703258,51,139.089683
-0.785644,51,139.113219
-0.70351,51,139.138786
-0.880343,51,139.163827
-1.103138,51,139.188098
-0.668081,51,139.213572
-0.784327,51,139.239113
-0.793333,51,139.264555
-0.774461,51,139.290051
-0.78685,51,139.550348
-0.911315,51,139.576241
-0.64249,51,139.601001
-0.742487,51,139.625552
-0.742818,52,139.651622
-0.769403,50,139.674723
-0.770554,51,139.700256
-0.744577,51,139.724093
-0.704787,51,139.749509
-0.76148,51,139.773381
-0.80411,52,139.798565
-0.695206,51,139.823197
-0.729893,51,139.847037
-0.735094,51,139.87244
-0.713796,52,139.896793
-0.673886,52,139.922692
-0.795678,51,139.946674
-0.729267,52,139.972022
-0.718646,52,139.996194
-0.653245,51,140.020845
-0.644012,51,140.044998
-0.731761,51,140.070046
-0.796837,51,140.093849
-0.73861,51,140.117882
-0.761047,51,140.14281
-0.710153,52,140.166994
-0.611352,50,140.191833
-0.805596,51,140.21547
-0.862921,51,140.240601
-0.848426,51,140.264115
-0.676471,51,140.288148
-0.730952,51,140.312975
-0.898719,51,140.337365
-0.857528,51,140.361892
-0.817151,51,140.385565
-0.727,50,140.410529
-0.751396,50,140.433806
-0.758501,50,140.45885
-0.738097,51,140.482534
-0.707692,51,140.507753
-0.680554,51,140.763989
-0.709607,51,140.788268
-0.640206,50,140.812342
-0.937312,51,140.837302
-0.714864,51,140.861086
-0.664979,51,140.886554
-0.631877,52,140.910868
-0.753557,51,140.936419
-0.682464,51,140.960313
-0.784698,51,140.985951
-0.752776,50,141.009344
-0.737464,51,141.034218
-0.665317,51,141.058847
-0.761392,51,141.084039
-0.747591,51,141.108271
-0.791992,51,141.132211
-0.819373,51,141.157343
-0.733064,52,141.181438
-0.860316,51,141.206668
-0.712591,51,141.230224
-0.838762,51,141.255211
-0.719118,51,141.279422
-0.642376,52,141.30371
-0.848605,50,141.328624
-0.727526,51,141.352942
-0.675703,51,141.377753
-0.700542,51,141.40124
-0.796027,51,141.426205
-0.833147,51,141.45027
-0.65045,51,141.475659
-0.70545,51,141.499348
-0.904078,51,141.523649
-0.81458,51,141.548206
-0.787602,51,141.571984
-0.750538,51,141.597355
-0.724803,50,141.620581
-0.687892,50,141.645566
-0.836158,51,141.669261
-0.817983,51,141.693742
-0.82333,51,141.718398
-0.71721,50,141.743091
-0.626629,51,141.999825
-0.724572,51,142.024185
-0.697013,51,142.049339
-0.612392,50,142.072587
-0.699566,51,142.097521
-0.677291,51,142.121689
-0.712446,51,142.147096
-0.791828,51,142.171053
-0.726982,51,142.195406
-0.913602,51,142.220649
-0.715926,51,142.244524
-0.60253,50,142.270391
-0.786535,51,142.29495
-0.758388,51,142.320832
-0.638444,52,142.345336
-0.700218,52,142.371056
-0.680793,51,142.395001
-0.718081,51,142.419075
-0.811888,51,142.44417
-0.65734,51,142.467813
-0.659418,50,142.492816
-0.730794,51,142.517807
-0.777631,50,142.541573
-0.707171,51,142.565442
-0.736005,50,142.590165
-0.69712,52,142.61441
-0.75856,51,142.638889
-0.827677,51,142.663277
-0.747717,51,142.688289
-0.824972,51,142.712393
-0.727808,50,142.735845
-0.980437,51,142.760818
-0.734241,52,142.784977
-0.816803,51,142.809771
-0.667821,51,142.834289
-0.753129,51,142.858169
-0.66858,51,142.883751
-0.781069,51,142.907782
-0.685564,51,142.933139
-0.772563,51,142.957049
-0.721465,51,143.211971
-0.764291,51,143.237686
-0.685413,51,143.261868
-0.742445,50,143.28677
-0.713657,50,143.310119
-0.584897,51,143.335094
-0.758075,51,143.359774
-0.740696,52,143.385519
-0.934224,51,143.409756
-0.741738,52,143.434217
-0.648813,51,143.459741
-0.735207,51,143.489345
-0.775696,51,143.513972
-0.743177,51,143.539865
-0.719007,51,143.564181
-0.77775,52,143.588822
-0.709303,52,143.614554
-0.679955,51,143.639223
-0.717121,51,143.663799
-0.859238,51,143.687642
-0.94195,51,143.71289
-0.798262,51,143.736864
-0.719227,52,143.761458
-0.841895,51,143.786624
-0.782956,51,143.81036
-0.70508,50,143.834808
-0.702103,51,143.859345
-0.802856,51,143.883203
-0.739559,51,143.908743
-0.778882,51,143.932675
-0.768446,52,143.958457
-0.753749,51,143.982186
-0.687238,50,144.006502
-0.836631,51,144.03136
-0.85379,51,144.056505
-0.705334,51,144.080721
-0.77757,51,144.104752
-0.720378,51,144.130188
-0.718073,51,144.153944
-0.679253,51,144.17859
-0.708883,51,144.435229
-0.817652,50,144.459061
-0.678235,51,144.484609
-0.719537,51,144.509139
-0.741992,51,144.534219
-0.682315,52,144.558524
-0.743288,51,144.583781
-0.768721,51,144.608452
-0.867539,51,144.632363
-0.578683,51,144.657948
-0.7601,51,144.682069
-0.815918,52,144.707956
-0.689573,51,144.731786
-0.70328,51,144.756646
-0.769343,51,144.781343
-0.803649,51,144.805207
-0.76209,50,144.830131
-0.770078,51,144.854109
-0.728154,51,144.87966
-0.639483,51,144.903376
-0.703204,51,144.927979
-0.761751,51,144.952919
-0.737613,51,144.976624
-0.790662,51,145.001909
-0.761622,52,145.026516
-0.71678,51,145.050596
-0.712332,51,145.075828
-0.654184,50,145.09987
-0.667625,51,145.124804
-0.65245,51,145.14857
-0.701605,51,145.173797
-0.70651,51,145.19786
-0.647519,51,145.221783
-0.642604,51,145.247203
-0.615453,51,145.271594
-0.717708,52,145.29715
-0.66788,51,145.320938
-0.757647,52,145.346364
-0.839747,51,145.370931
-0.7014,51,145.396054
-0.754275,51,145.649989
-0.764815,50,145.675358
-0.662102,51,145.699173
-0.650947,51,145.724586
-0.666619,51,145.748647
-0.813318,51,145.772705
-0.709431,51,145.797963
-0.74584,51,145.821912
-0.689628,51,145.847571
-0.780352,51,145.87155
-0.68061,50,145.896514
-0.734025,51,145.920773
-0.711406,51,145.944971
-0.649211,52,145.971008
-0.736393,52,145.995839
-0.635198,50,146.020361
-0.666986,51,146.044017
-0.730985,51,146.06893
-0.697597,51,146.093103
-0.68348,52,146.117591
-0.664982,51,146.142971
-0.809095,51,146.166749
-0.704071,51,146.191192
-0.698266,51,146.215778
-0.651735,51,146.240682
-0.71875,51,146.265012
-0.764665,51,146.288936
-0.717318,51,146.314494
-0.749634,52,146.338861
-0.887099,51,146.363201
-0.743757,50,146.387491
-0.810358,51,146.411056
-0.734017,50,146.436177
-0.682012,51,146.459962
-0.662764,51,146.48542
-0.791822,51,146.509394
-0.905952,51,146.53379
-0.787853,51,146.558658
-0.751698,51,146.582536
-0.756738,51,146.60809
-0.915115,51,146.861904
-0.738073,52,146.886528
-0.708399,51,146.9117
-0.705906,51,146.936089
-0.778999,51,146.959924
-0.838584,51,146.985252
-0.900285,51,147.009628
-0.662867,51,147.034812
-0.822297,51,147.058716
-0.906961,51,147.08367
-0.63935,50,147.107913
-0.800156,52,147.132328
-0.809429,51,147.157909
-0.664987,50,147.181632
-0.70215,51,147.20695
-0.699032,51,147.230703
-0.715191,51,147.255321
-0.629902,50,147.279388
-0.723131,52,147.303658
-0.776346,51,147.329076
-0.73884,51,147.353039
-0.645795,51,147.378583
-0.851617,51,147.402327
-0.718505,50,147.426574
-0.766016,52,147.451772
-0.78745,51,147.475508
-0.747446,51,147.500761
-0.619917,50,147.524418
-0.586082,50,147.54815
-0.674993,50,147.572825
-0.660866,52,147.597075
-0.812699,51,147.621971
-0.739315,51,147.646307
-0.73506,50,147.671252
-0.7267,52,147.695877
-0.761277,51,147.720088
-0.679853,50,147.744904
-0.663347,51,147.768781
-0.699584,51,147.794386
-0.593333,51,147.818139
-0.681834,51,148.071621
-0.643683,51,148.096811
-0.711535,51,148.121687
-0.742409,50,148.146286
-0.683456,51,148.170616
-0.759749,51,148.194333
-0.666359,51,148.219856
-0.776564,52,148.244373
-0.713108,51,148.268863
-0.673542,51,148.293879
-0.730982,51,148.318676
-0.605755,52,148.343908
-0.78647,51,148.367799
-0.690755,51,148.393133
-0.662921,51,148.417088
-0.871652,51,148.441304
-0.623644,50,148.465969
-0.768944,51,148.489764
-0.694678,50,148.514243
-0.69469,50,148.537981
-0.659601,51,148.56189
-0.74419,51,148.587268
-0.678836,51,148.611642
-0.76882,51,148.636575
-0.764246,52,148.660882
-0.789622,51,148.685807
-0.658896,51,148.710067
-0.676041,51,148.733774
-0.663521,51,148.759126
-0.771587,51,148.782845
-0.731659,51,148.807255
-0.672293,51,148.832108
-0.653272,51,148.855744
-0.706147,51,148.881293
-0.8096,51,148.905174
-0.821113,51,148.930771
-0.674098,52,148.955196
-0.748096,51,148.979673
-0.741698,52,149.005279
-0.90756,51,149.029025
-0.66695,51,149.054136
-0.668998,51,149.309279
-0.770665,51,149.335074
-0.737208,51,149.358922
-0.658777,51,149.382736
-0.74135,51,149.40837
-0.79935,52,149.43274
-0.850163,51,149.458247
-0.777,51,149.48234
-0.753341,52,149.507196
-0.769779,51,149.53269
-0.652282,51,149.556716
-0.689743,52,149.581978
-0.673883,51,149.606896
-0.780659,51,149.631942
-0.664663,51,149.656382
-0.723829,51,149.680032
-0.875635,52,149.706002
-0.653565,52,149.730441
-0.681805,51,149.754674
-0.695807,50,149.779253
-0.709949,51,149.802914
-0.718376,51,149.827843
-0.620989,50,149.851784
-0.662421,51,149.875647
-0.623867,51,149.901125
-0.716752,51,149.924946
-0.731773,51,149.950473
-0.775473,50,149.973775
-0.874374,52,149.999217
-0.720346,51,150.023775
-0.71008,51,150.04748
-0.866041,51,150.072785
-0.796551,52,150.097338
-0.592605,50,150.122286
-0.628735,51,150.146169
-0.938186,51,150.17083
-0.737953,51,150.195445
-0.75093,51,150.219225
-0.744555,51,150.244553
-0.838886,51,150.268659
-0.923918,51,150.527886
-0.927932,51,150.552763
-1.014781,51,150.577934
-0.884928,51,150.603675
-0.629616,51,150.627673
-0.62945,51,150.653183
-0.660662,51,150.677151
-0.705565,51,150.702726
-0.731765,52,150.727273
-0.782927,51,150.752896
-0.676979,51,150.777343
-0.625543,50,150.802106
-0.923601,51,150.82693
-0.805563,51,150.851817
-0.845473,52,150.87794
-0.710799,52,150.904027
-0.747855,50,150.927523
-0.742688,52,150.953711
-0.703136,52,150.978093
-0.638642,50,151.00317
-0.720705,51,151.027281
-0.687485,50,151.051996
-0.674022,51,151.076396
-0.870728,51,151.101262
-0.621761,51,151.12599
-0.665807,51,151.15039
-0.643518,50,151.175173
-0.774488,51,151.199066
-0.790732,50,151.22396
-0.745919,51,151.24829
-0.637676,51,151.27319
-0.642706,50,151.297475
-0.773765,51,151.321971
-0.70837,50,151.346882
-0.792032,51,151.370994
-0.682583,51,151.396651
-0.804951,51,151.420446
-0.644074,51,151.446111
-0.771617,51,151.469943
-0.806431,52,151.496074
-0.748674,51,151.755455
-0.726685,51,151.780071
-0.68741,52,151.806132
-0.801672,51,151.83028
-0.804316,52,151.856391
-0.718672,51,151.880515
-0.841006,52,151.906465
-0.654217,50,151.930069
-0.693243,50,151.954559
-0.64299,51,151.979195
-0.69244,51,152.003006
-0.634699,51,152.028618
-0.702332,51,152.052684
-0.618526,51,152.078053
-0.722168,50,152.101413
-0.619922,52,152.1266
-0.927999,52,152.151808
-0.680175,50,152.175218
-0.682767,50,152.200157
-0.698,51,152.224111
-0.64983,52,152.250056
-0.570997,51,152.273785
-0.726724,51,152.298305
-0.848317,52,152.323697
-0.908686,52,152.349023
-0.812968,51,152.373517
-0.682884,51,152.398616
-0.651,51,152.422776
-0.717918,51,152.44662
-0.799646,51,152.471903
-0.685215,52,152.496151
-0.841587,52,152.521154
-0.818538,51,152.546012
-0.666613,51,152.570954
-0.825708,51,152.595466
-0.639646,50,152.618937
-0.641819,52,152.645127
-0.596188,50,152.668697
-0.757838,51,152.6944
-0.76883,51,152.718108
-0.747017,51,152.97184
-0.758966,51,152.99632
-0.696021,51,153.021635
-0.775048,51,153.045618
-0.678746,51,153.071314
-0.707546,52,153.095721
-0.691573,52,153.175654
-0.781346,51,153.204131
-0.838362,51,153.229925
-0.633285,51,153.257934
-0.710309,51,153.285946
-0.751994,51,153.312206
-0.646323,50,153.336128
-0.6565,50,153.361439
-0.853633,52,153.385892
-0.762313,51,153.410469
-0.779462,51,153.435277
-0.687668,50,153.459738
-0.704675,52,153.484601
-0.715991,51,153.508256
-0.776425,51,153.533657
-0.666668,50,153.556938
-0.749411,51,153.581467
-0.831652,52,153.606807
-0.782029,51,153.630528
-0.721006,51,153.65549
-0.684793,50,153.678929
-0.734188,51,153.702832
-0.653049,51,153.72784
-0.628892,51,153.75237
-0.857634,51,153.776976
-0.693999,51,153.800544
-0.686217,51,153.825887
-0.612224,52,153.85038
-0.722321,52,153.874881
-0.735593,51,153.900127
-0.732828,51,153.924553
-0.715919,51,153.949378
-0.655204,50,153.972583
-0.774208,51,153.998021
-0.739428,51,154.252467
-0.661415,51,154.277495
-0.640248,51,154.302305
-0.79745,51,154.326126
-0.676369,51,154.351392
-0.635881,51,154.375246
-0.748041,51,154.399532
-0.943509,51,154.424773
-0.632051,51,154.449351
-0.710409,51,154.474086
-0.74842,50,154.498566
-0.742423,51,154.522898
-0.843372,51,154.548297
-0.634722,52,154.572745
-0.663382,51,154.59681
-0.844486,51,154.621871
-0.823539,51,154.64549
-0.711114,51,154.67023
-0.715961,52,154.694969
-0.666632,51,154.71861
-0.738236,51,154.744089
-0.780781,52,154.768206
-0.654115,51,154.79367
-0.81702,52,154.817865
-0.730812,51,154.842369
-0.745597,51,154.866909
-0.724727,51,154.890466
-0.631458,50,154.915526
-0.840896,52,154.939785
-0.740581,52,154.965799
-0.812068,51,154.989525
-0.700549,52,155.014457
-0.734464,51,155.039145
-0.819392,51,155.063004
-0.730543,51,155.08848
-0.768998,51,155.112273
-0.70461,50,155.137245
-0.694161,51,155.161086
-0.769732,51,155.185651
-0.865923,52,155.210792
-0.703027,51,155.463255
-0.840256,51,155.488098
-0.723726,52,155.513449
-0.700902,51,155.53722
-0.899347,52,155.562697
-0.87809,51,155.586765
-0.703444,52,155.612886
-0.711536,51,155.636767
-0.601894,51,155.660979
-0.771359,50,155.685622
-0.669436,50,155.708882
-0.733282,51,155.733975
-0.765594,51,155.758252
-0.855492,52,155.784183
-0.779137,51,155.808158
-0.765637,52,155.83264
-0.762501,51,155.857765
-0.700369,51,155.881349
-0.782344,50,155.9056
-0.733834,51,155.929963
-0.797169,51,155.955137
-0.677488,51,155.978986
-0.635914,51,156.003037
-0.651214,52,156.028515
-0.627925,51,156.052251
-0.682209,51,156.077122
-0.718034,52,156.101966
-0.766056,51,156.125522
-0.810964,51,156.150859
-0.77437,51,156.174539
-0.951654,51,156.199908
-0.746753,51,156.223433
-0.715845,51,156.248263
-0.737363,50,156.272296
-0.665611,51,156.296106
-0.739808,50,156.32113
-0.577591,51,156.344911
-0.690563,51,156.36933
-0.73955,51,156.3943
-0.632693,50,156.418595
-0.69121,51,156.673689
-0.752496,52,156.69843
-0.763737,51,156.723214
-0.735246,51,156.747994
-0.656164,51,156.77174
-0.793141,51,156.796932
-0.795521,51,156.820836
-0.722438,51,156.846461
-0.711581,51,156.870261
-0.666349,51,156.894869
-0.737888,51,156.918993
-0.706421,51,156.943454
-0.732728,51,156.968858
-0.894592,51,156.993018
-0.673558,51,157.017203
-0.780345,52,157.04294
-0.686205,51,157.066538
-0.780788,51,157.091158
-0.724863,50,157.115118
-0.638606,51,157.138714
-0.790671,51,157.164186
-0.716485,50,157.187421
-0.702049,50,157.211257
-0.649897,51,157.236005
-0.778972,51,157.259545
-0.750063,52,157.285114
-0.80659,51,157.309253
-0.768188,51,157.334711
-0.765068,51,157.358491
-0.854666,51,157.382794
-0.695055,51,157.407607
-0.806833,51,157.431115
-0.723163,50,157.455799
-0.686609,50,157.479587
-0.683959,51,157.503611
-0.723953,52,157.52945
-0.755147,51,157.553182
-0.727716,51,157.577864
-0.894143,51,157.602512
-0.617739,51,157.627507
-0.732991,51,157.878371
-0.63925,51,157.904053
-0.675539,51,157.928383
-0.669828,51,157.953878
-0.790945,51,157.977692
-0.748319,51,158.00141
-0.845069,51,158.026836
-0.624195,50,158.050324
-0.724232,50,158.074991
-0.713383,50,158.098783
-0.7247,52,158.123208
-0.762139,52,158.149191
-0.725367,51,158.172852
-0.67191,50,158.197007
-0.692791,51,158.221873
-0.65728,51,158.247444
-0.668431,52,158.272765
-0.700933,51,158.296997
-0.700142,51,158.322386
-1.066449,52,158.346545
-0.674503,50,158.37135
-0.709332,51,158.394927
-0.749882,51,158.419304
-0.717186,51,158.443772
-0.735694,51,158.468664
-0.791268,51,158.492674
-0.696733,51,158.516428
-0.631054,51,158.541549
-0.607297,51,158.565702
-0.751345,51,158.590573
-0.730362,51,158.614159
-0.653518,51,158.63897
-0.684736,52,158.663528
-0.756737,51,158.688979
-0.871568,51,158.712863
-0.68805,51,158.738442
-0.747967,51,158.762173
-0.710454,51,158.78675
-0.813357,52,158.811867
-0.699105,51,158.835584
-0.758928,51,158.860637
-0.63787,51,159.11768
-0.794679,51,159.142757
-0.937268,51,159.166538
-0.732321,52,159.192873
-0.831512,51,159.217925
-0.907848,51,159.242093
-0.677963,51,159.265851
-0.661643,51,159.291347
-0.709015,51,159.315105
-0.655117,52,159.340156
-0.711054,51,159.365117
-0.683806,50,159.388481
-0.665126,51,159.413748
-0.623558,50,159.437607
-0.672595,50,159.462637
-0.700837,52,159.486788
-0.5942,50,159.510679
-0.828608,51,159.535308
-0.649277,51,159.558817
-0.744105,51,159.583956
-0.734842,51,159.608107
-0.678858,51,159.631998
-0.61472,51,159.657191
-0.80232,51,159.680914
-0.732054,51,159.70549
-0.696507,52,159.730516
-0.767331,51,159.754252
-0.773279,51,159.779256
-0.841311,51,159.802956
-0.69916,51,159.827023
-0.842562,52,159.852368
-0.63457,50,159.875425
-0.793452,51,159.900411
-0.971059,51,159.924761
-0.773061,50,159.948177
-0.656731,51,159.97353
-0.742778,51,159.997776
-0.780753,51,160.022769
-0.618663,51,160.046656
-0.69187,51,160.071442
-0.630914,50,160.323978
-0.620689,51,160.348638
-0.678063,52,160.376668
-0.743629,51,160.401971
-0.769958,51,160.427104
-0.688634,51,160.452165
-0.697128,51,160.476835
-0.79255,51,160.500986
-0.654264,51,160.526832
-0.675479,51,160.550876
-0.766705,51,160.575546
-0.712808,50,160.600405
-0.72971,51,160.624359
-0.794834,51,160.649544
-0.679418,51,160.674086
-0.750687,51,160.697904
-0.823503,51,160.723412
-0.641965,51,160.747307
-0.898019,51,160.772963
-0.797882,51,160.796671
-0.722799,52,160.822134
-0.716389,51,160.846722
-0.645631,50,160.870042
-0.77711,51,160.895518
-0.805022,51,160.919174
-0.797312,51,160.943502
-0.795306,51,160.968396
-0.698447,51,160.992181
-0.697884,50,161.01695
-0.765446,51,161.041052
-0.65475,52,161.065476
-0.786316,51,161.090721
-0.736699,51,161.114704
-0.930431,51,161.139449
-0.650479,51,161.164378
-0.726589,51,161.189518
-0.786231,51,161.214138
-0.802942,52,161.238556
-0.82093,51,161.264243
-0.791306,50,161.287467
-0.776553,51,161.543859
-0.794995,51,161.568608
-0.697588,51,161.592713
-0.800461,51,161.618406
-0.733822,51,161.642336
-0.786559,51,161.666692
-0.693946,51,161.691807
-0.69437,52,161.716314
-0.813872,51,161.741349
-0.699147,52,161.766583
-0.582361,51,161.790535
-0.749499,52,161.816652
-0.780383,51,161.840765
-0.854751,51,161.866469
-0.723783,51,161.89037
-0.673632,50,161.914525
-0.659112,50,161.938873
-0.681311,50,161.962206
-0.759904,51,161.987386
-0.672587,52,162.011853
-0.691201,51,162.036097
-0.682493,51,162.061312
-0.630295,50,162.084682
-0.681823,51,162.109472
-0.655936,51,162.133955
-0.597066,51,162.157664
-0.776351,51,162.183198
-0.700527,52,162.207536
-0.671455,51,162.231924
-0.731764,51,162.256624
-0.815836,51,162.280353
-0.73829,51,162.30533
-0.706744,52,162.330256
-0.785511,51,162.354244
-0.696695,51,162.379881
-0.732981,50,162.403344
-0.786424,51,162.42799
-0.770231,51,162.452869
-0.693564,51,162.477916
-0.733085,51,162.502214
-0.739784,51,162.758182
-0.786916,51,162.782335
-0.621246,50,162.806994
-0.71322,51,162.8315
-0.80233,50,162.854919
-0.712985,50,162.879888
-0.698188,51,162.903705
-0.758925,51,162.92946
-0.738736,51,162.953342
-0.569582,52,162.977964
-0.784967,52,163.004073
-0.694778,51,163.027799
-0.817869,51,163.053306
-0.814115,51,163.077283
-0.707016,51,163.101611
-0.755693,52,163.127131
-0.723857,51,163.150834
-0.792293,51,163.175506
-0.817459,52,163.200371
-0.811206,52,163.224579
-0.665568,51,163.249939
-0.650122,51,163.273929
-0.778743,51,163.299038
-0.820339,52,163.323255
-0.649,51,163.34797
-0.664399,51,163.372418
-0.702491,50,163.395652
-0.684585,52,163.421641
-0.757877,51,163.445399
-0.725822,51,163.469612
-0.787708,51,163.494432
-0.755527,51,163.518187
-0.612667,51,163.543323
-0.688038,50,163.567322
-0.800159,51,163.591339
-0.792364,51,163.616857
-0.664289,51,163.64072
-0.777392,51,163.666377
-0.710909,51,163.690283
-0.697771,51,163.715101
-0.641244,52,163.969451
-0.640324,51,163.994286
-0.828951,51,164.019382
-0.715891,51,164.0433
-0.795984,50,164.068156
-0.676253,51,164.092346
-0.627368,51,164.117795
-0.776632,51,164.141804
-0.597128,51,164.165716
-0.811664,51,164.191392
-0.698766,51,164.215266
-0.669354,51,164.240323
-0.625883,51,164.264813
-0.56435,50,164.288349
-0.760914,51,164.313771
-0.732513,51,164.337619
-0.750841,52,164.362766
-0.660402,51,164.38752
-0.717526,51,164.411171
-0.721975,51,164.436315
-0.742429,51,164.460362
-0.897983,51,164.484326
-0.723333,51,164.50966
-0.677795,50,164.533704
-0.652381,51,164.558426
-0.755175,51,164.582227
-0.63662,50,164.606917
-0.735137,52,164.631543
-0.625728,51,164.655343
-0.650515,51,164.68055
-0.651801,50,164.703746
-0.728192,51,164.728472
-0.738616,51,164.753217
-0.663593,50,164.776601
-0.572943,50,164.801687
-0.787399,51,164.825493
-0.778525,51,164.849937
-0.664934,51,164.874963
-0.638767,51,164.898714
-0.847741,50,164.923278
-0.628725,51,165.178258
-0.717149,51,165.202728
-0.674045,51,165.227711
-0.803851,52,165.252832
-0.791951,51,165.276671
-0.649585,50,165.301687
-0.784682,51,165.325448
-0.729035,51,165.349888
-0.646855,51,165.375216
-0.617754,50,165.398608
-0.645333,51,165.423555
-0.701392,52,165.448631
-0.704476,51,165.472442
-0.718892,50,165.497572
-0.855318,51,165.521412
-0.842228,51,165.545914
-0.698817,51,165.621934
-0.651702,51,165.647634
-0.671513,51,165.674491
-0.73787,51,165.702098
-0.616902,52,165.728136
-0.68186,51,165.752269
-0.851059,51,165.777017
-0.756227,50,165.801248
-0.658352,50,165.824656
-0.712795,51,165.850893
-0.766656,52,165.876195
-0.786279,51,165.900389
-0.66738,51,165.925759
-0.603532,51,165.949306
-0.653994,51,165.973983
-0.65711,52,165.999066
-0.667029,51,166.022969
-0.712258,52,166.048864
-0.817189,51,166.073107
-0.684444,51,166.097197
-0.678604,52,166.123007
-0.677262,52,166.14792
-0.715244,51,166.172971
-0.745033,52,166.197357
-0.766406,51,166.222194
-0.780538,51,166.477183
-0.707854,51,166.500951
-0.618479,51,166.525682
-1.045008,51,166.550226
-0.903165,51,166.574005
-0.67835,51,166.599364
-0.660843,51,166.623286
-0.770492,51,166.648958
-0.66364,51,166.672891
-0.636894,51,166.697603
-0.763678,51,166.722412
-0.746651,50,166.74592
-0.874792,51,166.771455
-0.689448,51,166.795611
-0.645731,51,166.819824
-0.699638,51,166.844992
-0.827049,51,166.868565
-0.728796,51,166.893308
-0.649373,51,166.917669
-0.700726,51,166.941309
-0.684954,51,166.966769
-0.709796,50,166.990076
-0.680603,51,167.014488
-0.875237,51,167.039357
-0.697686,51,167.064179
-0.65306,51,167.088505
-0.675144,51,167.112167
-0.718477,51,167.137607
-0.76945,51,167.161199
-0.80879,51,167.184848
-0.721029,50,167.209709
-0.773312,50,167.23308
-0.608489,51,167.258499
-0.657989,51,167.282606
-0.723748,50,167.306384
-0.797718,51,167.331544
-0.697964,50,167.355754
-0.7115,51,167.380519
-0.711922,51,167.40435
-0.762231,51,167.429459
-0.666297,51,167.682567
-0.765883,50,167.7062
-0.730117,52,167.732154
-0.774691,51,167.756257
-0.637075,51,167.780321
-0.693749,51,167.80539
-0.683222,50,167.828671
-0.696281,50,167.853208
-0.686712,51,167.877597
-0.803054,50,167.901052
-0.675135,50,167.926216
-0.669295,51,167.950096
-0.704398,51,167.975642
-0.688198,51,167.999504
-0.616836,51,168.024397
-0.692055,50,168.048349
-0.659058,50,168.071538
-0.649892,52,168.097502
-0.717616,50,168.120695
-0.776797,51,168.14514
-0.684113,52,168.170389
-0.673428,51,168.194117
-0.694631,52,168.21961
-0.679038,51,168.243686
-0.667939,52,168.268029
-0.732369,50,168.292787
-0.760376,52,168.316975
-0.749733,50,168.341886
-0.586814,51,168.365508
-0.674848,51,168.390838
-0.861291,51,168.415818
-0.81249,52,168.440668
-0.630314,52,168.46512
-0.796658,51,168.490424
-0.754755,51,168.514209
-0.627455,51,168.539737
-0.739694,52,168.564114
-0.699799,52,168.589535
-0.74352,51,168.613874
-0.713782,50,168.638625
-0.678817,52,168.893324
-0.822269,51,168.918178
-0.834004,51,168.942163
-0.669592,50,168.967138
-0.616404,52,168.991537
-0.7437,51,169.015758
-0.789624,52,169.041303
-0.664111,51,169.065271
-0.654341,51,169.090045
-0.714626,51,169.114587
-0.91591,51,169.138516
-0.655468,51,169.164147
-0.699537,50,169.187662
-0.830129,51,169.212931
-0.734825,51,169.236784
-0.740022,51,169.261492
-0.72367,51,169.286072
-0.758985,51,169.309722
-0.687753,50,169.334713
-0.727391,51,169.358395
-0.620661,51,169.382671
-0.837809,51,169.407472
-0.708423,52,169.431712
-0.695742,50,169.456619
-0.777537,51,169.480578
-0.77821,51,169.504292
-0.775195,51,169.529764
-0.83637,51,169.553534
-0.709797,51,169.578197
-0.709148,51,169.602739
-0.71005,51,169.626157
-0.62689,52,169.652021
-0.740923,52,169.676614
-0.621838,50,169.700416
-0.702038,51,169.72551
-0.701762,51,169.749247
-0.686751,51,169.774152
-0.733266,51,169.798581
-0.736483,51,169.823781
-0.658091,51,169.847724
-0.725992,51,170.102858
-0.667803,51,170.126744
-0.749888,52,170.152742
-0.77418,51,170.176725
-0.775657,52,170.201358
-0.679686,50,170.226052
-0.688443,50,170.249173
-0.718946,51,170.274293
-0.679293,51,170.298855
-0.784397,51,170.322833
-0.77928,51,170.348522
-0.757336,51,170.372468
-0.661666,51,170.396991
-0.617082,51,170.42203
-0.711777,50,170.445408
-0.744254,52,170.471619
-0.721903,51,170.495369
-0.640969,50,170.518736
-0.820628,51,170.544014
-0.71678,52,170.568167
-0.724692,52,170.593168
-0.829444,51,170.617882
-0.671151,50,170.640952
-0.67046,51,170.666326
-0.637145,52,170.690462
-0.753575,51,170.714532
-0.780454,51,170.739596
-0.679604,51,170.763331
-0.683929,51,170.788723
-0.634586,51,170.812358
-0.842915,52,170.837858
-0.782184,51,170.862954
-0.830938,51,170.887883
-0.724945,51,170.913726
-0.635524,51,170.937516
-0.662325,51,170.961933
-0.632594,51,170.986784
-0.841874,51,171.010563
-0.772774,51,171.035835
-0.796163,51,171.059897
-0.743134,51,171.313993
-0.669584,51,171.33934
-0.657727,51,171.363741
-0.639173,51,171.38763
-0.609328,51,171.413205
-0.669795,51,171.436997
-0.700108,51,171.461361
-0.786686,51,171.486049
-0.653108,50,171.509471
-0.622083,52,171.535291
-0.746279,50,171.558895
-0.761156,50,171.582649
-0.721654,52,171.608399
-0.74723,51,171.632144
-0.64906,50,171.656504
-0.679017,51,171.68094
-0.590293,51,171.704609
-0.646649,51,171.729995
-0.774965,50,171.75312
-0.704754,50,171.777022
-0.718467,51,171.800877
-0.885203,51,171.825079
-0.66349,51,171.848719
-0.823492,50,171.873715
-0.973744,51,171.897245
-0.71497,51,171.921755
-0.656629,51,171.946377
-0.694453,51,171.969993
-0.745395,51,171.995168
-0.728925,51,172.018962
-0.867473,51,172.042873
-0.791238,51,172.067555
-0.664357,51,172.092108
-0.667599,51,172.116097
-0.627598,51,172.140358
-0.713636,52,172.166127
-0.779801,51,172.190127
-0.699386,51,172.21426
-0.819583,51,172.23942
-0.78626,51,172.263125
-0.817679,51,172.287779
-0.704043,51,172.5435
-0.868967,51,172.567978
-0.671826,51,172.592997
-0.715139,51,172.616761
-0.700724,50,172.641352
-0.697077,51,172.665475
-0.715475,50,172.68881
-0.633658,51,172.714091
-0.639532,51,172.737837
-0.739655,51,172.762516
-0.846433,51,172.787144
-0.712258,51,172.812164
-0.740192,51,172.836399
-0.573679,50,172.860024
-0.592872,51,172.88532
-0.803904,51,172.90909
-0.619856,50,172.93324
-0.655172,51,172.957552
-0.773998,51,172.981142
-0.689972,51,173.006456
-0.776901,51,173.029943
-0.664769,51,173.054299
-0.619761,51,173.078793
-0.702172,51,173.102465
-0.693461,51,173.1276
-0.642047,51,173.151474
-0.65787,51,173.175355
-0.776371,51,173.200486
-0.636494,51,173.224972
-0.672649,52,173.25008
-0.972655,51,173.273454
-0.630369,51,173.29862
-0.632902,51,173.322713
-0.701462,51,173.346703
-0.682797,51,173.371841
-0.854769,51,173.395545
-0.738293,51,173.420266
-0.778166,51,173.444904
-0.726945,51,173.469908
-0.839459,51,173.493961
-0.68814,51,173.748154
-0.768944,51,173.773346
-0.887397,51,173.797837
-0.650621,51,173.821557
-0.748567,51,173.847026
-0.710809,51,173.870692
-0.623279,51,173.894906
-0.657732,52,173.920053
-0.715468,51,173.943865
-0.779683,51,173.968992
-0.641783,50,173.992663
-0.576798,51,174.016683
-0.74838,51,174.041934
-0.765396,51,174.065682
-0.730446,52,174.090908
-0.76339,51,174.115575
-0.749817,51,174.13931
-0.987391,51,174.164525
-0.759371,51,174.188315
-0.673991,51,174.212349
-0.710189,51,174.237159
-0.804732,51,174.260729
-0.662343,51,174.285523
-0.781978,51,174.309673
-0.687005,50,174.334689
-0.677072,51,174.358327
-0.750209,51,174.382376
-0.706209,51,174.407072
-0.720889,51,174.430626
-0.646412,51,174.455642
-0.684475,51,174.479609
-0.781726,51,174.50356
-0.765827,51,174.528814
-0.624532,50,174.552084
-0.823292,51,174.576947
-0.78798,51,174.601339
-0.670604,51,174.62507
-0.701752,51,174.650527
-0.683157,51,174.674282
-0.691959,50,174.699051
-0.702261,51,174.95331
-0.7177,51,174.977171
-0.658346,51,175.001599
-0.730898,51,175.026517
-0.653432,52,175.050582
-0.666401,50,175.075477
-0.682625,51,175.099177
-0.705022,51,175.124487
-0.780034,52,175.148795
-0.731648,51,175.172971
-0.745644,51,175.197932
-0.675169,51,175.221773
-0.753907,51,175.246805
-0.871842,51,175.271099
-0.710042,52,175.295474
-0.90861,51,175.321028
-0.684876,52,175.345196
-0.680756,51,175.369422
-0.803307,52,175.394592
-0.655394,51,175.418265
-0.621879,51,175.443066
-0.691106,52,175.467736
-0.71664,51,175.491508
-0.639781,52,175.517407
-0.63905,51,175.541112
-0.587773,50,175.565086
-0.735428,51,175.589589
-0.686095,50,175.612761
-0.784423,51,175.638035
-0.69723,51,175.661774
-0.729839,51,175.685946
-0.695898,50,175.710442
-0.715947,51,175.734936
-0.664963,50,175.759227
-0.718082,51,175.782893
-0.747127,51,175.808199
-0.802892,51,175.83207
-0.792446,51,175.856383
-0.848676,51,175.881566
-0.648137,50,175.905567
-0.766407,51,176.164089
-0.582985,50,176.187679
-0.666207,51,176.211778
-0.712429,50,176.236691
-0.769481,51,176.260539
-0.654676,51,176.285462
-0.735035,52,176.310647
-0.664503,52,176.336171
-0.665113,51,176.360509
-0.6702,51,176.384539
-0.683235,51,176.410097
-0.805479,50,176.433571
-0.676998,51,176.458412
-0.836592,52,176.484016
-0.732492,51,176.507835
-0.72577,51,176.533169
-0.739197,51,176.557259
-0.893923,51,176.58117
-0.828127,51,176.606395
-1.009036,51,176.630169
-0.682259,51,176.654775
-0.775962,51,176.679024
-0.713275,51,176.702631
-0.645722,51,176.728004
-0.699092,51,176.751725
-0.763767,51,176.776111
-0.705508,51,176.801
-0.789883,51,176.824625
-0.649051,50,176.849051
-0.687394,50,176.873911
-0.641976,50,176.90196
-0.680338,51,176.933273
-0.638419,50,176.959084
-0.669272,51,176.987406
-0.737303,52,177.014264
-0.603505,50,177.039461
-0.729853,51,177.063666
-0.749793,52,177.08905
-0.735574,51,177.114051
-0.723173,51,177.137992
-0.639722,51,177.395581
-0.708408,51,177.420238
-0.667942,50,177.445093
-0.727546,51,177.469031
-0.72743,51,177.494239
-0.759226,51,177.518707
-0.789128,51,177.542491
-0.755944,51,177.567961
-0.833022,51,177.59196
-0.769176,51,177.616569
-0.697306,51,177.641667
-0.746341,51,177.665699
-0.768634,51,177.69088
-0.644544,51,177.77059
-0.616974,51,177.796171
-0.6883,51,177.824302
-0.680216,52,177.852236
-0.687932,52,177.879221
-0.793927,51,177.90356
-0.723373,51,177.928878
-0.769768,51,177.952729
-0.657313,51,177.977591
-0.711434,51,178.002075
-0.698751,51,178.025773
-0.739438,51,178.051234
-0.741301,51,178.074785
-0.743115,51,178.099177
-0.741611,51,178.124197
-0.694647,51,178.147882
-0.778757,51,178.172863
-0.79984,51,178.197045
-0.715191,52,178.221249
-0.742077,51,178.246809
-0.807431,51,178.270515
-0.672242,52,178.295449
-0.79637,51,178.320145
-0.686531,51,178.34387
-0.66674,52,178.369533
-0.778822,51,178.393811
-0.867314,51,178.419294
-0.815573,51,178.674432
-0.667526,51,178.699297
-0.72838,51,178.723134
-0.706791,51,178.748619
-0.725548,51,178.772589
-0.625696,50,178.796446
-0.656111,51,178.821393
-0.95846,52,178.845501
-0.627846,52,178.87159
-0.820132,51,178.89718
-0.770245,51,178.922701
-0.77431,51,178.948111
-0.732573,51,178.971913
-0.647751,50,178.996938
-0.676767,50,179.020201
-0.760874,51,179.044728
-0.67471,51,179.069547
-0.688447,52,179.0939
-0.681165,51,179.118856
-0.75603,51,179.14265
-0.874092,51,179.166653
-0.598352,51,179.191747
-0.804722,51,179.215336
-0.87252,51,179.240052
-0.635769,50,179.264082
-0.690375,50,179.287393
-0.730098,51,179.312952
-0.714595,51,179.337074
-0.732876,51,179.362196
-0.703,51,179.385867
-0.881354,51,179.410625
-0.768101,51,179.434926
-0.811004,51,179.458581
-0.767139,52,179.484707
-0.818233,51,179.508771
-0.640797,51,179.536394
-0.683303,51,179.560506
-0.636472,51,179.584918
-0.699461,50,179.609346
-0.739051,51,179.634153
-0.708449,51,179.658431
-0.681227,52,179.912523
-0.685897,51,179.937451
-0.749405,51,179.962066
-0.6525,50,179.985263
-0.849053,51,180.010687
-0.674193,51,180.034401
-0.650511,51,180.058663
-0.637103,51,180.083577
-0.729228,50,180.106994
-0.737613,51,180.132119
-0.650974,51,180.156442
-0.674544,50,180.180036
-0.671122,51,180.205465
-0.662774,51,180.229239
-0.697789,51,180.25479
-0.722927,50,180.278174
-0.71215,51,180.303135
-0.669773,50,180.326777
-0.784991,51,180.350708
-0.624694,52,180.375108
-0.727266,52,180.400507
-0.718339,51,180.424942
-0.767253,51,180.449502
-0.688302,51,180.473308
-0.611953,50,180.498462
-0.64512,51,180.522268
-0.74501,51,180.546306
-0.632824,52,180.571668
-0.740458,50,180.594833
-0.781383,51,180.619686
-0.66885,51,180.643597
-0.694109,51,180.667596
-0.658468,51,180.692831
-0.687287,51,180.716497
-0.776104,51,180.741137
-0.674312,51,180.765672
-0.708366,51,180.789358
-0.787442,51,180.814593
-0.686785,51,180.838471
-0.681955,51,180.863669
-0.619538,51,181.116889
-0.676071,50,181.140601
-0.674628,51,181.165974
-0.706278,51,181.189609
-0.629436,51,181.214257
-0.729491,50,181.23827
-0.662293,51,181.26207
-0.676279,51,181.287314
-0.703586,51,181.311315
-0.632947,52,181.336105
-0.822176,50,181.360737
-0.708217,51,181.384611
-0.719253,52,181.410615
-0.677705,51,181.440672
-0.730337,50,181.46864
-0.619632,51,181.493259
-0.768318,51,181.518792
-0.725833,51,181.542829
-0.7886,51,181.567619
-0.601139,51,181.592399
-0.665196,50,181.615877
-0.664573,51,181.641389
-0.764372,51,181.665368
-0.730759,51,181.689654
-0.824624,51,181.714772
-0.629667,51,181.738706
-0.780201,50,181.762174
-0.636013,51,181.787367
-0.671721,50,181.811012
-0.65049,51,181.836492
-0.728084,51,181.860078
-0.758986,51,181.884789
-0.823602,51,181.909719
-0.747121,51,181.933635
-0.663189,51,181.958909
-0.783365,51,181.983282
-0.714096,51,182.007176
-0.739439,51,182.032691
-0.660604,51,182.056615
-0.694094,51,182.081141
-0.64917,51,182.337707
-0.682686,50,182.361378
-0.774505,51,182.385819
-0.654641,51,182.409766
-0.712314,51,182.434451
-0.714177,52,182.460021
-0.835696,51,182.484379
-0.765962,51,182.508152
-0.729317,51,182.533591
-0.841444,51,182.557353
-0.743719,51,182.581785
-0.817509,51,182.606533
-0.778833,50,182.629858
-0.869086,50,182.654709
-0.645822,51,182.678658
-0.726531,50,182.702396
-0.731937,51,182.727401
-0.682587,51,182.751076
-0.722971,51,182.775904
-0.824847,52,182.80061
-0.67221,51,182.824399
-0.682113,51,182.849935
-0.70147,50,182.873148
-0.624165,50,182.897189
-0.683071,51,182.921971
-0.770954,51,182.945735
-0.677496,50,182.970431
-0.720797,51,182.994321
-0.737957,51,183.018486
-0.772327,52,183.044065
-0.737464,51,183.067693
-0.760788,51,183.092487
-0.689052,52,183.117686
-0.71026,51,183.14161
-0.668279,51,183.166919
-0.678896,50,183.190696
-0.716823,52,183.216859
-0.723493,51,183.240627
-0.71568,51,183.264998
-0.658152,51,183.289783
-0.71156,51,183.542367
-0.663573,51,183.567844
-0.658796,51,183.591891
-0.719448,51,183.61703
-0.626156,52,183.641988
-0.682826,51,183.665761
-0.683309,51,183.691173
-0.648491,51,183.71513
-0.797705,51,183.739179
-0.901292,50,183.763955
-0.756345,51,183.787972
-0.763283,51,183.812945
-0.79544,51,183.837218
-0.702146,52,183.861653
-0.722324,51,183.887308
-0.687518,50,183.911126
-0.740332,51,183.93636
-0.619226,51,183.960148
-0.720275,51,183.984995
-0.674359,51,184.009417
-0.709377,50,184.032776
-0.696581,51,184.058382
-0.696587,51,184.082091
-0.761398,51,184.10655
-0.916759,51,184.131309
-0.740014,51,184.155108
-0.776995,51,184.1802
-0.655024,51,184.204328
-0.709272,52,184.228688
-0.699227,51,184.254056
-0.633946,51,184.277649
-0.692281,51,184.302435
-0.656381,51,184.327229
-0.657182,51,184.351151
-0.651926,50,184.37613
-0.63046,51,184.400323
-0.721715,50,184.424045
-0.806993,51,184.449349
-0.699095,52,184.473724
-0.67103,50,184.497961
-0.605891,51,184.752064
-0.719402,52,184.776909
-0.671814,51,184.801863
-0.701893,51,184.826531
-0.730546,51,184.850439
-0.628558,50,184.875461
-0.620732,51,184.899433
-0.775366,51,184.923741
-0.681813,51,184.948717
-0.672756,51,184.97256
-0.799222,52,184.997951
-0.852193,52,185.023049
-0.62858,51,185.046993
-0.786288,51,185.072535
-0.753983,51,185.096523
-0.758811,51,185.120627
-0.709949,51,185.145747
-0.662843,51,185.170444
-0.800026,52,185.195645
-0.714211,50,185.21883
-0.77555,52,185.244608
-0.740501,51,185.268675
-0.684451,51,185.292753
-0.927975,51,185.316909
-0.79085,50,185.341305
-0.764461,50,185.364666
-0.655237,50,185.389402
-0.712996,51,185.413413
-0.647707,51,185.437407
-0.645933,50,185.462128
-0.730545,52,185.486271
-0.89341,51,185.511159
-0.660656,51,185.535923
-0.817912,51,185.559759
-0.812688,52,185.585659
-0.653216,51,185.609676
-0.703855,52,185.635862
-0.776106,51,185.659731
-0.728249,51,185.68368
-0.72372,52,185.709672
-0.65907,51,185.733399
-0.636658,50,185.988148
-0.691177,50,186.012435
-0.778645,50,186.037053
-0.76301,51,186.060835
-0.732027,51,186.086086
-0.776098,51,186.110267
-0.621937,50,186.133708
-0.650155,51,186.158116
-0.762265,51,186.182971
-0.661316,50,186.207486
-0.860013,51,186.232212
-0.613994,52,186.256692
-0.707087,50,186.28184
-0.646698,50,186.305422
-0.666256,51,186.329811
-0.729684,52,186.355359
-0.694102,50,186.378778
-0.729321,52,186.403072
-0.751993,51,186.428217
-0.731447,51,186.452336
-0.743564,50,186.475907
-0.72658,51,186.501105
-0.709265,51,186.524802
-0.678434,51,186.549628
-0.703164,51,186.574232
-0.64092,52,186.598512
-0.776808,51,186.623853
-0.660478,51,186.647618
-0.876759,51,186.671598
-0.641581,51,186.696351
-0.796929,52,186.720751
-0.671089,51,186.745705
-0.717911,51,186.770086
-0.693296,52,186.794606
-0.738457,52,186.820663
-0.713762,51,186.844616
-0.719026,51,186.86888
-0.648933,51,186.893892
-0.76267,52,186.9182
-0.651933,51,186.942994
-0.717512,50,187.196466
-0.715407,50,187.221241
-0.828863,51,187.246171
-0.845499,51,187.270919
-0.648268,52,187.295443
-0.664027,51,187.320997
-0.717687,51,187.344899
-0.676967,50,187.368146
-0.707101,50,187.392062
-0.620083,51,187.416827
-0.682796,51,187.440812
-0.802796,52,187.466564
-0.598025,50,187.490281
-0.739448,50,187.515442
-0.745975,51,187.539229
-0.695154,51,187.563802
-0.787704,52,187.589202
-0.741411,51,187.612995
-0.67095,51,187.636723
-0.775085,51,187.662019
-0.753045,51,187.685832
-0.707529,51,187.71009
-0.627556,52,187.73564
-0.720525,51,187.759423
-0.719439,50,187.78381
-0.735335,51,187.808263
-0.642747,51,187.831944
-0.665216,51,187.857371
-0.667333,51,187.881106
-0.708208,51,187.905256
-0.702109,51,187.930171
-0.813735,52,187.954591
-0.74324,51,187.97962
-0.650345,50,188.003555
-0.726684,51,188.027467
-0.621563,51,188.052838
-0.724683,50,188.076175
-0.649331,52,188.101333
-0.842999,51,188.125939
-0.70641,51,188.149482
-0.79091,51,188.404675
-0.815052,51,188.429777
-0.788018,51,188.454497
-0.672611,51,188.478295
-0.784868,51,188.503793
-0.961735,51,188.527827
-0.667851,51,188.552048
-0.689934,51,188.576093
-0.709198,51,188.600823
-0.66796,51,188.625923
-0.707783,50,188.650114
-0.639286,51,188.674953
-0.721417,51,188.755291
-0.69133,51,188.783617
-0.701794,51,188.809722
-0.652929,52,188.838651
-0.682142,51,188.865124
-0.756585,51,188.889189
-0.69419,50,188.913793
-0.768584,52,188.938699
-0.671297,51,188.962509
-0.706331,51,188.986496
-0.766628,51,189.011486
-0.679977,51,189.035078
-0.846678,51,189.059795
-0.664627,51,189.084266
-0.887589,51,189.107793
-0.742371,51,189.133108
-0.643577,52,189.157564
-0.680896,50,189.182198
-0.755511,51,189.20603
-0.69797,51,189.230802
-0.702434,52,189.25589
-0.738636,51,189.279686
-0.647319,51,189.305005
-0.823583,51,189.328809
-0.649972,51,189.353098
-0.691538,51,189.378179
-0.681142,51,189.401886
-0.783124,51,189.426639
-0.736707,52,189.682257
-0.881687,50,189.707078
-0.690909,51,189.731037
-0.74581,51,189.755993
-0.742501,51,189.780217
-0.740166,51,189.803903
-0.646207,51,189.829282
-0.609627,50,189.852554
-0.609997,51,189.876983
-0.740916,51,189.90175
-0.656001,50,189.925155
-0.705571,51,189.950426
-0.714724,51,189.974363
-0.711864,51,189.998466
-0.854905,51,190.023672
-0.719848,51,190.047407
-0.586336,50,190.071765
-0.616621,51,190.096127
-0.716646,51,190.119736
-0.72235,51,190.145035
-0.67237,51,190.168574
-0.739343,51,190.19395
-0.696767,51,190.217564
-0.787277,52,190.242807
-0.691026,51,190.266687
-0.719738,51,190.290566
-0.719505,52,190.314968
-0.724006,51,190.339986
-0.728526,51,190.363659
-0.634707,51,190.391083
-0.810179,50,190.416071
-0.771313,51,190.441911
-0.738865,50,190.466524
-0.693035,51,190.490589
-0.65309,51,190.51612
-0.699859,51,190.540345
-0.796464,51,190.564416
-0.785337,51,190.58974
-0.77442,51,190.613554
-0.67779,50,190.637916
-0.781585,51,190.891981
-0.707801,51,190.917319
-0.634351,51,190.942184
-0.799582,51,190.96643
-0.860286,51,190.990867
-0.621231,51,191.014758
-0.724607,52,191.041015
-0.798298,51,191.064985
-0.894766,51,191.089239
-0.663864,51,191.114265
-0.547968,50,191.138567
-0.651961,51,191.162649
-0.792039,51,191.186968
-0.677286,51,191.212539
-0.730633,51,191.2365
-0.84336,51,191.260856
-0.680328,51,191.28599
-0.691625,51,191.309912
-0.643872,51,191.334853
-0.598966,51,191.359278
-0.778919,51,191.383113
-0.675249,51,191.408632
-0.747808,51,191.432366
-0.598847,50,191.45639
-0.711926,50,191.480686
-0.681231,52,191.504933
-0.665184,52,191.530432
-0.614954,50,191.554214
-0.714696,50,191.577749
-0.778405,51,191.602887
-0.797374,50,191.626354
-0.763093,51,191.651172
-0.709258,51,191.675621
-0.746918,50,191.698947
-0.818162,50,191.724037
-0.85129,51,191.747809
-0.773643,52,191.772626
-0.656751,50,191.797206
-0.688976,50,191.82056
-0.660107,50,191.845259
-0.661,51,191.869358
-0.707893,51,192.123833
-0.797892,51,192.147722
-0.732909,51,192.172944
-0.64407,51,192.196963
-0.642094,51,192.221197
-0.648403,51,192.246466
-0.756106,51,192.270301
-0.851114,52,192.295602
-0.662972,52,192.320661
-0.638406,52,192.345164
-0.676037,51,192.370594
-0.656116,52,192.395348
-0.749891,52,192.420021
-0.718677,50,192.444947
-0.654946,51,192.468788
-0.702263,51,192.493543
-0.675497,51,192.518183
-0.680463,51,192.542008
-0.672614,51,192.567354
-0.712399,51,192.591265
-0.648957,52,192.615613
-0.730725,51,192.639967
-0.634735,51,192.664694
-0.741588,51,192.688332
-0.654288,51,192.713471
-0.742228,51,192.737419
-0.773986,51,192.761337
-0.727572,51,192.786346
-0.695925,51,192.809963
-0.653509,51,192.834913
-0.639594,50,192.859042
-0.713017,51,192.882854
-0.678389,51,192.908392
-0.695678,51,192.932204
-0.706262,51,192.956581
-0.675297,51,192.981575
-0.65944,52,193.005991
-0.718494,52,193.03141
-0.814596,51,193.055665
-0.634478,51,193.079249
-0.691908,50,193.332945
-0.826867,51,193.358422
-0.717744,52,193.383111
-0.673169,50,193.406681
-0.640099,51,193.4311
-0.65256,51,193.456155
-0.665263,51,193.479723
-0.774329,51,193.504699
-0.765483,51,193.528904
-0.769057,51,193.552978
-0.727724,51,193.578574
-0.787418,51,193.602435
-0.711057,51,193.627052
-0.723816,51,193.651987
-0.802427,52,193.676448
-0.69796,51,193.701674
-0.731983,51,193.72613
-0.702154,52,193.750571
-0.719537,51,193.776094
-0.6362,52,193.800423
-0.772784,50,193.824355
-0.704678,51,193.849173
-0.76815,51,193.872933
-0.599234,51,193.898106
-0.637119,50,193.92195
-0.704419,51,193.946045
-0.755646,51,193.970011
-0.730172,51,193.994977
-0.747252,50,194.018087
-0.693786,51,194.043715
-0.678488,50,194.067106
-0.690451,51,194.092698
-0.635035,50,194.116048
-0.686574,51,194.14053
-0.68718,51,194.165454
-0.681594,51,194.189336
-0.776565,51,194.213206
-0.657529,51,194.23884
-0.752605,51,194.262631
-0.743546,51,194.287979
-0.687923,51,194.552954
-0.75013,50,194.590525
-0.695277,51,194.620568
-0.680457,51,194.647226
-0.682576,51,194.674858
-0.717785,51,194.702068
-0.749182,51,194.727572
-0.732468,51,194.754194
-0.76504,52,194.780757
-0.639632,51,194.806576
-0.795259,51,194.830914
-0.702355,50,194.856121
-0.67848,51,194.880656
-0.592765,50,194.904466
-0.807235,51,194.930056
-0.588763,50,194.953588
-0.705797,51,194.978323
-0.667746,51,195.003109
-0.734522,51,195.02691
-0.670364,50,195.05174
-0.764984,51,195.075756
-0.799759,51,195.09985
-0.683792,51,195.125043
-0.638874,50,195.148343
-0.691975,51,195.173327
-0.714222,51,195.197728
-0.643166,50,195.221007
-0.672607,52,195.24713
-0.635864,51,195.270865
-0.737169,51,195.295171
-0.746353,52,195.3208
-0.688807,50,195.344273
-0.768815,51,195.369364
-0.709651,51,195.393811
-0.680863,52,195.418127
-0.697462,51,195.443758
-0.694007,51,195.467511
-0.910214,50,195.491535
-0.671735,52,195.516786
-0.65392,51,195.540497
-0.757231,52,195.798626
-0.746319,51,195.823062
-0.703721,50,195.848568
-0.728786,51,195.878657
-0.735291,50,195.907071
-0.649811,51,195.932835
-0.714891,51,195.957275
-0.688428,52,195.981758
-0.645708,50,196.006668
-0.715313,51,196.03056
-0.686678,51,196.055245
-0.786185,52,196.080639
-0.718846,50,196.103974
-0.727438,51,196.129364
-0.751482,51,196.153516
-0.686063,51,196.177696
-0.769022,51,196.202958
-0.683097,52,196.227553
-0.829063,51,196.25313
-0.714625,51,196.276812
-0.798561,52,196.302119
-0.767239,51,196.326458
-0.727969,50,196.349863
-0.743973,51,196.375288
-0.816231,51,196.39942
-0.755986,51,196.424452
-0.790581,51,196.448197
-0.801298,51,196.471871
-0.699261,51,196.499075
-0.756054,51,196.52294
-0.747483,52,196.548841
-0.683434,51,196.572863
-0.777607,51,196.597119
-0.680374,50,196.621937
-0.724483,51,196.645739
-0.641163,51,196.671162
-0.639689,52,196.695424
-0.603676,52,196.721045
-0.875984,51,196.745051
-0.685276,50,196.76839
-0.682926,50,197.023062
-0.777133,51,197.048386
-0.756344,51,197.076549
-0.766815,51,197.110015
-0.670464,51,197.148594
-0.640242,51,197.18565
-0.682503,51,197.221635
-0.687113,51,197.25745
-0.802115,50,197.294882
-0.701924,51,197.323261
-0.736199,51,197.351077
-0.664818,52,197.378113
-0.722374,51,197.406102
-0.673416,51,197.432992
-0.932591,52,197.460104
-0.667939,51,197.487579
-0.575541,50,197.511778
-0.743367,51,197.536907
-0.698765,50,197.56047
-0.737723,51,197.585721
-0.725036,51,197.609847
-0.66656,50,197.633458
-0.765238,52,197.659236
-0.700086,52,197.683534
-0.828019,51,197.708112
-0.708379,51,197.732669
-0.644291,51,197.757732
-0.647926,51,197.781805
-0.769478,51,197.80569
-0.649253,51,197.830841
-0.657492,51,197.85454
-0.604227,52,197.879683
-0.75897,51,197.904438
-0.769137,50,197.929667
-0.667046,52,197.955185
-0.697997,51,197.97966
-0.697193,51,198.004935
-0.732901,51,198.028875
-0.598776,51,198.054244
-0.618714,51,198.077895
-0.738065,51,198.334755
-0.839899,50,198.360038
-0.668499,51,198.384066
-0.685334,51,198.408269
-0.681898,51,198.433408
-0.657795,52,198.45777
-0.639065,51,198.482408
-0.694723,51,198.506778
-0.771203,51,198.530499
-0.74483,51,198.555852
-0.614141,51,198.579848
-0.662948,51,198.605153
-0.805833,51,198.628994
-0.867263,51,198.653838
-0.665444,51,198.678553
-0.738967,52,198.702924
-0.737935,51,198.728229
-0.672928,51,198.752275
-0.809977,51,198.777813
-0.785849,51,198.801482
-0.668358,51,198.825874
-0.802935,52,198.850995
-0.858835,51,198.8746
-0.658219,51,198.899924
-0.755049,51,198.923795
-0.633057,51,198.947856
-0.741876,51,198.972911
-0.687426,51,198.996605
-0.628051,51,199.021349
-0.672301,51,199.045573
-0.706338,52,199.069814
-0.626165,50,199.140072
-0.808771,52,199.170275
-0.640225,51,199.19754
-0.71567,51,199.224419
-0.67779,51,199.25243
-0.65104,52,199.279028
-0.59652,52,199.305361
-0.641723,51,199.329404
-0.65246,52,199.354349
-0.770592,51,199.60832
-0.63406,50,199.633763
-0.661148,51,199.657648
-0.805029,52,199.682621
-0.688429,51,199.70743
-0.755506,51,199.731122
-0.838042,51,199.756239
-0.724522,51,199.780363
-0.62509,50,199.80394
-0.756626,51,199.829095
-0.787303,51,199.852713
-0.701009,51,199.877493
-0.7093,52,199.902702
-0.73167,51,199.926476
-0.636591,51,199.951955
-0.653839,51,199.975882
-0.742626,51,200.001499
-0.705454,51,200.025849
-0.648986,52,200.051546
-0.701197,51,200.075315
-0.640875,51,200.099937
-0.736145,51,200.124286
-0.622451,51,200.147935
-0.701175,51,200.173221
-0.661666,51,200.197002
-0.672047,52,200.221719
-0.728289,51,200.246574
-0.752388,51,200.270252
-0.810897,51,200.295325
-0.681584,51,200.319287
-0.777777,51,200.343037
-0.741455,51,200.368263
-0.822174,51,200.392688
-0.654454,51,200.417518
-0.80666,51,200.441296
-0.635702,51,200.46646
-0.608802,51,200.490496
-0.697297,50,200.514063
-0.718179,50,200.538873
-0.673451,51,200.562589
-0.71688,51,200.58731
-0.613337,50,200.844049
-0.63942,51,200.868377
-0.764238,51,200.893469
-0.750162,50,200.916867
-0.781355,51,200.941778
-0.670563,51,200.966148
-0.646778,52,200.990532
-0.865561,51,201.01608
-0.70463,51,201.040126
-0.688967,52,201.065749
-0.798748,51,201.089698
-0.663849,51,201.114337
-0.668351,51,201.138947
-0.824236,51,201.16277
-0.653906,50,201.187667
-0.824076,51,201.211616
-0.636654,51,201.23714
-0.638192,52,201.261549
-0.656458,52,201.286597
-0.744261,51,201.311254
-0.690879,51,201.334936
-0.77712,51,201.36001
-0.702612,50,201.383538
-0.804401,51,201.407611
-0.698036,51,201.432577
-0.702673,51,201.45632
-0.747012,50,201.480655
-0.699258,51,201.504872
-0.610474,51,201.530127
-0.766422,51,201.553799
-0.702216,50,201.577522
-0.771882,51,201.602627
-0.630332,50,201.625967
-0.750973,51,201.650942
-0.670318,51,201.675257
-0.623001,52,201.6995
-0.809,51,201.724935
-0.669204,51,201.748643
-0.706484,51,201.773142
-0.908486,51,201.79778
-0.742221,52,202.052582
-0.890393,51,202.07662
-0.63517,52,202.101887
-0.803848,51,202.126651
-0.705573,51,202.150376
-0.791622,51,202.175539
-0.775659,51,202.199424
-0.873642,52,202.22395
-0.766346,51,202.249146
-0.714144,51,202.272717
-0.611803,50,202.297114
-0.63732,51,202.321487
-0.720898,50,202.344773
-0.733045,51,202.370227
-0.678278,51,202.393995
-0.6875,52,202.418951
-0.674167,51,202.443815
-0.63877,50,202.468268
-0.769285,51,202.492573
-0.847701,51,202.517651
-0.792005,51,202.541454
-0.684628,50,202.565138
-0.792187,51,202.590036
-0.744958,52,202.614567
-0.686376,51,202.63935
-0.700909,51,202.663662
-0.734467,51,202.68732
-0.726413,51,202.71276
-0.739294,50,202.735928
-0.821983,51,202.760173
-0.679208,51,202.784792
-0.64863,51,202.808592
-0.77477,51,202.83414
-0.652566,52,202.85854
-0.771426,51,202.884145
-0.673255,51,202.908007
-0.720214,50,202.931984
-0.668607,51,202.956849
-0.672345,50,202.980143
-0.679662,50,203.004737
-0.586882,51,203.263024
-0.774778,51,203.287587
-0.630873,52,203.313094
-0.645946,51,203.336743
-0.664608,50,203.36119
-0.640483,51,203.385377
-0.66157,51,203.40918
-0.821577,51,203.434704
-0.873251,51,203.458451
-0.736706,51,203.486258
-0.687689,51,203.512095
-0.66086,51,203.536236
-0.593237,51,203.560972
-0.742785,51,203.58589
-0.652019,52,203.610359
-0.768748,50,203.635248
-0.764822,51,203.659514
-0.65482,50,203.683305
-0.719205,50,203.708263
-0.703818,51,203.732121
-0.815281,52,203.757456
-0.687561,51,203.78213
-0.754635,51,203.805895
-0.647221,51,203.831398
-0.745996,52,203.855881
-0.68433,51,203.879976
-0.701582,51,203.905102
-0.765772,51,203.928841
-0.624003,51,203.953599
-0.634751,51,203.977972
-0.767531,51,204.001802
-0.73783,51,204.027425
-0.702081,51,204.051281
-0.648618,51,204.075756
-0.618804,51,204.100899
-0.712381,50,204.124303
-0.689938,51,204.14931
-0.675009,50,204.17321
-0.821561,51,204.19715
-0.700734,51,204.222492
-0.807118,51,204.476094
-0.740196,51,204.500434
-0.69703,51,204.524611
-0.817144,51,204.550009
-0.678413,51,204.573776
-0.682184,51,204.598606
-0.685794,51,204.622773
-0.694749,52,204.647651
-0.703511,51,204.671418
-0.620581,52,204.697409
-0.724571,50,204.720535
-0.77526,51,204.746241
-0.687994,51,204.770056
-0.644663,50,204.794614
-0.601898,51,204.819031
-0.604475,51,204.842868
-0.720394,51,204.868443
-0.685895,50,204.891795
-0.630613,51,204.91639
-0.695843,51,204.941343
-0.70212,51,204.965005
-0.588109,50,204.989794
-0.734275,51,205.013841
-0.802202,51,205.037635
-0.627001,51,205.063021
-0.756681,51,205.08683
-0.695448,50,205.11117
-0.672155,51,205.135679
-0.734773,51,205.159465
-0.659476,50,205.184441
-0.67313,51,205.208027
-0.73982,51,205.23237
-0.673957,51,205.257259
-0.779468,52,205.281506
-0.706381,51,205.306648
-0.626524,50,205.330469
-0.59441,51,205.354513
-0.688723,51,205.37994
-0.612334,51,205.403856
-0.779214,51,205.42852
-0.708259,51,205.684928
-0.711061,51,205.710911
-0.736791,51,205.734905
-0.703068,51,205.759297
-0.745794,51,205.783419
-0.818042,51,205.808218
-0.67893,51,205.832111
-0.630356,51,205.857444
-0.620534,50,205.881179
-0.663218,51,205.905329
-0.661738,51,205.930368
-0.678706,51,205.954364
-0.773454,51,205.979218
-0.733162,52,206.004539
-0.590132,51,206.028503
-0.803522,51,206.054042
-0.657703,51,206.078151
-0.604438,50,206.102142
-0.777277,51,206.127483
-0.768083,51,206.151276
-0.76043,51,206.176108
-0.594605,51,206.200455
-0.844044,51,206.224164
-0.693861,50,206.249284
-0.732882,51,206.27296
-0.698515,52,206.297982
-0.733693,51,206.322865
-0.646782,51,206.346628
-0.806742,51,206.371622
-0.799089,51,206.395739
-0.687237,51,206.419532
-0.749982,51,206.444968
-0.744107,51,206.468774
-0.723587,51,206.493356
-0.743762,51,206.518061
-0.746933,51,206.54184
-0.837852,51,206.567239
-0.723275,51,206.591203
-0.749931,51,206.615426
-0.637194,51,206.640656
-0.709009,51,206.664338
-0.695644,51,206.919522
-0.689233,51,206.945144
-0.637543,50,206.968616
-0.743171,51,206.993401
-0.634949,51,207.017514
-0.612193,51,207.041887
-0.634632,50,207.065481
-0.681709,51,207.090748
-0.65694,50,207.114062
-0.798278,52,207.139925
-0.642436,51,207.163857
-0.660597,52,207.188313
-0.861109,51,207.213648
-0.639399,50,207.237338
-0.785909,51,207.262979
-0.706305,51,207.286898
-0.678473,51,207.311471
-0.833513,51,207.336381
-0.669567,51,207.360228
-0.708325,51,207.385335
-0.739795,51,207.409529
-0.809237,51,207.433165
-0.709753,52,207.457917
-0.773159,52,207.483472
-0.748885,51,207.507137
-0.816221,51,207.532027
-0.702804,50,207.555831
-0.722362,51,207.579546
-0.652686,51,207.604695
-0.659143,51,207.6282
-0.673411,51,207.652898
-0.696241,50,207.677193
-0.650347,51,207.701073
-0.69697,50,207.726156
-0.735237,51,207.750173
-0.64761,50,207.774173
-0.759904,52,207.799816
-0.711941,51,207.823766
-0.628219,51,207.848746
-0.74159,51,207.873165
-0.646051,51,208.129298
-0.792067,51,208.153207
-0.67332,52,208.178554
-0.69348,51,208.203149
-0.8076,51,208.22707
-0.628533,51,208.252557
-0.682861,51,208.276455
-0.654897,51,208.300685
-0.715033,50,208.325302
-0.659933,52,208.349448
-0.721302,52,208.374997
-0.679788,52,208.399949
-0.662696,52,208.424473
-0.82157,51,208.450115
-0.80847,51,208.474136
-0.797344,51,208.498442
-0.736831,51,208.523652
-0.741861,51,208.54762
-0.649642,51,208.572446
-0.617628,51,208.596839
-0.80003,51,208.620438
-0.684775,51,208.645927
-0.723445,52,208.670233
-0.697484,50,208.694114
-0.72212,51,208.718772
-0.754734,52,208.743047
-0.946854,52,208.768563
-0.871819,51,208.792801
-0.648418,51,208.816539
-0.794843,51,208.841734
-0.645047,51,208.865528
-0.748142,51,208.889898
-0.696282,52,208.914414
-0.773158,52,208.939694
-0.760259,51,208.96405
-0.691707,52,208.990067
-0.687871,51,209.013942
-0.802614,51,209.03935
-0.668609,51,209.063097
-0.662507,51,209.087317
-0.601102,52,209.34241
-0.710637,51,209.368175
-0.751509,51,209.392175
-0.74651,51,209.416697
-0.833251,52,209.44219
-0.685429,51,209.466017
-0.690735,52,209.490346
-0.655859,51,209.515727
-0.763601,51,209.539791
-0.721795,51,209.565206
-0.735033,51,209.589187
-0.833166,51,209.61385
-0.765077,51,209.637985
-0.763576,52,209.663232
-0.669809,51,209.687208
-0.738108,50,209.712199
-0.692385,51,209.736196
-0.813337,50,209.76011
-0.671503,51,209.785175
-0.593851,51,209.808753
-0.869937,52,209.834226
-0.642748,51,209.858623
-0.62183,51,209.882347
-0.715689,52,209.908413
-0.79885,51,209.932214
-0.594203,51,209.956511
-0.753059,51,209.980794
-0.800902,52,210.006032
-0.871682,51,210.029867
-0.677672,51,210.054955
-0.722283,51,210.079258
-0.691992,51,210.103304
-0.705142,52,210.129268
-0.617577,51,210.203035
-0.644693,51,210.230266
-0.783262,51,210.257493
-0.712621,51,210.285858
-0.74716,51,210.310606
-0.736516,51,210.337555
-0.679338,51,210.36155
-0.794772,52,210.618954
-0.796461,51,210.643026
-0.724903,52,210.667501
-0.685103,51,210.692074
-0.754916,52,210.717357
-0.93481,51,210.741094
-0.63975,50,210.765739
-0.696157,51,210.789771
-0.851506,51,210.813686
-0.736982,51,210.838719
-0.680632,51,210.863234
-0.699589,50,210.886921
-0.681282,51,210.911446
-0.696505,51,210.935253
-0.802096,50,210.960446
-0.703497,51,210.984275
-0.771178,52,211.010441
-0.64277,51,211.034338
-0.693233,51,211.05904
-0.761174,50,211.082603
-0.720279,51,211.106643
-0.665722,51,211.130386
-0.811471,52,211.156063
-0.726807,50,211.179312
-0.658325,51,211.203803
-0.698313,51,211.228211
-0.732274,51,211.251797
-0.595486,50,211.276783
-0.763172,51,211.300499
-0.697109,51,211.324577
-0.711252,51,211.349316
-0.710267,51,211.3732
-0.788605,51,211.3984
-0.727931,51,211.422653
-0.646074,51,211.446471
-0.75324,51,211.471874
-0.705195,51,211.495673
-0.644803,51,211.520195
-0.591069,51,211.544837
-0.882865,51,211.569805
-0.767181,51,211.826561
-0.734158,51,211.850362
-0.739364,51,211.875219
-0.756048,51,211.89978
-0.655629,50,211.923117
-0.727295,51,211.948599
-0.647374,51,211.980754
-0.686886,52,212.018873
-0.701172,52,212.045641
-0.649318,51,212.072681
-0.630011,51,212.099968
-0.595895,50,212.12504
-0.607303,51,212.152912
-0.797563,51,212.178958
-0.701644,50,212.204774
-0.631687,51,212.229762
-0.705217,51,212.253787
-0.75505,51,212.279114
-0.784393,51,212.303285
-0.856659,50,212.327027
-0.685916,50,212.351824
-0.701683,51,212.375497
-0.629097,50,212.40001
-0.750879,51,212.424235
-0.592124,51,212.447996
-0.592335,50,212.47292
-0.716003,51,212.496658
-0.733911,51,212.521128
-0.653631,52,212.546317
-0.750513,52,212.570327
-0.72721,51,212.595894
-0.732413,51,212.619715
-0.619449,51,212.645182
-0.679484,51,212.668942
-0.676377,51,212.693194
-0.767784,51,212.718159
-0.757191,51,212.741984
-0.65611,50,212.766591
-0.655681,51,212.790848
-0.686198,52,212.815189
-0.660241,51,213.073996
-0.660437,51,213.098137
-0.701413,51,213.125281
-0.620277,50,213.152985
-0.619806,51,213.178912
-0.670898,50,213.204442
-0.727956,51,213.229827
-0.690951,50,213.254423
-0.691573,51,213.27924
-0.643672,50,213.302627
-0.691339,51,213.328282
-0.710589,51,213.352462
-0.769737,50,213.376486
-0.742732,51,213.401887
-0.708264,51,213.425979
-0.64118,51,213.45105
-0.712001,51,213.475773
-0.677342,52,213.500373
-0.752857,51,213.526005
-0.659758,51,213.550131
-0.74546,52,213.574845
-0.74165,51,213.600213
-0.722123,51,213.624059
-0.687401,51,213.64885
-0.690444,52,213.673944
-0.70612,51,213.6977
-0.616935,51,213.723121
-0.6293,52,213.747619
-0.655918,52,213.772179
-0.779484,51,213.797242
-0.733266,51,213.82114
-0.716307,51,213.85455
-0.719346,52,213.883441
-0.668512,51,213.913664
-0.618217,51,213.949753
-0.788307,51,213.976825
-0.664344,51,214.004107
-0.767091,51,214.030132
-0.752503,51,214.058193
-0.648499,51,214.085797
-0.769497,51,214.345077
-0.728135,51,214.369602
-0.677547,51,214.394593
-0.724124,51,214.419628
-0.746715,52,214.444409
-0.737689,51,214.468864
-0.722361,51,214.49273
-0.71398,51,214.518189
-0.644087,52,214.542903
-0.678682,51,214.567726
-0.65125,51,214.591556
-0.612382,52,214.617139
-0.738934,51,214.641745
-0.713107,50,214.665153
-0.824596,51,214.690799
-0.625625,51,214.714759
-0.731371,51,214.739105
-0.705198,51,214.76427
-0.662106,51,214.788159
-0.644178,50,214.812644
-0.704694,52,214.837535
-0.62264,52,214.861776
-0.599956,51,214.887373
-0.589131,51,214.911442
-0.625156,51,214.936511
-0.598658,51,214.960241
-0.62089,51,214.983808
-0.709837,51,215.00882
-0.771023,51,215.032798
-0.735012,50,215.05765
-0.678403,50,215.08112
-0.836366,50,215.105299
-0.831995,51,215.130112
-0.686965,51,215.153994
-0.614988,51,215.179342
-0.681557,52,215.204041
-0.713537,51,215.22962
-0.73053,51,215.253385
-0.665857,51,215.277826
-0.871543,51,215.302693
-0.740792,51,215.55959
-0.736849,51,215.584117
-0.655069,52,215.608992
-0.781373,51,215.634211
-0.623681,51,215.658183
-0.718229,52,215.682557
-0.7461,51,215.708032
-0.698797,52,215.732339
-0.649883,51,215.757625
-0.710853,51,215.781366
-0.663276,51,215.80561
-0.716881,51,215.83099
-0.65675,50,215.854493
-0.655751,51,215.879497
-0.610588,51,215.903963
-0.745748,51,215.927772
-0.81463,52,215.953771
-0.683146,51,215.977652
-0.870723,51,216.001998
-0.7419,51,216.026915
-0.689378,52,216.051178
-0.832156,51,216.076055
-0.700549,51,216.100428
-0.82151,51,216.124238
-0.714428,50,216.149366
-0.632201,51,216.17304
-0.634768,50,216.197068
-0.73084,51,216.221717
-0.671538,50,216.245021
-0.640857,50,216.269876
-0.616508,50,216.293413
-0.714336,50,216.317332
-0.652719,51,216.342416
-0.666166,51,216.367183
-0.62406,52,216.392331
-0.649755,51,216.416162
-0.717927,51,216.441517
-0.713489,51,216.465648
-0.664086,51,216.489777
-0.754257,51,216.514944
-0.706284,51,216.538633
-0.641667,51,216.795268
-0.679678,51,216.819634
-0.726103,51,216.845096
-0.744291,52,216.869574
-0.755617,51,216.894291
-0.699159,50,216.918617
-0.651557,50,216.941779
-0.718719,52,216.967814
-0.680831,51,216.991671
-0.614115,51,217.016064
-0.649321,51,217.041319
-0.694227,52,217.065838
-0.777821,51,217.090697
-0.760241,50,217.114793
-0.691482,52,217.13909
-0.665435,51,217.16461
-0.686089,51,217.188594
-0.804914,52,217.213301
-0.708016,51,217.238467
-0.59874,51,217.263076
-0.812317,51,217.287739
-0.723321,51,217.311444
-0.802211,51,217.336732
-0.684371,51,217.360725
-0.69609,51,217.384519
-0.623553,52,217.409495
-0.665322,51,217.434366
-0.655558,50,217.457669
-0.678541,50,217.482076
-0.665996,50,217.505723
-0.874155,51,217.529724
-0.7972,51,217.554834
-0.663917,50,217.578238
-0.771931,51,217.603128
-0.650006,51,217.627622
-0.63664,51,217.652846
-0.631712,51,217.67701
-0.776363,51,217.700841
-0.77488,51,217.72503
-0.776841,51,217.749984
-0.685329,51,218.006332
-0.751269,52,218.032565
-0.717844,51,218.056561
-0.794081,51,218.080839
-0.673481,51,218.105993
-0.673154,52,218.130281
-0.619228,51,218.155176
-0.751647,51,218.179735
-0.647592,51,218.203273
-0.756986,51,218.22892
-0.630766,51,218.252979
-0.65503,51,218.277461
-0.910036,51,218.302684
-0.835295,51,218.326748
-0.844884,51,218.351784
-0.741705,51,218.376267
-0.894859,51,218.4001
-0.717492,51,218.425823
-0.657201,50,218.452492
-0.759216,51,218.488842
-0.708913,51,218.5282
-0.739684,51,218.555976
-0.729539,52,218.584317
-0.766837,50,218.609271
-0.757929,52,218.637059
-0.709952,51,218.662931
-0.805386,52,218.689872
-0.661616,50,218.715227
-0.6418,52,218.741139
-0.835878,51,218.765478
-0.682487,51,218.789726
-0.675892,51,218.813741
-0.714628,52,218.839966
-0.750838,51,218.863987
-0.660721,50,218.888252
-0.807044,51,218.913124
-0.767411,52,218.938576
-0.770345,52,218.963089
-0.677013,51,218.987252
-0.730991,51,219.011081
-0.694602,52,219.268261
-0.722164,51,219.293067
-0.806782,51,219.317043
-0.75389,51,219.342632
-0.711909,51,219.366701
-0.774765,51,219.390983
-0.722416,50,219.415581
-0.742402,52,219.440013
-0.788128,51,219.464726
-0.74325,51,219.489394
-0.858198,51,219.513347
-0.675611,51,219.538886
-0.639,50,219.562483
-0.751367,50,219.586365
-0.839178,51,219.611334
-0.673386,51,219.635072
-0.725646,52,219.66048
-0.721069,51,219.684828
-0.646331,51,219.708557
-0.742011,51,219.733897
-0.725227,51,219.757635
-0.717504,50,219.780753
-0.702662,51,219.805479
-0.712517,52,219.830574
-0.7448,51,219.854352
-0.71723,51,219.879938
-0.682056,51,219.903786
-0.690547,51,219.927977
-0.674683,51,219.952938
-0.677876,51,219.977773
-0.770288,52,220.002364
-0.747814,50,220.026186
-0.596641,51,220.051539
-0.692181,51,220.075378
-0.673058,51,220.099661
-0.738604,51,220.124802
-0.577871,51,220.148551
-0.673207,51,220.173316
-0.741919,51,220.197319
-0.805307,51,220.221334
-0.735608,52,220.541118
-0.642791,51,220.568506
-0.621648,51,220.594392
-0.647039,51,220.620641
-0.772566,51,220.644685
-0.718956,52,220.67059
-0.609259,51,220.69464
-0.676931,51,220.718787
-0.75301,52,220.744256
-0.742091,51,220.768206
-0.692187,52,220.793479
-0.639295,51,220.818384
-0.701229,51,220.842228
-0.629971,51,220.867559
-0.776716,51,220.891688
-0.670928,50,220.91554
-0.788441,51,220.940798
-0.616876,51,220.964554
-0.618677,51,220.989292
-0.695576,51,221.01363
-0.635048,52,221.037848
-0.692181,51,221.063291
-0.642211,52,221.087571
-0.755572,51,221.111681
-0.669085,52,221.137265
-0.626222,50,221.16046
-0.683742,51,221.185362
-0.585733,50,221.209145
-0.754339,52,221.233317
-0.761215,51,221.258802
-0.654962,50,221.282632
-0.673084,52,221.308158
-0.732529,51,221.331955
-0.626064,51,221.356794
-0.818796,51,221.381179
-0.673113,50,221.404439
-0.704245,52,221.43038
-0.693213,51,221.454088
-0.698809,51,221.478482
-0.731137,51,221.503132
-0.773931,52,221.75991
-0.644674,51,221.784303
-0.703341,51,221.809628
-0.726942,51,221.833583
-0.727763,51,221.858361
-0.793139,51,221.882795
-0.636273,51,221.906514
-0.646312,51,221.931798
-0.692688,51,221.955521
-0.751021,51,221.979755
-0.614603,51,222.004781
-0.809963,51,222.028629
-0.710334,51,222.053709
-0.764703,51,222.077995
-0.777325,51,222.101907
-0.665937,51,222.1276
-0.654262,51,222.151853
-0.66552,52,222.177497
-0.632331,51,222.20116
-0.594061,51,222.225863
-0.757868,51,222.250297
-0.717954,51,222.274033
-0.672734,50,222.299106
-0.801385,51,222.322741
-0.588625,50,222.346681
-0.650969,51,222.371466
-0.762872,51,222.395113
-0.657964,51,222.420278
-0.792539,51,222.444161
-0.765942,51,222.469575
-0.661422,50,222.492859
-0.805754,51,222.516604
-0.651542,51,222.542097
-0.644236,52,222.566448
-0.706492,51,222.591582
-0.875371,51,222.615747
-0.640273,51,222.639656
-0.758093,51,222.664926
-0.670715,51,222.688652
-0.705188,50,222.71287
-0.639836,51,222.964886
-0.771839,52,222.989541
-0.676167,50,223.014139
-0.835318,51,223.038719
-0.697764,51,223.063903
-0.701989,51,223.087764
-0.813132,51,223.111477
-0.696115,51,223.135941
-0.718159,51,223.162406
-0.81177,51,223.187456
-0.685225,51,223.214675
-0.629797,51,223.239012
-0.668879,51,223.264282
-0.577062,51,223.289275
-0.664308,51,223.313219
-0.819464,51,223.338788
-0.681131,51,223.362938
-0.683475,52,223.387939
-0.671995,52,223.413854
-0.703642,51,223.439523
-0.715812,51,223.463394
-0.650419,51,223.488946
-0.790187,51,223.514581
-0.643552,51,223.53848
-0.720841,51,223.563697
-0.582039,51,223.5878
-0.612642,51,223.611792
-0.677894,52,223.637749
-0.69785,51,223.661386
-0.670758,51,223.686139
-0.621438,51,223.710985
-0.686032,51,223.73606
-0.627514,51,223.760487
-0.791468,52,223.784897
-0.635445,51,223.810499
-0.802559,51,223.834394
-0.683998,51,223.858888
-0.776048,51,223.883889
-0.648445,51,223.907624
-0.674424,52,223.933145
-0.724903,51,224.186784
-0.620131,51,224.212198
-0.866493,51,224.23622
-0.703161,51,224.26005
-0.74853,51,224.285457
-0.65697,51,224.309627
-0.666957,51,224.333996
-0.676874,51,224.359389
-0.795304,51,224.383136
-0.619402,51,224.407835
-0.665168,51,224.432602
-0.723787,51,224.456712
-0.690185,51,224.482238
-0.712011,51,224.506082
-0.724929,50,224.530201
-0.680957,51,224.555383
-0.785319,51,224.579459
-0.699059,51,224.605247
-0.732759,51,224.630957
-0.801056,51,224.656649
-0.723451,51,224.682281
-0.661717,51,224.707916
-0.725701,51,224.731873
-0.679695,52,224.757877
-0.629368,51,224.781858
-0.702621,51,224.806201
-0.739571,52,224.831774
-0.737153,51,224.855473
-0.602149,50,224.879815
-0.63709,51,224.904389
-0.748079,50,224.929616
-0.629869,50,224.953252
-0.719872,51,224.9779
-0.730523,52,225.003755
-0.744194,51,225.027756
-0.62785,51,225.052676
-0.762471,51,225.077614
-0.657271,51,225.102579
-0.809124,51,225.126596
-0.678741,51,225.150541
-0.696442,50,225.17436
-0.673725,52,225.431655
-0.696079,51,225.456085
-0.682526,50,225.479695
-0.656472,51,225.503842
-0.695781,51,225.529021
-0.678851,52,225.553421
-0.602172,51,225.578199
-0.670467,50,225.602258
-0.863885,51,225.626016
-0.756012,52,225.652202
-0.778943,51,225.67633
-0.709989,51,225.702071
-0.637347,52,225.726555
-0.651675,51,225.751262
-0.793761,51,225.776285
-0.608082,50,225.799849
-0.782629,51,225.825166
-0.7779,51,225.849344
-0.682831,51,225.873463
-0.733267,51,225.898731
-0.742439,51,225.92247
-0.677697,51,225.94611
-0.679809,50,225.970611
-0.623144,51,225.994895
-0.721348,51,226.01879
-0.650986,51,226.044139
-0.726741,51,226.067977
-0.712315,52,226.092883
-0.751221,51,226.117841
-0.637839,51,226.14175
-0.844199,50,226.166641
-0.609062,51,226.190865
-0.670677,50,226.214506
-0.621092,52,226.240504
-0.742086,51,226.264425
-0.785298,52,226.289548
-0.660002,51,226.314371
-0.731577,51,226.339259
-0.672718,51,226.363282
-0.693792,51,226.387348
-0.718603,51,226.642122
-0.699961,51,226.666082
-0.71697,50,226.691147
-0.676738,51,226.715339
-0.557926,52,226.739984
-0.713143,51,226.765247
-0.695008,50,226.788701
-0.586878,52,226.814007
-0.709214,50,226.837961
-0.67865,51,226.861833
-0.730064,50,226.88556
-0.843466,51,226.911011
-0.661477,50,226.934528
-0.627861,51,226.959327
-0.650417,51,226.984115
-0.826079,51,227.008008
-0.747867,51,227.033784
-0.682809,51,227.059489
-0.801378,50,227.084715
-0.823023,50,227.109858
-0.587866,50,227.134847
-0.583956,51,227.159072
-0.752722,51,227.184102
-0.665528,50,227.207341
-0.673493,51,227.23229
-0.758307,51,227.256481
-0.772732,51,227.281985
-0.816908,51,227.30547
-0.694786,50,227.32889
-0.74913,51,227.35756
-0.765823,52,227.382391
-0.684298,51,227.407125
-0.738762,50,227.431615
-0.580787,51,227.455486
-0.645593,51,227.48083
-0.651784,51,227.504809
-0.739425,51,227.528637
-0.609453,51,227.554118
-0.753357,50,227.577339
-0.807021,51,227.604681
-0.616342,50,227.861705
-0.742264,51,227.886251
-0.674266,51,227.910507
-0.765404,52,227.936363
-0.650206,51,227.96018
-0.907063,51,227.984872
-0.658672,51,228.00908
-0.780659,51,228.033405
-0.650093,52,228.057768
-0.667711,51,228.083078
-0.688101,50,228.106604
-0.769282,51,228.131202
-0.672198,51,228.156175
-0.65006,51,228.181216
-0.65683,51,228.205798
-0.780835,51,228.229758
-0.679083,52,228.255793
-0.936114,51,228.279799
-0.724641,50,228.303207
-0.674737,52,228.328226
-0.637109,51,228.353
-0.769162,51,228.376809
-0.713924,51,228.401943
-0.641776,50,228.425492
-0.819332,50,228.449162
-0.704579,50,228.473845
-0.689424,52,228.498126
-0.732138,51,228.522835
-0.75365,51,228.547087
-0.803581,51,228.570936
-0.705455,52,228.597043
-0.762895,51,228.620931
-0.641906,51,228.645192
-0.677175,52,228.670814
-0.649714,51,228.694614
-0.690986,51,228.720172
-0.666126,51,228.743986
-0.682743,50,228.767325
-0.628267,51,228.79266
-0.664844,51,228.816268
-0.653131,50,229.07132
-0.635891,51,229.095552
-0.59441,50,229.120762
-0.673722,50,229.14413
-0.628852,51,229.1688
-0.712787,51,229.193636
-0.767881,51,229.217456
-0.79533,51,229.242688
-0.639302,51,229.26665
-0.779379,51,229.290499
-0.586226,51,229.315559
-0.694374,50,229.339
-0.680384,51,229.364009
-0.69228,51,229.388537
-0.632196,51,229.4122
-0.697987,51,229.437813
-0.683009,51,229.461716
-0.601543,51,229.486209
-0.739558,51,229.511133
-0.860626,51,229.534801
-0.685998,51,229.559847
-0.591089,51,229.583949
-0.671697,51,229.607888
-0.683026,51,229.633042
-0.670158,50,229.657008
-0.648188,51,229.681695
-0.617485,51,229.705393
-0.622766,51,229.730444
-0.655833,51,229.754271
-0.706648,52,229.778755
-0.60442,51,229.802785
-0.707186,52,229.828281
-0.720583,52,229.853357
-0.639619,51,229.878155
-0.792794,51,229.901897
-0.703216,51,229.927232
-0.726317,50,229.950783
-0.720573,51,229.974908
-0.611863,51,229.998812
-0.665837,52,230.023947
-0.696626,51,230.276918
-0.725107,52,230.301686
-0.693086,51,230.326498
-0.689567,52,230.35186
-0.695711,51,230.375688
-0.753536,50,230.40041
-0.672131,52,230.425019
-0.764184,51,230.44903
-0.724521,51,230.474169
-0.604331,50,230.497441
-0.647014,50,230.521525
-0.769106,51,230.546138
-0.632635,51,230.570161
-0.694304,51,230.595595
-0.694358,50,230.619036
-0.721812,51,230.64335
-0.70344,51,230.668415
-0.731599,51,230.692306
-0.69378,51,230.717282
-0.683085,51,230.741641
-0.65089,51,230.765296
-0.686014,50,230.790064
-0.712244,52,230.814309
-0.640212,51,230.838744
-0.650779,51,230.863265
-0.671239,51,230.886887
-0.671937,52,230.912535
-0.749628,51,230.936374
-0.714707,51,230.96018
-0.671193,50,230.9848
-0.803889,51,231.008522
-0.633163,51,231.03339
-0.946492,51,231.057814
-0.70941,51,231.081539
-0.740758,51,231.107097
-0.782583,51,231.130823
-0.714684,51,231.15518
-0.707878,51,231.179947
-0.812215,51,231.203412
-0.696073,51,231.228472
-0.698611,51,231.252463
-0.722232,50,231.506372
-0.663662,51,231.530927
-0.713285,51,231.554745
-0.676785,52,231.580792
-0.613778,51,231.606442
-0.689194,51,231.642672
-0.696606,51,231.675932
-0.679054,52,231.712016
-0.740978,51,231.746181
-0.695272,51,231.771042
-0.719019,51,231.796232
-0.745218,51,231.821336
-0.669626,50,231.845102
-0.758142,51,231.871038
-0.670586,50,231.89647
-0.742492,51,231.920928
-0.688934,50,231.944932
-0.590487,51,231.970348
-0.768216,50,231.99385
-0.607189,50,232.018309
-0.640191,51,232.042744
-0.699809,52,232.067087
-0.631645,51,232.092648
-0.738647,52,232.117078
-0.735292,51,232.141317
-0.825073,51,232.166305
-0.676682,51,232.190004
-0.759028,51,232.214646
-0.678164,52,232.239608
-0.806524,51,232.263418
-0.7984,51,232.288928
-0.594361,51,232.31285
-0.714802,51,232.338462
-0.715262,51,232.362222
-0.711607,51,232.386981
-0.797209,51,232.411454
-0.635577,51,232.435221
-0.679597,51,232.460681
-0.716727,51,232.484678
-0.707843,51,232.509883
-0.661818,51,232.766192
-0.608277,51,232.79016
-0.812235,51,232.815723
-0.689012,51,232.83952
-0.630321,51,232.863792
-0.669107,51,232.88874
-0.77422,51,232.912414
-0.721345,50,232.936974
-0.761415,51,232.9613
-0.797221,51,232.985071
-0.705731,52,233.010759
-0.713725,51,233.034642
-0.688004,51,233.059279
-0.750987,51,233.083996
-0.799377,51,233.107728
-0.635612,51,233.13303
-0.671694,51,233.157028
-0.765462,52,233.183206
-0.774865,51,233.207012
-0.607467,50,233.23099
-0.609419,52,233.256175
-0.882567,51,233.279703
-0.733455,51,233.304717
-0.708177,52,233.32909
-0.632137,50,233.352692
-0.666472,51,233.377771
-0.762317,51,233.401406
-0.73611,51,233.426017
-0.595718,51,233.450363
-0.71055,51,233.476783
-0.768211,51,233.503674
-0.740581,51,233.527607
-0.716238,51,233.553094
-0.758719,51,233.577053
-0.634945,51,233.601359
-0.740051,50,233.62597
-0.801594,51,233.650684
-0.64269,50,233.674306
-0.668263,51,233.698527
-0.681562,51,233.723877
-0.670513,51,233.98052
-0.57347,51,234.00458
-0.678131,50,234.029362
-0.682008,51,234.053727
-0.701567,51,234.077574
-0.577313,50,234.102558
-0.703774,52,234.127045
-0.61475,51,234.15152
-0.726267,51,234.176324
-0.654883,51,234.199977
-0.82464,51,234.225446
-0.707192,52,234.24973
-0.697715,50,234.274755
-0.642424,51,234.29851
-0.617572,51,234.322889
-0.637234,51,234.346939
-0.706048,51,234.371415
-0.625778,52,234.395686
-0.662213,51,234.421291
-0.776233,51,234.445142
-0.625508,52,234.469571
-0.721117,51,234.494598
-0.652738,50,234.517836
-0.827853,51,234.542815
-0.789701,51,234.566803
-0.660139,50,234.590256
-0.699028,51,234.615567
-0.783658,51,234.639013
-0.766092,50,234.66416
-0.732476,51,234.687912
-0.788924,52,234.713496
-0.760884,51,234.737686
-0.819992,51,234.761571
-0.683658,52,234.787362
-0.632617,51,234.81108
-0.646186,52,234.836148
-0.637162,51,234.86098
-0.688626,51,234.884546
-0.766686,52,234.91021
-0.696581,51,234.934245
-0.659509,51,235.188025
-0.815051,52,235.212665
-0.68703,51,235.238306
-0.628272,51,235.262374
-0.697434,51,235.292973
-0.615818,51,235.317336
-0.737007,51,235.341203
-0.815063,52,235.367138
-0.693271,51,235.390836
-0.723041,51,235.415365
-0.692968,52,235.440505
-0.704918,50,235.465086
-0.7163,51,235.4897
-0.70481,51,235.513497
-0.678107,51,235.539136
-0.673968,50,235.56259
-0.678038,50,235.586686
-0.668332,50,235.611064
-0.636999,50,235.634562
-0.623153,51,235.65984
-0.682035,51,235.683781
-0.656042,51,235.707645
-0.642189,51,235.732736
-0.761732,50,235.75603
-0.839319,51,235.780763
-0.671906,51,235.805046
-0.626428,51,235.828691
-0.697782,51,235.853906
-0.703395,50,235.877227
-0.657086,50,235.901436
-0.893206,51,235.926256
-0.759874,51,235.950013
-0.684521,51,235.975318
-0.643051,51,235.999449
-0.797642,51,236.023466
-0.619607,50,236.048264
-0.671244,51,236.072847
-0.740946,51,236.097476
-0.666195,52,236.121649
-0.674083,51,236.146718
-0.640357,50,236.401108
-0.855186,51,236.425304
-0.708116,52,236.451046
-0.707271,51,236.475266
-0.832121,50,236.498786
-0.729663,51,236.524305
-0.647688,51,236.548247
-0.663529,52,236.573197
-0.750463,52,236.598591
-0.726369,50,236.621779
-0.633438,51,236.64699
-0.812026,51,236.670859
-0.607753,52,236.697018
-0.638052,52,236.7216
-0.695387,52,236.747772
-0.781558,51,236.771667
-0.625724,51,236.795604
-0.86676,51,236.82049
-0.789609,52,236.845684
-0.740223,51,236.870849
-0.660158,51,236.896265
-0.70288,51,236.920787
-0.688899,51,236.945165
-0.660412,51,236.97073
-0.733516,51,236.994621
-0.674978,51,237.018576
-0.714104,51,237.043616
-0.746685,50,237.067675
-0.784831,51,237.091551
-0.679011,51,237.117216
-0.723979,51,237.141475
-0.706242,51,237.165589
-0.862853,51,237.190601
-0.724783,51,237.214562
-0.695627,51,237.2403
-0.626749,50,237.263954
-0.70724,50,237.289079
-0.588587,51,237.312921
-0.650689,51,237.337217
-0.666352,52,237.362702
-0.663028,51,237.615568
-0.749077,51,237.641531
-0.711547,51,237.665499
-0.803955,50,237.689915
-0.644726,50,237.71365
-0.74785,51,237.738026
-0.627306,50,237.761386
-0.601802,50,237.786432
-0.710416,52,237.81084
-0.703532,51,237.835426
-0.712913,50,237.859676
-0.71236,51,237.883597
-0.626435,51,237.909353
-0.774491,51,237.933275
-0.686574,51,237.957465
-0.700778,50,237.982312
-0.703247,51,238.006989
-0.64624,50,238.031519
-0.779756,51,238.055364
-0.6207,51,238.080646
-0.682118,51,238.104694
-0.851761,51,238.128477
-0.658896,51,238.152792
-0.673964,51,238.177794
-0.720386,51,238.201564
-0.698325,51,238.226618
-0.753477,51,238.250872
-0.682745,50,238.274392
-0.647889,51,238.299633
-0.665798,51,238.323997
-0.652717,51,238.349017
-0.598455,51,238.372935
-0.64788,50,238.397657
-0.675774,51,238.421985
-0.721775,52,238.446468
-0.707683,52,238.472509
-0.889605,51,238.496273
-0.638254,51,238.520703
-0.682299,52,238.546023
-0.669625,51,238.569768
-0.753099,51,238.593586
-0.619711,50,238.850894
-0.635213,51,238.87524
-0.634889,51,238.9002
-0.697136,51,238.924129
-0.626419,51,238.949467
-0.799253,51,238.97361
-0.725299,51,238.997728
-0.705157,50,239.022733
-0.605846,51,239.046599
-0.683513,51,239.071372
-0.64014,50,239.095546
-0.693478,51,239.119645
-0.674943,51,239.145216
-0.713684,52,239.169779
-0.578732,52,239.19467
-0.677449,52,239.220743
-0.679473,51,239.244632
-0.943098,51,239.270276
-0.68338,52,239.294776
-0.819581,51,239.318567
-0.761482,51,239.344019
-0.64246,51,239.367749
-0.667252,51,239.391743
-0.69395,51,239.416886
-0.71083,52,239.44176
-0.70596,51,239.465759
-0.618622,51,239.490281
-0.661196,50,239.514945
-0.758442,51,239.539165
-0.746099,51,239.563255
-0.595332,51,239.588819
-0.736309,51,239.612677
-0.741192,51,239.638471
-0.69229,50,239.661938
-0.675591,51,239.687019
-0.63125,52,239.71193
-0.675114,50,239.735272
-0.608046,51,239.760642
-0.647855,52,239.785001
-0.771388,51,239.808619
-0.829773,51,240.064153
-0.801487,52,240.090347
-0.677371,52,240.114767
-0.668882,50,240.137918
-0.748229,51,240.162709
-0.77905,52,240.187797
-0.739091,51,240.21165
-0.653809,50,240.236781
-0.684311,51,240.260574
-0.84186,51,240.284751
-0.704681,52,240.310303
-0.714955,51,240.334997
-0.681368,51,240.35972
-0.702342,51,240.38368
-0.652833,50,240.408633
-0.712156,51,240.432698
-0.699325,51,240.456949
-0.686838,50,240.481661
-0.717512,51,240.505449
-0.722814,51,240.530183
-0.662328,52,240.55502
-0.573797,50,240.578246
-0.594445,51,240.602208
-0.701349,51,240.627518
-0.739262,50,240.651398
-0.659395,51,240.675308
-0.63279,51,240.699804
-0.739455,51,240.72342
-0.652486,51,240.749082
-0.777001,51,240.773079
-0.683065,51,240.798558
-0.709317,51,240.822493
-0.69143,50,240.846834
-0.646077,50,240.871156
-0.887873,51,240.895072
-0.703611,51,240.920497
-0.70165,51,240.944476
-0.752172,51,240.96823
-0.71673,51,240.992773
-0.727105,50,241.016941
-0.741586,51,241.271133
-0.784049,51,241.295278
-0.715048,51,241.32025
-0.766492,52,241.345432
-0.670945,51,241.369352
-0.639158,50,241.394263
-0.786505,51,241.418052
-0.710681,51,241.442115
-0.723457,51,241.467044
-0.823885,51,241.490811
-0.688468,50,241.515403
-0.713095,51,241.539834
-0.659279,50,241.563536
-0.727299,51,241.589145
-0.607621,51,241.613476
-0.632274,50,241.641245
-0.678297,51,241.667436
-0.719896,50,241.693212
-0.68439,51,241.717323
-0.791799,51,241.742203
-0.719228,51,241.766422
-0.711796,51,241.791132
-0.788327,52,241.815436
-0.688245,50,241.840459
-0.677136,51,241.86396
-0.69504,51,241.888315
-0.723792,52,241.91362
-0.752791,51,241.937259
-0.716137,51,241.962389
-0.701801,51,241.986602
-0.632074,50,242.010258
-0.665588,51,242.035708
-0.659896,50,242.059042
-0.739981,51,242.083764
-0.697422,52,242.148983
-0.6366,51,242.191513
-0.669301,51,242.216655
-0.659772,51,242.244058
-0.581674,51,242.27215
-0.765217,51,242.29843
