#{"t_start": 1789404002.409467, "env_id": "None"}
r,l,t
-2.066098,51,0.905847
-1.639851,51,0.931482
-2.1039,51,0.956895
-1.933392,51,0.982057
-1.423684,51,1.00845
-1.562219,51,1.033654
-2.148227,51,1.058727
-1.999736,51,1.083778
-2.099775,51,1.108911
-1.575145,51,1.133992
-1.875944,51,1.159285
-1.659885,51,1.186646
-1.721658,51,1.212219
-1.437466,51,1.237495
-2.261519,51,1.262716
-1.438698,51,1.287777
-2.301292,51,1.31191
-1.476543,50,1.334445
-1.610547,51,1.361194
-1.806889,51,1.384714
-1.795475,51,1.40737
-2.059905,51,1.429925
-1.367876,51,1.452079
-2.618333,51,1.474267
-1.450081,51,1.496457
-1.873415,51,1.518555
-1.712575,51,1.540646
-1.792753,51,1.563078
-1.378261,50,1.585176
-1.701969,51,1.607614
-1.932878,51,1.630019
-1.684686,51,1.652421
-2.063314,51,1.674822
-1.441247,50,1.69683
-1.288257,50,1.719452
-1.606276,51,1.742265
-1.324317,51,1.764643
-2.376565,51,1.786974
-2.061465,51,1.809095
-1.5504,51,1.83116
-1.93757,51,2.071879
-1.44788,50,2.092919
-1.676946,51,2.114115
-1.698532,51,2.135293
-1.445098,51,2.156131
-1.433246,50,2.176443
-1.560491,50,2.198616
-1.828425,51,2.220965
-2.041968,51,2.243423
-1.450717,51,2.265689
-2.065724,51,2.288042
-2.070356,51,2.311288
-1.606822,51,2.336491
-1.710112,50,2.361378
-1.645482,51,2.386737
-1.751753,51,2.411866
-1.635351,51,2.437172
-2.107669,51,2.462447
-1.696985,51,2.487597
-2.622597,51,2.512822
-1.401609,50,2.537786
-1.456429,51,2.563067
-1.663412,51,2.588356
-1.845556,51,2.613601
-1.646441,51,2.639148
-1.748262,51,2.664306
-1.486037,51,2.689491
-1.598853,50,2.714853
-2.100148,51,2.741054
-1.708035,51,2.766887
-1.755783,51,2.792885
-1.529006,51,2.818942
-2.230107,51,2.845056
-2.001548,51,2.87096
-1.601023,51,2.898624
-1.629996,51,2.925057
-2.031307,51,2.95091
-1.387388,51,2.976591
-2.009778,51,3.002102
-1.558284,51,3.02764
-1.417801,51,3.304107
-1.389502,50,3.33414
-1.732955,50,3.363675
-2.094783,51,3.390097
-1.583045,51,3.417529
-1.708042,51,3.443221
-2.063478,51,3.470282
-1.501392,51,3.495569
-1.624603,51,3.520986
-1.632436,51,3.547774
-1.379426,50,3.574277
-1.809472,51,3.604773
-1.707716,50,3.6307
-1.831554,51,3.656831
-2.283211,51,3.683737
-1.376678,50,3.70874
-1.744861,51,3.734007
-1.571354,51,3.759432
-1.666283,50,3.784732
-2.061355,51,3.811063
-1.652708,50,3.836122
-2.308277,51,3.861553
-2.026653,50,3.886759
-1.631206,51,3.91241
-1.478441,51,3.937805
-1.462067,51,3.963358
-1.545454,51,3.98877
-1.244898,50,4.016427
-1.533374,51,4.045977
-1.481399,50,4.075429
-1.604027,51,4.112312
-1.642025,51,4.141684
-1.966982,51,4.171174
-2.302458,51,4.198319
-1.988387,51,4.226732
-2.353878,51,4.256305
-1.429695,50,4.285418
-1.92855,51,4.314057
-1.498482,50,4.341897
-1.576294,51,4.37443
-1.360858,50,4.68457
-1.723113,51,4.714492
-1.732327,51,4.743735
-1.523942,51,4.775852
-1.704147,50,4.805204
-1.633581,51,4.834577
-1.539651,51,4.863881
-2.252755,51,4.893325
-1.351924,51,4.922898
-1.599648,51,4.952301
-1.168049,50,4.981084
-1.608999,51,5.010468
-1.432958,51,5.040473
-1.659898,51,5.069572
-1.706082,51,5.105246
-1.395103,51,5.137097
-1.53265,51,5.166696
-1.856245,51,5.196047
-2.140498,51,5.225342
-1.628858,51,5.254465
-1.105168,51,5.283619
-1.712656,51,5.312873
-2.141862,51,5.342335
-1.470786,50,5.371167
-1.796377,51,5.40195
-2.110437,51,5.434931
-1.755269,50,5.461582
-1.865483,51,5.487005
-1.939362,51,5.512624
-2.1368,51,5.538128
-1.611709,50,5.571473
-1.451069,51,5.59812
-1.578311,50,5.62357
-1.425648,51,5.649378
-1.740043,51,5.675028
-1.548041,50,5.700176
-1.90816,51,5.725926
-2.042499,51,5.751399
-1.645383,51,5.776851
-1.67575,51,5.802248
-1.996807,51,5.827638
-1.916564,51,6.091756
-1.485024,51,6.119584
-1.709379,51,6.14741
-1.399286,51,6.173304
-1.348691,51,6.199251
-1.705568,51,6.224996
-3.240461,51,6.250762
-1.55617,51,6.278256
-1.923922,51,6.304689
-1.5989,50,6.331692
-1.887663,51,6.361088
-1.68228,50,6.391347
-1.626457,51,6.418802
-1.877469,51,6.4447
-2.201686,51,6.470186
-2.274374,51,6.495811
-1.65728,51,6.525129
-1.888921,51,6.552366
-1.524517,51,6.578767
-1.621102,51,6.6041
-1.957348,51,6.629502
-1.660248,51,6.65489
-1.959328,51,6.680347
-1.586995,51,6.70568
-1.474893,51,6.731085
-1.598457,51,6.756478
-1.648284,51,6.781692
-1.824666,51,6.8072
-2.249724,51,6.83278
-1.280786,51,6.858269
-1.721426,51,6.8857
-1.564232,50,6.912989
-1.55503,51,6.942241
-1.334132,51,6.968378
-1.976665,51,6.994338
-1.519034,51,7.020177
-1.849678,51,7.04914
-1.334676,51,7.081178
-1.599302,51,7.110217
-1.732291,51,7.141068
-2.085346,51,7.455971
-2.052751,51,7.483654
-1.478359,51,7.512562
-1.833603,51,7.539059
-1.586723,51,7.56703
-1.561608,51,7.594994
-1.721187,51,7.623257
-1.688318,51,7.652802
-1.685813,50,7.682073
-2.074692,51,7.712872
-1.333959,51,7.742357
-1.58277,50,7.769347
-1.428413,51,7.79784
-1.443083,51,7.827383
-1.724347,51,7.856497
-1.712361,51,7.881971
-1.625845,51,7.907523
-1.846013,50,7.932586
-1.77773,50,7.959293
-1.747841,51,7.986352
-1.703208,51,8.011751
-1.718267,51,8.037141
-1.668354,51,8.062421
-1.463399,51,8.087715
-1.58878,51,8.113025
-1.483718,51,8.138308
-1.776115,51,8.163586
-2.08417,51,8.189129
-1.549024,51,8.214677
-1.493454,50,8.239796
-1.40623,50,8.264714
-1.534126,50,8.289988
-1.769816,51,8.315783
-1.8484,51,8.343373
-1.9026,51,8.369391
-1.541641,51,8.394959
-1.617506,51,8.420518
-1.973494,51,8.446173
-1.545447,51,8.471654
-1.672791,51,8.497089
-1.610011,51,8.760467
-1.708187,50,8.785618
-1.675418,51,8.811285
-1.414305,50,8.83655
-1.363014,50,8.861514
-1.427811,51,8.887148
-2.018055,51,8.912692
-1.59501,51,8.938223
-1.593931,51,8.963969
-2.069792,51,9.082599
-1.746387,51,9.110849
-1.514665,51,9.138322
-1.32981,51,9.167431
-1.422912,51,9.197677
-1.891765,51,9.227399
-1.287024,51,9.25526
-1.384504,51,9.280993
-1.523857,51,9.306425
-1.455266,50,9.331573
-1.607787,51,9.371062
-1.390035,51,9.401161
-1.842986,50,9.427253
-1.826519,51,9.453254
-1.930636,51,9.479048
-1.732296,51,9.504608
-1.727924,51,9.530123
-2.147438,51,9.555399
-1.441874,51,9.580974
-2.042738,51,9.606523
-1.404111,51,9.632019
-2.073284,51,9.657611
-1.814281,51,9.682923
-2.24812,51,9.70861
-1.792531,51,9.734074
-1.602646,51,9.759861
-1.373345,50,9.785202
-1.155315,51,9.810683
-1.261294,50,9.835682
-1.658283,51,9.86297
-1.411615,51,9.88918
-1.276852,51,9.91496
-1.341884,50,10.184246
-1.233616,51,10.210813
-1.769786,51,10.237818
-1.76005,51,10.263815
-1.943824,50,10.294201
-1.682248,51,10.320277
-1.639037,51,10.346271
-1.409804,51,10.37744
-1.730333,51,10.418308
-1.314855,51,10.446174
-1.605962,51,10.487473
-1.321916,50,10.513734
-1.853008,50,10.538959
-1.377717,51,10.56487
-1.804331,51,10.594705
-1.52903,51,10.623783
-1.719369,51,10.649381
-1.437642,51,10.686287
-1.657441,51,10.712242
-1.949613,51,10.739659
-1.520586,51,10.765501
-1.456998,51,10.791262
-1.581814,51,10.816761
-2.132024,51,10.84236
-1.670422,51,10.867903
-1.31707,51,10.893301
-1.734752,51,10.919238
-1.573434,51,10.948331
-1.401232,51,10.979131
-1.778218,51,11.005158
-1.493923,51,11.030843
-1.639588,51,11.05641
-1.673822,50,11.081818
-1.400808,50,11.107612
-1.267756,50,11.135327
-2.150757,51,11.161738
-1.621481,51,11.187464
-1.494462,51,11.213212
-1.312992,51,11.240075
-1.274637,50,11.265401
-1.669292,51,11.531255
-1.679841,51,11.556433
-1.568387,51,11.581481
-2.169015,51,11.607947
-1.370569,51,11.632022
-1.331883,51,11.657329
-1.910832,51,11.681746
-1.463823,51,11.705722
-1.357434,51,11.731246
-1.573883,51,11.755442
-1.523801,51,11.78044
-2.073817,51,11.805081
-1.869669,51,11.829671
-1.503497,51,11.854669
-1.479532,51,11.878718
-1.86006,51,11.904107
-1.234263,51,11.927772
-1.605342,50,11.952785
-1.50375,51,11.976429
-1.197741,51,12.00197
-1.463391,51,12.02676
-1.527895,50,12.050677
-1.787956,51,12.076082
-1.739791,51,12.099796
-2.110756,51,12.125046
-1.504883,51,12.149143
-1.371163,51,12.173949
-2.371486,50,12.198308
-1.374036,51,12.222823
-1.426423,51,12.248488
-1.990521,51,12.272286
-1.583574,51,12.297791
-1.609157,51,12.321886
-1.705284,51,12.347205
-1.741822,51,12.371751
-1.831844,51,12.396696
-1.474612,51,12.420478
-1.600807,51,12.446006
-1.442192,50,12.469293
-1.840243,51,12.497334
-1.808984,51,12.752531
-1.79064,51,12.776653
-1.85488,51,12.80228
-1.324227,51,12.826144
-1.590932,51,12.851766
-1.783171,51,12.880496
-1.437858,51,12.912155
-1.652469,51,12.93909
-1.762448,51,12.964845
-1.423635,51,12.990547
-1.907728,51,13.015857
-1.52976,51,13.039539
-1.363263,50,13.063752
-1.482565,51,13.088135
-1.896001,51,13.113126
-1.775091,51,13.136937
-1.186369,51,13.162273
-1.470482,51,13.185828
-1.785561,51,13.211086
-1.338178,51,13.234538
-1.378607,51,13.25977
-1.718704,50,13.28279
-1.497816,51,13.307972
-1.311154,51,13.331425
-1.455908,51,13.356719
-1.676323,51,13.380144
-1.978053,51,13.405367
-1.675893,50,13.428533
-1.201654,51,13.453909
-1.290582,51,13.479327
-1.878485,51,13.503259
-1.412329,51,13.528656
-1.880605,51,13.552271
-1.553432,51,13.579278
-1.52294,51,13.60435
-1.834154,51,13.629312
-1.560618,51,13.654314
-1.424206,51,13.67864
-1.456025,51,13.704042
-1.437258,51,13.727958
-1.821632,50,13.979164
-1.567487,50,14.004407
-1.613675,51,14.028633
-1.602301,50,14.053508
-1.59349,51,14.07806
-1.468087,51,14.102711
-1.605803,51,14.127662
-1.497543,51,14.152047
-1.495997,51,14.177219
-1.419585,51,14.20103
-1.761234,51,14.226792
-1.538591,50,14.249926
-1.466183,51,14.275159
-1.866345,51,14.298727
-1.59261,51,14.323966
-2.009799,51,14.347494
-1.507541,51,14.372698
-1.377768,51,14.397898
-1.216144,51,14.421189
-1.927044,51,14.44638
-1.794637,51,14.469921
-1.492144,51,14.49778
-1.551998,51,14.522733
-1.670262,51,14.546502
-1.823786,51,14.572025
-1.493729,51,14.595729
-1.960318,51,14.620918
-1.583291,51,14.645222
-1.385833,51,14.670298
-1.744926,51,14.695013
-1.746451,51,14.719722
-2.00701,51,14.744863
-1.392536,51,14.769019
-1.524332,51,14.794362
-1.206254,51,14.818461
-1.3856,51,14.844135
-1.30937,51,14.867988
-1.885333,51,14.89279
-1.78755,51,14.917384
-1.497,50,14.942138
-1.848068,51,14.966369
-1.272333,50,15.21898
-1.607411,51,15.244367
-1.458423,51,15.26871
-1.815059,51,15.294323
-1.489153,50,15.317698
-1.795747,51,15.343246
-1.55279,51,15.367022
-1.763901,51,15.391859
-1.260018,51,15.416182
-1.3961,51,15.441217
-1.203196,51,15.464988
-1.729981,51,15.49027
-1.635254,51,15.513817
-2.042257,51,15.538263
-1.405175,51,15.562753
-1.175726,50,15.587229
-1.501902,51,15.611307
-1.360343,51,15.636636
-1.388225,50,15.659759
-2.109979,51,15.683995
-1.470814,51,15.708718
-1.314408,51,15.733472
-1.501686,51,15.757665
-1.447358,51,15.781257
-1.203124,51,15.806455
-1.206648,50,15.829928
-1.469771,51,15.854779
-1.263644,51,15.879467
-1.418124,51,15.904112
-1.327568,51,15.929165
-1.320713,50,15.952837
-1.520028,50,15.977838
-1.684303,51,16.001557
-1.380574,51,16.027097
-1.482542,51,16.050983
-2.079647,51,16.076388
-1.24109,51,16.100035
-1.430243,51,16.125429
-1.232857,51,16.149211
-1.715115,51,16.174572
-1.492187,51,16.426949
-1.197633,51,16.45112
-1.372584,51,16.476685
-1.53771,51,16.501178
-1.967454,51,16.526334
-1.646729,51,16.550252
-1.694961,51,16.575875
-1.363726,51,16.5997
-1.453749,51,16.625198
-1.629302,51,16.648926
-1.467924,51,16.674103
-1.49499,51,16.697645
-1.170726,50,16.722559
-1.319456,50,16.747361
-1.483753,51,16.772672
-1.28868,51,16.797996
-1.723885,51,16.823291
-1.334857,51,16.848592
-1.656782,51,16.873878
-1.319026,51,16.899251
-2.235285,51,16.924554
-1.304323,51,16.949225
-1.633678,51,16.973948
-1.521622,51,16.999171
-2.183094,51,17.023838
-1.536606,51,17.048321
-1.523565,51,17.072122
-1.348968,51,17.09781
-1.45585,51,17.121843
-1.554065,51,17.147379
-1.545736,51,17.171225
-1.47085,51,17.196987
-1.269301,51,17.221682
-1.530773,51,17.246422
-1.409295,51,17.273359
-1.793592,51,17.297113
-1.709889,51,17.322681
-1.376728,50,17.346002
-1.97824,50,17.371155
-1.656626,51,17.394903
-1.574951,51,17.647743
-1.470352,51,17.67234
-1.381423,51,17.697779
-1.689261,51,17.722402
-1.774598,51,17.747389
-1.301711,51,17.772386
-1.512508,50,17.796434
-1.378396,51,17.820483
-1.230665,51,17.84613
-1.29877,51,17.871482
-1.279082,51,17.895103
-1.410345,51,17.919407
-1.525963,51,17.94407
-1.438472,51,17.968699
-1.481495,51,17.992948
-1.582435,51,18.01661
-1.450316,51,18.04186
-1.961616,51,18.066002
-1.629907,51,18.090873
-1.768495,51,18.11626
-1.369564,51,18.140941
-1.805179,51,18.1655
-1.340334,51,18.19048
-1.265661,51,18.216272
-1.493729,51,18.240152
-1.461725,51,18.26566
-1.35873,51,18.289672
-1.450864,51,18.314924
-1.60644,51,18.338747
-1.280647,51,18.364319
-1.426625,51,18.388095
-1.538481,50,18.412892
-1.204996,51,18.436963
-1.546275,51,18.462287
-1.400043,51,18.486089
-1.336021,50,18.511143
-1.613907,51,18.534999
-1.56541,51,18.559849
-1.585344,50,18.583723
-1.53108,51,18.608958
-1.373016,51,18.861742
-1.539052,51,18.886368
-1.433357,51,18.911871
-1.630056,51,18.935934
-1.351708,50,18.959743
-1.128113,50,18.984221
-1.164982,51,19.008849
-1.189936,50,19.032913
-1.485253,51,19.057901
-1.31901,51,19.081874
-1.589423,50,19.10656
-1.276922,51,19.130102
-1.605076,51,19.154322
-1.622466,51,19.178853
-1.52202,51,19.203607
-1.446186,51,19.227512
-1.496022,51,19.2512
-1.765418,51,19.276414
-1.549411,51,19.3004
-1.841304,51,19.32505
-2.015127,51,19.348603
-1.772371,51,19.373784
-1.124908,51,19.397078
-1.454347,51,19.422321
-1.534877,51,19.445716
-1.738659,51,19.471017
-1.15307,51,19.494346
-1.569026,51,19.519831
-1.803183,51,19.543422
-1.279176,51,19.568647
-1.889766,51,19.592599
-1.469187,50,19.617436
-1.248897,51,19.641045
-1.271758,51,19.666382
-1.8944,51,19.690964
-1.278177,51,19.715367
-1.692737,51,19.740503
-1.455085,50,19.763933
-1.578536,51,19.789226
-1.311328,51,19.81272
-1.221052,51,19.83799
-1.237771,51,20.090029
-1.553801,51,20.1151
-2.670049,51,20.139949
-1.247732,50,20.16422
-1.43772,51,20.18797
-1.246779,50,20.213125
-1.603917,51,20.237175
-1.315812,51,20.262241
-1.194011,50,20.286095
-1.856364,51,20.310649
-1.458957,51,20.334309
-1.492444,51,20.359642
-1.366497,51,20.383309
-1.499436,51,20.408549
-1.399986,51,20.43261
-1.444834,50,20.456964
-1.618563,51,20.480545
-1.308735,51,20.505839
-1.447491,51,20.529352
-1.319512,51,20.554765
-1.87162,51,20.578421
-1.213605,51,20.603666
-1.424208,51,20.627184
-1.389824,51,20.652463
-1.675424,51,20.675995
-1.74623,51,20.700961
-1.668698,51,20.72468
-1.524713,51,20.750203
-1.702528,51,20.77393
-1.916289,51,20.799347
-1.407044,51,20.823031
-1.270181,51,20.847947
-1.21396,51,20.872164
-1.658572,51,20.897483
-1.782566,51,20.921174
-1.288654,51,20.946599
-1.432412,51,20.970423
-1.677831,51,20.99586
-1.414102,51,21.019531
-1.936598,51,21.044707
-2.151992,51,21.299235
-1.246527,51,21.323983
-1.787265,51,21.348754
-1.308448,50,21.372171
-1.607035,51,21.397728
-1.446984,51,21.421525
-1.317713,51,21.447001
-1.374752,51,21.470913
-1.521554,51,21.495882
-1.419799,51,21.519443
-1.354896,51,21.544053
-1.57116,51,21.568251
-1.638574,51,21.593483
-1.646453,51,21.617075
-1.613773,51,21.641105
-1.338604,51,21.665884
-1.214939,51,21.690528
-1.668531,51,21.714797
-1.896328,51,21.7384
-1.49675,51,21.763735
-1.205943,51,21.787629
-1.190498,50,21.811968
-1.399891,51,21.83549
-1.263489,51,21.860935
-1.331636,51,21.884472
-1.555217,51,21.909519
-1.161335,51,21.933019
-1.331306,51,21.95835
-1.659398,51,21.982179
-1.514441,51,22.006833
-1.523533,51,22.031263
-1.523542,51,22.056295
-1.379159,51,22.080325
-1.577137,51,22.107105
-1.508536,51,22.13252
-1.27223,51,22.159294
-1.421652,51,22.183638
-1.321804,50,22.207587
-1.272693,50,22.232436
-1.461455,51,22.256381
-1.415578,51,22.510468
-1.301128,51,22.536403
-1.64099,51,22.560541
-1.592319,51,22.585402
-1.215573,51,22.610203
-1.490435,51,22.635421
-1.162609,50,22.65927
-1.425804,51,22.684842
-1.579806,51,22.70851
-1.284086,51,22.733976
-1.192715,51,22.758414
-1.242223,51,22.783135
-1.153447,50,22.80748
-1.524609,51,22.831732
-1.566405,51,22.857124
-1.81376,51,22.8809
-1.299327,50,22.904574
-1.180943,51,22.92958
-1.234804,51,22.9541
-1.602796,51,22.978527
-1.43093,51,23.002106
-1.256696,51,23.027413
-1.739089,51,23.051288
-1.486148,51,23.076405
-1.549294,51,23.100146
-1.395999,51,23.125518
-1.173703,50,23.148734
-1.752466,51,23.174248
-1.325074,51,23.199543
-1.485431,51,23.223655
-1.446754,50,23.247401
-1.425048,51,23.27263
-1.536947,51,23.297244
-1.332038,50,23.321699
-1.746619,51,23.346722
-1.555463,51,23.37089
-1.278223,51,23.394691
-1.405067,51,23.420202
-1.292409,51,23.444368
-1.574519,51,23.469482
-1.482091,50,23.722771
-1.244881,51,23.748783
-1.770922,51,23.772922
-1.496151,51,23.79856
-1.31542,50,23.822094
-1.393342,51,23.847247
-1.322435,50,23.871207
-1.255046,51,23.896538
-1.78804,50,23.919982
-1.612898,51,23.944123
-1.652776,51,23.968946
-1.386871,51,23.993497
-1.320753,51,24.017856
-1.293113,51,24.041499
-1.561288,50,24.066442
-1.565479,51,24.090324
-1.364006,51,24.11553
-1.400265,50,24.138695
-1.148174,51,24.163979
-1.369583,51,24.187618
-1.252718,51,24.212796
-1.446168,51,24.236647
-1.544199,51,24.262055
-1.391413,51,24.285683
-1.408965,51,24.311034
-1.244576,51,24.334655
-1.491039,51,24.359868
-1.46482,51,24.383459
-1.381077,51,24.409037
-1.576954,51,24.432961
-1.820404,51,24.458531
-1.208168,51,24.520479
-1.529413,51,24.564894
-1.42937,51,24.591689
-1.530089,51,24.617312
-1.759384,51,24.644536
-1.44241,51,24.671704
-1.229385,51,24.696011
-1.488986,50,24.721264
-1.23019,50,24.744661
-1.769832,51,24.769496
-1.577708,51,25.023919
-1.441063,51,25.048536
-1.199248,51,25.073658
-1.494332,50,25.097862
-1.456977,51,25.122541
-1.333038,51,25.147598
-1.331435,51,25.171835
-1.58145,51,25.195585
-1.56318,51,25.221124
-1.441929,50,25.244903
-1.234447,51,25.269553
-1.504629,51,25.29325
-1.079566,50,25.318174
-1.770898,51,25.341752
-1.204527,51,25.367135
-1.360293,51,25.391144
-1.231495,51,25.415872
-1.363613,51,25.439535
-1.389149,51,25.464849
-1.382853,51,25.488541
-1.295102,51,25.513825
-1.509918,51,25.537696
-1.523749,51,25.563051
-1.159994,50,25.586324
-1.760057,51,25.611634
-1.354756,51,25.635157
-1.42623,51,25.660567
-1.235371,50,25.683967
-1.340389,51,25.70952
-1.391588,51,25.733167
-1.282139,51,25.758717
-1.399026,51,25.782549
-1.626856,51,25.808092
-1.409695,51,25.831885
-1.586558,51,25.857257
-1.419309,50,25.880401
-1.385108,51,25.905823
-1.272516,51,25.930081
-1.199852,51,25.955029
-1.291835,51,25.979688
-1.410691,50,26.232075
-1.347839,51,26.257405
-1.466427,51,26.281339
-1.465208,51,26.306882
-1.193518,51,26.330809
-1.125748,51,26.35626
-1.308771,51,26.379948
-1.395751,51,26.405259
-1.227525,51,26.428906
-1.395171,51,26.454293
-1.201721,50,26.477488
-1.080339,51,26.502832
-1.422664,51,26.526283
-1.122476,51,26.551571
-1.656645,50,26.574848
-1.114861,51,26.600185
-1.227193,51,26.623644
-1.267203,50,26.648544
-1.429473,50,26.671562
-1.342469,51,26.696859
-1.336838,51,26.720612
-1.730859,51,26.745547
-1.226434,51,26.768979
-1.890449,51,26.794308
-1.381939,50,26.817593
-1.30761,51,26.842591
-1.260224,50,26.865861
-1.378481,51,26.891286
-1.465861,51,26.914926
-1.89261,51,26.940353
-1.454301,51,26.964075
-1.214235,51,26.989618
-1.215933,51,27.013234
-1.265332,51,27.038754
-1.146305,50,27.062262
-1.278094,51,27.087839
-1.333758,51,27.119126
-1.199916,51,27.147496
-1.171097,51,27.172484
-1.490053,51,27.197039
-1.498588,51,27.455298
-1.878774,51,27.481101
-1.144548,51,27.505797
-1.244316,51,27.530984
-1.299034,51,27.554978
-1.501588,51,27.580522
-1.382538,51,27.604301
-1.292726,51,27.629695
-1.24209,51,27.653508
-1.471469,51,27.679015
-1.314415,51,27.702711
-1.24245,50,27.726858
-1.478267,51,27.751327
-1.533755,51,27.776384
-1.786559,51,27.800481
-1.409938,51,27.824332
-1.334209,50,27.849325
-1.238046,51,27.873631
-1.508288,51,27.898445
-1.466551,51,27.923069
-1.330302,51,27.947324
-1.18394,50,27.970672
-1.268423,51,27.996971
-1.201569,51,28.020912
-1.39493,51,28.046005
-1.116099,51,28.070392
-1.179732,51,28.094911
-1.411745,51,28.118837
-1.493392,51,28.14455
-1.246704,51,28.168431
-1.105645,51,28.194054
-1.125163,50,28.217778
-1.312216,50,28.242774
-1.305359,51,28.268459
-1.178462,51,28.294078
-1.208358,51,28.320117
-1.410606,51,28.343975
-1.232781,51,28.369788
-1.415296,51,28.393817
-1.479378,51,28.419233
-1.418554,51,28.674609
-1.242238,51,28.70112
-1.648005,51,28.725264
-1.305645,51,28.751114
-1.431707,51,28.774894
-1.331444,51,28.800361
-1.290406,51,28.824368
-1.437563,51,28.849727
-1.360927,51,28.87334
-1.127508,51,28.8978
-1.356792,51,28.922393
-1.468456,51,28.947436
-1.310324,51,28.971501
-1.183548,51,28.99665
-1.250714,51,29.020347
-1.313235,50,29.044115
-1.349939,51,29.068782
-1.306981,51,29.093504
-1.231765,50,29.117347
-1.185072,51,29.142507
-1.663797,51,29.16616
-1.393237,51,29.19148
-1.279592,51,29.215074
-1.276962,51,29.239584
-1.153719,51,29.264016
-1.411616,51,29.28887
-1.463631,51,29.31281
-1.307504,51,29.336849
-1.321713,51,29.36234
-1.200883,51,29.386711
-1.09072,50,29.411292
-1.225277,50,29.435627
-1.362498,51,29.460116
-1.473638,51,29.485309
-1.182531,51,29.509393
-1.399279,51,29.533275
-1.185101,51,29.55827
-1.220528,51,29.58254
-1.534484,51,29.607384
-1.503893,51,29.631128
-1.387217,51,29.65687
-1.325098,51,29.914603
-1.262491,50,29.940022
-1.263055,51,29.964102
-1.451481,51,29.989844
-1.58984,51,30.013756
-1.372985,51,30.038551
-1.25482,50,30.062479
-1.182865,51,30.087736
-1.248844,51,30.111738
-1.422214,51,30.137354
-1.41577,51,30.161081
-1.460188,51,30.186711
-1.326001,50,30.210105
-1.726048,51,30.235115
-1.156548,51,30.25959
-1.098835,51,30.284849
-1.212571,50,30.308313
-1.295942,51,30.332297
-1.267568,51,30.357506
-1.268096,51,30.382019
-1.333849,51,30.406757
-1.385162,51,30.431715
-1.223896,51,30.456028
-1.345716,51,30.481387
-1.360221,51,30.505205
-1.315827,51,30.530416
-1.383992,51,30.554316
-1.721186,51,30.578977
-1.844588,51,30.603725
-1.32403,51,30.628868
-1.261332,50,30.652823
-1.299057,50,30.677833
-1.494584,51,30.701823
-1.506152,51,30.726129
-1.380369,51,30.751161
-1.308878,51,30.775636
-1.199177,51,30.799921
-1.475736,51,30.825035
-1.30221,51,30.849338
-1.698362,51,30.873331
-1.296007,51,31.129835
-1.336215,51,31.155221
-1.086721,51,31.179963
-1.475213,51,31.205441
-1.392107,51,31.229546
-1.132099,51,31.253481
-1.26333,51,31.278815
-1.428966,51,31.303251
-1.269799,50,31.327613
-1.7238,51,31.351359
-1.156065,51,31.376909
-1.218899,51,31.400691
-1.284542,51,31.42619
-1.587257,51,31.449784
-1.231734,51,31.475242
-1.185805,51,31.498942
-1.444684,51,31.523731
-1.185626,51,31.54824
-1.333496,51,31.573372
-1.489994,51,31.597425
-1.180917,51,31.622934
-1.263141,51,31.646544
-1.476603,50,31.670611
-1.162851,50,31.694939
-1.570576,51,31.719856
-1.188673,51,31.743881
-1.197127,51,31.76782
-1.157005,51,31.793295
-1.246272,51,31.817689
-1.195335,50,31.842323
-1.3833,51,31.867081
-1.325276,51,31.891684
-1.644005,51,31.915444
-1.283631,51,31.941076
-1.148811,51,31.964832
-1.244825,51,31.990095
-1.620096,51,32.014018
-1.407256,51,32.038818
-1.312417,51,32.062711
-1.16527,50,32.087732
-1.372662,51,32.344325
-1.356097,51,32.370426
-1.434798,51,32.394466
-1.525314,51,32.419326
-1.217938,51,32.443832
-1.274446,51,32.468866
-1.323924,51,32.492938
-1.196713,51,32.516896
-1.128753,51,32.541896
-1.776133,51,32.566182
-1.464376,51,32.590852
-1.237825,51,32.615516
-1.221131,50,32.639233
-1.267721,51,32.662756
-1.831377,51,32.68786
-1.143612,50,32.711525
-1.180259,50,32.735734
-1.144044,51,32.759422
-1.455694,51,32.78485
-1.210755,51,32.808544
-1.16877,51,32.833909
-1.662688,51,32.857901
-1.221212,51,32.882879
-1.173269,51,32.906487
-1.146252,51,32.931744
-1.473383,51,32.955066
-1.129146,51,32.980584
-1.224333,50,33.004017
-1.169297,51,33.029374
-1.193567,51,33.053229
-1.310953,51,33.078713
-1.520049,51,33.102543
-1.200648,50,33.127582
-1.361884,51,33.151358
-1.325503,51,33.176735
-1.185122,51,33.200422
-1.320098,51,33.22567
-1.553966,51,33.249263
-1.331692,51,33.273906
-1.304576,51,33.298365
-1.148826,51,33.323373
-1.331553,51,33.581041
-1.140992,51,33.606351
-1.349473,50,33.630678
-1.221974,51,33.65552
-1.134414,50,33.680009
-1.250081,51,33.704257
-1.250366,51,33.727909
-1.324681,51,33.753337
-1.287302,51,33.777036
-1.204989,51,33.80257
-1.22702,51,33.826162
-1.499411,51,33.851494
-1.319482,51,33.875203
-1.296923,51,33.900455
-1.46404,51,33.924307
-1.145511,51,33.949627
-1.279604,50,33.972799
-1.450174,51,33.99816
-1.275638,51,34.021852
-1.33716,51,34.046894
-1.074477,50,34.070559
-1.271947,51,34.096021
-1.226031,50,34.119189
-1.221577,51,34.143455
-1.383586,51,34.167875
-1.311458,51,34.19333
-1.26848,51,34.217147
-1.267591,51,34.242575
-1.346486,51,34.266458
-1.361777,51,34.291798
-1.397189,51,34.316024
-1.24761,51,34.340988
-1.354777,51,34.364703
-1.699161,51,34.390119
-1.409328,51,34.41373
-1.211853,51,34.439115
-1.252418,51,34.462834
-1.221608,51,34.487997
-1.351962,51,34.511863
-1.453508,51,34.537411
-1.218565,50,34.792559
-1.187487,51,34.81699
-1.370141,51,34.842339
-1.247243,51,34.866876
-1.168877,50,34.891152
-1.167343,51,34.916091
-1.240742,51,34.940306
-1.140601,50,34.963584
-1.515007,51,34.988925
-1.330018,51,35.012503
-1.25698,51,35.037756
-1.473921,51,35.061271
-1.282288,51,35.08673
-1.42504,51,35.113981
-1.196734,51,35.138531
-1.118967,51,35.162231
-1.36592,51,35.18794
-1.384756,51,35.211631
-1.442796,51,35.237106
-1.195794,51,35.26081
-1.454868,51,35.285573
-1.28256,51,35.309976
-1.250053,50,35.333255
-1.189883,51,35.358728
-1.326094,51,35.382652
-1.346179,51,35.407803
-1.368743,51,35.432431
-1.321385,51,35.457306
-1.400608,51,35.481038
-1.362891,51,35.506624
-1.280491,51,35.530369
-1.598417,51,35.555991
-1.254852,51,35.580096
-1.362442,51,35.605311
-1.213991,51,35.628994
-1.269315,51,35.654449
-1.233567,51,35.677977
-1.293417,50,35.703103
-1.22856,51,35.72703
-1.265389,51,35.752589
-1.205234,51,36.013848
-1.239099,51,36.039706
-1.196621,51,36.064445
-1.134015,51,36.089702
-1.304528,51,36.114456
-1.257929,51,36.13905
-1.277331,50,36.162385
-1.047337,51,36.187826
-1.240962,51,36.211673
-1.282794,51,36.237273
-1.168704,51,36.26106
-1.220237,51,36.286531
-1.221964,50,36.309844
-1.242028,51,36.334804
-1.240093,51,36.359029
-1.282547,51,36.384569
-1.52858,51,36.408299
-1.290549,51,36.432561
-1.327315,51,36.457442
-1.174311,51,36.482113
-1.308623,51,36.506606
-1.248026,51,36.53028
-1.218711,51,36.555642
-1.235349,51,36.581141
-1.218016,51,36.604681
-1.221001,51,36.630294
-1.276154,51,36.654204
-1.236861,51,36.679844
-1.346244,51,36.703927
-1.311585,50,36.728882
-1.265447,50,36.752719
-1.378268,51,36.778359
-1.304793,51,36.802352
-1.341884,51,36.826738
-1.380395,51,36.851565
-1.631609,51,36.876184
-1.242284,51,36.900568
-1.201582,51,36.925581
-1.205447,51,36.949666
-1.303868,51,36.973735
-1.344236,51,37.231435
-1.28801,51,37.255822
-1.418412,51,37.281394
-1.300504,51,37.305568
-1.101883,51,37.331089
-1.264102,51,37.354852
-1.486207,51,37.380307
-1.313441,51,37.40398
-1.153176,50,37.428458
-1.182582,51,37.452744
-1.321873,51,37.477888
-1.23515,51,37.501687
-1.18586,51,37.525906
-1.201927,51,37.550818
-1.096701,51,37.57451
-1.408709,51,37.599897
-1.133659,51,37.623535
-1.573894,51,37.648973
-1.304828,51,37.672763
-1.303334,51,37.697066
-1.294274,51,37.721844
-1.21249,51,37.747372
-1.196436,51,37.771092
-1.340833,51,37.796587
-1.510731,51,37.820148
-1.201875,51,37.845677
-1.112727,51,37.86969
-1.057065,50,37.894859
-1.322153,51,37.918809
-1.341801,51,37.94455
-1.354634,51,37.968422
-1.41212,51,37.993944
-1.42214,51,38.017674
-1.230652,51,38.043166
-1.195927,51,38.066768
-1.407272,51,38.092183
-1.557131,51,38.115714
-1.127428,51,38.140252
-1.251697,51,38.164641
-1.172682,50,38.189588
-1.224131,51,38.444286
-1.232088,51,38.469663
-1.290035,50,38.493237
-1.375815,51,38.51888
-1.07952,51,38.542704
-1.134311,50,38.567835
-1.153115,50,38.591135
-1.344339,51,38.616528
-1.205161,50,38.639795
-1.336585,51,38.664836
-1.110677,51,38.688997
-1.076572,51,38.714516
-1.183572,51,38.73823
-1.245804,50,38.762142
-1.099029,51,38.786984
-1.113553,51,38.811667
-1.247717,51,38.836022
-1.116326,51,38.859787
-1.113185,50,38.884746
-1.217789,50,38.908219
-1.322717,50,38.932764
-1.214213,51,38.956521
-1.42712,51,38.981876
-1.508774,51,39.005463
-1.247364,51,39.030581
-1.237342,51,39.054141
-1.189435,51,39.079595
-1.355281,51,39.103404
-1.252158,51,39.129031
-1.173601,51,39.152631
-1.097827,50,39.177789
-1.304177,51,39.20151
-1.11001,51,39.22692
-1.171732,51,39.250626
-1.267603,50,39.275363
-1.211341,51,39.298881
-1.238189,51,39.323424
-1.414621,51,39.347546
-1.305929,51,39.372545
-1.141565,50,39.396357
-1.337279,50,39.42146
-1.249844,51,39.675977
-1.424986,51,39.701684
-1.263572,51,39.725944
-1.312884,51,39.750134
-1.387512,51,39.775322
-1.428951,51,39.799777
-1.464552,51,39.824523
-1.283774,50,39.847814
-1.30771,51,39.873246
-1.35347,51,39.896926
-1.189865,51,39.922339
-1.224241,51,39.945984
-1.180014,51,39.971583
-1.138311,51,39.99601
-1.133995,50,40.01998
-1.384709,51,40.045014
-1.241898,51,40.068983
-1.071485,51,40.092808
-1.271077,51,40.117985
-1.456639,51,40.142307
-1.194783,51,40.166963
-1.213719,51,40.190532
-1.298104,51,40.215888
-1.406204,51,40.239579
-1.256354,50,40.264443
-1.163719,51,40.288783
-1.205109,51,40.313726
-1.200378,50,40.337154
-1.268371,51,40.362589
-1.144246,50,40.387335
-1.248902,51,40.411359
-1.085807,50,40.43637
-1.089383,50,40.459736
-1.131553,51,40.484183
-1.598675,51,40.508707
-1.212391,51,40.533528
-1.235607,51,40.557687
-1.272176,51,40.582868
-1.196541,51,40.608187
-1.272557,51,40.633582
-1.294344,51,40.897108
-1.283946,51,40.922969
-1.285058,51,40.947199
-1.274466,51,40.972373
-1.262806,51,40.99599
-1.176463,51,41.021451
-1.081606,50,41.044534
-1.296819,51,41.070129
-1.256993,51,41.093811
-1.197826,51,41.119115
-1.188713,51,41.196869
-1.094947,51,41.222275
-1.167239,51,41.249326
-1.150282,50,41.276613
-1.22437,51,41.30294
-1.25505,51,41.32839
-1.152874,51,41.353945
-1.230156,51,41.378804
-1.099852,51,41.402988
-1.195794,51,41.428283
-1.446659,51,41.454001
-1.298367,51,41.477712
-1.440598,51,41.503126
-1.449861,51,41.526617
-1.295983,51,41.551134
-1.392503,51,41.575543
-1.44251,51,41.600645
-1.251128,51,41.624466
-1.525922,51,41.649822
-1.205509,51,41.673449
-1.312467,51,41.698717
-1.288091,51,41.722275
-1.197204,51,41.74758
-1.154045,51,41.771093
-1.269517,51,41.79631
-1.265245,50,41.819331
-1.203511,51,41.844517
-1.325145,51,41.867841
-1.24786,51,41.892407
-1.365127,51,41.916353
-1.36136,51,42.175656
-1.447232,51,42.200387
-1.335891,51,42.2255
-1.149196,50,42.249828
-1.238088,51,42.274341
-1.358632,51,42.298432
-1.298027,51,42.323756
-1.319557,51,42.347672
-1.186645,51,42.372853
-1.266202,51,42.397013
-1.189448,51,42.421742
-1.288438,51,42.446298
-1.180544,51,42.470515
-1.279857,51,42.494101
-1.224391,51,42.519339
-1.08405,51,42.543237
-1.109668,50,42.567784
-1.265304,51,42.592319
-1.306373,51,42.617855
-1.270617,51,42.642583
-1.093295,51,42.666641
-1.270432,51,42.691757
-1.246879,51,42.71541
-1.22224,51,42.739431
-1.319955,50,42.763409
-1.086871,51,42.788095
-1.109471,51,42.812399
-1.230823,51,42.837484
-1.199704,51,42.861506
-1.188619,51,42.886845
-1.257844,51,42.910531
-1.151584,51,42.936035
-1.157858,50,42.959223
-1.136969,51,42.98451
-1.111117,51,43.008033
-1.125004,51,43.033237
-1.174166,51,43.056798
-1.240676,51,43.082026
-1.21414,50,43.105044
-1.262966,51,43.130164
-1.240977,51,43.153666
-1.495129,51,43.410325
-1.891977,51,43.434618
-1.333798,50,43.45898
-1.213969,51,43.483719
-1.10266,51,43.508718
-1.164972,50,43.532646
-1.11383,51,43.556492
-1.162778,51,43.581822
-1.154996,50,43.605641
-1.205226,51,43.630576
-1.302639,51,43.654363
-1.186086,51,43.679803
-1.121959,51,43.703388
-1.122544,51,43.72881
-1.124501,51,43.752787
-1.235198,51,43.778036
-1.188944,50,43.801298
-1.272604,51,43.826743
-1.294082,51,43.850392
-1.196988,51,43.875781
-1.256764,51,43.901031
-1.277231,51,43.924872
-1.182235,50,43.949769
-1.180224,51,43.973129
-1.194834,51,43.998432
-1.166449,50,44.021661
-1.28783,51,44.046943
-1.224836,51,44.07096
-1.327547,51,44.096487
-1.309144,51,44.120276
-1.193984,51,44.145655
-1.180536,51,44.169422
-1.296668,51,44.194459
-1.266025,50,44.21858
-1.147978,51,44.243737
-1.172928,51,44.267625
-1.136697,50,44.292567
-1.189662,51,44.316511
-1.400986,51,44.340855
-1.244142,51,44.36532
-1.044313,51,44.622913
-1.09614,51,44.646793
-1.406439,51,44.672209
-1.200878,51,44.695895
-1.356542,51,44.720647
-1.227344,51,44.744859
-1.258685,51,44.770019
-1.205102,51,44.793814
-1.287115,51,44.817779
-1.18156,50,44.842227
-1.131378,50,44.866379
-1.217792,51,44.890726
-1.390368,51,44.914272
-1.155205,50,44.939093
-1.084651,51,44.962975
-1.244311,51,44.987791
-1.130587,50,45.011704
-1.231931,51,45.036032
-1.100625,51,45.059553
-1.268978,51,45.084758
-1.493863,51,45.10846
-1.216256,51,45.133514
-1.250755,51,45.157103
-1.286559,51,45.182415
-1.120682,50,45.205323
-1.320277,51,45.230749
-1.177512,51,45.25432
-1.129472,51,45.279747
-1.346535,51,45.303533
-1.124519,51,45.328823
-1.243051,51,45.35253
-1.272321,51,45.378099
-1.257965,51,45.401893
-1.190461,51,45.427293
-1.169063,50,45.450534
-1.199043,51,45.475635
-1.101159,50,45.499355
-1.206776,51,45.523797
-1.21236,51,45.547156
-1.177541,51,45.572245
-1.126066,50,45.830247
-1.305265,51,45.854939
-1.277202,51,45.879961
-1.138615,51,45.904771
-1.016439,51,45.929283
-1.233921,51,45.952995
-1.342323,50,45.978025
-1.124122,51,46.001968
-1.208861,51,46.026924
-1.273045,51,46.050504
-1.099087,51,46.075901
-1.358272,51,46.099446
-1.148052,51,46.12511
-1.253736,51,46.14874
-1.398679,51,46.17402
-1.128226,50,46.197116
-1.176973,51,46.222375
-1.169988,51,46.245894
-1.144843,51,46.270678
-1.282531,51,46.294739
-1.229804,51,46.320314
-1.329571,51,46.343985
-1.310991,51,46.369246
-1.186178,51,46.392806
-1.431373,51,46.417196
-1.269611,50,46.441175
-1.296889,50,46.466047
-1.131551,51,46.489913
-1.263544,51,46.515438
-1.455816,51,46.539164
-1.280307,51,46.564556
-1.325568,51,46.588231
-1.215471,51,46.613217
-1.136479,51,46.63743
-1.137996,51,46.662639
-1.325058,51,46.686263
-1.23395,51,46.710449
-1.341259,51,46.735193
-1.154976,51,46.759818
-1.190548,50,46.78357
-1.144594,51,46.806941
-1.191009,51,47.064693
-1.182566,50,47.089311
-1.337087,51,47.114337
-1.35427,51,47.13855
-1.326045,51,47.162246
-1.124734,51,47.18762
-1.15965,51,47.211616
-1.208617,51,47.236624
-1.329262,51,47.260287
-1.257246,51,47.285606
-1.276917,51,47.30923
-1.115103,50,47.334052
-1.285769,51,47.357833
-1.184064,51,47.383167
-1.048923,51,47.406724
-1.168953,51,47.431274
-1.127055,51,47.455723
-1.196949,51,47.480524
-1.17514,50,47.504089
-1.157689,51,47.529432
-1.080418,51,47.553133
-1.09241,51,47.577515
-1.185621,51,47.60217
-1.203875,51,47.626835
-1.330275,51,47.65107
-1.267289,51,47.674909
-1.294686,50,47.699917
-1.267198,50,47.725022
-1.068321,50,47.748358
-1.105942,51,47.773773
-1.103215,51,47.797466
-1.563441,51,47.822426
-1.26321,51,47.846591
-1.210683,51,47.871922
-1.357225,51,47.895587
-1.357519,51,47.919572
-1.189038,51,47.944364
-1.04222,51,47.968799
-1.217338,51,47.993024
-1.214527,51,48.016503
-1.178644,51,48.279857
-1.337619,51,48.304128
-1.251954,51,48.330159
-1.45491,51,48.353851
-1.300516,51,48.378163
-1.071645,51,48.402907
-1.161842,51,48.427622
-1.145054,51,48.451905
-1.241759,51,48.475581
-1.096521,51,48.500955
-1.061146,50,48.524145
-1.073112,50,48.548986
-1.318604,51,48.572551
-1.03037,50,48.597451
-1.122801,51,48.620966
-1.219792,50,48.645905
-1.148125,51,48.669532
-1.068566,50,48.694317
-1.032213,51,48.717779
-1.192049,50,48.742093
-1.071768,51,48.766169
-1.179923,51,48.791434
-1.158252,51,48.815016
-1.207029,51,48.839016
-1.069083,51,48.863713
-1.168494,51,48.888396
-1.160537,51,48.912823
-1.272434,51,48.937976
-1.420452,51,48.962114
-1.001991,50,48.985717
-1.560334,51,49.010876
-1.170954,51,49.035187
-1.123785,51,49.059777
-1.291828,51,49.084478
-1.213466,51,49.108706
-1.141125,51,49.132272
-1.230603,51,49.157503
-1.35049,51,49.180928
-1.231472,51,49.206164
-1.177181,51,49.229641
-1.165268,51,49.490943
-1.27981,51,49.515459
-1.245664,51,49.541033
-1.315732,51,49.564809
-1.302745,51,49.589076
-1.141418,51,49.61382
-1.181395,50,49.636966
-1.166124,51,49.662239
-1.093038,50,49.685417
-1.101933,50,49.710271
-1.065353,51,49.733777
-1.146605,50,49.758674
-1.435872,51,49.782313
-1.202948,51,49.807151
-1.240133,51,49.831168
-1.133084,51,49.856423
-1.060528,51,49.880072
-1.137146,51,49.904212
-1.180627,51,49.928867
-1.108414,51,49.953402
-1.331405,51,49.977689
-1.175244,51,50.002684
-1.238741,51,50.026584
-1.241938,51,50.050499
-1.172708,51,50.075292
-1.255386,51,50.099714
-1.211061,51,50.124314
-1.21927,51,50.147916
-1.092924,51,50.173443
-1.303135,51,50.197155
-1.302283,51,50.222477
-1.434882,51,50.246103
-1.284789,51,50.271401
-1.208381,51,50.295002
-1.53968,51,50.319668
-1.206605,51,50.343842
-1.375931,51,50.369116
-1.201221,51,50.392603
-1.102433,50,50.418143
-1.038902,51,50.441758
-1.716807,51,50.700555
-1.248437,51,50.724754
-1.233851,51,50.750584
-1.195198,50,50.774102
-1.118658,51,50.799247
-1.165243,50,50.82239
-1.114627,50,50.84725
-1.219138,51,50.87087
-1.099531,51,50.895885
-1.093668,51,50.919756
-1.035598,50,50.944414
-1.30694,51,50.967869
-1.153466,51,50.992213
-1.055829,51,51.016391
-1.060407,51,51.041183
-1.235243,51,51.065117
-1.233688,51,51.090307
-1.21739,51,51.113796
-1.192101,51,51.137999
-1.247182,50,51.162042
-1.037097,50,51.185177
-1.168526,51,51.210414
-1.346553,51,51.234072
-1.244568,50,51.258554
-1.105153,51,51.281916
-1.207832,51,51.307316
-1.145063,51,51.331217
-1.247876,51,51.35667
-1.241092,51,51.380368
-1.135001,51,51.405975
-1.200687,51,51.429735
-1.157008,51,51.45527
-1.251298,51,51.478945
-1.187979,51,51.503753
-1.204469,51,51.527915
-1.143267,51,51.55301
-1.117495,51,51.576719
-1.143598,51,51.600635
-1.333543,51,51.625381
-1.362722,51,51.649697
-1.261687,51,51.674175
-1.164612,51,51.932524
-1.162746,51,51.956801
-1.275755,51,51.982234
-1.113342,51,52.005997
-1.217779,51,52.030654
-1.06021,51,52.054998
-1.284177,51,52.080115
-1.238775,51,52.104444
-1.186243,51,52.131497
-1.257201,51,52.155704
-1.307711,51,52.18134
-1.205533,51,52.205187
-1.210262,51,52.229623
-1.204797,51,52.254473
-1.282623,51,52.278198
-1.124442,51,52.303676
-1.168421,51,52.327418
-1.088691,51,52.352936
-1.189857,51,52.376732
-1.207923,51,52.40222
-1.217483,51,52.425909
-1.109691,51,52.450696
-1.276103,50,52.474792
-1.13377,51,52.499969
-1.134817,51,52.524044
-1.277969,51,52.54841
-1.130956,51,52.57387
-1.297481,50,52.598179
-1.109139,51,52.623115
-1.211945,51,52.647063
-1.028008,50,52.672178
-1.123779,50,52.695584
-1.110216,51,52.721191
-1.179968,51,52.744826
-1.239469,50,52.769812
-1.179467,51,52.793421
-1.103395,50,52.817812
-1.28234,51,52.842071
-1.443734,51,52.867394
-1.200439,51,52.89126
-1.112992,51,53.154446
-1.270348,51,53.179077
-1.179258,51,53.204368
-1.14208,51,53.228085
-1.439463,51,53.252943
-1.226312,51,53.2772
-1.040988,51,53.300923
-1.05689,51,53.326275
-1.059338,50,53.349898
-1.277838,51,53.374886
-1.084639,50,53.398033
-1.157826,50,53.42254
-1.02661,50,53.446194
-1.122314,51,53.471647
-1.309365,51,53.495175
-1.088384,51,53.519447
-1.088309,51,53.544106
-1.114603,51,53.569051
-1.207916,51,53.593241
-1.270334,51,53.616782
-1.162943,51,53.642121
-1.24085,51,53.666309
-1.232256,51,53.691147
-1.280255,51,53.714681
-1.10258,50,53.739727
-1.143052,51,53.763654
-1.238979,51,53.789001
-1.057351,51,53.812934
-1.147523,51,53.838431
-1.148908,51,53.862215
-1.270339,50,53.887306
-1.391079,51,53.911042
-1.128592,51,53.936051
-1.080768,51,53.960009
-1.225848,51,53.983833
-1.186464,51,54.008971
-1.247597,51,54.033304
-1.240747,51,54.057944
-1.340093,51,54.081492
-1.069032,50,54.106273
-1.254651,51,54.364444
-0.973422,50,54.388684
-1.243024,51,54.413864
-1.218918,51,54.437713
-1.050596,51,54.463388
-1.227815,50,54.486676
-1.347891,51,54.512185
-1.217551,51,54.535899
-1.171507,51,54.56137
-1.549499,51,54.585004
-1.205519,51,54.609721
-1.137191,50,54.633713
-1.287589,51,54.657309
-1.075059,51,54.682769
-1.108398,51,54.706913
-1.163309,50,54.731438
-1.090861,51,54.755178
-1.040849,51,54.78046
-1.062393,50,54.80368
-1.067118,50,54.828557
-1.114439,50,54.851883
-1.120147,51,54.8774
-1.186209,51,54.901005
-1.160619,51,54.925552
-1.308883,51,54.950085
-1.087782,51,54.97523
-1.245715,51,54.999254
-1.176817,51,55.023242
-1.289521,51,55.048394
-1.104551,51,55.072841
-1.199395,51,55.097544
-1.223303,50,55.120808
-1.207844,51,55.146134
-1.205242,51,55.169798
-1.06414,51,55.195077
-1.249748,51,55.218683
-1.325809,51,55.243877
-1.146311,51,55.267441
-1.302534,51,55.292208
-1.21855,51,55.316265
-1.198225,51,55.34158
-1.284283,51,55.600417
-1.173451,51,55.62585
-1.062237,50,55.650264
-1.111024,51,55.674974
-1.197582,51,55.698743
-1.256952,51,55.724048
-1.223616,51,55.747979
-1.203838,50,55.772978
-1.144335,51,55.796639
-1.147794,51,55.821283
-1.103785,51,55.845774
-1.47031,51,55.869382
-1.168027,51,55.894841
-1.101832,51,55.918783
-1.265164,51,55.943987
-0.991501,51,55.96774
-1.222836,51,55.9933
-1.404741,51,56.017029
-1.257932,51,56.042046
-1.049674,51,56.06613
-1.279645,51,56.091535
-1.206742,51,56.115271
-1.094435,51,56.139357
-1.269787,51,56.164398
-1.112953,51,56.189147
-1.091486,51,56.213726
-1.190155,50,56.236989
-1.034863,50,56.262079
-1.265564,51,56.286121
-1.278241,51,56.311395
-1.125822,50,56.335382
-1.196656,51,56.360051
-1.257104,51,56.383762
-1.204854,51,56.409095
-1.065292,51,56.432733
-1.032012,51,56.458069
-1.202634,51,56.481593
-1.269608,51,56.506819
-1.168228,51,56.58425
-1.089551,50,56.611286
-1.149158,51,56.877157
-1.357905,51,56.90313
-1.200966,51,56.927083
-1.233083,50,56.951161
-1.212126,51,56.976123
-1.117715,51,57.000796
-1.266727,51,57.02508
-1.137331,51,57.048682
-1.252181,51,57.073993
-1.148153,51,57.09765
-1.20899,51,57.122984
-1.116121,51,57.146563
-1.231925,51,57.171181
-1.174451,51,57.195369
-1.125632,51,57.220556
-1.30959,51,57.244384
-1.238236,51,57.268369
-1.11473,51,57.293369
-1.074698,51,57.317754
-1.213896,51,57.342129
-1.354861,51,57.365733
-1.175413,51,57.390939
-1.140116,51,57.414638
-1.065722,50,57.439513
-1.231556,51,57.46327
-1.026922,51,57.488777
-1.022898,51,57.512522
-1.084339,51,57.537951
-1.453367,51,57.561688
-1.111576,51,57.587073
-1.119823,51,57.611101
-1.271249,51,57.636662
-1.213503,51,57.660394
-1.165165,51,57.684903
-1.102121,51,57.709292
-1.13439,51,57.73434
-1.06416,50,57.757927
-1.166651,51,57.781852
-1.030394,51,57.806924
-1.114275,50,57.830158
-1.216337,51,58.088156
-1.340058,51,58.114108
-1.173854,51,58.138306
-1.132619,51,58.162547
-1.212663,51,58.187666
-1.136796,50,58.211819
-1.397606,51,58.236359
-1.139752,51,58.260005
-1.08407,51,58.285438
-1.1283,51,58.309361
-1.128394,51,58.334481
-1.200186,51,58.358165
-1.068171,51,58.383627
-1.016134,50,58.406776
-1.282434,51,58.43206
-1.170925,51,58.455776
-1.162723,51,58.481091
-1.33816,51,58.504999
-1.058813,51,58.530005
-1.209475,51,58.553574
-1.137188,51,58.578934
-1.161154,51,58.602513
-1.089692,50,58.627261
-1.095275,51,58.650941
-1.137602,51,58.676536
-1.158516,51,58.700258
-1.115761,51,58.724929
-1.458318,51,58.749602
-1.345497,51,58.774723
-1.226657,50,58.798576
-1.082287,51,58.824122
-1.212206,51,58.848037
-1.298808,51,58.873459
-1.314094,51,58.897037
-1.094301,51,58.921767
-1.209402,51,58.946081
-1.058515,51,58.969742
-1.337997,51,58.995046
-1.105732,51,59.01907
-1.222367,51,59.044288
-1.003962,51,59.304469
-1.09036,51,59.328709
-1.13214,51,59.353796
-1.14997,51,59.378104
-1.196953,51,59.403389
-1.159173,50,59.426904
-1.089018,51,59.451024
-1.097055,51,59.475832
-1.29041,51,59.499358
-1.164947,51,59.524607
-1.092115,50,59.547703
-1.249826,51,59.573047
-1.103197,50,59.596152
-1.164163,51,59.621494
-1.251151,51,59.644883
-1.250722,51,59.669612
-1.257192,51,59.693695
-1.137539,50,59.716792
-1.130927,51,59.742049
-1.108797,51,59.76608
-1.240729,51,59.790718
-0.982323,51,59.81418
-1.177442,51,59.839423
-1.295611,51,59.862708
-1.236346,51,59.888029
-1.097163,50,59.91157
-1.200778,51,59.936556
-1.080691,51,59.960983
-1.023689,50,59.985138
-1.286281,51,60.008713
-1.05979,50,60.033816
-0.985651,51,60.057791
-1.442319,51,60.082951
-1.094226,51,60.106413
-1.250579,51,60.131752
-1.324557,51,60.15515
-1.250549,51,60.180124
-1.316678,51,60.203941
-1.109471,51,60.229259
-1.132364,51,60.252779
-1.192618,51,60.27696
-1.055049,50,60.537052
-1.012519,51,60.562173
-1.078101,51,60.58591
-1.148309,51,60.611416
-1.063057,51,60.635201
-0.996189,51,60.660603
-1.141897,51,60.684288
-1.175666,51,60.708753
-1.312782,51,60.733289
-1.1016,51,60.757011
-1.073685,51,60.782305
-1.150203,51,60.806036
-1.129016,51,60.831341
-1.146523,51,60.854911
-1.098941,51,60.879367
-1.4624,51,60.903884
-1.154898,50,60.928294
-1.130011,51,60.952333
-1.116339,51,60.97762
-1.164765,51,61.001216
-1.187073,51,61.025507
-1.207728,50,61.049727
-1.526578,51,61.07431
-1.111901,51,61.098669
-1.227068,51,61.122419
-1.096283,51,61.147953
-1.235227,51,61.172023
-1.283992,51,61.197074
-1.215896,51,61.22081
-1.124605,51,61.246258
-1.101671,51,61.269955
-1.116459,51,61.295185
-1.071569,51,61.318948
-1.331343,51,61.343012
-1.197862,51,61.367813
-1.198263,51,61.39225
-1.251697,51,61.416574
-1.057152,51,61.440072
-1.220998,51,61.465273
-1.206632,51,61.488952
-1.133422,51,61.747567
-1.16036,51,61.771554
-1.236695,51,61.796779
-1.065517,51,61.821047
-1.145819,50,61.846053
-0.985938,51,61.869596
-0.958957,51,61.893906
-1.144104,51,61.91857
-1.123022,51,61.943343
-1.297229,51,61.967605
-1.184344,51,61.991101
-1.197741,51,62.016502
-1.202593,51,62.039951
-1.235611,51,62.065125
-1.182089,51,62.088724
-1.079095,51,62.113407
-0.994112,51,62.137495
-1.192286,51,62.162627
-1.046395,50,62.185761
-1.077986,51,62.209884
-1.12271,50,62.233943
-1.141155,51,62.257399
-1.067189,51,62.282509
-1.163824,51,62.306091
-1.143696,51,62.331414
-1.174505,51,62.355487
-1.517715,51,62.380466
-1.127208,50,62.403684
-1.129163,51,62.429014
-1.079557,51,62.452646
-1.087111,51,62.478033
-1.038503,50,62.501465
-1.279353,51,62.526524
-1.232375,51,62.550181
-1.081609,51,62.574712
-1.088835,51,62.598962
-1.18569,51,62.62408
-1.090321,51,62.647863
-1.123133,51,62.671814
-1.185914,51,62.696697
-1.080628,51,62.952707
-1.114856,51,62.977293
-1.163914,51,63.00155
-1.041617,51,63.026935
-1.165194,51,63.050805
-1.225457,51,63.076206
-1.017854,50,63.099365
-1.185423,51,63.124176
-1.180694,51,63.148096
-1.175465,51,63.17185
-1.16537,51,63.196788
-1.307591,51,63.221109
-1.24931,51,63.245824
-1.116531,51,63.269393
-1.050083,51,63.294679
-1.245745,51,63.318328
-1.067562,51,63.343611
-1.244805,51,63.367107
-1.437711,51,63.391576
-1.141735,50,63.415579
-1.224924,51,63.440339
-1.100278,51,63.464489
-1.145845,51,63.488188
-1.1564,51,63.513252
-1.124953,51,63.537632
-1.220608,51,63.56247
-1.297372,51,63.58624
-1.091996,50,63.610935
-1.125559,51,63.635066
-1.162516,51,63.660572
-1.180851,51,63.684305
-1.008994,51,63.708731
-1.14426,51,63.733442
-1.152095,51,63.758046
-1.251337,51,63.782235
-1.159122,51,63.80574
-1.239006,51,63.831031
-1.153146,50,63.854125
-1.246555,51,63.879342
-1.129102,51,63.902769
-1.269495,51,64.157799
-1.172914,51,64.181822
-1.139484,51,64.207442
-1.107005,50,64.230718
-1.036555,51,64.256307
-1.086997,51,64.280152
-1.092322,51,64.305575
-1.090726,51,64.329286
-1.188827,51,64.35466
-1.066665,51,64.378162
-1.141288,51,64.403527
-1.134966,51,64.426996
-1.207722,51,64.451965
-1.184349,51,64.475804
-1.107039,51,64.499774
-1.101337,50,64.5242
-1.142705,51,64.548676
-1.18728,51,64.573149
-1.267218,51,64.596695
-1.107302,51,64.621876
-1.031045,51,64.645475
-1.201459,51,64.670663
-1.100815,50,64.693726
-1.239803,51,64.718182
-1.211404,51,64.742385
-1.179086,51,64.767434
-1.247336,51,64.79145
-1.115686,51,64.815372
-1.170716,51,64.840422
-1.067541,51,64.864829
-1.053594,50,64.889057
-1.045137,51,64.912555
-1.213728,51,64.937737
-1.033096,51,64.961476
-1.25013,51,64.986546
-1.088267,51,65.010065
-1.108261,51,65.035324
-1.243089,51,65.058956
-1.064832,50,65.083605
-1.158808,51,65.107135
-1.357689,51,65.132283
-1.173808,51,65.390225
-1.081214,50,65.414658
-1.020776,50,65.43877
-1.05043,51,65.462474
-1.118116,51,65.487891
-1.184813,51,65.511893
-1.242003,51,65.536775
-1.161527,51,65.561008
-1.161918,51,65.585454
-1.493956,51,65.608901
-1.181924,51,65.634021
-1.393331,51,65.657772
-1.040061,50,65.68255
-1.068103,51,65.705997
-1.202224,51,65.730443
-1.16395,51,65.754651
-1.137701,51,65.779532
-1.136563,51,65.803276
-1.060375,50,65.826727
-1.110406,51,65.851437
-1.18859,51,65.874802
-1.075434,51,65.899962
-1.110768,51,65.923379
-0.99178,51,65.948341
-1.153337,51,65.972311
-1.117089,51,65.997352
-1.262993,51,66.020916
-1.111612,51,66.046181
-1.130992,51,66.069735
-1.185478,51,66.094815
-1.149029,51,66.118577
-1.148069,51,66.143785
-1.100593,51,66.167236
-1.180766,51,66.191547
-1.303536,51,66.215749
-0.983764,50,66.240214
-1.134223,51,66.263957
-1.032469,51,66.287804
-1.041781,51,66.312553
-1.072875,51,66.335978
-1.111062,51,66.5939
-1.433216,51,66.618004
-1.075432,51,66.643747
-1.167749,51,66.66754
-1.233452,51,66.692125
-1.064413,51,66.716828
-1.141194,51,66.741867
-1.101379,51,66.766035
-1.288461,51,66.789778
-1.114428,50,66.814492
-1.187542,51,66.838042
-1.117054,51,66.863375
-1.033553,51,66.886887
-1.198293,51,66.911858
-1.096409,51,66.935856
-1.12451,51,66.961214
-1.081731,51,66.984801
-1.02466,50,67.008567
-1.106797,51,67.033195
-1.098459,51,67.056752
-1.057734,51,67.081922
-1.029514,51,67.105479
-1.149738,51,67.130726
-1.160269,51,67.153897
-1.206168,51,67.179265
-1.10942,51,67.202994
-1.273578,51,67.22796
-0.994746,51,67.252081
-1.102592,51,67.277532
-1.125896,51,67.301313
-1.161973,50,67.326264
-1.03401,51,67.350057
-1.0635,51,67.374717
-1.008016,51,67.39922
-1.107289,51,67.424254
-1.324037,51,67.448275
-1.198162,51,67.472074
-1.448963,51,67.497216
-1.077668,51,67.520632
-1.199628,51,67.546
-1.134964,51,67.808173
-1.231391,51,67.833777
-1.14356,51,67.859162
-1.097725,51,67.883713
-1.310972,51,67.909143
-1.041889,50,67.93273
-1.075012,51,67.956953
-1.130592,50,67.981551
-1.018408,50,68.005704
-1.140483,51,68.030137
-1.002768,51,68.053636
-1.044269,51,68.07896
-0.965337,51,68.102569
-1.065571,51,68.127855
-1.16759,51,68.151356
-0.907193,51,68.176077
-1.035467,51,68.20038
-1.070716,51,68.223811
-1.063771,51,68.249007
-1.102894,51,68.272947
-1.111526,51,68.297786
-1.192408,51,68.321291
-0.920215,50,68.345733
-1.079885,51,68.369553
-1.290545,51,68.394961
-1.244322,51,68.41885
-1.104254,51,68.444447
-0.985575,51,68.468099
-1.149079,50,68.492265
-0.951494,51,68.516843
-1.141881,51,68.542102
-1.098056,51,68.567785
-1.049932,51,68.591862
-0.973253,51,68.619799
-1.285975,51,68.654946
-1.0899,51,68.684124
-1.198727,51,68.711596
-1.107532,51,68.736896
-1.05924,50,68.7629
-1.212004,51,68.788407
-1.310655,51,69.047106
-1.16332,51,69.072075
-1.025134,51,69.096916
-0.971014,51,69.120738
-1.179587,50,69.145799
-1.151131,51,69.169757
-1.012893,51,69.195285
-1.087986,51,69.219138
-1.101744,51,69.243473
-1.269316,51,69.268013
-1.076514,51,69.292808
-1.027365,51,69.3169
-1.219546,50,69.340242
-1.183711,51,69.365401
-1.047882,51,69.389598
-1.067588,51,69.414399
-1.030279,51,69.437957
-1.096029,51,69.463249
-1.114961,50,69.486238
-1.169717,50,69.511004
-1.103695,51,69.534444
-1.190809,51,69.559682
-1.035995,51,69.583165
-0.962686,51,69.60783
-1.289472,51,69.631779
-1.031553,51,69.65712
-0.999469,50,69.680262
-1.04382,51,69.704721
-1.040081,51,69.729499
-1.17141,51,69.754206
-1.01318,51,69.778336
-1.098451,51,69.80198
-1.028436,51,69.827341
-0.994396,50,69.850848
-1.133456,51,69.875709
-1.2564,51,69.899116
-1.297003,51,69.92375
-1.002394,51,69.94749
-1.055621,51,69.972702
-1.149951,51,69.996156
-1.07349,51,70.020388
-1.207724,51,70.278428
-1.026849,50,70.302203
-1.197493,51,70.327792
-1.122201,51,70.351604
-1.091717,51,70.377301
-1.118451,51,70.401196
-1.08061,51,70.427026
-1.035767,51,70.450865
-1.009638,51,70.476296
-1.261072,51,70.49992
-1.069597,51,70.525334
-1.041037,51,70.5489
-1.177833,51,70.574347
-0.984097,51,70.59793
-1.201984,51,70.622659
-0.953118,51,70.646962
-1.189122,51,70.67054
-1.234855,51,70.695984
-1.101788,51,70.719901
-1.160425,50,70.744374
-0.939727,51,70.821023
-0.96469,51,70.847627
-1.038408,51,70.874556
-1.250304,51,70.900347
-1.242166,51,70.927094
-1.173519,51,70.952222
-1.145094,51,70.976227
-0.952329,51,71.001638
-1.046059,50,71.025492
-0.991485,51,71.051184
-1.110381,51,71.075048
-0.925754,51,71.100756
-1.10934,51,71.124489
-1.106645,51,71.149226
-0.975124,51,71.173563
-1.156487,50,71.19829
-1.104553,51,71.223725
-1.053957,51,71.247818
-1.291649,51,71.272976
-1.149144,51,71.297351
-1.007959,51,71.554451
-1.132911,51,71.578779
-1.228351,51,71.603089
-0.938429,50,71.627979
-1.310192,51,71.652642
-1.030714,51,71.677542
-0.983842,50,71.700937
-1.184017,51,71.726425
-1.155019,51,71.750247
-1.143611,50,71.775216
-1.148697,51,71.798785
-1.168979,51,71.82404
-1.049754,51,71.84752
-1.111573,51,71.872421
-1.087741,51,71.896445
-1.360289,51,71.921754
-1.099519,51,71.945273
-1.16777,51,71.96943
-0.984311,50,71.993649
-1.021451,51,72.018446
-1.145238,51,72.042724
-0.982036,50,72.06586
-0.997152,50,72.090712
-1.165908,51,72.11479
-0.986551,51,72.142329
-1.173905,51,72.169409
-1.208633,51,72.193367
-0.935463,51,72.217767
-1.14824,51,72.242761
-1.318643,51,72.267565
-1.060708,51,72.292115
-1.190757,51,72.315787
-1.029737,51,72.341159
-0.949724,51,72.364936
-1.134528,51,72.389862
-0.934636,51,72.413217
-1.241726,51,72.437793
-1.001546,51,72.461892
-0.955685,51,72.486945
-1.242112,51,72.51066
-1.071487,51,72.787752
-0.879106,51,72.813947
-1.106508,51,72.838308
-0.999497,51,72.863979
-0.945608,51,72.887935
-1.07505,51,72.912529
-1.02606,51,72.937425
-0.972889,50,72.96199
-0.882281,50,72.985971
-1.114506,51,73.009653
-1.072173,51,73.034985
-1.148706,51,73.059036
-0.985908,51,73.083916
-0.96781,51,73.107508
-1.074723,51,73.132834
-1.277534,51,73.15638
-1.192303,51,73.18164
-1.035496,50,73.20493
-1.145375,51,73.229199
-0.980924,51,73.254083
-1.060193,50,73.278213
-1.000254,50,73.302144
-1.138573,51,73.325663
-1.016572,51,73.350718
-0.948862,50,73.374485
-1.006521,51,73.399553
-1.021642,51,73.424138
-0.967457,51,73.448844
-0.998662,51,73.472588
-1.136852,51,73.498016
-1.095038,51,73.521936
-1.029212,51,73.547283
-1.064589,51,73.570889
-1.109542,51,73.596232
-0.965638,50,73.619331
-1.066727,51,73.644235
-1.061005,51,73.668163
-1.198202,51,73.691931
-1.049287,51,73.716936
-1.154589,51,73.741121
-0.98362,51,73.998142
-1.115754,51,74.022564
-1.161809,51,74.046592
-0.948384,50,74.071317
-1.105492,51,74.095685
-1.172588,51,74.120378
-1.0382,51,74.144176
-1.015959,51,74.16971
-1.11904,51,74.193427
-0.974328,51,74.218931
-0.983638,51,74.24248
-1.132262,51,74.267566
-1.081087,51,74.291065
-1.138423,51,74.315788
-1.085929,50,74.339376
-1.001545,51,74.364606
-0.808637,51,74.388223
-0.958897,51,74.413455
-1.150401,50,74.436856
-1.1262,51,74.461526
-1.025103,50,74.485204
-0.880837,51,74.508784
-0.917067,51,74.533981
-1.113888,50,74.557593
-1.058728,51,74.582336
-0.968909,51,74.605984
-0.99564,51,74.631411
-1.052624,50,74.654582
-0.986721,51,74.680011
-1.102713,50,74.70344
-1.103199,51,74.728517
-1.044322,51,74.752109
-1.052578,51,74.777548
-0.978542,51,74.80112
-0.89622,51,74.826029
-1.07802,51,74.849778
-1.022424,50,74.874497
-1.156259,51,74.897896
-1.018729,50,74.921792
-1.015498,51,74.945984
-1.070499,51,74.971128
-1.148688,51,75.222946
-1.048615,51,75.247234
-1.151509,51,75.272662
-1.222399,51,75.296476
-1.212091,51,75.320872
-0.969777,51,75.345908
-1.025891,51,75.370595
-1.003435,51,75.395259
-0.864235,50,75.418546
-0.976375,50,75.443599
-0.936912,51,75.46736
-1.130845,51,75.49245
-1.145344,51,75.516021
-0.975509,51,75.541381
-1.06495,51,75.564861
-1.118484,51,75.590199
-1.172183,51,75.613741
-1.047424,51,75.639051
-0.967076,51,75.662583
-1.00298,51,75.687817
-1.135929,51,75.711372
-0.98308,51,75.735974
-0.990422,51,75.760027
-0.999497,51,75.783439
-1.194818,51,75.808849
-1.119636,51,75.833094
-1.040319,51,75.858205
-1.023613,51,75.882901
-0.962184,50,75.906881
-1.218023,51,75.930607
-1.10354,51,75.955943
-1.063101,50,75.98087
-1.116823,50,76.004194
-1.026477,51,76.028598
-1.216861,51,76.053109
-0.954747,50,76.077524
-0.947919,50,76.101135
-0.915568,51,76.12476
-1.132026,51,76.149708
-0.971843,51,76.173124
-1.299829,51,76.441479
-0.887566,51,76.467163
-1.172865,51,76.497766
-1.075732,51,76.52385
-0.920911,50,76.54919
-1.202551,51,76.574746
-1.316845,51,76.600371
-1.079614,51,76.625993
-0.927781,51,76.651705
-1.084064,50,76.676894
-1.048534,51,76.702362
-1.013728,50,76.727695
-0.990326,51,76.753161
-0.939317,51,76.778406
-1.050108,51,76.803741
-1.053164,51,76.828987
-1.259458,51,76.85635
-0.999448,51,76.883376
-1.058643,50,76.90869
-1.02585,51,76.934227
-1.070434,51,76.95973
-1.00512,50,76.984707
-1.151897,51,77.010169
-1.141964,51,77.03543
-0.955086,50,77.06044
-0.931323,51,77.086155
-0.928222,51,77.111847
-1.192287,51,77.13746
-1.024105,50,77.162595
-0.916899,50,77.18765
-1.198302,51,77.213178
-0.882229,51,77.238613
-1.140261,51,77.264087
-1.052411,51,77.289369
-1.008464,51,77.314731
-1.032226,51,77.340038
-0.96262,51,77.365271
-1.186662,51,77.390467
-1.033819,51,77.415699
-0.986843,51,77.440715
-1.111467,51,77.70965
-1.058847,51,77.735396
-1.144653,51,77.760706
-1.07666,51,77.786407
-0.865383,50,77.811575
-1.009918,51,77.83704
-1.028597,51,77.86246
-1.153575,51,77.888148
-1.059862,51,77.9137
-1.135347,51,77.939244
-0.879986,51,77.964658
-1.066278,51,77.990102
-1.078816,51,78.015373
-1.206729,51,78.040614
-1.047557,51,78.065984
-0.94874,51,78.091608
-1.121796,51,78.117226
-0.9544,51,78.142925
-1.010546,51,78.168619
-0.907652,51,78.194169
-1.190101,51,78.219889
-1.002945,51,78.245395
-1.117098,51,78.270942
-1.049288,51,78.296392
-1.128861,50,78.321236
-1.171586,51,78.346757
-0.902931,51,78.372353
-1.257238,51,78.398066
-1.071858,50,78.422992
-1.023494,51,78.448362
-0.94285,51,78.473747
-1.173885,51,78.49912
-1.25907,51,78.5246
-0.832974,51,78.549893
-0.923208,50,78.576543
-1.164838,51,78.60219
-1.083754,50,78.627244
-1.083019,51,78.652602
-1.034006,51,78.677908
-1.121099,51,78.703359
-1.027349,51,78.728569
-1.088703,51,78.99407
-1.058183,50,79.019243
-0.970355,51,79.044557
-0.951609,51,79.069741
-0.954645,51,79.094017
-0.938741,51,79.117901
-0.860506,51,79.14328
-1.112627,51,79.1675
-1.253075,51,79.192545
-1.136047,51,79.217187
-0.876044,51,79.241646
-0.876891,50,79.266245
-1.2096,51,79.290134
-1.041209,51,79.313876
-0.945223,50,79.336587
-0.979636,50,79.361429
-1.045265,51,79.386624
-1.141495,51,79.411829
-1.010545,51,79.435281
-1.087892,51,79.460668
-0.991941,51,79.485968
-1.051764,51,79.509387
-1.00317,51,79.534688
-0.918209,51,79.558039
-1.054014,51,79.583554
-0.892024,51,79.608491
-0.958535,51,79.632636
-1.22301,51,79.658026
-0.971101,50,79.681331
-1.041728,51,79.706665
-1.02473,51,79.730384
-1.100115,51,79.755745
-0.92769,51,79.779406
-1.07184,51,79.804658
-1.047503,51,79.828033
-0.848826,51,79.853288
-0.970158,51,79.878466
-0.769037,50,79.901556
-1.15701,51,79.926096
-1.000284,51,79.950339
-0.955323,51,80.209483
-1.005464,50,80.233015
-0.923546,51,80.258477
-0.848895,51,80.282031
-0.845091,51,80.307668
-0.923064,50,80.331115
-0.978875,51,80.356682
-0.984818,50,80.380142
-1.127801,51,80.405423
-1.273032,51,80.430743
-1.140623,50,80.454033
-0.846129,51,80.479297
-1.041128,51,80.502798
-0.982766,51,80.528077
-1.035974,51,80.551542
-0.910229,50,80.57623
-1.085047,51,80.600269
-1.186337,51,80.624902
-1.17458,51,80.648427
-0.923132,51,80.673694
-0.878537,51,80.697235
-1.012396,51,80.722622
-1.020324,50,80.745614
-0.962192,51,80.770941
-0.920225,51,80.796068
-1.092118,51,80.819762
-0.917261,51,80.845225
-0.988711,51,80.868908
-1.193636,51,80.89436
-0.90489,50,80.917776
-1.002204,51,80.942977
-0.93632,51,80.967237
-0.796897,51,80.992024
-0.970328,51,81.016594
-0.83307,51,81.040719
-0.978351,51,81.064142
-0.869417,51,81.08942
-1.0654,51,81.112966
-1.069548,50,81.137816
-0.927205,50,81.160866
-1.346778,51,81.418439
-1.066821,51,81.444211
-0.979897,51,81.467918
-0.740214,51,81.493324
-1.087908,51,81.517734
-0.813207,51,81.542393
-0.934404,51,81.567807
-0.761525,50,81.591166
-1.014599,50,81.616067
-1.254582,51,81.641482
-0.951323,50,81.664718
-0.930719,51,81.690169
-0.848002,51,81.71563
-0.97415,51,81.740985
-0.940214,50,81.765859
-0.867309,51,81.794177
-1.187329,51,81.820157
-0.84203,51,81.848681
-1.153197,51,81.874771
-0.786585,51,81.901516
-1.030208,51,81.927556
-1.139002,51,81.953387
-0.94551,51,81.978934
-0.856579,50,82.002216
-0.844811,51,82.027599
-1.139817,51,82.052818
-0.913611,51,82.077143
-0.763035,51,82.102781
-0.982803,51,82.126958
-0.857873,51,82.152482
-0.942482,51,82.178055
-0.815005,50,82.202116
-1.040895,51,82.227117
-0.919181,50,82.251611
-0.76657,51,82.275893
-1.14594,51,82.299625
-1.293943,51,82.325241
-0.946548,51,82.349286
-1.001506,51,82.374447
-0.890706,50,82.398596
-1.072865,51,82.655566
-1.147259,51,82.68043
-0.750826,51,82.704617
-0.979542,51,82.729695
-0.959551,51,82.7542
-0.865965,51,82.77886
-0.819357,51,82.804001
-0.875012,51,82.828476
-0.891262,51,82.853821
-1.099545,51,82.877886
-0.983816,50,82.902983
-0.927146,51,82.926825
-0.817934,51,82.95149
-0.763512,51,82.976353
-0.933889,51,83.001777
-0.916986,50,83.026686
-0.795248,51,83.05032
-1.13177,51,83.075765
-0.885606,51,83.101187
-1.03309,51,83.126504
-0.926516,51,83.151852
-0.984125,51,83.175388
-0.8297,51,83.200634
-1.109133,51,83.224152
-0.878937,51,83.249044
-0.944629,51,83.272809
-1.066398,51,83.298395
-0.906317,51,83.322308
-0.920439,51,83.347776
-1.025871,51,83.373247
-0.957979,51,83.39701
-0.921436,51,83.422496
-0.92954,51,83.446223
-0.961487,51,83.471792
-0.822014,50,83.495119
-0.916808,51,83.520185
-0.845278,51,83.54377
-0.81369,50,83.568785
-0.996703,51,83.592387
-0.788444,51,83.617622
-0.885136,51,83.641196
-0.841356,51,83.899847
-0.785742,51,83.92516
-0.971362,51,83.949877
-0.923849,50,83.97408
-0.883419,50,83.997225
-0.877273,51,84.022845
-0.885195,51,84.046972
-0.698357,50,84.07199
-0.939785,51,84.09588
-0.799715,51,84.121464
-1.095486,51,84.145209
-0.998279,51,84.170847
-0.755506,51,84.194812
-0.73035,51,84.22033
-0.90224,51,84.24407
-0.925549,51,84.269489
-0.846127,51,84.293159
-0.971129,51,84.31776
-0.767494,51,84.34231
-0.986676,50,84.367375
-0.826589,51,84.391115
-0.960905,50,84.415986
-0.938844,51,84.439928
-0.942408,51,84.46501
-0.871934,51,84.489371
-0.938433,51,84.514297
-0.838281,51,84.538084
-0.990936,50,84.563226
-1.10386,51,84.587034
-1.16019,51,84.612538
-0.911428,51,84.636714
-1.020467,51,84.661858
-0.888354,50,84.685189
-0.889873,51,84.744897
-1.18403,51,84.787609
-0.985126,51,84.81499
-0.911868,51,84.841751
-0.798516,51,84.867808
-0.956982,51,84.894571
-0.854459,51,84.919412
-0.897154,51,85.174745
-0.948232,51,85.19963
-0.93858,51,85.224515
-0.787496,51,85.249414
-0.771699,51,85.273773
-0.759463,50,85.296862
-0.826519,51,85.322413
-0.863055,50,85.346291
-0.998335,51,85.371402
-0.867867,51,85.395955
-1.046786,51,85.420554
-0.983207,50,85.443771
-1.115247,51,85.469304
-0.81646,51,85.493345
-0.921326,51,85.518757
-0.991388,50,85.541995
-0.824594,51,85.567345
-1.113754,51,85.591018
-0.914092,51,85.616402
-0.730648,51,85.639982
-0.869743,51,85.665285
-0.965501,51,85.688838
-1.015353,51,85.714393
-0.873927,51,85.73795
-0.751299,51,85.762458
-0.97758,51,85.787023
-0.868628,51,85.812207
-0.713505,51,85.836236
-0.917095,51,85.861878
-1.137433,51,85.885694
-0.989377,51,85.911296
-0.912227,51,85.935109
-0.882681,51,85.95994
-0.80558,51,85.984335
-1.167414,51,86.00946
-0.865716,51,86.033307
-0.823266,50,86.056899
-0.824719,50,86.081408
-1.029285,51,86.105815
-0.958603,51,86.130167
-1.008864,51,86.385587
-0.86301,51,86.410458
-0.763521,51,86.435327
-0.758887,50,86.459702
-0.975035,51,86.484369
-0.864304,51,86.508037
-0.869501,51,86.533632
-0.800159,50,86.557376
-0.774871,50,86.582249
-0.772927,50,86.605619
-0.864504,51,86.631236
-0.903231,51,86.655139
-0.888195,51,86.680709
-0.8214,51,86.704393
-0.754334,51,86.729917
-0.856618,51,86.753805
-0.853804,51,86.778683
-0.827731,51,86.802227
-0.815258,51,86.826863
-0.847596,51,86.850956
-0.824528,51,86.876173
-0.922261,51,86.899872
-0.978075,51,86.923883
-0.862742,51,86.948645
-0.811415,51,86.973138
-1.003208,51,86.99754
-0.895178,51,87.021329
-0.877309,51,87.046849
-0.86043,51,87.070896
-0.956828,51,87.096215
-1.013066,51,87.120606
-0.828951,50,87.144991
-1.230093,51,87.168719
-0.88799,51,87.194189
-0.809662,51,87.217736
-0.835131,51,87.24289
-0.873643,51,87.266795
-0.778493,50,87.291397
-0.789099,51,87.315824
-0.727312,51,87.340227
-0.933545,51,87.363794
-0.953123,51,87.620308
-0.738126,51,87.64595
-0.890156,51,87.671004
-0.833323,51,87.694867
-0.892332,51,87.720401
-1.032473,51,87.743977
-0.948568,51,87.769651
-0.820723,51,87.793831
-0.878328,50,87.818645
-0.80548,50,87.842087
-1.0275,51,87.867714
-0.818089,51,87.891446
-1.025817,51,87.916617
-1.057314,50,87.940118
-1.055463,51,87.96421
-0.906831,51,87.989378
-0.894171,51,88.013735
-0.914122,51,88.038223
-0.871391,51,88.063102
-0.86735,51,88.090048
-0.879507,50,88.115196
-0.875906,51,88.139661
-1.012505,51,88.163624
-0.845624,51,88.189022
-0.890184,51,88.212777
-0.88836,51,88.239978
-0.748354,51,88.264045
-0.715811,51,88.288766
-0.953721,51,88.313574
-0.755639,51,88.338411
-0.97649,51,88.36295
-0.910056,51,88.386721
-0.903017,51,88.412196
-0.864035,51,88.436166
-0.78975,51,88.461105
-0.735169,51,88.484787
-0.744888,50,88.510042
-1.100959,51,88.533658
-0.835832,50,88.558235
-0.897596,51,88.581904
-0.849432,50,88.836462
-0.998966,51,88.861848
-0.864923,51,88.885905
-0.919159,51,88.909792
-0.989485,51,88.934745
-0.878807,51,88.958945
-0.856198,50,88.983313
-0.961491,51,89.007023
-0.927541,51,89.032418
-0.965349,50,89.055736
-0.845912,50,89.080604
-1.122645,51,89.104277
-1.087392,51,89.128745
-1.004566,51,89.153512
-0.932722,51,89.178486
-0.795703,51,89.20268
-0.998014,51,89.22627
-0.985896,51,89.251605
-0.736739,51,89.275618
-0.772245,51,89.300455
-0.993803,51,89.323981
-0.987596,51,89.349281
-0.822082,50,89.372304
-0.815746,51,89.397483
-0.985309,51,89.42088
-0.802988,50,89.4459
-0.914463,51,89.469687
-0.896112,50,89.494044
-0.833615,51,89.518252
-0.936056,51,89.543411
-0.782105,51,89.567204
-0.874311,50,89.592205
-0.868505,51,89.616843
-0.849633,51,89.64213
-0.988875,51,89.666617
-0.923315,51,89.691771
-0.755271,51,89.716603
-0.771957,51,89.740464
-1.018657,51,89.764257
-0.848673,50,89.788963
-0.914292,50,90.041585
-0.778327,51,90.067215
-0.7737,51,90.091322
-0.900737,51,90.116342
-0.718053,51,90.139953
-0.869046,51,90.164643
-0.92714,51,90.188634
-1.009121,51,90.214011
-0.818752,51,90.23786
-0.679105,51,90.262055
-0.822148,51,90.287017
-0.74649,51,90.31162
-0.985706,51,90.336141
-0.737904,51,90.359792
-0.792883,50,90.384798
-0.881927,51,90.4086
-0.886663,51,90.433602
-0.890441,51,90.457079
-0.846013,51,90.481729
-0.836502,51,90.50583
-0.754361,51,90.530885
-1.007958,51,90.554579
-0.735849,51,90.578552
-0.844981,51,90.603326
-0.787845,50,90.626254
-1.062346,51,90.651565
-0.760369,50,90.674823
-0.988344,51,90.700146
-0.884794,51,90.724107
-0.779487,50,90.748788
-0.823841,51,90.772486
-0.989536,51,90.797839
-0.904834,51,90.821528
-0.784635,51,90.846673
-0.77426,51,90.870629
-0.78177,50,90.894182
-0.914377,51,90.9191
-0.785053,51,90.943453
-0.832385,51,90.967752
-0.761219,51,90.991218
-0.814015,51,91.246629
-0.873213,50,91.271287
-0.969854,51,91.295785
-0.769916,51,91.319443
-0.777615,51,91.34499
-0.822727,51,91.368764
-0.992209,51,91.392823
-0.672245,51,91.417581
-0.836553,51,91.442371
-0.879063,51,91.466824
-0.832886,51,91.490413
-0.711889,51,91.515956
-0.695053,51,91.539939
-0.878304,51,91.565211
-0.959298,51,91.588882
-0.822853,50,91.613091
-0.880217,51,91.637257
-0.749395,51,91.662144
-0.957766,51,91.685758
-0.721418,51,91.709674
-0.97668,51,91.734455
-0.85381,51,91.757896
-1.15635,51,91.78314
-0.727511,50,91.806101
-1.082838,51,91.831282
-0.787925,51,91.854699
-0.831181,51,91.879004
-0.682902,51,91.903732
-0.96285,51,91.928442
-0.715256,50,91.952455
-0.741664,51,91.976185
-0.782534,50,92.001071
-0.7693,51,92.02527
-0.77511,51,92.05034
-0.900472,51,92.073878
-0.858041,51,92.09846
-0.613284,51,92.122471
-0.726216,51,92.147635
-0.758861,50,92.170876
-0.934269,51,92.194927
-0.820587,50,92.219136
-0.948877,50,92.475685
-0.7981,51,92.499529
-0.850494,50,92.523683
-0.80542,50,92.548256
-0.744556,51,92.571917
-0.78642,51,92.597237
-0.756407,50,92.620281
-0.911218,51,92.645705
-0.842823,51,92.669522
-0.846465,51,92.694024
-0.828104,51,92.718945
-0.920299,51,92.743706
-0.853112,51,92.768109
-0.936166,51,92.793316
-0.853916,51,92.817363
-0.840111,51,92.84143
-0.887639,51,92.866409
-0.688152,50,92.889514
-0.837541,50,92.913817
-0.753225,51,92.937799
-1.070319,51,92.963008
-0.835743,51,92.986584
-0.921087,51,93.010722
-0.710508,51,93.035415
-0.86647,51,93.05986
-0.77256,51,93.084323
-0.890477,51,93.108119
-0.813604,51,93.133626
-0.852887,51,93.157713
-1.069415,51,93.182977
-0.69621,51,93.206747
-1.034999,51,93.232233
-1.055811,51,93.258173
-0.828934,51,93.283862
-0.846424,51,93.308721
-0.798745,51,93.333202
-0.708436,50,93.358265
-0.785632,51,93.389903
-0.711853,51,93.424664
-0.762011,51,93.458499
-0.90027,51,93.765714
-0.880612,51,93.791203
-0.85977,51,93.817545
-1.034317,51,93.843545
-0.876106,51,93.87023
-0.795611,51,93.895023
-0.770454,51,93.918892
-0.670809,51,93.944172
-0.709697,51,93.968129
-0.787376,51,93.993731
-0.925491,51,94.017569
-0.987702,51,94.04218
-0.87705,51,94.067012
-0.752924,51,94.091846
-0.892429,51,94.116262
-0.879901,51,94.141535
-0.869787,51,94.165512
-0.831141,50,94.190556
-0.745256,51,94.215984
-0.749376,50,94.241334
-0.654915,51,94.266846
-0.898136,51,94.292304
-0.895372,51,94.317676
-0.829751,51,94.343114
-0.784939,51,94.36846
-0.86111,51,94.39393
-0.770414,51,94.419599
-0.947724,51,94.445437
-0.893061,51,94.471052
-0.921692,51,94.496533
-0.718647,50,94.521735
-0.7931,51,94.547167
-0.915389,51,94.57278
-0.921866,51,94.598212
-0.856821,50,94.623118
-0.866631,50,94.64837
-0.759217,51,94.673749
-0.708179,50,94.698674
-1.052606,51,94.72406
-1.061703,51,94.749275
-0.949642,51,95.017643
-0.684413,51,95.043632
-0.823353,51,95.069282
-0.8396,51,95.094753
-0.803681,51,95.121604
-0.71093,51,95.14931
-0.829216,51,95.174857
-0.794013,51,95.20038
-0.971147,51,95.225451
-0.782251,51,95.250995
-0.815067,51,95.276437
-0.837171,51,95.301847
-0.812832,51,95.327333
-0.928529,51,95.352887
-0.832749,51,95.378336
-0.69522,51,95.403752
-0.888711,51,95.429066
-0.791324,51,95.454486
-0.728967,51,95.479726
-0.75426,51,95.504918
-0.759968,51,95.530113
-0.802236,51,95.555497
-0.786906,51,95.580692
-0.875894,51,95.604669
-0.733378,51,95.629362
-0.709915,50,95.652362
-0.816749,51,95.677429
-0.847729,51,95.701582
-0.897154,50,95.725134
-0.857337,51,95.750304
-1.002262,51,95.774677
-0.863313,51,95.799516
-0.714083,51,95.824245
-0.672062,51,95.848435
-0.805142,50,95.873085
-0.853941,50,95.89621
-0.721964,51,95.92034
-0.789412,51,95.944926
-0.812723,51,95.970361
-0.927532,51,95.993821
-0.811797,51,96.024037
-0.839873,50,96.282537
-0.777289,50,96.306362
-0.913114,51,96.331863
-0.76726,51,96.356001
-0.962933,51,96.381047
-0.829479,51,96.40546
-0.883665,51,96.430171
-0.770202,51,96.455594
-0.735521,50,96.4787
-0.894376,51,96.504198
-0.898513,51,96.528198
-0.939435,51,96.553785
-0.837559,51,96.577565
-1.020353,51,96.603238
-0.719669,51,96.627021
-0.92138,50,96.652102
-0.875428,51,96.675828
-0.723167,51,96.701209
-0.896923,51,96.725054
-0.954878,51,96.749941
-0.785242,51,96.773421
-0.791942,51,96.798696
-0.73445,51,96.822196
-0.945144,51,96.847448
-0.711859,51,96.872629
-0.818504,51,96.896583
-0.732087,51,96.921807
-0.824647,51,96.946174
-0.802363,51,96.970984
-0.869885,51,96.995747
-0.85034,51,97.020192
-0.710868,50,97.045122
-0.934738,51,97.070372
-0.72874,51,97.09411
-0.853257,51,97.119345
-0.949507,51,97.144565
-0.879162,51,97.168093
-1.026537,51,97.193325
-0.702831,51,97.218497
-0.786299,51,97.241973
-0.866179,51,97.517884
-0.840889,51,97.544599
-0.665107,51,97.570443
-0.813077,51,97.594496
-0.79281,51,97.619986
-0.688097,51,97.643618
-0.74622,50,97.668622
-0.647882,51,97.694076
-0.678077,51,97.718895
-0.900273,51,97.743385
-0.76155,51,97.768637
-0.719983,51,97.792735
-0.795542,51,97.820165
-0.939972,51,97.848692
-0.815089,51,97.875322
-0.866003,51,97.901102
-0.813184,51,97.925164
-0.864141,51,97.950778
-0.680845,50,97.975802
-0.957347,51,97.999292
-0.790984,51,98.024547
-0.717247,51,98.048163
-0.736405,51,98.073428
-0.909169,51,98.096963
-0.762443,51,98.121891
-0.674196,51,98.145616
-0.819079,50,98.170551
-0.72339,51,98.194187
-0.796438,51,98.220808
-0.922611,51,98.247019
-0.915449,51,98.272747
-0.734926,51,98.296805
-0.759441,50,98.322007
-0.950312,51,98.345711
-0.834521,51,98.371277
-0.638274,51,98.395433
-0.843448,51,98.420579
-0.926622,51,98.445012
-0.792572,51,98.469674
-0.694939,51,98.494463
-0.77965,51,98.753084
-0.826575,51,98.777371
-0.738554,51,98.802761
-0.888268,51,98.826493
-0.757826,51,98.852014
-0.764738,51,98.875661
-0.699336,51,98.900988
-0.758207,51,98.924547
-0.784801,50,98.949452
-0.84327,51,98.97333
-0.826006,51,98.998357
-0.762069,51,99.022935
-0.800042,51,99.047693
-0.725155,51,99.072661
-0.726046,51,99.096923
-0.737866,50,99.120373
-0.757096,51,99.145938
-0.934613,51,99.171502
-0.759199,51,99.195294
-0.742289,51,99.220573
-0.73344,51,99.245836
-0.699886,51,99.269438
-0.992572,51,99.294514
-0.933813,51,99.318385
-0.887901,51,99.343539
-0.780249,51,99.367366
-0.881616,51,99.39275
-0.888779,51,99.416503
-0.858127,51,99.442081
-0.735016,51,99.520523
-0.782685,51,99.549586
-0.878018,51,99.576767
-0.750851,50,99.603723
-0.723077,51,99.630764
-0.80027,51,99.654734
-0.792793,51,99.680201
-0.863574,51,99.703985
-1.104617,51,99.72863
-0.757639,51,99.753087
-0.65983,51,99.778088
-0.734298,51,100.036544
-0.672964,51,100.061035
-0.773935,51,100.086109
-0.769101,51,100.110682
-0.876538,51,100.135335
-0.747001,50,100.16
-0.746887,51,100.184167
-0.655496,51,100.20953
-0.699803,51,100.233125
-0.858022,51,100.258366
-0.8714,51,100.282234
-0.764078,50,100.307333
-0.770837,51,100.331036
-0.792764,51,100.356285
-1.003706,51,100.380427
-0.801916,51,100.405925
-0.795435,51,100.429604
-0.694955,51,100.455036
-0.751927,50,100.479182
-1.048681,51,100.503824
-0.800814,51,100.527467
-0.779439,51,100.552804
-0.711408,51,100.57664
-0.731731,51,100.601837
-0.864956,51,100.625878
-0.836576,50,100.650352
-0.674742,51,100.674131
-0.848381,51,100.699605
-0.820066,51,100.723541
-0.797138,50,100.748617
-0.854204,51,100.772747
-0.842531,51,100.797874
-0.838255,51,100.822543
-0.907518,51,100.847205
-0.917672,51,100.871976
-0.809996,50,100.895588
-0.723139,51,100.919296
-0.783635,51,100.944391
-0.715578,51,100.968513
-0.78955,51,100.99325
-0.792219,51,101.248607
-0.861992,51,101.274719
-0.800183,51,101.298879
-0.806571,51,101.324198
-0.834041,51,101.347978
-0.882293,51,101.373423
-0.773096,51,101.397141
-0.726701,51,101.422538
-0.859132,51,101.446172
-0.744531,51,101.471429
-0.687602,50,101.495119
-1.065945,51,101.520208
-0.715838,51,101.544068
-0.823192,51,101.569685
-0.638292,51,101.593451
-0.848172,51,101.61894
-0.743004,51,101.642824
-0.713278,51,101.668265
-0.783109,51,101.692181
-0.706741,51,101.71766
-0.654697,51,101.74127
-0.895867,51,101.766675
-0.808505,51,101.790318
-0.884959,51,101.815596
-0.685796,51,101.839106
-0.910757,51,101.864519
-0.801003,51,101.888295
-0.696291,51,101.913855
-0.810588,50,101.937256
-0.749799,50,101.962289
-0.753678,50,101.985551
-0.854456,51,102.011059
-0.90969,51,102.034947
-0.673412,51,102.060155
-0.788788,50,102.084026
-0.617157,51,102.108742
-0.782129,50,102.131915
-0.783954,51,102.157369
-0.781233,51,102.180928
-0.775709,50,102.205704
-0.865613,51,102.229732
-0.80545,51,102.49531
-0.938596,51,102.521358
-1.089125,51,102.54724
-0.740172,51,102.572961
-0.739098,51,102.598501
-0.826685,51,102.624279
-0.756747,51,102.649833
-0.77336,50,102.674981
-0.807567,51,102.700444
-0.791723,51,102.725785
-0.738125,51,102.751792
-0.741327,51,102.777555
-0.731033,50,102.802676
-0.742209,51,102.828225
-0.948047,51,102.853893
-0.92226,51,102.879487
-0.694547,51,102.904817
-0.850376,51,102.930446
-0.793223,51,102.955931
-0.753572,51,102.981175
-0.980659,51,103.006582
-0.735187,50,103.031419
-0.833408,51,103.056678
-0.823218,51,103.081955
-0.975066,51,103.109856
-0.692049,51,103.135934
-0.70158,51,103.161759
-0.699382,51,103.187389
-0.92222,51,103.213026
-0.810061,51,103.238526
-0.910592,51,103.264045
-1.050859,51,103.289576
-0.788159,50,103.314453
-0.888259,51,103.339793
-0.880246,51,103.365161
-0.768563,51,103.39056
-0.854074,51,103.415797
-0.673081,51,103.441044
-0.761379,51,103.466409
-0.821491,51,103.491695
-0.839471,51,103.75636
-0.777838,51,103.781992
-0.709921,51,103.807538
-0.917018,51,103.833631
-0.768252,50,103.858637
-0.732622,51,103.88398
-0.815993,51,103.909324
-0.910753,51,103.934784
-0.778728,51,103.960217
-0.826083,51,103.985462
-0.891431,51,104.010833
-0.83151,51,104.036338
-0.762723,50,104.061464
-0.863131,51,104.087022
-0.896853,51,104.112539
-0.828257,51,104.138024
-0.679393,50,104.163116
-0.773005,50,104.188154
-0.801147,51,104.213712
-0.720661,51,104.239048
-0.694393,51,104.264388
-0.780863,51,104.289617
-0.91327,51,104.314901
-0.794217,51,104.340134
-0.736149,51,104.365672
-0.78259,51,104.391045
-0.773094,51,104.41631
-0.795219,51,104.441734
-0.811954,51,104.467043
-0.883049,51,104.492416
-0.769734,51,104.51772
-0.76604,50,104.542592
-1.051198,51,104.567968
-0.889504,51,104.593428
-0.736264,51,104.618684
-0.74637,50,104.644143
-0.680386,51,104.67015
-0.76294,51,104.695663
-0.89749,51,104.721198
-0.902126,51,104.746738
-0.683653,51,105.009937
-0.813906,51,105.035808
-0.721629,51,105.061458
-0.914122,51,105.087155
-0.698756,51,105.112773
-1.018088,51,105.138143
-0.808717,51,105.163654
-0.796025,51,105.1874
-0.86783,51,105.212866
-0.912711,50,105.23643
-0.836201,50,105.261032
-0.74928,51,105.285501
-0.829606,51,105.310276
-0.708222,51,105.335903
-0.900399,51,105.359872
-0.681804,51,105.385067
-0.790233,51,105.409024
-0.726497,51,105.434455
-0.868366,51,105.458809
-0.813122,51,105.483937
-0.757238,50,105.507198
-0.879702,51,105.532011
-0.843243,51,105.556652
-0.678268,51,105.5819
-0.734516,51,105.607288
-0.781034,51,105.63117
-0.867392,51,105.65673
-0.768591,50,105.680742
-0.85557,51,105.705597
-0.696984,50,105.728817
-0.813343,51,105.754335
-0.799534,50,105.777676
-0.684136,51,105.803129
-0.705138,50,105.828001
-0.776305,51,105.851577
-0.802983,51,105.876834
-0.693858,51,105.901649
-0.856997,50,105.92543
-0.772628,50,105.950384
-0.76135,51,105.975666
-0.71779,51,105.999206
-0.844623,51,106.261313
-0.810636,51,106.288458
-0.830734,51,106.314904
-0.893648,51,106.3408
-0.791511,51,106.366418
-0.74914,51,106.391976
-0.764245,50,106.416899
-0.847593,51,106.442258
-0.959459,51,106.467778
-0.922904,51,106.493214
-0.892935,51,106.519414
-0.770695,50,106.544489
-0.761784,51,106.570348
-0.891587,51,106.595953
-0.783232,51,106.621459
-0.794127,51,106.647019
-0.833044,51,106.672641
-0.690277,51,106.696535
-0.953567,51,106.721837
-0.940165,51,106.746083
-0.826246,51,106.770902
-0.705504,51,106.794562
-0.774599,51,106.819857
-0.773962,51,106.844954
-0.705762,50,106.86838
-0.632668,51,106.893816
-0.711573,50,106.918769
-0.730503,51,106.942431
-0.684248,51,106.967822
-0.822613,51,106.991458
-0.788062,51,107.019073
-0.653977,51,107.04483
-0.670876,51,107.070396
-0.707054,51,107.095826
-0.736103,51,107.121159
-0.786339,51,107.146541
-0.661037,50,107.170021
-0.826498,51,107.195155
-0.676519,51,107.220585
-0.792829,51,107.245806
-0.818712,51,107.511961
-0.742524,51,107.539501
-0.776865,51,107.56544
-0.775337,51,107.591141
-0.739086,51,107.617789
-0.942,51,107.643706
-0.755908,51,107.669261
-0.765011,51,107.6949
-0.769467,51,107.71875
-0.676922,51,107.744127
-0.777432,51,107.767722
-0.745367,51,107.792965
-0.820684,51,107.816828
-0.755696,51,107.842378
-0.656873,51,107.867875
-0.767747,51,107.891823
-0.791755,51,107.917145
-0.742499,50,107.940532
-0.821857,51,107.965959
-0.716696,51,107.989661
-0.760918,51,108.015225
-0.801886,51,108.038805
-0.842841,51,108.064169
-0.948317,51,108.0881
-0.871862,51,108.113264
-0.919107,51,108.137056
-0.807145,51,108.162594
-0.714593,51,108.188326
-0.707187,50,108.213974
-0.72045,51,108.239777
-0.821867,51,108.264473
-0.780247,50,108.28954
-0.808594,51,108.313682
-0.857956,51,108.339248
-0.737754,51,108.363409
-0.802861,51,108.388365
-0.813792,51,108.41391
-0.634963,51,108.438766
-0.71476,51,108.46258
-0.751695,51,108.48786
-0.682942,51,108.744249
-0.638229,51,108.768169
-0.704727,50,108.792487
-0.779706,50,108.816555
-0.639937,51,108.841729
-0.698254,51,108.865638
-0.669604,51,108.891073
-0.805991,50,108.914363
-0.9082,51,108.939745
-0.865532,51,108.963302
-0.705644,51,108.988049
-0.877322,51,109.012228
-0.726751,51,109.037295
-0.7058,51,109.061229
-0.763523,51,109.086597
-0.754376,51,109.110431
-0.667898,51,109.136005
-0.774089,51,109.160799
-0.845095,50,109.184865
-0.766281,51,109.210275
-0.72108,51,109.23408
-0.72928,50,109.258961
-0.791459,51,109.283017
-0.786661,51,109.307627
-0.670706,51,109.332289
-0.957175,51,109.356882
-0.846176,51,109.381958
-0.708764,50,109.406291
-0.656932,51,109.431928
-0.830215,51,109.455775
-0.674519,51,109.479973
-0.797997,51,109.504822
-0.684358,51,109.529367
-0.736154,51,109.553663
-0.817682,51,109.578512
-0.746847,51,109.6024
-0.864318,51,109.627803
-0.92137,51,109.651292
-0.769243,51,109.675474
-0.827464,51,109.699942
-0.718317,51,109.962304
-0.632973,51,109.988267
-0.774544,51,110.018773
-0.657878,51,110.044991
-0.747109,51,110.070458
-0.867338,51,110.096074
-0.783416,51,110.121512
-0.843611,51,110.146981
-0.818295,51,110.172516
-0.672404,51,110.197982
-0.894733,51,110.223481
-0.784147,51,110.248869
-0.808326,51,110.274254
-0.845567,51,110.299507
-0.827179,51,110.325023
-0.807812,51,110.350627
-0.747098,51,110.376089
-0.939268,50,110.401219
-0.93253,51,110.42671
-0.800531,51,110.452171
-0.770982,50,110.477205
-0.861858,51,110.502571
-0.797656,51,110.527799
-0.750993,51,110.552978
-0.891653,51,110.578269
-0.737797,51,110.603742
-0.733153,51,110.629071
-0.786563,51,110.654425
-0.73086,51,110.679847
-0.812421,51,110.705283
-0.883305,51,110.73072
-0.74785,50,110.755692
-0.707912,50,110.780638
-0.914567,51,110.805986
-0.735968,51,110.831272
-0.832899,51,110.856645
-0.720709,51,110.881912
-0.742968,51,110.907165
-0.945411,51,110.932531
-0.690612,51,110.957981
-0.823779,51,110.983402
-0.695117,50,111.253538
-0.740826,50,111.278647
-0.785528,51,111.304274
-0.682282,51,111.329647
-0.697536,51,111.355065
-0.636913,51,111.380408
-0.704978,51,111.405768
-0.883675,51,111.431161
-0.702071,50,111.456036
-0.766111,51,111.481319
-0.692481,51,111.506607
-0.741713,50,111.531433
-0.953484,51,111.556688
-0.828122,51,111.581951
-0.811607,51,111.607812
-0.807533,51,111.63324
-0.905991,51,111.658612
-0.798001,51,111.684132
-0.742843,51,111.709693
-0.800954,51,111.735177
-0.915448,51,111.760653
-0.716279,51,111.786093
-0.830618,51,111.81151
-0.811572,51,111.836656
-0.71005,50,111.861754
-0.71386,51,111.887261
-0.917281,51,111.912672
-0.745998,51,111.938133
-0.875324,51,111.963532
-0.742793,51,111.98895
-0.632492,51,112.014296
-0.766486,51,112.039777
-0.741125,51,112.065145
-0.766182,51,112.090438
-0.851126,51,112.117967
-0.873443,51,112.144827
-0.69822,50,112.170365
-0.817196,51,112.195984
-0.706841,50,112.221085
-0.691134,51,112.246477
-0.835685,51,112.512211
-0.805253,51,112.537794
-0.69361,51,112.563373
-0.776218,51,112.588848
-0.815664,51,112.614359
-0.652961,50,112.639355
-0.929366,51,112.664586
-0.879676,51,112.689918
-0.861401,51,112.715195
-0.789936,51,112.740405
-0.691104,51,112.765701
-0.748118,51,112.791082
-0.815262,51,112.816344
-0.658665,51,112.841502
-0.82412,51,112.866705
-0.788692,51,112.890619
-0.843229,51,112.914607
-0.700265,51,112.939437
-0.748846,51,112.962958
-0.733324,51,112.987852
-0.760896,50,113.011557
-0.710746,50,113.03512
-0.788978,51,113.060314
-0.787937,51,113.083791
-0.820855,50,113.107953
-0.745871,51,113.132485
-0.849892,51,113.156144
-0.694762,51,113.181578
-0.695483,51,113.205541
-0.704287,50,113.230263
-0.72715,50,113.253556
-0.727341,51,113.278274
-0.809386,51,113.302634
-0.765253,51,113.327641
-0.850404,51,113.351339
-0.799758,51,113.37526
-0.799279,51,113.400093
-0.732755,51,113.423573
-0.786838,50,113.448413
-0.757106,51,113.471829
-0.794627,51,113.782297
-0.85988,51,113.807792
-0.758231,51,113.834085
-0.862029,51,113.860892
-0.779766,51,113.886096
-0.767777,51,113.90999
-0.72049,51,113.935629
-0.700185,51,113.959441
-0.706564,51,113.985095
-0.774638,51,114.009092
-0.769396,50,114.03389
-0.911007,51,114.057638
-0.738024,51,114.083176
-0.723146,51,114.106818
-0.860094,50,114.131811
-0.814549,51,114.157342
-0.835557,51,114.182949
-0.644378,51,114.208576
-0.824412,51,114.234147
-0.691859,51,114.259801
-0.708184,50,114.28502
-0.754686,51,114.310542
-0.707626,51,114.336344
-0.751767,51,114.362072
-0.869108,50,114.386957
-0.795097,51,114.412561
-0.820586,51,114.438141
-0.723681,51,114.463806
-0.791088,51,114.487743
-0.958317,51,114.512915
-0.712237,51,114.537284
-0.741967,51,114.5627
-0.767516,51,114.586653
-0.748951,51,114.611998
-0.78857,51,114.635609
-0.768923,51,114.660176
-0.953539,51,114.684457
-0.765461,51,114.709459
-0.732681,51,114.733358
-0.765882,51,114.7586
-0.754623,51,115.011186
-0.760919,51,115.03558
-0.845407,51,115.059946
-0.67758,51,115.085252
-0.855235,51,115.109862
-0.889814,51,115.134721
-0.810922,51,115.159574
-0.839624,51,115.183919
-0.863615,51,115.207761
-0.845944,51,115.233346
-0.739306,51,115.257401
-0.848768,50,115.282118
-0.635614,51,115.306608
-0.746206,51,115.331244
-0.701883,51,115.356687
-0.697664,51,115.381548
-0.790471,51,115.405869
-0.785906,51,115.429936
-0.726767,50,115.455083
-0.731093,51,115.479404
-0.726304,51,115.504525
-0.786094,51,115.529216
-0.800756,51,115.553783
-0.850174,51,115.577697
-0.6217,51,115.603113
-0.697401,51,115.627217
-0.903734,51,115.652816
-0.744168,51,115.677236
-0.739359,51,115.702531
-0.740559,51,115.72722
-0.845671,51,115.752123
-1.035113,51,115.77721
-0.850602,51,115.801763
-0.763024,51,115.825643
-0.710445,51,115.851077
-0.786911,51,115.875134
-0.699912,51,115.900153
-0.989159,51,115.924642
-0.937626,51,115.949324
-0.631595,51,115.972984
-0.63477,50,115.997981
-0.768045,50,116.253138
-0.835956,50,116.277424
-0.658752,51,116.301139
-0.71942,51,116.32671
-0.749619,51,116.35057
-0.738937,51,116.375849
-0.762535,51,116.4
-0.848976,51,116.424968
-0.805769,51,116.448643
-0.783956,50,116.473576
-0.733781,51,116.497255
-0.734245,51,116.522632
-0.785859,50,116.546087
-0.782727,51,116.571049
-0.681504,51,116.594564
-0.775479,50,116.619527
-0.831712,51,116.643435
-0.725296,50,116.66832
-0.730039,50,116.691983
-0.954251,51,116.717545
-0.882224,51,116.741419
-0.712143,51,116.766955
-0.674518,51,116.79069
-0.7211,50,116.815684
-1.236498,51,116.839303
-0.849865,51,116.864902
-0.77269,50,116.888291
-0.71446,51,116.913769
-0.752451,51,116.937558
-0.767626,51,116.962386
-0.727924,51,116.986808
-0.743553,51,117.012046
-0.904538,51,117.036085
-0.776143,51,117.061481
-0.792013,51,117.085044
-0.730963,51,117.109313
-0.868992,51,117.133961
-0.717857,51,117.158692
-0.731236,51,117.182947
-0.731573,51,117.207956
-0.724304,50,117.462485
-0.759999,51,117.48641
-0.747672,50,117.511173
-0.777542,51,117.535072
-0.761195,51,117.560557
-0.747312,51,117.58426
-0.740053,51,117.609663
-0.767289,50,117.63531
-0.815004,50,117.658832
-0.686873,51,117.684482
-0.844265,51,117.70812
-0.685748,51,117.733384
-0.807035,51,117.757061
-0.774908,51,117.782419
-0.740554,51,117.806059
-0.661122,51,117.830431
-0.668449,51,117.854789
-0.740822,51,117.879895
-0.68794,51,117.903926
-0.654042,51,117.927865
-0.712578,51,117.953064
-0.760958,50,117.976886
-0.846248,51,118.001739
-0.840201,51,118.026419
-0.717852,51,118.050685
-0.665598,50,118.074015
-0.700001,51,118.099354
-0.927837,51,118.123382
-0.897794,51,118.148309
-0.797224,51,118.17271
-0.758718,51,118.197276
-0.698682,50,118.220476
-0.752613,51,118.245904
-0.724983,51,118.269676
-0.731903,50,118.294259
-0.740765,50,118.317399
-0.768034,51,118.342632
-0.68637,51,118.366062
-0.908045,51,118.391299
-0.649775,51,118.414766
-0.725343,51,118.671619
-0.815371,51,118.696776
-0.822265,51,118.721188
-0.750724,50,118.745965
-0.710587,51,118.769755
-0.761749,51,118.793906
-0.835949,51,118.818781
-0.696784,51,118.84331
-0.706669,51,118.867696
-0.781896,51,118.891114
-0.743707,51,118.91628
-0.921445,51,118.939785
-0.903801,51,118.964919
-0.773461,50,118.988059
-0.795087,51,119.01253
-0.840564,51,119.03664
-0.792694,51,119.061485
-0.815062,51,119.08539
-0.752452,51,119.109438
-0.893344,51,119.134377
-0.686976,51,119.15875
-0.692468,51,119.183353
-0.779478,51,119.206992
-0.8866,51,119.23246
-0.838611,51,119.256014
-0.862915,51,119.281174
-0.806684,51,119.305489
-0.790774,50,119.329771
-0.656461,51,119.353427
-0.721568,51,119.378752
-0.681858,51,119.402454
-0.705954,50,119.427296
-0.748737,50,119.450402
-0.772442,51,119.475607
-0.737828,51,119.499014
-0.678218,51,119.523788
-0.789089,51,119.547575
-0.743617,51,119.572668
-0.913271,51,119.595997
-0.790244,51,119.619967
-0.749193,51,119.644492
-0.715824,51,119.898112
-0.750021,51,119.922041
-0.684606,51,119.947394
-0.712322,51,119.971127
-0.658626,51,119.996221
-0.689585,51,120.019954
-0.826537,51,120.045185
-0.689817,50,120.068431
-0.751003,50,120.09247
-0.816358,51,120.116787
-0.790096,51,120.14187
-0.876303,51,120.165805
-0.733974,51,120.189614
-0.764802,51,120.214537
-0.758108,51,120.237922
-0.847356,51,120.263079
-0.77459,51,120.286465
-0.687503,51,120.311695
-0.794363,51,120.335453
-0.764649,51,120.360966
-0.734626,51,120.384686
-0.841708,51,120.41021
-0.963279,51,120.433973
-0.810493,51,120.459431
-0.802512,51,120.482932
-0.829708,51,120.508344
-0.756791,51,120.532007
-0.711831,51,120.557347
-0.769761,50,120.580514
-0.850331,51,120.605279
-0.690595,50,120.62903
-0.794525,51,120.654468
-0.814294,51,120.678487
-0.825213,51,120.703879
-0.97618,51,120.727407
-0.807575,50,120.752248
-0.866403,51,120.775697
-0.793218,51,120.800605
-0.742106,51,120.824318
-0.704825,51,120.849502
-0.673309,51,121.101917
-0.79051,51,121.127534
-0.860019,51,121.151303
-0.656099,51,121.175488
-0.689309,51,121.200428
-0.748489,51,121.225822
-0.828641,51,121.250548
-0.728856,51,121.274661
-0.666926,51,121.300006
-0.869724,50,121.323338
-0.764823,51,121.34863
-0.822991,51,121.374019
-0.792866,51,121.399289
-0.70519,51,121.423642
-0.819885,51,121.447956
-0.712134,51,121.473462
-0.838672,51,121.497109
-0.837473,51,121.522247
-0.73434,51,121.547773
-0.837531,51,121.571508
-0.87161,50,121.596551
-0.645489,51,121.621097
-0.680571,51,121.64557
-0.714519,51,121.669285
-0.754685,51,121.694628
-0.87288,51,121.7186
-0.847515,51,121.743872
-0.685054,51,121.768175
-0.663158,51,121.792965
-0.700569,51,121.816774
-0.733862,51,121.841773
-0.809402,51,121.865939
-0.678321,51,121.891424
-0.645556,50,121.914696
-0.99652,51,121.940016
-0.824247,50,121.963006
-0.744381,51,121.987642
-0.705537,51,122.01179
-0.858738,50,122.036449
-0.717782,51,122.060015
-0.755678,50,122.313022
-0.68386,51,122.338593
-0.825195,50,122.361807
-0.699679,51,122.38731
-0.642812,51,122.410898
-0.886612,51,122.435818
-0.624239,51,122.459928
-0.837635,51,122.485307
-0.653721,51,122.508942
-0.739692,51,122.534217
-0.738726,51,122.557843
-0.695687,51,122.583094
-0.843103,51,122.608498
-0.732771,50,122.633542
-0.741088,51,122.657814
-0.708271,51,122.681389
-0.780088,51,122.70663
-0.835722,51,122.730088
-0.798583,51,122.755231
-0.807082,50,122.778567
-0.678396,50,122.803471
-1.00298,51,122.827252
-0.769334,51,122.852589
-0.802066,51,122.876586
-0.719428,50,122.901087
-0.720422,51,122.924477
-0.691387,51,122.950219
-0.819829,50,122.973514
-0.729069,51,122.998996
-0.842509,51,123.022919
-0.712054,51,123.048339
-0.804466,51,123.072054
-0.880147,51,123.097396
-0.757334,51,123.121118
-0.684768,51,123.146335
-0.737474,51,123.169685
-0.762071,51,123.195109
-0.790748,51,123.218571
-0.758196,51,123.24374
-0.806059,51,123.267212
-0.757773,51,123.520997
-0.768859,51,123.546374
-0.909529,51,123.570935
-0.788535,50,123.595194
-0.697973,51,123.618828
-0.76849,51,123.644061
-0.708808,50,123.667341
-0.726732,51,123.69257
-0.619918,51,123.716097
-0.747941,51,123.740528
-0.734579,51,123.764973
-0.771401,51,123.789778
-0.760086,51,123.813727
-0.909529,51,123.837554
-0.737916,51,123.862739
-0.878087,51,123.886915
-0.790353,51,123.911536
-0.70118,51,123.935141
-0.760549,51,123.960355
-0.754456,51,123.983806
-0.736979,51,124.0091
-0.733703,51,124.032844
-0.853679,51,124.058134
-0.904362,51,124.08176
-0.728409,51,124.107041
-0.944083,51,124.130629
-0.812373,51,124.156098
-0.853652,51,124.18014
-0.840147,51,124.205333
-0.822908,51,124.229517
-0.794326,51,124.254512
-0.699415,50,124.279443
-0.696689,51,124.303133
-0.755176,51,124.328318
-0.850056,51,124.352321
-0.693163,51,124.377522
-0.849392,51,124.400966
-0.770025,51,124.425177
-0.738121,50,124.449199
-0.680967,51,124.473898
-0.738186,51,124.497945
-0.840798,51,124.751531
-0.820531,50,124.776515
-0.796434,51,124.80014
-0.84732,51,124.825523
-0.795153,51,124.849159
-0.65781,51,124.874555
-0.660586,51,124.897964
-0.794804,51,124.922533
-0.797273,51,124.946594
-0.766729,51,124.971672
-0.715136,51,124.995252
-0.70028,51,125.01919
-0.799089,50,125.043524
-0.640554,51,125.068137
-0.834651,51,125.092356
-0.834805,51,125.117333
-0.706794,50,125.143719
-0.810509,51,125.167608
-0.752005,51,125.19335
-0.730986,51,125.217386
-0.816387,50,125.242136
-0.722561,51,125.266706
-0.688936,50,125.291107
-0.724589,51,125.314887
-0.686304,51,125.340251
-0.659021,51,125.364147
-0.652251,51,125.38991
-0.850441,51,125.413885
-0.757332,51,125.438427
-0.829424,51,125.463363
-0.840495,50,125.487748
-0.715631,50,125.511788
-0.823032,51,125.535541
-0.886857,51,125.56101
-0.72996,50,125.584689
-0.771488,51,125.60952
-0.765442,51,125.632984
-0.714534,51,125.658158
-0.778406,51,125.681535
-0.81315,51,125.70689
-0.891497,50,125.964087
-0.697067,51,125.988982
-0.689523,51,126.013689
-0.680579,50,126.038388
-0.606128,50,126.06201
-0.79382,51,126.085934
-0.718825,51,126.11112
-0.653776,51,126.134781
-0.721184,51,126.160273
-0.70685,51,126.183879
-0.739314,51,126.208994
-0.700553,51,126.232935
-0.868807,51,126.258201
-0.704658,51,126.281758
-0.899217,51,126.306042
-0.74903,51,126.330515
-0.851388,51,126.355247
-0.756237,51,126.379421
-0.839494,50,126.40418
-0.722887,50,126.427153
-0.813862,51,126.45263
-0.791531,51,126.476443
-0.733349,51,126.501072
-0.85656,51,126.525683
-0.676148,51,126.550768
-0.735428,50,126.574436
-0.690548,51,126.599953
-0.875623,51,126.62403
-0.837944,51,126.648553
-0.880566,50,126.672941
-0.783653,51,126.697713
-0.809909,51,126.722215
-0.826253,50,126.74699
-0.808417,51,126.77088
-0.724289,51,126.794984
-0.695554,51,126.819884
-0.808849,51,126.843289
-0.734829,51,126.868531
-0.761169,51,126.891988
-0.838266,50,126.916741
-0.790607,51,127.171405
-0.672642,51,127.195483
-0.864894,51,127.221016
-0.724259,51,127.245168
-0.832623,51,127.269512
-0.813167,51,127.2948
-0.761657,51,127.319429
-0.827908,51,127.344418
-0.773463,51,127.368097
-0.804587,51,127.393669
-0.670912,50,127.416854
-0.868005,51,127.442162
-0.776948,51,127.46603
-0.74694,50,127.491133
-0.758633,51,127.514894
-0.748668,51,127.539612
-0.690394,51,127.563929
-0.656417,51,127.589113
-0.926118,51,127.613057
-0.811367,51,127.637286
-0.716411,51,127.662317
-0.716892,51,127.688168
-0.805986,51,127.71368
-0.761426,51,127.738016
-0.779228,51,127.763244
-0.697346,51,127.787832
-0.767297,51,127.81327
-0.789491,51,127.837854
-0.733512,51,127.863821
-0.637384,51,127.887858
-0.656003,51,127.912284
-0.770563,51,127.937412
-0.798749,51,127.962291
-0.627777,50,127.986619
-0.827796,51,128.01191
-0.657269,51,128.036012
-0.703795,51,128.059851
-0.649846,50,128.08476
-0.746841,51,128.108415
-0.748411,51,128.13382
-0.868246,51,128.385801
-0.653842,51,128.411423
-0.83645,51,128.435384
-0.748174,51,128.460979
-0.67971,51,128.484743
-0.703677,50,128.50992
-0.737837,51,128.533688
-0.763825,51,128.560467
-0.650679,50,128.584275
-0.680444,51,128.60868
-0.747564,50,128.633179
-0.678875,51,128.656942
-0.81117,51,128.68253
-0.666688,50,128.705836
-0.718837,51,128.731315
-0.72303,51,128.755006
-0.631133,51,128.77928
-0.848614,51,128.803958
-0.779156,51,128.828808
-0.754607,51,128.853271
-0.793776,51,128.876793
-0.621872,51,128.902401
-0.886453,51,128.979803
-0.870737,51,129.006518
-0.820935,51,129.033173
-0.950066,51,129.061256
-0.921246,51,129.089906
-0.645304,51,129.115138
-0.744532,51,129.140033
-0.801048,51,129.165675
-0.705418,51,129.190231
-0.913332,51,129.214193
-0.753884,51,129.239872
-0.695478,51,129.26958
-0.913394,51,129.29417
-0.713559,51,129.319795
-0.704702,51,129.343557
-0.974412,51,129.367856
-0.830773,51,129.392732
-0.803406,51,129.417349
-0.830892,50,129.44147
-0.771777,51,129.696055
-0.712556,50,129.720456
-0.652554,51,129.744261
-0.663332,51,129.769834
-0.904691,51,129.793597
-0.83193,50,129.818607
-0.769706,51,129.842246
-0.741241,51,129.86768
-0.780054,51,129.891263
-0.716501,51,129.916561
-0.738572,51,129.940249
-0.76944,51,129.96539
-0.72724,51,129.989096
-0.751817,51,130.014515
-0.665329,51,130.038085
-0.70702,50,130.062155
-0.811387,51,130.086451
-0.743712,51,130.111286
-0.756668,51,130.135235
-0.746357,50,130.158643
-0.731731,51,130.183342
-0.735129,51,130.20786
-0.966029,51,130.232518
-0.651879,51,130.257388
-0.658312,51,130.281578
-0.60786,51,130.306792
-0.645952,51,130.330819
-0.626725,51,130.355392
-0.704999,51,130.380676
-0.767791,51,130.405331
-0.879019,51,130.42992
-0.822193,51,130.454763
-0.728389,51,130.479101
-0.760164,51,130.504466
-0.741502,51,130.528224
-0.654488,51,130.552271
-0.687114,51,130.576985
-0.933555,51,130.601403
-0.709128,51,130.625693
-0.760781,51,130.649258
-0.817495,51,130.907222
-0.791777,51,130.931096
-0.617973,51,130.956602
-0.754977,51,130.980145
-0.760656,51,131.005245
-0.71436,51,131.02914
-0.698508,51,131.054395
-0.683982,51,131.077859
-0.844996,51,131.102235
-0.696208,51,131.126689
-0.789014,51,131.15143
-0.632817,51,131.175433
-0.744528,51,131.199081
-0.857522,51,131.225202
-0.939749,51,131.250194
-0.774907,51,131.275454
-0.764003,51,131.300028
-0.781173,51,131.324827
-0.835082,51,131.348554
-0.743725,51,131.374043
-0.749669,51,131.397721
-0.745446,51,131.423154
-0.679531,50,131.446601
-0.889652,51,131.472119
-0.681506,50,131.495395
-0.902079,51,131.520707
-0.721776,50,131.54414
-0.854593,51,131.569853
-0.766122,51,131.593984
-0.734345,51,131.61965
-0.808965,50,131.643067
-0.644905,51,131.668644
-0.804731,51,131.6925
-0.82947,51,131.717976
-0.779706,51,131.741727
-0.795199,51,131.767054
-0.772809,51,131.790761
-0.762501,51,131.816105
-0.685431,51,131.839494
-0.764116,51,131.864997
-0.782442,51,132.118299
-0.80996,51,132.142876
-0.643821,50,132.167201
-0.758971,51,132.190866
-0.67073,51,132.216242
-0.753717,51,132.23985
-0.652673,51,132.265307
-0.896978,51,132.289034
-0.843664,50,132.313984
-0.797505,50,132.337145
-0.664982,51,132.362011
-0.677281,51,132.386204
-0.791712,51,132.411524
-0.825311,51,132.435139
-0.690058,51,132.459313
-0.698911,51,132.48401
-0.734276,51,132.508617
-0.754217,51,132.532883
-0.73044,51,132.55629
-0.64498,51,132.581726
-0.727871,51,132.605614
-0.808991,51,132.630363
-0.680082,51,132.654954
-0.709029,51,132.67968
-1.13135,51,132.703484
-0.741002,50,132.728473
-0.865696,51,132.752433
-0.718573,51,132.777881
-0.769751,51,132.801709
-0.796423,51,132.826198
-1.023156,51,132.850878
-0.794181,51,132.874528
-0.866653,51,132.89986
-0.908564,51,132.923742
-0.896547,51,132.949194
-0.757322,51,132.975561
-0.733706,51,133.006946
-0.786076,50,133.032633
-0.84806,51,133.057861
-0.739227,51,133.082142
-0.779915,51,133.334943
-0.706566,50,133.360661
-0.700119,51,133.384563
-0.820742,51,133.410108
-0.871923,51,133.433943
-0.795883,51,133.45934
-0.68672,50,133.482554
-1.063441,51,133.507254
-0.786889,50,133.531271
-0.735433,51,133.556287
-0.821529,51,133.580308
-0.762064,51,133.604217
-0.794571,51,133.629337
-0.746576,50,133.653299
-0.834564,51,133.677856
-0.749788,51,133.701443
-0.740389,51,133.726734
-0.773468,51,133.750378
-0.6765,51,133.775584
-0.801652,51,133.799141
-0.79684,51,133.824489
-0.727259,51,133.848033
-0.765399,51,133.872753
-0.739412,51,133.896905
-0.711753,51,133.920801
-0.743514,51,133.946219
-0.782114,50,133.96997
-0.686378,51,133.99496
-0.756066,51,134.018938
-0.775494,50,134.043725
-0.883904,51,134.068003
-0.651988,51,134.093604
-0.772711,51,134.11753
-0.888854,51,134.141757
-0.697371,51,134.166635
-0.723348,51,134.190486
-0.686534,51,134.215836
-0.709712,51,134.239412
-0.741538,51,134.264667
-0.708498,51,134.288412
-0.707004,51,134.313899
-0.798461,51,134.568161
-0.796249,51,134.592384
-0.760548,51,134.617784
-1.024282,51,134.641558
-0.742274,50,134.666703
-0.746928,51,134.690407
-0.655512,51,134.715711
-0.738541,51,134.739302
-0.955653,51,134.764657
-0.683995,51,134.788291
-0.649819,51,134.812505
-0.732216,50,134.836856
-0.798119,51,134.861616
-0.719071,51,134.885873
-0.793165,51,134.909452
-0.637701,51,134.934847
-0.731207,51,134.958832
-0.886499,51,134.983794
-0.669153,51,135.007391
-0.864509,51,135.032772
-0.791741,51,135.056433
-0.787496,51,135.081512
-0.78748,51,135.105241
-0.934407,51,135.129543
-0.675327,51,135.154665
-0.820753,51,135.179061
-0.704993,51,135.203738
-0.669734,51,135.227491
-0.755842,51,135.252882
-0.811895,51,135.277059
-0.813316,51,135.301224
-0.871502,51,135.326496
-0.804223,51,135.350386
-0.790752,51,135.375065
-0.858697,51,135.399758
-0.695486,51,135.424929
-0.719061,51,135.449014
-0.805445,51,135.472793
-0.771048,51,135.498248
-0.786936,51,135.52265
-0.686249,51,135.775245
-0.719323,51,135.800887
-0.718102,50,135.824086
-0.685857,51,135.848679
-0.646596,51,135.87313
-0.826221,51,135.89678
-0.85423,51,135.922086
-0.739697,51,135.945801
-0.622757,50,135.970784
-0.674288,51,135.994394
-0.652491,51,136.019747
-0.683033,51,136.04328
-0.750236,51,136.068241
-0.751436,51,136.092228
-0.712516,51,136.117501
-0.77009,51,136.140992
-0.714371,51,136.165327
-0.731104,51,136.189903
-0.899943,51,136.213472
-0.818902,51,136.238857
-0.685638,51,136.262584
-0.731974,50,136.287418
-0.983381,51,136.310936
-0.76406,51,136.336228
-0.707249,51,136.359978
-0.709707,51,136.384838
-0.681926,51,136.408936
-0.693908,51,136.432913
-0.644199,51,136.458459
-0.725986,50,136.482391
-0.907299,51,136.5075
-0.726279,50,136.531876
-0.709936,51,136.55644
-0.733574,51,136.580056
-0.66463,51,136.605351
-0.7039,51,136.629071
-0.728556,51,136.653966
-0.65278,51,136.677136
-0.830802,51,136.701834
-0.723245,51,136.726101
-0.700668,50,136.977733
-0.687122,51,137.002477
-0.855717,51,137.027615
-0.740964,51,137.051691
-0.673649,51,137.075543
-0.819511,51,137.100615
-0.735158,51,137.124207
-0.68242,51,137.149682
-0.72299,51,137.173202
-0.740314,51,137.198208
-0.867038,51,137.222035
-0.654795,50,137.245639
-0.850548,51,137.270527
-0.756329,51,137.294933
-0.755152,51,137.319264
-0.82342,51,137.342894
-0.783405,51,137.368127
-0.746515,51,137.391978
-0.736804,50,137.416763
-0.682009,51,137.440385
-0.859917,51,137.465036
-0.619291,51,137.489255
-0.769789,51,137.512761
-0.751123,51,137.538121
-0.813434,51,137.562001
-0.709923,50,137.586793
-0.759239,50,137.609897
-0.849087,51,137.635593
-0.686561,50,137.659047
-0.991773,51,137.684507
-0.784221,51,137.708536
-0.784643,51,137.732741
-0.734913,50,137.757609
-0.721236,51,137.781462
-0.739417,51,137.806941
-0.81024,51,137.830764
-0.790581,51,137.855844
-0.770031,51,137.879704
-0.640274,51,137.905099
-0.767616,51,137.928876
-0.945295,51,138.180729
-0.815073,51,138.206724
-0.72025,51,138.230563
-0.599946,51,138.255067
-0.677552,51,138.279673
-0.703057,51,138.304573
-0.60979,51,138.328801
-0.743945,51,138.352483
-0.801234,51,138.377572
-0.731976,51,138.401249
-0.652668,51,138.425725
-0.711123,51,138.45014
-0.617279,50,138.474605
-0.791158,50,138.498063
-0.731689,50,138.523053
-0.704454,51,138.546643
-0.681803,51,138.57113
-0.913379,51,138.595785
-0.777334,51,138.619224
-0.75289,51,138.644592
-0.755513,51,138.668244
-0.884543,51,138.693374
-0.79421,51,138.717027
-0.774738,51,138.741435
-0.756307,51,138.765731
-0.708102,51,138.790749
-0.724043,51,138.814803
-0.719065,51,138.840272
-0.700804,51,138.864255
-0.783629,51,138.888765
-0.707936,51,138.913782
-0.761547,51,138.937855
-0.73633,51,138.963624
-0.811528,51,138.987519
-0.670054,51,139.012872
-0.672734,51,139.036624
-0.74745,51,139.060715
-0.775697,51,139.085339
-0.794206,51,139.109775
-0.913071,51,139.134329
-0.724142,50,139.157549
-0.632921,51,139.411633
-0.632769,51,139.4364
-0.681108,51,139.461807
-0.66464,50,139.485612
-0.86157,51,139.509689
-0.707977,51,139.534979
-0.718389,51,139.558714
-0.769905,50,139.582977
-0.699751,51,139.60747
-0.644716,51,139.632523
-0.717795,50,139.656051
-0.883939,51,139.680036
-0.712702,50,139.704701
-0.695076,51,139.729063
-0.928239,51,139.753738
-0.703753,51,139.777429
-0.786055,51,139.80255
-0.738569,51,139.826381
-0.804464,50,139.851349
-0.82422,51,139.875028
-0.73352,50,139.899207
-0.673997,51,139.923761
-0.681116,51,139.947421
-0.853606,51,139.972941
-0.798723,51,139.996718
-0.770156,51,140.021985
-0.643087,50,140.045157
-0.66886,50,140.070295
-0.672857,51,140.094255
-0.830115,51,140.118258
-0.666927,50,140.14324
-0.711754,51,140.167136
-0.677298,51,140.191539
-0.772639,51,140.216559
-0.696447,50,140.239899
-0.952254,51,140.264807
-0.767357,51,140.288707
-0.780988,51,140.313939
-0.689191,51,140.337647
-0.778018,51,140.361912
-0.802063,50,140.616054
-0.752131,51,140.640258
-0.744726,51,140.665492
-0.716659,50,140.688714
-0.844332,51,140.714147
-0.893936,51,140.737783
-0.776522,51,140.762893
-0.935762,51,140.786858
-0.756342,50,140.811766
-0.884074,51,140.835376
-0.739397,51,140.859799
-0.682744,51,140.88438
-0.764628,51,140.909133
-0.736318,51,140.933243
-0.643828,51,140.957042
-0.669545,51,140.982342
-0.722248,51,141.005985
-0.746347,51,141.031255
-0.648488,51,141.054819
-0.822346,51,141.07971
-0.682029,50,141.103361
-0.724416,51,141.127199
-0.914668,51,141.152185
-0.694952,51,141.176415
-0.835848,51,141.201178
-0.892788,50,141.224245
-0.68243,51,141.249607
-0.763569,51,141.273663
-0.676686,51,141.299269
-0.713964,51,141.323173
-0.723563,51,141.347125
-0.811647,51,141.371782
-0.818688,51,141.396606
-0.752185,51,141.420484
-0.686939,51,141.445758
-0.953458,51,141.469875
-0.768617,51,141.501062
-0.750175,51,141.53163
-0.882015,51,141.556926
-0.738431,51,141.580828
-0.711677,50,141.834277
-0.68497,51,141.859547
-0.681105,51,141.883369
-0.816614,51,141.908259
-0.732746,50,141.931975
-0.941801,51,141.955756
-0.735979,51,141.980915
-0.69126,51,142.005026
-0.762967,51,142.029698
-0.758416,51,142.053183
-0.768016,51,142.078099
-0.786968,51,142.102046
-0.792681,51,142.129599
-0.670533,51,142.153732
-0.797467,51,142.179238
-0.661231,51,142.202986
-0.692965,50,142.226989
-0.726378,51,142.251581
-0.727451,51,142.275192
-0.739988,51,142.300402
-0.685324,51,142.324273
-0.690954,51,142.348235
-0.615889,50,142.372718
-0.708982,51,142.397161
-0.729405,51,142.421642
-0.742265,50,142.444752
-0.774357,51,142.469777
-0.779028,50,142.49291
-0.753839,51,142.518523
-0.665239,51,142.542463
-0.822511,51,142.568116
-0.702886,50,142.591564
-0.820471,51,142.61721
-0.679295,51,142.641093
-0.756703,51,142.666662
-0.63295,51,142.690454
-0.737566,51,142.714597
-0.803756,51,142.738953
-0.733991,50,142.763305
-0.697896,51,142.787492
-0.942807,51,142.811229
-0.815783,51,143.111673
-0.722773,51,143.144388
-0.773171,51,143.170726
-0.772508,51,143.198262
-0.702006,51,143.225856
-0.842344,51,143.252532
-0.737808,51,143.27676
-0.69727,50,143.301341
-0.647942,50,143.324709
-0.794498,51,143.350246
-0.69624,50,143.373416
-0.705289,51,143.398888
-0.692464,51,143.422482
-0.8132,51,143.446795
-0.862635,51,143.471733
-0.779429,51,143.496505
-0.753761,51,143.521024
-0.685434,51,143.544684
-0.738527,51,143.570274
-0.749701,51,143.593978
-0.685919,51,143.619454
-0.771781,51,143.643063
-0.717585,51,143.667841
-0.855212,51,143.692097
-0.76883,51,143.715759
-0.934708,51,143.741251
-0.84468,51,143.765135
-0.676026,50,143.790027
-0.704204,51,143.81413
-0.742298,50,143.839388
-1.027457,51,143.863384
-0.779973,51,143.888711
-0.685464,51,143.91294
-0.720421,50,143.936445
-0.605618,51,143.962098
-0.922275,51,143.98601
-0.669133,51,144.010441
-0.687812,51,144.034848
-0.714298,51,144.058606
-0.669133,50,144.083639
-0.660018,50,144.336586
-0.75932,51,144.360461
-0.662529,51,144.385967
-0.714735,51,144.410077
-0.799835,50,144.43475
-0.746572,51,144.458402
-0.673042,51,144.483797
-0.6509,51,144.507498
-0.725155,51,144.532702
-0.688441,51,144.556427
-0.800392,51,144.581766
-0.771618,51,144.605349
-0.887708,51,144.629922
-0.734715,51,144.654289
-0.816053,51,144.677967
-0.812571,50,144.702819
-0.759013,51,144.726808
-0.67587,50,144.751552
-0.799216,51,144.775096
-0.82624,51,144.80052
-0.807746,51,144.82399
-0.631641,51,144.849094
-0.722524,51,144.872967
-0.737173,51,144.896934
-0.732237,51,144.921793
-0.800801,51,144.946267
-0.80185,51,144.970759
-0.924781,51,144.994275
-0.746877,50,145.01971
-0.735435,51,145.043862
-0.884419,51,145.069542
-0.650991,51,145.093556
-0.656679,51,145.119199
-0.770489,51,145.143141
-0.762033,51,145.168244
-0.71514,51,145.193005
-0.669704,50,145.217636
-0.746103,51,145.241726
-0.839104,51,145.265748
-0.742709,51,145.290901
-0.838459,51,145.541682
-0.715605,51,145.56705
-0.681318,51,145.590905
-0.697465,51,145.615552
-0.796814,51,145.640189
-0.841221,50,145.663548
-0.758253,51,145.689046
-0.870642,51,145.712929
-0.757226,51,145.738153
-0.797493,51,145.761849
-0.731566,51,145.787209
-0.771099,51,145.810735
-0.779932,51,145.835753
-0.713095,51,145.859848
-0.807746,51,145.8838
-0.646056,50,145.908614
-0.85017,51,145.933092
-0.677509,51,145.957824
-0.774812,51,145.981469
-0.794347,51,146.006883
-0.747692,51,146.030624
-0.728432,51,146.055989
-0.82981,50,146.07927
-0.643549,51,146.103663
-0.706066,50,146.127909
-0.758884,51,146.152686
-0.845059,51,146.176738
-0.784545,51,146.20029
-0.826672,51,146.225755
-0.797069,51,146.250206
-0.741004,51,146.275246
-0.823334,51,146.298918
-0.647149,51,146.32392
-0.772571,50,146.347589
-0.789904,51,146.371502
-0.698849,50,146.395339
-0.705925,51,146.420283
-0.797266,51,146.444114
-0.758831,51,146.469631
-0.905057,51,146.493391
-0.813336,51,146.746398
-0.718837,51,146.771398
-0.838813,51,146.795118
-0.792674,51,146.820619
-0.848255,51,146.844513
-0.92413,51,146.869924
-0.816212,51,146.893703
-0.803222,51,146.918232
-0.718284,51,146.942777
-0.823414,51,146.966555
-0.692757,51,146.992108
-0.753616,51,147.016002
-0.800804,51,147.041243
-0.741154,51,147.064881
-0.894216,51,147.089512
-0.766738,51,147.113852
-0.639259,51,147.138812
-0.751085,51,147.162829
-0.745363,51,147.18663
-0.791324,51,147.211883
-0.623445,51,147.236092
-0.758425,51,147.260827
-0.737614,51,147.284435
-0.649927,50,147.308956
-0.658679,51,147.332857
-0.651517,51,147.358101
-0.765453,51,147.38178
-0.705726,50,147.405879
-0.764082,51,147.430224
-0.711648,50,147.453781
-0.757294,50,147.47879
-0.68884,51,147.502904
-0.700689,51,147.527318
-0.732514,51,147.55251
-0.781049,51,147.576345
-0.7443,50,147.600844
-0.689213,51,147.625276
-0.748909,51,147.649543
-0.732184,51,147.675015
-0.847808,50,147.698259
-0.774072,51,147.722624
-0.854106,51,147.975689
-0.6922,51,148.000169
-0.753106,51,148.025357
-0.692208,51,148.049164
-0.721706,51,148.07402
-0.796814,51,148.09847
-0.773019,51,148.123665
-0.671923,50,148.147216
-0.697522,51,148.171383
-0.853325,51,148.196424
-0.78777,50,148.219638
-0.707969,51,148.244394
-0.643646,51,148.268626
-0.649788,51,148.293901
-0.748737,51,148.317787
-0.704215,50,148.341585
-0.880956,51,148.366567
-0.732277,50,148.390746
-0.744993,51,148.415298
-0.768365,51,148.438761
-0.640123,51,148.46417
-0.758303,51,148.487919
-0.697286,51,148.513279
-0.731508,51,148.536855
-0.658018,51,148.5616
-0.765832,51,148.585998
-0.732349,51,148.609718
-0.682266,51,148.635122
-0.722977,51,148.658789
-0.699256,51,148.684383
-0.68827,50,148.708443
-0.819157,51,148.733486
-0.872859,51,148.757527
-0.821608,51,148.781438
-0.659943,51,148.806776
-0.728619,51,148.83091
-0.856643,51,148.857114
-0.659781,51,148.8812
-0.747853,50,148.905098
-0.817051,51,148.930177
-0.844474,51,149.181111
-0.631239,51,149.205947
-0.759176,51,149.230783
-0.710865,51,149.254672
-0.96426,51,149.280006
-0.666771,51,149.304014
-0.744197,51,149.329468
-0.787091,51,149.353108
-0.84407,51,149.377557
-0.664666,51,149.402198
-0.68669,51,149.425896
-0.732709,51,149.451101
-0.77838,51,149.475018
-0.804496,50,149.499879
-0.74973,51,149.523472
-0.674591,50,149.547617
-0.715469,51,149.571954
-0.691114,51,149.595578
-0.871997,51,149.620875
-0.68431,51,149.644484
-0.749397,51,149.669729
-0.677738,51,149.693846
-0.641646,51,149.718618
-0.701191,51,149.742336
-0.834293,50,149.766937
-0.663648,51,149.790744
-0.6455,50,149.815625
-0.672028,51,149.839184
-0.661033,51,149.863353
-0.77331,51,149.887757
-0.751371,51,149.912861
-0.780787,51,149.937277
-0.763472,51,149.961253
-0.676921,51,149.986863
-0.747805,51,150.011122
-0.624238,51,150.036455
-0.746371,51,150.060778
-0.823204,51,150.085045
-0.89264,51,150.108832
-0.721636,51,150.134312
-0.690609,51,150.3856
-0.801505,51,150.410111
-0.755449,51,150.434296
-0.796006,51,150.459865
-0.621538,51,150.484205
-0.767462,51,150.5092
-0.812867,51,150.532754
-0.621337,51,150.557585
-0.678456,51,150.581618
-0.760137,51,150.607063
-0.846095,51,150.63069
-0.656632,51,150.654844
-1.002097,51,150.679583
-0.814811,51,150.703042
-0.810696,51,150.728347
-0.818433,51,150.751979
-0.708869,51,150.777351
-0.846426,51,150.801302
-0.8072,51,150.826348
-0.682841,51,150.849909
-0.742559,50,150.874245
-0.828413,51,150.898351
-0.708295,50,150.922987
-0.724481,51,150.94666
-0.705826,51,150.970756
-0.75203,51,150.995654
-0.683343,51,151.019235
-0.683516,51,151.044579
-0.698701,51,151.06796
-0.690642,51,151.093156
-0.755121,51,151.116764
-0.630925,51,151.142259
-0.841779,51,151.166045
-0.649737,50,151.189458
-0.749655,51,151.214622
-0.778039,50,151.238514
-0.825523,51,151.263153
-0.655421,51,151.287619
-0.779374,51,151.312108
-0.755748,51,151.336263
-0.771751,51,151.360893
-0.671318,51,151.612543
-0.665806,51,151.637261
-0.759893,51,151.660994
-0.72707,51,151.686304
-0.601807,50,151.7098
-0.673527,51,151.735318
-0.786937,51,151.759109
-0.860471,51,151.783727
-0.636478,51,151.8083
-0.783048,50,151.831424
-0.726649,51,151.856828
-0.702186,51,151.88057
-0.771547,51,151.905586
-0.712994,51,151.92908
-0.748075,51,151.953798
-0.743216,51,151.978212
-0.698598,51,152.003301
-0.733605,51,152.027185
-0.891257,51,152.051125
-0.657873,51,152.076072
-0.78882,51,152.099623
-0.68537,51,152.124829
-0.92204,51,152.148342
-0.737095,51,152.173449
-0.637084,51,152.197224
-0.752251,51,152.22128
-0.650397,51,152.246147
-0.820027,51,152.270601
-0.78814,51,152.294968
-0.754942,51,152.318245
-0.753557,51,152.343657
-0.790545,51,152.367807
-0.652594,50,152.392713
-0.662196,51,152.416554
-0.733936,51,152.441583
-0.685302,51,152.466835
-0.639433,50,152.492068
-0.660187,51,152.517149
-0.927841,51,152.541279
-0.788061,51,152.56538
-0.870317,51,152.817591
-0.654535,51,152.841647
-0.818945,51,152.865883
-0.74389,51,152.890923
-0.753272,51,152.915375
-0.743434,51,152.94006
-0.723951,51,152.963629
-0.690693,51,152.988901
-0.748502,51,153.012769
-0.704503,51,153.03802
-0.772687,51,153.061649
-0.75444,51,153.086075
-0.879898,51,153.110516
-0.811833,50,153.133607
-0.706741,51,153.158894
-0.698236,50,153.182441
-0.857785,51,153.207404
-0.667151,51,153.230955
-0.701305,51,153.255567
-0.755084,50,153.279288
-0.759001,51,153.304445
-0.77711,51,153.328092
-0.767762,51,153.352117
-0.978824,51,153.377057
-0.714415,51,153.400671
-0.955532,51,153.425387
-0.776085,51,153.449531
-0.820722,51,153.474734
-0.720277,51,153.498401
-0.710155,51,153.522576
-0.694444,50,153.546764
-0.673026,51,153.570526
-0.631551,51,153.596261
-0.677516,51,153.620119
-0.860729,51,153.645819
-0.819662,51,153.670258
-0.751393,51,153.694512
-0.727212,51,153.718835
-0.724743,51,153.743269
-0.735804,51,153.767329
-0.687125,51,154.020288
-0.800249,51,154.044294
-0.779646,50,154.069071
-0.818616,51,154.093246
-0.824794,51,154.11883
-0.828284,51,154.142657
-0.658676,51,154.166865
-0.862511,51,154.191771
-0.647247,51,154.216231
-0.762158,50,154.240196
-0.727848,51,154.265167
-0.858162,51,154.289035
-0.757521,51,154.312991
-0.780863,51,154.338055
-0.722667,51,154.362415
-0.719461,51,154.386987
-0.694619,51,154.410577
-0.662055,51,154.435614
-0.817688,51,154.45942
-0.747943,51,154.484577
-0.816456,50,154.507652
-0.687987,51,154.53217
-0.697865,51,154.556527
-0.763462,51,154.58024
-0.81459,50,154.605103
-0.698816,51,154.628726
-0.712552,51,154.654124
-0.841097,51,154.677687
-0.702722,51,154.702215
-0.828032,51,154.726498
-0.822047,51,154.750001
-0.792489,51,154.775321
-0.628776,51,154.799399
-0.763836,50,154.824252
-0.776116,51,154.849061
-0.7409,51,154.874446
-0.708707,51,154.898931
-0.684748,51,154.924502
-0.773035,51,154.94959
-0.704094,51,154.975499
-0.722453,51,155.228445
-0.656021,51,155.252314
-0.709281,51,155.27791
-0.827362,51,155.301576
-0.69647,51,155.326936
-0.842125,51,155.350533
-0.868222,51,155.374964
-0.714711,50,155.399107
-0.734923,51,155.424505
-0.800327,51,155.448046
-0.713869,51,155.473324
-0.654721,51,155.497105
-0.76247,50,155.521844
-0.886163,51,155.545459
-0.852522,51,155.57014
-0.724409,51,155.594474
-0.877372,51,155.6194
-0.830374,51,155.643357
-0.848813,50,155.666889
-0.710116,50,155.691476
-0.75413,51,155.715031
-0.647679,51,155.739788
-0.721691,51,155.763828
-0.76993,51,155.789059
-0.770426,50,155.812364
-0.89482,51,155.836356
-0.7366,51,155.860873
-0.656836,51,155.884463
-0.76043,50,155.909224
-0.831023,51,155.932804
-0.794222,51,155.958032
-0.769934,51,155.981396
-0.8706,51,156.005828
-0.75743,51,156.030428
-0.749516,50,156.055232
-0.702429,51,156.079806
-0.639432,51,156.1043
-0.938345,51,156.128715
-0.755846,51,156.153048
-0.638305,51,156.176371
-0.726197,50,156.201427
-0.715892,51,156.451703
-0.78738,51,156.475504
-0.711308,51,156.500965
-0.647625,51,156.524613
-0.806091,51,156.550022
-0.796588,51,156.573683
-0.828029,51,156.598011
-0.648638,51,156.622725
-0.722232,51,156.646325
-0.884355,51,156.67165
-0.751031,51,156.695239
-0.785049,51,156.720423
-0.74218,51,156.743966
-0.858212,50,156.767747
-0.8056,51,156.792289
-0.784678,51,156.815878
-0.681839,51,156.841258
-0.649811,51,156.864803
-0.649735,51,156.890029
-0.684325,51,156.913495
-0.699549,50,156.937555
-0.774232,50,156.961457
-0.821712,51,156.984961
-0.798761,51,157.010087
-0.714877,51,157.033867
-0.646221,51,157.058907
-0.618032,51,157.082557
-0.657064,50,157.106627
-0.745697,50,157.130386
-0.800431,50,157.153549
-0.85869,51,157.178718
-0.792189,51,157.202078
-0.702677,51,157.227341
-0.656031,50,157.2504
-0.659027,51,157.275904
-0.765133,51,157.300635
-0.759665,50,157.324477
-0.698523,50,157.349811
-0.75521,51,157.374008
-0.726565,50,157.397632
-0.71307,50,157.647692
-0.770534,51,157.672349
-0.781785,51,157.696051
-0.672354,51,157.72135
-0.654362,51,157.745023
-0.653146,51,157.770493
-0.699979,50,157.793643
-0.804316,51,157.818336
-0.716415,50,157.842367
-0.663086,51,157.86602
-0.769937,51,157.891375
-0.777904,51,157.914981
-0.725056,51,157.939269
-0.739176,51,157.963947
-0.706634,50,157.988219
-0.774159,51,158.012458
-0.885863,51,158.036107
-0.809152,51,158.061342
-0.71752,51,158.084833
-0.68859,51,158.109214
-0.741932,50,158.133245
-0.740211,50,158.15777
-0.764768,51,158.181756
-0.781807,51,158.205555
-0.698272,51,158.230607
-0.758954,51,158.254878
-0.745225,51,158.279576
-0.692953,50,158.30268
-0.73453,50,158.327243
-0.653814,51,158.350883
-0.651194,51,158.376112
-0.891055,51,158.399664
-0.703063,51,158.423879
-0.788212,51,158.448235
-0.708561,51,158.471765
-0.713312,50,158.497305
-0.780973,51,158.521865
-0.809888,51,158.547724
-0.658931,51,158.572017
-0.712104,51,158.596269
-0.698075,51,158.848343
-0.719893,51,158.873706
-0.830105,51,158.897983
-0.694482,50,158.922114
-0.835305,51,158.945701
-0.805188,51,158.970927
-0.613854,50,158.994221
-0.663733,51,159.018258
-0.777916,51,159.043073
-0.796252,51,159.066501
-0.810636,51,159.091326
-0.716452,51,159.115351
-0.691765,51,159.139033
-0.902481,51,159.164125
-0.695231,51,159.188426
-0.699048,51,159.21312
-0.723707,51,159.23668
-0.714829,51,159.261548
-0.851239,51,159.286913
-0.702595,51,159.311052
-0.68551,51,159.336944
-0.683627,51,159.360806
-0.677276,51,159.385062
-0.759041,51,159.410135
-0.692075,51,159.43383
-0.707186,51,159.458717
-0.696343,51,159.48298
-0.744764,51,159.506896
-0.736895,50,159.531833
-0.715078,50,159.555104
-0.705657,51,159.580616
-0.719214,51,159.604198
-0.802669,51,159.629088
-0.748265,50,159.65253
-0.622206,51,159.676617
-0.711615,51,159.70195
-0.664828,51,159.726424
-0.874739,51,159.751504
-0.822286,51,159.776167
-0.834142,51,159.800572
-0.684665,51,160.055586
-0.697421,51,160.080623
-0.731328,51,160.158347
-0.870834,51,160.184107
-0.76613,51,160.21148
-0.794803,51,160.238598
-0.774917,51,160.264717
-0.696025,51,160.288943
-0.91509,51,160.313661
-0.802729,51,160.338611
-0.753012,51,160.362464
-0.756787,51,160.387563
-0.732634,51,160.411704
-0.889587,51,160.437046
-0.780888,51,160.461061
-0.838746,51,160.485216
-0.721042,51,160.510269
-0.661586,51,160.533959
-0.733036,51,160.55945
-0.854713,51,160.583204
-0.665028,51,160.608315
-0.803035,51,160.632196
-0.890022,51,160.656404
-0.88699,51,160.681634
-0.791748,51,160.705421
-0.67572,51,160.730946
-0.938432,51,160.754628
-0.707387,51,160.779761
-0.954967,51,160.803793
-0.707448,51,160.829227
-0.69867,51,160.852936
-0.67795,51,160.877315
-0.614239,51,160.90214
-0.796717,51,160.925799
-0.697302,51,160.951183
-0.675434,51,160.975214
-0.685529,51,160.999248
-0.781908,51,161.025214
-0.758115,51,161.049539
-0.705048,51,161.073965
-0.665684,51,161.098293
-0.651509,51,161.354729
-0.720633,51,161.378966
-0.888565,51,161.403989
-0.657204,51,161.428683
-0.667737,51,161.45331
-0.70401,50,161.476509
-0.746818,51,161.501918
-0.672857,50,161.525203
-0.79659,51,161.549563
-0.667202,51,161.574378
-0.731672,51,161.598089
-0.758305,51,161.623534
-0.670496,51,161.647127
-0.68563,51,161.672473
-0.684148,51,161.696155
-0.671208,50,161.720026
-0.727055,51,161.744796
-0.80977,51,161.768492
-0.796403,51,161.793914
-0.659553,51,161.817549
-0.857043,51,161.842934
-0.70625,51,161.866453
-0.729774,51,161.890825
-0.760082,51,161.915261
-0.703294,51,161.938926
-0.601723,50,161.963953
-0.803486,51,161.987699
-0.77483,51,162.012917
-0.744068,51,162.03644
-0.798955,51,162.060971
-0.74411,51,162.085379
-0.864705,51,162.109028
-0.683521,51,162.134294
-0.744314,51,162.157863
-0.684285,50,162.182643
-0.82628,51,162.206678
-0.786934,51,162.231535
-0.73095,51,162.256649
-0.875575,51,162.280973
-0.693847,51,162.30673
-0.811889,51,162.56312
-0.697545,51,162.586992
-0.846742,51,162.611909
-0.800587,51,162.636226
-0.734255,51,162.661638
-0.693134,50,162.684964
-0.738454,51,162.710428
-0.718369,51,162.734229
-0.7355,51,162.758825
-0.755565,51,162.783408
-0.74135,51,162.807091
-0.777069,51,162.83234
-0.860303,51,162.856224
-0.717572,51,162.88171
-0.644459,50,162.905561
-0.620047,50,162.929939
-0.780515,51,162.953588
-0.758445,51,162.978608
-0.765179,51,163.002636
-0.734942,51,163.026545
-0.759529,51,163.051876
-0.751642,51,163.076152
-0.831953,51,163.100884
-0.679248,51,163.124485
-0.755821,51,163.149506
-0.703424,51,163.17357
-0.68618,51,163.197312
-0.853825,51,163.222473
-0.912958,51,163.246509
-0.774174,51,163.271868
-0.761052,51,163.295391
-0.714963,51,163.320356
-0.647973,51,163.344252
-0.606124,50,163.367675
-0.732235,51,163.392628
-0.717754,51,163.417312
-0.77156,51,163.442334
-0.766524,51,163.466566
-0.758286,51,163.49219
-0.884827,51,163.517162
-0.761544,51,163.774239
-0.777309,51,163.799591
-0.929454,51,163.823389
-0.803058,51,163.848872
-0.763604,51,163.872689
-0.684527,51,163.89794
-0.768456,51,163.92181
-0.736614,51,163.945875
-0.728892,51,163.970971
-0.781813,51,163.995469
-0.710083,51,164.020228
-0.762253,51,164.043945
-0.767718,51,164.068942
-0.78237,51,164.092956
-0.723918,51,164.116976
-0.696035,51,164.142076
-0.673087,50,164.165898
-0.740057,51,164.190576
-0.724903,51,164.214241
-0.723033,51,164.239273
-0.806832,51,164.263113
-0.74317,51,164.286984
-0.686543,51,164.312011
-0.783527,51,164.336232
-0.761458,51,164.360759
-0.64756,51,164.384302
-0.731385,51,164.409443
-0.698268,51,164.43313
-0.706457,51,164.457196
-0.724156,50,164.481639
-0.786111,50,164.505668
-0.719739,51,164.529958
-0.790104,51,164.553368
-0.736389,51,164.578757
-0.784863,51,164.602675
-0.737719,51,164.627929
-0.747367,51,164.651933
-0.697704,50,164.676253
-0.704199,51,164.701419
-0.802321,51,164.725653
-0.693328,51,164.982002
-0.765947,51,165.007344
-0.669398,51,165.032158
-0.729577,51,165.056835
-0.750064,50,165.080201
-0.777533,51,165.105607
-0.795283,51,165.12945
-0.78785,51,165.153699
-0.619179,51,165.178689
-0.66479,51,165.202419
-0.826002,51,165.227384
-0.772425,51,165.25157
-0.795322,51,165.276928
-0.675394,51,165.300736
-0.732923,51,165.324834
-0.736226,51,165.349846
-0.643041,51,165.373413
-0.655552,51,165.398279
-0.701505,50,165.421948
-0.722104,51,165.44728
-0.740437,50,165.470345
-0.969687,51,165.494754
-0.851197,51,165.519462
-0.775607,51,165.543086
-0.871909,51,165.567982
-0.713154,51,165.592019
-0.699055,51,165.615919
-0.762097,51,165.641043
-0.811364,51,165.665416
-0.693389,51,165.690035
-0.793795,51,165.713669
-0.841876,51,165.738799
-0.688634,51,165.762545
-0.730927,51,165.786597
-0.687676,51,165.811909
-0.767786,51,165.837205
-0.736563,51,165.861285
-0.732802,51,165.88643
-0.904416,51,165.911141
-0.654564,50,165.935388
-0.712856,51,165.961483
-0.779365,51,166.213595
-0.702321,50,166.238591
-0.831003,51,166.262456
-0.802336,51,166.286556
-0.682718,51,166.311363
-0.701689,51,166.335854
-0.898219,51,166.360327
-0.730134,51,166.384113
-0.766091,51,166.409339
-0.821498,51,166.43317
-0.684344,51,166.458188
-0.66341,50,166.481334
-0.742071,51,166.506541
-0.804778,51,166.530094
-0.7412,51,166.555151
-0.667533,50,166.578485
-0.772527,51,166.602577
-0.758948,51,166.62747
-0.889601,51,166.650994
-0.701106,51,166.675799
-0.822037,51,166.699844
-0.773173,51,166.725029
-0.663457,50,166.74819
-0.675893,51,166.772506
-0.809073,51,166.797115
-0.698013,51,166.820717
-0.693492,50,166.845301
-0.683655,50,166.868556
-0.960309,51,166.89266
-0.656516,51,166.917436
-0.659476,51,166.941901
-0.958469,51,166.966132
-0.567875,51,166.989581
-0.8697,51,167.014961
-0.687727,51,167.038721
-0.713019,50,167.06247
-0.891838,50,167.086889
-0.788788,51,167.110563
-0.802656,51,167.135822
-0.674661,51,167.160486
-0.711405,51,167.415232
-0.816963,51,167.440254
-0.649074,50,167.464194
-0.677609,51,167.487917
-0.686663,50,167.512933
-0.674933,50,167.536657
-0.896451,51,167.561521
-0.632682,50,167.58469
-0.839047,51,167.60963
-0.654905,51,167.633702
-0.67185,51,167.657349
-0.727795,51,167.682509
-0.760935,51,167.70599
-0.707387,51,167.73138
-0.706885,50,167.755666
-0.787313,51,167.779316
-0.847563,51,167.804563
-0.888832,51,167.82832
-0.706671,51,167.85237
-0.747935,51,167.87719
-0.886097,51,167.901575
-0.751167,51,167.925896
-0.72999,51,167.949413
-0.668506,50,167.974191
-0.790426,51,167.997657
-0.687485,51,168.021897
-0.625264,50,168.04596
-0.730888,51,168.069369
-0.752436,51,168.094658
-0.704958,51,168.118135
-0.814406,51,168.143296
-0.656315,51,168.166634
-0.8202,51,168.190931
-0.692253,51,168.215318
-0.77221,51,168.238898
-0.722217,51,168.264003
-0.900659,51,168.288099
-0.691004,50,168.31295
-0.826221,51,168.336745
-0.792522,51,168.361817
-0.650273,51,168.671063
-0.672223,51,168.699449
-0.746432,51,168.727549
-0.64718,51,168.75421
-0.624789,51,168.781666
-0.755044,51,168.808158
-0.775324,51,168.832549
-0.738513,51,168.858016
-0.934261,50,168.881321
-0.748365,51,168.906321
-0.779618,51,168.930368
-0.728004,51,168.954453
-0.81689,51,168.97971
-0.838042,51,169.003337
-0.719508,51,169.028037
-0.994217,51,169.052509
-0.728335,51,169.076138
-0.71621,50,169.101046
-0.665753,51,169.12494
-0.674902,51,169.14986
-0.683972,51,169.173415
-0.775958,50,169.19776
-0.685656,51,169.221955
-0.809565,51,169.245708
-0.741013,51,169.271001
-0.754337,51,169.295298
-0.896579,51,169.320332
-0.740906,51,169.34387
-0.664893,51,169.368626
-0.689314,51,169.39285
-0.684196,51,169.416637
-0.787053,51,169.441892
-0.790923,51,169.465479
-0.654042,51,169.49102
-0.753041,51,169.514828
-0.652792,51,169.53974
-0.809112,50,169.563449
-0.82366,51,169.58763
-0.741556,51,169.613106
-0.686922,51,169.636834
-0.719025,51,169.89591
-0.764769,51,169.920896
-0.708227,51,169.946093
-0.872908,51,169.970261
-0.72122,51,169.994086
-0.736379,51,170.019386
-0.672508,51,170.043084
-0.711475,51,170.067493
-0.812134,51,170.091999
-0.686262,51,170.117103
-0.787372,51,170.141161
-0.740961,51,170.166525
-0.726308,51,170.190213
-0.777462,51,170.215505
-0.740002,51,170.240909
-0.691617,51,170.266293
-0.679284,51,170.291633
-0.657655,51,170.316761
-0.654967,51,170.342268
-0.784656,50,170.366688
-0.749014,51,170.390721
-0.699222,51,170.414509
-0.796231,51,170.439687
-0.701728,51,170.464005
-0.619459,50,170.488293
-0.660507,51,170.51294
-0.674313,51,170.537215
-0.88666,51,170.560849
-0.677325,51,170.586176
-0.739718,51,170.609787
-0.676859,51,170.634081
-0.75802,51,170.658643
-0.805758,51,170.68345
-0.90162,51,170.707971
-0.678463,51,170.733231
-0.80036,51,170.757255
-0.566246,51,170.782588
-0.720067,51,170.806359
-0.756262,50,170.831615
-0.806875,51,170.855658
-0.841547,51,170.880573
-0.644767,51,171.138381
-0.666825,51,171.163829
-0.754587,51,171.213211
-0.781789,51,171.262878
-0.688169,51,171.290899
-0.713213,51,171.317806
-0.671063,51,171.343777
-0.666854,51,171.369676
-0.641364,51,171.395598
-0.743322,51,171.42134
-0.72223,51,171.4452
-0.773952,51,171.470139
-0.818639,51,171.494341
-0.603257,51,171.519364
-0.709772,51,171.543233
-0.735656,51,171.567187
-0.75341,51,171.59231
-0.926375,51,171.61598
-0.628433,51,171.640664
-0.655753,50,171.664544
-0.714884,51,171.68961
-0.721222,51,171.713516
-0.671757,51,171.737535
-0.801303,51,171.762526
-0.877382,51,171.78626
-0.694649,51,171.811103
-0.755792,51,171.835379
-0.671305,51,171.860477
-0.784905,51,171.884412
-0.717576,51,171.908352
-0.7505,51,171.933358
-0.807131,51,171.957022
-0.772067,51,171.982592
-0.79184,50,172.005878
-0.793486,51,172.030986
-0.629449,50,172.054434
-0.626923,51,172.079786
-0.766877,51,172.103681
-0.689455,51,172.130982
-0.789144,51,172.156469
-0.720197,51,172.415037
-0.758535,51,172.439507
-0.598702,51,172.464646
-0.646288,51,172.488442
-0.737816,51,172.512303
-0.679078,51,172.537202
-0.587984,51,172.56058
-0.767057,51,172.58589
-0.800406,51,172.609395
-0.775078,51,172.63464
-0.755667,51,172.658172
-0.680814,50,172.682879
-0.714762,51,172.706474
-0.696472,51,172.730901
-0.678131,51,172.75513
-0.710021,51,172.778588
-0.743984,51,172.803769
-0.68258,51,172.827663
-0.907638,51,172.852579
-0.652588,51,172.876003
-0.868746,51,172.900901
-0.711101,51,172.924887
-0.733305,51,172.949912
-0.693466,51,172.973446
-0.679316,51,172.997591
-0.608332,51,173.022229
-0.647854,50,173.045272
-0.718635,51,173.070338
-0.659128,51,173.093804
-0.848869,51,173.118905
-0.820195,51,173.142233
-0.675534,51,173.166467
-0.735538,51,173.190918
-0.776168,51,173.215834
-0.752383,51,173.239846
-0.627211,51,173.263569
-0.716232,51,173.288574
-0.651749,51,173.313154
-0.760679,51,173.338287
-0.628769,51,173.362119
-0.789044,51,173.619705
-0.712185,51,173.645298
-0.741079,50,173.668451
-0.76296,51,173.6929
-0.731397,51,173.717495
-0.738728,50,173.740624
-0.695278,51,173.765672
-0.622559,51,173.789169
-0.704216,51,173.814387
-0.814068,51,173.837868
-0.775178,51,173.862377
-0.850785,51,173.886523
-0.786676,51,173.910013
-0.818622,51,173.935439
-0.766595,50,173.958934
-0.644249,50,173.983284
-0.665664,51,174.00671
-0.794383,51,174.031851
-0.632283,51,174.055277
-0.718548,51,174.080289
-0.745508,51,174.103757
-0.718328,51,174.127728
-0.771343,51,174.15234
-0.764921,50,174.176499
-0.653974,50,174.200092
-0.725004,51,174.22381
-0.849765,51,174.248952
-0.860499,51,174.272488
-0.647421,51,174.296901
-0.736875,51,174.321177
-0.812883,51,174.346043
-0.778452,50,174.36935
-0.698102,50,174.392975
-0.661906,51,174.418056
-0.841807,51,174.441634
-0.722798,51,174.466993
-0.724529,51,174.490565
-0.721064,51,174.515988
-0.747572,51,174.539931
-0.646695,51,174.565546
-0.708374,50,174.819329
-0.752245,51,174.843872
-0.816528,51,174.867855
-0.777764,51,174.893104
-0.78155,51,174.916588
-0.717566,51,174.94094
-0.741397,51,174.965334
-0.6921,51,174.990185
-0.640094,51,175.014075
-0.822728,51,175.037802
-0.878122,51,175.062818
-0.596791,51,175.086344
-0.571659,51,175.110874
-0.64423,50,175.134619
-0.690343,51,175.159596
-0.771122,51,175.183169
-0.726336,51,175.207228
-0.764316,50,175.231515
-0.614659,51,175.255053
-0.839062,51,175.279943
-0.719708,51,175.303756
-0.717949,51,175.327588
-0.784724,51,175.35262
-0.636083,51,175.376865
-0.639706,51,175.401239
-0.742623,51,175.424697
-0.78165,51,175.449642
-0.740547,50,175.472855
-0.689249,51,175.496805
-0.719922,51,175.5214
-0.744316,51,175.545877
-0.73045,50,175.569416
-0.648331,50,175.592545
-0.697421,51,175.617773
-0.74044,51,175.641362
-0.743116,51,175.666644
-0.732961,51,175.690215
-0.672489,51,175.714904
-0.783501,51,175.739146
-0.775013,50,175.76275
-0.724114,51,175.788001
-0.828209,51,176.046671
-0.746613,51,176.070575
-0.720283,51,176.095769
-0.818943,51,176.119625
-0.680024,51,176.144909
-0.650424,51,176.168464
-0.728656,51,176.192798
-0.78921,51,176.217385
-0.827639,50,176.240534
-0.77442,51,176.265725
-0.761837,51,176.289473
-0.914668,51,176.313388
-0.706641,51,176.338157
-0.944056,51,176.362666
-0.685688,50,176.386652
-0.699249,50,176.409711
-0.785927,51,176.43508
-0.879414,51,176.458531
-0.718345,51,176.48269
-0.7551,51,176.507278
-0.803563,51,176.532005
-0.803467,51,176.556102
-0.698321,51,176.57965
-0.695933,51,176.604856
-0.745994,51,176.628438
-0.644407,51,176.652761
-0.735609,51,176.677298
-0.729465,51,176.702066
-0.869183,51,176.726109
-0.685415,50,176.749457
-0.808785,51,176.774462
-0.633863,51,176.798131
-0.948928,51,176.822876
-0.661871,51,176.847301
-0.697128,51,176.872307
-0.765807,51,176.896306
-0.658412,51,176.920273
-0.709447,51,176.945642
-0.62969,51,176.969685
-0.778409,51,176.994283
-0.791024,51,177.247365
-0.894317,51,177.271488
-0.734629,51,177.29628
-0.874153,51,177.320803
-0.74826,51,177.344514
-0.623649,51,177.36983
-0.710785,51,177.393453
-0.683537,51,177.417624
-0.712754,51,177.44244
-0.697441,51,177.466049
-0.749399,51,177.491364
-0.609425,51,177.514804
-0.805771,51,177.540135
-0.794186,51,177.563685
-0.701224,51,177.587954
-0.768636,51,177.612572
-0.729941,51,177.637272
-0.748992,51,177.661387
-0.831536,51,177.684944
-0.802039,51,177.71026
-0.697613,50,177.733352
-0.732292,51,177.757627
-0.711383,51,177.782239
-0.635917,51,177.805729
-0.815073,51,177.830986
-0.647634,51,177.854653
-0.749187,51,177.879961
-0.709217,51,177.903575
-0.734712,51,177.92779
-0.844303,51,177.952407
-0.615573,51,177.975675
-0.822851,51,178.001111
-0.639451,51,178.024824
-0.775266,51,178.050116
-0.858704,51,178.073858
-0.771527,51,178.098285
-0.809766,51,178.122814
-0.685516,50,178.147258
-0.626912,51,178.171731
-0.728934,50,178.19523
-0.759402,51,178.449794
-0.679165,50,178.474732
-0.636516,50,178.498733
-0.673722,51,178.524272
-0.72813,51,178.547855
-0.756347,50,178.571775
-0.856511,51,178.596453
-0.594069,51,178.619997
-0.739686,51,178.645024
-0.690647,51,178.669005
-0.702496,51,178.692968
-0.784335,51,178.718
-0.639976,50,178.741937
-0.786857,50,178.766169
-0.721666,51,178.789758
-0.716341,51,178.81479
-0.794711,51,178.838648
-0.719654,51,178.862617
-0.755004,51,178.887448
-0.866375,51,178.911041
-0.77901,51,178.93587
-0.761665,51,178.960082
-0.681837,51,178.98373
-0.83104,51,179.008884
-0.886564,51,179.033058
-0.702991,51,179.057971
-0.695798,50,179.081185
-0.718302,51,179.105994
-0.785961,51,179.130085
-0.725668,51,179.153889
-0.667617,51,179.17882
-0.748513,51,179.203006
-0.654277,51,179.228036
-0.68323,51,179.251729
-0.69825,51,179.276695
-0.698513,51,179.300941
-0.785574,51,179.324825
-0.691038,51,179.349995
-0.756024,51,179.374403
-0.703227,50,179.399015
-0.773672,51,179.651387
-0.659789,51,179.676182
-0.743798,51,179.701269
-0.700234,51,179.725123
-0.683301,51,179.750088
-0.627741,51,179.774121
-0.735592,51,179.797844
-0.821486,51,179.822921
-0.712819,51,179.846418
-0.800834,51,179.871807
-0.757379,51,179.895219
-0.753542,51,179.92009
-0.711665,51,179.943985
-0.752795,51,179.967576
-0.858817,51,179.992621
-0.78215,51,180.016
-0.692175,51,180.041135
-0.634298,51,180.064472
-0.856442,51,180.089424
-0.798351,51,180.113045
-0.731761,51,180.136955
-0.624952,51,180.161684
-0.740649,51,180.185088
-0.738186,50,180.209485
-0.706497,50,180.232987
-0.703249,50,180.256202
-0.784804,51,180.281118
-0.694396,51,180.30465
-0.811528,51,180.329113
-0.723966,51,180.353165
-0.591579,51,180.378028
-0.650728,51,180.401683
-0.799103,51,180.425723
-0.650403,51,180.450528
-0.71629,51,180.474143
-0.711271,51,180.498957
-0.848122,50,180.522457
-0.7139,51,180.547599
-0.818675,51,180.571561
-0.867646,51,180.595849
-0.749394,51,180.62052
-0.746967,51,180.875077
-0.649918,51,180.899589
-0.653049,50,180.924638
-0.811762,51,180.948539
-0.77085,51,180.973415
-0.773512,51,180.997757
-0.662415,51,181.021453
-0.729051,51,181.046771
-0.797279,50,181.069909
-0.816832,51,181.094423
-0.74575,51,181.118954
-0.719293,51,181.143789
-0.706723,51,181.167903
-0.690588,51,181.191641
-0.742006,51,181.217044
-0.94285,51,181.240612
-0.792508,51,181.265038
-0.755919,51,181.2897
-0.766641,51,181.313289
-0.63347,50,181.337997
-0.722765,51,181.361746
-0.772393,51,181.387084
-0.690398,51,181.410721
-1.017261,51,181.435161
-0.649394,51,181.459635
-0.686482,51,181.483225
-0.686792,51,181.508484
-0.815632,50,181.531761
-0.65348,51,181.555797
-0.613499,51,181.580319
-0.892669,51,181.604059
-0.813067,51,181.629188
-0.751505,51,181.653253
-0.80395,51,181.678597
-0.778966,51,181.702177
-0.754325,50,181.726236
-0.732906,51,181.750931
-0.702416,51,181.827714
-0.616642,51,181.855567
-0.639446,51,181.881746
-0.692488,51,182.140869
-0.708834,51,182.166799
-0.726363,51,182.190918
-0.705768,51,182.215984
-0.808265,51,182.240459
-0.665063,51,182.264339
-0.732858,50,182.2894
-0.709019,51,182.313213
-0.68017,51,182.338424
-0.752566,51,182.362109
-0.777703,51,182.386722
-0.681093,51,182.41122
-0.766461,51,182.434898
-0.734042,50,182.459906
-0.794421,51,182.483565
-0.669649,51,182.507726
-0.822466,50,182.53227
-0.691737,51,182.557058
-0.885993,51,182.5815
-0.704874,51,182.605038
-0.625658,51,182.630433
-0.665639,51,182.654069
-0.779458,51,182.678377
-0.690681,51,182.703258
-0.810739,51,182.727829
-0.710376,50,182.751654
-0.613572,51,182.77523
-0.785676,51,182.800605
-0.845506,51,182.824095
-0.702063,51,182.848277
-0.653705,51,182.872992
-0.737612,51,182.896614
-0.650336,51,182.922077
-0.819934,51,182.945969
-0.72963,51,182.971406
-0.706815,50,182.994674
-0.796536,51,183.019287
-0.698729,51,183.043785
-0.778755,51,183.068891
-0.677221,51,183.093249
-0.626756,51,183.347571
-0.707538,51,183.372537
-0.71303,51,183.396463
-0.663049,51,183.422096
-0.682542,51,183.446001
-0.758863,51,183.471491
-0.802321,51,183.495178
-0.81377,51,183.519541
-0.75293,50,183.543841
-0.675911,50,183.567095
-0.634468,50,183.591994
-0.719584,50,183.615329
-0.716936,51,183.639493
-0.669572,51,183.664301
-0.82609,51,183.688855
-0.837047,51,183.713256
-0.729326,51,183.737008
-0.793682,51,183.762293
-0.685443,51,183.785877
-0.686522,51,183.810092
-0.802136,50,183.834412
-0.767377,51,183.858025
-0.773061,51,183.883446
-0.620146,50,183.906603
-0.621547,50,183.931429
-0.695477,51,183.954933
-0.710614,51,183.979151
-0.702758,51,184.003626
-0.63054,51,184.027206
-0.593579,51,184.052195
-0.706869,51,184.075987
-0.844541,51,184.10019
-0.842438,51,184.125121
-0.733881,51,184.149753
-0.721486,51,184.174215
-0.911605,51,184.198045
-0.832369,51,184.223506
-0.882397,51,184.247537
-0.728336,51,184.272733
-0.708135,51,184.297244
-0.70982,51,184.553116
-0.664045,51,184.577691
-0.631075,50,184.603115
-0.764824,51,184.627183
-0.760737,50,184.651447
-0.750093,51,184.676499
-0.767669,51,184.701525
-0.664446,50,184.725569
-0.627297,50,184.748935
-0.712875,51,184.774491
-0.663333,51,184.798155
-0.727325,50,184.822149
-0.826491,51,184.84686
-0.827822,51,184.870676
-0.715993,51,184.895647
-0.669051,51,184.919668
-0.688918,50,184.943294
-0.735811,50,184.968047
-0.696593,51,184.992619
-0.716666,51,185.017204
-0.634885,51,185.04093
-0.664106,51,185.066102
-0.782113,51,185.090051
-0.710376,51,185.114184
-0.723388,51,185.143618
-0.705142,50,185.167496
-0.713077,51,185.192059
-0.729581,51,185.217312
-0.714495,51,185.241002
-0.776334,51,185.26601
-0.747737,51,185.290546
-0.730384,50,185.31391
-0.840996,51,185.33957
-0.880087,51,185.363291
-0.715099,50,185.388384
-0.815253,51,185.412215
-0.811964,51,185.437059
-0.771586,51,185.461401
-0.736109,51,185.484946
-0.735374,51,185.5105
-0.834579,51,185.534151
-0.757178,51,185.790249
-0.704395,51,185.814681
-0.684885,51,185.838618
-0.740734,51,185.863992
-0.702756,51,185.887714
-0.797644,51,185.912336
-0.604674,51,185.936805
-0.591749,51,185.960477
-0.716556,50,185.985176
-0.659922,51,186.008701
-0.675153,50,186.033536
-0.724826,51,186.057056
-0.781358,51,186.081599
-0.730463,50,186.105229
-0.661343,51,186.128779
-0.797107,51,186.153965
-0.813912,51,186.177464
-0.655875,51,186.201829
-0.675739,51,186.226238
-0.751291,51,186.249705
-0.638949,51,186.274884
-0.692643,51,186.298416
-0.852072,51,186.322516
-0.74006,51,186.347123
-0.762492,51,186.37072
-0.826703,51,186.39559
-0.620124,50,186.419108
-0.759517,51,186.444297
-0.750112,51,186.467895
-0.915961,51,186.492253
-0.674221,51,186.516971
-0.806439,51,186.540724
-0.759732,51,186.56579
-0.677747,51,186.589762
-0.825806,51,186.615152
-0.700976,51,186.63876
-0.607286,51,186.663156
-0.63394,51,186.687477
-0.669493,51,186.711072
-0.682703,51,186.736246
-0.701663,51,186.988393
-0.852841,50,187.012026
-0.809811,51,187.03748
-0.733028,51,187.061559
-0.706344,51,187.085712
-0.661409,51,187.110862
-0.686547,50,187.134125
-0.82394,51,187.158884
-0.667435,51,187.183019
-0.670825,50,187.206217
-0.6479,50,187.230913
-0.734614,51,187.254389
-0.613474,51,187.278819
-0.662407,51,187.303147
-0.69421,50,187.327661
-0.607259,51,187.351348
-0.689473,51,187.375263
-0.666978,51,187.400079
-0.653537,50,187.423188
-0.668285,51,187.447948
-0.657295,51,187.471995
-0.69745,51,187.495708
-0.730602,51,187.520694
-0.850846,51,187.544317
-0.783958,50,187.568372
-0.735542,51,187.592538
-0.698527,51,187.616034
-0.869598,51,187.641425
-0.828385,51,187.66528
-0.760493,51,187.690171
-0.649075,51,187.715468
-0.742479,51,187.740589
-0.648185,51,187.765554
-0.729442,51,187.78962
-0.672042,51,187.81498
-0.732332,51,187.83979
-0.796514,51,187.863948
-0.629513,51,187.888114
-0.668612,50,187.912525
-0.706379,51,187.937334
-0.783091,51,188.192205
-0.676775,51,188.216454
-0.704017,51,188.242259
-0.697362,51,188.266209
-0.658464,51,188.291233
-0.797783,51,188.315669
-0.637012,51,188.339571
-0.712126,50,188.364617
-0.83975,51,188.388275
-0.713021,51,188.412578
-0.794558,51,188.437219
-0.719636,51,188.46089
-0.837417,51,188.486051
-0.786739,51,188.509966
-0.674605,51,188.533824
-0.771064,51,188.55913
-0.74459,51,188.582914
-0.821306,51,188.607491
-0.764409,50,188.631281
-0.658741,50,188.654476
-0.728979,50,188.679304
-0.713625,50,188.702398
-0.762771,51,188.726823
-0.911439,51,188.750728
-0.678726,51,188.774886
-0.658465,50,188.798161
-0.707153,51,188.823337
-0.944547,51,188.847352
-0.671048,51,188.872106
-0.6556,51,188.895837
-0.739443,50,188.920379
-0.691967,50,188.94397
-0.600746,51,188.967942
-0.581672,50,188.992663
-0.778494,51,189.016312
-0.917167,50,189.040623
-0.726504,51,189.064877
-0.861977,51,189.090084
-0.699969,51,189.113771
-0.801093,51,189.137746
-0.670667,51,189.162669
-0.721458,51,189.41625
-0.746011,51,189.442057
-0.68427,51,189.466001
-0.742697,51,189.490704
-0.865557,51,189.515605
-0.723209,51,189.539482
-0.768434,51,189.565069
-0.660366,51,189.588895
-0.851769,51,189.612774
-0.733114,51,189.638
-0.723241,51,189.662411
-0.746782,51,189.687299
-0.697002,50,189.71055
-0.694816,51,189.735761
-0.758658,50,189.759438
-0.782743,51,189.7835
-0.796255,51,189.808634
-0.641802,51,189.832408
-0.658002,51,189.857122
-0.804951,51,189.88157
-0.732187,51,189.905259
-0.656125,50,189.930232
-0.683965,51,189.95395
-0.688365,51,189.978228
-0.766858,51,190.003045
-0.714136,50,190.026239
-0.783725,51,190.051147
-0.663019,50,190.074659
-0.766595,51,190.100083
-0.641641,51,190.123798
-0.845797,51,190.148271
-0.631625,51,190.173134
-0.724274,51,190.196928
-0.729433,51,190.22207
-0.788698,51,190.246101
-0.710666,51,190.270003
-0.819494,51,190.295247
-0.823558,51,190.318849
-0.82654,51,190.344043
-0.63762,51,190.367641
-0.858192,51,190.624529
-0.722926,51,190.650081
-0.973904,51,190.674
-0.654968,51,190.698747
-0.767199,51,190.72359
-0.720461,51,190.747398
-0.605492,50,190.772414
-0.581705,51,190.796385
-0.873751,51,190.820571
-0.897601,51,190.845537
-0.745981,51,190.869094
-0.719566,51,190.893878
-0.666551,50,190.91743
-0.73337,51,190.941302
-0.617468,50,190.965937
-0.734167,51,190.98981
-0.771521,51,191.015082
-1.026406,51,191.03858
-0.692712,51,191.063648
-0.766113,51,191.087563
-0.705913,51,191.111465
-0.879015,51,191.136525
-0.61662,51,191.159998
-0.764251,51,191.184738
-0.676197,51,191.20893
-0.660219,51,191.232487
-0.830103,51,191.257804
-0.63742,51,191.281846
-0.705227,51,191.306925
-0.679055,51,191.330614
-0.674229,51,191.356018
-0.779624,51,191.379715
-0.705052,51,191.404967
-0.620659,50,191.428409
-0.712209,51,191.452539
-0.771781,51,191.477505
-0.72524,51,191.501236
-0.671627,51,191.526099
-0.765728,51,191.550078
-0.738692,51,191.574129
-0.658568,51,191.830553
-0.65854,51,191.854674
-0.81284,51,191.880028
-0.680392,51,191.904191
-0.697966,51,191.928191
-0.682126,51,191.953353
-0.689547,51,191.977247
-0.79951,51,192.001964
-0.72829,51,192.026325
-0.667038,51,192.049873
-0.684236,50,192.07478
-0.715277,51,192.098332
-0.672649,51,192.12254
-0.588735,51,192.14716
-0.815533,51,192.170715
-0.680377,51,192.195733
-0.717485,51,192.219592
-0.681291,51,192.243469
-0.793829,51,192.268319
-0.665604,51,192.292638
-0.680588,51,192.317235
-0.75977,50,192.340318
-0.805783,51,192.365444
-0.815783,51,192.389125
-0.697221,50,192.412147
-0.696258,50,192.436962
-0.745708,51,192.497861
-0.672547,50,192.536039
-0.782476,51,192.562629
-0.701221,50,192.588912
-0.784713,51,192.617087
-0.725525,51,192.642972
-0.820413,51,192.667362
-0.649234,51,192.691604
-0.757434,51,192.717065
-0.883336,51,192.740985
-0.769163,51,192.765677
-0.697234,51,192.790197
-0.746891,51,192.813882
-0.76799,51,192.839121
-0.736006,51,192.86308
-0.704673,50,193.117187
-0.797038,51,193.142717
-0.6545,51,193.166867
-0.747214,51,193.191015
-0.794985,51,193.216261
-0.657832,51,193.240642
-0.737457,51,193.265486
-0.763362,51,193.289216
-0.945957,51,193.314266
-0.745275,51,193.338232
-0.701561,51,193.362175
-0.708688,51,193.387264
-0.681885,51,193.410791
-0.715872,50,193.434954
-0.602533,51,193.459307
-0.683887,51,193.482893
-0.753204,51,193.508172
-0.738858,51,193.531694
-0.882142,51,193.556064
-0.661818,51,193.580716
-0.790048,51,193.604234
-0.716723,50,193.628788
-0.774468,51,193.652688
-0.717299,51,193.678045
-0.728836,51,193.701691
-0.835159,51,193.725973
-0.590647,50,193.750165
-0.688581,50,193.773374
-0.736495,51,193.798875
-0.743891,51,193.822913
-0.706602,51,193.847079
-0.777657,51,193.872049
-0.648697,50,193.89529
-0.74269,51,193.920828
-0.81736,51,193.944482
-0.776561,51,193.969784
-0.919817,50,193.99306
-0.628336,51,194.017195
-0.694965,51,194.041754
-0.652205,50,194.064992
-0.760425,51,194.318314
-0.854529,51,194.343452
-0.785215,51,194.367377
-0.793752,51,194.392702
-0.738196,50,194.4166
-0.759083,51,194.440772
-0.856198,51,194.466067
-0.730404,51,194.489943
-0.716932,50,194.515102
-0.737273,50,194.538303
-0.647199,51,194.563309
-0.696189,51,194.587267
-0.699097,51,194.611217
-0.706439,51,194.636236
-0.704485,51,194.660033
-0.760042,51,194.684658
-0.600896,50,194.708598
-0.889241,51,194.732167
-0.695573,50,194.757026
-0.752617,51,194.780619
-0.751574,51,194.804964
-0.708427,50,194.829093
-0.638243,51,194.853987
-0.817597,51,194.877972
-0.697412,51,194.901857
-0.627426,51,194.926945
-0.767174,50,194.950341
-0.66299,50,194.97477
-0.629602,51,194.999335
-0.63223,50,195.022738
-0.703433,51,195.048285
-0.772083,51,195.072402
-0.837496,51,195.097739
-0.761293,51,195.121581
-0.616227,50,195.145785
-0.818042,51,195.170102
-0.703856,51,195.193647
-0.791026,51,195.219154
-0.816334,51,195.242719
-0.686261,51,195.266866
-0.659995,51,195.519923
-0.852325,51,195.544005
-0.681875,50,195.568276
-0.718252,51,195.593102
-0.71463,51,195.616938
-0.704158,51,195.642227
-0.79527,51,195.666483
-0.779109,51,195.690613
-0.646988,51,195.715965
-0.821033,51,195.739719
-0.622952,51,195.764289
-0.765146,50,195.788353
-0.692469,51,195.813377
-0.805442,50,195.836949
-0.672344,51,195.86092
-0.732444,51,195.886077
-0.762832,51,195.909638
-0.83241,51,195.934245
-0.794262,51,195.958449
-0.644058,51,195.982044
-0.864042,51,196.007419
-0.595594,50,196.030615
-0.671877,51,196.054845
-0.840167,51,196.079517
-0.745758,51,196.10434
-0.737862,51,196.128361
-0.822291,51,196.152108
-0.782622,51,196.177602
-0.743013,51,196.201293
-0.635418,50,196.225381
-0.770699,51,196.250031
-0.679003,51,196.273715
-0.635078,51,196.298856
-0.695262,51,196.32288
-0.663066,51,196.346838
-0.735786,51,196.37184
-0.76549,51,196.395399
-0.829486,51,196.419954
-0.768196,51,196.444158
-0.667516,51,196.467669
-0.785926,51,196.721922
-0.803268,51,196.747624
-0.672316,51,196.77215
-0.650481,51,196.796256
-0.686897,51,196.821725
-0.779187,51,196.846068
-0.805441,51,196.871278
-0.73578,51,196.895161
-0.717118,51,196.920156
-0.698142,51,196.944619
-0.709502,51,196.968369
-0.740316,51,196.993828
-0.716735,50,197.017032
-0.667864,51,197.041407
-0.763485,51,197.06607
-0.868782,51,197.089689
-0.770826,51,197.114734
-0.642493,51,197.138717
-0.670086,51,197.162667
-0.886947,51,197.187615
-0.716921,51,197.211258
-0.86868,50,197.23557
-0.634346,51,197.259889
-0.772112,51,197.285015
-0.756382,51,197.308843
-0.760058,50,197.332465
-0.738764,51,197.357553
-0.709457,51,197.38137
-0.674523,51,197.406277
-0.824684,51,197.430745
-0.714135,51,197.454548
-0.718319,51,197.480024
-0.598294,51,197.503912
-0.816062,51,197.529584
-0.813359,50,197.552893
-0.823033,51,197.577677
-0.820002,51,197.601906
-0.735047,51,197.625437
-0.950675,51,197.650847
-0.622877,51,197.674371
-0.774322,51,197.698913
-0.706874,51,197.952381
-0.709586,51,197.977112
-0.646037,51,198.002511
-0.667851,51,198.026556
-0.665107,51,198.05161
-0.646961,50,198.075909
-0.685422,51,198.101294
-0.727839,51,198.125513
-0.747103,51,198.149586
-0.626551,51,198.17495
-0.69556,51,198.198583
-0.745302,51,198.223286
-0.895397,51,198.247802
-0.617777,51,198.271549
-0.622878,51,198.296923
-0.919362,51,198.32073
-0.594507,51,198.344851
-0.70108,51,198.369672
-0.697669,51,198.393327
-0.71212,51,198.418285
-0.729244,51,198.442424
-0.6954,51,198.466244
-0.792511,51,198.491584
-0.809021,51,198.515365
-0.854158,51,198.540554
-0.850695,51,198.564371
-0.737409,51,198.589313
-0.793931,51,198.613602
-0.728749,51,198.637447
-0.629492,51,198.662951
-0.669462,51,198.686567
-0.692835,51,198.711145
-0.647121,51,198.735745
-0.690481,51,198.759545
-0.652275,51,198.784921
-0.749239,51,198.80873
-0.710428,51,198.834077
-0.761096,51,198.857743
-0.707224,51,198.882116
-0.724488,51,198.906938
-0.623912,50,199.159783
-0.768422,51,199.185612
-0.722393,51,199.209525
-0.744114,50,199.234293
-0.815604,51,199.258742
-0.671377,51,199.282688
-0.772868,51,199.308324
-0.760043,51,199.332244
-0.787214,51,199.356841
-0.792705,51,199.381703
-0.647334,51,199.405443
-0.580213,51,199.430456
-0.762973,51,199.454497
-0.689833,50,199.478006
-0.670181,51,199.50324
-0.861991,51,199.526963
-0.705215,50,199.551098
-0.939777,51,199.575454
-0.638955,51,199.598999
-0.749319,51,199.624527
-0.736692,50,199.647946
-0.717762,50,199.672623
-0.722451,51,199.696157
-0.581602,51,199.720902
-0.761878,51,199.744928
-0.722838,51,199.768706
-0.763827,51,199.79411
-0.687534,51,199.818054
-0.775542,51,199.842595
-0.778165,51,199.867391
-0.743668,51,199.891212
-0.65152,51,199.916624
-0.641796,51,199.940378
-0.855659,50,199.965364
-0.676348,51,199.988904
-0.737504,51,200.013239
-0.663812,51,200.037853
-0.669828,51,200.061395
-0.823952,51,200.08636
-0.688176,51,200.110316
-0.760476,51,200.36349
-0.680974,50,200.387054
-0.663087,51,200.412891
-0.670771,51,200.436948
-0.687145,51,200.461618
-0.685189,51,200.48687
-0.885884,51,200.510825
-0.714745,51,200.536383
-0.598403,51,200.56036
-0.669837,51,200.585802
-0.730395,50,200.609327
-0.675838,51,200.633584
-0.701449,50,200.65813
-0.688682,51,200.681736
-0.665658,51,200.706639
-0.672408,51,200.730873
-0.769019,50,200.754161
-0.70233,50,200.779147
-0.746991,51,200.802824
-0.723407,51,200.827236
-0.74659,51,200.851963
-0.67502,50,200.87511
-0.631343,51,200.900235
-0.769233,51,200.924191
-0.650863,51,200.948257
-0.795182,51,200.973438
-0.838882,51,200.997976
-0.807863,51,201.02273
-0.766674,51,201.046554
-0.939783,51,201.071869
-0.76203,51,201.095999
-0.64072,51,201.120053
-0.710451,51,201.14531
-0.741814,51,201.169045
-0.746819,51,201.193641
-0.932302,51,201.218018
-0.805825,51,201.241661
-0.753288,51,201.267124
-0.671595,50,201.290587
-0.693125,51,201.315612
-0.752281,51,201.567093
-0.839204,51,201.592532
-0.72355,50,201.616173
-0.715824,50,201.640749
-0.705043,51,201.66541
-0.832063,51,201.689238
-0.733358,51,201.714947
-0.713839,51,201.73903
-0.706071,51,201.76355
-0.82374,51,201.788768
-0.765192,51,201.813536
-0.73479,51,201.838192
-0.75014,51,201.861934
-0.714036,51,201.887357
-0.705725,51,201.911351
-0.757605,51,201.935458
-0.914602,51,201.960658
-0.828842,51,201.984589
-0.762144,50,202.009036
-0.827311,51,202.033394
-0.885789,51,202.057199
-0.710637,50,202.082295
-0.778812,51,202.106074
-0.672074,51,202.133925
-0.695712,50,202.157619
-0.773331,51,202.182573
-0.692906,51,202.20752
-0.706297,51,202.231415
-0.705793,51,202.256646
-0.846645,51,202.280968
-0.694485,51,202.306547
-0.787452,51,202.330512
-0.808218,51,202.354726
-0.884446,51,202.378767
-0.69218,50,202.402927
-0.836128,51,202.426623
-0.788801,51,202.451941
-0.741284,51,202.475799
-0.760256,51,202.501262
-0.628614,51,202.524778
-0.628048,51,202.549444
-0.790781,51,202.856096
-0.775869,51,202.881302
-0.842434,51,202.908834
-0.642525,50,202.935427
-0.721458,51,202.961241
-0.696091,51,202.987058
-0.734128,50,203.01069
-0.817729,51,203.035669
-0.713603,51,203.060358
-0.761017,51,203.084407
-0.732432,51,203.109747
-0.609274,51,203.133698
-0.763446,51,203.157934
-0.762932,51,203.182969
-0.723527,51,203.206856
-0.794241,51,203.231786
-0.89617,51,203.25628
-0.946099,51,203.280085
-0.635462,51,203.305679
-0.721259,51,203.329207
-0.615644,51,203.3535
-0.722387,51,203.37838
-0.58634,51,203.401931
-0.774083,51,203.426909
-0.83772,51,203.451318
-0.705906,51,203.476791
-0.959982,51,203.500756
-0.773657,51,203.525075
-0.740871,50,203.549594
-0.66323,51,203.573358
-0.768138,51,203.598313
-0.649064,51,203.622511
-0.775913,51,203.646269
-0.733737,51,203.671564
-0.775037,51,203.695135
-0.836601,51,203.719643
-0.716363,51,203.744185
-0.748934,51,203.767751
-0.701716,50,203.792503
-0.701307,51,203.816622
-0.750196,51,204.068648
-0.719785,51,204.094256
-0.695415,51,204.118232
-0.7378,51,204.142729
-0.661729,51,204.167752
-0.733184,51,204.191635
-0.646196,51,204.216719
-0.73281,51,204.240999
-0.663441,51,204.266259
-0.780564,50,204.289738
-0.708599,51,204.314004
-0.698788,50,204.338443
-0.746924,51,204.362112
-0.729148,51,204.387069
-0.772604,51,204.41113
-0.823874,51,204.434937
-0.737681,51,204.460097
-0.622222,50,204.483271
-0.693192,51,204.507807
-0.707989,50,204.531673
-0.7502,51,204.556849
-0.78132,51,204.580756
-0.75711,51,204.604684
-0.65326,51,204.62966
-0.706818,51,204.65343
-0.791038,51,204.678212
-0.656744,51,204.702724
-0.751753,51,204.726525
-0.768894,51,204.752091
-0.708198,51,204.775841
-0.710933,51,204.80133
-0.659084,50,204.824669
-0.82407,51,204.849366
-0.714177,51,204.873611
-0.84444,51,204.897093
-0.777148,51,204.922587
-0.653175,51,204.946231
-0.665724,51,204.970609
-0.668453,51,204.995081
-0.776416,51,205.018823
-0.714155,51,205.271236
-0.811808,51,205.296151
-0.721518,51,205.319795
-0.678457,51,205.34531
-0.823086,51,205.369311
-0.717945,51,205.393717
-0.906443,51,205.418778
-0.764276,51,205.442522
-0.804688,51,205.467273
-0.670799,51,205.491711
-0.716762,51,205.516993
-0.720419,51,205.540998
-0.698342,51,205.565028
-0.730535,51,205.59001
-0.793451,51,205.613578
-0.653681,50,205.637922
-0.778754,51,205.662223
-0.837639,51,205.685801
-0.670284,51,205.711117
-0.76162,51,205.734791
-0.701217,50,205.758881
-0.760482,51,205.783331
-0.731143,51,205.80687
-0.633312,51,205.832067
-0.68524,51,205.856086
-0.750394,50,205.879941
-0.66746,51,205.904984
-0.77606,51,205.929652
-0.92896,51,205.954331
-0.794644,51,205.977983
-0.728108,51,206.00329
-0.841619,51,206.027346
-0.774222,51,206.05128
-0.7836,51,206.076184
-0.672178,51,206.09977
-0.73907,51,206.124313
-0.625314,51,206.148473
-0.699031,51,206.172127
-0.613778,50,206.196946
-0.723747,51,206.221099
-0.655933,51,206.483873
-0.679338,51,206.508929
-0.662688,51,206.534094
-0.675342,51,206.559
-0.838519,51,206.583962
-0.798564,51,206.608082
-0.68732,51,206.633623
-0.721794,51,206.657926
-0.67225,50,206.681836
-0.603941,51,206.707162
-0.827234,51,206.731118
-0.875804,50,206.755713
-0.797679,51,206.780186
-0.739906,50,206.803538
-0.821942,51,206.828994
-0.850057,51,206.852813
-0.699939,51,206.877219
-0.664765,51,206.902084
-0.678682,51,206.925817
-0.796421,51,206.951262
-0.731907,51,206.974891
-0.835032,51,206.998764
-0.73119,51,207.023742
-0.789354,51,207.048243
-0.751805,51,207.073273
-0.678439,51,207.097142
-0.754848,51,207.122382
-0.741813,51,207.146707
-0.77387,51,207.170764
-0.661009,51,207.196221
-0.593783,51,207.219998
-0.731729,51,207.244733
-0.775567,51,207.269444
-0.851995,51,207.294417
-0.754961,51,207.318395
-0.663602,51,207.34234
-0.734126,51,207.367705
-0.716011,51,207.391334
-0.799207,51,207.41498
-0.904105,51,207.440339
-0.722621,51,207.464168
-0.764336,51,207.717942
-0.696707,51,207.743048
-0.676349,51,207.766877
-0.695926,51,207.792706
-0.741689,51,207.816633
-0.632417,51,207.842302
-0.646847,51,207.867425
-0.752654,51,207.901583
-0.641967,51,207.936016
-0.741898,51,207.980584
-0.717643,51,208.017237
-0.756106,51,208.045338
-0.677126,51,208.07144
-0.791413,51,208.099078
-0.652702,51,208.125391
-0.707573,51,208.151287
-0.704085,51,208.178064
-0.719446,51,208.204385
-0.75234,51,208.229515
-0.6856,51,208.255863
-0.875541,51,208.280196
-0.670222,51,208.305085
-0.689872,51,208.328981
-0.884154,51,208.354061
-0.668375,51,208.378535
-0.65604,51,208.403927
-0.631879,51,208.427819
-0.769767,51,208.451909
-0.76827,51,208.476996
-0.750047,51,208.500893
-0.693614,51,208.526168
-0.768089,51,208.549824
-0.748856,51,208.574922
-0.776645,50,208.598241
-0.726566,51,208.622208
-0.648179,51,208.647041
-0.820356,51,208.670593
-0.736978,51,208.695305
-0.656255,50,208.718686
-0.760512,50,208.742144
-0.842211,51,208.997394
-0.977161,51,209.022796
-0.681646,51,209.046835
-0.721088,51,209.070858
-0.745582,51,209.09618
-0.645383,51,209.119897
-0.805312,51,209.145479
-0.655061,51,209.169232
-0.859784,51,209.19441
-0.764296,51,209.218585
-0.663544,51,209.242586
-0.833716,51,209.272584
-0.702679,50,209.299752
-0.759557,51,209.327187
-0.729084,51,209.353111
-0.72561,50,209.377128
-0.654683,51,209.402543
-0.741966,51,209.426341
-0.665979,51,209.450459
-0.664904,51,209.475414
-0.737023,51,209.499116
-0.658279,51,209.523845
-0.671332,51,209.548177
-0.713908,51,209.572073
-0.708124,50,209.596978
-0.695603,50,209.620369
-0.713439,51,209.646669
-0.730588,51,209.671381
-0.65836,51,209.69604
-0.797476,51,209.719833
-0.730712,51,209.745076
-0.709621,51,209.768854
-0.762049,51,209.794312
-0.663954,51,209.817882
-0.637862,51,209.842366
-0.820304,50,209.866459
-0.809623,51,209.890014
-0.794688,51,209.915208
-0.696492,51,209.938698
-0.662354,51,209.963967
-0.715461,51,210.217117
-0.680012,51,210.24285
-0.66562,51,210.266613
-0.675644,51,210.290765
-0.790018,51,210.31564
-0.676554,51,210.340367
-0.717527,50,210.364418
-0.789904,51,210.388249
-0.772471,51,210.41368
-0.739695,51,210.437474
-0.702328,51,210.461934
-0.603006,51,210.486744
-0.697219,51,210.514408
-0.702233,51,210.545044
-0.653028,51,210.57601
-0.791112,51,210.612341
-0.765136,51,210.647004
-0.622546,51,210.67659
-0.771681,51,210.703098
-0.750871,51,210.731763
-0.83145,51,210.75783
-0.786845,51,210.784896
-0.715362,51,210.812829
-0.863202,51,210.83977
-0.784891,51,210.865129
-0.679058,51,210.889057
-0.803664,51,210.914211
-0.735853,51,210.938501
-0.682727,51,210.964217
-0.653383,51,210.988047
-0.66943,50,211.011824
-0.757177,51,211.036527
-0.60865,51,211.060057
-0.879519,51,211.085273
-0.694157,50,211.10876
-0.786519,51,211.132719
-0.610485,51,211.157625
-0.747138,51,211.181257
-0.714433,50,211.20614
-0.692714,51,211.229509
-0.700531,51,211.482582
-0.720788,51,211.506926
-0.796445,51,211.531018
-0.867965,51,211.556466
-0.785145,51,211.579991
-0.662987,51,211.604401
-0.743675,51,211.629314
-0.765967,51,211.653016
-0.8327,51,211.678112
-0.686373,51,211.702252
-0.800493,51,211.727734
-0.934678,51,211.751497
-0.704173,50,211.775431
-0.673539,51,211.800181
-0.669455,51,211.823785
-0.659023,51,211.848787
-0.66665,51,211.872705
-0.664284,51,211.897975
-0.600863,51,211.921558
-0.729194,50,211.945448
-0.756518,51,211.969749
-0.811014,51,211.993198
-0.699915,51,212.018461
-0.746654,51,212.042164
-0.697225,50,212.065932
-0.641264,50,212.090463
-0.783889,51,212.115285
-0.649715,51,212.139715
-0.629464,51,212.163493
-0.779221,51,212.188896
-0.663713,51,212.21254
-0.965208,51,212.236719
-0.686962,51,212.261588
-0.685515,51,212.285073
-0.734743,51,212.309879
-0.73128,51,212.333831
-0.728725,51,212.359246
-0.591887,51,212.382794
-0.767027,51,212.406958
-0.676914,51,212.431586
-0.799766,51,212.45508
-0.724242,51,212.710547
-0.663495,50,212.735083
-0.91688,51,212.758686
-0.718726,51,212.78391
-0.827325,51,212.807608
-0.851615,51,212.833161
-0.587779,51,212.856905
-0.826679,50,212.880928
-0.658056,51,212.905729
-0.805163,51,212.929262
-0.635608,51,212.954342
-0.681242,51,212.978445
-0.646153,50,213.00207
-0.723789,51,213.027174
-0.678137,51,213.050735
-0.684698,51,213.076009
-0.780796,51,213.099586
-0.740802,51,213.124574
-0.630568,50,213.147924
-0.783512,51,213.171752
-0.81926,51,213.196626
-0.725967,51,213.220188
-0.726505,51,213.245067
-0.63154,50,213.268852
-0.72256,51,213.292782
-0.761252,51,213.318225
-0.710888,51,213.341939
-0.785653,51,213.367283
-0.763058,51,213.391045
-0.745092,51,213.415775
-0.718321,50,213.439313
-0.661247,51,213.462985
-0.717045,51,213.48808
-0.63387,51,213.511492
-0.790456,51,213.535863
-0.831934,51,213.56015
-0.790219,51,213.583624
-0.723552,51,213.608997
-0.76402,51,213.632442
-0.648663,51,213.6564
-0.68479,50,213.913306
-0.693856,51,213.937529
-0.790139,51,213.963171
-0.66174,51,213.987075
-0.802982,51,214.011565
-0.725877,51,214.036777
-0.698558,51,214.060738
-0.999761,51,214.086518
-0.74608,51,214.110451
-0.627214,51,214.13592
-0.672947,51,214.160081
-0.80397,51,214.184337
-0.695348,51,214.209569
-0.666677,51,214.234141
-0.77623,51,214.258965
-0.648565,51,214.283931
-0.648344,51,214.308236
-0.72844,51,214.331958
-0.759755,51,214.357387
-0.747014,51,214.380863
-0.749607,51,214.405216
-0.66552,51,214.43008
-0.70627,51,214.453832
-0.649984,51,214.479434
-0.638355,50,214.502772
-0.802617,51,214.528231
-0.722712,50,214.551547
-0.760689,51,214.57608
-0.72896,51,214.600857
-0.745125,51,214.62555
-0.68123,51,214.649837
-0.669138,51,214.673472
-0.745307,51,214.698849
-0.687891,51,214.722515
-0.713452,51,214.746704
-0.795109,51,214.771477
-0.682252,51,214.795216
-0.698537,51,214.820375
-0.810811,50,214.844203
-0.65739,50,214.86751
-0.64049,51,215.124647
-0.798478,51,215.152205
-0.776263,51,215.176497
-0.716215,50,215.200624
-0.72118,51,215.22416
-0.73083,51,215.300721
-0.743123,51,215.328184
-0.615818,51,215.355182
-0.710291,51,215.382216
-0.722534,51,215.409295
-0.745984,50,215.433381
-0.83374,51,215.458925
-0.726571,51,215.483278
-0.698685,51,215.50735
-0.696454,50,215.531495
-0.766658,51,215.555089
-0.72806,51,215.580388
-0.836889,51,215.604213
-0.757323,51,215.628078
-0.716285,51,215.652792
-0.830885,51,215.677352
-0.812588,51,215.701835
-0.629774,51,215.72554
-0.76911,51,215.750967
-0.71335,51,215.774702
-0.731098,50,215.799648
-0.671898,51,215.823239
-0.730729,51,215.848021
-0.670699,50,215.871998
-0.736045,51,215.895643
-0.784042,51,215.92103
-0.712924,51,215.944617
-0.777475,51,215.968831
-0.758,50,215.993083
-0.741186,51,216.01654
-0.778023,51,216.041442
-0.769726,51,216.065223
-0.742762,51,216.089053
-0.700473,51,216.114046
-0.654623,50,216.137078
-0.682622,50,216.392281
-0.713433,51,216.417889
-0.812669,51,216.441699
-0.770745,51,216.466518
-0.643093,51,216.490957
-0.748652,51,216.514556
-0.949096,51,216.540028
-0.68919,51,216.56389
-0.78483,51,216.589421
-0.688239,51,216.613159
-0.716329,51,216.637819
-0.680334,51,216.662294
-0.726937,51,216.686141
-0.691094,50,216.711055
-0.669969,51,216.7348
-0.759029,50,216.758535
-0.674135,51,216.783186
-0.62884,50,216.806259
-0.700691,51,216.831251
-0.877186,51,216.85505
-0.740224,51,216.880166
-0.69118,50,216.903457
-0.834791,51,216.927965
-0.749806,50,216.95212
-0.633364,51,216.975787
-0.687244,51,217.001089
-0.773427,51,217.024985
-0.731551,51,217.049144
-0.683688,51,217.074085
-0.804772,51,217.097877
-0.665278,51,217.122518
-0.794798,51,217.146557
-0.858887,51,217.170181
-0.676951,51,217.1954
-0.684373,51,217.218879
-0.693751,51,217.243259
-0.683162,50,217.267183
-0.858529,51,217.291948
-0.717646,51,217.315738
-0.81391,51,217.339412
-0.66387,51,217.364176
-0.778437,51,217.618214
-0.716261,51,217.642268
-0.800736,51,217.667522
-0.829823,51,217.691233
-0.808268,51,217.715749
-0.697406,51,217.7401
-0.671059,51,217.763784
-0.765477,51,217.789298
-0.715278,51,217.813208
-0.735838,51,217.837547
-0.715146,51,217.862472
-0.602238,51,217.886246
-0.798419,51,217.911199
-0.896853,51,217.935434
-0.63412,51,217.959221
-0.756637,51,217.984415
-0.80279,51,218.007964
-0.733204,50,218.032057
-0.700931,51,218.056355
-0.699206,51,218.079788
-0.7221,51,218.105447
-0.795444,51,218.129251
-0.69913,51,218.153534
-0.734214,51,218.178391
-0.627861,51,218.201986
-0.663348,51,218.22708
-0.684124,51,218.251332
-0.73131,51,218.275194
-0.718659,51,218.300379
-0.70534,51,218.323874
-0.694796,50,218.347923
-0.694812,51,218.372117
-0.679085,50,218.395088
-0.683044,51,218.420403
-0.685283,51,218.443866
-0.748225,50,218.467723
-0.683859,51,218.4921
-0.715272,51,218.515635
-0.823791,51,218.540745
-0.722224,51,218.564376
-0.661245,51,218.814997
-0.716364,51,218.840561
-0.617614,51,218.864169
-0.707729,51,218.888355
-0.794358,51,218.912837
-0.696352,51,218.936189
-0.743027,51,218.961183
-0.958303,51,218.985179
-0.699731,51,219.009282
-0.631746,51,219.034374
-0.828046,51,219.058004
-0.684468,51,219.082691
-0.68735,51,219.106894
-0.770761,51,219.130474
-0.678616,51,219.155814
-0.705076,51,219.179308
-0.859457,51,219.20364
-0.6653,51,219.228252
-0.693758,51,219.251686
-0.723312,51,219.276747
-0.919453,51,219.300422
-0.692832,51,219.324611
-0.76819,51,219.34953
-0.720722,51,219.373334
-0.70113,51,219.398293
-0.666872,51,219.422521
-0.675767,50,219.445845
-0.743394,51,219.47127
-0.707483,51,219.4954
-0.625413,51,219.520125
-0.781525,51,219.543575
-0.782247,51,219.568433
-0.617323,51,219.592369
-0.630401,51,219.616082
-0.729598,51,219.639992
-0.653923,51,219.664693
-0.675135,50,219.687667
-0.67201,50,219.712199
-0.656183,51,219.735932
-0.72612,50,219.759355
-0.82259,51,220.015472
-0.737362,51,220.039863
-0.639583,51,220.063795
-0.708563,51,220.089063
-0.673447,51,220.112636
-0.748895,51,220.136331
-0.734518,51,220.161562
-0.799847,51,220.185224
-0.754729,51,220.21056
-0.625309,51,220.23439
-0.885111,51,220.258593
-0.756866,51,220.283657
-0.800537,51,220.307374
-0.714156,50,220.33175
-0.927088,51,220.355944
-0.875007,51,220.379634
-0.702101,51,220.404892
-0.655127,51,220.428409
-0.633585,51,220.452842
-0.605079,51,220.47729
-0.772516,51,220.500733
-0.765578,51,220.52595
-0.682989,50,220.549339
-0.710006,51,220.573579
-0.720005,51,220.598844
-0.694384,51,220.622471
-0.685595,51,220.647806
-0.752519,51,220.671514
-0.821769,51,220.696681
-0.666846,51,220.720348
-0.717223,51,220.744415
-0.667591,50,220.767806
-0.720149,51,220.792088
-0.743225,51,220.815477
-0.728375,50,220.840252
-0.730861,51,220.863639
-0.661577,51,220.887775
-0.606432,51,220.912239
-0.737741,51,220.935624
-0.718662,51,220.960539
-0.64711,51,221.213531
-0.636324,50,221.237099
-0.635762,51,221.262338
-0.775833,51,221.286064
-0.712651,51,221.30965
-0.773578,51,221.334032
-0.678704,51,221.358664
-0.833424,51,221.382212
-0.802458,51,221.407572
-0.661531,51,221.431365
-0.705718,50,221.456218
-0.808761,51,221.479985
-0.81603,51,221.504613
-0.74765,51,221.52932
-0.663355,51,221.553249
-0.679948,51,221.578431
-0.710601,50,221.601829
-0.650646,51,221.625967
-0.74363,51,221.650719
-0.725325,51,221.674212
-0.604625,51,221.698895
-0.703037,51,221.723084
-0.64321,50,221.746512
-0.776599,51,221.77182
-0.653839,50,221.795117
-0.796212,51,221.819786
-0.652901,51,221.844209
-0.720166,51,221.86789
-0.68819,51,221.893315
-0.638355,50,221.916462
-0.752963,51,221.940563
-0.759244,51,221.965134
-0.766708,51,221.988524
-0.717482,51,222.013346
-0.626113,51,222.037112
-0.742193,51,222.06091
-0.842444,51,222.085867
-0.708038,51,222.109385
-0.721036,51,222.134044
-0.620775,51,222.158263
-0.775886,51,222.18178
-0.757103,51,222.437499
-0.780917,51,222.46219
-0.700776,51,222.486016
-0.739779,51,222.511489
-0.683169,50,222.534749
-0.649506,51,222.558985
-0.761662,51,222.584051
-0.756716,50,222.607705
-0.652993,50,222.633562
-0.704364,51,222.657918
-0.81074,51,222.68179
-0.725022,51,222.707132
-0.70165,51,222.73115
-0.667132,51,222.756737
-0.716454,51,222.782292
-0.792439,51,222.806941
-0.692287,50,222.83102
-0.662797,51,222.854522
-0.717799,51,222.879587
-0.737906,51,222.903041
-0.655567,51,222.927352
-0.680247,51,222.952345
-0.612789,51,222.976027
-0.712301,51,223.000993
-0.671768,50,223.024671
-0.688878,51,223.048563
-0.671621,51,223.073894
-0.776088,51,223.097558
-0.735239,51,223.122263
-0.663098,51,223.146917
-0.707189,51,223.17052
-0.789682,51,223.195693
-0.684446,50,223.218878
-0.676262,50,223.242601
-0.778416,51,223.267261
-0.643316,51,223.290652
-0.703457,51,223.315644
-0.791901,51,223.339335
-0.686827,51,223.363294
-0.69778,51,223.388093
-0.616686,51,223.642686
-0.81151,51,223.668396
-0.742287,51,223.693967
-0.687838,51,223.723296
-0.764285,51,223.749242
-0.693238,51,223.775167
-0.758625,51,223.799197
-0.67904,51,223.823387
-0.692574,50,223.847977
-0.755493,51,223.87183
-0.75656,51,223.896733
-0.670187,51,223.921254
-0.662708,51,223.945046
-0.72139,51,223.970673
-0.717323,51,223.994424
-0.853212,51,224.018799
-0.683998,51,224.043671
-0.732311,51,224.067304
-0.629681,50,224.091855
-0.817031,51,224.1157
-0.718798,51,224.139752
-0.662064,51,224.165013
-0.646056,50,224.188341
-0.702382,50,224.21275
-0.732808,51,224.237251
-0.723394,50,224.262067
-0.669999,51,224.286093
-0.638563,50,224.309808
-0.75011,51,224.335026
-0.624077,51,224.358605
-0.696359,51,224.383347
-0.794269,51,224.407474
-0.645,51,224.431003
-0.644113,51,224.456364
-0.814345,51,224.479909
-0.780054,50,224.503843
-0.780772,51,224.528226
-0.693106,51,224.551837
-0.710125,51,224.577048
-0.715624,50,224.600275
-0.648053,51,224.857333
-0.695516,51,224.881329
-0.836913,51,224.906702
-0.773689,51,224.930586
-0.795659,50,224.95439
-0.635124,51,224.979418
-0.76798,51,225.003049
-0.765405,51,225.027894
-0.682418,51,225.051887
-0.830735,51,225.075686
-0.69074,50,225.100705
-0.774359,51,225.12837
-0.690229,51,225.153526
-0.678792,50,225.180331
-0.727737,51,225.205853
-0.705834,51,225.231549
-0.688065,51,225.255522
-0.73683,51,225.280065
-0.771851,51,225.304796
-0.778161,51,225.328177
-0.672538,51,225.353504
-0.731762,51,225.377525
-0.752464,51,225.401702
-0.72035,51,225.428272
-0.748945,51,225.45244
-0.718486,51,225.490492
-0.636314,51,225.518996
-0.624175,50,225.545497
-0.675187,51,225.571893
-0.683654,51,225.59804
-0.691501,51,225.623291
-0.848064,51,225.647068
-0.667312,51,225.67066
-0.686131,51,225.695789
-0.604554,51,225.719723
-0.710542,51,225.743736
-0.670844,51,225.768753
-0.659584,51,225.792407
-0.749288,51,225.817206
-0.702731,51,225.841487
-0.669692,51,225.865148
-0.849328,51,226.12249
-0.700539,51,226.147417
-0.750769,51,226.172003
-0.738077,51,226.195767
-0.759334,51,226.221251
-0.732268,51,226.245068
-0.758446,51,226.269244
-0.666627,51,226.293999
-0.714093,50,226.317194
-0.617279,50,226.342018
-0.76792,51,226.366262
-0.74744,51,226.428767
-0.678018,51,226.470957
-0.815965,51,226.498407
-0.68811,50,226.524206
-0.685176,51,226.550042
-0.722219,51,226.576623
-0.745139,51,226.602663
-0.673897,51,226.626657
-0.71044,51,226.651233
-0.623995,51,226.676607
-0.67833,51,226.700542
-0.652683,51,226.725605
-0.745113,51,226.75009
-0.607346,51,226.773998
-0.728408,50,226.799298
-0.567749,50,226.823283
-0.70955,51,226.84844
-0.690759,51,226.872071
-0.837509,51,226.895732
-0.67671,51,226.920847
-0.66142,50,226.944409
-0.804212,51,226.968386
-0.79154,51,226.993467
-0.838521,51,227.017251
-0.661565,50,227.041655
-0.69237,50,227.065468
-0.704774,51,227.09053
-0.7182,51,227.114398
-0.702867,51,227.138496
-0.73454,51,227.391334
-0.669508,50,227.416647
-0.867725,51,227.440559
-0.825056,51,227.465205
-0.782015,51,227.490243
-0.806589,51,227.514177
-0.693462,51,227.539329
-0.707535,51,227.563639
-0.653405,51,227.587341
-0.761995,51,227.612736
-0.685222,50,227.636177
-0.696347,51,227.660864
-0.706607,51,227.685742
-0.67991,51,227.710658
-0.763313,51,227.735024
-0.738863,50,227.758584
-0.713183,51,227.784137
-0.704261,51,227.807936
-0.658675,51,227.832435
-0.714918,51,227.85724
-0.73695,51,227.881119
-0.862807,51,227.906311
-0.657131,51,227.930395
-0.699175,51,227.954488
-0.780382,51,227.97982
-0.689977,51,228.003753
-0.769788,51,228.029404
-0.678188,50,228.052527
-0.719606,51,228.077535
-0.715825,51,228.101481
-0.810959,51,228.125458
-0.716098,51,228.150502
-0.688962,51,228.17405
-0.710755,51,228.198644
-0.792751,51,228.223098
-0.765071,51,228.246742
-0.833853,51,228.272099
-0.746827,51,228.29569
-0.671383,51,228.320093
-0.707864,51,228.344846
-0.747169,51,228.605307
-0.668101,51,228.630037
-0.762028,51,228.654026
-0.67113,51,228.678155
-0.739775,51,228.703431
-0.73938,51,228.727179
-0.661841,51,228.751821
-0.704935,50,228.775852
-0.683915,51,228.799592
-0.775114,51,228.825004
-0.707877,51,228.849136
-0.617173,51,228.874423
-0.675921,50,228.897784
-0.602827,51,228.922639
-0.715553,51,228.947168
-0.616433,50,228.970577
-0.706143,51,228.996023
-0.685938,50,229.019263
-0.582839,50,229.043139
-0.764651,51,229.067936
-0.625341,51,229.091711
-0.752127,51,229.116927
-0.678349,51,229.141021
-0.761979,51,229.165112
-0.86199,51,229.190294
-0.661475,51,229.214095
-0.769385,51,229.239535
-0.758668,51,229.263165
-0.710653,51,229.288143
-0.78579,51,229.324392
-0.738705,51,229.365197
-0.767221,51,229.395405
-0.869542,51,229.429632
-0.668117,51,229.470251
-0.630045,50,229.498665
-0.731965,51,229.525016
-0.674097,51,229.551185
-0.630953,51,229.578828
-0.695914,51,229.60557
-0.670745,50,229.630144
-0.617584,51,229.888132
-0.682518,50,229.912007
-0.653777,51,229.936582
-0.682326,51,229.9615
-0.700293,51,229.985278
-0.748854,51,230.010247
-0.650858,51,230.03445
-0.686577,51,230.058284
-0.767923,51,230.083526
-0.828036,51,230.107128
-0.703978,51,230.132531
-0.879074,51,230.166826
-0.779403,51,230.194607
-0.851956,51,230.221476
-0.664974,51,230.248336
-0.651801,51,230.27562
-0.695732,51,230.300099
-0.70007,51,230.324647
-0.723542,51,230.348345
-0.746292,51,230.373916
-0.859383,51,230.398042
-0.718286,51,230.423382
-0.8044,51,230.447227
-0.612113,51,230.471916
-0.722617,51,230.496423
-0.781678,51,230.521628
-0.70154,51,230.545727
-0.684371,51,230.569742
-0.60759,51,230.594857
-0.690866,51,230.61847
-0.664348,51,230.64296
-0.735471,50,230.666912
-0.806428,50,230.690034
-0.704242,51,230.71537
-0.787088,51,230.739354
-0.698548,50,230.76394
-0.703397,51,230.787578
-0.655008,51,230.812124
-0.770356,51,230.836173
-0.617688,51,230.859811
-0.691765,50,230.884609
-0.87332,51,231.140121
-0.642867,51,231.166148
-0.732416,51,231.189819
-0.765964,51,231.21376
-0.686094,51,231.238746
-0.59535,51,231.262978
-0.650433,51,231.287562
-0.731072,51,231.311126
-0.666904,51,231.336328
-0.736341,51,231.360094
-0.686815,51,231.38418
-0.68837,51,231.409435
-0.847092,51,231.433857
-0.808918,51,231.458606
-0.702954,51,231.484038
-0.722755,51,231.509636
-0.673124,51,231.534932
-0.722251,51,231.560324
-0.72127,51,231.585821
-0.661337,51,231.61134
-0.629518,51,231.635117
-0.6791,51,231.660455
-0.702184,51,231.685984
-0.695719,51,231.709838
-0.713484,51,231.734468
-0.667378,51,231.759185
-0.695036,51,231.784101
-0.747552,50,231.807684
-0.653345,51,231.832966
-0.736788,51,231.856684
-0.676837,51,231.88203
-0.713702,51,231.906232
-0.582138,50,231.930205
-0.800635,51,231.955013
-0.66823,51,231.978959
-0.62587,51,232.004288
-0.591531,50,232.033536
-0.607529,50,232.064687
-0.74194,51,232.090595
-0.664407,51,232.117787
-0.738015,51,232.393199
-0.728771,51,232.419097
-0.752276,51,232.446135
-0.69894,51,232.476519
-0.697677,51,232.504702
-0.650589,50,232.532258
-0.728035,51,232.560169
-0.669158,51,232.586051
-0.657573,51,232.611816
-0.696638,50,232.636819
-0.805168,50,232.660316
-0.904448,51,232.685965
-0.739883,51,232.711378
-0.717464,50,232.734887
-0.725908,51,232.760406
-0.754923,51,232.784103
-0.739756,51,232.809684
-0.636642,50,232.832945
-0.851268,51,232.85886
-0.715896,51,232.884346
-0.651484,50,232.908082
-0.829988,51,232.933711
-0.744239,51,232.957545
-0.725333,51,232.983127
-0.697251,51,233.006937
-0.645951,50,233.031507
-0.75818,51,233.05587
-0.728709,51,233.079538
-0.659854,51,233.104854
-0.687602,51,233.128939
-0.629272,51,233.153967
-0.710664,51,233.177481
-0.732055,51,233.202128
-0.771806,51,233.226381
-0.77448,51,233.251532
-0.708846,51,233.275388
-0.789377,51,233.299378
-0.869655,51,233.324494
-0.629425,51,233.348113
-0.710078,50,233.373003
-0.728025,51,233.626778
-0.616067,51,233.651702
-0.754619,51,233.676549
-0.615573,51,233.700227
-0.720026,51,233.725486
-0.645341,51,233.749438
-0.688182,51,233.774876
-0.733278,51,233.798413
-0.786294,51,233.822788
-0.667705,51,233.847271
-0.781422,51,233.870706
-0.684203,51,233.896196
-0.643601,50,233.919635
-0.725748,51,233.944997
-0.680871,51,233.9686
-0.727565,51,233.994055
-0.776526,51,234.017797
-0.679572,51,234.042741
-0.777913,51,234.067252
-0.88715,51,234.092769
-0.725063,51,234.116699
-0.72837,51,234.140912
-0.756893,51,234.166011
-0.737762,51,234.189688
-0.788885,51,234.215138
-0.703136,51,234.2389
-0.778315,51,234.26421
-0.708985,51,234.28801
-0.739488,51,234.312003
-0.647844,50,234.336485
-0.697567,51,234.36093
-0.806768,51,234.385444
-0.77514,51,234.408934
-0.758306,51,234.434181
-0.840019,51,234.457825
-0.688608,50,234.481515
-0.729235,51,234.506246
-0.604944,51,234.530719
-0.767001,51,234.555048
-0.832883,51,234.578588
-0.73916,51,234.831403
-0.651215,51,234.856098
-0.642205,51,234.881589
-0.753301,51,234.90539
-0.615798,51,234.929467
-0.718774,51,234.954616
-0.650705,51,234.978205
-0.816042,51,235.00318
-0.894288,51,235.027468
-0.603108,51,235.051046
-0.648135,51,235.076387
-0.667607,51,235.100422
-0.610195,51,235.125523
-0.668797,50,235.148827
-0.782597,51,235.173864
-0.688248,51,235.198309
-0.645809,50,235.223303
-0.716297,51,235.24718
-0.679216,51,235.27159
-0.762709,51,235.296939
-0.699672,51,235.320812
-0.736667,50,235.345292
-0.717176,51,235.369771
-0.904648,51,235.395858
-0.862768,51,235.420231
-0.665504,51,235.444357
-0.745509,50,235.469429
-0.797721,51,235.493086
-0.700644,51,235.517666
-0.726305,51,235.542239
-0.725904,51,235.566072
-0.777444,51,235.591478
-0.687125,51,235.615339
-0.734295,51,235.640639
-0.772824,51,235.664228
-0.625363,50,235.688363
-0.655182,51,235.712843
-0.64591,50,235.736004
-0.602897,51,235.761316
-0.634864,50,235.784482
-0.690069,51,235.80881
-0.664848,51,236.065734
-0.686863,51,236.091306
-0.768069,50,236.11501
-0.680368,51,236.139098
-0.740111,51,236.164219
-0.688493,51,236.187887
-0.816621,51,236.212638
-0.648884,51,236.236876
-0.83839,51,236.260479
-0.618131,50,236.285485
-0.901235,51,236.309377
-0.77208,51,236.334406
-0.653267,51,236.358131
-0.713222,51,236.383103
-0.918106,51,236.407398
-0.711303,51,236.431245
-0.728444,51,236.456538
-0.850887,51,236.480486
-0.766298,51,236.506128
-0.719516,51,236.529988
-0.65491,51,236.554836
-0.754521,51,236.57925
-0.706787,51,236.602985
-0.622541,50,236.628011
-0.754838,51,236.651767
-0.830137,51,236.677161
-0.62804,51,236.700729
-0.6382,51,236.725466
-0.649182,51,236.749668
-0.781165,51,236.773297
-0.714778,51,236.798519
-0.775145,51,236.822108
-0.767088,51,236.846541
-0.72365,51,236.871085
-0.76014,50,236.89415
-0.679957,51,236.919521
-0.601102,51,236.943188
-0.748041,51,236.968489
-0.829033,51,236.991896
-0.752928,51,237.016414
-0.772238,50,237.269181
-0.671964,51,237.294482
-0.776485,51,237.318314
-0.620231,51,237.343419
-0.74451,51,237.367779
-0.788684,51,237.393077
-0.745749,51,237.417274
-0.752193,50,237.499004
-0.794931,51,237.528596
-0.793262,51,237.557563
-0.72952,51,237.583617
-0.702223,51,237.610946
-0.687523,51,237.635484
-0.678243,51,237.660522
-0.687374,51,237.685512
-0.762021,51,237.710079
-0.725543,50,237.733571
-0.681801,51,237.759292
-0.799398,51,237.783278
-0.702966,51,237.808405
-0.744821,51,237.833283
-0.73231,51,237.858235
-0.670577,51,237.882114
-0.693503,51,237.907148
-0.745504,51,237.931158
-0.687941,51,237.955034
-0.715602,50,237.979602
-0.868047,51,238.00326
-0.650247,50,238.027443
-0.676408,51,238.051539
-0.634155,51,238.075056
-0.648724,51,238.100494
-0.723554,51,238.124136
-0.788728,51,238.148564
-0.881141,51,238.173143
-0.62003,51,238.196762
-0.665676,51,238.221791
-0.663753,51,238.245588
-0.672536,50,238.269229
-0.810533,51,238.294057
-0.7399,51,238.54829
-0.616617,51,238.574178
-0.683156,51,238.598079
-0.742974,51,238.623621
-0.651871,51,238.647339
-0.694723,51,238.672124
-0.660896,51,238.696432
-0.71357,51,238.719906
-0.684842,51,238.745279
-0.726475,51,238.76888
-0.702734,51,238.793267
-0.6824,51,238.817672
-0.767219,51,238.841548
-0.704905,51,238.867045
-0.644233,50,238.890398
-0.69956,50,238.915352
-0.813655,51,238.93901
-0.635411,51,238.963813
-0.725798,51,238.988795
-0.700172,51,239.013902
-0.642057,50,239.037911
-0.778795,51,239.061607
-0.73945,51,239.08703
-0.682327,51,239.110628
-0.61528,51,239.135056
-0.617787,51,239.159678
-0.750017,51,239.18319
-0.693326,51,239.208312
-0.654401,51,239.231907
-0.582587,51,239.255843
-0.635884,51,239.280611
-0.714762,51,239.304876
-0.683099,50,239.328811
-0.659704,51,239.352285
-0.702477,51,239.377555
-0.774453,51,239.401059
-0.710958,51,239.4252
-0.71822,50,239.449249
-0.636444,51,239.472698
-0.809725,51,239.497785
-0.735346,51,239.752376
-0.689791,50,239.776214
-0.751202,51,239.801446
-0.700694,50,239.825135
-0.853996,50,239.848502
-0.761407,51,239.873632
-0.688651,51,239.897371
-0.745193,51,239.921721
-0.647272,51,239.946325
-0.667654,51,239.969875
-0.682827,51,239.994964
-0.787317,51,240.018794
-0.704711,51,240.042632
-0.765628,51,240.06758
-0.664718,51,240.091353
-0.728085,51,240.116027
-0.731915,51,240.140312
-0.750401,50,240.165302
-0.66732,51,240.189669
-0.67672,50,240.213435
-0.746113,51,240.238841
-0.690509,51,240.262619
-0.763901,51,240.287207
-0.659219,51,240.311706
-0.64694,51,240.335434
-0.798452,51,240.360879
-0.776766,51,240.384466
-0.699573,50,240.408349
-0.696215,51,240.433009
-0.680998,51,240.456483
-0.6631,51,240.481492
-0.589014,50,240.504934
-0.662306,50,240.528361
-0.722757,51,240.553233
-0.871909,51,240.576763
-0.643795,51,240.601357
-0.611589,50,240.625056
-0.70842,51,240.648697
-0.820542,51,240.673868
-0.846034,51,240.697301
-0.744523,51,240.721774
-0.883718,51,240.975347
-0.672701,50,240.99976
-0.75313,51,241.025307
-0.70956,51,241.050666
-0.676856,51,241.074015
-0.718899,51,241.098338
-0.911301,51,241.123342
-0.655856,51,241.146568
-0.602014,51,241.171359
-0.780764,51,241.194894
-0.740982,50,241.218139
-0.772759,51,241.241136
-0.676658,51,241.266479
-0.735354,51,241.289759
-0.739568,51,241.312531
-0.824813,51,241.335482
-0.896177,51,241.361837
-0.784995,51,241.385877
-0.708397,51,241.410523
-0.677164,51,241.435287
-0.649959,51,241.460054
-0.785172,50,241.484131
-0.861498,51,241.51055
-0.594426,50,241.535288
-0.657955,51,241.560394
-0.897476,51,241.586168
-0.658215,51,241.61155
-0.786148,51,241.636843
-0.775064,51,241.658975
-0.752256,50,241.682021
-0.669574,51,241.70427
-0.676161,51,241.726375
-0.737837,51,241.748473
-0.875269,51,241.770522
-1.026033,51,241.792639
-0.639288,51,241.814724
-0.673409,50,241.836427
-0.724379,50,241.858061
-0.628181,50,241.879629
-0.618493,51,241.901651
