#{"t_start": 1789348893.707368, "env_id": "None"}
r,l,t
-1.655806,51,1.157925
-2.102037,51,1.17775
-1.739521,51,1.196098
-1.475297,51,1.213595
-1.357901,51,1.231888
-1.6631,52,1.250246
-1.562836,51,1.268123
-2.30608,51,1.28589
-1.973931,52,1.304965
-1.783893,52,1.322403
-1.570843,51,1.340247
-1.574156,51,1.358272
-1.908476,51,1.377893
-1.525442,51,1.396601
-1.461654,51,1.414507
-1.867353,51,1.431875
-1.873655,51,1.450636
-1.737672,51,1.469161
-2.102721,51,1.487447
-1.725127,51,1.506114
-1.385651,51,1.523711
-1.423881,51,1.541092
-1.850482,51,1.560324
-1.93748,51,1.578524
-1.641453,51,1.596529
-1.733315,51,1.614553
-1.981437,51,1.632654
-1.726393,51,1.650927
-2.226831,52,1.669005
-1.634824,51,1.686608
-2.135982,52,1.704843
-1.892174,51,1.722486
-1.242496,51,1.740975
-2.197254,51,1.76018
-1.729792,52,1.780926
-1.248393,51,1.8027
-1.565736,51,1.821464
-1.567814,51,1.839875
-1.620944,51,1.857166
-1.541172,51,1.874728
-2.723363,51,2.162553
-1.305186,51,2.181038
-1.965285,51,2.199092
-1.451865,51,2.217231
-2.055173,51,2.235002
-1.420092,51,2.252493
-1.489074,51,2.271151
-1.506785,51,2.289224
-1.605879,52,2.307563
-1.792651,51,2.325689
-1.474059,51,2.344699
-1.560001,51,2.362756
-1.746706,51,2.380745
-1.773375,51,2.398326
-1.810081,51,2.415977
-1.900435,51,2.434259
-2.035659,51,2.451814
-2.015722,52,2.471069
-1.664816,52,2.488994
-1.595426,51,2.505788
-1.812577,51,2.52298
-1.74218,52,2.540347
-1.527332,51,2.557111
-1.961317,52,2.574957
-1.477692,52,2.591753
-1.901026,51,2.608314
-1.498972,51,2.624839
-1.901276,51,2.641356
-2.524171,51,2.658141
-2.507691,51,2.6752
-1.458933,51,2.691909
-1.573519,51,2.708272
-1.588229,51,2.72491
-1.701652,51,2.741603
-1.962125,51,2.758852
-1.585447,52,2.775923
-1.804802,51,2.793917
-1.811097,52,2.81174
-1.954553,51,2.828242
-1.896659,51,2.845419
-1.951218,51,3.056056
-2.137758,51,3.07424
-2.128868,51,3.09181
-1.787736,51,3.110574
-1.666187,51,3.129072
-1.553936,51,3.147571
-1.792895,51,3.165318
-1.64573,51,3.182454
-1.845233,51,3.199434
-1.747666,51,3.216429
-1.725839,51,3.233154
-2.009896,51,3.25152
-1.619655,51,3.26894
-1.361776,51,3.286018
-1.860572,51,3.303656
-2.495599,51,3.321434
-1.463041,51,3.338516
-1.599829,52,3.356479
-1.566764,51,3.373902
-2.052207,51,3.392163
-1.5163,51,3.410814
-1.782249,51,3.428361
-1.32333,51,3.446489
-1.479459,52,3.464389
-1.808224,51,3.481905
-1.68016,52,3.499448
-1.834294,51,3.516567
-2.300585,51,3.534167
-1.353515,52,3.552292
-1.354764,51,3.569732
-1.807769,51,3.587645
-1.661088,51,3.778678
-1.496064,51,3.862201
-1.590371,51,3.88803
-1.792125,51,3.907861
-2.043973,51,3.930482
-2.018018,51,3.950644
-1.773828,51,3.969946
-1.556758,52,3.987801
-1.867365,51,4.005138
-1.244018,51,4.212686
-1.841075,51,4.229469
-1.575146,51,4.247273
-1.434394,51,4.264066
-1.838032,51,4.281549
-2.212174,51,4.298811
-1.434804,51,4.316302
-1.42561,51,4.33458
-1.941456,51,4.351126
-1.422682,51,4.368146
-1.243186,51,4.38516
-1.913141,51,4.402352
-2.024878,51,4.419292
-2.10372,51,4.437378
-1.651742,51,4.454732
-1.669143,51,4.472362
-2.136396,51,4.489364
-1.893927,51,4.506963
-1.682956,51,4.524537
-1.801363,51,4.542547
-1.693146,52,4.561414
-1.833398,51,4.578329
-1.307656,51,4.595698
-1.471353,51,4.613335
-1.69146,51,4.631096
-1.977389,51,4.649002
-1.384323,51,4.667008
-1.711733,52,4.684522
-2.209132,51,4.701662
-2.524224,51,4.718092
-1.875387,52,4.735889
-1.621983,51,4.752956
-1.830911,52,4.771026
-1.710254,51,4.788277
-1.5934,51,4.806154
-1.627268,51,4.824115
-1.869088,51,4.840814
-1.534777,51,4.857132
-2.21028,51,4.874822
-1.521845,52,4.892222
-1.763349,51,5.100428
-1.623062,51,5.117878
-1.93568,51,5.135413
-1.410663,51,5.152117
-1.609346,51,5.168948
-2.234187,51,5.186158
-1.609008,51,5.203297
-2.520097,52,5.220851
-1.697348,51,5.238026
-1.31855,51,5.254708
-1.415481,51,5.271925
-2.302194,51,5.289253
-1.728175,51,5.306503
-1.547107,51,5.323907
-1.586807,51,5.341705
-2.136141,51,5.358846
-2.130251,51,5.375911
-1.407881,51,5.395877
-1.918544,51,5.414339
-2.645104,51,5.432138
-1.793174,52,5.449548
-1.751982,52,5.468329
-1.746306,51,5.486261
-2.214768,51,5.503734
-1.417185,51,5.522015
-1.657319,52,5.540455
-1.815095,51,5.557955
-2.046807,51,5.57555
-1.442578,51,5.594186
-1.816433,52,5.612683
-1.575853,51,5.630631
-1.62795,51,5.648768
-1.499519,51,5.6667
-1.254975,51,5.684171
-2.03171,51,5.705673
-2.195552,51,5.727023
-1.750396,51,5.748309
-1.843198,51,5.767467
-1.863682,52,5.787722
-1.458892,51,5.80548
-1.994923,51,6.032986
-1.373578,51,6.051702
-2.303775,51,6.070027
-1.469231,51,6.088634
-2.132893,52,6.107159
-1.998668,51,6.12504
-1.893818,51,6.147104
-1.583227,52,6.167183
-1.620867,51,6.185597
-1.701118,51,6.204449
-1.990459,51,6.223326
-2.031995,51,6.241516
-1.844661,51,6.263978
-1.663905,51,6.287483
-2.273421,51,6.307041
-1.788097,51,6.335211
-1.428542,51,6.355448
-1.467731,51,6.379094
-2.043577,51,6.397584
-1.826269,51,6.415819
-1.631153,51,6.439374
-1.492964,51,6.458803
-1.854198,51,6.486799
-1.482105,51,6.506422
-1.50783,51,6.532489
-1.428236,51,6.552072
-1.477133,52,6.576539
-1.336849,52,6.602908
-2.090965,51,6.625104
-1.67329,51,6.647254
-1.501198,52,6.671731
-1.390117,51,6.694816
-1.821697,51,6.719604
-1.543159,52,6.757177
-2.189036,51,6.788561
-1.607892,51,6.813232
-1.92764,51,6.834317
-1.749385,51,6.859709
-1.784523,51,6.968919
-1.711911,51,6.999286
-1.545987,51,7.285228
-1.957692,51,7.306199
-1.271144,51,7.328361
-1.630966,51,7.348857
-1.542106,51,7.382967
-2.111205,51,7.403316
-2.278224,51,7.425131
-1.485106,51,7.447362
-1.648522,51,7.473412
-1.324396,51,7.505823
-1.949349,51,7.531699
-1.900387,51,7.553028
-1.865096,51,7.573982
-1.419807,52,7.601181
-1.347652,52,7.631969
-1.793331,51,7.653763
-1.766793,51,7.687105
-1.557573,51,7.717103
-1.474211,51,7.748004
-2.061346,51,7.767433
-1.581452,51,7.791651
-1.71671,51,7.815116
-1.777314,51,7.835788
-1.421103,51,7.857917
-1.792538,51,7.884059
-1.440688,51,7.905837
-2.189391,51,7.93297
-1.311602,51,7.956598
-1.513527,51,7.976516
-1.389597,52,8.000584
-1.97066,51,8.026262
-1.959109,51,8.049557
-1.42977,51,8.068738
-1.593176,51,8.098465
-1.498764,51,8.117951
-1.513223,51,8.1391
-1.785192,51,8.157282
-1.513772,51,8.175913
-1.554777,51,8.194242
-1.756133,51,8.212743
-1.898539,51,8.452212
-1.703466,51,8.47135
-1.524687,51,8.489744
-1.363054,51,8.509517
-1.48723,51,8.529307
-1.653525,51,8.55008
-1.683475,51,8.569083
-1.722195,51,8.587231
-1.606204,51,8.608893
-1.956596,51,8.631217
-1.537769,51,8.715246
-1.367537,51,8.760793
-1.650818,51,8.781289
-1.341949,51,8.801588
-1.907971,51,8.821016
-1.657619,51,8.841244
-1.957135,51,8.863435
-2.177491,51,8.884169
-1.737324,51,8.904136
-1.473024,52,8.923172
-1.479928,52,8.942718
-1.598689,51,8.962622
-1.710055,51,8.988856
-1.675865,51,9.014446
-1.669039,51,9.034849
-1.512329,51,9.065584
-1.4352,51,9.10269
-1.46441,51,9.138016
-1.433658,51,9.181783
-1.433366,51,9.210077
-1.382083,51,9.239386
-1.5945,51,9.258337
-2.155817,51,9.276655
-1.261633,51,9.297502
-1.929187,51,9.328775
-1.422619,51,9.349341
-1.794396,51,9.370865
-2.224306,51,9.38901
-1.42115,51,9.407234
-1.47416,52,9.425496
-1.455007,51,9.653062
-1.743688,51,9.670982
-1.725813,51,9.688514
-1.256695,51,9.707974
-1.32691,51,9.7255
-1.184482,51,9.746355
-1.164569,51,9.764402
-1.531703,51,9.78316
-1.864178,52,9.807369
-1.603581,51,9.825034
-1.44913,51,9.847036
-1.620901,51,9.874661
-1.438896,51,9.900391
-1.37949,51,9.922083
-1.409517,51,9.941146
-2.304534,51,9.962765
-1.861191,51,9.981035
-1.473144,51,10.001941
-2.092402,51,10.022578
-2.085802,52,10.046176
-1.397546,51,10.063689
-1.482159,51,10.081554
-1.708234,51,10.100335
-1.974337,51,10.123006
-1.711822,51,10.14149
-1.723499,51,10.160357
-1.340714,51,10.184779
-1.273765,51,10.208187
-1.447321,51,10.232006
-1.896974,51,10.252684
-1.684435,52,10.27604
-1.977114,52,10.298815
-1.447064,51,10.317524
-1.567673,51,10.33968
-1.415147,52,10.483025
-1.530569,52,10.504087
-1.374053,51,10.52139
-1.489284,52,10.541123
-1.3057,51,10.55811
-1.379953,51,10.577644
-1.71083,51,10.803544
-1.592804,51,10.820861
-1.643577,51,10.841597
-1.474303,51,10.85934
-1.414632,52,10.882138
-1.762066,51,10.900803
-1.491195,52,10.920487
-2.492065,52,10.938487
-1.45968,51,10.957694
-1.30037,51,10.979753
-1.367878,51,11.000212
-1.856014,51,11.018731
-1.634464,51,11.038523
-1.837105,51,11.063729
-1.532492,51,11.08438
-2.060031,51,11.103827
-1.596237,51,11.122337
-1.51939,51,11.143096
-1.819889,51,11.164782
-1.494535,51,11.186275
-1.938584,51,11.205418
-1.805208,51,11.22609
-1.236283,51,11.262546
-1.391253,51,11.284282
-1.636183,51,11.305001
-1.855913,51,11.323405
-1.452925,51,11.345324
-1.322666,51,11.364698
-1.666824,51,11.383879
-1.723886,51,11.402194
-1.225243,51,11.420274
-1.561007,51,11.439082
-1.483229,52,11.458215
-1.396475,51,11.484997
-1.656459,51,11.504164
-1.756509,51,11.526326
-1.509059,52,11.548005
-1.417427,51,11.569729
-1.487607,51,11.591694
-1.343919,51,11.609928
-1.623754,51,11.882341
-1.782668,51,11.9014
-1.252482,51,11.919721
-1.358034,51,11.937455
-2.203998,51,11.956343
-1.873059,51,11.974132
-1.401505,51,11.992796
-1.665586,51,12.01062
-1.396613,51,12.03258
-1.716048,51,12.051329
-1.47895,51,12.070075
-1.413289,51,12.090447
-1.684625,52,12.10887
-1.466659,51,12.127852
-1.950772,51,12.14779
-1.27152,51,12.166648
-1.301312,51,12.184973
-1.79308,51,12.203858
-1.564699,51,12.222627
-1.666976,51,12.240438
-1.407234,51,12.258619
-1.206561,51,12.278814
-1.631774,51,12.298208
-1.532913,51,12.317224
-1.275656,52,12.338113
-1.452188,51,12.359386
-1.267912,51,12.380002
-1.596886,51,12.398581
-1.257224,51,12.416628
-1.89698,51,12.435797
-1.510165,52,12.455131
-1.453768,51,12.474755
-1.478408,51,12.492541
-1.370191,51,12.512879
-1.776845,52,12.533104
-1.632786,51,12.551699
-1.395177,51,12.570065
-1.184672,51,12.588498
-1.761141,51,12.606977
-1.364336,52,12.626704
-1.434664,51,12.8514
-1.83397,51,12.871183
-1.486231,51,12.8903
-1.686431,51,12.908492
-1.493476,51,12.92919
-1.614263,51,12.948911
-1.55095,51,12.9669
-1.338009,51,12.985026
-2.201633,51,13.003682
-1.999469,51,13.022383
-1.308352,52,13.041224
-1.659439,51,13.059056
-1.210983,51,13.076946
-1.340101,51,13.096388
-1.586797,51,13.115006
-1.620278,51,13.132604
-1.60687,51,13.150558
-1.528841,52,13.169484
-1.880568,51,13.18763
-1.296544,51,13.206245
-1.863275,51,13.223986
-1.640393,51,13.241951
-1.36614,51,13.259335
-1.831354,51,13.277184
-1.362351,51,13.296439
-1.762953,51,13.315454
-1.880258,51,13.333542
-1.207084,51,13.351468
-1.553245,51,13.369374
-1.723107,51,13.388166
-1.856956,51,13.407115
-1.472652,51,13.425553
-1.712927,51,13.443432
-2.027652,51,13.462847
-1.426681,52,13.482503
-1.548167,51,13.500838
-1.407379,51,13.519866
-1.521318,51,13.538742
-1.592125,51,13.557759
-1.4342,51,13.576499
-1.712855,51,13.793486
-1.430088,51,13.812738
-1.455692,51,13.830551
-1.960558,51,13.848167
-1.420647,51,13.865498
-1.674711,51,13.883322
-1.288539,51,13.901746
-1.204673,51,13.920027
-1.748863,51,13.937676
-1.494089,51,13.955648
-1.398644,51,13.974139
-1.801447,51,13.992912
-1.903127,51,14.013758
-1.567957,51,14.032648
-1.212019,52,14.050785
-1.545149,51,14.06918
-1.566648,51,14.088268
-1.588023,51,14.107069
-1.500039,51,14.12546
-1.621274,51,14.143577
-2.025951,51,14.163574
-1.650773,51,14.181961
-1.596364,51,14.200395
-1.209409,51,14.218442
-1.588384,51,14.236247
-1.588737,51,14.255329
-1.438115,52,14.274183
-1.597129,52,14.2934
-1.778153,51,14.312463
-1.308254,51,14.331908
-1.543879,51,14.350068
-1.313099,51,14.367932
-1.392799,51,14.386963
-1.340345,51,14.405759
-1.152043,51,14.423637
-1.520803,51,14.442289
-1.712441,51,14.46081
-1.317558,51,14.480841
-1.679476,52,14.500383
-1.449375,51,14.518603
-1.67057,51,14.735084
-1.530174,51,14.752745
-1.720966,51,14.77114
-1.566936,51,14.790023
-1.57162,51,14.808259
-1.541357,51,14.826116
-1.47646,51,14.844099
-1.411696,51,14.863849
-1.376723,52,14.881993
-1.683482,52,14.900904
-1.665019,51,14.919771
-1.496916,51,14.938293
-1.450237,51,14.956447
-1.447176,51,14.975008
-1.500956,51,14.993247
-1.550657,51,15.013158
-1.303284,51,15.032305
-1.52028,51,15.050898
-1.399067,51,15.069196
-1.237288,52,15.088328
-1.280442,51,15.106898
-1.330184,51,15.124484
-1.377575,52,15.142718
-1.383967,52,15.160623
-1.746547,51,15.179807
-1.413576,51,15.198314
-1.27728,51,15.216929
-1.579043,51,15.236058
-1.291143,51,15.25476
-1.301957,51,15.273053
-1.338366,51,15.292043
-1.155708,51,15.310342
-1.758679,51,15.329057
-1.228303,51,15.347652
-1.488301,51,15.366176
-1.664077,51,15.384738
-1.516433,51,15.403291
-1.587551,51,15.422388
-1.461159,51,15.441273
-1.666872,51,15.458605
-1.700819,51,15.67263
-1.271442,51,15.690934
-1.45709,51,15.709154
-1.619417,51,15.727257
-1.589048,51,15.746393
-1.203931,51,15.764854
-1.614033,51,15.782579
-1.767248,51,15.800945
-1.247349,52,15.820267
-1.295178,51,15.838954
-1.513498,51,15.85727
-1.839601,51,15.875597
-1.410956,51,15.894223
-1.99751,51,15.913283
-1.986662,52,15.93181
-1.647226,51,15.951264
-1.308802,52,15.971131
-1.51774,51,15.989925
-1.559369,51,16.008077
-1.438456,51,16.026816
-1.485201,51,16.049813
-1.499287,52,16.070179
-1.528239,51,16.089367
-1.403579,51,16.10811
-1.336776,51,16.126942
-1.391849,51,16.146168
-1.233319,52,16.165292
-1.335725,51,16.183095
-1.292276,51,16.201862
-1.443893,51,16.220179
-1.395561,52,16.238872
-1.591957,51,16.257233
-1.714695,52,16.275681
-1.595967,51,16.294555
-1.588802,51,16.314633
-1.453265,51,16.333312
-1.462092,51,16.35097
-1.39373,51,16.369392
-1.649764,51,16.388709
-1.388233,51,16.406648
-1.534187,51,16.694501
-1.439954,52,16.715623
-1.612237,51,16.734239
-1.283934,51,16.753258
-1.394423,52,16.771932
-2.162536,51,16.790643
-1.628593,51,16.809053
-1.543151,51,16.828825
-1.571035,51,16.848637
-1.19278,51,16.867162
-1.479364,51,16.88658
-1.598933,51,16.906316
-1.264668,52,16.925632
-1.202788,51,16.944186
-1.72819,51,16.964244
-1.57311,51,16.983102
-1.65789,51,17.001916
-1.644812,51,17.020683
-1.409796,51,17.039463
-1.485163,51,17.058601
-1.675515,51,17.076919
-1.328516,51,17.096826
-1.530545,51,17.114965
-1.323949,51,17.134247
-1.233981,51,17.152164
-1.351872,51,17.17083
-1.506653,51,17.189666
-1.685884,51,17.207701
-1.635406,51,17.226025
-1.732172,51,17.244994
-1.589829,51,17.263817
-1.289671,51,17.282986
-1.388589,51,17.301165
-1.43825,51,17.320166
-1.431315,51,17.339565
-1.674157,51,17.359358
-1.73895,51,17.378787
-1.639078,51,17.39804
-1.565344,51,17.417034
-1.223178,51,17.435391
-1.756288,51,17.650657
-1.383279,52,17.670867
-1.43923,51,17.690229
-1.367644,51,17.708607
-1.226121,51,17.727433
-1.769878,51,17.747361
-1.485771,51,17.765684
-1.242798,51,17.784763
-1.340846,51,17.803328
-1.480487,52,17.823237
-1.851739,51,17.841329
-1.59304,51,17.860284
-1.209306,51,17.880717
-1.622965,51,17.899659
-1.375884,51,17.918583
-1.406129,51,17.937422
-1.344865,51,17.95675
-1.269555,51,17.975439
-1.282679,52,17.994268
-1.521668,51,18.015676
-1.544214,51,18.033895
-1.351108,52,18.053208
-1.214464,51,18.072418
-1.48202,51,18.090243
-1.414551,51,18.10903
-1.25863,51,18.129628
-1.399113,51,18.149018
-1.48814,51,18.167879
-1.461366,51,18.186655
-1.401161,51,18.205722
-1.508251,51,18.224507
-1.555382,51,18.243494
-1.397322,51,18.263169
-1.374703,51,18.282616
-1.635971,51,18.301108
-1.565684,51,18.32043
-1.942774,52,18.340158
-1.237428,51,18.35912
-1.307629,51,18.377631
-1.249732,51,18.397316
-1.431986,51,18.615927
-1.603527,51,18.634472
-1.466581,51,18.653268
-1.370627,51,18.672312
-1.310614,51,18.691342
-1.427403,51,18.709838
-1.345263,51,18.730608
-1.753027,51,18.749741
-1.226579,51,18.768575
-1.351585,51,18.787402
-1.307942,51,18.80635
-1.492554,51,18.824923
-1.725194,51,18.843552
-1.466572,51,18.863308
-1.284307,52,18.883053
-1.517486,51,18.901268
-1.346836,51,18.920542
-1.646205,51,18.938225
-1.302943,52,18.957871
-1.192078,51,18.976424
-1.305171,51,18.997152
-1.324159,51,19.016648
-1.610795,51,19.035402
-1.48148,51,19.054279
-1.153558,51,19.073658
-1.439646,52,19.09297
-1.624152,51,19.112779
-1.373679,51,19.132315
-1.852001,51,19.151098
-1.772943,51,19.170111
-1.407124,51,19.189531
-1.411804,51,19.208921
-1.200399,51,19.227597
-1.576435,51,19.248481
-1.414354,51,19.267717
-1.403483,51,19.286053
-1.692298,51,19.304619
-1.35784,51,19.32337
-1.310285,51,19.342655
-1.538815,51,19.362785
-1.368616,51,19.38246
-1.169378,51,19.600925
-1.184146,51,19.622248
-1.275936,51,19.64383
-1.422198,51,19.665036
-1.550941,51,19.683869
-1.419447,51,19.70249
-1.294105,51,19.721342
-1.281502,51,19.740293
-1.214335,52,19.758907
-1.430923,51,19.777245
-1.555603,51,19.797567
-1.280963,51,19.81683
-1.393379,51,19.835411
-1.388129,52,19.853313
-1.510929,51,19.871912
-1.343479,51,19.890899
-1.345342,51,19.910169
-1.44228,51,19.930164
-1.48235,51,19.949387
-1.235724,51,19.967886
-1.398633,51,19.988094
-1.080732,52,20.013958
-1.260649,52,20.035235
-1.295333,51,20.058943
-1.112074,51,20.083907
-1.42946,52,20.106302
-1.22026,52,20.12771
-1.584395,51,20.148122
-1.493973,51,20.166431
-1.3226,51,20.184807
-1.21576,52,20.204234
-1.431893,51,20.223943
-1.491596,52,20.242867
-1.480137,52,20.262491
-1.492325,51,20.282487
-1.559547,51,20.301303
-1.285148,51,20.320273
-1.319981,51,20.339024
-1.19265,51,20.357842
-1.542782,51,20.376773
-1.609001,52,20.600086
-1.566604,51,20.619223
-1.384193,51,20.638728
-1.236862,51,20.658048
-1.420603,51,20.676642
-1.473399,51,20.69695
-1.983124,51,20.716005
-1.335084,51,20.734554
-1.215028,52,20.753892
-1.268715,51,20.772505
-1.401714,51,20.791884
-1.134486,51,20.810886
-1.60089,51,20.830648
-1.249043,51,20.850421
-1.493995,51,20.868811
-1.483869,51,20.888352
-1.494014,51,20.907443
-1.314656,51,20.92625
-1.4323,51,20.947658
-1.51065,51,20.966379
-1.23155,51,20.9861
-1.421013,52,21.005846
-1.587135,51,21.030094
-1.449354,51,21.050288
-1.145794,51,21.069273
-1.645923,51,21.088325
-1.216348,51,21.108223
-1.548573,51,21.128473
-1.138064,51,21.14894
-1.301976,51,21.167811
-1.45624,51,21.186258
-1.353529,51,21.205248
-1.425036,51,21.224721
-1.366734,51,21.243208
-1.433747,51,21.263826
-1.497055,51,21.28374
-1.530121,52,21.303247
-1.313186,51,21.322871
-1.203313,51,21.340983
-1.44402,51,21.360312
-1.750362,51,21.584025
-1.565942,51,21.602759
-1.36578,51,21.621787
-1.47955,51,21.640805
-1.422839,51,21.659669
-1.462906,52,21.680624
-1.257511,51,21.700023
-1.25109,51,21.719181
-1.305723,51,21.737736
-1.377768,51,21.757056
-1.338188,51,21.775483
-1.366674,51,21.79392
-1.198756,51,21.81414
-1.539771,51,21.83256
-1.420269,51,21.851479
-1.358242,51,21.871044
-1.4693,51,21.890104
-1.234379,52,21.908991
-1.280757,51,21.928693
-1.326137,51,21.948103
-1.493507,51,21.966676
-1.384241,52,21.985766
-1.539098,51,22.006094
-1.184531,51,22.042184
-1.358827,51,22.075534
-1.608445,51,22.101977
-1.335791,51,22.140464
-1.491906,51,22.179129
-1.494555,51,22.206378
-1.392096,51,22.234279
-1.501134,51,22.263701
-1.385806,51,22.285446
-1.198616,52,22.322815
-1.394926,51,22.352284
-1.339994,51,22.387644
-1.566607,51,22.407713
-1.391661,51,22.42614
-1.447047,51,22.444465
-1.429012,52,22.463542
-1.307624,51,22.482301
-1.353773,51,22.697526
-1.472387,51,22.716038
-1.401095,51,22.734489
-1.285378,51,22.752254
-1.629603,52,22.770747
-1.312627,52,22.788811
-1.606341,51,22.807092
-1.363939,51,22.824378
-1.211354,51,22.841908
-1.246759,51,22.860905
-1.318591,51,22.881584
-1.4546,51,22.900914
-1.116767,51,22.920583
-1.715975,51,22.939401
-1.307768,51,22.958741
-1.43722,51,22.979934
-1.198847,51,22.999002
-1.306536,51,23.018333
-1.231154,52,23.036798
-1.326019,51,23.057779
-1.430224,51,23.076279
-1.146277,52,23.095058
-1.695572,51,23.113769
-1.189863,51,23.132264
-1.586952,51,23.150561
-1.405596,51,23.168575
-1.363273,51,23.188017
-1.473594,52,23.206806
-1.121638,52,23.225873
-1.393922,51,23.243015
-1.535028,51,23.26045
-1.284033,52,23.280276
-1.601932,51,23.299196
-1.259474,52,23.317934
-1.603986,51,23.336186
-1.374643,51,23.354264
-1.375878,51,23.373292
-1.301458,51,23.392185
-1.654068,51,23.411099
-1.285341,51,23.43093
-1.24482,51,23.643745
-1.132837,51,23.663324
-1.185795,51,23.682317
-1.190995,52,23.700459
-1.368077,51,23.718382
-1.321965,51,23.737094
-1.301612,51,23.756435
-1.214806,51,23.774453
-1.4254,51,23.793112
-1.157181,51,23.812558
-1.284392,51,23.831183
-1.237946,51,23.84982
-1.491745,51,23.868989
-1.175675,51,23.887527
-1.333467,51,23.90603
-1.328945,51,23.923951
-1.37506,51,23.941943
-1.224315,51,23.960077
-1.233217,51,23.977922
-1.226639,51,23.996994
-1.184737,51,24.015689
-1.238632,51,24.035716
-1.206098,51,24.05394
-1.489875,51,24.072771
-1.282177,51,24.090801
-1.50971,51,24.109245
-1.36543,51,24.127517
-1.29513,51,24.146959
-1.351241,52,24.166929
-1.192962,51,24.184681
-1.4114,51,24.202405
-1.462755,51,24.220118
-1.549842,51,24.237553
-1.292352,52,24.256049
-1.766796,51,24.273937
-1.106302,51,24.292472
-1.388369,51,24.310621
-1.15711,51,24.329998
-1.441675,51,24.348684
-1.257021,51,24.366271
-1.256454,51,24.569026
-1.360873,51,24.587597
-1.209884,52,24.606984
-1.347145,52,24.626506
-1.319023,51,24.64716
-1.335054,51,24.665275
-1.14872,51,24.683753
-1.342889,52,24.702758
-1.482891,51,24.720353
-1.077908,52,24.738453
-1.223911,51,24.757238
-1.070763,51,24.77635
-1.218401,51,24.795236
-1.132717,51,24.814618
-1.219542,52,24.834424
-1.444786,51,24.853275
-1.453488,51,24.871959
-1.249483,51,24.890036
-1.208575,51,24.908998
-1.354011,51,24.927831
-1.774095,51,24.947638
-1.175429,51,24.967066
-1.413046,51,24.985633
-1.219292,51,25.003726
-1.226047,52,25.022557
-1.077134,51,25.041764
-1.383416,51,25.061458
-1.430449,51,25.081151
-1.535496,51,25.100019
-1.242779,51,25.119046
-1.294002,51,25.136975
-1.927639,51,25.154965
-1.298894,52,25.174271
-1.216052,51,25.192637
-1.241349,52,25.211113
-1.375753,51,25.230074
-1.465227,51,25.248927
-1.406315,51,25.268087
-1.5309,51,25.285765
-1.548657,51,25.303878
-1.422743,51,25.523323
-1.229086,51,25.542243
-1.248106,51,25.562403
-1.263794,51,25.581991
-1.256582,51,25.601109
-1.422372,51,25.619953
-1.259438,51,25.63916
-1.266168,52,25.658633
-1.178655,51,25.678975
-1.255185,51,25.698258
-1.554854,51,25.716763
-1.115156,51,25.735249
-1.229777,52,25.754296
-1.404202,51,25.773036
-1.193433,51,25.79184
-1.482821,51,25.81215
-1.736606,51,25.831463
-1.402858,51,25.851269
-1.19779,52,25.870933
-1.365915,51,25.889237
-1.507745,52,25.909994
-1.254501,51,25.928458
-1.228725,51,25.946698
-1.52936,51,25.965324
-1.18594,51,25.983589
-1.378617,51,26.001563
-1.426853,51,26.020323
-1.286336,51,26.038638
-1.133248,51,26.055952
-1.477056,51,26.074005
-1.201358,51,26.092422
-1.315095,51,26.110537
-1.291087,51,26.129599
-1.364593,51,26.148752
-1.371116,51,26.167132
-1.568081,51,26.185305
-1.260304,51,26.202834
-1.261135,51,26.220822
-1.1525,51,26.23891
-1.295929,52,26.257422
-1.456874,51,26.468114
-1.15062,51,26.486397
-1.508735,51,26.50494
-1.339239,51,26.523524
-1.225039,51,26.541726
-1.33652,52,26.560417
-1.249401,51,26.578679
-1.26682,52,26.597842
-1.415286,51,26.616203
-1.281812,51,26.634389
-1.561876,52,26.653368
-1.345752,51,26.671882
-1.446817,51,26.690316
-1.363261,51,26.708728
-1.73663,51,26.72659
-1.186523,51,26.744391
-1.173033,51,26.76466
-1.28693,52,26.783759
-1.240204,51,26.802293
-1.346755,51,26.819576
-1.486394,51,26.838276
-1.131536,51,26.856887
-1.635435,51,26.875982
-1.357202,51,26.896304
-1.424269,51,26.915405
-1.262899,51,26.93441
-1.394007,52,26.95578
-1.174463,52,26.974917
-1.562886,51,26.993383
-1.345138,51,27.013715
-1.493116,51,27.032359
-1.638658,51,27.051869
-1.534556,51,27.070431
-1.165735,51,27.08894
-1.376299,51,27.107338
-1.277688,51,27.125891
-1.37734,51,27.143923
-1.440379,51,27.163372
-1.424479,52,27.183875
-1.413841,51,27.202789
-1.57789,51,27.415999
-1.395692,51,27.434508
-1.106085,51,27.453307
-1.281071,51,27.47149
-1.255789,51,27.490221
-1.659102,51,27.510095
-1.478419,51,27.533645
-1.396738,51,27.551831
-1.106989,52,27.572367
-1.327997,51,27.593074
-1.266527,51,27.620133
-1.334326,51,27.643832
-1.362985,51,27.672642
-1.228277,51,27.701853
-1.236509,52,27.723069
-1.33206,51,27.743999
-1.118175,51,27.767392
-1.203363,51,27.78691
-1.419983,51,27.80945
-1.214119,51,27.830201
-1.348029,51,27.849386
-1.227355,51,27.869282
-1.363745,51,27.888429
-1.269881,51,27.908351
-1.271733,51,27.927698
-1.245994,51,27.946874
-1.183697,52,27.966365
-1.293437,51,27.985238
-1.350006,51,28.004586
-1.468261,51,28.023778
-1.177247,52,28.047423
-1.169589,52,28.071228
-1.333259,51,28.092155
-1.180197,51,28.112326
-1.43717,51,28.132902
-1.228815,51,28.152141
-1.309175,51,28.171151
-1.231412,51,28.189291
-1.409859,51,28.208272
-1.31336,51,28.227006
-1.392809,51,28.444503
-1.210257,51,28.4642
-1.389402,52,28.48319
-1.228516,51,28.504993
-1.326166,51,28.526077
-1.222001,51,28.54635
-1.307377,51,28.565159
-1.360097,52,28.584646
-1.166438,51,28.603679
-1.232322,51,28.622667
-1.172776,51,28.641519
-1.242615,51,28.659476
-1.349978,51,28.67928
-1.422939,51,28.697493
-1.478924,51,28.716622
-1.179274,51,28.734521
-1.265791,51,28.753012
-1.377926,51,28.772175
-1.428769,52,28.792151
-1.231679,51,28.812718
-1.324168,51,28.834264
-1.589474,51,28.853451
-1.373601,51,28.873761
-1.093812,51,28.896706
-1.41367,51,28.9151
-1.225564,51,28.933992
-1.349666,51,28.952095
-1.229166,51,28.970848
-1.572492,51,28.98952
-1.250715,51,29.008139
-1.199964,51,29.026764
-1.156972,51,29.04634
-1.263933,51,29.064771
-1.205371,51,29.083175
-1.172148,51,29.102133
-1.288126,51,29.120292
-1.374503,51,29.139182
-1.240319,51,29.157665
-1.442498,52,29.182085
-1.572348,51,29.201424
-1.227281,51,29.548178
-1.343554,51,29.566669
-1.2612,51,29.585072
-1.17164,51,29.603227
-1.287702,51,29.620788
-1.311245,51,29.638719
-1.279004,51,29.657343
-1.106068,51,29.675461
-1.18617,51,29.693291
-1.374317,51,29.712876
-1.465497,52,29.732736
-1.250213,51,29.751477
-1.339454,51,29.770334
-1.158583,52,29.7895
-1.221013,51,29.808795
-1.320296,51,29.827371
-1.253613,52,29.847239
-1.354631,51,29.866176
-1.266837,51,29.884629
-1.292675,51,29.903193
-1.230362,52,29.922445
-1.345593,51,29.940835
-1.137329,51,29.959551
-1.457581,51,29.979724
-1.233654,51,29.998562
-1.210556,51,30.017191
-1.552709,51,30.035916
-1.330612,51,30.054442
-1.242439,51,30.072561
-1.349832,51,30.090788
-1.197381,51,30.109095
-1.548334,51,30.127263
-1.39574,52,30.146956
-1.219135,51,30.165744
-1.289928,51,30.184572
-1.070319,51,30.202959
-1.288679,52,30.221858
-1.438176,51,30.239841
-1.387832,51,30.25863
-1.198883,51,30.276963
-1.487067,52,30.489087
-1.168689,51,30.507673
-1.274591,51,30.525572
-1.224973,51,30.544246
-1.163485,51,30.563705
-1.292939,51,30.582688
-1.354733,51,30.601618
-1.19887,51,30.620348
-1.391933,51,30.638945
-1.363168,51,30.657347
-1.19791,51,30.675952
-1.229108,51,30.694298
-1.250835,52,30.713904
-1.359598,51,30.732883
-1.10782,51,30.750937
-1.279021,52,30.770269
-1.174982,51,30.789106
-1.067813,51,30.807604
-1.107513,51,30.826257
-1.291792,51,30.845655
-1.391379,51,30.864852
-1.284972,51,30.885105
-1.138296,51,30.907091
-1.345941,51,30.927393
-1.828956,51,30.946793
-1.157194,51,30.964799
-1.385295,51,30.984289
-1.410209,51,31.002883
-1.191843,51,31.02081
-1.238056,51,31.039027
-1.310232,51,31.057173
-1.404561,52,31.075828
-1.463061,51,31.095945
-1.124959,51,31.114877
-1.301981,51,31.133428
-1.322763,52,31.151926
-1.233004,51,31.170047
-1.238977,51,31.188224
-1.193204,51,31.207304
-1.359003,51,31.225501
-1.366463,51,31.440736
-1.224439,51,31.459328
-1.339004,51,31.479097
-1.095633,51,31.498489
-1.107188,52,31.517351
-1.300953,51,31.536405
-1.354615,51,31.554488
-1.479278,51,31.573261
-1.270426,51,31.59142
-1.192206,51,31.609678
-1.219836,52,31.628792
-1.218184,52,31.648319
-1.402858,51,31.666769
-1.177846,51,31.685428
-1.206266,51,31.703519
-1.209689,51,31.722077
-1.113828,52,31.740621
-1.196559,51,31.759141
-1.113492,51,31.777444
-1.346888,51,31.798292
-1.189948,51,31.816581
-1.414601,51,31.835189
-1.323877,51,31.853957
-1.297054,51,31.872164
-1.093241,51,31.891358
-1.384099,51,31.910109
-1.102318,52,31.930285
-1.104198,51,31.948928
-1.154309,51,31.967153
-1.280966,51,31.98599
-1.221196,51,32.004746
-1.106247,51,32.023367
-1.271177,51,32.041728
-1.234444,51,32.06045
-1.189024,51,32.079434
-1.333204,51,32.098502
-1.339625,52,32.120605
-1.347851,51,32.139908
-1.218196,51,32.158635
-1.565474,51,32.177565
-1.066272,51,32.391945
-1.21405,51,32.411025
-1.454462,51,32.43114
-1.158445,51,32.449757
-1.31681,51,32.468376
-1.315366,52,32.487753
-1.374848,51,32.506827
-1.26379,51,32.526365
-1.300501,51,32.546626
-1.162107,51,32.565499
-1.10246,51,32.583832
-1.139009,51,32.602258
-1.117165,51,32.620761
-1.199199,51,32.639044
-1.228257,51,32.65772
-1.359084,51,32.67635
-1.473441,51,32.696248
-1.393946,51,32.714942
-1.253958,52,32.734266
-1.398387,51,32.752907
-1.201219,51,32.771266
-1.279631,51,32.790113
-1.273364,51,32.808308
-1.167035,51,32.826538
-1.183187,51,32.845676
-1.382505,51,32.864908
-1.208264,51,32.88342
-1.243225,51,32.901528
-1.217219,51,32.919805
-1.208777,51,32.938208
-1.166301,51,32.956657
-1.431414,51,32.974798
-1.25792,51,32.993531
-1.149542,51,33.015833
-1.402036,52,33.034796
-1.189802,51,33.054359
-1.120927,52,33.073081
-1.242296,52,33.09172
-1.286811,51,33.116172
-1.228179,52,33.139153
-1.093876,51,33.351598
-1.33084,52,33.370662
-1.226921,52,33.389434
-1.249302,51,33.407203
-1.108221,51,33.425986
-1.116449,51,33.444292
-1.298905,51,33.463649
-1.32803,51,33.482929
-1.197646,51,33.501334
-1.212387,51,33.5196
-1.306914,51,33.537712
-1.185225,51,33.555378
-1.134587,51,33.573981
-1.287715,51,33.593334
-1.181414,51,33.613659
-1.248242,51,33.632171
-1.184838,51,33.650706
-1.284548,51,33.669285
-1.083802,51,33.688133
-1.334186,51,33.707387
-1.323375,51,33.726333
-1.043946,51,33.746712
-1.262884,51,33.765952
-0.997575,51,33.784592
-1.118938,51,33.803164
-1.190627,51,33.821951
-1.204929,51,33.841077
-1.187491,51,33.863461
-1.24402,51,33.882314
-1.268324,51,33.9044
-1.150798,51,33.924472
-1.372235,51,33.946708
-1.390531,51,33.966052
-1.213196,52,33.985185
-1.107193,52,34.004409
-1.125391,51,34.023209
-1.255478,51,34.041113
-1.302857,52,34.059638
-1.199266,51,34.079231
-1.216606,51,34.099141
-1.144476,51,34.310508
-1.235891,51,34.330316
-1.10511,52,34.349475
-1.159574,51,34.367944
-1.220868,52,34.387323
-1.233698,52,34.407055
-1.135357,51,34.426248
-1.251893,52,34.446561
-1.114569,51,34.465709
-1.472816,52,34.483928
-1.313262,51,34.502031
-1.165724,51,34.520273
-1.232962,51,34.539124
-1.203232,51,34.557383
-1.215209,51,34.576032
-1.204789,51,34.596193
-1.224136,51,34.615935
-1.184975,51,34.63417
-1.299401,51,34.652723
-1.142437,51,34.671511
-1.190666,51,34.69047
-1.288879,51,34.70969
-1.126218,51,34.730283
-1.285699,51,34.749577
-1.204406,51,34.767762
-1.238633,52,34.786569
-1.182554,51,34.804813
-1.194041,51,34.823638
-1.294241,51,34.84257
-1.066318,51,34.863262
-1.224449,51,34.882627
-1.236304,52,34.901992
-1.269577,51,34.920866
-1.336226,51,34.940053
-1.304582,51,34.958966
-1.512524,51,34.977275
-1.20868,52,34.997543
-1.086438,51,35.017184
-1.144004,51,35.035904
-1.386915,51,35.055377
-1.322287,51,35.26942
-1.213998,51,35.288296
-1.169671,51,35.307205
-1.309311,51,35.3258
-1.273741,51,35.346225
-1.147326,51,35.365322
-1.163849,51,35.383343
-1.208058,51,35.402045
-1.123746,51,35.421001
-1.157056,51,35.43935
-1.100932,52,35.458559
-1.229597,51,35.476845
-1.656646,51,35.496753
-1.26233,51,35.515535
-1.412097,51,35.534363
-1.143483,52,35.553243
-1.115402,51,35.572943
-1.215332,51,35.59146
-1.097097,51,35.610548
-1.17936,51,35.630676
-1.132808,51,35.64965
-1.218222,51,35.668364
-1.112477,51,35.69393
-1.129083,52,35.718428
-1.205741,51,35.738283
-1.120694,51,35.757501
-1.322258,51,35.777293
-1.348123,51,35.798169
-1.127498,51,35.818083
-1.132089,51,35.840622
-1.199114,51,35.860549
-1.288497,51,35.882378
-1.112006,51,35.901964
-1.517863,51,35.925025
-1.160151,51,35.94646
-1.344062,51,35.966194
-1.171781,51,35.989096
-1.29223,51,36.009117
-1.198155,51,36.037582
-1.210017,51,36.058396
-1.247279,51,36.377317
-1.293628,51,36.401857
-1.239019,51,36.423463
-1.23939,51,36.443403
-1.306852,51,36.465881
-1.267353,52,36.486047
-1.247633,51,36.507153
-1.166908,51,36.529558
-1.097698,51,36.552996
-1.292807,51,36.574209
-1.666666,51,36.596318
-1.143337,51,36.621455
-1.086111,51,36.642122
-1.326323,51,36.664698
-1.36014,51,36.685221
-1.347973,51,36.705653
-1.282418,51,36.726966
-1.133045,51,36.749307
-1.067665,51,36.770144
-1.185202,52,36.789578
-1.251412,51,36.808609
-1.077805,51,36.829156
-1.191639,51,36.849974
-1.317617,51,36.86969
-1.22634,51,36.888254
-1.29318,51,36.90785
-1.241359,51,36.927136
-1.123666,51,36.94776
-1.281641,52,36.967456
-1.311452,51,36.986036
-1.177651,51,37.004442
-1.199724,51,37.023062
-1.289744,52,37.043787
-1.153226,51,37.067127
-1.203592,51,37.087627
-1.149677,51,37.10695
-1.16807,51,37.127202
-1.184104,51,37.147636
-1.114478,51,37.167602
-1.110306,51,37.187281
-1.183134,51,37.413343
-1.100629,51,37.433879
-1.14759,51,37.454865
-1.347874,51,37.479926
-1.106019,51,37.4998
-1.224119,51,37.519872
-1.214699,51,37.540127
-1.172774,51,37.559815
-1.244271,51,37.583556
-0.985597,51,37.603191
-1.067774,52,37.622954
-1.20837,51,37.645751
-1.218232,51,37.667657
-1.245056,51,37.687703
-1.19179,51,37.714009
-1.216481,51,37.743083
-1.049589,51,37.775804
-1.160174,51,37.803523
-1.161917,52,37.841355
-1.380885,51,37.871772
-1.225537,51,37.896178
-1.203457,51,37.917403
-1.127697,51,37.938185
-1.12606,51,37.957727
-1.298125,51,37.977292
-1.172921,51,38.008503
-1.228445,51,38.034465
-1.185613,51,38.058866
-1.254817,51,38.083086
-1.185402,51,38.104304
-1.411011,51,38.126308
-1.130562,51,38.15062
-1.062455,51,38.172483
-1.132331,51,38.194094
-1.452965,51,38.216112
-1.181313,51,38.236571
-1.18087,51,38.258413
-1.263234,51,38.281356
-1.119576,51,38.302436
-1.243305,51,38.324297
-1.319108,51,38.347516
-1.43016,51,38.591462
-1.373736,51,38.612524
-1.332339,51,38.633446
-1.110715,51,38.653715
-1.374627,51,38.674128
-1.092302,51,38.697633
-1.191063,52,38.719454
-1.197905,52,38.740579
-1.364683,51,38.763691
-1.143033,51,38.785196
-1.280764,51,38.804625
-1.304673,51,38.825222
-1.350393,51,38.848275
-1.18001,51,38.869521
-1.153525,51,38.890939
-1.258334,51,38.91061
-1.188127,51,38.933369
-1.11985,51,38.965337
-1.082255,51,39.016348
-1.266351,51,39.057919
-1.485103,52,39.096227
-1.280598,51,39.116161
-1.179413,51,39.136572
-1.313666,51,39.156979
-1.206963,51,39.176625
-1.245065,51,39.198336
-1.258654,51,39.21983
-1.051057,51,39.24041
-1.26664,51,39.260332
-1.185881,51,39.281794
-1.129566,51,39.301718
-1.450838,51,39.322756
-1.141552,51,39.343076
-1.261419,51,39.364374
-1.155947,51,39.384088
-1.090269,51,39.404186
-1.406488,51,39.424904
-1.22411,51,39.446123
-1.32897,51,39.467266
-1.136645,51,39.488097
-1.244701,51,39.719684
-1.154191,52,39.741311
-1.076689,51,39.762781
-1.350549,51,39.783452
-1.192705,51,39.805341
-1.1885,52,39.826185
-1.312437,51,39.848057
-1.23874,51,39.868662
-1.214233,51,39.889535
-1.201584,51,39.909418
-1.159371,51,39.929777
-1.286803,51,39.949636
-1.118677,51,39.969368
-1.130465,51,39.98808
-1.139893,51,40.007867
-1.177436,52,40.028622
-1.310837,51,40.048683
-1.11917,51,40.068356
-1.151574,52,40.088688
-1.089007,51,40.108478
-1.279701,51,40.129121
-1.141591,51,40.149138
-1.241512,51,40.169507
-1.309368,51,40.192143
-1.219848,52,40.22298
-1.205983,51,40.252505
-1.356914,51,40.282693
-1.158659,52,40.304244
-1.280142,51,40.324362
-1.054133,51,40.348047
-1.187782,51,40.367997
-1.072498,51,40.388483
-1.258148,51,40.41016
-1.176643,51,40.439452
-1.355354,52,40.466509
-1.218048,51,40.487309
-1.171513,51,40.507542
-1.218761,52,40.526557
-1.100726,51,40.547849
-1.240031,51,40.56709
-1.222164,51,40.788648
-1.464178,51,40.808101
-1.195052,51,40.827362
-1.226067,51,40.848071
-1.220879,52,41.014709
-1.358893,51,41.049715
-1.235953,51,41.071598
-1.254164,52,41.091516
-1.210127,51,41.110578
-1.10916,52,41.131509
-1.117687,51,41.151338
-1.101344,51,41.17199
-1.156747,52,41.192666
-1.075901,51,41.213864
-1.118012,51,41.23364
-1.164146,51,41.253907
-1.207445,51,41.274157
-1.049683,51,41.294893
-1.072905,51,41.315395
-1.31371,51,41.334942
-1.306293,51,41.355526
-1.129307,51,41.375049
-1.176023,51,41.397086
-1.542115,51,41.417597
-1.167428,51,41.439243
-1.173541,51,41.459297
-1.091476,52,41.480378
-1.223446,52,41.501352
-1.187689,51,41.522392
-1.142334,51,41.541842
-1.088236,51,41.563754
-1.160735,51,41.58443
-1.161632,51,41.603723
-1.136105,52,41.625655
-1.143818,51,41.648793
-1.277453,51,41.669938
-1.13516,51,41.691282
-1.141068,51,41.714098
-1.169646,51,41.735174
-1.392343,51,41.757529
-1.128792,51,41.991851
-1.241024,52,42.016312
-1.090955,51,42.039594
-1.138433,52,42.060289
-1.155747,51,42.08213
-1.152952,51,42.102202
-1.322883,51,42.123242
-1.119529,51,42.143041
-1.410054,51,42.164741
-1.234642,51,42.185071
-1.206654,51,42.205989
-1.180321,52,42.225395
-1.081483,51,42.246404
-1.117019,51,42.266363
-1.12073,51,42.286872
-1.209759,52,42.308392
-1.081446,51,42.33007
-1.326203,51,42.352797
-1.134927,51,42.373385
-1.166129,51,42.393174
-1.19241,51,42.415377
-1.235589,51,42.435494
-1.177283,51,42.456404
-1.255869,51,42.476048
-1.387717,51,42.496869
-1.123345,52,42.518875
-1.221448,51,42.538867
-1.095525,51,42.559609
-1.041486,51,42.581178
-1.151248,51,42.602095
-1.235407,52,42.622266
-1.252,51,42.642492
-1.251835,51,42.663789
-1.206518,51,42.683321
-1.132813,52,42.704317
-1.509302,52,42.725319
-1.25592,51,42.748059
-1.042161,51,42.769493
-1.158835,51,42.791044
-1.15564,51,42.813574
-1.209376,51,43.049978
-1.102692,51,43.069035
-1.204077,52,43.089011
-1.183584,51,43.109638
-1.170468,51,43.131254
-1.176479,51,43.151796
-1.148626,52,43.172483
-1.210092,51,43.193174
-1.163748,51,43.218209
-1.215923,52,43.240903
-1.189676,51,43.263583
-1.284709,51,43.284569
-1.199593,51,43.304502
-1.246979,51,43.323802
-1.099423,52,43.344693
-1.179151,51,43.36462
-1.252686,51,43.384205
-1.14594,51,43.404289
-1.072568,51,43.42389
-1.257718,51,43.446078
-1.213006,51,43.465593
-1.171618,51,43.485239
-1.11256,52,43.504913
-1.081466,51,43.524485
-1.216683,52,43.546965
-1.307131,51,43.566797
-1.17661,51,43.586391
-1.167251,51,43.606356
-1.16156,51,43.62641
-1.180747,51,43.646987
-1.258593,51,43.667533
-1.288616,51,43.687232
-1.05489,51,43.706316
-1.153469,51,43.727117
-1.086669,51,43.747527
-1.081065,51,43.766798
-1.240119,51,43.786911
-1.164814,51,43.80743
-1.124791,52,43.828122
-1.205958,52,43.849806
-1.192378,51,44.075474
-1.427304,51,44.096942
-1.193084,51,44.117904
-1.167086,51,44.137772
-1.215368,51,44.159053
-1.187722,51,44.180156
-1.114897,51,44.200281
-1.110129,51,44.220094
-1.168307,52,44.239419
-1.248967,51,44.25831
-1.284273,51,44.280346
-1.204602,52,44.30015
-1.299382,51,44.319975
-1.507787,51,44.33941
-1.140251,52,44.360212
-1.171233,51,44.382542
-1.10599,51,44.402898
-1.147648,51,44.422943
-1.11425,51,44.442184
-1.155366,51,44.463461
-1.103344,51,44.482703
-1.06553,51,44.502016
-1.019211,51,44.522016
-1.047167,51,44.541591
-1.10043,51,44.562966
-1.052035,51,44.583493
-1.310824,51,44.603498
-1.174007,51,44.622172
-1.216086,51,44.641534
-1.090711,51,44.661951
-1.2279,51,44.682416
-1.296561,51,44.702105
-1.238357,51,44.721842
-1.187101,51,44.741476
-1.312033,51,44.762882
-1.30158,51,44.782873
-1.08205,51,44.801863
-1.20903,51,44.821735
-1.084353,51,44.841165
-1.103632,51,44.865225
-1.138252,52,45.096929
-1.19663,51,45.11695
-1.13272,51,45.135779
-1.289161,51,45.155306
-1.22801,51,45.174903
-1.205014,51,45.194876
-1.190604,51,45.215355
-1.146118,52,45.234787
-1.276939,51,45.254275
-1.130663,51,45.273646
-1.282607,51,45.292914
-1.141539,51,45.314393
-1.218247,52,45.335037
-1.06378,51,45.354909
-1.182621,51,45.374749
-1.137041,51,45.393891
-1.096115,52,45.415497
-1.004901,51,45.435312
-1.227914,51,45.455026
-1.219436,51,45.473849
-1.183414,51,45.49282
-1.129786,51,45.513587
-1.28571,51,45.533928
-1.21507,51,45.553151
-1.100419,51,45.571774
-1.130965,51,45.591187
-1.174241,51,45.609917
-1.125982,51,45.630559
-1.091218,51,45.65006
-1.301868,51,45.668997
-1.185419,51,45.687992
-1.214374,51,45.707708
-1.217377,52,45.728204
-1.094715,51,45.747782
-1.171652,51,45.76729
-1.172866,51,45.78626
-1.342639,52,45.805694
-1.095116,51,45.824932
-1.2407,51,45.846433
-1.299671,52,45.866756
-1.132127,51,46.087298
-1.235117,51,46.106499
-1.147607,51,46.125871
-1.200281,51,46.146945
-1.322501,51,46.166818
-1.330932,51,46.185404
-1.064271,51,46.204194
-1.19692,51,46.224035
-1.208583,51,46.24281
-1.189031,51,46.262138
-1.09082,51,46.282396
-1.160806,51,46.30179
-1.130192,52,46.322571
-1.34251,51,46.340886
-1.218037,51,46.361246
-1.196759,51,46.381862
-1.107627,51,46.401766
-1.219899,51,46.421575
-1.08458,51,46.441259
-1.130528,51,46.461429
-1.331881,51,46.480686
-1.160788,51,46.500171
-1.236795,51,46.518805
-1.128188,51,46.53739
-1.173693,51,46.557259
-1.109046,51,46.576543
-1.269958,51,46.597976
-1.227168,51,46.617248
-1.122469,51,46.636788
-1.123813,51,46.655903
-1.150292,51,46.675365
-1.37289,52,46.696063
-1.361824,51,46.716124
-1.132731,51,46.735039
-1.174377,52,46.753988
-1.138265,51,46.773349
-1.202212,51,46.792618
-1.103785,52,46.813074
-1.132331,51,46.832428
-1.156717,51,46.851718
-1.079453,51,47.069044
-1.238236,52,47.088822
-1.188473,51,47.10845
-1.142445,51,47.1286
-1.226395,51,47.148687
-1.320445,51,47.168132
-1.10573,52,47.187482
-1.037637,51,47.206139
-1.141463,51,47.225471
-1.067026,51,47.246307
-1.003505,51,47.265287
-1.204079,51,47.28427
-1.236735,52,47.304108
-1.189996,51,47.322601
-1.154807,51,47.340768
-1.125426,51,47.362269
-1.23441,52,47.383663
-1.106316,51,47.402891
-1.33233,51,47.422612
-1.169685,51,47.442708
-1.261915,52,47.463998
-1.134261,51,47.483575
-1.101172,52,47.503259
-1.04486,51,47.522698
-1.262815,52,47.542849
-1.194918,51,47.563588
-1.39985,51,47.583965
-1.292258,51,47.603046
-1.177116,51,47.62195
-1.261894,51,47.641114
-1.130568,51,47.661524
-1.134284,51,47.681981
-1.25727,51,47.702572
-1.207524,51,47.722384
-1.172355,51,47.742454
-1.261064,51,47.762602
-1.144983,51,47.78231
-1.257545,51,47.80204
-1.108463,51,47.821608
-1.027164,51,47.841475
-1.209943,51,48.065199
-1.108938,51,48.084638
-1.06086,51,48.104904
-1.127066,51,48.124222
-1.137786,52,48.145475
-1.075038,51,48.164927
-1.442802,52,48.18405
-1.189842,52,48.204968
-1.282878,52,48.225086
-1.095155,51,48.245241
-1.166148,51,48.26545
-1.289181,51,48.284851
-1.166648,51,48.30457
-1.202509,51,48.324668
-1.14601,51,48.345287
-1.229887,52,48.366002
-1.116183,51,48.384817
-1.157239,51,48.404015
-1.189941,52,48.423398
-1.105531,51,48.442603
-1.328332,51,48.46429
-1.155056,51,48.493211
-1.212065,51,48.512742
-1.159773,51,48.544838
-1.13033,51,48.582368
-1.060828,51,48.601977
-1.368983,51,48.621342
-1.090124,51,48.649128
-1.086871,51,48.692372
-1.150888,51,48.72596
-1.294309,51,48.749806
-1.176518,51,48.770888
-1.084571,51,48.791288
-1.293585,51,48.814236
-1.286088,51,48.83572
-1.233048,51,48.856404
-1.217063,51,48.878103
-1.128803,51,48.899565
-1.227447,51,48.92159
-1.212597,51,48.941848
-1.198567,51,49.169679
-1.106014,51,49.190566
-1.108156,51,49.211908
-1.192478,51,49.234632
-1.095282,51,49.254961
-1.192011,51,49.275792
-1.309236,51,49.297152
-1.028524,51,49.317842
-1.173087,51,49.337581
-1.291652,51,49.356993
-1.128232,51,49.378113
-1.3171,51,49.398525
-1.131482,51,49.418198
-1.131344,51,49.437618
-1.127199,51,49.458473
-1.265368,51,49.479678
-1.161792,51,49.499954
-1.277054,51,49.520031
-1.146795,51,49.540114
-1.039875,51,49.561421
-1.335033,51,49.582129
-1.203106,51,49.603153
-1.402437,51,49.623418
-1.094685,51,49.644235
-1.207135,51,49.664915
-1.354363,51,49.685245
-1.138977,51,49.707189
-1.167678,51,49.728495
-1.137157,52,49.749895
-1.148559,51,49.770482
-1.306185,51,49.790998
-1.127099,51,49.812464
-1.262275,51,49.8329
-1.113726,52,49.854372
-1.250993,51,49.875513
-1.118857,52,49.896849
-1.229186,51,49.917448
-1.150863,52,49.93815
-1.133906,51,49.95819
-1.042404,52,49.979935
-1.153778,51,50.2043
-1.044919,51,50.222952
-1.09532,51,50.242535
-1.184865,51,50.263353
-1.441255,51,50.283212
-1.090732,51,50.302769
-1.165498,51,50.322718
-1.120393,51,50.34258
-1.136116,51,50.36265
-1.098348,51,50.383491
-1.290762,52,50.403799
-1.180824,51,50.423986
-1.0852,51,50.445592
-1.07999,51,50.466246
-1.236156,51,50.486109
-1.109596,52,50.506219
-1.0946,51,50.527262
-1.220929,52,50.548536
-1.018391,51,50.56788
-1.040117,52,50.588793
-1.026076,51,50.608665
-1.405741,51,50.630399
-1.077141,52,50.650825
-1.073564,51,50.670946
-1.197485,51,50.690937
-1.183653,51,50.711782
-1.185881,51,50.731959
-1.163752,51,50.751387
-1.194995,52,50.770996
-1.185232,51,50.792684
-1.034922,51,50.813639
-1.22729,51,50.834511
-1.196525,51,50.854234
-1.212961,51,50.875341
-1.03415,52,50.897137
-1.358619,51,50.917664
-1.222935,51,50.938077
-1.024003,51,50.959049
-1.049109,52,50.981048
-1.188495,51,51.002068
-1.113443,52,51.235115
-1.304005,51,51.255509
-1.048139,51,51.2757
-1.22477,51,51.298883
-1.139325,51,51.318289
-1.283599,51,51.338328
-1.239318,51,51.35792
-1.150111,51,51.378461
-1.214256,51,51.398163
-1.113343,52,51.417373
-1.085284,51,51.436802
-1.347857,51,51.456847
-1.0735,51,51.478259
-1.138082,51,51.498406
-1.060043,51,51.517717
-1.07982,51,51.537719
-1.25879,51,51.557725
-1.150866,52,51.579898
-1.035975,51,51.598911
-1.150651,51,51.618802
-1.0556,52,51.638947
-1.118099,51,51.658495
-1.397867,51,51.678728
-1.233818,51,51.701796
-1.074596,51,51.7222
-1.123248,51,51.744744
-1.195407,51,51.7649
-1.116824,51,51.784656
-1.021585,51,51.804812
-1.17548,51,51.82472
-1.348317,51,51.846252
-1.146941,51,51.866311
-1.292534,52,51.886441
-1.24605,51,51.905662
-1.132267,51,51.925029
-1.016534,52,51.945994
-1.093837,51,51.965786
-1.213426,51,51.986179
-1.202535,52,52.007726
-1.140459,51,52.03151
-1.174876,51,52.257936
-1.210018,51,52.278797
-1.048939,51,52.299251
-1.076444,51,52.319387
-1.187792,51,52.342107
-1.174051,52,52.364607
-1.050856,52,52.385695
-0.99791,51,52.40588
-1.206008,51,52.426382
-1.144801,52,52.448777
-1.17796,51,52.468811
-1.168578,51,52.488356
-1.094234,51,52.50883
-1.073614,52,52.531446
-1.333702,51,52.551548
-1.205919,51,52.571975
-1.169018,51,52.591411
-1.091573,51,52.612628
-1.094561,51,52.633992
-1.260814,51,52.655309
-1.193177,51,52.675628
-1.066737,51,52.697183
-0.988187,52,52.717842
-1.234747,51,52.738121
-1.244879,52,52.758482
-1.097152,51,52.77976
-1.033894,51,52.800663
-1.124439,51,52.821311
-1.114132,51,52.842245
-1.044898,51,52.863966
-1.161342,51,52.884369
-1.406265,51,52.904259
-1.230034,51,52.929643
-1.138098,52,52.954069
-1.180838,51,52.984488
-1.153759,51,53.007995
-1.044221,51,53.032779
-1.113226,51,53.055401
-1.124434,51,53.078333
-1.16114,51,53.100978
-1.211218,51,53.326071
-1.134667,51,53.348222
-1.077793,51,53.36825
-1.173459,52,53.388488
-1.234557,51,53.407635
-1.117592,51,53.428332
-1.170895,51,53.448831
-1.023452,51,53.468967
-1.13079,51,53.488687
-1.039462,51,53.507898
-1.146543,51,53.529786
-1.185218,51,53.549842
-1.172063,51,53.569445
-1.05184,51,53.58915
-1.063331,51,53.608996
-1.076258,51,53.630016
-1.356822,51,53.757576
-1.08881,51,53.779184
-1.121716,51,53.798515
-1.358962,52,53.817679
-1.253157,52,53.836639
-1.218964,51,53.856114
-1.005508,51,53.875609
-1.063683,51,53.896156
-1.02708,52,53.917695
-1.107288,51,53.93641
-1.263833,51,53.955902
-1.066364,51,53.97572
-1.125102,52,53.997224
-1.170309,51,54.017194
-1.23605,51,54.037205
-1.191886,51,54.056018
-1.150236,51,54.075775
-1.04083,51,54.096584
-1.072748,51,54.116602
-1.097536,52,54.136743
-1.082455,52,54.156848
-1.132391,51,54.17778
-1.089296,51,54.198584
-1.232749,51,54.219115
-1.039851,51,54.440129
-1.07018,51,54.460874
-1.006292,51,54.483808
-1.149673,51,54.504019
-1.103993,52,54.524232
-1.18495,51,54.54539
-1.092522,51,54.565055
-1.123512,51,54.583927
-1.193794,51,54.603723
-1.083526,51,54.623031
-1.059522,51,54.643643
-1.171819,52,54.665043
-1.187556,52,54.685049
-1.039672,52,54.709196
-1.194931,51,54.73049
-1.014509,51,54.750304
-1.172021,52,54.770273
-1.202421,51,54.790648
-0.984093,51,54.810343
-1.265432,51,54.831045
-1.109555,51,54.850512
-1.128311,51,54.869465
-1.123794,51,54.888663
-1.20995,51,54.908043
-1.160927,51,54.929124
-1.131398,51,54.948859
-1.076531,51,54.968813
-1.063098,52,54.988883
-1.149167,51,55.015239
-1.200275,51,55.036026
-1.106321,51,55.055422
-1.100938,51,55.075052
-1.153459,52,55.095894
-1.032988,51,55.115644
-1.130016,51,55.136936
-1.085482,51,55.15831
-1.10449,51,55.181071
-1.07704,51,55.200831
-1.101691,51,55.220905
-1.097966,51,55.240349
-1.143368,52,55.465954
-1.006279,51,55.485357
-1.133429,51,55.507118
-1.209217,51,55.528061
-1.043688,51,55.548804
-1.131494,51,55.569225
-1.163836,51,55.591343
-1.074518,52,55.617264
-1.149129,51,55.638102
-1.080769,52,55.659587
-1.232327,51,55.680836
-0.978189,51,55.70118
-0.985577,52,55.722099
-1.23029,51,55.741443
-1.048103,51,55.763172
-1.01793,51,55.783686
-1.318326,51,55.805217
-1.068454,51,55.825886
-0.987744,51,55.848467
-1.175898,51,55.86912
-1.014265,51,55.889324
-1.110229,51,55.913298
-1.142882,51,55.935878
-0.991507,51,55.956294
-1.160733,51,55.97629
-1.142448,51,55.998311
-1.171971,51,56.023702
-1.091303,52,56.046428
-1.241468,51,56.067588
-1.130302,51,56.086812
-1.027262,51,56.10637
-1.144647,51,56.125963
-1.068275,51,56.147629
-1.236994,51,56.167392
-1.005548,51,56.186694
-1.236644,51,56.205988
-1.094385,51,56.225327
-0.995107,51,56.247676
-1.255118,51,56.267977
-1.190443,51,56.288496
-1.196652,51,56.512014
-1.241512,51,56.532232
-1.124375,51,56.551644
-0.978133,52,56.572177
-1.11917,51,56.59132
-1.126002,51,56.6117
-1.178095,52,56.633014
-1.088258,51,56.652274
-1.150531,51,56.672326
-1.069326,51,56.691661
-1.038544,51,56.713145
-1.150037,51,56.73363
-1.033549,52,56.753951
-1.067032,51,56.7739
-1.036838,51,56.794843
-1.248025,51,56.814758
-1.064328,51,56.835316
-1.11196,51,56.855725
-1.13485,51,56.874986
-1.072894,51,56.895393
-1.045892,52,56.916141
-0.9963,51,56.936255
-1.165155,51,56.956537
-1.007515,51,56.977415
-1.154289,51,56.997739
-1.287408,51,57.017769
-1.231292,51,57.037066
-1.108542,51,57.056365
-1.095413,51,57.077321
-1.009569,51,57.097952
-1.137908,51,57.117912
-1.026715,51,57.138133
-1.059823,52,57.157657
-1.069982,51,57.178341
-1.221308,51,57.198254
-1.181532,51,57.218132
-1.099347,51,57.237986
-1.18354,51,57.257463
-1.163119,51,57.27943
-1.083038,52,57.300181
-1.204061,51,57.525391
-1.099503,51,57.547692
-1.065224,52,57.567617
-1.110717,51,57.587782
-1.179552,51,57.606956
-1.12063,51,57.627651
-1.254872,51,57.647651
-1.185702,51,57.667052
-1.115925,52,57.687056
-1.213862,51,57.708875
-1.026916,51,57.732455
-1.059446,52,57.753901
-1.237807,51,57.775353
-1.202248,51,57.798898
-1.107627,51,57.818297
-1.158742,51,57.838574
-1.195883,51,57.858034
-1.051385,51,57.880286
-1.111443,51,57.899607
-1.029193,51,57.918098
-1.145489,51,57.93746
-1.196378,51,57.956858
-1.102641,51,57.977521
-1.01682,51,57.998391
-1.088938,51,58.01827
-1.1703,51,58.037805
-1.119065,51,58.056906
-0.975933,51,58.078391
-1.23066,51,58.098695
-0.985358,51,58.118525
-0.93592,51,58.137928
-1.246074,51,58.157198
-1.391837,51,58.177827
-1.187669,51,58.198703
-1.034697,51,58.218514
-1.18329,51,58.238664
-1.122114,51,58.258695
-1.025536,51,58.27983
-1.099737,51,58.299683
-0.971443,51,58.319812
-1.064768,51,58.540749
-0.899063,52,58.562371
-1.124814,51,58.583177
-0.965223,51,58.602585
-1.14713,51,58.621824
-0.978363,51,58.641883
-0.926102,51,58.662808
-0.986707,52,58.683326
-1.163894,51,58.702977
-1.061963,51,58.723127
-1.267212,51,58.742437
-1.182055,51,58.763707
-1.215158,51,58.783886
-1.081208,51,58.802913
-1.059275,51,58.823012
-1.055004,51,58.841993
-1.007552,51,58.862822
-1.086892,51,58.882672
-1.133483,51,58.902149
-1.014837,52,58.921467
-0.994681,51,58.941202
-1.035367,52,58.96262
-1.16905,51,58.98218
-1.01813,51,59.001243
-1.06166,51,59.021093
-1.145076,52,59.0412
-1.065448,51,59.06142
-1.21968,51,59.080709
-1.125047,51,59.099719
-1.150595,51,59.119125
-1.044635,51,59.138649
-1.204478,51,59.158257
-0.969836,51,59.183634
-1.007422,51,59.202861
-0.953443,51,59.222029
-1.208593,51,59.241716
-1.177083,52,59.263783
-1.074294,51,59.283259
-0.938022,51,59.303079
-1.079107,51,59.323547
-1.029343,51,59.546273
-1.059916,51,59.566766
-1.081423,51,59.586613
-1.077284,51,59.606899
-1.27189,51,59.627829
-1.091546,51,59.647389
-1.239901,51,59.667333
-0.979134,52,59.68728
-1.08938,51,59.706988
-1.131567,51,59.728267
-1.011976,52,59.7478
-1.047312,51,59.767716
-1.036187,51,59.788326
-1.183169,51,59.807795
-1.180631,51,59.8286
-1.161327,51,59.848728
-0.977437,51,59.869107
-1.093222,51,59.888228
-1.000672,51,59.908082
-1.101501,51,59.930511
-1.058885,51,59.949983
-1.196262,51,59.969882
-1.161366,51,59.989194
-1.044792,51,60.008581
-1.036223,52,60.033182
-1.211572,51,60.052444
-1.181956,51,60.072579
-0.990225,51,60.093252
-1.004095,51,60.117636
-1.205214,51,60.144907
-1.131357,51,60.165893
-1.174757,51,60.187017
-1.304428,51,60.206634
-1.055948,51,60.227737
-1.174413,51,60.248707
-0.986903,51,60.269321
-1.062449,51,60.289199
-1.151971,51,60.31007
-1.226332,52,60.333212
-1.181775,51,60.362233
-1.174081,51,60.599957
-0.973344,51,60.620111
-1.015275,51,60.639691
-1.079708,52,60.660972
-1.051252,51,60.682172
-1.013677,51,60.702221
-1.092943,51,60.721873
-1.052301,51,60.741324
-1.047631,52,60.762592
-1.134266,51,60.782815
-1.168377,51,60.802544
-1.214086,51,60.822979
-1.116151,51,60.843821
-1.045723,52,60.864676
-1.137521,51,60.884748
-1.033299,51,60.904387
-1.035151,51,60.924168
-1.181522,51,60.94474
-0.999398,51,60.965277
-1.016808,51,60.984881
-1.249192,51,61.003411
-1.077905,51,61.023556
-1.05132,51,61.044594
-1.12665,51,61.064385
-1.042255,51,61.083435
-1.079087,51,61.104034
-1.190396,51,61.124114
-1.04299,51,61.145944
-0.978324,51,61.166021
-1.083764,51,61.185587
-1.007293,51,61.20454
-1.1607,52,61.224223
-1.099533,52,61.245357
-1.052201,51,61.265838
-1.094834,51,61.28577
-1.263679,51,61.305079
-0.885605,51,61.32438
-0.991414,51,61.345735
-1.041443,51,61.378016
-0.978452,51,61.4047
-1.089192,51,61.691213
-1.053294,51,61.715883
-1.024395,51,61.738451
-1.221457,51,61.760728
-1.274302,51,61.783965
-0.936379,51,61.804864
-1.13506,52,61.828697
-1.045705,51,61.850887
-1.207566,51,61.873066
-0.916674,51,61.896217
-1.150806,51,61.919401
-1.044197,51,61.940703
-0.976246,51,61.963738
-1.154055,51,61.985154
-0.995273,51,62.005811
-1.109191,51,62.028367
-1.313591,51,62.050831
-1.17252,51,62.072453
-0.959307,51,62.094384
-1.038854,51,62.116707
-1.042851,51,62.141929
-1.33858,51,62.164572
-1.072746,52,62.185546
-1.177636,52,62.207193
-1.140438,51,62.228945
-1.143862,51,62.250481
-1.243495,51,62.271863
-1.099917,52,62.29187
-1.056634,52,62.315491
-1.225435,51,62.33836
-0.963974,51,62.360979
-1.087905,51,62.383255
-0.903378,52,62.405908
-1.073619,51,62.428635
-1.09718,51,62.450817
-1.026861,51,62.473049
-1.216347,52,62.496405
-1.072349,52,62.518852
-1.064014,51,62.541025
-1.107458,51,62.564544
-1.128305,51,62.803724
-0.985814,52,62.825755
-1.142666,51,62.84771
-1.05233,52,62.870669
-1.073915,51,62.892404
-1.126017,51,62.914414
-1.092677,51,62.935333
-1.163198,51,62.957318
-1.147214,51,62.980626
-1.14676,51,63.002281
-0.992541,51,63.023865
-1.022243,51,63.047016
-0.983295,52,63.068449
-1.201288,51,63.090154
-1.010753,51,63.112494
-1.109343,51,63.134364
-1.07771,51,63.156648
-1.08489,51,63.180047
-1.082535,51,63.200261
-1.081134,51,63.220146
-1.051904,51,63.239799
-1.289311,51,63.259341
-0.929586,52,63.280462
-1.076149,51,63.300859
-1.110012,52,63.321175
-1.070872,51,63.341801
-1.009848,51,63.36236
-1.012577,51,63.382923
-1.201161,51,63.403337
-1.129394,51,63.423293
-0.991636,51,63.443879
-0.950841,51,63.4643
-1.011302,51,63.484528
-0.982512,51,63.504287
-0.956709,51,63.524056
-1.067823,51,63.544942
-1.132144,52,63.565869
-1.003222,51,63.586258
-1.133994,51,63.606456
-1.146572,51,63.62737
-0.978958,51,63.924824
-1.048322,52,63.948555
-1.154544,51,63.969706
-1.160505,51,63.989957
-1.006717,51,64.012447
-1.039932,52,64.033791
-1.088306,51,64.05394
-1.137801,52,64.07428
-1.091196,51,64.09628
-1.006648,51,64.116082
-1.109491,51,64.136313
-1.081204,51,64.156793
-0.937446,51,64.178464
-1.035506,51,64.198621
-1.062859,51,64.219275
-1.052183,51,64.239387
-1.093587,51,64.258374
-0.916433,51,64.279701
-1.253746,51,64.300277
-1.066659,51,64.322984
-1.091407,51,64.34507
-1.022091,52,64.366589
-1.050642,51,64.386285
-1.113254,51,64.406473
-1.066595,51,64.428317
-1.064033,51,64.448414
-1.043338,51,64.467843
-1.033704,51,64.487585
-1.153131,51,64.507298
-1.161919,51,64.527844
-1.14616,51,64.548655
-1.069603,51,64.568376
-1.055377,51,64.587787
-1.040229,51,64.608539
-1.159123,52,64.630978
-1.087094,51,64.651652
-1.252217,51,64.672588
-0.893458,51,64.694675
-1.211392,51,64.714938
-1.129806,51,64.735362
-1.057456,51,64.755492
-1.059954,51,64.982048
-1.191275,51,65.002441
-0.974564,51,65.022802
-1.048895,52,65.044267
-0.993889,51,65.0651
-1.128361,51,65.218773
-1.143857,51,65.252734
-0.927942,51,65.27606
-1.025479,51,65.296918
-0.971136,51,65.316923
-1.079882,51,65.335723
-1.042977,51,65.354656
-1.065077,51,65.378377
-1.070089,51,65.399203
-0.989791,51,65.419653
-1.18209,51,65.444052
-1.124243,51,65.465356
-0.977459,51,65.486093
-1.16501,51,65.505723
-1.133805,51,65.527798
-0.948093,51,65.549459
-1.094298,51,65.569606
-1.091506,51,65.590975
-1.055576,51,65.613212
-1.093355,51,65.633821
-1.054538,51,65.654443
-1.007725,51,65.674127
-1.218217,51,65.696291
-1.04071,52,65.719025
-1.042998,51,65.745413
-1.183897,51,65.766146
-1.027713,51,65.787255
-1.023861,51,65.809544
-1.040125,51,65.831738
-0.995202,52,65.852894
-1.062991,51,65.877802
-1.142528,51,65.900532
-0.993411,51,65.921563
-1.167242,51,65.943943
-0.991649,52,65.965838
-0.994443,52,66.20696
-1.091807,51,66.228864
-1.046662,51,66.249825
-1.128483,52,66.270139
-0.962699,51,66.295671
-1.151296,51,66.320396
-1.084362,51,66.351999
-0.999073,51,66.386934
-0.985585,51,66.423389
-0.976561,51,66.45224
-1.11464,51,66.477317
-1.063159,51,66.498606
-1.145932,51,66.518473
-1.050394,51,66.53995
-1.102156,52,66.562561
-1.044765,51,66.58283
-1.150934,51,66.603743
-1.232502,51,66.623867
-1.211676,52,66.650789
-1.058106,52,66.674414
-1.118927,51,66.696544
-0.925733,52,66.717022
-1.213475,51,66.737544
-1.118217,51,66.757912
-1.283449,51,66.777956
-1.066943,51,66.798156
-1.117957,51,66.81836
-1.109533,51,66.839075
-1.145397,51,66.858215
-1.222783,51,66.879693
-1.171984,51,66.899079
-1.05993,51,66.919529
-1.022347,51,66.938928
-1.163867,51,66.958809
-1.034099,51,66.980294
-1.011479,51,67.000776
-1.104105,52,67.021395
-1.083782,51,67.04123
-1.007748,51,67.064054
-1.058704,51,67.083952
-1.021507,51,67.30395
-1.057109,51,67.324188
-0.918124,51,67.345488
-0.940712,51,67.365293
-1.073482,51,67.384962
-1.005996,51,67.40495
-1.089928,51,67.425801
-1.16897,51,67.446083
-1.083591,51,67.465998
-1.139377,51,67.485957
-1.00116,51,67.505468
-1.049905,51,67.527083
-0.917864,51,67.548086
-1.044186,51,67.568356
-1.068565,51,67.587998
-1.058921,51,67.608056
-1.024863,51,67.629738
-1.058326,51,67.649486
-1.00336,51,67.668923
-1.029774,51,67.688833
-1.062127,51,67.708737
-1.05715,51,67.730209
-1.139774,51,67.750149
-1.04847,51,67.76925
-1.160387,51,67.789719
-1.105059,51,67.810103
-1.097075,52,67.830175
-1.168091,51,67.850118
-0.972929,51,67.86936
-1.089088,51,67.889027
-1.100963,51,67.908282
-1.09543,51,67.930132
-0.958438,51,67.950436
-1.035164,51,67.970273
-1.154699,51,67.99086
-0.960488,52,68.013498
-1.088311,51,68.033019
-0.919212,52,68.052725
-1.086639,51,68.072116
-0.973779,51,68.093377
-1.170584,51,68.314243
-1.107808,51,68.334134
-1.176826,51,68.353718
-0.919875,51,68.374634
-1.005352,51,68.397026
-1.014012,51,68.417291
-1.018956,51,68.437195
-1.120916,51,68.457132
-1.142539,51,68.479032
-1.128758,51,68.499109
-1.030284,51,68.519197
-1.078466,52,68.539169
-1.074769,51,68.560392
-1.107029,52,68.581149
-1.163119,51,68.600724
-1.029105,51,68.621233
-1.097199,52,68.640969
-0.86061,51,68.662558
-0.917361,51,68.682697
-1.07645,52,68.702511
-0.991214,51,68.722415
-1.175778,51,68.743142
-1.085986,51,68.764227
-0.988444,51,68.783571
-0.995106,51,68.803774
-0.985015,51,68.822688
-0.991155,51,68.843339
-1.02869,52,68.86433
-1.081025,52,68.88474
-1.018881,51,68.905051
-0.834822,51,68.92545
-1.088499,51,68.946135
-1.048127,51,68.966135
-1.071908,51,68.985518
-1.035411,51,69.004929
-0.994983,51,69.024257
-1.321941,51,69.046566
-1.118413,51,69.067234
-1.269167,51,69.087054
-0.999963,51,69.107809
-1.04759,51,69.339021
-0.918489,51,69.359209
-1.014422,51,69.381122
-0.991553,51,69.401334
-1.181745,51,69.421509
-1.013329,51,69.443605
-1.159493,51,69.464007
-1.034196,51,69.484139
-1.070549,52,69.505239
-1.104461,51,69.525208
-0.835772,51,69.546766
-1.031372,52,69.567501
-1.147001,51,69.587449
-1.126745,51,69.607436
-1.014929,51,69.628175
-1.156936,51,69.648784
-1.042751,52,69.669628
-0.918317,51,69.689468
-0.931884,51,69.710609
-1.001863,51,69.731371
-1.142956,51,69.751418
-1.100779,51,69.770466
-1.057233,51,69.789844
-0.89738,51,69.811379
-1.14081,51,69.831627
-1.07333,51,69.852047
-1.078474,51,69.871186
-1.009462,51,69.890824
-1.064627,51,69.912583
-1.258531,51,69.933182
-1.008517,52,69.953713
-0.973168,51,69.973083
-1.055152,51,69.995191
-1.129597,51,70.01584
-1.044018,51,70.03546
-1.066235,52,70.056642
-0.985125,51,70.079161
-1.025681,51,70.099171
-1.027944,52,70.119839
-1.076615,51,70.141675
-0.759326,51,70.372802
-1.008825,51,70.394779
-1.073145,52,70.415995
-1.090903,52,70.436611
-0.973454,51,70.456996
-1.027877,51,70.478544
-1.170922,51,70.499251
-1.024863,51,70.519998
-0.870052,51,70.540123
-1.048312,51,70.560747
-1.010625,51,70.581389
-1.139711,52,70.602279
-1.199183,51,70.621962
-0.980783,51,70.644829
-1.073927,51,70.665903
-1.272417,51,70.686459
-1.057993,52,70.706635
-0.87614,51,70.727788
-1.043067,52,70.747711
-1.04888,51,70.767317
-0.975173,51,70.787323
-1.360899,51,70.806636
-1.154845,51,70.827457
-0.993459,51,70.84814
-0.999911,51,70.868296
-1.22189,51,70.890528
-0.934824,51,70.913848
-0.964929,51,70.93709
-1.145107,51,70.957319
-1.212015,51,70.979497
-1.075687,51,71.000483
-1.105596,52,71.022928
-1.230412,51,71.048587
-1.02496,51,71.07463
-1.103932,51,71.104584
-0.758269,51,71.129279
-1.01253,52,71.163583
-1.093484,52,71.189147
-1.009576,51,71.216591
-1.074863,51,71.241146
-1.115795,52,71.635184
-1.055422,51,71.66067
-1.048397,51,71.689899
-1.040699,51,71.71451
-1.020887,51,71.745117
-1.223495,51,71.769887
-1.1805,51,71.799589
-0.971857,51,71.825687
-0.785804,51,71.850899
-1.187434,51,71.881599
-1.328876,51,71.904838
-0.935468,51,71.933448
-0.927299,51,71.959368
-1.023494,52,71.991149
-1.005761,51,72.018879
-1.076088,51,72.048087
-0.999887,52,72.070969
-0.981519,52,72.098756
-1.194783,51,72.138209
-1.198002,51,72.20122
-1.104134,51,72.225572
-1.065887,51,72.257015
-1.105369,51,72.291651
-1.053269,51,72.336413
-1.289632,51,72.381906
-1.330307,51,72.41976
-0.990416,51,72.446645
-0.981793,51,72.481396
-0.969788,51,72.531783
-1.005747,51,72.561167
-1.117737,51,72.586954
-0.91973,51,72.614684
-1.029921,51,72.639504
-0.934384,51,72.664094
-0.748261,51,72.693869
-1.110237,51,72.717283
-0.948805,51,72.742584
-1.044509,51,72.769521
-1.236144,51,72.796124
-0.776331,51,72.824823
-1.129998,51,73.107843
-1.029562,51,73.133408
-0.812604,52,73.156719
-1.0137,51,73.182018
-1.054816,51,73.204709
-1.027477,51,73.230567
-1.10904,51,73.253202
-1.036681,51,73.276762
-1.199655,51,73.299974
-0.989734,52,73.323351
-1.10363,51,73.346592
-1.11982,51,73.367986
-1.004742,51,73.391252
-1.008125,51,73.414317
-0.944025,51,73.436837
-1.035311,51,73.460688
-1.045034,51,73.484305
-1.022498,51,73.507118
-1.123417,51,73.530427
-0.998079,51,73.553595
-0.860776,52,73.57702
-0.934303,51,73.598369
-1.045242,51,73.621043
-0.956238,52,73.644716
-1.243505,51,73.666821
-0.996863,51,73.687994
-1.128445,51,73.711242
-0.93386,52,73.734568
-1.056122,51,73.756933
-0.98868,51,73.780451
-0.909661,51,73.802438
-1.111724,51,73.824028
-1.01031,51,73.848764
-1.240226,51,73.871081
-1.072256,51,73.893475
-1.155747,51,73.917074
-1.092552,52,73.940636
-1.045818,51,73.966108
-1.218276,51,73.988607
-1.190318,51,74.012851
-0.97742,51,74.263581
-0.973655,51,74.285599
-1.39837,52,74.307525
-0.782873,52,74.33181
-1.058647,51,74.354228
-1.037911,51,74.379217
-0.838737,52,74.412894
-0.980456,52,74.43977
-0.913608,51,74.467209
-1.116339,51,74.491439
-1.0712,51,74.513252
-0.929511,51,74.537919
-1.076362,51,74.55773
-1.000737,51,74.578781
-0.971557,51,74.60576
-1.03329,51,74.634727
-0.816849,51,74.767252
-1.064745,51,74.81904
-1.109935,51,74.845274
-1.061803,51,74.869693
-0.861277,51,74.891771
-0.873943,51,74.915839
-0.87387,51,74.938352
-0.849637,52,74.962006
-0.932473,51,74.982733
-0.884752,52,75.005292
-1.000286,51,75.028666
-0.990644,51,75.051221
-0.913229,52,75.073408
-0.862521,51,75.096305
-0.982725,51,75.117634
-0.933947,51,75.144941
-1.032952,51,75.171385
-1.0586,51,75.194692
-1.073986,51,75.215281
-1.153725,51,75.23701
-0.932726,51,75.259216
-0.988003,51,75.282473
-1.008266,51,75.305314
-1.068341,51,75.328229
-0.961702,51,75.572099
-0.85796,51,75.596965
-1.078957,51,75.617466
-1.039033,51,75.638981
-0.747,51,75.6624
-0.981241,51,75.684029
-1.103679,51,75.707408
-0.910953,51,75.730583
-1.094646,51,75.751005
-1.030792,52,75.774236
-1.023198,52,75.797636
-0.783758,51,75.818464
-1.023594,51,75.840198
-0.957518,51,75.863634
-1.034309,51,75.88448
-0.73569,52,75.908333
-0.995618,51,75.930763
-0.960591,51,75.952133
-0.800196,51,75.975619
-0.990967,51,75.997655
-0.937931,51,76.018939
-1.050196,51,76.040965
-1.124486,51,76.06419
-0.888204,51,76.086441
-0.9738,51,76.107647
-1.168703,51,76.130035
-0.979713,51,76.151231
-0.953381,51,76.175963
-1.012091,51,76.197193
-1.092035,51,76.217083
-0.987376,52,76.237237
-0.799357,51,76.257494
-0.791173,51,76.278901
-1.35594,51,76.299415
-1.217239,51,76.319363
-0.953609,51,76.339473
-0.927723,51,76.361617
-1.051193,51,76.381778
-1.085838,51,76.402244
-1.165651,51,76.422661
-0.830501,52,76.653354
-1.103111,51,76.673735
-0.942141,51,76.694386
-0.856976,51,76.714691
-0.974766,51,76.734431
-0.914887,52,76.754782
-0.828303,51,76.775046
-1.016551,52,76.796489
-0.894861,52,76.816972
-1.001463,51,76.836696
-0.874396,52,76.856821
-1.063358,52,76.878299
-1.033731,51,76.898991
-0.927894,51,76.919273
-0.925119,51,76.939082
-0.985511,51,76.960508
-1.187697,51,76.980982
-1.212101,51,77.000679
-1.103773,51,77.021817
-1.101512,51,77.044135
-0.826604,51,77.06517
-0.955697,51,77.085301
-1.102731,51,77.105838
-0.861339,52,77.127421
-1.203049,51,77.14789
-0.914328,51,77.167922
-0.813077,52,77.188005
-1.012024,52,77.209125
-0.852332,51,77.230149
-1.136323,51,77.250466
-0.942118,51,77.27076
-0.974489,51,77.29072
-0.871806,51,77.312304
-0.966438,51,77.33277
-1.064207,51,77.351919
-0.986103,51,77.371739
-1.066551,51,77.393744
-0.948624,51,77.414035
-1.059328,51,77.43441
-0.944921,51,77.454767
-0.952732,51,77.68172
-0.897333,51,77.702249
-0.911753,52,77.722888
-1.173953,52,77.745083
-0.884372,51,77.766201
-0.954275,51,77.787779
-0.854876,51,77.809383
-0.85496,51,77.831649
-0.862313,51,77.850769
-0.988787,51,77.871834
-1.127409,51,77.894256
-0.97847,51,77.915416
-1.088702,51,77.936119
-0.96203,51,77.957048
-0.736892,51,77.981546
-1.037637,51,78.004551
-1.099941,51,78.030475
-1.220284,51,78.052936
-1.096926,52,78.07444
-1.064825,52,78.100401
-0.812249,51,78.123243
-0.863278,51,78.149042
-0.9115,51,78.171555
-0.977535,51,78.201888
-1.058152,51,78.224399
-1.07841,51,78.248689
-1.149063,51,78.270634
-0.938615,52,78.294888
-0.81519,51,78.318046
-0.832815,51,78.339253
-1.041739,51,78.361607
-1.002313,51,78.382406
-1.100372,51,78.403678
-1.196671,51,78.425388
-0.995488,51,78.447098
-0.990263,51,78.467372
-0.901905,52,78.487462
-1.101267,51,78.507133
-0.795764,51,78.529677
-0.840468,52,78.550594
-1.02929,51,78.780745
-1.091452,51,78.8025
-0.949377,51,78.825734
-0.9905,51,78.848273
-0.845887,51,78.869913
-0.719002,51,78.892004
-0.896217,51,78.915345
-1.147772,51,78.936615
-0.978762,52,78.960188
-0.870927,51,78.981989
-0.800827,51,79.00375
-1.093417,51,79.026418
-0.759461,51,79.047448
-1.049092,51,79.067841
-0.991974,51,79.089463
-0.990446,52,79.111672
-0.72657,51,79.132576
-1.031435,51,79.153228
-1.072746,51,79.175626
-0.853806,51,79.197035
-0.969839,51,79.217097
-0.718104,51,79.237727
-1.185921,51,79.260918
-0.799637,51,79.281839
-0.91157,51,79.30252
-1.071513,51,79.323587
-0.777334,51,79.346469
-1.229293,51,79.369798
-1.073166,51,79.392949
-0.942466,51,79.413954
-1.055241,51,79.435129
-1.063962,51,79.456642
-0.933513,51,79.478569
-1.071541,51,79.499152
-0.969577,51,79.519595
-0.917305,51,79.541984
-1.19372,52,79.564438
-0.780885,51,79.585752
-0.86312,51,79.607193
-1.012169,52,79.630976
-0.77767,51,79.871739
-0.832591,51,79.902656
-0.984867,51,79.92744
-0.942738,51,79.948927
-0.909407,51,79.9716
-0.846191,51,79.99348
-0.929611,51,80.014868
-1.014728,52,80.036022
-0.867015,51,80.057851
-1.062855,51,80.079784
-0.904077,51,80.101807
-0.861457,51,80.122132
-0.95567,51,80.143651
-1.194967,51,80.164683
-0.730139,51,80.185427
-0.849832,51,80.205346
-0.892126,51,80.226533
-0.83508,51,80.248045
-0.836593,51,80.268603
-0.899493,51,80.288658
-1.050865,51,80.30983
-0.935335,52,80.331492
-0.778172,51,80.351795
-0.856306,52,80.372837
-0.799901,51,80.395333
-0.747543,52,80.416892
-0.808638,51,80.436785
-0.825162,51,80.456396
-0.764403,52,80.478953
-0.774601,51,80.499515
-1.011081,51,80.519584
-0.863569,51,80.540272
-1.034571,51,80.561893
-0.981491,51,80.582329
-0.869552,51,80.602546
-0.730164,51,80.622516
-0.809731,51,80.644214
-0.780385,51,80.664706
-1.015222,51,80.684749
-1.109703,51,80.70493
-0.883649,51,80.932145
-0.800696,51,80.953032
-0.898937,51,80.972762
-0.94377,51,80.9943
-0.809213,51,81.013697
-1.126208,51,81.034202
-0.771748,51,81.054799
-0.909673,52,81.076955
-0.873887,51,81.097616
-0.907197,51,81.1182
-0.769824,52,81.137904
-0.782062,51,81.158426
-1.082704,51,81.179788
-0.755157,51,81.200137
-1.078816,51,81.220164
-0.836648,51,81.241011
-0.787459,51,81.262304
-0.737543,51,81.283231
-0.881687,51,81.303781
-0.823829,51,81.323844
-0.770069,52,81.346905
-0.892992,52,81.367386
-0.777817,51,81.387335
-0.704101,51,81.409437
-0.94076,51,81.430782
-1.072203,51,81.451592
-0.916129,52,81.472298
-0.794946,52,81.49564
-0.975535,51,81.51725
-0.786235,52,81.53834
-0.814134,51,81.56022
-0.831377,51,81.581116
-0.891731,51,81.602857
-0.807927,51,81.623705
-0.919501,51,81.645273
-0.772052,52,81.665999
-0.788352,51,81.687176
-0.879286,51,81.706755
-0.82444,51,81.729669
-0.772497,51,81.750606
-0.976172,51,81.98386
-0.859844,51,82.0041
-0.996808,51,82.026268
-0.955926,52,82.047959
-0.798819,51,82.067701
-0.659408,51,82.088302
-0.881676,51,82.110271
-0.78898,51,82.131318
-0.743092,51,82.151329
-0.832036,51,82.171232
-0.933215,51,82.194385
-0.786854,51,82.220951
-1.215847,51,82.2549
-1.022467,51,82.285097
-0.723643,51,82.317279
-0.749921,51,82.341545
-0.842043,51,82.366496
-0.832818,51,82.385924
-0.87595,51,82.406799
-0.769297,51,82.428209
-0.729279,51,82.448402
-0.777546,51,82.467634
-0.890561,51,82.488867
-0.7844,51,82.510563
-0.780122,51,82.533062
-0.70205,51,82.55401
-0.853937,52,82.576589
-1.001269,51,82.598187
-0.796423,51,82.618969
-0.923947,51,82.641841
-0.802353,51,82.663991
-0.745498,51,82.683848
-1.028435,51,82.706497
-0.783835,51,82.730129
-0.680478,51,82.750632
-0.749224,51,82.771384
-0.810551,51,82.794662
-0.78356,51,82.815337
-0.876553,51,82.835802
-0.728474,52,82.856131
-0.69411,51,83.101422
-0.794499,51,83.12402
-0.882116,51,83.145012
-0.750818,51,83.165775
-1.069198,51,83.187928
-1.086593,51,83.300509
-0.80809,51,83.367039
-0.704274,51,83.387351
-0.839026,51,83.408938
-1.111762,51,83.430415
-0.87115,51,83.452318
-0.781007,51,83.474645
-0.876455,51,83.496155
-0.734283,51,83.517463
-0.774494,51,83.538015
-0.747021,51,83.562908
-0.84664,51,83.586134
-0.794431,52,83.616214
-0.894407,52,83.646007
-0.770116,51,83.674653
-0.779167,51,83.698633
-0.788755,51,83.719528
-0.751149,51,83.744336
-0.795502,51,83.764486
-0.752791,51,83.784785
-0.830837,51,83.804783
-0.945934,52,83.826204
-0.848959,52,83.847832
-1.006647,51,83.868372
-0.860407,51,83.888028
-1.059058,51,83.910702
-0.74643,51,83.932082
-0.71277,51,83.953083
-0.955426,51,83.975244
-0.679599,51,83.996336
-0.867927,51,84.016749
-0.849434,51,84.037104
-0.799548,51,84.060103
-0.855186,51,84.081184
-0.948486,52,84.102055
-0.772812,52,84.337241
-1.00798,51,84.361221
-0.799035,51,84.382854
-0.810583,51,84.404953
-1.139715,51,84.427437
-0.828323,51,84.451068
-0.727227,51,84.471492
-0.754447,52,84.495048
-0.738994,51,84.515819
-0.909074,51,84.536435
-0.720584,51,84.55692
-0.743407,51,84.57879
-0.834786,51,84.599637
-0.805129,52,84.62078
-0.877036,51,84.643275
-0.893219,51,84.663796
-0.795188,51,84.684286
-0.829566,52,84.704973
-0.81026,51,84.727884
-0.841969,51,84.748664
-0.812601,51,84.769672
-0.825061,51,84.790186
-0.873259,51,84.81311
-0.732045,51,84.834547
-0.745687,51,84.855357
-1.039873,51,84.878553
-0.803203,51,84.899242
-1.05306,51,84.918495
-0.837604,51,84.941612
-0.891401,51,84.973854
-0.850103,52,84.999342
-0.903254,51,85.030735
-0.899994,51,85.052362
-0.842676,51,85.072815
-0.748271,51,85.094991
-0.860524,51,85.116177
-0.792587,51,85.13686
-0.871104,51,85.160503
-0.645387,51,85.182324
-0.746624,51,85.20385
-0.83561,51,85.408877
-0.728367,51,85.442936
-0.787407,51,85.464803
-0.827033,51,85.486733
-0.762408,51,85.511433
-0.769751,51,85.535535
-0.954534,51,85.567411
-0.987713,51,85.593404
-0.795116,51,85.618522
-1.02781,51,85.644716
-0.793559,51,85.681796
-0.756545,52,85.704722
-0.696755,51,85.728196
-0.826496,51,85.749812
-1.148178,52,85.772085
-0.910568,51,85.797036
-0.716288,51,85.820766
-0.738685,51,85.848367
-0.856056,51,85.880549
-0.909187,51,85.915347
-0.83527,51,85.96507
-0.668083,51,85.997331
-0.839534,51,86.034706
-0.864186,51,86.056126
-0.789587,51,86.078983
-0.803648,51,86.09908
-0.893053,51,86.120143
-0.893896,51,86.141683
-0.836372,51,86.161967
-0.773871,51,86.182325
-0.797763,51,86.203197
-0.923226,51,86.227945
-0.759306,52,86.26295
-0.837544,51,86.306719
-0.707665,51,86.378807
-0.777288,51,86.419846
-0.730633,51,86.451358
-0.789644,52,86.496594
-1.14591,51,86.525437
-0.736409,51,86.5535
-0.855037,51,86.835426
-0.92651,51,86.866723
-0.818733,51,86.897306
-0.744745,51,86.922702
-0.82777,51,86.950055
-0.911761,51,86.976053
-0.731422,51,87.005816
-0.839833,51,87.035305
-0.694824,51,87.065236
-0.773306,52,87.098796
-0.837423,51,87.126808
-0.689144,52,87.153095
-0.868924,51,87.179443
-0.820392,51,87.2046
-0.768937,51,87.232591
-0.757662,51,87.256776
-0.780401,51,87.283653
-0.704924,51,87.311848
-0.881426,51,87.3433
-0.877402,52,87.375276
-0.775597,52,87.403359
-0.872983,52,87.432918
-0.980641,52,87.460587
-0.736546,51,87.487632
-0.846612,51,87.513774
-0.78682,51,87.538177
-0.815142,52,87.572105
-0.835898,51,87.612556
-0.83864,51,87.647357
-0.885505,51,87.679114
-0.755352,51,87.704562
-0.920714,51,87.730658
-0.736798,51,87.753536
-0.86582,51,87.77569
-0.806482,51,87.797299
-0.794147,51,87.817661
-0.862364,51,87.839269
-0.736648,52,87.863102
-0.801293,52,87.883168
-0.691977,51,87.904834
-0.752362,51,88.157395
-0.925502,51,88.180528
-0.785501,51,88.203588
-0.822351,52,88.229635
-0.772256,51,88.252805
-0.998859,51,88.279359
-0.743626,52,88.306451
-0.839513,51,88.335097
-0.740952,51,88.359393
-0.676342,51,88.380974
-0.759958,51,88.404223
-0.829426,51,88.428515
-0.957946,51,88.450096
-0.807573,51,88.472808
-0.785949,51,88.496404
-0.81201,51,88.518672
-0.825579,51,88.539755
-0.838154,52,88.563819
-0.811513,51,88.586772
-0.772817,52,88.60968
-0.776227,51,88.63259
-0.808666,51,88.654531
-0.710585,52,88.679388
-0.864394,51,88.701408
-0.843854,51,88.724013
-0.851891,51,88.746796
-0.980381,51,88.768025
-0.785998,51,88.790231
-0.677393,52,88.812326
-0.727823,52,88.835265
-0.805962,51,88.856342
-0.788731,51,88.880554
-0.677823,51,88.903542
-0.851807,51,88.926683
-0.677964,51,88.949051
-0.777153,51,88.972015
-0.742784,52,88.995886
-0.879815,51,89.017959
-0.700262,51,89.041312
-0.809794,51,89.063656
-0.848159,51,89.379563
-0.773338,51,89.403288
-0.846014,52,89.427839
-0.752573,51,89.450541
-0.852436,51,89.472469
-0.838848,51,89.495915
-0.917322,51,89.52016
-0.880381,51,89.544489
-0.713473,51,89.566142
-0.768529,51,89.589022
-0.686198,51,89.613509
-0.855393,51,89.636378
-0.827421,51,89.660129
-0.796705,51,89.682001
-0.736955,51,89.704507
-0.668084,51,89.72775
-0.646572,52,89.750663
-0.788014,51,89.771752
-0.874596,51,89.795917
-0.80264,51,89.817664
-0.799803,51,89.840136
-0.730479,51,89.862681
-0.86083,51,89.885264
-0.769248,51,89.90584
-0.740285,51,89.92939
-0.684981,51,89.951321
-0.968419,51,89.972235
-0.95475,51,89.995907
-0.831049,51,90.01921
-0.710018,52,90.043359
-0.789189,51,90.06569
-0.647893,51,90.088534
-0.738265,52,90.113238
-0.825331,51,90.136401
-0.783564,51,90.159972
-0.981271,51,90.182196
-0.957839,51,90.204852
-0.73771,52,90.228306
-0.83994,51,90.250133
-0.80703,51,90.271765
-1.013465,51,90.514667
-0.772537,51,90.538016
-0.869232,51,90.561848
-0.712152,51,90.58362
-0.849534,51,90.605899
-0.728369,51,90.630282
-0.846659,51,90.65266
-0.821395,51,90.676316
-0.910975,52,90.699418
-0.851489,51,90.722281
-0.818187,51,90.745643
-0.805216,51,90.767882
-0.766787,51,90.791102
-0.856693,51,90.814489
-0.762737,51,90.836938
-0.732116,51,90.858813
-0.993162,51,90.880611
-0.867467,52,90.903098
-0.69659,51,90.926638
-0.834583,52,90.951905
-0.723915,51,90.975426
-0.85511,51,91.00019
-0.881631,52,91.023933
-0.78554,51,91.046881
-0.796262,51,91.067534
-0.812124,51,91.089978
-0.742054,51,91.112719
-0.772882,52,91.135063
-0.794962,52,91.158499
-0.920068,51,91.182425
-0.784853,51,91.205352
-0.719708,51,91.228982
-0.731462,52,91.251242
-0.750003,51,91.27224
-0.968139,51,91.295904
-0.743429,51,91.317796
-0.691101,52,91.342724
-0.840611,51,91.364148
-0.80919,51,91.386282
-0.738916,51,91.410011
-0.876103,52,91.653882
-0.701401,51,91.67717
-0.799083,51,91.699614
-0.625517,51,91.722259
-0.727268,51,91.745576
-0.763147,52,91.768936
-0.791059,52,91.79208
-0.789558,51,91.814824
-0.77084,51,91.838824
-0.811695,51,91.861926
-0.899488,51,91.883636
-0.672395,51,91.905712
-0.862864,52,91.929336
-0.795455,51,91.951513
-0.643389,51,91.973228
-0.831742,51,91.996317
-0.783037,51,92.018691
-0.753188,51,92.0413
-0.854303,51,92.063739
-0.723231,51,92.085931
-0.75296,51,92.108773
-0.685528,51,92.130275
-0.700102,51,92.152532
-0.733085,51,92.176338
-0.736543,51,92.19747
-0.779936,51,92.219448
-0.828958,51,92.241597
-0.697215,52,92.262831
-0.817651,51,92.283497
-0.991342,51,92.306561
-0.696072,51,92.32935
-0.880255,51,92.351973
-0.735448,51,92.374837
-0.766443,51,92.396819
-0.853931,51,92.419434
-0.694175,51,92.441558
-0.802016,51,92.463897
-0.735449,52,92.486544
-0.772638,51,92.5106
-0.797246,51,92.532142
-0.757094,52,92.554266
-0.811845,51,92.842418
-0.784328,51,92.870587
-0.851963,51,92.89585
-0.767689,51,92.918879
-0.804057,51,92.941779
-0.785787,52,92.964568
-0.625723,52,92.98614
-0.865505,51,93.008304
-0.889705,52,93.031248
-0.759481,51,93.054017
-0.924594,51,93.077397
-0.804934,51,93.099669
-0.717894,51,93.120853
-0.814225,51,93.144159
-0.748909,51,93.166045
-0.798323,51,93.189221
-0.774163,51,93.212878
-0.942177,51,93.233872
-0.698343,51,93.256521
-0.694552,52,93.279695
-0.799268,51,93.302002
-0.821113,51,93.324107
-0.899193,51,93.346766
-0.863065,51,93.368687
-0.905899,51,93.390174
-0.765725,51,93.41195
-0.862217,51,93.432736
-0.812686,51,93.454197
-0.857163,51,93.477498
-0.897081,52,93.499025
-0.649389,51,93.52114
-0.69308,51,93.545049
-0.891438,51,93.56703
-0.716119,51,93.589352
-0.862084,51,93.612147
-0.815392,51,93.633817
-0.766045,51,93.65477
-0.800091,51,93.677474
-0.858491,51,93.698775
-0.785139,52,93.720826
-0.682711,51,93.975404
-0.795492,51,93.998303
-0.717992,52,94.026869
-0.785884,51,94.050865
-0.847915,51,94.073591
-0.805197,51,94.096171
-0.669745,52,94.118661
-0.99402,51,94.141421
-0.752494,51,94.163258
-0.733987,51,94.185863
-0.718308,51,94.209256
-0.806787,51,94.230697
-0.733815,51,94.252919
-0.720683,51,94.275031
-0.931239,51,94.296567
-0.734258,51,94.319163
-0.765836,51,94.341729
-0.662543,51,94.364174
-0.668016,51,94.549905
-0.751378,51,94.612416
-0.790931,51,94.637341
-0.809553,51,94.659554
-0.686201,51,94.681368
-0.686878,51,94.70211
-0.782413,51,94.723607
-0.707772,51,94.746914
-0.825833,51,94.768644
-0.774268,51,94.791697
-0.814795,51,94.81344
-0.687443,51,94.836363
-0.806251,51,94.858005
-0.821666,52,94.881385
-0.833722,51,94.904174
-0.815643,51,94.928152
-0.71256,51,94.951041
-0.6961,51,94.974051
-0.722722,52,94.996851
-0.865281,52,95.019821
-0.849018,51,95.043051
-0.813977,52,95.065558
-0.785017,51,95.308494
-0.707797,51,95.330886
-0.64277,51,95.35187
-0.822351,51,95.372815
-0.719143,51,95.396067
-0.794003,51,95.420492
-0.851462,51,95.45354
-0.708444,51,95.48245
-0.733307,51,95.506375
-0.668845,52,95.531061
-0.833787,52,95.553752
-0.804121,51,95.578284
-0.8029,51,95.600297
-0.751638,51,95.621753
-0.719208,51,95.64464
-0.718016,51,95.666824
-0.811856,51,95.687905
-0.935778,51,95.712418
-0.718102,51,95.735092
-0.895305,51,95.758168
-0.924062,51,95.781098
-0.696943,51,95.803294
-0.750762,52,95.827475
-0.905697,51,95.852273
-0.798379,51,95.873403
-0.772123,51,95.896422
-0.759734,51,95.919263
-0.88882,51,95.942581
-0.706892,52,95.96464
-0.804054,51,95.986511
-0.924551,51,96.010131
-0.822039,51,96.03224
-0.680194,52,96.055379
-0.884767,51,96.07973
-0.66761,52,96.10296
-0.804878,51,96.125565
-0.886554,51,96.148233
-0.802966,51,96.169894
-0.730213,51,96.192595
-0.727777,51,96.214608
-0.742342,51,96.469985
-0.772992,52,96.500095
-0.772247,51,96.545856
-0.906695,51,96.583394
-0.732578,52,96.620827
-0.833379,51,96.66273
-0.7486,51,96.691215
-0.720346,51,96.719618
-0.64384,51,96.74775
-0.767011,51,96.777069
-0.908727,51,96.803215
-0.740547,51,96.830674
-0.647705,51,96.854254
-0.750567,52,96.883217
-0.848178,51,96.914551
-0.915171,51,96.964041
-0.731266,51,97.003191
-0.664461,52,97.178105
-0.825635,51,97.262429
-0.69695,52,97.399252
-0.738864,52,97.446818
-0.751886,51,97.675217
-0.6772,51,97.741348
-0.781731,51,97.868067
-0.756182,51,97.915174
-0.852898,51,97.944886
-0.645985,51,97.99016
-0.741355,51,98.027403
-0.799536,51,98.06493
-0.769577,51,98.090377
-0.689245,51,98.112807
-0.861645,51,98.13813
-0.693882,51,98.160187
-1.046301,51,98.186241
-0.845656,51,98.209393
-0.75343,51,98.231031
-0.902824,51,98.252301
-0.783801,52,98.273816
-0.872229,51,98.293611
-0.764858,51,98.314152
-0.79387,51,98.589323
-0.76817,51,98.612289
-0.725357,51,98.633481
-0.659895,51,98.654574
-0.717521,51,98.676272
-0.750043,51,98.697292
-0.877898,51,98.717713
-0.780369,51,98.739256
-0.753143,51,98.760087
-0.811641,51,98.780741
-0.767513,51,98.801002
-0.842505,51,98.829317
-0.761175,51,98.864648
-0.679481,51,98.910058
-0.732868,51,98.942495
-0.85581,51,98.963304
-0.840105,51,98.98446
-0.822736,52,99.010591
-0.899637,51,99.032579
-0.875093,52,99.057202
-0.602703,51,99.090868
-0.717792,51,99.117779
-0.704173,51,99.145839
-0.705669,52,99.172124
-0.828027,51,99.200695
-0.937973,51,99.230216
-0.643483,51,99.254945
-0.785464,51,99.281722
-0.710751,51,99.307654
-0.767519,51,99.335047
-0.963148,51,99.359717
-0.778388,51,99.380759
-0.81699,51,99.40132
-0.717382,52,99.421408
-0.797318,51,99.443592
-0.806175,51,99.476998
-0.932104,52,99.522774
-0.753174,52,99.54947
-0.854656,51,99.575496
-0.833857,51,99.596052
-0.833287,51,99.809381
-0.758127,51,99.829092
-0.79856,51,99.849305
-0.74614,51,99.868941
-0.705371,51,99.888548
-0.798022,51,99.908321
-0.846822,52,99.927603
-0.707109,51,99.947106
-0.749143,51,99.965738
-0.760331,51,99.985733
-0.771526,51,100.006979
-0.723914,51,100.028697
-0.727831,51,100.047275
-0.766583,52,100.067134
-0.794037,51,100.087876
-0.683106,51,100.108448
-0.688181,51,100.127841
-0.689733,51,100.146975
-0.704929,51,100.166499
-0.696661,51,100.186102
-0.799062,51,100.205597
-0.726272,51,100.224653
-0.776175,51,100.242778
-0.737144,51,100.261286
-0.726113,51,100.281401
-0.746235,51,100.300247
-0.727502,51,100.319661
-0.753382,51,100.338304
-0.866037,51,100.357453
-0.931224,51,100.376735
-0.845878,51,100.396331
-0.890599,51,100.415703
-0.882631,51,100.441312
-0.754704,51,100.460622
-0.776885,51,100.479269
-0.701611,52,100.498899
-0.622438,51,100.519126
-0.66183,51,100.538261
-0.726617,51,100.557252
-0.764365,51,100.576824
-0.750874,52,100.788129
-0.87773,51,100.806639
-0.647653,51,100.825465
-0.871526,51,100.845256
-0.76452,51,100.86448
-0.694277,51,100.883731
-0.84796,52,100.903352
-0.767171,51,100.922514
-0.749086,51,100.942085
-0.683813,52,100.962206
-0.724093,51,100.987249
-0.718086,52,101.010677
-0.873369,51,101.032093
-0.738025,52,101.05345
-0.690692,51,101.071733
-0.795345,51,101.090987
-0.757985,52,101.1126
-0.937027,51,101.134003
-0.727705,51,101.1529
-0.730358,51,101.172099
-1.068498,51,101.191331
-0.72285,51,101.211034
-0.77517,51,101.23049
-0.911916,51,101.249678
-0.659267,51,101.268267
-0.790524,51,101.287705
-0.750427,51,101.306403
-0.692635,51,101.325736
-0.723287,51,101.345167
-0.816801,51,101.364673
-0.703037,51,101.38419
-0.82369,51,101.403661
-1.01462,51,101.423117
-0.757582,52,101.442899
-0.834144,51,101.462315
-0.744457,52,101.481682
-0.623867,51,101.500686
-1.111912,51,101.520223
-0.94948,51,101.539157
-0.770279,51,101.558221
-0.715943,52,101.762349
-0.696633,51,101.780927
-0.711975,51,101.799975
-0.771507,51,101.819608
-0.910796,51,101.841051
-0.741407,51,101.862185
-0.718563,51,101.881385
-0.792558,51,101.900434
-0.852508,51,101.920218
-0.745536,51,101.939337
-0.702026,51,101.958509
-0.765535,52,101.978187
-0.625076,51,101.997097
-0.881872,51,102.015613
-0.863975,52,102.034694
-0.782719,51,102.053361
-0.678273,51,102.073196
-0.74867,51,102.092527
-0.781775,52,102.112184
-0.852911,51,102.132553
-0.711896,52,102.151289
-0.725249,52,102.170259
-0.816807,51,102.189063
-0.769971,51,102.207725
-0.798652,51,102.226215
-0.798133,51,102.246176
-0.798029,51,102.264942
-0.828234,51,102.282827
-0.835535,51,102.302053
-0.762889,51,102.321094
-0.830579,52,102.34066
-0.820914,51,102.358912
-0.77529,52,102.377102
-0.632128,51,102.395774
-0.768679,51,102.41437
-0.826594,51,102.433037
-0.713424,51,102.4524
-0.786801,51,102.471853
-0.752482,51,102.49188
-0.846993,51,102.510861
-0.907746,51,102.719316
-0.824584,51,102.742388
-0.691145,51,102.761605
-0.818161,51,102.780304
-0.954955,51,102.799225
-0.791432,51,102.818919
-0.798956,51,102.837594
-0.742061,51,102.856702
-0.827184,51,102.877793
-0.67449,51,102.907176
-0.755496,51,102.932222
-0.827285,51,102.960871
-0.791788,51,102.980777
-0.765339,51,103.002213
-0.721444,51,103.025114
-1.018511,51,103.04573
-0.782888,51,103.065497
-0.871035,51,103.088962
-0.717641,51,103.109607
-0.733433,51,103.128853
-0.80194,51,103.148488
-0.762553,51,103.167692
-0.834835,51,103.187768
-0.932499,51,103.206393
-0.726699,51,103.224367
-0.707632,51,103.243461
-0.790341,51,103.262584
-0.834252,51,103.281382
-0.769197,51,103.300876
-0.868238,51,103.319818
-0.778849,51,103.338632
-0.785946,51,103.35783
-0.762096,51,103.377298
-0.6424,51,103.396348
-0.7545,51,103.415333
-0.781185,51,103.434294
-0.744833,51,103.453264
-0.882467,52,103.472782
-0.751652,51,103.491572
-0.748377,51,103.509683
-0.729909,51,103.72015
-0.737598,51,103.739235
-0.819554,52,103.758873
-0.812117,52,103.77927
-0.652074,51,103.798544
-0.846687,52,103.818606
-0.704844,51,103.838359
-0.817764,51,103.85806
-0.80051,51,103.879111
-0.653549,51,103.89966
-0.755532,51,103.920168
-0.754612,51,103.939913
-0.752938,51,103.959258
-0.734243,51,103.9793
-0.684858,51,103.999066
-0.772354,51,104.018807
-0.685711,51,104.038362
-0.795976,51,104.057423
-0.709781,51,104.077008
-0.867871,51,104.095802
-0.726982,51,104.114034
-0.710984,51,104.132173
-0.766248,51,104.150875
-0.792019,51,104.170475
-0.78108,51,104.190117
-0.838795,51,104.20927
-0.847713,51,104.228491
-0.662726,52,104.247277
-0.657041,51,104.26608
-0.625232,51,104.285311
-0.717505,52,104.30451
-0.73631,51,104.323778
-0.806214,51,104.342722
-0.946433,51,104.361345
-0.761727,51,104.379971
-0.773748,51,104.399046
-0.947329,51,104.418218
-0.682235,51,104.437794
-0.721545,51,104.456761
-0.772906,51,104.475901
-0.711992,51,104.68524
-0.748493,51,104.706118
-0.81194,51,104.727252
-0.663085,51,104.749121
-0.877207,51,104.773509
-0.815522,51,104.795693
-0.84635,51,104.816148
-0.782562,51,104.835839
-0.831987,52,104.855238
-0.754579,51,104.875409
-0.783151,51,104.894742
-0.777291,51,104.91348
-0.951154,51,104.931835
-0.683642,51,104.950899
-0.834487,51,104.969696
-0.826817,51,104.993908
-0.766406,52,105.013706
-0.648334,51,105.032496
-0.706011,52,105.052064
-0.874862,51,105.071039
-0.659771,51,105.090412
-0.645264,52,105.110369
-0.741718,51,105.129817
-0.742981,52,105.148592
-0.818047,51,105.167324
-0.686755,51,105.186148
-0.903789,51,105.204818
-0.89518,51,105.223547
-0.727512,51,105.242574
-0.649475,52,105.261976
-0.79786,51,105.281355
-0.735179,51,105.300248
-0.740228,51,105.319797
-0.792921,51,105.341258
-1.039403,51,105.359964
-0.779745,52,105.379103
-0.851101,51,105.398642
-0.624525,51,105.417149
-0.825664,51,105.436555
-0.69434,51,105.45618
-0.814938,51,105.665677
-0.726674,52,105.685234
-0.643896,52,105.70512
-0.746896,51,105.724551
-0.766923,51,105.744593
-0.770694,51,105.764398
-0.787232,51,105.784078
-0.863863,51,105.803632
-0.697864,51,105.822717
-0.740965,51,105.842207
-0.724613,51,105.861823
-0.858109,51,105.881342
-0.900404,51,105.900341
-0.792887,51,105.920437
-0.692754,52,105.93948
-0.790475,51,105.958357
-0.911927,51,105.976604
-0.793193,51,105.995733
-0.938902,51,106.015158
-0.73967,52,106.03431
-0.736532,51,106.053541
-0.832389,51,106.071493
-0.879607,51,106.089343
-0.776982,51,106.108075
-0.672874,52,106.127268
-0.874902,51,106.14622
-0.753875,51,106.164347
-0.669154,51,106.182178
-0.757613,51,106.201031
-0.673163,51,106.219565
-0.769581,51,106.238625
-0.860716,51,106.256911
-0.820672,52,106.275101
-0.685493,51,106.293783
-0.830712,51,106.312837
-0.753296,51,106.331622
-0.687973,52,106.350832
-0.710597,51,106.371233
-0.759784,51,106.390139
-0.78548,51,106.412894
-0.803237,51,106.688482
-0.664928,51,106.723676
-0.734201,51,106.749744
-0.734671,51,106.774891
-0.750262,51,106.795617
-0.798395,51,106.826811
-0.642632,51,106.860333
-0.652681,51,106.882792
-0.759748,51,106.906237
-0.753535,51,106.926943
-0.626404,51,106.948864
-0.848012,51,106.968681
-0.741889,51,106.989667
-0.837637,51,107.008205
-0.753185,51,107.027369
-0.799003,51,107.047168
-0.799551,51,107.069257
-0.666234,51,107.088588
-0.689703,51,107.108319
-0.833969,51,107.127423
-0.808091,51,107.14674
-0.71007,51,107.166005
-0.90437,51,107.19577
-0.718783,52,107.232234
-0.787553,51,107.263796
-0.630842,51,107.288217
-0.826998,51,107.32847
-0.706497,51,107.383229
-0.726373,51,107.450374
-0.804314,51,107.521304
-0.866787,51,107.572555
-0.6888,51,107.597058
-0.888117,51,107.619678
-0.708152,51,107.641528
-0.70105,51,107.663457
-0.675302,52,107.686371
-0.74534,51,107.707752
-0.838271,51,107.728688
-0.79107,51,107.750125
-0.718919,51,107.770841
-0.92646,51,108.045234
-0.841227,51,108.068962
-0.801739,51,108.091518
-0.781159,51,108.113336
-0.858739,51,108.133262
-0.718908,51,108.155913
-0.706657,51,108.176942
-0.869507,51,108.198
-0.69839,51,108.219762
-0.78556,51,108.241829
-0.716407,52,108.262922
-0.72837,51,108.284592
-0.696906,51,108.303591
-0.650487,51,108.326365
-0.759856,51,108.346976
-0.765687,52,108.370765
-0.745412,52,108.395059
-0.943835,51,108.414153
-0.762246,51,108.433509
-0.785711,51,108.452721
-0.809788,52,108.472598
-0.74307,51,108.493156
-0.822866,52,108.514165
-0.795088,52,108.53395
-0.741049,51,108.553789
-0.80516,51,108.574272
-0.751501,51,108.593567
-0.805866,52,108.612368
-0.903417,51,108.631632
-0.683729,51,108.650331
-0.683503,52,108.670345
-0.75121,52,108.690827
-0.653702,51,108.710188
-0.620029,51,108.72938
-0.722591,51,108.748702
-0.854757,51,108.768412
-0.852078,51,108.789885
-0.668003,51,108.811587
-0.74831,52,108.845386
-0.685715,52,108.877513
-0.75975,51,109.121149
-0.706518,51,109.140284
-0.775338,51,109.160119
-0.805871,52,109.179948
-0.823188,51,109.199541
-0.700106,51,109.218867
-0.69272,51,109.239031
-0.765916,51,109.25806
-1.031419,51,109.277816
-0.666091,51,109.295888
-0.789831,51,109.314801
-0.708302,51,109.33353
-0.763625,51,109.352921
-0.693366,52,109.37298
-0.829178,51,109.392128
-0.764231,51,109.412584
-0.856635,51,109.432079
-0.788977,52,109.471814
-0.765858,52,109.494624
-0.771427,51,109.517052
-0.812003,51,109.537121
-0.732108,51,109.556786
-0.690941,51,109.577984
-0.674468,51,109.596047
-0.750792,51,109.616053
-0.680357,51,109.635922
-0.743279,51,109.655262
-0.831775,51,109.674021
-0.728498,51,109.692382
-0.752815,51,109.711365
-0.637849,51,109.730383
-0.75766,51,109.749262
-0.726407,51,109.768309
-0.721985,52,109.788246
-0.794693,52,109.809469
-0.741035,51,109.829655
-0.730939,51,109.849297
-0.839769,51,109.867712
-0.614373,51,109.886798
-0.741189,51,109.905765
-0.683987,51,110.120675
-0.84425,51,110.139825
-0.734846,52,110.159435
-0.813592,51,110.178519
-0.79482,52,110.200227
-0.706365,52,110.222345
-0.969978,51,110.243053
-0.844386,51,110.263419
-0.829729,52,110.283972
-0.742877,51,110.305131
-0.763951,51,110.32486
-0.80423,51,110.346217
-0.755387,52,110.370375
-0.752882,51,110.39247
-0.890677,51,110.411573
-0.837841,51,110.430627
-0.695589,51,110.449695
-0.625031,52,110.469095
-0.717836,51,110.487865
-0.751031,51,110.507358
-0.882435,51,110.525755
-0.685782,51,110.544371
-0.734382,51,110.563406
-0.782928,51,110.582857
-0.69555,51,110.601395
-0.827263,51,110.62048
-0.79692,51,110.640329
-0.771514,51,110.660136
-0.845549,51,110.679368
-0.879771,51,110.69892
-0.694331,52,110.719709
-0.888545,51,110.739723
-0.706778,52,110.759869
-0.815553,51,110.778744
-0.752223,51,110.797854
-0.720057,52,110.817701
-0.738869,51,110.836681
-0.770529,51,110.855622
-0.775008,52,110.875537
-1.099502,51,110.894696
-0.659433,51,111.100129
-0.811432,51,111.119555
-0.81078,51,111.138345
-0.705404,51,111.157864
-0.734762,51,111.177467
-0.732346,52,111.197901
-0.768799,51,111.219024
-0.631434,51,111.240381
-0.818158,51,111.259718
-0.877599,51,111.278144
-0.777788,51,111.297793
-0.75822,51,111.318028
-0.741564,51,111.338969
-0.849429,51,111.358954
-0.792164,51,111.378621
-0.650152,51,111.397568
-0.719998,51,111.417118
-0.699857,51,111.436286
-0.701806,51,111.455527
-0.629121,51,111.474326
-0.837032,51,111.492814
-0.685745,51,111.51174
-0.661263,51,111.531092
-0.882742,51,111.550512
-0.918586,51,111.569533
-0.615809,51,111.588625
-0.734043,51,111.608075
-0.841223,51,111.627582
-0.850974,52,111.647539
-0.721153,51,111.666867
-0.768842,51,111.686407
-0.742068,51,111.705656
-0.76726,51,111.725215
-0.895149,51,111.744043
-0.758832,51,111.762324
-0.678898,51,111.781215
-0.737625,51,111.800199
-0.81458,51,111.819054
-0.768172,51,111.838197
-0.745282,51,111.859098
-0.804285,52,112.083444
-0.813601,51,112.103393
-0.746799,51,112.124935
-0.770876,51,112.14464
-0.801316,51,112.163797
-0.805711,51,112.182911
-0.727691,51,112.202587
-0.792794,51,112.222284
-0.734974,51,112.242447
-0.687709,52,112.261574
-0.763017,51,112.280513
-0.740261,51,112.299335
-0.730924,51,112.3181
-0.729482,51,112.337759
-0.813207,51,112.356634
-0.65754,51,112.375563
-0.653089,51,112.393992
-0.864493,51,112.414095
-0.879658,51,112.435306
-0.678759,51,112.453652
-0.856669,51,112.472334
-0.714643,52,112.492266
-0.894858,51,112.511392
-0.731522,51,112.530742
-0.674742,51,112.549625
-0.599456,51,112.569155
-0.693635,51,112.587369
-0.72575,51,112.605572
-0.825225,51,112.624324
-0.729989,51,112.643344
-0.724886,52,112.662019
-0.723517,51,112.680302
-0.853298,51,112.698783
-0.790237,52,112.717864
-0.758566,51,112.73675
-0.667375,51,112.755606
-0.817394,51,112.774294
-0.952772,51,112.792961
-0.794082,51,112.811898
-0.738651,51,112.831278
-0.686996,52,113.03479
-0.71576,51,113.054273
-0.691158,51,113.073821
-0.687142,51,113.092473
-0.74692,51,113.111957
-0.837264,51,113.131371
-0.784022,51,113.150838
-0.781699,51,113.170442
-1.115197,51,113.190097
-0.862279,51,113.209648
-0.726297,51,113.22891
-0.779992,51,113.2484
-1.051973,52,113.268104
-0.792034,51,113.287837
-0.64283,51,113.307158
-0.707202,51,113.326137
-0.789711,51,113.345071
-0.69273,51,113.364248
-0.849505,52,113.383737
-0.837379,51,113.404101
-0.683036,51,113.422923
-0.923039,51,113.441096
-0.928268,51,113.459749
-0.692485,51,113.478404
-0.632601,51,113.497816
-0.753336,51,113.516796
-0.859267,51,113.535366
-0.893555,51,113.554491
-0.627947,51,113.573564
-0.666184,52,113.593583
-0.838369,51,113.61226
-0.818099,51,113.631373
-0.763345,52,113.650177
-0.71842,51,113.669264
-1.036255,51,113.687914
-0.819338,52,113.709982
-0.740406,51,113.73171
-0.701288,51,113.752203
-0.899606,51,113.772657
-0.804983,51,113.79623
-0.769609,51,114.039904
-0.803106,51,114.06209
-0.742405,51,114.081686
-0.857872,51,114.104486
-0.686667,51,114.124235
-0.830416,51,114.144869
-0.825885,51,114.169405
-0.773436,51,114.189556
-0.777363,51,114.219221
-0.786134,51,114.240311
-0.729856,51,114.260072
-0.757237,52,114.289853
-0.790583,51,114.318975
-0.938233,51,114.351216
-0.680607,51,114.376461
-0.771107,51,114.399033
-0.801956,51,114.427415
-0.788381,51,114.455933
-0.719083,51,114.483601
-0.651959,52,114.516168
-0.734524,51,114.538706
-0.716086,51,114.561625
-0.73412,51,114.585917
-0.839433,51,114.615848
-0.631519,51,114.6388
-0.847103,52,114.662546
-0.780286,51,114.683315
-0.739945,51,114.704162
-0.808784,51,114.724866
-0.880595,51,114.745566
-0.924617,52,114.765688
-0.730253,51,114.786758
-0.856913,51,114.806701
-0.682383,51,114.82671
-0.781626,51,114.894119
-0.842433,51,114.93961
-0.728813,51,114.958904
-0.839358,52,114.979504
-0.930038,51,114.999557
-0.876964,51,115.01992
-1.041313,51,115.242973
-0.740968,51,115.265482
-0.81697,51,115.284796
-0.664433,52,115.306964
-0.762847,51,115.326657
-0.873213,51,115.352743
-0.640656,51,115.386037
-0.819376,51,115.411808
-0.842119,51,115.436136
-0.723811,52,115.456265
-1.04152,51,115.489936
-0.765669,51,115.527609
-0.76538,51,115.553643
-0.891438,51,115.600793
-0.731037,51,115.639348
-0.697173,51,115.66587
-0.866308,51,115.69535
-0.73001,51,115.722262
-0.710079,51,115.751836
-0.788046,51,115.777972
-0.590482,51,115.800834
-0.639357,51,115.821359
-0.829285,51,115.840353
-0.693338,52,115.860519
-0.670345,51,115.879445
-0.838381,51,115.898159
-0.930131,51,115.91669
-0.708165,51,115.935666
-0.800034,51,115.954623
-0.644407,52,115.975399
-0.680427,51,115.994613
-0.800316,51,116.013689
-0.693818,51,116.032834
-0.731907,52,116.053147
-0.842053,51,116.072242
-0.739668,51,116.090694
-0.806866,51,116.109015
-0.787408,51,116.127654
-0.622054,51,116.14616
-0.694074,51,116.165318
-0.794563,51,116.376831
-0.795626,51,116.396806
-0.876615,51,116.416415
-0.785529,51,116.435954
-0.68875,51,116.45553
-0.780509,51,116.475024
-0.760352,51,116.494717
-0.74737,51,116.515781
-0.823525,51,116.537567
-0.731569,51,116.56866
-0.756228,51,116.600137
-0.781207,52,116.630548
-0.678064,52,116.678609
-0.68067,51,116.702147
-0.686658,52,116.724327
-0.797546,51,116.74672
-0.74264,51,116.769144
-0.754124,52,116.78934
-0.807834,51,116.810042
-0.688688,51,116.83385
-0.712228,51,116.85515
-0.715452,51,116.875906
-0.725706,52,116.895734
-0.8132,51,116.916973
-0.745955,51,116.936895
-0.755898,51,116.958891
-0.831919,51,116.978184
-0.711057,51,116.997871
-0.733596,51,117.019938
-0.705727,52,117.043315
-0.887365,51,117.063975
-0.7639,51,117.083899
-0.901959,51,117.104508
-0.801437,51,117.124802
-0.789636,51,117.152732
-0.663941,52,117.181322
-0.666657,51,117.214199
-0.677316,51,117.243388
-0.867305,51,117.271562
-0.793081,51,117.299005
-0.689923,51,117.55503
-0.715325,52,117.57849
-0.756584,51,117.603424
-0.749028,51,117.625703
-0.738406,51,117.647927
-0.800483,51,117.670801
-0.813713,51,117.693584
-0.733948,51,117.716486
-0.716368,51,117.737946
-0.788347,52,117.760104
-0.842928,51,117.782995
-0.629003,51,117.80545
-0.807447,52,117.827981
-0.780779,52,117.854436
-0.721781,51,117.876269
-0.777193,51,117.89841
-0.908679,51,117.919074
-0.680066,51,117.939804
-0.939758,51,117.962012
-0.74732,51,117.98488
-0.676351,51,118.004549
-0.746338,52,118.025531
-0.636235,52,118.048315
-0.762684,51,118.068422
-0.800992,52,118.089243
-0.769415,51,118.110212
-0.786389,51,118.131821
-0.848813,51,118.152665
-0.795465,51,118.173225
-0.856241,51,118.195846
-0.847382,51,118.217435
-0.909506,51,118.239149
-0.768762,51,118.26087
-0.792303,51,118.281982
-0.718671,51,118.303143
-0.776258,51,118.324602
-0.787515,52,118.346218
-0.858622,51,118.368668
-0.819076,51,118.391214
-0.821882,51,118.413747
-0.831953,51,118.656865
-0.734278,51,118.678193
-0.904163,51,118.69993
-0.773459,51,118.723227
-0.737892,51,118.745658
-0.691078,52,118.767232
-0.80944,52,118.790143
-0.993436,51,118.813052
-0.835766,51,118.835115
-0.731305,51,118.856534
-0.769131,51,118.877886
-0.855444,51,118.898981
-0.777374,51,118.92145
-0.786451,51,118.944174
-0.628335,51,118.966223
-0.687176,51,118.988767
-0.798066,51,119.011237
-0.917209,51,119.032996
-0.780717,51,119.054753
-0.662591,52,119.077168
-0.726113,51,119.098358
-0.791813,51,119.120436
-0.854975,51,119.142335
-0.84624,51,119.163985
-0.756212,51,119.191318
-0.709166,51,119.214449
-0.974057,52,119.236146
-0.802608,51,119.259741
-0.786928,51,119.279762
-0.628602,51,119.299789
-0.687052,51,119.320618
-0.737258,51,119.341165
-0.677254,51,119.361694
-0.705553,52,119.383839
-0.732943,52,119.406006
-0.775114,51,119.427984
-0.827881,51,119.450294
-0.769654,51,119.470983
-0.877228,51,119.493279
-0.804928,51,119.51583
-0.797561,51,119.752777
-0.807445,52,119.775137
-0.724355,51,119.79902
-0.771101,51,119.821474
-0.79746,51,119.843237
-0.614789,52,119.86607
-0.664444,51,119.888737
-0.67822,51,119.911469
-0.736284,52,119.93502
-0.764999,51,119.957494
-0.711087,51,119.980632
-0.660254,51,120.004115
-0.783308,51,120.027197
-0.710442,52,120.049448
-0.744379,51,120.069492
-0.693946,51,120.089654
-0.813798,51,120.11052
-0.721377,51,120.131808
-0.681018,51,120.1522
-0.78284,51,120.173245
-0.606909,51,120.194039
-0.714945,51,120.215478
-1.088605,51,120.236571
-0.744061,52,120.259077
-0.811282,51,120.280556
-0.744356,51,120.301627
-0.671861,51,120.325711
-0.767105,51,120.348736
-0.724212,51,120.371395
-0.766001,51,120.393917
-0.73397,52,120.417538
-0.727212,51,120.438936
-0.732757,52,120.460641
-0.745748,51,120.481762
-0.745699,51,120.503002
-0.676232,51,120.524264
-0.74849,51,120.545787
-0.808065,51,120.567337
-0.76007,51,120.59018
-0.794747,51,120.613289
-0.749098,51,120.874793
-0.820827,51,120.895682
-0.805266,51,120.917757
-0.756473,52,120.939353
-0.723726,51,120.959888
-0.709453,52,120.98223
-0.644796,51,121.004597
-0.723617,51,121.039284
-0.798802,51,121.069834
-0.72246,51,121.111866
-0.762314,51,121.171184
-0.768773,51,121.205402
-0.695774,51,121.227385
-0.767998,51,121.249815
-0.719171,51,121.276058
-0.793298,51,121.305601
-0.813152,51,121.328481
-0.903626,51,121.349411
-0.770914,51,121.371423
-0.740421,51,121.405526
-0.699434,51,121.445329
-0.701533,51,121.479472
-0.689215,51,121.503241
-0.825075,52,121.527357
-0.844569,51,121.550224
-0.672191,51,121.573426
-0.636704,51,121.607057
-0.661236,51,121.632867
-0.721267,51,121.658876
-0.748249,51,121.682882
-0.71935,51,121.706331
-0.702054,51,121.728881
-0.815002,51,121.751763
-0.868974,51,121.774
-0.829833,51,121.796349
-0.834918,51,121.819095
-0.642163,51,121.842455
-0.683132,51,121.865423
-0.828799,52,121.892447
-0.699505,51,121.916663
-0.764449,51,121.941427
-0.678143,52,122.204439
-0.746499,51,122.235682
-0.898439,51,122.264431
-0.773877,51,122.288518
-0.790213,51,122.317171
-0.830652,51,122.345204
-0.736402,51,122.372512
-0.713216,51,122.400552
-0.827923,51,122.429011
-0.832899,51,122.458136
-0.664415,51,122.486638
-0.775894,52,122.514386
-0.794847,51,122.549855
-0.724972,51,122.580365
-0.658114,51,122.606802
-0.73248,51,122.632898
-0.611937,51,122.659585
-0.684219,51,122.68588
-0.780435,51,122.711772
-0.901794,51,122.735067
-0.732464,51,122.756767
-0.733656,52,122.778827
-0.768868,51,122.800354
-0.653233,52,122.822252
-0.66079,52,122.844108
-0.74915,52,122.867142
-0.919394,51,122.889774
-0.649565,51,122.912512
-0.679213,51,122.93519
-0.825765,51,122.957767
-1.020985,51,122.982425
-0.674307,51,123.00631
-0.760744,51,123.02917
-0.938457,51,123.056075
-0.653148,51,123.080556
-0.745985,51,123.102564
-0.812214,51,123.124478
-0.750374,52,123.147235
-0.753456,51,123.169272
-0.76919,51,123.190996
-0.758709,51,123.430313
-0.79524,51,123.451062
-0.782232,51,123.472814
-0.70885,51,123.494614
-0.697871,51,123.518003
-0.671825,51,123.540187
-0.83907,51,123.563516
-0.748788,51,123.586855
-0.79056,52,123.609273
-0.72818,51,123.631244
-0.945368,51,123.652644
-0.732027,51,123.67623
-0.616518,51,123.70003
-0.669432,52,123.723508
-0.732931,51,123.745234
-0.637344,52,123.767409
-0.704961,52,123.790418
-0.745136,52,123.812732
-0.670389,52,123.836069
-0.778395,51,123.859626
-0.78205,51,123.881355
-0.703206,51,123.902564
-0.695415,52,123.92496
-0.887513,51,123.94598
-0.797979,51,123.96742
-0.640431,51,123.990566
-0.725115,51,124.011907
-0.731816,51,124.032931
-0.674184,51,124.055131
-0.911854,51,124.077749
-0.719895,51,124.100018
-0.84144,52,124.122522
-0.657505,51,124.144243
-0.908072,51,124.165239
-1.008174,51,124.187378
-0.744227,52,124.215186
-0.630771,51,124.237719
-0.718649,51,124.261064
-0.732801,52,124.28451
-0.69168,51,124.307467
-0.791418,51,124.550716
-0.83261,51,124.572639
-0.687598,51,124.597726
-0.643492,51,124.621018
-0.806259,51,124.644659
-0.817787,51,124.668289
-0.761833,51,124.691398
-0.697916,51,124.714003
-0.657425,51,124.735866
-0.805348,51,124.757612
-0.841821,51,124.779053
-0.66278,51,124.801208
-0.781972,51,124.823466
-0.679109,51,124.844362
-0.991779,51,124.864242
-0.792709,51,124.884532
-0.755507,51,124.905484
-0.786163,51,124.927904
-0.704622,51,124.949301
-0.679794,52,124.971764
-0.90658,51,125.001356
-0.820318,51,125.026991
-0.723425,51,125.048216
-0.883223,51,125.069524
-0.687402,51,125.091235
-0.777414,51,125.113031
-0.83167,51,125.137058
-0.81325,51,125.158325
-0.683732,52,125.180677
-0.803673,51,125.202003
-0.711204,51,125.223513
-0.686673,51,125.244512
-0.784182,51,125.265402
-0.738348,51,125.286209
-0.813823,51,125.308458
-0.791943,51,125.331597
-0.852134,51,125.353574
-0.76908,51,125.376469
-0.932579,51,125.399111
-0.696105,51,125.421745
-0.744781,51,125.666628
-0.773966,51,125.686981
-0.705776,51,125.707322
-0.751101,51,125.728179
-0.714058,51,125.749856
-0.697647,51,125.771361
-0.678654,51,125.792677
-0.676157,51,125.813995
-0.844893,51,125.835363
-0.713669,51,125.856785
-0.714545,51,125.878822
-0.831296,51,125.900255
-0.868963,51,125.921616
-0.779243,51,125.94255
-0.779438,51,125.963285
-0.75209,51,125.98372
-0.880629,51,126.004885
-0.631327,51,126.026461
-0.674017,51,126.047527
-0.665527,51,126.068828
-0.757143,51,126.08988
-0.837978,51,126.112335
-0.781725,51,126.135178
-0.827799,51,126.157515
-0.767869,51,126.180098
-0.746587,51,126.203158
-0.774366,51,126.224823
-0.821128,51,126.24704
-0.759008,51,126.268579
-0.888144,51,126.290209
-0.730368,51,126.311307
-0.69661,52,126.333147
-0.86795,52,126.354649
-0.723683,51,126.375314
-0.724872,51,126.396559
-0.804162,51,126.417436
-0.794477,51,126.438265
-0.817326,51,126.458734
-0.732838,51,126.479648
-0.685422,51,126.501667
-0.678148,51,126.741955
-0.795832,51,126.76378
-0.700656,51,126.78463
-0.754564,51,126.806033
-0.640435,51,126.826479
-0.698766,51,126.860304
-0.694547,51,126.924971
-0.780484,51,126.979999
-0.841331,51,127.024376
-0.676956,51,127.063389
-0.75618,52,127.100027
-0.863794,51,127.135447
-0.65829,51,127.17735
-0.757041,51,127.203634
-0.860972,51,127.227484
-0.850053,51,127.253132
-0.720727,51,127.277936
-0.972571,51,127.303008
-0.734834,51,127.327779
-0.824208,51,127.350529
-0.72249,51,127.370851
-0.609881,51,127.390416
-0.712073,51,127.417178
-0.671957,51,127.441202
-0.629472,51,127.472196
-0.634085,51,127.500329
-0.691479,51,127.522094
-0.658875,51,127.546145
-0.66809,51,127.574746
-0.81816,52,127.597124
-0.690222,51,127.618567
-0.707084,51,127.64037
-0.791172,51,127.662191
-0.76171,51,127.683896
-0.748379,51,127.705825
-0.702755,51,127.72816
-1.028907,51,127.750007
-0.665563,51,127.772173
-0.785277,51,127.795518
-0.761759,51,127.818541
-0.793664,51,128.070579
-0.74517,51,128.091971
-0.668781,51,128.11264
-0.71777,51,128.133439
-0.702885,51,128.155042
-0.817393,52,128.177187
-0.630447,51,128.198588
-0.72272,51,128.219452
-0.718696,52,128.240813
-0.672563,51,128.261575
-0.982563,51,128.282749
-0.800796,51,128.304145
-0.800255,52,128.327591
-0.762689,51,128.349092
-0.715977,51,128.370513
-1.098796,51,128.39268
-0.804364,51,128.414854
-0.863318,51,128.438905
-0.900593,51,128.459674
-0.809115,51,128.4809
-0.750763,51,128.5014
-0.674864,51,128.521931
-0.752106,51,128.542391
-0.815586,51,128.56346
-0.686296,52,128.585145
-0.780479,51,128.606365
-0.776277,51,128.626892
-0.709871,51,128.64761
-0.735115,51,128.667284
-0.69181,51,128.688694
-0.717645,51,128.709382
-0.83726,52,128.731099
-0.785943,51,128.752128
-0.718738,51,128.772625
-0.636899,51,128.794515
-0.794193,51,128.81554
-0.696515,51,128.83743
-0.791752,52,128.863093
-0.691026,51,128.884809
-0.823639,51,128.90685
-0.665642,51,129.139538
-0.652069,51,129.160522
-0.730285,51,129.181078
-0.801565,51,129.202604
-0.732072,51,129.224058
-0.861508,51,129.245455
-0.789852,51,129.266897
-0.74261,51,129.288803
-0.80268,51,129.310219
-0.690725,52,129.331897
-0.747027,52,129.353582
-0.737012,51,129.374916
-0.675268,51,129.397971
-0.690255,51,129.418271
-0.75522,51,129.438639
-0.716788,51,129.460095
-0.779853,52,129.482542
-0.771509,51,129.503641
-1.005202,51,129.525313
-0.742129,51,129.547458
-0.705563,51,129.569407
-0.713248,51,129.590801
-0.985392,51,129.611706
-0.795776,51,129.632235
-0.698332,52,129.653292
-0.78417,51,129.674226
-0.678361,52,129.695694
-0.768593,51,129.71755
-0.618413,52,129.752044
-0.773167,51,129.774667
-0.754899,51,129.796645
-0.803324,51,129.81773
-0.763103,52,129.838074
-0.760582,52,129.859409
-0.743939,51,129.881414
-0.728254,52,129.903583
-0.749994,51,129.92822
-0.774102,51,129.949857
-0.730264,51,129.971865
-0.821011,51,129.994251
-0.664364,51,130.23209
-0.748823,51,130.252854
-0.758332,51,130.27471
-0.740517,51,130.296289
-0.687692,52,130.320371
-0.648197,51,130.342817
-0.852081,51,130.365176
-0.697059,51,130.387277
-0.707746,51,130.409969
-0.898876,51,130.434152
-0.688367,51,130.459474
-0.76283,51,130.482489
-0.655812,51,130.504648
-0.714918,51,130.525367
-0.919129,51,130.546941
-0.836392,51,130.568196
-0.763804,51,130.589675
-0.728948,51,130.609637
-0.802014,51,130.630124
-0.863423,51,130.650767
-0.679316,51,130.671995
-0.700511,52,130.693976
-0.674947,51,130.714946
-0.6444,51,130.736473
-0.785058,52,130.758815
-0.778704,51,130.780064
-0.679628,52,130.802191
-0.886651,51,130.823726
-0.694813,51,130.845266
-0.884557,51,130.867069
-0.651038,52,130.889361
-0.713158,51,130.910835
-0.767172,51,130.936404
-0.778588,51,130.963416
-0.810278,51,131.002676
-0.762263,51,131.023238
-0.866539,51,131.043027
-0.737218,51,131.063981
-0.674289,51,131.085697
-0.714778,51,131.107345
-0.827644,51,131.350924
-0.679637,51,131.37312
-0.7148,51,131.395154
-0.733726,51,131.417056
-0.732259,52,131.443198
-0.72869,51,131.46365
-0.689567,52,131.489117
-0.747977,51,131.517398
-0.752452,51,131.547235
-0.689311,51,131.572884
-0.797014,51,131.59824
-0.796785,51,131.623824
-0.717238,51,131.648982
-0.810872,51,131.673072
-0.900161,51,131.697025
-0.895378,51,131.72119
-0.79052,51,131.745548
-0.742387,51,131.769514
-0.804619,51,131.793472
-0.773087,51,131.817412
-0.748476,51,131.841264
-0.854716,51,131.862258
-0.736714,52,131.883595
-0.788318,51,131.903836
-0.716328,51,131.92373
-0.872,51,131.943692
-0.750027,51,131.963603
-0.754674,51,131.986344
-0.735804,51,132.008166
-0.754084,51,132.030604
-0.635661,52,132.055134
-0.7603,51,132.079195
-0.820936,51,132.102461
-0.826758,51,132.125597
-0.747173,51,132.148663
-0.878919,51,132.171654
-0.712122,51,132.194322
-0.75705,51,132.218313
-0.780995,51,132.241826
-0.853909,51,132.265917
-0.912427,51,132.52575
-0.692186,51,132.547359
-0.806472,51,132.569187
-0.72771,52,132.59299
-0.736017,51,132.617004
-0.625539,51,132.64256
-0.73666,51,132.667207
-0.662651,52,132.691892
-0.828486,51,132.716774
-0.665408,51,132.740307
-0.576051,51,132.762641
-0.824327,51,132.785779
-0.724095,51,132.808426
-0.642398,52,132.847339
-0.891686,51,132.898194
-0.908779,51,132.947481
-0.690897,51,132.976675
-0.715025,51,133.008934
-0.643266,51,133.034754
-0.786373,51,133.108644
-0.775215,52,133.150576
-0.678543,51,133.185491
-0.73336,51,133.208255
-0.668255,51,133.229881
-0.72732,51,133.251868
-0.751673,51,133.274264
-0.69926,51,133.296911
-0.753633,51,133.320705
-0.806046,51,133.34362
-0.821611,51,133.36654
-0.865373,51,133.394922
-0.644821,51,133.433971
-0.738952,52,133.457041
-0.865078,51,133.478898
-0.701925,52,133.501112
-0.804767,51,133.523763
-0.789591,51,133.547061
-0.686243,51,133.569725
-0.744972,51,133.592707
-0.584973,51,133.615483
-0.718986,51,133.858911
-0.71811,51,133.88309
-0.688812,51,133.907561
-0.623746,51,133.92889
-0.746889,52,133.951041
-0.70233,51,133.972344
-0.836546,51,133.99472
-0.889953,52,134.017397
-0.760853,51,134.039778
-0.904896,51,134.062329
-0.733243,51,134.082802
-0.768255,51,134.103539
-0.756824,51,134.124246
-0.664087,51,134.14558
-0.806186,51,134.166621
-0.697554,51,134.191426
-0.768271,51,134.213308
-0.728658,51,134.235384
-0.820741,52,134.25798
-0.778252,51,134.280782
-0.905916,51,134.304086
-0.737957,51,134.325546
-0.744359,51,134.348441
-0.766683,51,134.370692
-0.953416,51,134.395346
-0.715002,51,134.422411
-0.863514,51,134.444321
-0.838274,52,134.467032
-0.855413,51,134.486818
-0.797004,51,134.507607
-0.817472,51,134.52863
-0.663863,51,134.550455
-0.73037,51,134.572976
-0.723882,51,134.594584
-0.736438,51,134.616126
-0.884308,51,134.638182
-0.709623,52,134.661244
-0.777374,51,134.683633
-0.693805,52,134.707283
-0.867901,51,134.73143
-0.890728,52,134.982086
-0.717477,51,135.014816
-0.706731,52,135.038572
-0.740587,52,135.062834
-0.612061,51,135.08548
-0.818747,51,135.114569
-0.889011,51,135.137012
-0.881375,51,135.158813
-0.723548,51,135.180467
-0.764705,51,135.202864
-0.732399,51,135.224551
-0.810649,51,135.248651
-0.752369,52,135.271341
-0.843695,51,135.292569
-0.726947,51,135.313491
-0.738971,51,135.333679
-0.766292,51,135.354678
-0.700434,51,135.375119
-0.891596,52,135.39597
-0.752902,51,135.417873
-0.90454,51,135.438419
-0.741589,51,135.459938
-0.749601,52,135.481527
-0.747945,51,135.506656
-0.67779,51,135.541279
-0.767727,51,135.567858
-0.700951,51,135.595045
-0.798779,51,135.622659
-0.679882,51,135.660067
-0.655124,51,135.696162
-0.73992,51,135.726792
-0.698333,51,135.76329
-0.738176,51,135.800415
-0.864803,51,135.837009
-0.664031,51,135.894477
-0.791789,51,135.921674
-0.748403,51,135.943434
-0.735151,52,135.965417
-0.702278,51,135.987758
-0.692037,51,136.009546
-0.790921,51,136.26644
-0.654846,51,136.287479
-0.675242,51,136.307689
-0.702753,51,136.329873
-0.717374,51,136.351393
-0.700429,51,136.37278
-1.091558,51,136.394098
-0.757231,51,136.416711
-0.735523,51,136.43807
-0.680024,52,136.460205
-0.732006,51,136.481345
-0.752165,51,136.503017
-0.890791,51,136.52459
-0.773186,51,136.546493
-0.628621,51,136.568268
-0.771835,51,136.590144
-0.780247,51,136.611334
-0.681773,51,136.633412
-0.777796,51,136.655433
-0.793561,52,136.676714
-0.776224,52,136.699005
-0.691286,51,136.721162
-0.685123,51,136.743585
-0.787475,51,136.766448
-0.838298,51,136.789342
-0.722995,51,136.816863
-0.765437,51,136.840554
-0.729784,51,136.863873
-0.834605,51,136.886986
-0.857282,51,136.91148
-0.733743,52,136.937615
-0.728775,51,136.961179
-0.850889,51,136.984827
-0.62985,51,137.010811
-0.755928,52,137.037307
-0.809598,51,137.061777
-0.85404,51,137.095294
-0.833883,51,137.122942
-0.723961,52,137.150341
-0.725026,51,137.172008
-0.969388,51,137.434328
-0.802528,51,137.455918
-0.775288,51,137.477489
-0.66042,51,137.499746
-0.711471,51,137.522126
-0.887856,51,137.544401
-0.741552,51,137.577
-0.737913,51,137.602334
-0.845008,51,137.624837
-0.658444,51,137.647201
-0.699277,51,137.668845
-0.683848,51,137.691645
-0.786986,51,137.713956
-0.787844,51,137.735861
-0.781168,51,137.759606
-0.941773,51,137.781575
-0.968704,51,137.804057
-0.709726,51,137.826005
-0.826171,51,137.847182
-0.652445,51,137.870125
-0.816434,52,137.894265
-0.724512,51,137.918809
-0.921584,51,137.943717
-0.706893,51,137.964648
-0.867747,51,137.984582
-0.773737,51,138.00526
-0.725438,51,138.027262
-0.815184,51,138.115578
-0.944985,51,138.173308
-0.716964,51,138.193419
-0.728278,51,138.214905
-0.718484,51,138.235349
-0.778051,51,138.256064
-0.598546,51,138.276619
-0.947144,51,138.297584
-0.703733,51,138.318469
-0.687348,51,138.34054
-0.69104,51,138.361903
-0.65213,52,138.383825
-0.671107,51,138.405627
-0.700499,51,138.653207
-0.793425,52,138.674885
-0.808396,51,138.696552
-0.84493,51,138.718865
-0.611009,51,138.740591
-0.742551,51,138.761805
-0.65047,51,138.782809
-0.719818,51,138.804021
-0.718773,51,138.824263
-0.723149,52,138.845448
-0.722192,51,138.866595
-0.850073,51,138.887432
-0.731051,51,138.909818
-0.774814,51,138.931436
-0.688492,51,138.953066
-0.781875,51,138.975707
-0.805852,51,138.998504
-0.786451,51,139.021612
-0.798365,51,139.045448
-0.819894,51,139.067799
-0.783862,51,139.092956
-0.649321,52,139.116252
-0.738433,51,139.139488
-0.757498,51,139.162268
-0.664895,51,139.183911
-0.786259,51,139.205748
-0.683758,51,139.227263
-0.708041,51,139.24926
-0.684562,51,139.271143
-0.764794,51,139.293768
-0.715605,51,139.315824
-0.76709,51,139.33843
-0.676484,51,139.360661
-0.682709,51,139.381876
-0.756272,51,139.40492
-0.639687,51,139.42712
-0.813131,51,139.4488
-0.668369,51,139.470542
-0.757745,51,139.491866
-0.762104,51,139.514124
-0.81648,51,139.756081
-0.691916,51,139.777864
-0.692125,51,139.800006
-0.644929,51,139.822172
-0.70999,51,139.844126
-0.71095,51,139.866655
-0.761172,51,139.888081
-0.696411,52,139.910737
-0.648216,51,139.932417
-0.646063,51,139.953714
-0.847066,51,139.975335
-0.755689,51,139.998269
-0.721366,51,140.019763
-0.696704,51,140.041355
-0.775441,52,140.065175
-0.747174,51,140.086579
-0.662434,51,140.1088
-0.653921,51,140.13107
-0.706959,52,140.153272
-0.859598,51,140.17517
-0.686118,51,140.197188
-0.761231,51,140.219346
-0.782999,51,140.241441
-0.617921,51,140.262592
-0.700442,51,140.284671
-0.652959,51,140.305722
-0.636147,51,140.327691
-0.702939,51,140.348686
-0.654413,51,140.370104
-0.741655,51,140.391466
-0.809163,51,140.418782
-0.685188,51,140.441724
-0.751368,51,140.4694
-0.76107,51,140.489796
-0.727357,52,140.510366
-0.793225,51,140.530959
-0.715304,51,140.551088
-0.727953,51,140.572305
-0.835113,51,140.594483
-0.7432,51,140.616191
-0.728085,52,140.829078
-0.7322,52,140.850243
-0.789229,51,140.870332
-0.689131,52,140.891559
-0.803824,51,140.911728
-0.762036,51,140.932977
-0.714098,51,140.953747
-0.719233,52,140.975604
-0.790348,51,140.997184
-0.623743,51,141.029249
-0.713197,51,141.058288
-0.64346,51,141.083689
-0.687836,52,141.104421
-0.66382,51,141.127883
-0.821489,51,141.148315
-0.743465,51,141.170152
-0.654791,51,141.191154
-0.998694,51,141.211852
-0.720437,52,141.233212
-0.707687,51,141.253716
-0.706,52,141.274314
-0.788642,51,141.294748
-0.911879,51,141.314897
-0.716666,51,141.335417
-0.63757,51,141.355185
-0.761084,52,141.376263
-0.812976,52,141.396776
-0.72415,51,141.417397
-0.642094,51,141.438537
-0.887223,51,141.459426
-0.667194,52,141.480682
-0.670615,52,141.501688
-0.707591,51,141.521826
-0.737786,51,141.542356
-0.854331,51,141.56292
-0.628218,51,141.583755
-0.705952,51,141.603792
-0.670781,51,141.624352
-0.725113,52,141.648475
-0.640918,51,141.677142
-0.659463,51,141.924636
-0.737607,51,141.946874
-0.631867,51,141.969405
-0.816813,51,141.992857
-0.707688,51,142.014958
-0.746863,51,142.036861
-0.744782,51,142.059064
-0.740804,51,142.080243
-0.764588,52,142.102551
-0.699625,51,142.123848
-0.660213,51,142.145413
-0.890612,51,142.166506
-0.701564,52,142.19057
-0.812063,52,142.212905
-0.765554,51,142.233581
-0.811532,51,142.25551
-0.767691,51,142.277041
-0.772254,51,142.297653
-0.699007,51,142.318857
-0.711063,51,142.341983
-0.785856,51,142.378369
-0.793225,51,142.409708
-0.788247,51,142.44679
-0.69413,51,142.474385
-0.746883,52,142.501702
-0.710618,51,142.535927
-0.701436,51,142.565225
-0.704296,51,142.5932
-0.725798,51,142.620822
-0.764141,51,142.656185
-0.890097,52,142.685212
-0.665765,52,142.710751
-0.713827,51,142.734172
-0.859574,51,142.755362
-0.662074,51,142.777116
-0.704715,51,142.797909
-0.74294,51,142.819235
-0.776849,51,142.840683
-0.777689,51,142.863271
-0.869838,51,142.885111
-0.704162,51,143.132571
-0.688392,51,143.153685
-0.686484,51,143.174957
-0.724204,51,143.196124
-0.791614,51,143.21789
-0.695345,52,143.240233
-0.732079,51,143.265874
-0.78539,51,143.287418
-0.745471,52,143.308641
-0.68923,51,143.330134
-0.749544,51,143.351092
-0.719441,51,143.373324
-0.684692,51,143.394802
-0.796859,51,143.417323
-0.672095,51,143.438809
-0.69153,51,143.460724
-0.736014,51,143.481182
-0.747151,51,143.502564
-0.804168,51,143.523471
-0.760786,51,143.5453
-0.642242,51,143.566581
-0.705511,51,143.588095
-0.821498,51,143.610042
-0.793795,51,143.630998
-0.750065,52,143.652487
-0.709689,51,143.673946
-0.777037,51,143.694712
-0.696577,51,143.714691
-0.699297,51,143.735146
-0.7711,51,143.755554
-0.676554,52,143.777462
-0.72662,51,143.80041
-0.742038,51,143.822696
-0.676407,51,143.844434
-0.65613,51,143.86638
-0.763563,51,143.888773
-0.707569,51,143.91029
-0.746969,51,143.932387
-0.695525,51,143.954652
-0.727071,51,143.976299
-0.654298,51,143.997683
-0.751728,51,144.232403
-0.909947,51,144.253762
-0.7886,51,144.275519
-0.755262,51,144.296792
-0.736412,51,144.320426
-0.720515,51,144.342338
-0.722122,51,144.363887
-0.677191,51,144.385565
-0.650716,51,144.407341
-0.748417,52,144.42994
-0.796266,51,144.452011
-0.603312,52,144.474123
-0.814271,51,144.496044
-0.739109,51,144.518197
-0.691596,51,144.538772
-0.739886,51,144.561008
-0.77873,51,144.581976
-0.871521,51,144.603671
-0.84596,51,144.624699
-0.789278,51,144.646907
-0.726496,51,144.667479
-0.827603,51,144.688512
-0.702368,51,144.710743
-0.840888,51,144.731871
-0.736554,51,144.753339
-0.877741,51,144.7748
-0.811025,52,144.795679
-0.739517,51,144.816164
-0.641367,52,144.838025
-0.721842,51,144.860573
-0.870736,51,144.881621
-0.810259,51,144.902099
-0.783078,52,144.922987
-0.744494,51,144.944983
-0.769696,51,144.966644
-0.872693,51,144.98904
-0.655067,51,145.01037
-0.639711,52,145.033191
-0.950598,51,145.05535
-0.806399,51,145.076505
-0.718793,51,145.317191
-1.004981,51,145.339075
-0.783613,51,145.361841
-0.701201,51,145.386299
-0.762331,51,145.408792
-0.643322,52,145.430949
-0.928953,51,145.453198
-0.75923,51,145.474752
-0.808055,51,145.496561
-0.741316,51,145.519241
-0.597027,52,145.541501
-0.754969,51,145.56315
-0.604616,51,145.585269
-0.74554,51,145.607251
-0.735994,51,145.632221
-0.669875,52,145.654171
-0.685563,51,145.675164
-0.665105,51,145.696369
-0.679937,51,145.717971
-0.647489,51,145.738598
-0.681261,51,145.759189
-0.781756,51,145.778677
-0.666812,51,145.798182
-0.754503,51,145.818294
-0.820765,51,145.838728
-0.964443,51,145.858808
-0.775343,51,145.879664
-0.642183,51,145.900029
-0.788083,51,145.921678
-0.615556,51,145.943703
-0.738808,51,145.963979
-0.769926,51,145.986006
-0.69686,52,146.006716
-0.758479,51,146.027419
-0.647107,51,146.048123
-0.858576,51,146.069966
-0.643566,51,146.090174
-0.712653,51,146.110887
-0.897881,51,146.131511
-0.724652,51,146.152274
-0.775061,51,146.428338
-0.777498,51,146.449471
-0.742956,51,146.470793
-0.778501,51,146.490785
-0.785054,51,146.510961
-0.684308,51,146.531941
-0.74248,51,146.552716
-0.746384,51,146.572807
-0.734502,51,146.595391
-0.750039,51,146.615395
-0.708881,51,146.635078
-0.842235,51,146.656318
-0.752842,51,146.676929
-0.711659,51,146.697386
-0.633253,52,146.718271
-0.654384,51,146.741372
-0.786633,51,146.762702
-0.765501,51,146.7834
-0.709048,51,146.803538
-0.806556,51,146.823605
-0.79852,51,146.843624
-0.717128,51,146.864079
-0.676863,52,146.884816
-0.678915,51,146.904898
-0.781343,51,146.926563
-0.602584,52,146.949511
-0.737245,51,146.970665
-0.764589,51,146.994941
-0.858135,51,147.017022
-0.81205,51,147.038251
-0.72871,51,147.061159
-0.760301,51,147.082609
-0.852647,51,147.103772
-0.874873,51,147.124597
-0.712604,51,147.147288
-0.764567,51,147.170631
-0.734908,51,147.194077
-0.624043,51,147.216364
-0.622393,51,147.238852
-0.652602,51,147.261428
-0.805474,52,147.501867
-0.701109,51,147.527153
-0.690635,51,147.549318
-0.705554,52,147.571468
-0.671995,51,147.593972
-0.732254,51,147.615369
-0.711033,51,147.637143
-0.707727,51,147.658965
-0.669009,51,147.680709
-0.745465,51,147.701954
-0.723835,51,147.722785
-0.782379,51,147.743091
-0.826314,51,147.763797
-0.927032,51,147.785355
-0.695484,51,147.806294
-0.733511,51,147.827504
-0.6556,52,147.848582
-0.743934,51,147.869722
-0.892544,51,147.8918
-0.696935,52,147.914164
-0.775503,52,147.936361
-0.777114,51,147.958024
-0.845847,52,147.980167
-0.71945,51,148.002133
-0.634253,51,148.025495
-0.812581,51,148.049861
-0.716149,51,148.071142
-0.85304,51,148.093355
-0.802861,51,148.114867
-0.785577,51,148.135994
-0.714942,51,148.156663
-0.66448,51,148.177733
-0.815883,51,148.199914
-0.754582,51,148.223026
-0.651016,51,148.245505
-0.784464,51,148.268042
-0.639125,51,148.290848
-0.685988,51,148.313862
-0.699083,51,148.337296
-0.773543,52,148.359767
-0.790001,52,148.6007
-0.833387,51,148.623438
-0.748451,52,148.645818
-0.710131,51,148.66761
-0.711757,51,148.688887
-0.682578,51,148.711116
-0.725519,51,148.732143
-0.671827,51,148.753953
-0.722672,51,148.775084
-0.705165,52,148.796752
-0.651865,51,148.817713
-0.655981,51,148.838686
-0.6728,51,148.860369
-0.84927,51,148.883219
-0.675162,52,148.905242
-0.740928,52,148.927876
-0.630687,51,148.947836
-0.725785,51,148.96887
-0.718536,51,148.993355
-0.771858,51,149.016995
-0.614172,51,149.037607
-0.763879,51,149.058666
-0.653302,51,149.079226
-0.744296,51,149.099753
-0.677036,51,149.121591
-0.76225,51,149.143343
-0.801412,52,149.165698
-0.799696,52,149.197546
-0.562065,51,149.219191
-0.735476,51,149.24094
-0.674297,51,149.261561
-0.732763,51,149.282196
-0.822116,51,149.302678
-0.816026,51,149.323219
-0.64038,51,149.344229
-0.819611,51,149.364738
-0.72099,51,149.38623
-0.748346,51,149.414091
-0.703204,51,149.437047
-0.739341,51,149.458416
-0.708533,51,149.709342
-0.709014,51,149.73174
-0.754041,51,149.752399
-0.608427,51,149.773639
-0.707306,52,149.794891
-0.604677,52,149.816552
-0.854164,51,149.838012
-0.721769,51,149.859646
-0.740076,52,149.883051
-0.884363,51,149.904328
-0.872735,51,149.925182
-0.720425,51,149.945934
-0.713118,51,149.966909
-0.725525,51,149.99044
-0.653305,51,150.012248
-0.747447,51,150.034736
-0.64029,51,150.056773
-0.778878,51,150.079206
-0.681342,51,150.10105
-0.776248,51,150.122786
-0.9579,51,150.144407
-0.736937,51,150.165903
-0.702055,51,150.189087
-0.740872,51,150.210253
-0.625126,51,150.23183
-0.695939,51,150.252546
-0.691028,52,150.27503
-0.788131,51,150.296093
-0.64762,51,150.317568
-0.625612,51,150.339099
-0.71678,51,150.360621
-0.769502,51,150.382918
-0.70366,51,150.405477
-0.731558,52,150.427484
-0.833372,51,150.449332
-0.707658,51,150.471444
-0.832299,51,150.493257
-0.692065,51,150.51637
-0.686548,51,150.539312
-0.809452,51,150.560856
-0.797451,51,150.806714
-0.682189,51,150.827884
-0.893917,51,150.84979
-0.687568,51,150.871641
-0.702635,51,150.892836
-0.755538,51,150.914172
-0.688976,52,150.93734
-0.742172,51,150.958265
-0.764503,51,150.978192
-0.725483,51,150.999588
-0.647105,51,151.019675
-0.751797,51,151.040128
-0.736642,51,151.060673
-0.837423,51,151.08195
-0.730857,51,151.102643
-0.896666,51,151.122805
-0.607744,51,151.144075
-0.862039,51,151.164641
-0.710018,51,151.187739
-0.641485,51,151.208316
-0.711624,51,151.22898
-0.736521,52,151.250694
-0.812174,51,151.270975
-0.714529,51,151.291
-0.727915,51,151.312472
-0.694211,51,151.333233
-0.744439,51,151.354462
-0.659945,52,151.375505
-0.857453,51,151.395668
-0.677717,51,151.416296
-0.720683,51,151.436841
-0.658961,51,151.457432
-0.694813,51,151.478056
-0.678344,51,151.498622
-0.720108,51,151.519739
-0.823845,51,151.540367
-0.738796,51,151.562102
-0.760421,52,151.583654
-0.782666,51,151.604442
-0.727047,51,151.624788
-0.637755,51,151.838314
-0.74648,51,151.858625
-0.714694,51,151.879423
-0.744838,52,151.899952
-0.712681,51,151.920332
-0.693075,52,151.940887
-0.771506,51,151.962005
-0.682036,51,151.982368
-0.762033,51,152.002483
-0.786439,51,152.022657
-0.738216,51,152.043766
-0.759389,51,152.065501
-0.668329,52,152.087228
-0.808936,52,152.107735
-0.626358,51,152.12799
-0.689006,51,152.149013
-0.716977,51,152.169034
-0.639563,51,152.19021
-0.723888,51,152.210549
-1.005681,51,152.231111
-0.690023,51,152.252003
-0.657761,51,152.274124
-0.760337,52,152.295499
-0.777021,52,152.319038
-0.745766,51,152.340353
-0.699673,52,152.362217
-0.678398,51,152.383907
-0.674212,51,152.405474
-0.620658,51,152.427839
-0.744345,52,152.449599
-0.67561,51,152.471528
-0.733204,51,152.492644
-0.791872,51,152.514126
-0.762714,51,152.535445
-0.746693,52,152.557803
-0.69858,51,152.57885
-0.721658,51,152.599884
-0.801052,51,152.622086
-0.73314,51,152.643651
-0.700856,52,152.666465
-0.773996,51,152.916704
-0.780662,51,152.938192
-0.636742,51,152.959685
-0.708276,52,152.981015
-0.714918,51,153.002725
-0.888294,52,153.025452
-0.692278,52,153.048628
-0.653829,52,153.071738
-0.645751,51,153.095268
-0.703567,51,153.11734
-0.710824,52,153.139495
-0.610705,51,153.161655
-0.760671,51,153.182383
-0.677621,51,153.203286
-0.753636,51,153.223747
-0.83621,51,153.244888
-0.765381,51,153.266525
-0.760475,51,153.287369
-0.72107,51,153.308298
-0.750831,51,153.329154
-0.671104,51,153.349918
-0.658099,51,153.371051
-0.91895,51,153.392957
-0.642299,51,153.414335
-0.737147,51,153.435153
-0.650124,51,153.45683
-0.728209,52,153.479186
-0.801311,51,153.500744
-0.820322,51,153.522762
-0.702912,51,153.545017
-0.678149,51,153.567609
-0.863018,51,153.589843
-0.715888,51,153.611022
-0.751382,52,153.632353
-0.713476,51,153.654183
-0.74894,51,153.675764
-0.692753,51,153.698149
-0.724805,52,153.722456
-0.827944,51,153.743748
-0.73871,51,153.765022
-0.652887,51,154.003038
-0.643123,51,154.024971
-0.640827,51,154.046305
-0.865847,51,154.06783
-0.786654,51,154.090573
-0.814659,51,154.113335
-0.700901,51,154.135408
-0.715024,51,154.158254
-0.74419,51,154.181146
-0.710915,51,154.203394
-0.65014,51,154.225072
-0.676605,52,154.246769
-0.683739,51,154.268965
-0.685071,51,154.289455
-0.742613,51,154.309987
-0.843106,52,154.331326
-0.819295,51,154.351738
-0.712064,51,154.372647
-0.830361,51,154.393647
-0.792105,51,154.414074
-0.734525,51,154.43502
-0.773224,51,154.457792
-0.64473,51,154.480075
-0.670036,51,154.501122
-0.733633,51,154.523081
-0.767496,51,154.544577
-0.787227,51,154.565959
-0.822576,51,154.586803
-0.748206,51,154.608147
-0.741435,51,154.629951
-0.795095,51,154.652373
-0.65642,52,154.674715
-0.81496,51,154.695794
-0.763933,51,154.71638
-0.666279,51,154.737126
-0.824292,51,154.759228
-0.759827,51,154.78053
-0.862393,51,154.802281
-0.749312,51,154.82346
-0.717203,51,154.844722
-0.69199,51,155.084493
-0.812567,51,155.106358
-0.683431,51,155.128583
-0.648211,51,155.149833
-0.777756,51,155.171074
-0.759046,51,155.19262
-0.739164,51,155.214028
-0.631836,51,155.235295
-0.783816,52,155.256901
-0.661485,51,155.279022
-0.915395,51,155.299447
-0.627577,51,155.31992
-0.841131,51,155.340324
-0.921404,51,155.361134
-0.615279,51,155.381196
-0.827114,51,155.401367
-0.71492,51,155.420947
-0.748047,51,155.440892
-0.733819,51,155.461298
-0.725153,51,155.482183
-0.739406,51,155.502703
-0.952449,51,155.525439
-0.74335,51,155.546328
-0.772698,51,155.567069
-0.796166,51,155.588147
-0.712239,51,155.608623
-0.709377,51,155.629289
-0.719154,51,155.65051
-0.674395,51,155.671442
-0.867927,52,155.694437
-0.680056,51,155.71673
-0.852107,51,155.738685
-0.739609,51,155.761125
-0.903227,51,155.782208
-0.652691,51,155.802364
-0.642529,51,155.823188
-0.60748,51,155.844879
-0.821251,51,155.871552
-0.65635,52,155.895744
-0.700134,51,155.918187
-0.769788,51,156.159754
-0.717086,51,156.180943
-0.673492,51,156.20304
-0.680265,52,156.223151
-0.750836,51,156.242775
-0.71145,52,156.262836
-0.770451,51,156.282371
-0.738154,52,156.302314
-0.674342,51,156.322374
-0.704254,51,156.342378
-0.679294,51,156.36236
-0.719008,51,156.38294
-0.791016,51,156.403817
-0.759661,51,156.424546
-0.82088,51,156.467612
-0.740311,51,156.494987
-0.72402,51,156.519094
-0.691603,51,156.542467
-0.791176,52,156.571001
-0.781413,51,156.592381
-0.731064,52,156.613441
-0.73831,51,156.633889
-0.749349,52,156.655257
-0.647868,52,156.684287
-0.776171,51,156.712835
-0.675079,51,156.74487
-0.828534,51,156.773435
-0.763908,51,156.807059
-0.684367,51,156.832878
-0.645154,51,156.852948
-0.725966,52,156.874714
-0.836605,52,156.895698
-0.734678,51,156.917594
-0.626968,51,156.938241
-0.799497,51,156.961357
-0.789705,52,156.983055
-0.71884,52,157.005534
-0.733618,51,157.026623
-0.680177,51,157.048004
-0.709934,51,157.070212
-0.600486,51,157.295845
-0.716062,51,157.317152
-0.820548,51,157.33761
-0.717808,51,157.358785
-0.7571,51,157.379656
-0.733739,51,157.400627
-0.693483,51,157.421878
-0.941422,51,157.4426
-0.761273,51,157.464659
-0.652381,51,157.485556
-0.739279,51,157.506628
-0.771288,51,157.526633
-0.750335,51,157.547194
-0.703221,51,157.567818
-0.87222,51,157.588687
-0.6867,52,157.610253
-0.80979,51,157.630894
-0.747865,52,157.653601
-0.739946,51,157.675579
-0.80895,51,157.69707
-0.733529,51,157.719418
-0.873781,51,157.740491
-0.770205,51,157.76264
-0.750477,52,157.784874
-0.762749,51,157.806313
-0.623175,51,157.827839
-0.70695,51,157.849235
-0.717204,51,157.870881
-0.701226,51,157.893699
-0.643076,52,157.916179
-0.78508,51,157.937434
-0.65058,51,157.959191
-0.80721,51,157.980546
-0.709149,52,158.002563
-0.741564,52,158.023975
-0.683407,51,158.044995
-0.689936,52,158.066185
-0.763999,51,158.088632
-0.765639,51,158.110806
-0.677356,51,158.132897
-0.849895,51,158.383677
-0.87311,51,158.406009
-0.792875,51,158.429438
-0.707998,52,158.45106
-0.68361,52,158.472318
-0.699087,51,158.49364
-0.771707,51,158.515505
-0.726786,51,158.538678
-0.716914,51,158.560787
-0.725732,51,158.582965
-0.688918,51,158.604426
-0.78742,51,158.6255
-0.749361,51,158.64761
-0.65638,51,158.669874
-0.677926,51,158.69151
-0.736246,51,158.713771
-0.723282,51,158.737585
-0.67833,51,158.760159
-0.654675,51,158.781926
-0.648318,51,158.803716
-0.715478,52,158.826361
-0.680772,51,158.847706
-0.649964,51,158.869043
-0.727022,51,158.891738
-0.70187,51,158.913335
-0.73191,51,158.934321
-0.704748,51,158.955515
-0.758498,51,158.976391
-0.668745,51,158.997626
-0.741747,51,159.019884
-0.693373,51,159.041082
-0.641108,51,159.062282
-0.691339,51,159.084068
-0.795017,51,159.105938
-0.618156,51,159.128524
-0.76852,51,159.149908
-0.635239,51,159.172204
-0.711576,51,159.196527
-0.740447,52,159.219294
-0.853777,51,159.241178
-0.796793,51,159.49297
-0.6384,51,159.516234
-0.650506,51,159.538886
-0.722174,52,159.562789
-0.739575,51,159.585262
-0.736756,51,159.607619
-0.721221,51,159.630207
-0.796715,51,159.65239
-0.68252,51,159.673816
-0.637028,52,159.695504
-0.718106,51,159.716411
-0.819384,51,159.737572
-0.739991,51,159.758631
-0.7136,51,159.782155
-0.687459,51,159.803244
-0.604081,51,159.823955
-0.692953,52,159.845642
-0.788601,51,159.866341
-0.66985,51,159.889046
-0.777943,51,159.910297
-0.759608,52,159.932723
-0.855136,51,159.953206
-0.791776,51,159.977346
-0.718606,51,160.001088
-0.934393,51,160.023092
-0.747508,51,160.045364
-0.74422,51,160.066337
-0.690148,51,160.086654
-0.748815,52,160.108039
-0.769688,51,160.129842
-0.73428,51,160.151301
-0.663486,52,160.175169
-0.779624,51,160.197029
-0.768538,51,160.219068
-0.729665,51,160.240496
-0.650509,51,160.261886
-0.758188,51,160.283369
-0.703895,51,160.306698
-0.671389,51,160.330191
-0.802814,51,160.351599
-0.707442,51,160.59389
-0.804817,51,160.61608
-0.742718,52,160.6401
-0.66876,51,160.661835
-0.866651,51,160.683686
-0.753349,51,160.705632
-0.663966,52,160.727973
-0.721065,51,160.749586
-0.781592,51,160.770873
-0.626352,51,160.792727
-0.737737,51,160.814801
-0.692812,51,160.837613
-0.646365,51,160.859554
-0.758957,51,160.880728
-0.772056,52,160.901935
-0.794348,51,160.922416
-0.691498,51,160.943333
-0.675609,51,160.964169
-0.709104,51,160.985081
-0.634115,51,161.005501
-0.839529,51,161.027224
-0.694416,51,161.048691
-0.710367,52,161.069593
-0.738951,52,161.090491
-0.684553,52,161.111948
-0.751157,52,161.13273
-0.753518,51,161.153891
-0.76071,52,161.176438
-0.815029,51,161.197448
-0.710019,52,161.219437
-0.691283,51,161.240352
-0.683191,51,161.261578
-0.763135,51,161.282099
-0.91575,51,161.302981
-0.658999,51,161.32381
-0.742061,52,161.345284
-0.621696,51,161.366892
-0.706166,51,161.391419
-0.700061,51,161.412867
-0.613106,51,161.434237
-0.643741,51,161.667408
-0.70779,51,161.687324
-0.76973,51,161.707031
-0.690834,51,161.726799
-0.697238,51,161.747092
-0.804679,51,161.767776
-0.734257,51,161.788739
-0.810456,52,161.809586
-0.7176,51,161.829272
-0.649321,51,161.849855
-0.650419,51,161.869838
-0.719357,51,161.88988
-0.76501,51,161.911639
-0.565653,51,161.931546
-0.950391,51,161.951172
-0.790104,51,161.971177
-0.791194,51,161.993174
-0.607135,51,162.013448
-0.743547,52,162.034398
-0.767193,51,162.05521
-0.752218,51,162.077626
-0.744857,51,162.099
-0.805627,51,162.120169
-0.811112,51,162.141375
-0.774077,51,162.161906
-0.84663,51,162.182825
-0.780098,51,162.203658
-0.716705,51,162.224893
-0.689278,51,162.246032
-0.697368,51,162.267158
-0.760931,51,162.288199
-0.736891,51,162.309158
-0.704897,51,162.329995
-0.750207,51,162.350604
-0.707514,51,162.371034
-0.74487,51,162.391312
-0.693644,51,162.410701
-0.714925,51,162.430177
-0.720513,52,162.451744
-0.741204,51,162.477388
-0.746066,51,162.708021
-0.729506,51,162.728363
-0.777608,51,162.74905
-0.671368,51,162.769141
-0.708322,51,162.78975
-0.801365,51,162.809801
-0.713976,51,162.829383
-0.775962,51,162.848802
-0.665598,52,162.868669
-0.671134,51,162.888137
-0.76849,51,162.907468
-0.671121,52,162.927283
-0.649708,51,162.946678
-0.714574,51,162.966062
-0.942277,51,162.986774
-0.686411,51,163.007225
-0.628579,52,163.027393
-0.651957,51,163.046935
-0.692231,52,163.066963
-0.787755,51,163.086518
-0.80032,52,163.10647
-0.728981,51,163.125996
-0.773844,51,163.145555
-0.779346,51,163.165088
-0.651679,52,163.18514
-0.82839,51,163.20466
-0.821027,51,163.22431
-0.679546,51,163.243812
-0.69231,52,163.263656
-0.64065,51,163.283137
-0.857288,51,163.302756
-0.668378,51,163.322328
-0.732004,51,163.34167
-0.747485,51,163.361124
-0.679974,52,163.381119
-0.72334,51,163.402965
-0.742975,51,163.4249
-0.853287,51,163.447558
-0.646334,52,163.469836
-0.713462,51,163.492818
-0.718408,51,163.773323
-0.72659,51,163.798078
-0.634359,51,163.819368
-0.703265,51,163.844151
-0.827256,51,163.868992
-0.861737,51,163.894949
-0.789777,51,163.915537
-0.666372,51,163.938004
-0.679817,51,163.962155
-0.773829,51,163.983959
-0.751302,51,164.005288
-0.629373,51,164.033036
-0.73682,51,164.058874
-0.748513,51,164.083014
-0.805273,51,164.103373
-0.771878,51,164.124492
-0.654546,51,164.149431
-0.701223,51,164.1725
-0.947409,51,164.194655
-0.694823,51,164.216901
-0.662556,51,164.239455
-0.871241,51,164.26031
-0.670096,51,164.280258
-0.693206,52,164.302223
-0.64575,51,164.32488
-0.708224,51,164.350548
-0.689626,52,164.371406
-0.694769,52,164.39183
-0.815723,51,164.411391
-0.678661,51,164.431622
-0.856614,51,164.45192
-0.806986,52,164.47238
-0.708985,51,164.491895
-0.655206,51,164.512409
-0.638378,51,164.531793
-0.815106,51,164.55112
-0.803281,51,164.571097
-0.820976,51,164.59411
-0.725606,51,164.614257
-0.651359,51,164.635911
-0.63629,51,164.853483
-0.686405,51,164.874822
-0.700522,51,164.897912
-0.781927,51,164.918992
-0.672626,51,164.939251
-0.708482,51,164.959999
-0.743656,51,164.981354
-0.75472,51,165.00176
-0.704596,51,165.022465
-0.646725,51,165.043608
-0.677714,51,165.063693
-0.790355,51,165.083346
-0.617087,51,165.103488
-0.821231,51,165.125605
-0.660039,51,165.145744
-0.77962,51,165.165439
-0.708033,51,165.185803
-0.805624,51,165.205362
-0.649735,51,165.224923
-0.697676,51,165.245328
-0.672971,51,165.265321
-0.773367,51,165.285526
-0.668399,51,165.306067
-0.710792,51,165.326635
-0.956559,51,165.347794
-0.72488,51,165.368944
-0.581292,52,165.389298
-0.592786,51,165.410363
-0.674907,51,165.430982
-0.91047,51,165.452131
-0.662203,51,165.472696
-0.683353,51,165.493232
-0.76046,51,165.513993
-0.745943,51,165.534181
-0.81607,51,165.554915
-0.653727,51,165.576061
-0.651028,51,165.597037
-0.693327,51,165.618222
-0.764039,51,165.641386
-0.790118,51,165.661767
-0.710129,51,165.878801
-0.659869,51,165.899545
-0.76583,51,165.919477
-0.703049,51,165.940779
-0.718628,51,165.960515
-0.702198,51,165.98111
-0.629865,51,166.0013
-0.668575,52,166.022322
-0.830778,51,166.043022
-0.743643,51,166.063945
-0.678829,51,166.084824
-0.77091,51,166.104952
-0.684761,52,166.125094
-0.740427,52,166.145626
-0.722701,51,166.165562
-0.782178,51,166.186414
-0.727357,51,166.208055
-0.815925,51,166.229685
-0.803692,51,166.251044
-0.782758,51,166.271755
-0.710853,52,166.292752
-0.706027,51,166.313727
-0.689393,51,166.334189
-0.705979,51,166.354403
-0.680792,51,166.374624
-0.680489,51,166.394889
-0.716609,51,166.415599
-0.573181,52,166.435444
-0.715844,52,166.477089
-0.70072,52,166.501144
-0.572165,52,166.52474
-0.660169,51,166.546469
-0.784695,51,166.573898
-0.584681,51,166.594416
-0.730489,51,166.613884
-0.703459,52,166.64499
-0.642056,51,166.667487
-0.768349,51,166.695031
-0.654907,51,166.718701
-0.636381,51,166.739684
-0.826174,51,166.977615
-0.725419,51,166.998093
-0.875558,51,167.018279
-0.776273,51,167.038533
-0.651851,52,167.058515
-0.707347,51,167.080092
-0.713096,51,167.10041
-0.756936,51,167.121184
-0.688327,51,167.14195
-0.766471,51,167.162116
-0.821352,52,167.182598
-0.836591,51,167.203332
-0.732881,51,167.224102
-0.73839,51,167.245147
-0.785097,51,167.266138
-0.882928,51,167.286675
-0.671919,51,167.307711
-0.915057,51,167.328885
-0.754708,51,167.34959
-0.846936,51,167.369198
-0.664538,51,167.389694
-0.804265,51,167.410179
-0.799776,51,167.430387
-0.779468,51,167.451439
-0.685595,51,167.473068
-0.699196,52,167.494433
-0.801393,51,167.515825
-0.835085,51,167.536886
-0.680365,52,167.558427
-0.843701,51,167.578708
-0.673727,51,167.59829
-0.767525,51,167.620357
-0.795577,51,167.643274
-0.755592,51,167.666845
-0.754954,52,167.687535
-0.700396,51,167.707591
-0.676623,51,167.728257
-0.713942,52,167.752708
-0.6524,52,167.783215
-0.795631,51,167.811821
-0.680766,51,168.032976
-0.705872,52,168.053433
-0.653454,51,168.073197
-0.793371,52,168.09348
-0.80241,51,168.113793
-0.811402,51,168.132896
-0.74266,51,168.151712
-0.827741,51,168.171074
-0.640941,51,168.190956
-0.79421,51,168.211095
-0.689341,51,168.229529
-0.66684,52,168.248472
-0.742992,51,168.267314
-0.776904,51,168.28612
-0.71673,52,168.306124
-0.728095,51,168.326616
-0.748134,51,168.346034
-0.722642,51,168.376572
-0.677342,51,168.420364
-0.749933,52,168.461993
-0.723246,51,168.507812
-0.648875,51,168.527983
-0.782139,51,168.546544
-0.623632,51,168.564801
-0.663663,52,168.583963
-0.742724,51,168.602958
-0.672366,51,168.621927
-0.693165,51,168.640431
-0.740331,51,168.659162
-0.762209,51,168.677765
-0.735308,51,168.697108
-0.728958,51,168.716165
-0.719109,52,168.735832
-0.681316,51,168.754388
-0.741347,51,168.773445
-0.745791,51,168.794036
-0.661971,51,168.813904
-0.649052,52,168.834872
-0.774455,52,168.85481
-0.775635,51,168.87368
-0.736346,51,169.076914
-0.711098,51,169.096225
-0.763479,51,169.115865
-0.746582,51,169.135826
-0.798054,51,169.154538
-0.704606,52,169.174398
-0.729192,52,169.193501
-0.69336,51,169.212204
-0.783271,51,169.231702
-0.80506,51,169.250041
-0.671648,51,169.268307
-0.756726,51,169.286561
-0.712984,51,169.305462
-0.646761,51,169.32422
-0.8185,52,169.342363
-0.719936,51,169.360894
-0.691775,51,169.380204
-0.696329,51,169.399773
-0.80773,51,169.418444
-0.686789,51,169.437371
-0.762735,51,169.456019
-0.696924,51,169.47455
-0.734191,51,169.49382
-0.90967,51,169.512005
-0.789402,51,169.531397
-0.764801,52,169.551479
-0.725533,51,169.569594
-0.756624,51,169.587642
-0.682217,51,169.60626
-0.762106,51,169.631043
-0.679654,51,169.651491
-0.674914,51,169.669843
-0.734857,51,169.688513
-0.727119,51,169.707886
-0.761839,51,169.726612
-0.722351,51,169.745759
-0.711936,51,169.763879
-0.727456,51,169.782302
-0.736193,51,169.800722
-0.762333,51,169.819543
-0.62141,52,170.018729
-0.777507,51,170.037648
-0.672422,51,170.056855
-0.713202,51,170.07571
-0.657853,52,170.095257
-0.713776,51,170.114888
-0.778044,51,170.134169
-0.716199,51,170.153036
-0.682624,51,170.172098
-0.790679,51,170.190776
-0.710348,51,170.209211
-0.726375,51,170.228646
-0.879409,52,170.248038
-0.785401,51,170.266675
-0.684812,51,170.285632
-0.63609,51,170.304051
-0.734001,52,170.323403
-0.702724,51,170.342377
-0.679544,51,170.361375
-0.604907,51,170.379777
-0.718778,51,170.398601
-0.774453,51,170.417207
-0.68591,51,170.438462
-0.683182,51,170.462148
-0.731425,51,170.481231
-0.736491,51,170.5004
-0.667649,51,170.521411
-0.771772,51,170.541103
-0.717499,51,170.561311
-0.788828,52,170.584736
-0.670007,52,170.605619
-0.773875,51,170.625014
-0.692001,51,170.644708
-0.778553,51,170.665289
-0.676267,52,170.684919
-0.770772,51,170.703966
-0.730938,51,170.722334
-0.821739,51,170.741483
-0.791848,51,170.760045
-0.716746,51,170.779006
-0.753561,51,170.977474
-0.640759,52,170.997716
-0.695062,51,171.016664
-0.801613,51,171.036045
-0.669043,51,171.054181
-0.74974,51,171.073056
-0.688603,51,171.091882
-0.744594,51,171.110557
-0.785576,51,171.129401
-0.868839,51,171.147322
-0.706238,51,171.165976
-0.692597,51,171.18491
-0.652028,51,171.203542
-0.806748,51,171.222629
-0.760684,51,171.241625
-0.683705,52,171.25988
-0.687353,51,171.277702
-0.693207,51,171.296329
-0.677423,51,171.314392
-0.743548,51,171.332889
-0.668674,51,171.350953
-0.663335,51,171.372025
-0.608792,51,171.396759
-0.722952,52,171.435603
-0.671214,51,171.458598
-0.684362,51,171.477252
-0.794315,51,171.496628
-0.701401,52,171.516532
-0.77726,51,171.535387
-0.703572,51,171.554319
-0.734583,51,171.573318
-0.727668,51,171.59181
-0.612937,51,171.610344
-0.770382,51,171.629122
-0.723006,51,171.647558
-0.698731,51,171.666547
-0.6859,52,171.685475
-0.811833,51,171.704229
-0.669584,52,171.723444
-0.720442,51,171.741984
-0.741127,51,171.761403
-0.660406,51,171.959435
-0.783896,51,171.978238
-0.615034,52,171.997158
-0.611134,51,172.016355
-0.688997,51,172.034556
-0.695558,51,172.054836
-0.639235,51,172.073853
-0.774132,51,172.092663
-0.746039,51,172.112045
-0.751782,51,172.132065
-0.778103,51,172.153383
-0.673617,51,172.172127
-0.75028,52,172.19125
-0.696389,51,172.210394
-0.883155,51,172.229229
-0.761662,51,172.248356
-0.76596,52,172.267033
-0.798526,51,172.285723
-0.773725,51,172.30439
-0.705528,51,172.323458
-0.781211,51,172.342132
-0.718551,51,172.360306
-0.749082,51,172.378661
-0.716722,51,172.397135
-0.624348,52,172.41685
-0.805373,51,172.435189
-0.808878,51,172.45365
-0.872049,51,172.472607
-0.618517,51,172.491165
-0.590177,51,172.509002
-0.629737,51,172.526776
-0.749756,51,172.546448
-0.770848,52,172.565335
-0.710688,51,172.584196
-0.744656,51,172.602239
-0.782941,51,172.620621
-0.734895,51,172.638607
-0.681603,51,172.656424
-0.738042,51,172.674748
-0.867012,51,172.693502
-0.776992,51,172.88738
-0.688175,51,172.906173
-0.645109,52,172.925274
-0.617576,51,172.943599
-0.660994,51,172.962264
-0.616792,52,172.981287
-0.690717,51,172.999933
-0.771852,51,173.018793
-0.690868,51,173.0369
-0.808456,51,173.055444
-0.711783,51,173.07378
-0.688293,51,173.092068
-0.674415,51,173.110625
-0.727349,51,173.130366
-0.71597,52,173.149809
-0.661306,51,173.168248
-0.667898,52,173.187215
-0.745788,52,173.207522
-0.596442,51,173.225882
-0.660352,52,173.244516
-0.70499,51,173.262309
-0.89704,51,173.280538
-0.821541,51,173.299304
-0.720613,52,173.318356
-0.866634,51,173.338036
-0.808611,51,173.356398
-0.728517,51,173.374352
-0.848847,51,173.393172
-0.685049,51,173.411732
-0.707991,52,173.431136
-0.757135,51,173.449019
-0.665895,51,173.467231
-0.680127,51,173.485447
-0.803917,51,173.503635
-0.681924,52,173.522629
-0.795759,51,173.541976
-0.800246,51,173.560754
-0.845597,51,173.579475
-0.736632,51,173.598288
-0.586603,51,173.61771
-0.711177,51,173.817725
-0.618851,51,173.837141
-0.653319,51,173.855179
-0.679613,51,173.875789
-0.791599,51,173.894073
-0.698256,51,173.91261
-0.630904,51,173.931688
-0.702086,51,173.950724
-0.674831,51,173.969042
-0.758996,51,173.987294
-0.708414,51,174.005412
-0.716219,51,174.024564
-0.722817,51,174.043132
-0.680551,51,174.062043
-0.744923,51,174.080402
-0.738643,52,174.099304
-0.860269,52,174.118614
-0.783622,51,174.136869
-0.834489,51,174.155944
-0.756782,51,174.175283
-0.786546,51,174.194147
-0.764117,51,174.212043
-0.842938,51,174.232539
-0.695891,51,174.250594
-0.727255,51,174.269209
-0.629126,51,174.287688
-0.709994,51,174.305964
-0.706414,51,174.324421
-0.848064,51,174.342883
-0.659471,51,174.361102
-0.920523,51,174.379761
-0.685112,51,174.398029
-0.75091,51,174.416573
-0.937198,51,174.434692
-0.704747,51,174.452959
-0.678543,52,174.471447
-0.616223,51,174.489483
-0.781184,51,174.507893
-0.6914,51,174.526144
-0.692601,51,174.544631
-0.812705,52,174.740271
-0.639542,51,174.758376
-0.698714,51,174.776755
-0.737093,51,174.794718
-0.698886,51,174.813077
-0.714905,51,174.831345
-0.791576,51,174.850076
-0.828778,51,174.868833
-0.723705,51,174.88672
-0.747244,51,174.904599
-0.669646,51,174.923331
-0.778435,52,174.941706
-0.691631,51,174.960085
-0.691164,51,174.978435
-0.975176,51,174.996651
-0.651384,51,175.015101
-0.722959,51,175.033355
-0.66546,51,175.051497
-0.691825,52,175.070886
-0.900716,51,175.089366
-0.782049,52,175.108138
-0.7383,51,175.12682
-0.696941,51,175.145308
-0.689035,51,175.164273
-0.70281,51,175.182732
-0.598213,51,175.201342
-0.732449,51,175.220037
-0.73047,51,175.239147
-0.748122,51,175.258849
-0.76817,51,175.277641
-0.635703,51,175.296299
-0.663952,51,175.314542
-0.692112,51,175.333183
-0.81055,51,175.351743
-0.755565,51,175.373666
-0.72446,51,175.392695
-0.683869,52,175.414182
-0.66418,52,175.433285
-0.779038,51,175.451954
-0.675228,51,175.47055
-0.82687,51,175.666049
-0.636468,51,175.685282
-0.736903,51,175.703394
-0.813784,51,175.72138
-0.817295,51,175.739263
-0.7287,51,175.757171
-0.825881,51,175.776324
-0.666941,52,175.79448
-0.739989,51,175.812402
-0.653529,51,175.830233
-0.681775,51,175.848081
-0.809508,51,175.866253
-0.741923,51,175.884752
-0.753489,51,175.902814
-0.767257,51,175.920675
-0.698879,51,175.939306
-0.708973,51,175.957967
-0.843737,51,175.976549
-0.721439,51,175.995211
-0.813819,51,176.013586
-0.746199,51,176.031738
-0.733192,51,176.049855
-0.739698,51,176.068079
-0.766321,51,176.086559
-0.880918,51,176.104747
-0.685828,51,176.123129
-0.668286,51,176.142045
-0.659895,51,176.160227
-0.716026,51,176.178851
-0.778721,51,176.19754
-0.648793,51,176.215895
-0.751639,51,176.234297
-0.754577,51,176.252236
-0.786318,51,176.271169
-0.708899,51,176.290091
-0.68127,51,176.308313
-0.767305,51,176.327341
-0.731331,51,176.348094
-0.73,51,176.369094
-0.838349,51,176.388628
-0.721839,51,176.584158
-0.726687,51,176.602918
-0.724478,51,176.621176
-0.798639,51,176.639014
-0.667077,51,176.657437
-0.666993,52,176.676097
-0.707589,51,176.694603
-0.678559,51,176.713848
-0.719032,51,176.731884
-0.60791,52,176.750087
-0.709559,52,176.768281
-0.723118,51,176.78652
-0.698809,51,176.804998
-0.800471,52,176.823731
-0.618198,51,176.841884
-0.767093,51,176.861871
-0.941706,51,176.879885
-0.724412,51,176.898172
-0.682292,51,176.916021
-0.644298,51,176.933909
-0.887982,52,176.952516
-0.800379,51,176.970301
-0.714125,51,176.988202
-0.695352,51,177.006755
-0.733246,51,177.024748
-0.700028,51,177.043566
-0.667708,51,177.062413
-0.772381,51,177.081105
-0.720949,51,177.099752
-0.695695,51,177.117978
-0.815344,51,177.135763
-0.82704,51,177.15352
-0.771637,52,177.171649
-0.726481,51,177.189871
-0.662019,51,177.208115
-0.698529,51,177.226485
-0.717371,51,177.244782
-0.643419,51,177.263001
-0.697386,51,177.28135
-0.66533,51,177.299891
-0.804672,51,177.494249
-0.810929,51,177.512932
-0.863364,51,177.530949
-0.856147,51,177.548601
-0.747396,51,177.56685
-0.831823,52,177.585471
-0.6208,51,177.603542
-0.668327,51,177.621791
-0.740153,51,177.64008
-0.736332,51,177.658348
-0.667437,51,177.676661
-0.723223,52,177.695295
-0.691755,51,177.713613
-0.639536,51,177.731822
-0.811886,51,177.749129
-0.77874,51,177.766891
-0.843798,51,177.784597
-0.765293,51,177.802881
-0.849195,51,177.820861
-0.687371,51,177.839052
-0.721897,51,177.857683
-0.642868,52,177.876617
-0.753414,51,177.895125
-0.718249,51,177.914854
-0.752872,51,177.933031
-0.724734,51,177.950854
-0.689611,51,177.968674
-0.688466,51,177.986551
-0.714553,51,178.004393
-0.726819,51,178.022187
-0.790182,51,178.039996
-0.782594,51,178.058165
-0.746109,51,178.076447
-0.661442,51,178.094999
-0.821212,52,178.114094
-0.678449,51,178.132677
-0.787774,51,178.150051
-0.788108,51,178.167875
-0.697215,51,178.18574
-0.660704,51,178.204003
-0.668325,51,178.422402
-0.646744,51,178.442312
-0.80459,51,178.466976
-0.787363,51,178.496164
-0.805069,51,178.517459
-0.791454,51,178.544595
-0.680293,51,178.576831
-0.612522,51,178.608793
-0.660392,51,178.634386
-0.762799,51,178.655741
-0.872509,51,178.678619
-0.656653,51,178.701827
-0.766806,51,178.725617
-0.757404,52,178.747608
-0.693095,51,178.770805
-0.802874,52,178.790509
-0.706351,51,178.812109
-0.781601,51,178.831237
-0.639883,52,178.852407
-0.775516,51,178.871911
-0.689526,51,178.892226
-0.718566,51,178.91084
-0.733935,51,178.931584
-0.66552,51,178.952263
-0.622795,51,178.975839
-0.925903,51,178.996805
-0.71264,51,179.017817
-0.658125,51,179.037001
-0.754533,52,179.057494
-0.758074,51,179.07637
-0.835637,51,179.097257
-0.657068,51,179.116022
-0.770981,51,179.135006
-0.661549,51,179.15476
-0.737759,51,179.174764
-0.711593,52,179.202027
-0.648535,51,179.221961
-0.862479,51,179.243174
-0.709666,51,179.263057
-0.74104,51,179.284687
-0.64342,51,179.521655
-0.710675,51,179.542234
-0.649111,51,179.625833
-0.8057,51,179.647498
-0.782536,51,179.667701
-0.685726,51,179.685953
-0.689523,51,179.706318
-0.739555,51,179.725184
-0.869807,51,179.745958
-0.735279,51,179.764178
-0.6351,51,179.783983
-0.714008,51,179.80244
-0.814152,51,179.823263
-0.772957,52,179.842784
-0.686572,52,179.862191
-0.745816,52,179.882255
-0.952106,51,179.902006
-0.67866,51,179.921065
-0.797342,51,179.940301
-0.739081,51,179.960115
-0.613448,51,179.979299
-0.637508,51,180.000386
-0.699581,51,180.019279
-0.741675,51,180.039496
-0.772375,51,180.059269
-0.694466,51,180.080538
-0.756493,51,180.101296
-0.691852,51,180.12352
-0.638004,51,180.142625
-0.620298,51,180.165209
-0.715008,51,180.18491
-0.749353,51,180.206643
-0.606944,52,180.226071
-0.721406,51,180.245009
-0.636344,51,180.264291
-0.752928,51,180.28403
-0.731385,51,180.302562
-0.695902,51,180.323349
-0.706525,51,180.342814
-0.744411,51,180.363941
-0.655381,52,180.582017
-0.709141,51,180.601794
-0.606137,51,180.622911
-0.799907,51,180.641876
-0.705144,51,180.662034
-0.853703,51,180.70756
-0.806523,51,180.730537
-0.640178,51,180.750497
-0.677748,51,180.769497
-0.67763,52,180.789515
-0.780068,51,180.808052
-0.689084,51,180.827496
-0.759571,51,180.846746
-0.959726,51,180.867713
-0.756402,51,180.887159
-0.895207,51,180.905808
-0.720274,51,180.927375
-0.697983,51,180.945948
-0.730457,51,180.965072
-0.654579,51,180.983559
-0.656632,51,181.00353
-0.732353,51,181.022463
-0.858088,51,181.042031
-0.634746,51,181.06099
-0.607612,51,181.07932
-0.628627,51,181.097779
-0.782249,51,181.117572
-0.841182,51,181.135709
-0.629468,52,181.154876
-0.774226,51,181.17366
-0.723536,51,181.192486
-0.675087,51,181.211192
-0.817413,51,181.229732
-0.726387,51,181.24813
-0.711025,52,181.268971
-0.835644,51,181.287558
-0.837156,51,181.30638
-0.655009,51,181.324546
-0.781247,51,181.343101
-0.683696,52,181.362053
-0.712105,51,181.564862
-0.623681,51,181.583061
-0.679862,51,181.601208
-0.732448,52,181.628818
-0.668796,51,181.665196
-0.630638,51,181.719567
-0.718997,51,181.755503
-0.747198,51,181.778911
-0.673337,51,181.799744
-0.783244,51,181.820693
-0.657165,51,181.839373
-0.689875,52,181.858865
-0.77452,51,181.878933
-0.67738,51,181.898879
-0.660571,51,181.919402
-0.876078,51,181.939375
-0.759001,51,181.959047
-0.828944,51,181.979424
-0.802864,51,181.998737
-0.837071,51,182.018645
-0.651166,51,182.039068
-0.749824,52,182.059393
-0.706085,52,182.080704
-0.811022,51,182.099453
-0.764465,51,182.118718
-0.768204,51,182.13758
-0.707368,51,182.160277
-0.753865,51,182.18549
-0.695097,51,182.21141
-0.72899,51,182.234171
-0.643815,51,182.258483
-0.666914,51,182.287301
-0.817254,51,182.308125
-0.615999,51,182.327935
-0.697543,51,182.348602
-0.740086,51,182.369553
-0.725824,51,182.390396
-0.70457,51,182.410819
-0.676748,51,182.431144
-0.768954,51,182.451787
-0.757277,51,182.669183
-0.811678,51,182.690352
-0.783749,51,182.711646
-0.829018,51,182.734311
-0.818291,52,182.756511
-0.897039,51,182.775558
-0.724268,51,182.795327
-0.67518,51,182.814598
-0.717112,51,182.834369
-0.747785,51,182.853953
-0.660693,52,182.87343
-0.876828,51,182.892933
-0.627448,51,182.912349
-0.650794,51,182.931726
-0.655416,51,182.951161
-0.755736,51,182.970728
-0.633117,51,182.990207
-0.640615,51,183.009651
-0.615646,51,183.029153
-0.673963,51,183.048475
-0.708481,51,183.06795
-0.699178,51,183.087357
-0.891901,51,183.106664
-0.756248,52,183.126397
-0.681572,51,183.145871
-0.664892,51,183.165269
-0.666773,51,183.184783
-0.740482,51,183.205059
-0.706097,51,183.224902
-0.667619,51,183.245497
-0.750952,51,183.266629
-0.625461,51,183.286239
-0.754543,52,183.306785
-0.804496,51,183.326852
-0.674764,51,183.346424
-0.712074,51,183.366169
-0.766628,51,183.385719
-0.652669,52,183.40627
-0.717677,51,183.425948
-0.649524,51,183.446
-0.776404,52,183.65914
-0.679505,51,183.679357
-0.831893,51,183.699566
-0.793026,51,183.719307
-0.806157,52,183.739387
-0.61811,52,183.75939
-0.87322,51,183.780512
-0.857989,51,183.800588
-0.680824,51,183.820829
-0.763614,51,183.84048
-0.656986,51,183.861079
-0.795195,51,183.881677
-0.810435,51,183.901854
-0.641769,51,183.921458
-0.602087,51,183.941516
-0.879053,51,183.961569
-0.693271,51,183.981625
-0.642978,51,184.002163
-0.638557,51,184.022633
-0.667411,51,184.042939
-0.646147,51,184.063054
-0.692416,51,184.082536
-0.805869,51,184.102672
-0.623362,51,184.122301
-0.71341,51,184.141893
-0.688449,52,184.162261
-0.739038,51,184.181848
-0.71165,51,184.201321
-0.683754,51,184.221314
-0.701061,52,184.241267
-0.829886,51,184.261203
-0.738419,51,184.28161
-0.725787,51,184.302206
-0.786593,51,184.324546
-0.653735,52,184.34456
-0.70914,51,184.364728
-0.705984,51,184.384256
-0.742821,51,184.404026
-0.63507,51,184.42396
-0.736775,51,184.443481
-0.701682,51,184.650885
-0.647009,52,184.671637
-0.628957,51,184.692262
-0.751133,51,184.711879
-0.742757,51,184.732062
-0.649514,51,184.752554
-0.888082,51,184.772603
-0.797602,51,184.793188
-0.678993,51,184.814005
-0.687952,51,184.83381
-0.717658,51,184.855598
-0.650109,51,184.875207
-0.617251,52,184.895213
-0.785705,51,184.914722
-0.698568,51,184.9342
-0.681794,51,184.953674
-0.753422,51,184.973149
-0.678928,51,184.992609
-0.784091,51,185.012002
-0.715508,52,185.031919
-0.630041,51,185.051421
-0.699116,51,185.070932
-0.729333,51,185.090311
-0.669017,51,185.110766
-0.815096,51,185.130168
-0.657452,51,185.149605
-0.697535,51,185.170173
-0.708673,51,185.190653
-0.765467,51,185.210505
-0.740368,51,185.230996
-0.678432,51,185.25145
-0.672541,51,185.272146
-0.653386,51,185.291727
-0.801898,51,185.311106
-0.717924,51,185.330642
-0.716292,51,185.350702
-0.706314,51,185.371188
-0.728812,51,185.391556
-0.700088,51,185.411377
-0.659959,52,185.431586
-0.734495,51,185.641119
-0.660239,51,185.661714
-0.725819,51,185.681477
-0.679635,51,185.701139
-0.75703,51,185.721277
-0.818932,51,185.740988
-0.702017,51,185.761078
-0.642183,51,185.781218
-0.683831,51,185.800841
-0.670989,51,185.820936
-0.711178,51,185.840678
-0.717585,51,185.860177
-0.743519,51,185.879615
-0.814904,51,185.899061
-0.685918,51,185.919464
-0.788973,51,185.940606
-0.622957,51,185.960261
-0.764739,52,185.980243
-0.778273,51,186.000141
-0.822107,51,186.020163
-0.718224,51,186.041058
-0.799515,51,186.061729
-0.872193,51,186.081709
-0.753045,51,186.102192
-0.748112,51,186.122161
-0.670356,51,186.142128
-0.688608,52,186.161993
-0.751558,51,186.182374
-0.735716,51,186.202164
-0.711619,51,186.221698
-0.700985,51,186.241286
-0.692995,51,186.260698
-0.616195,51,186.280099
-0.729858,51,186.300265
-0.637588,51,186.319915
-0.82672,51,186.340093
-0.746985,51,186.35962
-0.678832,51,186.379511
-0.788984,51,186.400813
-0.572043,51,186.420893
-0.943191,51,186.440476
-0.743352,51,186.646854
-0.713395,52,186.667052
-0.657712,51,186.686679
-0.700918,51,186.706237
-0.708344,51,186.725767
-0.818399,51,186.745469
-0.74117,51,186.765087
-0.730297,51,186.784588
-0.746288,52,186.804434
-0.705868,51,186.823849
-0.6808,51,186.844693
-0.700868,51,186.864939
-0.72265,51,186.884824
-0.881845,51,186.904546
-0.685566,51,186.924247
-0.689901,51,186.943726
-0.789838,51,186.963238
-0.709248,51,186.984822
-0.793271,51,187.004567
-0.738479,51,187.024058
-0.729668,52,187.043911
-0.729674,51,187.063975
-0.661122,51,187.084593
-0.765368,51,187.104393
-0.670861,52,187.124463
-0.737762,51,187.14459
-0.729437,51,187.164138
-0.634077,51,187.185161
-0.75889,52,187.205682
-0.681961,51,187.225738
-0.637317,51,187.24639
-0.698908,51,187.2669
-0.667148,51,187.286905
-0.876858,51,187.30751
-0.622161,52,187.327762
-0.71782,51,187.347503
-0.604317,51,187.367153
-0.781832,52,187.387303
-0.632985,51,187.406974
-0.844054,51,187.42655
-0.686664,51,187.6322
-0.729252,51,187.65193
-0.739181,51,187.671568
-0.69901,51,187.691996
-0.693477,52,187.712441
-0.802298,52,187.73263
-0.775409,51,187.752289
-0.649945,51,187.772025
-0.677845,51,187.79175
-0.625785,51,187.811725
-0.731799,51,187.831527
-0.650198,51,187.851384
-0.725839,51,187.871243
-0.677386,51,187.890851
-0.648296,51,187.910802
-0.60968,51,187.930299
-0.686758,51,187.949791
-0.699185,51,187.969202
-0.708685,51,187.988193
-0.723665,51,188.007539
-0.640419,51,188.026864
-0.661176,52,188.048013
-0.693565,51,188.067791
-0.747346,51,188.087396
-0.732005,51,188.107859
-0.614338,51,188.127606
-0.629886,51,188.14719
-0.705041,52,188.167766
-0.666906,51,188.187284
-0.779192,51,188.207244
-0.634258,51,188.226726
-0.621634,51,188.24623
-0.868088,51,188.265609
-0.668037,51,188.28559
-0.713434,52,188.306568
-0.790594,51,188.326841
-0.802126,51,188.347556
-0.794278,51,188.367717
-0.739811,51,188.387854
-0.72743,51,188.407896
-0.66223,52,188.618076
-0.717071,51,188.638594
-0.651477,51,188.658785
-0.763523,51,188.678948
-0.700511,51,188.69884
-0.744839,51,188.719993
-0.678421,51,188.740319
-0.621223,51,188.760503
-0.69251,51,188.780087
-0.776116,51,188.800153
-0.785289,51,188.819636
-0.717797,51,188.839671
-0.68956,52,188.85957
-0.696511,52,188.880032
-0.790874,51,188.900124
-0.717201,51,188.919615
-0.772489,51,188.939107
-0.652462,52,188.959007
-0.746475,51,188.978507
-0.71897,51,188.998098
-0.664306,51,189.017497
-0.898905,51,189.0369
-0.600248,51,189.05635
-0.64328,51,189.07572
-0.711583,51,189.09514
-0.665191,51,189.114671
-0.610644,51,189.13555
-0.756401,51,189.155314
-0.799546,51,189.174908
-0.727363,51,189.194799
-0.687219,51,189.215364
-0.660841,51,189.234948
-0.579916,51,189.254853
-0.856537,51,189.274801
-0.603306,51,189.295058
-0.788576,51,189.31569
-0.67486,51,189.335433
-0.70132,51,189.355185
-0.859084,51,189.37478
-0.739482,51,189.394422
-0.700286,52,189.600909
-0.71698,51,189.621774
-0.72878,51,189.641927
-0.727774,52,189.662903
-0.741743,51,189.682575
-0.787435,51,189.702196
-0.794694,52,189.722187
-0.727204,51,189.742623
-0.742636,51,189.762234
-0.744603,51,189.781757
-0.606041,51,189.801234
-0.71927,52,189.821124
-0.786214,51,189.840517
-0.690883,51,189.860025
-0.67685,52,189.879833
-0.763627,52,189.899658
-0.696317,51,189.919055
-0.69146,52,189.938866
-0.763355,51,189.958365
-0.794219,51,189.977798
-0.699842,51,189.997341
-0.697562,51,190.016782
-0.677098,51,190.036241
-0.810579,51,190.05616
-0.618395,51,190.076047
-0.630915,51,190.095573
-0.73271,51,190.11508
-0.663145,52,190.134924
-0.69873,51,190.154436
-0.79212,51,190.173846
-0.702542,51,190.195423
-0.638773,52,190.215597
-0.672454,51,190.23523
-0.687904,51,190.254913
-0.607276,51,190.274578
-0.649983,52,190.294596
-0.631942,51,190.314657
-0.710506,51,190.334475
-0.798382,51,190.355064
-0.785152,51,190.374915
-0.653812,52,190.578492
-0.87358,51,190.598166
-0.700902,51,190.61784
-0.718167,51,190.637412
-0.722379,51,190.657029
-0.712785,51,190.676798
-0.663763,52,190.696739
-0.650796,52,190.718129
-0.806188,51,190.738037
-0.6734,51,190.757951
-0.669407,51,190.777561
-0.729327,51,190.796983
-0.77641,51,190.816454
-0.637375,51,190.836051
-0.692128,51,190.855999
-0.688205,51,190.876005
-0.714506,51,190.895514
-0.713919,51,190.915499
-0.727792,52,190.935843
-0.660994,51,190.957108
-0.829356,51,190.976792
-0.754675,51,190.996835
-0.727784,52,191.016756
-0.716096,51,191.036268
-0.589631,51,191.055708
-0.655059,51,191.075093
-0.62664,51,191.094597
-0.732548,51,191.114037
-0.675634,51,191.133483
-0.767811,51,191.152986
-0.687656,52,191.173019
-0.683686,51,191.192494
-0.647415,51,191.211864
-0.670467,51,191.231572
-0.700342,51,191.253272
-0.68794,51,191.273253
-0.675109,51,191.293059
-0.688675,51,191.313522
-0.70135,52,191.333622
-0.712886,51,191.353312
-0.620283,51,191.558393
-0.756831,51,191.57824
-0.639661,51,191.598102
-0.674991,51,191.61852
-0.75006,51,191.638588
-0.62343,51,191.659035
-0.633022,52,191.679705
-0.767496,51,191.699732
-0.768383,51,191.720218
-0.585466,51,191.740853
-0.754559,51,191.76133
-0.589005,51,191.783844
-0.673767,51,191.803886
-0.679352,51,191.824001
-0.737568,51,191.843523
-0.742085,51,191.863116
-0.683238,52,191.883536
-0.731345,52,191.903676
-0.849179,51,191.924391
-0.674874,52,191.94498
-0.678647,52,191.965764
-0.706367,51,191.986779
-0.626696,51,192.006496
-0.685533,51,192.026621
-0.666543,52,192.04711
-0.685636,51,192.067869
-0.823712,51,192.088195
-0.761818,51,192.107683
-0.801675,51,192.127793
-0.658532,51,192.147168
-0.683203,51,192.167084
-0.703636,51,192.186549
-0.719891,51,192.206469
-0.661954,51,192.225985
-0.600335,52,192.246419
-0.683505,51,192.265931
-0.710976,51,192.285385
-0.834879,51,192.304847
-0.749453,52,192.327398
-0.58931,51,192.347357
-0.590104,52,192.553434
-0.730311,51,192.573237
-0.701584,51,192.594161
-0.685712,51,192.613999
-0.7717,51,192.633701
-0.674641,51,192.653388
-0.651999,51,192.672968
-0.747099,51,192.692545
-0.732414,51,192.712164
-0.707397,51,192.731649
-0.754899,51,192.751074
-0.645146,51,192.771036
-0.788632,51,192.790558
-0.662272,51,192.809964
-0.822728,51,192.829449
-0.731648,51,192.849174
-0.676808,51,192.870102
-0.693622,52,192.890286
-0.699395,51,192.910038
-0.678629,51,192.929646
-0.681245,51,192.949216
-0.866118,51,192.968742
-0.86917,51,192.988233
-0.686957,51,193.008837
-0.66952,52,193.028981
-0.684993,51,193.048958
-0.764574,51,193.068914
-0.684207,51,193.08893
-0.746584,51,193.108619
-0.684647,51,193.128691
-0.767747,52,193.149124
-0.804443,51,193.169166
-0.793035,52,193.189031
-0.672099,51,193.209972
-0.647735,51,193.230206
-0.702381,52,193.250789
-0.779427,51,193.270332
-0.699258,52,193.290691
-0.720949,51,193.310311
-0.737445,51,193.330421
-0.738454,51,193.536017
-0.634571,52,193.556119
-0.630938,51,193.575746
-0.678952,51,193.595312
-0.624008,51,193.61593
-0.59766,51,193.635982
-0.640516,51,193.655665
-0.667552,51,193.675357
-0.716884,51,193.695045
-0.685473,51,193.714247
-0.698773,51,193.734012
-0.769932,51,193.753502
-0.730009,51,193.77296
-0.685555,51,193.792372
-0.776097,51,193.811533
-0.730588,51,193.831035
-0.66413,52,193.850355
-0.824928,51,193.869928
-0.665686,52,193.889884
-0.651106,51,193.90898
-0.683438,51,193.929416
-0.714713,51,193.948875
-0.671597,51,193.967762
-0.719443,51,193.988034
-0.672934,51,194.007901
-0.619441,51,194.027775
-0.628127,52,194.047802
-0.69198,52,194.067759
-0.760022,51,194.087327
-0.767897,51,194.107408
-0.756109,51,194.127439
-0.785544,52,194.147853
-0.681754,51,194.167726
-0.689227,51,194.188531
-0.751243,51,194.209397
-0.851093,51,194.229577
-0.832368,51,194.249381
-0.738139,51,194.268936
-0.653967,51,194.288946
-0.76252,51,194.309048
-0.782773,51,194.516445
-0.757113,51,194.53629
-0.62396,52,194.55636
-0.728082,51,194.576116
-0.707351,52,194.596313
-0.636138,51,194.616904
-0.736763,51,194.636947
-0.673157,51,194.656579
-0.656642,51,194.676071
-0.774095,51,194.695503
-0.708102,52,194.715343
-0.611245,51,194.734812
-0.698559,51,194.754217
-0.727478,51,194.773681
-0.724253,51,194.793135
-0.766109,51,194.812613
-0.704133,52,194.833502
-0.820195,52,194.854143
-0.720359,51,194.874155
-0.768667,51,194.894284
-0.734886,51,194.914162
-0.628068,51,194.933799
-0.721731,51,194.955219
-0.880275,51,194.976909
-0.598486,51,194.997363
-0.688504,51,195.016978
-0.665124,51,195.037451
-0.755894,51,195.057339
-0.600437,51,195.077334
-0.753666,52,195.097329
-0.666695,51,195.11744
-0.703227,51,195.138139
-0.752108,52,195.158532
-0.726778,51,195.179235
-0.663029,51,195.198767
-0.743774,51,195.218322
-0.659093,51,195.237893
-0.652986,52,195.258339
-0.813246,51,195.277924
-0.612263,51,195.297948
-0.746086,51,195.511607
-0.942283,51,195.532076
-0.746234,51,195.551647
-0.674834,51,195.57228
-0.692237,51,195.592325
-0.644557,51,195.612959
-0.617137,51,195.634145
-0.808771,51,195.654694
-0.673713,51,195.675878
-0.732698,51,195.695517
-0.924947,51,195.715741
-0.765592,51,195.736277
-0.681847,51,195.756239
-0.700631,51,195.776834
-0.647774,52,195.797115
-0.63494,51,195.81716
-0.773644,51,195.83753
-0.629702,51,195.857494
-0.722514,52,195.877319
-0.873546,51,195.897226
-0.664535,52,195.917597
-0.734682,51,195.936965
-0.693648,51,195.956342
-0.666632,51,195.975769
-0.627299,51,195.995182
-0.606215,51,196.014566
-0.73394,51,196.03392
-0.765805,51,196.055081
-0.816229,51,196.075056
-0.757597,51,196.095222
-0.695606,52,196.11569
-0.755735,51,196.13696
-0.759571,51,196.157928
-0.767559,51,196.182826
-0.856781,51,196.202524
-0.731726,51,196.222286
-0.716917,51,196.242871
-0.734574,52,196.264014
-0.759965,51,196.284413
-0.698449,51,196.304169
-0.67556,51,196.512122
-0.656516,52,196.5324
-0.7129,51,196.55209
-0.779441,51,196.571755
-0.754765,51,196.5941
-0.644549,52,196.61437
-0.733493,52,196.635239
-0.703344,51,196.655403
-0.848283,51,196.675788
-0.707263,51,196.695958
-0.654988,51,196.716587
-0.668194,51,196.736199
-0.717808,51,196.755723
-0.72286,51,196.775889
-0.725673,51,196.795338
-0.6906,51,196.815374
-0.73908,51,196.83501
-0.771718,51,196.854798
-0.858229,51,196.874437
-0.699263,51,196.8939
-0.696294,51,196.913425
-0.715881,52,196.933424
-0.927958,51,196.952919
-0.766224,51,196.972938
-0.588202,51,196.992467
-0.665377,51,197.012093
-0.673607,51,197.032523
-0.587038,51,197.051941
-0.685697,51,197.072676
-0.749708,51,197.092388
-0.837553,51,197.111898
-0.664456,52,197.132983
-0.740923,51,197.15256
-0.713318,51,197.172265
-0.690747,51,197.191917
-0.691624,51,197.211663
-0.646134,51,197.231322
-0.77429,51,197.250895
-0.746399,51,197.27099
-0.754171,51,197.291156
-0.662678,51,197.500939
-0.687528,51,197.521324
-0.791014,51,197.541584
-0.737872,51,197.562252
-0.841481,51,197.58301
-0.671408,51,197.603366
-0.642307,51,197.623435
-0.683553,51,197.645513
-0.689862,51,197.665905
-0.731527,52,197.686689
-0.825192,51,197.706194
-0.65426,51,197.726232
-0.750925,51,197.745703
-0.841703,51,197.765111
-0.718641,51,197.785043
-0.867493,51,197.805378
-0.628994,51,197.824827
-0.65376,51,197.84465
-0.651964,51,197.864253
-0.633652,52,197.884025
-0.672962,51,197.903937
-0.634859,51,197.923847
-0.694777,51,197.943289
-0.6522,51,197.962796
-0.707102,51,197.982837
-0.886034,51,198.002267
-0.648057,52,198.022064
-0.613742,52,198.042423
-0.648784,51,198.062382
-0.6342,51,198.082062
-0.649505,51,198.101462
-0.810736,51,198.120782
-0.735865,51,198.140624
-0.798628,51,198.160143
-0.642538,51,198.18192
-0.795413,51,198.20198
-0.739258,51,198.221499
-0.667448,51,198.241983
-0.704619,51,198.261998
-0.694975,51,198.281501
-0.738165,51,198.490723
-0.668298,51,198.511522
-0.696014,52,198.532227
-0.722341,52,198.552809
-0.655771,51,198.572373
-0.720177,51,198.591915
-0.769763,51,198.611542
-0.717717,51,198.631531
-0.653578,51,198.651069
-0.647887,51,198.671142
-0.731304,51,198.690534
-0.703733,52,198.712894
-0.617378,51,198.733124
-0.734895,51,198.752784
-0.702485,51,198.773498
-0.781285,51,198.794751
-0.756432,51,198.815283
-0.58851,52,198.836497
-0.705808,51,198.857517
-0.669827,52,198.878207
-0.793852,51,198.898621
-0.619957,51,198.918236
-0.712914,51,198.937817
-0.7277,51,198.957205
-0.596548,51,198.976682
-0.617805,51,198.996623
-0.718859,51,199.016048
-0.666394,51,199.035557
-0.823305,51,199.055013
-0.580807,51,199.074484
-0.75217,51,199.09415
-0.646369,51,199.114294
-0.720894,51,199.133792
-0.722385,51,199.153335
-0.679255,52,199.172861
-0.723867,51,199.19246
-0.880309,51,199.212064
-0.685791,51,199.232338
-0.6926,51,199.253418
-0.735732,51,199.27313
-0.698745,52,199.478249
-0.677621,51,199.498129
-0.687707,52,199.518831
-0.652655,51,199.538798
-0.681271,52,199.558701
-0.732078,51,199.578611
-0.641046,51,199.598186
-0.70851,51,199.617738
-0.775457,51,199.637359
-0.691445,51,199.657129
-0.718184,51,199.676554
-0.762123,51,199.696028
-0.748112,52,199.715852
-0.819226,51,199.735223
-0.658458,51,199.754554
-0.636629,51,199.77404
-0.622903,51,199.794717
-0.684725,51,199.814508
-0.721838,51,199.834212
-0.725463,51,199.853937
-0.783662,52,199.87403
-0.824116,51,199.894755
-0.768964,51,199.914739
-0.693536,52,199.934894
-0.850011,51,199.954875
-0.812598,51,199.974975
-0.73184,51,200.004528
-0.728358,51,200.041669
-0.601473,51,200.065953
-0.738546,51,200.088079
-0.701838,51,200.108619
-0.693718,51,200.128777
-0.741494,51,200.149289
-0.766047,51,200.169083
-0.72569,51,200.188732
-0.735955,51,200.208806
-0.767401,51,200.228639
-0.739369,51,200.248932
-0.75995,51,200.269025
-0.730318,51,200.289118
-0.68296,51,200.503685
-0.684365,51,200.523541
-0.775753,51,200.54336
-0.725445,52,200.564396
-0.68866,51,200.584768
-0.71307,51,200.605451
-0.706736,51,200.626148
-0.626148,52,200.646719
-0.870798,51,200.666451
-0.798568,51,200.686542
-0.663515,51,200.706085
-0.666446,52,200.726026
-0.659905,51,200.746194
-0.780991,51,200.766126
-0.785994,51,200.785957
-0.605702,51,200.805742
-0.713577,51,200.825455
-0.630383,51,200.845555
-0.684944,51,200.866252
-0.875305,51,200.886454
-0.676179,51,200.906015
-0.743246,51,200.925586
-0.607798,51,200.945114
-0.900786,51,200.964663
-0.828519,52,200.984608
-0.698111,51,201.003946
-0.705654,52,201.024292
-0.653086,51,201.043976
-0.773225,51,201.063967
-0.708409,51,201.084372
-0.75086,51,201.104411
-0.774078,51,201.125427
-0.665189,51,201.145286
-0.693195,51,201.166379
-0.692481,51,201.186339
-0.682404,51,201.205784
-0.728222,51,201.225686
-0.690517,51,201.245667
-0.731933,51,201.265544
-0.624447,51,201.285587
-0.716862,51,201.498523
-0.926427,51,201.519604
-0.689387,51,201.540852
-0.847499,51,201.56234
-0.715582,51,201.585667
-0.637183,51,201.60751
-0.687528,51,201.628303
-0.657254,51,201.649673
-0.611617,51,201.674981
-0.715405,51,201.696895
-0.634553,51,201.718203
-0.851604,51,201.738886
-0.786882,51,201.759234
-0.699986,51,201.779367
-0.682424,52,201.800346
-0.679841,51,201.82
-0.796142,51,201.840003
-0.686103,51,201.859975
-0.765611,51,201.879426
-0.675734,52,201.899762
-0.708803,51,201.920094
-0.637856,51,201.940129
-0.633791,51,201.960195
-0.735273,51,201.980185
-0.569099,51,201.999549
-0.747639,52,202.019427
-0.654403,51,202.038921
-0.695086,51,202.058293
-0.754076,51,202.079329
-0.703775,51,202.099463
-0.867932,51,202.119241
-0.756738,51,202.138789
-0.707615,51,202.158684
-0.688531,52,202.179023
-0.687575,51,202.199736
-0.727602,51,202.219507
-0.810522,51,202.239597
-0.702225,51,202.260096
-0.80034,51,202.280263
-0.748627,51,202.300875
-0.702788,51,202.510164
-0.64559,51,202.530079
-0.727344,51,202.549857
-0.689208,51,202.569576
-0.677636,51,202.589327
-0.786788,51,202.60911
-0.681357,52,202.629228
-0.71172,51,202.648827
-0.744152,51,202.668613
-0.739412,51,202.688066
-0.68999,51,202.707692
-0.765523,52,202.729786
-0.59628,51,202.763131
-0.661139,51,202.791297
-0.63281,51,202.824518
-0.724285,51,202.851097
-0.622613,51,202.879272
-0.65316,51,202.907641
-0.665894,51,202.928095
-0.647741,51,202.948197
-0.70861,51,202.96813
-0.622244,51,202.988821
-0.682247,51,203.008659
-0.701791,51,203.028299
-0.752558,51,203.04792
-0.758613,51,203.067683
-0.66565,52,203.087892
-0.655952,51,203.108502
-0.605609,51,203.128489
-0.695903,51,203.148379
-0.719271,51,203.168289
-0.783969,51,203.188952
-0.86791,52,203.210919
-0.689999,51,203.230603
-0.717529,51,203.250268
-0.627138,51,203.270326
-0.62262,51,203.290314
-0.626085,51,203.310448
-0.694215,51,203.330422
-0.63407,51,203.350223
-0.667541,52,203.56078
-0.625068,51,203.581604
-0.650256,51,203.601433
-0.725282,51,203.621651
-0.78506,51,203.642526
-0.720879,51,203.663411
-0.694489,51,203.683291
-0.641809,51,203.703508
-0.651612,51,203.724165
-0.664431,51,203.744354
-0.685912,51,203.765003
-0.788051,51,203.786139
-0.697653,51,203.806171
-0.666176,51,203.826838
-0.846671,51,203.847489
-0.627149,51,203.867495
-0.685695,51,203.887067
-0.694904,51,203.907528
-0.846063,51,203.927572
-0.728089,51,203.947147
-0.642,51,203.966724
-0.812951,51,203.986224
-0.652875,51,204.005715
-0.706741,51,204.025268
-0.734535,52,204.045225
-0.71184,51,204.066262
-0.703731,51,204.086093
-0.694609,51,204.105852
-0.64615,52,204.125898
-0.752254,52,204.145879
-0.698003,51,204.165463
-0.671115,51,204.18499
-0.788079,51,204.204505
-0.593431,51,204.224106
-0.702358,51,204.244965
-0.714345,51,204.265193
-0.633403,51,204.285365
-0.853523,51,204.305949
-0.708485,51,204.32711
-0.683578,51,204.348746
-0.802456,51,204.558656
-0.702311,51,204.578428
-0.683328,51,204.600204
-0.742498,52,204.620386
-0.692263,52,204.642012
-0.697349,51,204.663552
-0.639452,51,204.683421
-0.703793,51,204.703945
-0.681596,51,204.724074
-0.640052,51,204.744426
-0.665613,51,204.764532
-0.642766,51,204.78511
-0.733394,51,204.805184
-0.657848,51,204.824831
-0.785291,51,204.844891
-0.748304,51,204.864896
-0.777476,51,204.884839
-0.622811,51,204.90436
-0.622257,51,204.92486
-0.759435,51,204.944839
-0.556065,51,204.964822
-0.689345,51,204.985282
-0.704975,51,205.005951
-0.610753,51,205.028806
-0.63384,51,205.049897
-0.753711,51,205.070126
-0.671306,51,205.09077
-0.716267,51,205.110543
-0.653166,52,205.131959
-0.663226,51,205.152173
-0.702699,51,205.17235
-0.733789,51,205.192288
-0.757472,51,205.211768
-0.674444,51,205.231792
-0.655003,51,205.2515
-0.729968,51,205.271569
-0.712111,51,205.291528
-0.695466,52,205.312012
-0.667821,51,205.331551
-0.664569,52,205.351534
-0.886094,51,205.562704
-0.696856,51,205.584012
-0.63047,51,205.604375
-0.775781,51,205.624525
-0.762403,51,205.646685
-0.749604,51,205.666833
-0.720364,51,205.68659
-0.610679,52,205.707375
-0.743456,51,205.728752
-0.716546,51,205.749511
-0.755184,52,205.771256
-0.73229,51,205.792531
-0.781929,52,205.813342
-0.737053,51,205.833373
-0.653815,51,205.854023
-0.667963,52,205.874454
-0.721097,51,205.89441
-0.672997,51,205.915614
-0.675331,51,205.936148
-0.673605,51,205.95658
-0.713311,51,205.976611
-0.684704,51,205.997468
-0.732438,51,206.017443
-0.86265,51,206.038553
-0.705814,51,206.059364
-0.645421,51,206.079565
-0.734087,51,206.099189
-0.705653,51,206.118698
-0.758984,51,206.138226
-0.627538,51,206.15769
-0.690548,51,206.178183
-0.761678,51,206.198304
-0.695042,51,206.217966
-0.767216,51,206.23778
-0.713414,51,206.258197
-0.722688,51,206.277811
-0.825665,51,206.297555
-0.709534,51,206.322894
-0.645368,51,206.344627
-0.678032,52,206.366405
-0.748682,51,206.577404
-0.683211,52,206.597642
-0.677177,51,206.617547
-0.718954,52,206.63852
-0.753942,51,206.658098
-0.684781,51,206.67858
-0.661402,51,206.698651
-0.771292,51,206.719874
-0.70823,51,206.740034
-0.744929,51,206.759674
-0.756607,51,206.779353
-0.715313,52,206.799816
-0.715892,51,206.819406
-0.794743,51,206.838848
-0.787866,51,206.858302
-0.640146,51,206.878391
-0.752056,51,206.897857
-0.662338,51,206.918592
-0.787057,51,206.938666
-0.677155,51,206.958055
-0.798948,51,206.978513
-0.761789,51,206.998083
-0.712594,52,207.0192
-0.710694,51,207.039053
-0.726403,51,207.0592
-0.760903,51,207.080057
-0.754913,51,207.100387
-0.740901,52,207.120602
-0.650462,51,207.140254
-0.711527,52,207.161209
-0.643114,51,207.18125
-0.729664,51,207.201301
-0.67504,51,207.221776
-0.696538,51,207.244298
-0.674908,51,207.264762
-0.712788,51,207.285534
-0.792336,51,207.305162
-0.687527,52,207.325971
-0.67701,51,207.345699
-0.654667,52,207.366255
-0.684521,51,207.578262
-0.627287,51,207.598007
-0.639817,51,207.61766
-0.68118,51,207.637385
-0.734737,51,207.657878
-0.832359,51,207.678377
-0.759881,51,207.69931
-0.691354,51,207.719014
-0.641558,52,207.739542
-0.634652,51,207.759053
-0.625754,51,207.781257
-0.713884,52,207.802601
-0.759422,52,207.823355
-0.713739,52,207.843251
-0.83031,51,207.863464
-0.690698,51,207.883484
-0.815118,51,207.90469
-0.676675,51,207.924971
-0.820761,51,207.9454
-0.702881,51,207.965959
-0.624591,51,207.987353
-0.646997,51,208.007454
-0.7117,51,208.028269
-0.676254,51,208.048564
-0.864898,51,208.068546
-0.827451,51,208.088979
-0.700373,51,208.109498
-0.691358,51,208.140421
-0.790042,51,208.17245
-0.673249,51,208.202681
-0.676628,51,208.229506
-0.724516,51,208.250295
-0.726417,51,208.270901
-0.708177,51,208.291633
-0.677138,51,208.312171
-0.674914,51,208.332671
-0.760835,51,208.352444
-0.752093,51,208.373686
-0.713601,51,208.393646
-0.725309,51,208.413471
-0.909326,51,208.630554
-0.64558,52,208.660285
-0.608657,51,208.681321
-0.709154,51,208.706964
-0.67071,51,208.726943
-0.634786,51,208.747088
-0.791991,51,208.767483
-0.670015,51,208.788538
-0.664104,52,208.81398
-0.695329,51,208.834787
-0.722465,52,208.858039
-0.871548,51,208.878732
-0.680613,51,208.898487
-0.675443,51,208.918037
-0.663436,52,208.937916
-0.63607,51,208.957405
-0.695032,51,208.976869
-0.749424,51,208.996279
-0.779675,51,209.015754
-0.777153,51,209.035228
-0.791006,51,209.055669
-0.925855,51,209.075043
-0.87857,51,209.094461
-0.715727,51,209.113959
-0.649225,51,209.133303
-0.746221,51,209.152671
-0.681359,51,209.174155
-0.696424,51,209.199938
-0.709338,51,209.220939
-0.744863,51,209.240758
-0.709336,51,209.260429
-0.6676,52,209.283073
-0.639633,51,209.302719
-0.705981,51,209.32223
-0.894689,51,209.343201
-0.676388,51,209.375434
-0.671409,52,209.405555
-0.689814,51,209.428097
-0.738736,51,209.448034
-0.72859,51,209.467757
-0.758957,51,209.487345
-0.617922,51,209.695004
-0.77126,51,209.715211
-0.961778,51,209.735889
-0.720962,51,209.756116
-0.732022,51,209.777282
-0.609331,51,209.797511
-0.615927,51,209.81789
-0.738182,51,209.837937
-0.69446,52,209.858903
-0.704925,51,209.878989
-0.833111,51,209.899944
-0.686099,51,209.920488
-0.616279,51,209.941723
-0.722576,52,209.962432
-0.712872,51,209.983143
-0.706587,51,210.002845
-0.776742,51,210.022377
-0.652988,51,210.042421
-0.670384,51,210.061996
-0.645613,51,210.082655
-0.782206,51,210.103638
-0.716211,51,210.12422
-0.678227,52,210.144811
-0.656769,51,210.1643
-0.767652,52,210.184098
-0.682179,51,210.203607
-0.698241,51,210.223019
-0.595494,51,210.242492
-0.741376,51,210.261979
-0.698318,51,210.281374
-0.637239,52,210.301324
-0.741659,51,210.320765
-0.779143,51,210.340158
-0.697441,51,210.360782
-0.782661,51,210.381068
-0.84208,51,210.401174
-0.752786,51,210.421377
-0.745776,51,210.443677
-0.696072,52,210.464274
-0.814209,51,210.483992
