#{"t_start": 1789364867.530357, "env_id": "None"}
r,l,t
-1.384306,51,1.132343
-1.627597,52,1.163361
-1.484493,51,1.20031
-1.626703,50,1.237811
-1.657481,51,1.273378
-1.87279,51,1.302573
-2.257988,51,1.331074
-1.869835,51,1.365743
-1.437386,51,1.400074
-1.718534,51,1.431967
-2.155567,51,1.459077
-1.893097,51,1.490368
-1.877903,51,1.514148
-2.096904,51,1.538452
-1.426593,50,1.561404
-1.678264,51,1.587599
-2.350815,51,1.614215
-1.712468,51,1.640278
-1.539774,51,1.66581
-1.712175,52,1.693456
-1.919205,51,1.725278
-1.662655,52,1.755973
-1.471939,51,1.781429
-1.854744,51,1.814
-1.641391,51,1.848347
-1.644684,51,1.880788
-1.543447,52,1.914321
-1.371175,50,1.961264
-2.482952,51,2.073425
-2.230561,51,2.120458
-1.918782,50,2.194624
-1.487753,52,2.27475
-1.51244,51,2.328259
-1.808102,51,2.378692
-2.067504,51,2.424108
-1.643867,51,2.474768
-1.738593,51,2.519935
-1.523953,51,2.564191
-2.493963,52,2.596512
-1.832577,52,2.632754
-1.459254,51,3.066682
-1.669448,51,3.10617
-2.416321,51,3.149545
-1.992688,51,3.206294
-2.025547,51,3.243297
-1.789964,51,3.273791
-1.604294,51,3.306803
-1.433451,51,3.339907
-2.536507,51,3.367795
-1.606253,51,3.396951
-1.691777,51,3.429547
-1.928137,51,3.46046
-1.697402,52,3.511848
-1.995577,52,3.54925
-1.835726,51,3.577989
-1.499536,51,3.609749
-2.097477,52,3.641504
-2.215775,51,3.681709
-1.626567,51,3.712125
-1.532726,51,3.743326
-1.516738,51,3.769691
-2.513753,51,3.7952
-1.521163,52,3.819228
-1.551762,52,3.846103
-1.484503,51,3.873684
-1.448544,50,3.899495
-1.856206,52,3.92928
-1.677095,51,3.968187
-2.140452,51,4.018716
-1.686731,51,4.052219
-2.342985,51,4.243413
-1.176548,51,4.285756
-2.126427,51,4.310371
-1.704383,51,4.338457
-1.613199,50,4.359748
-1.705666,51,4.386025
-1.899237,52,4.409286
-1.8503,51,4.436562
-1.585311,51,4.460309
-1.75718,50,4.483291
-1.321451,51,4.741749
-1.444778,51,4.769288
-2.000252,51,4.794006
-1.606014,51,4.81765
-1.447327,52,4.841425
-1.55251,51,4.863373
-1.80387,51,4.88515
-2.170276,51,4.90814
-1.327789,51,4.933278
-1.468048,51,4.961334
-1.495317,51,4.99273
-1.581926,51,5.019735
-1.734413,51,5.045246
-1.812796,51,5.076022
-1.744704,51,5.104043
-1.585672,51,5.128378
-1.320676,51,5.151935
-1.927264,51,5.174609
-1.565629,51,5.196497
-1.41612,51,5.220395
-1.819163,51,5.242273
-1.568368,52,5.264452
-1.461644,51,5.290147
-1.446739,51,5.315448
-2.097986,51,5.340409
-1.501593,51,5.367703
-1.686671,52,5.394871
-1.51985,51,5.422134
-2.25728,51,5.449981
-1.362613,50,5.475395
-1.591567,52,5.50146
-1.715931,51,5.526403
-1.70433,51,5.611978
-1.467232,52,5.702635
-1.850907,51,5.758012
-2.156029,52,5.829243
-1.704901,51,5.885632
-1.205266,50,5.918253
-1.504438,52,5.94749
-1.5322,50,5.975088
-1.36359,51,6.259492
-1.670598,52,6.286131
-1.569091,51,6.313851
-1.33184,51,6.339328
-1.745277,52,6.363468
-1.815104,51,6.38639
-1.365902,50,6.410029
-1.790568,51,6.433305
-1.400468,51,6.459024
-2.596669,51,6.484931
-1.651879,51,6.511679
-1.560665,50,6.535872
-1.452481,51,6.560374
-1.529445,51,6.584077
-1.407135,51,6.608244
-1.696894,51,6.633052
-1.645336,52,6.659695
-1.854045,51,6.704248
-1.409429,51,6.801749
-2.180313,51,6.836526
-1.730525,50,6.876951
-1.677674,52,6.936991
-1.976596,51,7.025987
-1.255195,50,7.07929
-1.420851,51,7.143038
-2.089034,51,7.189687
-1.568498,51,7.236811
-1.722711,51,7.278388
-1.561423,51,7.309665
-1.373305,52,7.335734
-1.299994,50,7.364185
-1.377535,51,7.396136
-1.533367,51,7.428015
-1.592377,51,7.45944
-1.663733,51,7.488821
-1.77436,51,7.520339
-1.611043,51,7.553593
-1.860968,51,7.585169
-1.590173,52,7.619663
-2.080974,51,7.648919
-1.617678,51,7.985982
-1.840543,51,8.009633
-1.897134,52,8.030638
-1.656693,52,8.052956
-1.62306,52,8.07735
-1.467559,52,8.09932
-1.792836,51,8.124203
-1.562954,51,8.145438
-2.166397,52,8.168068
-1.438477,51,8.189553
-1.697068,52,8.210895
-1.690164,50,8.232164
-1.742592,51,8.253958
-1.552787,52,8.27815
-1.445918,52,8.299294
-1.569537,51,8.321324
-1.36207,51,8.343061
-1.453738,51,8.363866
-1.94427,51,8.39095
-1.640753,51,8.418084
-2.238971,51,8.443819
-1.548737,51,8.467166
-1.663039,51,8.493247
-1.384437,51,8.517586
-1.72726,51,8.540339
-1.621152,51,8.561243
-1.619271,51,8.583848
-1.576151,51,8.605701
-1.444754,50,8.627776
-1.57851,51,8.649814
-1.597582,51,8.675254
-2.040586,51,8.69622
-1.650222,51,8.732796
-1.656291,51,8.766088
-1.406149,50,8.788198
-1.343975,52,8.842226
-1.511768,51,8.867899
-1.589324,51,8.894502
-1.782587,51,8.915007
-1.641064,51,8.936844
-1.49923,51,9.164183
-1.5288,51,9.185632
-1.862916,51,9.206996
-1.575507,51,9.228051
-1.32037,51,9.249225
-1.81895,51,9.270775
-1.554289,51,9.29251
-1.852825,51,9.312868
-1.780241,51,9.334365
-1.801807,50,9.354703
-1.452079,51,9.376808
-1.661211,51,9.398003
-1.664235,51,9.419117
-1.759431,51,9.440476
-1.646396,51,9.461732
-1.735365,51,9.482372
-1.715953,51,9.50323
-1.688095,51,9.525036
-1.508785,51,9.545722
-1.68637,51,9.566611
-1.755154,52,9.587423
-1.446381,51,9.608883
-1.686961,51,9.629713
-1.815665,51,9.650774
-1.872616,52,9.671361
-1.416919,50,9.693313
-1.221467,50,9.713824
-1.872956,51,9.734793
-1.569844,51,9.756759
-1.881844,52,9.777702
-2.053188,51,9.797695
-1.58154,51,9.818544
-1.824304,51,9.839889
-1.869216,52,9.861138
-1.477308,51,9.881941
-1.60076,51,9.902802
-1.349197,52,9.924253
-1.836183,51,9.945261
-1.32391,50,9.965604
-1.617863,51,9.986367
-1.591849,52,10.219546
-1.885883,51,10.241588
-1.529672,51,10.262673
-1.526241,52,10.283547
-1.411051,51,10.308067
-1.759244,52,10.329524
-1.734897,50,10.349814
-1.731242,51,10.370707
-1.571045,52,10.392968
-1.258437,51,10.413767
-1.728421,51,10.434287
-1.414949,51,10.455323
-1.818837,51,10.476576
-2.318553,51,10.497141
-1.504221,52,10.518211
-1.299517,50,10.538543
-1.338837,51,10.560538
-1.904787,51,10.580992
-1.293882,51,10.601421
-1.460397,51,10.622751
-1.581598,51,10.643947
-1.551459,51,10.664666
-1.43755,51,10.685442
-1.700372,51,10.706513
-1.685114,51,10.72703
-1.798223,51,10.748041
-1.235171,51,10.768855
-1.597349,51,10.790113
-1.693044,51,10.810548
-1.379027,51,10.833282
-2.091126,51,10.853575
-1.633849,50,10.8739
-1.714102,52,10.895269
-1.634531,52,10.916061
-1.609891,51,10.93669
-1.449546,51,10.958225
-1.33748,50,10.978491
-1.931583,51,10.999434
-1.89023,52,11.02071
-1.470098,51,11.044003
-1.713903,51,11.267869
-1.733438,51,11.288219
-1.249515,51,11.309673
-1.677791,51,11.331307
-1.469083,52,11.351438
-1.408745,51,11.37262
-1.629394,51,11.397231
-1.301461,51,11.418259
-1.613098,51,11.44018
-1.476401,51,11.460565
-1.611623,51,11.481402
-1.825586,51,11.502246
-1.414309,51,11.522694
-1.586704,50,11.545161
-1.251639,51,11.565833
-1.68076,52,11.587046
-1.459022,51,11.608305
-1.495543,51,11.6284
-2.265783,51,11.650843
-1.842535,51,11.671651
-1.572299,51,11.692788
-1.247614,51,11.714021
-1.555939,52,11.735581
-1.541135,52,11.758948
-1.498059,51,11.779898
-1.479571,51,11.802642
-2.071814,51,11.825052
-1.895322,51,11.845705
-1.637758,51,11.866592
-2.29025,51,11.8871
-1.652242,51,11.908624
-1.386845,51,11.929849
-1.433002,51,11.950775
-1.545214,51,11.971429
-1.762351,51,11.993305
-1.721073,51,12.014792
-1.94971,50,12.034175
-1.981373,51,12.054887
-1.425481,51,12.075948
-1.531623,50,12.095985
-1.297037,51,12.314573
-2.233399,51,12.335419
-1.886477,52,12.356524
-1.664302,51,12.377623
-1.528855,50,12.39813
-1.380687,51,12.417876
-1.266338,51,12.438341
-1.385001,50,12.459507
-1.298454,52,12.479988
-1.612958,51,12.50216
-1.349686,51,12.523958
-1.615535,51,12.54506
-1.445503,51,12.564517
-1.690036,51,12.584841
-1.562101,51,12.605673
-1.26938,50,12.625388
-1.574956,51,12.646274
-1.479457,51,12.665859
-1.765454,51,12.686463
-2.404413,51,12.706615
-1.483259,52,12.727369
-1.421641,51,12.748171
-1.396142,51,12.770745
-1.443366,51,12.794817
-1.516836,51,12.817628
-1.327643,52,12.843595
-1.518644,52,12.86446
-1.361746,51,12.885053
-1.600713,51,12.907986
-1.287176,51,12.92991
-1.383917,51,12.951034
-1.522755,51,12.970588
-1.508607,52,12.992195
-1.442634,51,13.012896
-1.327941,51,13.03258
-1.483466,50,13.05349
-1.678593,51,13.076894
-1.510401,51,13.097417
-1.691392,51,13.118212
-1.42137,51,13.140178
-1.601558,52,13.359534
-1.78639,51,13.380798
-1.907221,51,13.401582
-1.649426,51,13.420616
-1.655919,51,13.442497
-2.1314,50,13.463146
-2.193906,51,13.483368
-1.342935,51,13.505765
-1.424899,51,13.530648
-1.794994,51,13.553864
-1.471237,51,13.576593
-1.723548,51,13.597674
-1.373964,51,13.617605
-1.45469,52,13.639478
-1.273992,51,13.660608
-1.523012,51,13.680799
-1.554749,52,13.702931
-1.243613,51,13.726223
-1.566897,51,13.747028
-1.633979,51,13.766633
-1.892612,51,13.787332
-1.385797,51,13.808667
-1.395152,52,13.828788
-1.665449,51,13.849793
-1.340629,52,13.870063
-1.371836,51,13.889931
-1.824848,51,13.910879
-1.407865,51,13.930454
-1.67545,51,13.95097
-1.497244,51,13.971669
-1.285958,50,13.992525
-1.784503,51,14.012962
-1.646414,51,14.033681
-1.649335,51,14.053513
-1.794194,51,14.075166
-1.122353,51,14.094738
-1.356247,51,14.115226
-1.745253,51,14.134749
-1.727374,52,14.156346
-1.675293,51,14.177439
-1.219287,50,14.196938
-1.717746,50,14.416782
-1.556272,50,14.438648
-1.482056,52,14.462151
-1.423279,51,14.483928
-1.305416,52,14.508501
-1.929488,51,14.528899
-1.680234,51,14.548983
-1.551309,51,14.569049
-2.030647,51,14.590869
-1.211281,50,14.610609
-1.412896,51,14.631269
-1.231266,50,14.651043
-1.304567,51,14.671797
-1.334791,50,14.692678
-1.750228,50,14.713193
-1.370315,51,14.733836
-1.382886,50,14.754121
-1.517,51,14.778474
-1.461708,51,14.801123
-1.94756,51,14.82572
-1.220358,50,14.852265
-1.350638,50,14.873374
-1.241669,50,14.894505
-1.332045,51,14.915302
-1.676232,51,14.934978
-1.524739,51,14.956433
-1.600338,51,14.977013
-1.785798,51,14.997385
-1.507855,51,15.018461
-1.450566,51,15.038166
-1.526729,51,15.060086
-1.897003,51,15.079896
-1.437308,51,15.100024
-1.767339,51,15.120844
-1.414727,51,15.143818
-1.450647,51,15.164313
-1.60677,52,15.185401
-1.500784,51,15.206628
-1.536035,51,15.227501
-1.41115,51,15.248316
-1.348388,51,15.467562
-1.316112,51,15.489296
-1.276922,50,15.510321
-1.291552,51,15.530704
-1.439425,51,15.551728
-1.557383,51,15.572839
-1.446185,51,15.59559
-1.43105,51,15.616521
-1.509253,51,15.636073
-1.290067,52,15.658154
-1.531516,50,15.677907
-1.403417,51,15.69868
-1.683579,51,15.718319
-1.821436,50,15.739612
-1.557077,51,15.760294
-1.568451,51,15.780049
-1.56729,51,15.80045
-2.025843,51,15.823184
-1.466573,51,15.843909
-1.450893,51,15.86415
-1.344449,52,15.884936
-1.365741,51,15.905535
-1.365213,51,15.925618
-1.687666,52,15.947033
-1.305423,51,15.966689
-1.34156,51,15.987413
-1.245178,51,16.007296
-1.51166,51,16.02763
-1.68507,51,16.047545
-1.376271,51,16.067743
-1.737446,52,16.087905
-1.359421,51,16.110047
-1.25124,50,16.129072
-1.178379,51,16.149995
-1.536456,51,16.169521
-1.321464,51,16.19097
-1.391267,51,16.210498
-1.270741,51,16.231411
-1.298796,50,16.251286
-1.711616,51,16.272784
-1.309987,50,16.491765
-1.293398,52,16.655778
-1.439119,51,16.702574
-1.821212,51,16.724829
-1.27554,51,16.745004
-1.292938,51,16.765845
-1.275123,51,16.787032
-1.311217,52,16.809577
-1.423548,51,16.830353
-1.286307,51,16.850261
-1.435013,51,16.870317
-1.321591,51,16.891832
-1.225506,51,16.911518
-1.587499,51,16.932211
-1.463274,51,16.952212
-1.993141,51,16.973077
-1.465232,51,16.993217
-1.521132,51,17.014993
-1.802958,52,17.035041
-1.465995,51,17.056526
-1.345276,51,17.076546
-1.265387,51,17.096515
-1.600381,51,17.117157
-1.514969,51,17.138148
-1.3845,51,17.160002
-1.714838,51,17.181826
-1.288247,51,17.204905
-1.44631,51,17.22563
-1.375474,51,17.24701
-1.24254,50,17.269843
-1.405257,51,17.296462
-1.823417,52,17.320845
-1.457788,52,17.34338
-1.608395,51,17.36555
-1.634183,50,17.38773
-1.479604,51,17.410189
-1.41581,50,17.431933
-1.357036,51,17.456079
-1.535188,52,17.479224
-1.584851,50,17.500616
-1.285838,52,17.726261
-1.505623,51,17.747383
-1.646469,51,17.768644
-1.269678,51,17.790942
-1.807264,51,17.812072
-1.503875,51,17.832264
-1.478142,51,17.859482
-1.21936,51,17.883791
-1.848559,51,17.91558
-1.46837,51,17.956975
-1.273097,50,17.985958
-1.280886,51,18.011458
-1.151484,50,18.042849
-1.379401,52,18.074736
-1.567228,51,18.102293
-1.213006,51,18.12922
-1.259635,50,18.152807
-1.227733,51,18.175248
-1.451291,52,18.196463
-1.859994,51,18.220948
-1.697877,51,18.244347
-1.362747,51,18.283845
-1.542657,51,18.314169
-1.477585,51,18.337863
-1.305273,51,18.361393
-1.452455,50,18.385446
-1.482409,51,18.411581
-1.580442,51,18.43903
-1.597367,51,18.463544
-1.533125,52,18.493367
-1.270679,51,18.525603
-1.316221,52,18.550191
-1.797583,51,18.574369
-1.245132,52,18.600991
-1.715736,51,18.625474
-1.17761,51,18.648765
-1.404064,52,18.674086
-1.350141,51,18.69692
-1.622906,51,18.718602
-1.303639,50,18.739772
-1.717783,51,18.978662
-1.332086,50,19.003929
-1.346268,52,19.028377
-1.444884,50,19.052506
-1.277529,51,19.075887
-1.222022,51,19.097924
-1.448305,52,19.120097
-1.489584,51,19.141792
-1.203247,51,19.164222
-1.673414,51,19.188277
-1.359933,51,19.223918
-1.747383,51,19.278824
-1.964671,51,19.344301
-1.411393,52,19.39464
-1.212325,51,19.431529
-1.326122,51,19.479744
-1.519358,52,19.520942
-1.311373,51,19.574223
-1.40142,51,19.632754
-1.297116,50,19.671958
-1.437109,51,19.71468
-1.340355,52,19.7564
-1.200241,50,19.803789
-1.336574,52,19.836018
-1.350746,51,19.861445
-1.49003,51,19.884532
-1.626101,51,19.908465
-1.555674,51,19.930902
-1.181996,51,19.953843
-1.486956,51,19.977398
-1.239332,51,20.000176
-1.627526,51,20.021091
-1.822153,51,20.044045
-1.513106,51,20.070541
-1.293935,50,20.095014
-1.368367,50,20.121004
-1.462222,52,20.148051
-1.27798,51,20.180668
-1.457787,52,20.207767
-1.590354,51,20.231025
-1.40058,51,20.466872
-1.75572,51,20.488099
-1.583108,51,20.517244
-1.514939,52,20.544958
-1.369129,52,20.56886
-1.77299,51,20.591045
-1.721477,51,20.612477
-1.389768,50,20.637059
-1.530607,51,20.660521
-1.353763,50,20.683463
-1.268406,52,20.704585
-1.514068,51,20.727189
-1.171658,50,20.747828
-1.792373,51,20.771463
-1.353172,50,20.792944
-1.553594,52,20.814311
-1.441602,51,20.835084
-1.290324,52,20.857285
-1.443436,51,20.878118
-1.549912,51,20.898212
-1.301439,50,20.918737
-1.716309,51,20.941395
-1.363696,52,20.964229
-1.355349,51,20.987547
-1.468529,52,21.013749
-2.045901,51,21.047466
-1.221445,52,21.076219
-1.299784,51,21.099382
-1.406654,51,21.121464
-1.245545,51,21.143171
-1.41268,51,21.166856
-1.245318,51,21.187919
-1.273979,51,21.20939
-1.594567,51,21.230292
-1.292751,51,21.251288
-1.454305,51,21.272446
-1.432617,51,21.2943
-1.544944,51,21.317998
-1.570683,51,21.339218
-1.506834,50,21.359766
-1.487397,51,21.582908
-1.440793,51,21.604512
-1.26313,51,21.627691
-1.508204,51,21.648373
-1.628943,50,21.669222
-1.374312,51,21.691474
-1.401443,51,21.712559
-1.348241,51,21.735339
-1.530198,51,21.75812
-1.506116,52,21.779398
-1.363538,51,21.799982
-1.458765,52,21.820775
-1.227484,51,21.842269
-1.370285,50,21.862873
-1.948393,51,21.883786
-1.296864,51,21.904602
-1.348753,52,21.926316
-1.358129,51,21.94696
-1.26206,51,21.967811
-1.294343,50,21.989333
-1.380927,51,22.010001
-1.205842,50,22.031112
-1.190594,51,22.051699
-1.622143,51,22.073178
-1.159732,51,22.093941
-1.163869,51,22.114788
-1.303254,51,22.135897
-1.077196,50,22.159339
-1.352759,51,22.185035
-1.366364,51,22.209376
-1.31146,52,22.232206
-1.455459,51,22.253617
-1.42972,51,22.278254
-1.423143,51,22.302634
-1.520413,50,22.325533
-1.271799,51,22.347375
-1.365945,51,22.36864
-1.297868,52,22.392918
-1.356731,50,22.413978
-1.548334,51,22.434259
-1.55056,51,22.454764
-1.301518,50,22.681551
-1.428563,51,22.710196
-1.70625,51,22.735125
-1.524064,51,22.761102
-1.195952,51,22.785099
-1.389756,52,22.811908
-1.362149,50,22.835934
-1.410223,51,22.858954
-1.178074,51,22.881254
-1.471766,51,22.903345
-1.518654,51,22.925111
-1.317349,52,22.94654
-1.452365,50,22.967011
-1.245641,51,22.987955
-1.301568,51,23.009468
-1.460459,51,23.030574
-1.390405,51,23.050988
-1.407205,51,23.071661
-1.412605,51,23.094594
-1.635827,51,23.117453
-1.293904,50,23.14024
-1.807697,51,23.163787
-1.462284,51,23.185038
-1.29378,51,23.206398
-1.154235,51,23.226706
-1.276458,51,23.246964
-1.225611,51,23.267591
-1.884684,51,23.288786
-1.33683,50,23.30953
-1.299958,51,23.329065
-1.284912,51,23.3497
-1.616374,51,23.370664
-1.439397,52,23.392776
-1.225991,51,23.413087
-1.173656,51,23.433046
-1.263487,51,23.453507
-1.116942,50,23.474139
-1.291134,51,23.494572
-1.120279,51,23.515627
-1.738712,51,23.535777
-1.320352,52,23.751557
-1.438388,51,23.774071
-1.26354,51,23.79371
-1.318695,52,23.814943
-1.553664,51,23.836346
-1.344935,52,23.858789
-1.628076,52,23.879615
-1.418846,51,23.900422
-1.36923,51,23.920179
-1.168022,50,23.941302
-1.43669,51,23.965663
-1.548452,51,23.990781
-1.622138,51,24.014051
-1.812178,51,24.036077
-1.367258,51,24.058959
-1.323786,51,24.080491
-1.354173,51,24.102636
-1.433683,52,24.127669
-1.491086,51,24.149808
-1.292539,51,24.171078
-1.444824,51,24.19275
-1.624876,51,24.213684
-1.228895,51,24.234507
-1.661232,51,24.254685
-1.288433,50,24.276179
-1.462869,51,24.296425
-1.657599,51,24.317112
-1.240796,51,24.338539
-1.319776,51,24.360035
-1.243917,51,24.382834
-1.303649,51,24.403871
-1.7221,51,24.425702
-1.292727,51,24.446606
-1.138946,51,24.467184
-1.185354,51,24.486608
-1.428252,51,24.508057
-1.354851,51,24.529134
-1.248101,50,24.549228
-1.841203,52,24.570629
-1.503492,52,24.591654
-1.331981,50,24.811223
-1.672956,50,24.831976
-1.258742,52,24.853774
-1.563783,51,24.875946
-1.221117,50,24.896835
-1.324713,51,24.917734
-1.28599,50,24.938532
-1.373967,50,24.95942
-1.174392,50,24.980651
-1.388812,52,25.002764
-1.263891,50,25.024298
-1.404315,51,25.044955
-1.212105,50,25.065527
-1.635793,51,25.085867
-1.248535,51,25.107408
-1.35938,51,25.1357
-1.298552,52,25.157988
-1.498447,51,25.178729
-1.199622,51,25.199138
-1.167877,51,25.219329
-1.248652,50,25.240759
-1.322771,52,25.262089
-1.263547,50,25.281213
-1.387546,51,25.302097
-1.615599,51,25.323788
-1.432067,51,25.343312
-1.570505,51,25.394415
-1.384262,51,25.417541
-1.363304,51,25.439554
-1.256498,51,25.460452
-1.253378,50,25.480804
-1.325329,51,25.500709
-1.229414,51,25.520925
-1.33322,50,25.542101
-1.447081,51,25.562503
-1.278835,51,25.582572
-1.400239,51,25.603608
-1.569432,51,25.624109
-1.319865,51,25.644645
-1.541089,51,25.665496
-1.501645,50,25.887172
-1.606407,51,25.909767
-1.169921,51,25.930775
-1.478124,51,25.951588
-1.26438,50,25.973119
-1.181023,50,25.994245
-1.184606,51,26.015246
-1.26918,50,26.03499
-1.136434,51,26.055878
-1.249601,50,26.076799
-1.276444,52,26.098113
-1.259762,51,26.118318
-1.247744,52,26.139373
-1.536687,51,26.160531
-1.177034,52,26.180843
-1.320241,51,26.201692
-1.18185,51,26.223118
-1.38112,51,26.243416
-1.218423,51,26.264093
-1.191964,51,26.284979
-1.144986,51,26.306415
-1.471228,51,26.327199
-1.213424,51,26.347733
-1.669343,51,26.367813
-1.268164,52,26.389116
-1.338409,51,26.409211
-1.255322,51,26.430201
-1.12796,51,26.451062
-1.170518,51,26.470035
-1.58739,51,26.491643
-1.153755,51,26.513434
-1.348577,51,26.534078
-1.606062,51,26.555148
-1.442281,51,26.575871
-1.532676,51,26.596511
-1.291236,51,26.616788
-1.29126,50,26.636328
-1.201451,50,26.657332
-1.201538,51,26.677842
-1.268786,51,26.697733
-1.32366,50,26.717443
-1.72639,51,26.946453
-1.115953,51,26.967578
-1.258394,50,26.989491
-1.56856,51,27.010352
-1.378231,51,27.034615
-1.327558,51,27.058424
-1.131287,50,27.084811
-1.417245,51,27.112022
-1.216002,51,27.133949
-1.668639,51,27.154503
-1.279007,50,27.175998
-1.111175,50,27.196153
-1.351095,52,27.216156
-1.35409,52,27.237014
-1.347702,51,27.258442
-1.589683,51,27.279614
-1.252554,51,27.300276
-1.063526,50,27.320672
-1.438197,51,27.343861
-1.686438,51,27.366788
-1.25226,51,27.391569
-1.188253,50,27.413341
-1.431425,51,27.437077
-1.184346,51,27.461234
-1.187837,52,27.486352
-1.250771,50,27.508137
-1.286983,51,27.528524
-1.179045,50,27.548342
-1.309467,51,27.568492
-1.155826,51,27.589826
-1.189757,51,27.6109
-1.459159,51,27.631651
-1.285405,51,27.652126
-1.412954,50,27.673314
-1.235903,51,27.694081
-1.22949,51,27.714679
-1.523892,51,27.735352
-1.377606,51,27.757026
-1.223711,50,27.777712
-1.272994,51,27.798513
-1.250377,51,28.021782
-1.411279,50,28.043465
-1.361747,51,28.065714
-1.322681,51,28.087079
-1.311737,52,28.110174
-1.369191,51,28.131135
-1.186205,51,28.153254
-1.19647,51,28.176009
-1.205359,51,28.196743
-0.998387,50,28.219184
-1.112294,52,28.24223
-1.509369,51,28.263438
-1.401566,52,28.284315
-1.452394,51,28.304182
-1.290946,51,28.326189
-1.247712,50,28.346631
-1.08444,51,28.367329
-1.47056,52,28.38822
-1.506377,51,28.409738
-1.24782,51,28.430801
-1.346231,51,28.451358
-1.243735,52,28.471954
-1.194634,52,28.493292
-1.305923,51,28.51396
-1.64396,51,28.533933
-1.202579,51,28.554423
-1.151091,51,28.576214
-1.409802,51,28.595606
-1.31675,51,28.616195
-1.324268,51,28.636968
-1.150595,50,28.658751
-1.179044,51,28.68001
-1.420465,51,28.700747
-1.243063,50,28.720439
-1.198311,51,28.741232
-1.169005,50,28.760729
-1.156189,51,28.781445
-1.260199,51,28.801913
-1.353905,51,28.823588
-1.302852,51,28.843385
-1.368332,51,29.063296
-1.321352,51,29.084421
-1.402487,52,29.107516
-1.322628,51,29.127422
-1.276631,51,29.148541
-1.183388,51,29.170002
-1.234913,51,29.192411
-1.337222,51,29.212926
-1.467318,51,29.233954
-1.354895,51,29.256392
-1.056483,51,29.277729
-1.335231,52,29.29906
-1.3677,51,29.319487
-1.192002,51,29.341233
-1.422179,51,29.36046
-1.162553,50,29.38077
-1.323354,51,29.401363
-1.238817,51,29.421658
-1.546901,51,29.442053
-1.444022,51,29.462295
-1.20313,50,29.484369
-1.469922,51,29.510717
-1.434615,51,29.534341
-1.334232,52,29.557066
-1.104962,51,29.577745
-1.50076,51,29.598269
-1.232031,51,29.620357
-1.259084,51,29.642855
-1.398283,51,29.664212
-1.29555,51,29.686386
-1.324921,51,29.709727
-1.462267,52,29.729667
-1.174013,51,29.751065
-1.452691,52,29.772812
-1.446418,51,29.793257
-1.206198,51,29.813867
-1.393217,51,29.834635
-1.124627,51,29.854582
-1.340721,52,29.876521
-1.366629,51,29.897134
-1.3567,51,30.127599
-1.232513,51,30.147618
-1.180535,50,30.169007
-1.367753,50,30.19147
-1.379191,51,30.214158
-1.244332,51,30.238894
-1.498179,51,30.260718
-1.314001,51,30.281909
-1.273493,51,30.302731
-1.312656,51,30.324316
-1.153353,51,30.343974
-1.220083,51,30.364794
-1.273698,51,30.389003
-1.229124,51,30.41114
-1.238603,51,30.432168
-1.521123,52,30.453392
-1.169698,52,30.474191
-1.208111,50,30.494571
-1.389512,51,30.515259
-1.423246,51,30.53519
-1.083241,51,30.556446
-1.398561,51,30.576328
-1.185243,51,30.597155
-1.290924,51,30.616952
-1.493584,51,30.63703
-1.536165,51,30.657333
-1.16778,51,30.677997
-1.608102,51,30.698314
-1.234409,51,30.718275
-1.291215,50,30.738554
-1.227109,52,30.758547
-1.512245,51,30.779167
-1.159695,51,30.799209
-1.276133,51,30.819433
-1.213652,51,30.840541
-1.45427,51,30.860114
-1.273363,51,30.880792
-1.499909,51,30.900544
-1.30535,51,30.921086
-1.267206,51,30.942582
-1.360963,50,31.199996
-1.153707,51,31.227578
-1.175488,52,31.251941
-1.092237,50,31.279552
-1.120977,50,31.302595
-1.386238,50,31.325993
-1.363219,52,31.354529
-1.409425,51,31.386968
-1.322886,52,31.418755
-1.137195,50,31.44464
-1.259043,51,31.466399
-1.634659,51,31.487404
-1.285109,51,31.508911
-1.201314,50,31.529706
-1.057211,51,31.550431
-1.238311,52,31.571704
-1.476711,51,31.592902
-1.490351,51,31.613395
-1.144983,51,31.634439
-1.307313,51,31.655783
-1.138278,50,31.676359
-1.389058,51,31.697501
-1.403461,51,31.719264
-1.475585,51,31.743628
-1.422828,51,31.765356
-1.227836,50,31.786331
-1.2607,50,31.807881
-1.196953,51,31.828581
-1.276723,50,31.848963
-1.143941,51,31.869351
-1.212699,51,31.890538
-1.451095,51,31.910966
-1.09902,51,31.931561
-1.378221,52,31.953056
-1.164195,50,31.977853
-1.371173,51,32.001837
-1.369646,51,32.029338
-1.206297,51,32.052931
-1.204401,51,32.076712
-1.189613,51,32.098627
-1.40262,51,32.316486
-1.331007,51,32.337717
-1.475344,51,32.359054
-1.256355,51,32.380331
-1.146936,51,32.402009
-1.421456,51,32.424346
-1.155139,51,32.444154
-1.554023,51,32.465394
-1.203375,51,32.48625
-1.073624,51,32.507712
-1.175485,52,32.528875
-1.270274,51,32.548828
-1.199527,51,32.568931
-1.166621,51,32.59072
-1.281834,50,32.611237
-1.228267,51,32.630356
-1.237395,51,32.651052
-1.384258,51,32.672316
-1.265304,51,32.692558
-1.20856,52,32.713797
-1.298083,51,32.734551
-1.269687,51,32.754002
-1.58878,51,32.775198
-1.076542,51,32.795978
-1.206043,50,32.815268
-1.118734,51,32.839079
-1.401361,51,32.863264
-1.288397,52,32.887408
-1.20724,51,32.911193
-1.401416,51,32.932431
-1.208108,51,32.952591
-1.293075,52,32.974657
-1.232496,51,32.998676
-1.391574,51,33.022276
-1.331637,51,33.042363
-1.104197,50,33.062554
-1.247584,51,33.082763
-1.143302,52,33.12198
-1.348753,51,33.144883
-1.153117,50,33.167365
-1.323215,51,33.187781
-1.282504,51,33.401806
-1.202578,51,33.423375
-1.349711,51,33.444473
-1.193749,51,33.464273
-1.346549,51,33.485338
-1.129597,51,33.506908
-1.180356,52,33.527704
-1.153723,51,33.548772
-1.169048,51,33.569884
-1.116086,51,33.591493
-1.161569,51,33.611869
-1.217845,51,33.633854
-1.422646,51,33.655437
-1.200667,51,33.676313
-1.338753,51,33.697081
-1.148033,52,33.716998
-1.399661,51,33.737736
-1.238769,51,33.757962
-1.242101,51,33.778392
-1.254527,52,33.799633
-1.131656,51,33.821824
-1.157096,51,33.84313
-1.159054,51,33.862938
-1.34259,51,33.883771
-1.381291,51,33.904218
-1.126337,51,33.926436
-1.181655,52,33.949088
-1.417659,52,33.97303
-1.484883,52,33.994704
-1.19833,51,34.017684
-1.288713,51,34.040944
-1.419837,52,34.062423
-1.386668,51,34.084224
-1.605854,51,34.107819
-1.454536,51,34.129537
-1.072573,50,34.151127
-1.371099,51,34.17343
-1.149016,51,34.193884
-1.304509,51,34.214905
-1.316635,51,34.235187
-1.248944,51,34.462567
-1.526454,51,34.483842
-1.164935,50,34.508147
-1.205877,51,34.534053
-1.129101,51,34.561067
-1.048804,50,34.586426
-1.07834,51,34.614257
-1.242456,51,34.641306
-1.169341,50,34.66479
-1.079323,51,34.691431
-1.448313,51,34.717772
-1.178618,51,34.742562
-1.199028,51,34.76418
-1.215852,51,34.784053
-1.258836,51,34.804742
-1.270314,52,34.826735
-1.141811,50,34.846788
-1.255803,51,34.869437
-1.384659,51,34.898875
-1.231954,51,34.925137
-1.387631,52,34.949928
-1.216648,51,34.977542
-1.411789,51,35.011599
-1.185441,51,35.035593
-1.450686,51,35.064146
-1.150101,51,35.144278
-1.318828,51,35.168477
-1.294345,51,35.1937
-1.518431,51,35.216961
-1.260196,51,35.241097
-1.333662,51,35.263591
-1.245094,51,35.29027
-1.329828,51,35.318893
-1.181853,52,35.346953
-1.297195,52,35.375532
-1.350048,51,35.405502
-1.115,51,35.440768
-1.313445,52,35.467251
-1.462275,51,35.494934
-1.238057,51,35.527974
-1.28476,51,35.904075
-1.404113,52,35.930553
-1.28604,51,35.976481
-1.443406,51,36.008493
-1.167554,51,36.047396
-1.200195,51,36.075079
-1.25727,52,36.102197
-1.295943,52,36.130221
-1.395618,51,36.158407
-1.45256,51,36.185146
-1.406159,51,36.211717
-1.168522,51,36.23453
-1.413136,51,36.259929
-1.214516,51,36.285341
-1.222439,51,36.310361
-1.248026,51,36.333026
-1.269622,51,36.354592
-1.292459,51,36.376387
-1.210309,51,36.397338
-1.28703,51,36.418429
-1.27774,51,36.439228
-1.243574,51,36.46109
-1.193934,51,36.483828
-1.116498,51,36.50667
-1.234833,51,36.530433
-1.467963,51,36.553652
-1.263055,51,36.575902
-1.090665,50,36.59596
-1.283714,51,36.616809
-1.168277,51,36.637484
-1.355994,52,36.659685
-1.194072,50,36.679621
-1.482787,51,36.700242
-1.266305,51,36.720992
-1.081486,51,36.742673
-1.272266,50,36.76341
-1.165734,51,36.783462
-1.105729,50,36.803981
-1.1365,51,36.825514
-1.076205,50,36.845984
-1.185785,51,37.066034
-1.226402,51,37.087594
-1.618812,51,37.109145
-1.246746,50,37.129666
-1.164322,50,37.149997
-1.161601,51,37.17089
-1.31671,51,37.194203
-1.330815,52,37.216574
-1.191259,52,37.2382
-1.238025,51,37.260071
-1.111837,50,37.280361
-1.350507,51,37.301255
-1.291861,50,37.32213
-1.135703,51,37.34307
-1.241337,51,37.363579
-1.133339,51,37.384387
-1.059407,51,37.405533
-1.479393,51,37.427614
-1.532326,50,37.448206
-1.37529,52,37.469552
-1.189222,50,37.492156
-1.306791,52,37.513222
-1.148422,51,37.533934
-1.395317,50,37.554152
-1.274806,51,37.576128
-1.167479,51,37.596415
-1.413754,50,37.616877
-1.251958,51,37.638087
-1.086711,52,37.660453
-1.24703,51,37.681237
-1.282865,51,37.701688
-1.248602,51,37.722789
-1.203525,51,37.744305
-1.426462,51,37.76526
-1.427841,51,37.785798
-1.142251,51,37.8074
-1.215599,51,37.828632
-1.136258,51,37.849749
-1.135691,51,37.870444
-1.205448,51,37.897232
-1.306052,51,38.248516
-1.243968,51,38.28508
-1.280799,51,38.315996
-1.229553,51,38.343939
-1.514731,52,38.366296
-1.161747,52,38.390229
-1.193556,52,38.416048
-1.227321,51,38.442109
-1.347377,51,38.465395
-1.507405,51,38.488746
-1.278499,51,38.51152
-1.364192,51,38.53674
-1.359927,51,38.561104
-1.163085,51,38.584761
-1.375476,51,38.607381
-1.138102,51,38.629823
-1.629333,51,38.651535
-1.241226,51,38.674291
-1.224266,51,38.696169
-1.134446,50,38.716607
-1.176158,51,38.737458
-1.352695,51,38.759188
-1.277124,51,38.780114
-1.127123,51,38.80031
-1.085318,51,38.821839
-1.162537,52,38.843991
-1.180114,51,38.86487
-1.193282,51,38.885433
-1.240953,51,38.907301
-1.210089,51,38.92832
-1.154259,52,38.94981
-1.220093,51,38.974564
-1.11379,52,38.99716
-1.133146,51,39.018582
-1.211905,51,39.040487
-1.453614,50,39.060866
-1.306918,51,39.081623
-1.657671,51,39.102407
-1.123545,50,39.122606
-1.427316,52,39.143438
-1.219648,50,39.361802
-1.323382,51,39.383829
-1.355921,51,39.405513
-1.336756,52,39.427021
-1.308152,51,39.453826
-1.188892,51,39.475658
-1.104402,50,39.496247
-1.279704,51,39.517201
-1.273903,51,39.539306
-1.207732,51,39.560452
-1.357438,51,39.581448
-1.10029,51,39.61852
-1.254363,51,39.647166
-1.230446,51,39.670747
-1.322897,51,39.697296
-1.107423,51,39.720041
-1.105183,52,39.742424
-1.322638,51,39.762874
-1.262625,50,39.783244
-1.104119,50,39.803866
-1.157082,51,39.825223
-1.239116,51,39.847181
-1.094713,51,39.868274
-1.167294,51,39.889868
-1.107636,51,39.910924
-1.085708,51,39.931826
-1.157536,51,39.95236
-1.294799,51,39.974254
-1.230616,51,39.994883
-1.216718,51,40.015818
-1.226581,51,40.03627
-1.418162,51,40.057918
-1.301674,51,40.078188
-1.283043,51,40.099581
-1.221268,50,40.119437
-1.115702,51,40.141394
-1.346477,51,40.161504
-1.141345,51,40.182344
-1.483461,51,40.203267
-1.185967,51,40.224489
-1.196206,51,40.445022
-1.053042,51,40.466367
-1.304133,51,40.488431
-1.375658,51,40.510331
-1.07644,50,40.53124
-1.427465,52,40.552168
-1.193672,52,40.573719
-1.068297,51,40.595
-1.288446,51,40.615233
-1.2261,51,40.635934
-1.417489,51,40.65796
-1.089583,51,40.678718
-1.141471,52,40.700018
-1.29859,51,40.719667
-1.004941,50,40.740946
-1.269975,51,40.761696
-1.187993,51,40.782136
-1.206694,51,40.802015
-1.302738,51,40.823326
-1.165027,52,40.844554
-1.064848,51,40.86411
-1.12974,51,40.884706
-1.281933,51,40.9062
-1.099313,51,40.926771
-1.269507,51,40.947654
-1.205355,50,40.972135
-1.000827,50,40.995356
-1.124821,51,41.017274
-1.202108,51,41.03906
-1.274894,51,41.059673
-1.107615,50,41.080086
-1.113363,51,41.099929
-1.218609,51,41.120101
-1.13733,52,41.142619
-1.162391,51,41.163135
-1.278354,51,41.183177
-1.099094,51,41.203411
-1.143827,51,41.225038
-1.222975,51,41.246063
-1.250393,51,41.266723
-1.327367,51,41.286592
-1.275922,51,41.505132
-1.168569,51,41.52539
-1.209118,52,41.546659
-1.150273,52,41.56798
-1.14497,51,41.590074
-1.188511,52,41.611863
-1.262963,51,41.632289
-1.043422,50,41.652632
-1.153329,52,41.675512
-1.355939,51,41.696962
-1.20375,50,41.719596
-1.168307,52,41.741466
-1.249118,51,41.760814
-1.101951,51,41.78161
-1.325914,51,41.80231
-1.241704,50,41.823001
-1.246356,51,41.84228
-1.154374,52,41.863534
-1.237078,51,41.884411
-1.179605,51,41.904132
-1.373981,51,41.92602
-1.284601,51,41.946651
-1.304169,51,41.966075
-1.13275,51,41.986392
-1.318906,51,42.007944
-1.174406,52,42.030569
-1.108416,51,42.094056
-1.284155,52,42.127654
-1.13333,51,42.162016
-1.192925,51,42.190725
-1.23141,51,42.214575
-1.027074,50,42.236831
-1.14983,51,42.260135
-1.294234,51,42.282552
-1.166367,51,42.304544
-1.143145,51,42.326954
-1.143616,51,42.348969
-1.169035,51,42.369785
-1.144211,52,42.391936
-1.178615,51,42.412474
-1.154317,51,42.629209
-1.099916,51,42.649635
-1.069212,51,42.669801
-1.139969,51,42.691213
-1.086558,50,42.711083
-1.168246,52,42.731959
-1.159696,50,42.752233
-1.193654,51,42.774322
-1.298957,50,42.793946
-1.107647,51,42.814611
-1.322438,51,42.836224
-1.232656,51,42.863481
-1.131545,50,42.886069
-1.227652,51,42.908004
-1.103923,52,42.929363
-1.084786,51,42.950318
-1.239177,51,42.970712
-1.314118,52,42.992766
-1.189778,51,43.013035
-1.134712,51,43.032647
-1.111614,52,43.054022
-1.161357,50,43.073806
-0.992284,51,43.094802
-1.191401,50,43.114998
-1.161256,50,43.136926
-1.342002,51,43.160919
-1.085321,50,43.18123
-1.142167,50,43.201042
-1.141856,50,43.220281
-1.177419,51,43.241658
-1.204465,50,43.261842
-1.189034,50,43.282182
-1.419055,51,43.303079
-1.194152,51,43.324617
-1.35288,51,43.347063
-1.201628,51,43.367954
-1.25373,50,43.389042
-1.10574,51,43.411755
-1.354513,51,43.455987
-1.178925,51,43.480005
-1.14147,51,43.703324
-1.216324,51,43.723492
-1.29997,51,43.744176
-1.195502,51,43.76497
-1.168557,51,43.785846
-1.242752,51,43.807327
-1.257355,51,43.828263
-1.244576,50,43.849099
-1.153269,51,43.870061
-1.21422,51,43.891794
-1.290055,52,43.912753
-1.177018,51,43.934019
-1.067549,51,43.95513
-1.266197,51,43.975979
-1.168313,51,43.996012
-1.141306,50,44.016473
-1.253533,51,44.037035
-1.2206,51,44.057353
-1.214326,51,44.077643
-1.132066,51,44.09863
-1.223075,51,44.11831
-1.100847,52,44.14047
-1.218876,51,44.161488
-1.196852,51,44.181874
-1.19281,51,44.202849
-1.427039,51,44.225671
-1.192038,51,44.247591
-1.186549,51,44.268269
-1.125153,52,44.290487
-1.293204,51,44.310685
-1.299968,52,44.332032
-1.104668,51,44.352572
-1.217276,51,44.383201
-1.292599,51,44.407498
-1.098279,51,44.430345
-1.26089,51,44.453959
-1.323904,51,44.47746
-1.147115,50,44.500028
-1.585522,51,44.523304
-1.292602,51,44.545684
-1.22585,51,44.879082
-1.273285,52,44.908304
-1.238554,51,44.934258
-1.082357,52,44.961415
-1.071584,50,44.989068
-1.16009,51,45.016209
-1.194391,51,45.045442
-1.255298,51,45.074889
-1.215287,51,45.102036
-1.195336,51,45.132944
-1.13669,51,45.162639
-1.150549,51,45.191005
-1.124521,50,45.214019
-1.085483,51,45.236602
-1.258313,51,45.261205
-1.481414,51,45.284075
-1.196086,51,45.307229
-1.117416,51,45.330269
-1.035469,51,45.353274
-1.098766,51,45.379245
-1.238726,51,45.402874
-1.109397,50,45.427494
-1.158366,51,45.450229
-1.106174,51,45.47252
-1.253888,51,45.495433
-1.172767,51,45.517243
-1.186639,51,45.54075
-1.156495,51,45.564629
-1.079725,52,45.586806
-1.24726,51,45.609797
-1.182832,51,45.631927
-1.260965,52,45.65348
-1.261691,51,45.675369
-1.374469,51,45.696037
-1.146098,51,45.717135
-1.141087,50,45.743899
-1.235311,50,45.76621
-1.33732,51,45.789229
-1.24248,50,45.811528
-1.264298,52,45.834176
-1.191483,51,46.078877
-1.302505,50,46.099701
-1.077857,51,46.120288
-1.17379,50,46.140477
-1.208817,51,46.161271
-1.156119,51,46.185031
-1.089512,51,46.208746
-1.070441,51,46.231436
-1.147892,51,46.260165
-0.987684,50,46.296083
-1.043895,51,46.324139
-1.058857,51,46.348669
-1.107744,51,46.370222
-1.026464,51,46.394042
-1.076871,51,46.41658
-1.247682,52,46.441425
-1.157683,50,46.460761
-1.126085,51,46.481654
-1.20634,51,46.502961
-1.075349,51,46.526695
-1.146118,50,46.547531
-1.25667,51,46.569175
-1.165072,51,46.599682
-1.15095,51,46.622775
-1.245944,51,46.644587
-1.142977,51,46.665895
-1.126865,51,46.686324
-1.371189,51,46.708008
-1.331563,51,46.729735
-1.285236,51,46.74978
-1.260412,51,46.770402
-0.993457,50,46.791359
-1.079163,51,46.811987
-1.190107,51,46.833412
-1.233274,51,46.853833
-1.255918,51,46.875953
-1.26128,51,46.89662
-1.37263,51,46.917304
-1.084106,50,46.938015
-1.239866,51,46.959133
-1.081706,51,46.979731
-1.319339,52,47.197737
-1.190175,51,47.218728
-1.190858,51,47.240822
-1.166711,51,47.261654
-1.10848,50,47.282213
-1.186086,51,47.306127
-1.017641,50,47.327441
-1.271318,51,47.348409
-1.192118,51,47.369179
-1.152011,50,47.390749
-1.062608,51,47.412211
-1.136491,52,47.434077
-1.130803,51,47.456059
-1.129826,51,47.475975
-1.158153,51,47.496848
-1.103767,50,47.516789
-1.208396,52,47.538907
-1.133897,51,47.560102
-1.27987,51,47.581233
-1.263912,50,47.601474
-1.099865,51,47.621564
-1.127324,51,47.643185
-1.142444,50,47.663415
-1.174205,52,47.684716
-1.2792,51,47.706151
-1.189404,51,47.726974
-1.172037,51,47.747495
-1.304791,51,47.768032
-1.25475,51,47.792831
-1.200652,51,47.814102
-1.081961,51,47.834971
-1.313631,51,47.856873
-1.067754,51,47.877985
-1.067587,51,47.898411
-1.183607,51,47.919076
-1.221404,51,47.941085
-1.276408,52,47.962407
-1.368929,51,47.982963
-1.466011,52,48.004076
-1.255135,51,48.025206
-1.204566,51,48.250357
-1.169428,51,48.272237
-1.14275,51,48.293599
-1.229047,51,48.314637
-1.117731,50,48.335113
-1.31034,51,48.35714
-1.302345,51,48.378171
-1.167846,51,48.399468
-1.127262,51,48.420386
-1.241119,50,48.442639
-1.12955,50,48.463183
-1.202261,50,48.483319
-1.100187,51,48.504528
-1.089735,50,48.525753
-1.263299,52,48.548644
-1.123525,51,48.569852
-1.18133,52,48.591959
-1.080006,50,48.612135
-1.103574,52,48.63328
-1.153867,52,48.654803
-1.178744,51,48.67629
-1.007521,51,48.697261
-1.074834,51,48.718073
-1.239952,51,48.739592
-1.175624,51,48.760448
-1.182459,52,48.781656
-1.139521,51,48.802647
-1.188409,51,48.824298
-1.188613,52,48.84616
-1.291537,51,48.867256
-1.225463,51,48.889493
-1.169996,52,48.912255
-1.259255,51,48.934724
-1.134703,50,48.95687
-1.002052,50,48.977573
-1.352066,51,48.998532
-1.204362,52,49.019785
-1.309871,51,49.04138
-1.144366,52,49.062377
-1.309544,52,49.083453
-1.085064,50,49.302109
-1.238928,51,49.323562
-1.194286,50,49.344153
-1.039795,51,49.365216
-1.24459,52,49.386039
-1.219013,51,49.407691
-1.119404,51,49.428647
-1.147743,52,49.450094
-1.354685,51,49.472847
-1.095596,51,49.497909
-1.258975,51,49.519055
-1.133012,51,49.541213
-1.132589,51,49.56205
-1.054639,50,49.582849
-1.111167,51,49.603171
-1.12481,51,49.624535
-1.197346,51,49.645439
-1.156242,51,49.665649
-1.291618,51,49.68676
-1.175126,52,49.708658
-1.086105,51,49.728965
-1.136211,51,49.749148
-1.142036,52,49.769746
-1.245115,51,49.789865
-1.117253,51,49.810565
-1.072173,50,49.830639
-1.167398,52,49.851883
-1.191901,50,49.871892
-1.275241,51,49.892709
-1.178656,51,49.913558
-1.244609,51,49.934389
-1.189688,51,49.955706
-1.135458,51,49.975855
-1.440658,51,49.996612
-1.09466,52,50.01764
-1.061039,50,50.037984
-1.126252,51,50.058864
-1.286162,51,50.079587
-1.227315,51,50.100286
-1.189307,51,50.120475
-1.143664,51,50.339031
-1.11911,50,50.360146
-1.202533,51,50.380686
-1.035537,50,50.399995
-1.40105,51,50.420585
-1.138193,50,50.442529
-1.25284,52,50.464686
-1.080116,52,50.486481
-1.205728,52,50.509195
-1.128708,51,50.531974
-1.311607,51,50.553447
-1.076088,51,50.57558
-1.077036,51,50.595697
-1.306232,51,50.616068
-1.269244,52,50.638105
-1.309175,51,50.659308
-1.123926,52,50.680669
-1.06007,50,50.701751
-1.040197,50,50.722753
-1.237153,50,50.743283
-1.061023,51,50.76403
-1.182652,52,50.784947
-1.194382,51,50.806871
-1.129356,51,50.826334
-1.091496,51,50.847235
-1.064078,51,50.867633
-1.382518,52,50.889462
-1.163426,51,50.910069
-1.151787,51,50.929842
-1.034583,51,50.950564
-1.192013,51,50.971785
-1.074467,50,50.991565
-1.097209,51,51.011666
-1.122041,51,51.032424
-1.13088,51,51.052994
-1.090162,50,51.073025
-1.120685,50,51.093761
-1.108839,52,51.114959
-1.119297,51,51.135035
-1.30692,51,51.260812
-1.177043,51,51.514265
-1.204532,51,51.534927
-1.218537,51,51.556371
-1.051989,50,51.577178
-1.128173,51,51.598066
-1.219436,51,51.618909
-1.10811,51,51.641265
-1.237942,51,51.66307
-1.051404,51,51.68432
-1.043359,51,51.706438
-1.086848,51,51.727435
-0.976626,50,51.748928
-1.119435,51,51.769955
-1.21659,51,51.791846
-1.262021,51,51.812569
-1.307854,51,51.833243
-1.114902,51,51.853273
-1.196812,51,51.874861
-1.04077,50,51.895543
-1.192858,51,51.915242
-1.085349,51,51.935869
-1.063461,50,51.956572
-1.061589,51,51.97663
-1.245609,51,51.997107
-1.189923,51,52.017978
-1.188182,51,52.038025
-1.102392,51,52.058599
-0.991897,52,52.079584
-1.182851,50,52.09911
-1.060016,50,52.119357
-1.13908,51,52.14103
-1.252007,51,52.161348
-1.36091,51,52.181634
-1.083768,50,52.2021
-1.136452,51,52.222367
-1.120511,51,52.24243
-1.026902,51,52.263328
-1.044888,51,52.283771
-1.056351,51,52.305324
-1.14698,51,52.32554
-1.201295,51,52.345822
-1.242423,51,52.559483
-1.273059,50,52.579698
-1.298534,51,52.599287
-1.133946,51,52.620124
-1.258105,51,52.641998
-1.110667,51,52.661873
-1.151584,51,52.682952
-1.281049,51,52.702727
-1.131069,50,52.724461
-1.231462,50,52.745401
-1.095587,51,52.765486
-1.064766,51,52.786379
-1.169653,52,52.808278
-1.220936,51,52.827859
-1.318513,51,52.848729
-1.186704,51,52.869433
-1.132245,51,52.889807
-1.07894,51,52.910736
-0.995755,50,52.930351
-1.300804,51,52.95049
-1.41263,51,52.971803
-1.382398,51,52.992197
-1.138773,52,53.012991
-1.140086,51,53.033622
-1.144524,52,53.053497
-1.142968,51,53.074814
-1.204848,51,53.094793
-1.061714,52,53.115156
-1.270132,51,53.135666
-1.085614,51,53.155515
-1.169224,51,53.176739
-1.315961,51,53.197603
-1.101962,52,53.217349
-1.223957,51,53.238338
-1.147968,51,53.257709
-1.279312,52,53.278891
-1.185462,51,53.299486
-1.086485,50,53.319072
-1.101277,50,53.339552
-1.155419,50,53.359301
-1.17426,51,53.574419
-1.323602,51,53.594935
-1.283862,50,53.615353
-1.187369,52,53.635668
-1.086062,50,53.655946
-1.070738,51,53.676678
-1.07677,51,53.696563
-1.16424,51,53.717522
-1.202153,51,53.738201
-1.116248,52,53.759064
-1.193394,51,53.779847
-1.000923,51,53.800306
-1.382547,51,53.820545
-1.025752,52,53.842284
-1.152732,51,53.862382
-1.249088,51,53.882513
-1.088749,50,53.902541
-1.07772,52,53.923204
-1.149366,51,53.943584
-1.206366,51,53.963212
-1.155364,51,53.983334
-1.239991,52,54.00323
-1.195401,50,54.024194
-1.186721,51,54.044244
-1.091336,51,54.063877
-1.099457,51,54.084795
-1.222415,50,54.106662
-1.086793,51,54.126484
-1.243077,51,54.14722
-1.146481,51,54.167274
-1.211372,51,54.187538
-1.196717,51,54.208844
-1.126854,51,54.229018
-1.157506,51,54.249495
-1.198227,51,54.269802
-1.117524,51,54.290747
-1.173768,52,54.311576
-1.387769,51,54.332865
-1.064991,52,54.354578
-1.205297,51,54.376061
-1.109934,51,54.593583
-1.167296,51,54.614925
-1.1837,51,54.6357
-1.013581,50,54.655979
-1.102856,51,54.677058
-1.229549,51,54.697847
-1.050057,51,54.717743
-1.113989,51,54.739429
-1.228577,51,54.760557
-1.105551,50,54.781408
-1.080377,51,54.802146
-1.176116,51,54.824946
-1.142335,51,54.846935
-1.51514,51,54.8682
-1.246521,51,54.89225
-1.093562,51,54.912196
-1.205185,51,54.932896
-1.083465,50,54.952962
-1.179307,51,54.974197
-1.189411,51,54.994534
-1.146884,51,55.01436
-1.213969,51,55.035092
-1.141296,52,55.056232
-1.123555,52,55.077562
-1.100453,51,55.098133
-1.24672,51,55.117883
-1.266487,52,55.139062
-1.301028,51,55.158947
-1.119105,52,55.179611
-1.115824,52,55.199793
-1.417392,51,55.219988
-1.016423,50,55.25179
-1.163623,51,55.27364
-1.210296,51,55.293402
-1.056076,50,55.313582
-1.190065,51,55.333335
-1.175137,51,55.353531
-1.067601,51,55.374381
-1.227677,50,55.393883
-1.171362,51,55.415073
-1.097326,51,55.63068
-1.091463,51,55.650951
-1.154741,51,55.672705
-1.260761,51,55.692315
-1.154528,51,55.712917
-1.396355,51,55.733141
-1.034576,51,55.753935
-1.159892,51,55.776316
-1.10518,52,55.796668
-1.139394,52,55.81803
-1.246103,50,55.839595
-1.138554,51,55.860519
-1.030527,51,55.883843
-0.981848,50,55.912259
-1.184806,52,55.935863
-1.00149,51,55.957048
-1.082059,50,55.977939
-1.110973,52,55.998601
-1.386255,52,56.019442
-1.21974,51,56.04132
-1.253723,51,56.06109
-1.027831,51,56.080872
-1.126028,51,56.101858
-1.116864,50,56.122626
-1.141728,51,56.143551
-0.982527,52,56.16371
-1.158749,51,56.184253
-1.344883,52,56.206248
-1.304278,51,56.226324
-1.110327,51,56.247408
-1.034741,51,56.267491
-1.07673,50,56.288856
-1.128898,51,56.31038
-1.063114,51,56.331259
-1.135878,51,56.351022
-1.24212,51,56.371716
-1.239977,51,56.392131
-1.148929,51,56.413321
-0.98645,51,56.43407
-1.306582,51,56.453385
-1.093662,51,56.669895
-1.095187,51,56.690379
-1.067684,51,56.711796
-1.233102,51,56.732944
-1.189796,52,56.752885
-1.211983,51,56.775002
-1.133577,50,56.795736
-1.075505,52,56.817471
-1.220615,52,56.838359
-1.074577,51,56.860133
-1.064264,51,56.881219
-1.225636,50,56.901206
-1.255613,51,56.922721
-1.24323,50,56.942597
-1.003927,50,56.962283
-1.31693,51,56.982619
-1.179066,52,57.003171
-1.050456,50,57.023484
-1.164862,51,57.044346
-1.229007,51,57.063709
-1.074615,51,57.084495
-1.076466,51,57.104128
-1.019986,51,57.125434
-1.163754,51,57.145535
-1.138271,52,57.165543
-1.137488,50,57.185679
-1.100107,51,57.206578
-1.27673,51,57.226032
-1.133653,51,57.246351
-1.147145,51,57.2671
-1.163075,50,57.286316
-1.132655,51,57.307796
-1.110775,50,57.326791
-1.236601,51,57.350202
-1.19345,51,57.372917
-1.156056,51,57.395163
-1.127108,52,57.418022
-1.001179,50,57.441167
-1.198391,51,57.464925
-1.115473,51,57.488748
-1.097677,51,57.710417
-1.079396,50,57.731367
-1.172485,51,57.752373
-1.084574,50,57.773386
-1.112487,51,57.793798
-1.160998,50,57.813036
-1.18993,52,57.834459
-1.011482,50,57.855868
-1.052594,52,57.877371
-1.124561,50,57.89766
-1.159257,51,57.917401
-1.066059,51,57.939203
-1.192015,51,57.960624
-1.110634,50,57.980893
-1.014952,52,58.002096
-1.274714,52,58.023169
-1.038095,51,58.043929
-1.195376,51,58.063192
-1.033592,52,58.084653
-1.070553,50,58.10389
-1.162691,51,58.125283
-1.098498,51,58.145246
-1.073245,50,58.164864
-1.072218,52,58.184996
-1.216201,51,58.206075
-1.140491,52,58.227167
-1.177734,52,58.247617
-1.141182,51,58.268005
-1.154179,51,58.289862
-1.270243,51,58.311208
-1.10133,52,58.332137
-1.236519,51,58.352548
-1.06577,51,58.373097
-1.267405,51,58.392936
-1.258288,51,58.413147
-1.099886,51,58.432236
-0.9266,50,58.452734
-1.042226,51,58.473851
-1.184218,51,58.49367
-1.115248,51,58.513756
-1.158347,51,58.726209
-1.204503,52,58.747968
-1.219737,51,58.767729
-0.995031,51,58.788885
-1.04302,50,58.808196
-1.276676,50,58.828865
-1.019095,51,58.848851
-1.10462,51,58.8701
-1.184613,51,58.891624
-1.207159,52,58.912167
-0.986774,51,58.932073
-1.127028,51,58.953272
-1.170306,51,58.974928
-1.207834,51,58.996373
-1.038777,51,59.019673
-1.087548,51,59.040526
-1.117176,51,59.061521
-1.083992,52,59.0822
-1.104235,51,59.102437
-1.185899,52,59.123743
-1.230785,51,59.144669
-0.975755,50,59.164848
-1.162352,51,59.184888
-1.164999,51,59.205929
-1.164829,51,59.226631
-1.242955,51,59.246477
-1.11125,52,59.267495
-1.141399,51,59.288361
-1.164518,51,59.308645
-1.220142,51,59.328445
-1.123008,52,59.349594
-1.094011,51,59.369095
-1.218038,51,59.39075
-1.168408,50,59.410067
-1.084684,51,59.43072
-1.124174,51,59.450402
-1.140949,52,59.471231
-1.181368,52,59.4931
-1.124211,51,59.513957
-1.109761,51,59.535551
-1.227519,51,59.557581
-1.179792,51,59.769326
-1.056775,51,59.790612
-1.02005,51,59.810115
-1.239072,51,59.830702
-1.300273,51,59.85052
-1.173049,52,59.872273
-1.397127,51,59.897227
-1.171553,51,59.918655
-1.343713,51,59.940841
-1.101684,51,59.961539
-1.269831,51,59.98212
-1.088423,50,60.002733
-1.05008,50,60.024332
-1.105883,51,60.044334
-0.911709,50,60.06456
-0.996642,50,60.085207
-1.081177,51,60.105995
-1.163579,51,60.127732
-1.071368,50,60.148464
-1.050475,50,60.168841
-1.109571,50,60.189538
-1.097251,51,60.210441
-1.21443,51,60.231317
-1.106979,51,60.251461
-1.173035,51,60.272706
-1.100056,51,60.294791
-1.31561,51,60.315652
-1.159134,51,60.336278
-1.170942,52,60.358065
-1.102838,51,60.378636
-1.280654,52,60.398618
-1.063364,50,60.418759
-1.120297,51,60.440705
-1.34564,50,60.460894
-1.067488,50,60.479906
-1.196621,51,60.500248
-1.100192,51,60.520162
-1.011322,51,60.541305
-1.017218,52,60.562058
-1.095571,52,60.583995
-1.157953,51,60.802819
-1.043413,52,60.824688
-1.116881,51,60.8462
-1.065323,50,60.866392
-1.142973,51,60.886549
-1.058354,51,60.908397
-1.115383,51,60.929039
-1.329994,51,60.948658
-1.17307,52,60.970092
-1.181687,51,60.991296
-1.089503,51,61.012595
-1.104994,51,61.043461
-1.082168,51,61.066109
-1.082477,51,61.089771
-1.044099,51,61.110866
-1.244011,51,61.136351
-1.200381,51,61.164123
-1.096688,50,61.192823
-1.172096,51,61.218826
-1.19154,51,61.245265
-1.156201,51,61.270249
-1.075379,51,61.296817
-1.050897,51,61.32373
-1.046303,51,61.348144
-1.282934,52,61.372896
-1.065904,51,61.393499
-1.161348,52,61.414676
-1.090248,52,61.435882
-1.172698,51,61.457725
-0.975274,51,61.478633
-1.101573,51,61.499333
-1.22999,51,61.519955
-1.15017,51,61.541262
-1.278611,50,61.560888
-1.100586,50,61.581044
-1.124907,52,61.602455
-1.003388,50,61.623317
-1.074136,51,61.644044
-1.080972,52,61.664971
-1.10614,50,61.685607
-1.160177,51,61.914563
-1.20689,51,61.93512
-1.02626,52,61.955519
-1.103107,51,61.976691
-0.98742,51,61.997324
-1.073692,52,62.018343
-1.084674,51,62.041085
-1.10847,51,62.061343
-0.930946,50,62.081921
-1.160481,51,62.103674
-1.171348,52,62.132562
-1.088622,51,62.156875
-1.411979,51,62.177734
-1.211317,51,62.197704
-1.119996,51,62.218794
-1.205903,51,62.239443
-1.139058,51,62.259608
-1.260866,51,62.281084
-1.166864,51,62.302063
-1.073475,52,62.324288
-1.198854,51,62.344997
-1.108242,51,62.364701
-1.080355,51,62.389186
-1.246663,51,62.410441
-1.096561,51,62.432776
-1.076373,51,62.453529
-1.02399,51,62.475455
-1.037161,52,62.496922
-1.173371,50,62.517488
-1.229068,51,62.536843
-1.069787,51,62.558435
-1.051236,50,62.578684
-1.095648,51,62.599267
-1.092825,51,62.619025
-1.09076,50,62.640253
-1.01595,51,62.661375
-1.105818,51,62.682174
-1.164667,51,62.701778
-1.129909,50,62.72261
-1.117186,51,62.743603
-1.07174,51,62.958672
-1.136512,51,62.979328
-1.006457,51,62.998597
-1.015077,51,63.018809
-1.11596,51,63.039003
-1.182542,51,63.059764
-1.448785,51,63.080606
-1.025077,51,63.100697
-0.981901,50,63.121795
-1.074012,52,63.143035
-1.086628,51,63.164383
-1.170784,51,63.184658
-1.218519,52,63.206838
-1.124431,51,63.228516
-1.168614,52,63.24857
-1.163291,51,63.268839
-1.021708,51,63.288994
-1.055409,50,63.309718
-1.055591,51,63.330068
-1.105807,50,63.349857
-1.067648,52,63.37151
-1.038921,51,63.391274
-1.047472,51,63.411523
-1.087042,50,63.431185
-1.068933,51,63.450854
-0.986446,50,63.475666
-1.0088,50,63.501165
-1.250632,51,63.5274
-1.096223,51,63.549741
-1.1042,51,63.57263
-0.966883,50,63.5928
-1.168894,51,63.61385
-1.04368,51,63.633997
-1.113315,51,63.655953
-1.123471,51,63.678424
-1.194876,51,63.699596
-1.159829,51,63.723244
-1.069932,51,63.743061
-1.095613,51,63.764469
-1.154553,50,63.785836
-1.085405,51,64.022808
-1.170186,51,64.046126
-1.078013,50,64.066859
-1.177938,51,64.089081
-1.127037,51,64.10984
-1.068632,51,64.129465
-1.116787,51,64.1503
-1.305404,51,64.171919
-1.038204,51,64.191629
-1.051084,50,64.211949
-1.131934,51,64.232794
-1.205897,50,64.253576
-1.082015,50,64.274257
-1.146144,52,64.296835
-0.966631,50,64.317764
-1.218338,51,64.339207
-1.169985,51,64.360009
-1.108101,51,64.380208
-1.167789,51,64.400672
-1.125307,51,64.421773
-1.124933,51,64.441885
-1.240662,51,64.462191
-1.168444,52,64.483376
-1.143552,51,64.510954
-1.17133,51,64.530836
-1.157394,51,64.574791
-1.148737,52,64.598791
-1.129286,52,64.620025
-1.234944,51,64.641411
-1.111654,51,64.662023
-1.081956,52,64.682948
-1.105074,51,64.703326
-1.060063,52,64.724299
-1.17833,51,64.745134
-1.177431,51,64.765975
-1.047054,50,64.786424
-1.051861,50,64.805988
-1.110683,51,64.826616
-0.968172,50,64.846759
-1.046307,51,64.86786
-1.305092,51,64.889059
-1.046327,52,65.116459
-1.015171,50,65.136293
-1.065929,51,65.157682
-1.050486,51,65.178188
-1.066081,51,65.198508
-1.190742,51,65.223961
-1.212518,52,65.246837
-1.295343,51,65.267372
-0.963689,51,65.288664
-1.040491,51,65.309654
-1.231116,52,65.331069
-1.151775,52,65.351253
-1.226845,51,65.372865
-1.162134,51,65.394021
-1.102675,51,65.414169
-1.094121,51,65.433983
-1.027459,51,65.455076
-1.085349,50,65.475233
-1.165675,51,65.495355
-1.072412,51,65.514764
-1.047486,51,65.535333
-1.004067,51,65.55542
-0.952301,51,65.586197
-0.997101,50,65.607995
-1.376685,51,65.62901
-1.1202,51,65.647869
-1.117558,51,65.668796
-1.185503,52,65.691
-1.174991,51,65.711965
-1.094835,51,65.731836
-1.045112,51,65.752282
-1.059575,50,65.773375
-1.063798,51,65.793981
-1.153865,51,65.814086
-1.176122,51,65.834454
-1.136369,51,65.855644
-1.007578,51,65.875438
-1.220387,51,65.89617
-1.163236,51,65.916653
-1.002406,51,65.944474
-1.094788,51,66.177371
-1.122258,51,66.198008
-1.107591,51,66.218875
-1.020693,51,66.241098
-1.096294,51,66.261777
-1.072919,50,66.281063
-1.123687,51,66.302457
-1.042482,51,66.324188
-1.007945,51,66.345116
-1.017369,50,66.36436
-0.994487,51,66.385466
-1.106928,51,66.41382
-1.021747,50,66.437335
-1.136691,51,66.461345
-1.199946,51,66.485556
-0.995178,51,66.512637
-1.126931,52,66.535525
-0.979301,50,66.557246
-1.073129,51,66.578204
-1.090997,52,66.598234
-1.037239,51,66.619399
-0.963017,51,66.641117
-1.233108,51,66.660984
-1.181374,51,66.681844
-1.017183,51,66.703444
-0.982573,50,66.72474
-0.952337,51,66.744527
-1.079559,51,66.765833
-1.092944,52,66.786481
-0.998889,50,66.806836
-1.055962,52,66.828057
-1.086938,51,66.848238
-1.154304,51,66.869
-1.138385,51,66.890311
-1.22669,51,66.909934
-1.133951,52,66.931453
-1.116864,51,66.951895
-1.12237,50,66.973322
-1.069604,52,66.994242
-1.064128,51,67.015674
-1.153035,51,67.247133
-1.11434,51,67.267589
-1.007017,52,67.288148
-1.136928,51,67.309256
-1.123689,51,67.330369
-1.068443,51,67.350743
-1.113316,51,67.371912
-0.95872,51,67.393456
-1.038573,52,67.41569
-1.062368,52,67.436693
-1.200632,51,67.45946
-1.063092,50,67.47953
-1.137246,51,67.500881
-1.012997,52,67.525774
-1.016896,51,67.547131
-1.079824,51,67.567354
-1.001302,50,67.588416
-0.99756,51,67.608589
-1.10897,51,67.62931
-1.010883,51,67.650004
-1.033755,51,67.670404
-0.961576,51,67.690874
-1.027792,52,67.712047
-1.032941,50,67.731875
-1.058701,51,67.752208
-1.005615,51,67.773377
-1.109091,51,67.793411
-1.023333,50,67.814059
-1.058466,51,67.839776
-1.11302,51,67.862587
-1.153077,51,67.883782
-0.951557,51,67.904874
-1.146645,51,67.925954
-1.063133,52,67.945984
-1.064457,51,67.966421
-0.979701,50,67.98655
-1.045697,51,68.006775
-1.126695,51,68.027259
-1.125564,51,68.047066
-1.169391,51,68.067186
-1.04384,51,68.280376
-1.013253,51,68.301133
-1.013177,51,68.325794
-1.112565,50,68.348692
-1.055035,51,68.375788
-1.106666,51,68.400139
-1.125657,51,68.423185
-1.025034,51,68.44591
-1.016854,51,68.468503
-1.066323,51,68.490763
-1.004461,51,68.510654
-1.006698,50,68.531345
-1.25741,51,68.552136
-1.019401,50,68.572962
-0.995459,51,68.593758
-1.133376,50,68.614442
-1.075621,51,68.634248
-1.014686,51,68.655701
-1.150595,51,68.676407
-1.240802,51,68.695784
-1.024819,51,68.716286
-1.177671,51,68.73767
-0.901769,52,68.761091
-0.971487,51,68.782512
-1.118602,51,68.804541
-1.048828,51,68.826452
-1.051682,51,68.845792
-1.028923,51,68.872314
-1.057733,51,68.893596
-0.923937,51,68.919955
-1.043169,51,68.952666
-1.014564,51,68.975802
-1.061733,51,68.996441
-1.13406,51,69.017396
-1.121244,52,69.039486
-1.000905,50,69.06001
-0.914236,50,69.080369
-1.060458,51,69.101222
-1.069225,51,69.12267
-0.988343,51,69.143223
-0.972064,50,69.376631
-1.014173,51,69.398104
-1.057337,51,69.419397
-0.988986,51,69.44101
-1.089393,50,69.462651
-1.197187,51,69.485606
-0.982817,51,69.509712
-1.066126,52,69.532879
-1.082311,51,69.556404
-0.963008,50,69.577256
-1.148055,51,69.598464
-1.103974,51,69.619848
-1.082471,50,69.641654
-1.03986,52,69.662363
-1.201627,50,69.684885
-0.928056,51,69.707515
-1.323231,51,69.727577
-1.122317,51,69.748475
-1.006445,50,69.768381
-1.371018,51,69.795986
-1.054709,50,69.827452
-1.144094,51,69.852206
-1.154798,51,69.875283
-1.058823,50,69.895492
-1.033498,51,69.916195
-1.080241,50,69.936658
-1.168197,51,69.958067
-1.042078,51,69.978723
-1.089878,50,69.998162
-0.99612,51,70.018812
-1.115823,52,70.039292
-1.139715,51,70.060103
-1.051837,50,70.080598
-0.948911,51,70.100333
-1.112016,51,70.121174
-1.128356,51,70.141518
-1.023654,52,70.162938
-0.993542,51,70.182681
-1.05796,51,70.202763
-0.957115,51,70.223228
-1.126758,51,70.243288
-0.989995,51,70.497722
-0.884293,50,70.519464
-1.13765,51,70.545072
-1.071023,51,70.573798
-0.981522,51,70.597024
-0.993687,51,70.62527
-1.022669,51,70.650533
-0.923317,51,70.677372
-1.120237,51,70.699128
-1.08207,51,70.720191
-1.010355,51,70.74095
-0.95581,50,70.761231
-1.090395,50,70.780946
-1.117816,52,70.802627
-0.957558,50,70.824466
-1.201335,51,70.844453
-0.925242,52,70.865274
-0.931264,50,70.885049
-0.931261,51,70.905812
-1.013429,51,70.92656
-1.007559,51,70.945939
-0.966,51,70.966793
-0.818389,51,70.987494
-1.154631,51,71.007249
-1.360507,51,71.028202
-1.082498,51,71.049309
-1.029469,51,71.070009
-0.86752,51,71.090098
-0.994667,51,71.111009
-1.080668,51,71.132003
-1.184627,51,71.151536
-0.973487,51,71.172287
-1.005051,51,71.193514
-1.158705,51,71.213176
-1.196818,52,71.233897
-1.031808,51,71.254509
-1.062929,52,71.276311
-0.931339,50,71.296129
-0.899041,52,71.315763
-1.113937,51,71.336435
-1.33151,51,71.551435
-0.998618,51,71.573277
-1.043135,51,71.592878
-1.001162,52,71.61386
-1.032236,52,71.635009
-1.220774,51,71.655213
-1.103858,51,71.675683
-1.18608,51,71.695758
-1.024901,51,71.716782
-1.057288,51,71.739256
-1.147184,51,71.759077
-1.122676,51,71.780147
-0.986307,51,71.801084
-0.979021,51,71.822018
-1.296319,52,71.843488
-1.025417,51,71.864726
-1.020662,51,71.88466
-0.929462,51,71.906345
-1.088254,51,71.926937
-1.026536,51,71.94774
-1.08731,51,71.967023
-1.022865,51,71.989772
-1.043357,52,72.01266
-1.081583,51,72.036412
-1.03012,51,72.059361
-1.081983,51,72.08397
-0.949714,51,72.108613
-0.966044,51,72.129553
-1.01172,51,72.153073
-1.214678,51,72.178486
-1.186573,51,72.202484
-1.075674,51,72.228651
-1.234341,51,72.257973
-0.888076,52,72.283201
-1.006874,51,72.310172
-1.118626,51,72.336366
-0.975494,52,72.364269
-1.122108,51,72.390018
-1.025031,51,72.413345
-1.126379,51,72.440559
-1.332649,51,72.694449
-0.992725,51,72.714818
-1.088584,51,72.735421
-1.282449,51,72.755685
-1.035439,51,72.776633
-0.891416,51,72.797503
-1.136953,50,72.816809
-1.113972,51,72.839229
-1.136138,51,72.860092
-1.188013,51,72.880417
-1.153536,51,72.95109
-0.874422,51,72.99252
-1.095291,51,73.019479
-1.018357,51,73.044569
-1.018422,52,73.066206
-1.033802,51,73.087937
-1.055341,52,73.110501
-0.951697,51,73.132112
-1.035843,51,73.15474
-0.989088,51,73.177254
-1.05701,51,73.199038
-1.054382,52,73.222331
-1.05734,51,73.243183
-1.144796,52,73.266443
-1.049629,51,73.290116
-1.074259,51,73.310843
-0.864769,52,73.33202
-1.025453,51,73.35285
-1.118444,51,73.37466
-0.901847,51,73.395513
-1.043859,51,73.415273
-1.085864,51,73.436058
-0.945563,52,73.45819
-0.962545,50,73.477708
-1.17798,51,73.498004
-0.872686,50,73.518199
-0.97343,50,73.539668
-1.053176,51,73.559723
-0.975153,51,73.580453
-1.123406,51,73.601154
-1.085533,51,73.81572
-0.926263,50,73.835706
-0.915757,52,73.85765
-1.153632,51,73.877654
-1.065547,50,73.898218
-1.056779,51,73.91867
-1.110207,51,73.938229
-0.872734,51,73.959333
-1.065865,51,73.980457
-0.954816,51,74.001301
-1.205636,51,74.023361
-0.866137,52,74.046291
-1.183932,51,74.067483
-1.053031,51,74.089812
-1.087096,52,74.109837
-0.932087,51,74.131391
-1.212669,51,74.152754
-1.141375,51,74.175283
-0.871506,51,74.195966
-0.99255,51,74.216974
-1.019656,51,74.236619
-1.116032,51,74.258772
-0.972976,50,74.279704
-1.078222,51,74.300542
-0.98678,51,74.32149
-0.895354,51,74.342526
-1.101267,51,74.363152
-1.053251,51,74.382943
-0.985699,51,74.404612
-1.131131,51,74.425588
-0.9405,51,74.445992
-0.901955,51,74.465823
-1.107145,51,74.486577
-0.855483,51,74.508334
-1.280336,51,74.52851
-1.037499,51,74.548493
-0.989734,51,74.569346
-1.004258,51,74.590979
-0.954076,51,74.611566
-1.11093,50,74.631308
-0.800438,52,74.850912
-0.905498,50,74.874438
-0.857046,50,74.895529
-0.986062,52,74.915468
-0.767822,51,74.936106
-1.036162,51,74.957209
-0.936827,52,74.978297
-0.969982,51,74.999801
-0.978819,51,75.0222
-0.941999,51,75.04463
-0.861822,51,75.065563
-1.073589,51,75.087459
-0.825508,52,75.110094
-0.951904,51,75.131761
-0.965726,51,75.157018
-1.042302,51,75.179111
-0.762002,51,75.200256
-0.99677,51,75.219637
-0.776614,51,75.241025
-0.99359,52,75.262236
-1.113211,51,75.283074
-0.98265,51,75.30584
-1.097612,51,75.327895
-0.927977,51,75.349639
-0.930028,52,75.371974
-1.097599,51,75.394924
-0.967279,51,75.416829
-1.048673,51,75.438845
-1.028675,51,75.459861
-0.892241,51,75.480541
-1.035073,51,75.501379
-1.072153,51,75.523417
-1.124172,51,75.544184
-0.991242,51,75.565011
-0.957415,52,75.586202
-0.869959,52,75.608198
-0.779569,51,75.62815
-1.077493,51,75.649513
-1.09818,51,75.671209
-1.045598,50,75.691793
-1.050767,52,75.916836
-1.089674,51,75.939606
-0.786041,51,75.960501
-1.100251,50,75.980857
-0.829077,51,76.001735
-1.071047,50,76.022945
-0.884592,52,76.043142
-0.825459,50,76.064121
-1.025776,50,76.084501
-0.846799,51,76.107097
-1.04036,51,76.128385
-0.947729,51,76.149407
-0.723509,51,76.171082
-0.947379,50,76.191184
-0.834963,50,76.212568
-0.951696,51,76.23378
-1.009943,51,76.255311
-1.084231,51,76.275898
-1.059055,51,76.29724
-1.137394,51,76.318354
-0.99599,52,76.340046
-0.997196,51,76.36037
-1.164386,51,76.381402
-0.816118,51,76.400928
-1.038576,51,76.422873
-0.765538,51,76.443614
-0.835597,51,76.463882
-1.192561,51,76.483176
-1.069976,51,76.504176
-1.023016,51,76.526055
-1.018121,52,76.546852
-1.104965,51,76.567515
-1.022165,51,76.588563
-0.99943,52,76.61031
-0.968517,52,76.631977
-0.901756,51,76.652387
-1.072183,51,76.672856
-1.121183,51,76.693782
-1.281279,51,76.714338
-1.109502,51,76.734744
-1.144447,51,76.96003
-0.98032,51,76.980997
-0.821797,51,77.002262
-1.037558,51,77.02445
-1.189143,51,77.046241
-0.755671,50,77.067855
-0.804328,50,77.093245
-0.954257,51,77.118396
-0.936442,50,77.148166
-1.102748,51,77.174097
-0.869227,52,77.20031
-0.939203,51,77.22703
-1.013452,51,77.255769
-0.945488,52,77.283081
-0.812279,52,77.307648
-1.062046,51,77.329254
-1.037946,51,77.350146
-0.930786,51,77.373773
-0.815605,51,77.395412
-0.815426,50,77.416638
-0.884183,51,77.443084
-0.728201,50,77.467526
-0.818188,51,77.494064
-1.029154,51,77.518646
-0.914867,51,77.545552
-1.306121,51,77.573748
-1.035899,51,77.596679
-0.827349,51,77.618855
-1.049748,51,77.640587
-1.086237,52,77.661763
-0.818853,51,77.682602
-1.018907,51,77.70346
-0.957686,51,77.724489
-0.833298,51,77.746568
-0.825692,52,77.770563
-1.086772,51,77.795103
-1.054425,50,77.817633
-0.782713,51,77.838351
-0.871603,50,77.858779
-0.973021,51,77.879734
-0.866562,50,78.095613
-0.783123,51,78.116532
-0.910116,52,78.138844
-0.879098,51,78.159842
-0.868333,50,78.180581
-0.698923,50,78.200021
-0.859413,52,78.222191
-0.882926,51,78.243207
-1.05189,51,78.264314
-0.779619,52,78.285637
-1.084751,51,78.307674
-0.942746,51,78.32918
-0.824072,51,78.349341
-1.038022,51,78.371105
-1.05536,52,78.392701
-0.890208,50,78.413928
-0.881416,51,78.434223
-1.212797,51,78.454004
-0.720558,51,78.475124
-0.944179,51,78.496238
-0.955162,51,78.517167
-0.854028,51,78.536848
-0.800207,51,78.558413
-1.025168,51,78.578956
-1.166546,51,78.599476
-0.738077,51,78.621145
-0.979397,51,78.641523
-0.840453,50,78.662374
-1.1314,51,78.683236
-0.825616,51,78.703063
-1.013561,50,78.724664
-0.85591,51,78.745458
-0.768758,51,78.765223
-1.132963,51,78.786349
-0.77973,51,78.807727
-0.785432,52,78.828442
-1.033216,51,78.848406
-0.735792,51,78.869221
-0.804894,51,78.891412
-0.757828,51,78.912104
-0.901649,51,78.933074
-0.871493,51,79.149717
-0.893844,50,79.170021
-0.867468,51,79.192176
-1.05992,51,79.212743
-1.14309,51,79.232532
-0.957402,51,79.252893
-0.93531,51,79.274191
-1.005048,52,79.294421
-0.733082,51,79.315639
-0.858828,51,79.338456
-1.060796,52,79.360143
-1.079745,51,79.379785
-0.849546,51,79.400239
-1.03122,51,79.422049
-0.669417,51,79.443287
-1.083611,52,79.463541
-1.048458,51,79.501554
-0.928707,51,79.530937
-0.950911,51,79.552392
-0.763888,52,79.574645
-0.80139,51,79.595835
-0.790617,51,79.616431
-0.931994,51,79.636528
-0.969021,52,79.659258
-0.942359,51,79.67938
-0.820362,52,79.700718
-0.899879,51,79.721146
-0.917659,51,79.742106
-0.843766,50,79.762267
-0.86857,51,79.782097
-0.748889,50,79.802123
-0.769222,51,79.823574
-0.944234,52,79.843826
-1.022377,51,79.864533
-1.108347,51,79.884937
-0.85251,51,79.905391
-0.952616,51,79.926414
-0.777032,52,79.945836
-0.889952,51,79.966459
-0.801233,51,79.986536
-0.735175,51,80.199322
-0.807653,50,80.218382
-0.806076,52,80.240406
-0.883019,51,80.261371
-1.046935,51,80.281139
-0.824535,51,80.30206
-0.858747,50,80.322779
-0.790556,51,80.34334
-1.081754,51,80.364151
-0.779825,51,80.384316
-0.961498,51,80.405761
-1.017348,51,80.427059
-0.696076,51,80.446839
-1.058891,51,80.467152
-0.866196,51,80.488061
-0.929923,51,80.50922
-0.918745,51,80.528886
-0.999324,50,80.549144
-0.861178,51,80.56921
-0.755701,52,80.591303
-0.862769,51,80.610912
-0.872429,51,80.632145
-0.915342,51,80.652401
-0.896321,51,80.673449
-0.775875,51,80.69285
-0.866086,52,80.713994
-0.677403,51,80.734493
-0.857242,52,80.754933
-0.84502,51,80.775881
-0.8881,51,80.795851
-1.118615,51,80.816301
-1.098435,52,80.836252
-0.734515,51,80.857583
-0.925263,51,80.877782
-0.982919,51,80.898568
-0.827302,51,80.918188
-0.780815,51,80.939259
-0.834316,51,80.95916
-0.737709,51,80.980144
-0.817995,51,81.000005
-0.945333,52,81.212609
-0.900579,51,81.233351
-0.907704,50,81.252514
-0.814242,52,81.274317
-0.83269,52,81.294956
-0.946172,50,81.315551
-0.919585,51,81.335137
-0.821353,51,81.356451
-0.804618,50,81.377064
-0.774622,50,81.397416
-0.773104,52,81.418589
-0.952475,51,81.439617
-0.77221,51,81.460932
-0.808642,51,81.481234
-0.720042,52,81.502794
-0.729793,50,81.524021
-0.809406,51,81.544522
-0.734988,51,81.564412
-0.729039,51,81.58485
-1.028228,51,81.605079
-1.037524,51,81.625679
-1.03544,51,81.645121
-0.809193,52,81.666356
-1.075329,51,81.685923
-0.925857,51,81.70805
-0.823616,51,81.727381
-0.806719,51,81.748081
-0.7771,51,81.767958
-0.770859,50,81.788297
-0.902633,52,81.80871
-0.834015,50,81.828768
-0.862429,51,81.848584
-0.838843,52,81.869511
-0.765917,50,81.889551
-0.660499,50,81.909734
-0.8185,51,81.929704
-0.829431,51,81.949756
-1.0366,51,81.969836
-0.766515,50,81.99027
-0.748659,51,82.011043
-0.784341,51,82.22477
-0.761595,50,82.244446
-0.776658,51,82.264983
-0.708542,51,82.284824
-0.749525,50,82.305777
-0.697409,50,82.326658
-0.823562,51,82.347027
-0.964803,50,82.366923
-0.821963,51,82.38647
-0.909111,51,82.409183
-0.892541,50,82.428675
-0.807996,51,82.449617
-0.819402,51,82.470099
-0.85278,51,82.491902
-0.749737,50,82.511434
-0.907125,52,82.532814
-0.723637,51,82.553376
-0.902465,51,82.574955
-0.800412,51,82.595077
-0.923388,51,82.614854
-0.886603,51,82.634671
-0.958934,51,82.65593
-0.726275,51,82.678056
-0.739144,51,82.707343
-0.754043,51,82.734748
-0.815082,50,82.762775
-0.784071,50,82.786092
-0.740434,50,82.808493
-0.826273,51,82.829178
-0.865976,51,82.849603
-0.701114,50,82.869367
-0.65708,50,82.890398
-0.706266,51,82.910089
-0.879044,51,82.929704
-0.797124,52,82.95071
-0.744248,50,82.970688
-1.044204,51,82.991738
-0.926355,51,83.012653
-0.840793,51,83.032569
-0.771402,51,83.052193
-0.863316,51,83.265162
-0.782664,51,83.285444
-0.794796,51,83.306879
-0.904367,51,83.326692
-0.81492,50,83.347032
-0.851639,51,83.371744
-0.854486,51,83.392121
-0.773662,51,83.412499
-0.758874,52,83.434846
-0.97259,51,83.45714
-0.971654,51,83.477765
-0.883186,51,83.498248
-0.77132,51,83.518632
-0.751369,51,83.539727
-0.806877,51,83.561174
-0.757795,51,83.581917
-0.725589,51,83.601943
-0.838243,51,83.62338
-0.796441,52,83.644371
-0.882796,51,83.663867
-0.921608,51,83.684425
-0.821069,51,83.705503
-0.797491,52,83.725649
-0.799746,51,83.746665
-0.768165,51,83.767426
-0.828994,51,83.788814
-0.711026,51,83.808451
-0.796769,51,83.829488
-0.798489,51,83.850352
-0.772063,51,83.873083
-0.875269,52,83.895751
-0.802412,50,83.917807
-0.82218,50,83.939717
-0.823318,52,83.960608
-0.759886,51,83.980342
-0.707421,50,84.000943
-0.87519,51,84.022191
-0.737233,50,84.041428
-0.835597,51,84.062138
-0.887253,51,84.082077
-0.830859,51,84.298275
-0.891103,51,84.319757
-0.873504,51,84.341093
-0.80248,51,84.360695
-0.775569,50,84.380528
-0.820214,51,84.400965
-0.774102,51,84.421885
-0.914006,51,84.442543
-0.723997,51,84.46262
-0.829286,52,84.483473
-0.760056,51,84.505153
-0.849791,50,84.525311
-0.746784,50,84.54579
-0.679818,51,84.566408
-0.841811,51,84.588735
-0.767216,51,84.608521
-0.798118,51,84.629059
-0.804308,51,84.649191
-0.756691,50,84.668409
-0.705657,50,84.689254
-1.01196,51,84.710198
-0.698564,51,84.729953
-0.894462,52,84.750289
-0.785231,51,84.770529
-0.796029,51,84.791972
-0.841613,52,84.812392
-0.786729,51,84.833907
-0.839985,51,84.854135
-0.927835,51,84.874896
-0.738787,50,84.895321
-0.702725,51,84.916251
-0.793052,51,84.936059
-0.860849,51,84.957656
-0.700541,51,84.977167
-0.785324,52,84.998066
-0.910832,51,85.01777
-0.773027,51,85.037919
-0.828022,51,85.058504
-0.748028,51,85.079008
-0.805605,50,85.098504
-0.841541,51,85.118304
-0.763037,51,85.335566
-0.881624,51,85.363707
-0.778706,51,85.386068
-0.724593,51,85.409589
-0.871327,51,85.432474
-0.813133,51,85.455534
-0.858129,51,85.475677
-0.756243,51,85.585136
-0.910449,51,85.620674
-0.767561,51,85.643747
-0.851917,50,85.664783
-0.806008,51,85.685437
-0.953358,51,85.711961
-0.794938,50,85.741209
-0.764917,51,85.769495
-0.94112,51,85.799431
-0.846586,50,85.826305
-0.810932,51,85.852033
-0.754978,50,85.87898
-0.711064,51,85.905457
-0.767977,52,85.930207
-0.874076,51,85.957563
-0.70089,50,85.980397
-0.859264,51,86.004394
-0.847096,50,86.026104
-0.76069,50,86.047636
-0.9754,51,86.067592
-0.700302,51,86.08926
-0.779358,51,86.109966
-0.847499,51,86.129978
-0.971723,51,86.15033
-0.766256,51,86.172
-0.732924,50,86.191383
-0.870049,52,86.21242
-0.780605,52,86.233022
-1.12279,51,86.252154
-0.750999,51,86.273812
-0.772812,50,86.294055
-0.732719,51,86.314893
-0.7739,51,86.335818
-0.796823,50,86.549452
-0.818048,51,86.569369
-0.921342,51,86.591305
-0.84825,52,86.612138
-0.91194,51,86.632053
-0.854231,50,86.652513
-0.811091,51,86.672785
-0.702224,51,86.693507
-0.807989,50,86.71415
-0.705343,51,86.734664
-0.819935,51,86.756142
-0.866673,51,86.777042
-0.85115,51,86.798141
-0.817961,51,86.81801
-0.883593,51,86.839765
-0.731628,51,86.864305
-0.740695,52,86.889526
-0.814535,50,86.914874
-0.848117,51,86.939534
-0.765073,51,86.960917
-0.770873,51,86.983096
-0.798354,52,87.003466
-0.799713,51,87.02475
-0.992223,52,87.046474
-0.907692,50,87.06701
-0.880713,50,87.088705
-0.800623,51,87.11254
-0.85661,50,87.140013
-0.768829,51,87.165423
-0.85371,50,87.194054
-0.724167,51,87.223439
-0.726788,51,87.248358
-0.785874,51,87.274427
-0.921034,51,87.298566
-0.830683,50,87.323119
-0.743519,51,87.349156
-0.775657,50,87.377541
-0.831222,52,87.404389
-0.801308,51,87.428057
-0.739747,52,87.451543
-0.813024,52,87.674349
-0.801924,51,87.695049
-0.785839,51,87.715784
-0.890641,52,87.736198
-0.815127,51,87.758225
-0.732868,51,87.778088
-1.071195,51,87.79878
-0.75982,52,87.820321
-0.66026,52,87.840605
-0.809038,51,87.861152
-0.810202,51,87.882176
-0.822768,51,87.903018
-0.875264,51,87.925244
-0.9,52,87.945664
-0.652331,51,87.966139
-0.911594,51,87.987716
-0.792859,51,88.008598
-0.763993,51,88.029814
-0.717375,51,88.050914
-0.816341,51,88.071455
-0.883931,52,88.092792
-0.820709,52,88.113345
-0.692841,51,88.134559
-0.739006,51,88.15482
-0.773123,51,88.175721
-0.789111,50,88.19608
-0.997161,51,88.216081
-0.872791,51,88.251251
-0.807844,51,88.277041
-0.847715,51,88.308381
-0.731807,51,88.334006
-0.738443,50,88.366372
-0.756084,51,88.391528
-0.799448,51,88.413632
-0.800622,51,88.43337
-0.732418,50,88.456741
-0.800319,51,88.477419
-0.780516,51,88.499161
-0.9481,51,88.521054
-0.782613,51,88.542349
-0.771916,50,88.758155
-0.809427,51,88.777865
-0.655536,51,88.798674
-0.97496,51,88.819039
-0.830708,51,88.839933
-0.817091,51,88.860838
-0.74199,51,88.881016
-0.758018,51,88.90101
-0.891643,51,88.92255
-0.700032,52,88.944434
-0.824828,51,88.964042
-1.036097,51,88.985161
-0.890386,50,89.006922
-0.842677,51,89.027149
-0.784846,51,89.047697
-0.766368,51,89.068328
-0.80424,51,89.08903
-0.807906,50,89.109679
-0.702999,51,89.132479
-0.736032,51,89.175159
-0.784506,51,89.208379
-0.873567,51,89.276658
-1.006307,51,89.343327
-0.810694,52,89.408144
-0.82652,50,89.442295
-0.930988,51,89.507344
-0.898905,52,89.566143
-0.74195,50,89.610482
-0.797678,52,89.641961
-0.754611,50,89.666076
-0.918997,51,89.694629
-0.847266,52,89.719877
-0.967334,51,89.747183
-0.781063,50,89.771804
-0.811677,51,89.794568
-0.971475,51,89.816793
-0.82876,51,89.839942
-1.104989,51,89.862988
-0.820507,51,89.889315
-0.883535,51,89.913041
-0.810129,51,90.212172
-0.736806,50,90.235945
-0.673037,51,90.260636
-0.837868,51,90.285148
-0.874887,51,90.308732
-0.711469,51,90.333122
-0.860178,50,90.354385
-0.767864,51,90.376149
-0.999545,51,90.39698
-0.715265,51,90.417497
-0.902913,51,90.438785
-0.772286,50,90.459389
-0.732415,51,90.480186
-0.80845,50,90.502146
-0.753655,51,90.526763
-0.760053,51,90.548856
-0.868795,50,90.573423
-0.877439,51,90.598873
-0.771455,51,90.630743
-0.683203,50,90.656825
-0.785899,51,90.683647
-0.760749,51,90.707309
-0.732635,50,90.730259
-0.782188,51,90.757716
-0.659509,51,90.780036
-0.780978,51,90.809056
-0.765239,51,90.833638
-0.72776,51,90.85839
-0.734684,51,90.88395
-0.729538,51,90.908444
-0.767356,52,90.930987
-0.768519,51,90.954159
-0.877182,51,90.975765
-0.742343,51,90.996121
-0.802762,51,91.016579
-0.792888,51,91.037774
-1.01129,51,91.058962
-0.788092,51,91.081552
-0.817341,51,91.104687
-0.774101,52,91.128002
-0.757203,51,91.149492
-0.685664,51,91.375748
-0.72777,51,91.399464
-0.905378,51,91.423002
-0.806915,51,91.444615
-0.80024,51,91.472834
-0.942189,51,91.501531
-0.716112,50,91.641339
-0.779601,50,91.718098
-0.748558,51,91.752977
-0.926156,52,91.784171
-0.998248,51,91.825858
-0.82512,51,91.869685
-0.846246,51,91.896369
-0.700197,50,91.919024
-0.697387,50,91.944263
-0.756882,51,91.974163
-0.90667,51,92.00182
-0.710477,51,92.030513
-0.83879,51,92.055707
-0.858012,50,92.07761
-0.645899,51,92.10042
-0.695827,52,92.126834
-0.764596,51,92.151955
-0.866057,51,92.176481
-0.827597,51,92.204332
-0.764244,50,92.229806
-0.803298,51,92.257222
-0.801179,51,92.283077
-0.897844,51,92.308072
-0.769181,51,92.330953
-0.744348,52,92.354618
-0.844636,51,92.376237
-0.724362,50,92.397125
-0.729336,51,92.4175
-0.786321,51,92.439025
-0.928106,51,92.45981
-0.768628,51,92.480591
-0.80727,52,92.501871
-0.754016,51,92.523301
-0.8197,50,92.543441
-0.885533,51,92.785071
-0.960657,51,92.811787
-0.832223,51,92.834972
-0.756008,52,92.859283
-0.736484,51,92.88157
-0.730139,50,92.904122
-0.806557,51,92.925146
-0.752053,51,92.945894
-0.793454,51,92.96754
-0.71171,51,92.989978
-0.954547,51,93.01323
-0.679366,50,93.039422
-0.741436,52,93.066645
-0.898038,50,93.095719
-0.701334,50,93.126716
-0.782868,52,93.157133
-0.762993,52,93.184253
-0.895508,51,93.212412
-0.80963,52,93.240214
-0.800046,51,93.265536
-0.791556,51,93.292286
-0.688384,50,93.317876
-0.852762,52,93.343558
-0.704281,51,93.36499
-0.668307,51,93.388488
-0.779972,51,93.411269
-0.714885,51,93.434507
-0.838449,51,93.459065
-0.932125,51,93.483134
-0.836089,51,93.506587
-0.764634,51,93.529736
-0.800624,51,93.554572
-0.71725,51,93.577429
-0.790111,51,93.599457
-0.757697,52,93.62255
-0.695996,51,93.643393
-0.756456,52,93.663808
-0.751539,51,93.683963
-0.735879,51,93.706978
-0.775078,50,93.727785
-0.74782,51,93.944109
-0.787405,51,93.964699
-0.734391,51,93.985605
-0.744125,51,94.006899
-0.734526,51,94.027589
-0.789722,50,94.046815
-0.762567,51,94.06781
-0.825056,51,94.089196
-0.884815,50,94.109338
-0.734149,51,94.130166
-0.856359,51,94.151281
-0.867324,51,94.173755
-0.751896,51,94.19434
-0.797359,52,94.215792
-0.873845,51,94.236711
-1.084031,51,94.257982
-0.713872,51,94.278999
-0.79306,52,94.300738
-0.715335,51,94.323207
-0.724754,52,94.344596
-0.829562,51,94.365526
-0.78879,52,94.387229
-0.718543,52,94.412559
-0.937486,51,94.455147
-0.716251,51,94.50403
-0.770131,51,94.53981
-0.747517,51,94.561263
-0.870503,52,94.582781
-0.79052,51,94.604996
-0.711874,51,94.626244
-0.713322,51,94.647324
-0.78713,52,94.670474
-0.743855,51,94.696559
-0.761036,51,94.718118
-0.905317,51,94.740416
-0.819994,52,94.762203
-0.830355,52,94.783043
-0.84113,50,94.80377
-0.722949,51,94.824833
-0.761897,51,94.845808
-0.915489,50,95.178607
-0.770676,50,95.207665
-0.727788,50,95.234337
-0.744296,51,95.261705
-0.724742,50,95.287304
-0.668157,50,95.313387
-0.792354,52,95.341339
-0.666357,51,95.366467
-0.685133,50,95.392497
-0.691254,51,95.418478
-0.907227,52,95.449333
-0.886388,51,95.477354
-0.719369,52,95.506038
-0.75242,50,95.533857
-0.741558,51,95.562494
-0.864628,51,95.590887
-0.874383,51,95.617771
-0.71802,51,95.644324
-0.761326,50,95.669921
-0.770776,51,95.696234
-0.871365,51,95.722964
-0.826376,51,95.745122
-0.807182,51,95.767613
-0.682312,51,95.791328
-0.70229,51,95.815059
-0.714465,50,95.839993
-0.679603,51,95.86722
-0.805334,52,95.896711
-0.841747,51,95.950883
-0.770472,50,95.976904
-0.729349,51,96.000194
-0.86868,51,96.025332
-0.759243,51,96.047853
-0.739075,50,96.071652
-0.63868,51,96.094132
-0.751141,50,96.115879
-0.816279,51,96.139451
-0.823471,51,96.161253
-0.952006,51,96.183323
-0.88567,51,96.206777
-0.865542,51,96.516201
-0.777484,51,96.58356
-0.704325,52,96.632445
-0.830746,51,96.667427
-0.781664,50,96.728546
-0.774626,51,96.77458
-0.803135,52,96.806326
-0.814676,51,96.82866
-0.765567,51,96.85059
-0.883382,51,96.873475
-0.732701,52,96.896118
-0.745929,52,96.918484
-0.861014,51,96.943707
-0.73273,51,96.966103
-0.932396,51,96.989774
-0.778472,50,97.011146
-0.858068,51,97.032973
-0.786385,50,97.055844
-0.773905,51,97.079574
-0.757423,51,97.111511
-0.746451,50,97.135204
-1.093273,51,97.15828
-0.807607,50,97.181648
-0.818718,51,97.202893
-0.674692,50,97.224812
-0.810378,51,97.24585
-0.789669,51,97.266547
-0.882788,51,97.28903
-0.823243,51,97.310164
-0.861612,52,97.331211
-0.874498,51,97.353449
-0.78425,51,97.37649
-0.842883,51,97.396721
-0.834694,51,97.417502
-0.846089,52,97.4403
-0.805931,50,97.46072
-0.759227,50,97.481196
-0.780525,51,97.502052
-0.700438,51,97.523638
-0.792122,51,97.54461
-0.78791,50,97.564815
-0.763497,51,97.788094
-0.714641,50,97.808785
-0.762018,52,97.831654
-0.721888,51,97.854778
-0.833296,52,97.877947
-0.71166,51,97.898696
-0.826933,51,97.919541
-0.673195,51,97.941507
-0.679704,52,97.962977
-0.939295,52,97.984565
-0.678476,51,98.005672
-0.738187,51,98.027718
-0.753387,51,98.051282
-0.815535,51,98.073055
-0.723236,50,98.093882
-0.754386,51,98.115219
-0.817712,51,98.137629
-0.852003,51,98.158888
-0.818292,51,98.179513
-0.918963,51,98.201455
-0.710146,52,98.224867
-0.79879,51,98.248354
-0.779088,51,98.274016
-0.759777,51,98.299059
-0.825114,51,98.335184
-0.691134,51,98.3657
-0.767999,51,98.397645
-0.758333,51,98.428618
-0.856278,52,98.457114
-0.886133,51,98.484116
-0.792628,51,98.511961
-0.693851,52,98.53751
-0.786314,51,98.561102
-0.785859,52,98.582784
-0.744571,51,98.610856
-0.904453,51,98.652589
-0.678738,50,98.680789
-0.881512,51,98.719275
-0.819511,51,98.749841
-0.673653,51,98.775683
-0.698672,51,99.044881
-0.730149,50,99.067958
-0.781069,51,99.09223
-0.837462,51,99.115948
-0.758137,51,99.139718
-0.846179,50,99.164597
-0.799905,50,99.18903
-0.843487,51,99.21215
-0.799437,51,99.235731
-0.758799,51,99.25991
-0.803264,51,99.283053
-0.766877,51,99.306686
-0.810599,50,99.327716
-0.768164,51,99.349153
-0.751559,52,99.372902
-0.747434,51,99.396211
-0.784363,51,99.420291
-0.750606,50,99.442739
-0.724976,50,99.466006
-0.850537,51,99.49422
-0.783106,51,99.520798
-0.728129,51,99.548363
-0.779478,50,99.573164
-0.960318,51,99.598904
-0.913098,51,99.624692
-0.919568,52,99.652101
-0.853725,51,99.679555
-0.846423,51,99.708847
-0.80034,51,99.738573
-0.741525,51,99.761671
-0.801611,51,99.782462
-0.848525,51,99.805508
-0.808587,52,99.827476
-0.790445,50,99.848701
-0.786222,50,99.86904
-0.93334,51,99.891457
-0.988703,51,99.912445
-0.923409,51,99.933739
-0.942629,50,99.956203
-0.770096,51,99.978319
-0.746366,51,100.211034
-0.877871,51,100.233454
-0.884145,52,100.255299
-0.715855,51,100.277212
-0.688799,51,100.300151
-0.920513,51,100.326393
-0.778438,52,100.349196
-0.751856,50,100.369255
-0.91554,51,100.391079
-0.697893,50,100.412254
-0.781777,51,100.433346
-0.667428,51,100.454978
-0.794375,51,100.475833
-0.819765,51,100.496983
-0.899476,51,100.517814
-0.700831,50,100.542817
-0.785255,51,100.63385
-0.728174,50,100.713035
-0.701471,51,100.799003
-0.829157,50,100.866407
-0.798607,51,100.931336
-0.698228,50,100.95714
-0.757153,51,100.984248
-0.773351,51,101.024754
-0.737657,52,101.056813
-0.719149,51,101.085278
-0.976568,51,101.112925
-0.703566,50,101.140584
-0.818377,51,101.17509
-0.694665,51,101.201483
-0.770238,50,101.233835
-0.801385,51,101.261334
-0.829679,51,101.285926
-0.883605,51,101.311639
-0.969879,52,101.338727
-0.876241,51,101.36448
-0.721067,51,101.390246
-0.870348,51,101.415425
-0.845403,51,101.439648
-0.889835,50,101.46493
-0.727007,52,101.730103
-0.748159,51,101.753935
-1.040223,51,101.779437
-0.783271,52,101.80675
-0.903705,51,101.831431
-0.869312,51,101.859358
-0.844945,51,101.88892
-0.731848,51,101.916952
-0.794858,51,101.942937
-0.931213,51,101.969301
-0.729028,51,101.99531
-0.790349,51,102.018941
-0.891275,51,102.045354
-0.72711,51,102.06943
-0.832058,51,102.095394
-0.775293,51,102.12633
-0.706934,51,102.155582
-0.835735,51,102.180786
-0.894003,51,102.207399
-0.684768,51,102.241425
-0.945386,52,102.280749
-0.670884,51,102.31389
-0.831401,51,102.340407
-0.844912,51,102.367193
-0.816509,50,102.4004
-0.718033,51,102.427481
-0.938514,51,102.452615
-0.728447,51,102.479399
-0.78999,51,102.503158
-0.823729,51,102.530475
-0.886913,52,102.558132
-0.831596,51,102.589728
-0.796918,51,102.622659
-0.945979,51,102.654995
-0.76108,51,102.67951
-0.809468,51,102.703871
-0.623582,50,102.728279
-0.928799,51,102.758933
-0.892102,51,102.784915
-0.841331,51,102.813441
-0.841282,51,103.083004
-0.761396,51,103.110139
-0.868567,51,103.138201
-0.729344,51,103.16226
-0.758011,51,103.183092
-0.696783,52,103.204943
-0.731256,51,103.225684
-0.879453,51,103.245711
-0.720125,51,103.266339
-0.892151,51,103.288273
-0.784034,52,103.309938
-0.765502,51,103.331621
-0.896448,52,103.354873
-0.712707,51,103.375926
-0.680308,50,103.404698
-0.855704,51,103.433352
-0.712874,51,103.462849
-0.687034,50,103.492891
-0.790433,51,103.517119
-0.708358,51,103.540893
-0.750109,50,103.565649
-0.852772,51,103.591385
-0.721707,51,103.618767
-0.630868,51,103.645721
-0.719161,50,103.669694
-0.833416,51,103.692464
-0.88148,52,103.714641
-0.860816,51,103.738287
-0.763009,51,103.762086
-0.784531,51,103.785032
-0.880795,51,103.809953
-0.701412,51,103.832085
-0.746806,51,103.855595
-0.930031,51,103.878153
-0.808565,51,103.89978
-0.804162,50,103.924348
-0.726702,51,103.946524
-0.696426,51,103.968386
-0.815316,52,103.990416
-0.759444,52,104.011238
-0.723553,51,104.033216
-0.718695,51,104.254539
-0.736037,51,104.275046
-0.935424,51,104.295676
-0.824306,52,104.317064
-0.873164,50,104.340227
-0.739108,51,104.360923
-0.845188,51,104.381839
-0.773638,52,104.403824
-0.72574,52,104.426492
-0.814626,51,104.447349
-0.849057,51,104.468267
-0.824466,52,104.490767
-0.688308,50,104.512655
-0.74027,50,104.533027
-0.669753,51,104.555789
-0.88374,51,104.576852
-0.950245,52,104.598136
-0.756814,51,104.618738
-0.78867,51,104.640371
-0.704773,51,104.660695
-0.733088,51,104.682586
-0.842424,50,104.705118
-0.735679,51,104.726447
-1.005112,51,104.74852
-0.651234,51,104.771385
-0.727286,51,104.792856
-0.820635,51,104.815165
-0.73853,51,104.837696
-0.720214,50,104.859218
-0.764531,51,104.880909
-0.882286,51,104.904208
-0.820489,51,104.926266
-0.928853,51,104.950483
-0.64248,51,104.976208
-0.733018,51,104.999352
-0.824747,52,105.023394
-0.875344,52,105.046994
-0.711942,51,105.068503
-0.928188,51,105.090931
-0.806189,52,105.112319
-0.702152,51,105.337384
-0.709287,51,105.361553
-0.780747,51,105.385746
-0.763774,52,105.409458
-0.718867,51,105.432269
-0.672308,52,105.455038
-0.769956,52,105.476353
-0.773553,50,105.496946
-0.802914,51,105.517681
-0.752658,52,105.539784
-0.880345,51,105.563315
-0.897856,51,105.588289
-0.812473,51,105.611151
-0.720509,51,105.631918
-0.701833,50,105.652651
-0.753742,52,105.675362
-0.761296,50,105.696048
-0.780017,51,105.717324
-0.852543,52,105.739852
-0.715125,50,105.760177
-0.717656,51,105.781011
-0.771741,51,105.801782
-0.723944,51,105.822736
-0.751404,52,105.843717
-0.797123,51,105.864446
-0.755437,50,105.884682
-0.768727,51,105.906623
-0.792036,52,105.927756
-0.980822,51,105.948477
-0.952442,51,105.969218
-0.811737,51,105.991594
-0.836588,51,106.01234
-0.989588,51,106.033245
-0.81348,51,106.054692
-0.831313,51,106.075413
-0.81416,52,106.096478
-0.746282,52,106.1173
-0.876647,51,106.139201
-0.67289,50,106.159603
-0.76435,50,106.181069
-0.683559,51,106.401559
-0.768635,52,106.423651
-0.816596,52,106.444848
-0.825555,50,106.464998
-0.729188,51,106.485645
-0.751223,50,106.507297
-0.765348,51,106.527517
-0.775143,51,106.5483
-0.66873,51,106.568964
-0.66547,50,106.589981
-0.740129,51,106.610764
-0.745143,51,106.632578
-0.732365,51,106.655515
-0.724814,51,106.680036
-0.660923,52,106.706913
-0.687797,51,106.73175
-0.657774,50,106.758469
-0.72085,51,106.783861
-0.75863,50,106.808439
-0.749186,50,106.83201
-0.688521,50,106.85403
-0.769887,51,106.877905
-0.781587,51,106.90108
-0.740465,51,106.924184
-0.737536,51,106.945632
-0.754649,51,106.96842
-0.80644,51,106.992965
-0.670114,50,107.015973
-0.737069,52,107.040891
-0.726079,52,107.063446
-0.708945,51,107.084307
-0.688772,52,107.109129
-0.734552,51,107.130455
-0.728549,51,107.15254
-0.717503,51,107.175378
-0.697752,51,107.198822
-0.805096,50,107.22257
-0.75072,51,107.244184
-0.875524,51,107.266931
-1.044428,51,107.287833
-0.839175,51,107.531451
-0.760829,51,107.552246
-0.773803,52,107.573861
-0.79837,50,107.594322
-0.667479,51,107.614915
-0.89068,51,107.635794
-0.751853,52,107.658066
-0.838719,52,107.679082
-0.762207,52,107.700399
-0.7515,51,107.721648
-0.723916,52,107.743669
-0.976359,51,107.765014
-0.82128,51,107.785836
-0.776718,51,107.80761
-0.894593,51,107.829271
-0.730343,51,107.850205
-0.796446,51,107.872583
-0.825143,51,107.894002
-0.817807,52,107.915757
-0.874033,51,107.936974
-0.747779,51,107.958886
-0.697642,52,107.979759
-0.826273,52,108.000999
-0.76768,50,108.02239
-0.796148,51,108.043248
-0.744054,51,108.063857
-0.66391,51,108.084512
-0.646917,51,108.10621
-0.733493,51,108.126762
-0.785722,51,108.147543
-0.747399,51,108.168476
-0.94076,51,108.19032
-0.812458,51,108.210442
-0.840163,51,108.230935
-0.855311,51,108.251848
-0.721028,51,108.2733
-0.796245,51,108.294268
-0.935041,51,108.3151
-0.733261,51,108.335612
-0.748434,51,108.357092
-0.866488,51,108.576881
-0.82188,51,108.597922
-0.878318,51,108.618595
-0.842005,51,108.640038
-0.797037,51,108.660843
-0.713428,52,108.681723
-0.739039,51,108.702612
-0.64024,50,108.723825
-0.725699,51,108.744525
-0.824907,51,108.765319
-0.768633,51,108.786379
-0.920793,51,108.807408
-0.781764,51,108.828499
-0.845122,51,108.849784
-0.749552,51,108.872167
-0.636243,50,108.8928
-0.753519,52,108.914412
-0.779572,51,108.935599
-0.883316,51,108.957094
-0.801157,51,108.978294
-0.878595,50,108.998603
-0.834589,51,109.019639
-0.754814,51,109.040823
-0.742937,51,109.061446
-0.673987,50,109.081967
-0.727992,51,109.102575
-0.764063,52,109.124558
-0.784458,51,109.145769
-0.689356,51,109.166792
-0.75235,52,109.187923
-0.785707,51,109.2086
-0.80372,51,109.229655
-0.872295,51,109.250111
-0.805527,51,109.271916
-0.759301,51,109.292741
-0.744658,51,109.313026
-0.878991,51,109.333555
-0.828938,51,109.355445
-0.77241,50,109.375682
-0.91173,51,109.396149
-0.738469,51,109.627093
-0.870125,51,109.649128
-0.676609,50,109.67171
-0.717044,51,109.692771
-0.7054,51,109.716151
-0.730064,51,109.744855
-0.727229,51,109.770771
-0.938478,51,109.794798
-0.755831,51,109.817298
-0.806918,52,109.840083
-0.673767,51,109.861042
-0.662351,50,109.881764
-0.892363,51,109.903543
-0.857894,51,109.92517
-0.811815,50,109.946226
-0.698134,50,109.966987
-0.931918,51,109.989022
-0.873209,51,110.009904
-0.707847,51,110.030689
-0.639623,50,110.051282
-0.9781,51,110.073053
-0.670748,51,110.093832
-0.765015,51,110.115924
-0.763305,51,110.138803
-0.751966,51,110.159998
-0.737766,50,110.180697
-0.772383,51,110.201625
-0.758015,51,110.223577
-0.80836,51,110.244637
-0.824811,51,110.265311
-0.755807,51,110.287687
-0.735446,52,110.310461
-0.735777,51,110.331509
-0.814236,52,110.353099
-0.787874,51,110.37526
-0.745208,51,110.398312
-0.71811,51,110.421193
-0.713505,51,110.442339
-0.721817,51,110.462802
-0.751632,52,110.484204
-0.780244,50,110.71302
-0.662637,51,110.734291
-0.818875,51,110.764248
-0.663444,51,110.799312
-0.744897,51,110.834076
-0.686609,51,110.861875
-0.742361,51,110.889259
-0.762379,51,110.914373
-0.67432,51,110.940308
-0.722483,50,110.962012
-0.791399,51,110.984248
-0.743591,50,111.005941
-0.856317,51,111.030224
-0.743164,51,111.055575
-0.682766,52,111.07883
-0.764204,52,111.104945
-0.805823,52,111.129495
-0.692467,52,111.155607
-0.682369,51,111.180536
-0.71584,51,111.206229
-0.643774,50,111.233253
-0.655585,51,111.256399
-0.785025,51,111.279216
-0.783497,51,111.300865
-0.889059,52,111.324266
-0.678567,51,111.347168
-0.813302,51,111.371603
-0.860301,52,111.39763
-0.806539,50,111.420718
-0.632333,51,111.443346
-0.715885,51,111.465612
-0.720994,51,111.488646
-0.82611,52,111.512546
-0.658115,51,111.535572
-0.717432,51,111.559444
-0.709675,51,111.583052
-0.838495,51,111.605816
-0.777029,51,111.628339
-0.721798,52,111.650158
-0.725576,50,111.670884
-0.701092,51,111.886887
-0.834819,51,111.908412
-0.624951,50,111.928963
-0.841364,51,111.949919
-0.630167,51,111.971215
-0.727051,51,111.991595
-0.750011,51,112.011636
-0.743663,51,112.032535
-0.895588,51,112.054734
-0.672956,51,112.07554
-0.746566,51,112.096527
-0.866284,51,112.117558
-0.803518,51,112.139318
-0.863415,51,112.160561
-0.733934,51,112.181377
-0.889197,51,112.202348
-0.885556,51,112.224634
-0.741281,51,112.245694
-0.724807,51,112.266519
-0.847227,51,112.287904
-0.734601,50,112.308032
-0.77256,51,112.329122
-0.637231,50,112.349366
-0.708249,52,112.372063
-0.910872,52,112.393671
-0.723989,52,112.41495
-0.683249,51,112.435296
-0.704129,51,112.457193
-0.719876,51,112.477815
-0.749344,51,112.498815
-0.676899,52,112.522263
-0.757836,51,112.543087
-0.759512,52,112.564566
-0.736931,50,112.584758
-0.928251,51,112.606705
-0.750102,51,112.627555
-0.758389,51,112.648645
-0.744261,50,112.672732
-0.853027,51,112.695564
-0.721634,51,112.718139
-0.803515,50,112.742182
-0.711091,50,112.971759
-0.820962,51,112.995197
-0.686921,52,113.017133
-0.808165,51,113.041314
-0.770004,51,113.062823
-0.863735,51,113.084193
-0.736902,52,113.106214
-0.768442,51,113.127835
-0.824229,51,113.149712
-0.717849,52,113.171835
-0.744917,50,113.192444
-0.864854,51,113.214114
-0.747714,51,113.235499
-0.736091,51,113.257724
-0.734677,52,113.279311
-0.771957,51,113.300834
-0.762973,51,113.325187
-0.65794,51,113.346986
-0.742706,52,113.368628
-0.771332,51,113.389884
-0.749505,50,113.411441
-0.83565,51,113.432554
-0.7123,51,113.454012
-0.774265,51,113.475417
-0.744708,51,113.49568
-0.755638,51,113.516368
-0.806319,51,113.540643
-0.813393,51,113.565907
-0.83871,51,113.590813
-0.778998,51,113.615352
-0.841333,51,113.637413
-0.819418,51,113.658611
-0.633431,51,113.679445
-0.695382,52,113.700736
-0.710229,50,113.722048
-0.74533,51,113.742857
-0.830821,51,113.763529
-0.836325,51,113.784001
-0.768252,52,113.806188
-0.814137,51,113.826603
-0.829501,51,114.050973
-0.763162,51,114.07257
-0.663705,51,114.09291
-0.866607,51,114.11387
-0.803915,51,114.134469
-0.774051,51,114.155839
-0.830172,51,114.176107
-0.668043,51,114.197042
-0.714494,50,114.216897
-0.679222,51,114.238446
-0.694394,50,114.259078
-0.633601,51,114.279697
-0.788651,52,114.300327
-0.772989,51,114.322823
-0.700656,51,114.343354
-0.758964,50,114.36335
-0.782817,51,114.384521
-0.666862,51,114.406016
-0.906446,51,114.427247
-0.737669,52,114.448335
-0.759977,51,114.469884
-0.684817,51,114.491308
-0.74233,50,114.511655
-0.753069,50,114.531782
-0.886634,52,114.553415
-0.820897,51,114.574498
-0.668939,51,114.595383
-0.815487,51,114.616142
-0.741059,51,114.637935
-0.815616,52,114.659296
-0.772858,51,114.67993
-0.76516,52,114.701259
-0.654496,50,114.722106
-0.781148,51,114.743185
-0.817594,51,114.764265
-0.766733,51,114.784745
-0.7021,51,114.806334
-0.71645,50,114.827025
-0.8259,51,114.84773
-0.741239,50,114.868139
-0.716067,50,115.084371
-0.753123,51,115.104759
-0.69311,51,115.125584
-0.77529,51,115.145932
-0.733885,50,115.165303
-0.609421,51,115.186621
-0.725354,50,115.206632
-0.714228,51,115.227279
-0.661664,51,115.24769
-0.849402,51,115.267299
-0.862079,51,115.288522
-0.832838,51,115.309645
-0.773117,51,115.329061
-0.803049,51,115.350039
-0.802158,51,115.372048
-0.633857,51,115.392419
-0.88861,51,115.41328
-0.757995,51,115.433149
-0.861703,51,115.454979
-0.686448,51,115.475598
-0.762108,50,115.496067
-0.659365,51,115.516219
-0.710441,51,115.538769
-0.753792,52,115.559522
-0.772995,51,115.579874
-0.716652,51,115.600342
-0.689683,52,115.62177
-0.79053,52,115.641527
-0.752446,52,115.662411
-0.747763,50,115.688079
-0.732431,51,115.711187
-0.772287,51,115.734202
-0.845704,51,115.771085
-0.690865,51,115.798243
-0.777482,52,115.821485
-0.722549,51,115.842364
-0.778055,51,115.863071
-0.90983,51,115.884988
-0.838295,51,115.906671
-0.905429,51,115.928266
-0.720555,51,116.150846
-0.811036,51,116.172326
-0.679411,51,116.193461
-0.765676,50,116.213462
-0.820062,51,116.236623
-0.725941,51,116.259979
-0.713889,51,116.280845
-0.77325,51,116.301899
-0.7279,51,116.323616
-0.704772,51,116.344771
-0.796541,51,116.364797
-0.695296,50,116.387061
-0.940398,51,116.411809
-0.76458,50,116.433281
-0.710952,52,116.455793
-0.8278,51,116.476696
-0.728593,51,116.497606
-0.701044,50,116.518485
-0.662948,51,116.54006
-0.938872,51,116.561109
-0.711054,51,116.582657
-0.804036,51,116.604693
-0.75132,52,116.62572
-0.890213,51,116.646666
-0.787508,52,116.667948
-0.854756,51,116.689194
-0.758758,51,116.709923
-0.710078,51,116.731106
-0.869194,51,116.75112
-0.705785,51,116.775046
-0.747217,52,116.801796
-0.670777,51,116.825416
-0.754345,51,116.846072
-0.710373,51,116.866804
-0.766654,51,116.888268
-0.684548,50,116.908175
-0.715234,52,116.929036
-0.793585,51,116.949585
-0.829834,51,116.971192
-0.872751,51,116.992687
-0.9288,51,117.222082
-0.772019,50,117.242805
-0.690416,52,117.264197
-0.776368,52,117.285522
-0.661159,50,117.306865
-0.94221,51,117.32792
-0.964809,51,117.350495
-0.822896,51,117.373927
-0.702096,51,117.397879
-0.787176,51,117.42142
-0.645577,51,117.444316
-0.877821,51,117.475326
-0.823898,51,117.513161
-0.688627,51,117.537891
-0.765474,51,117.561119
-0.739388,51,117.583438
-0.888405,51,117.607626
-0.712908,52,117.629283
-0.857355,52,117.650636
-0.882493,52,117.673853
-0.831763,51,117.694572
-0.672732,50,117.720437
-1.000899,51,117.742756
-0.770364,51,117.764408
-0.906885,50,117.787809
-0.757767,51,117.81616
-0.690611,52,117.841657
-0.629863,51,117.8678
-0.776362,51,117.891122
-0.70205,51,117.911848
-0.773947,51,117.933676
-0.712417,51,117.963062
-0.761418,51,117.985362
-1.154389,51,118.009291
-0.648937,51,118.031005
-0.630915,51,118.05341
-0.782642,50,118.074419
-0.741097,51,118.096817
-0.926074,51,118.118239
-0.701486,50,118.139921
-0.76701,51,118.371169
-0.783985,51,118.398302
-0.935994,51,118.430286
-0.723576,51,118.466215
-0.774665,51,118.489955
-0.714035,52,118.511607
-0.874605,50,118.533007
-0.776603,51,118.554792
-0.74425,51,118.580811
-0.821969,51,118.604963
-0.830941,51,118.625296
-0.738158,52,118.646472
-0.743243,51,118.667133
-0.805544,51,118.689087
-0.702057,51,118.710405
-0.596441,50,118.732707
-0.893707,50,118.759183
-0.833964,51,118.781366
-0.786875,51,118.808725
-0.860853,51,118.831755
-0.733158,51,118.852676
-0.737841,51,118.874231
-0.701505,51,118.895578
-0.784485,51,118.921456
-0.632108,50,118.94322
-0.947889,51,118.964212
-0.727689,51,118.98869
-0.721536,52,119.016552
-0.648256,51,119.038371
-0.860566,52,119.059261
-0.812188,50,119.079793
-0.730867,50,119.100074
-0.660219,51,119.130939
-0.7308,51,119.165973
-0.680195,51,119.188081
-0.704735,51,119.209301
-0.830127,51,119.230894
-0.748834,51,119.290969
-0.728038,50,119.369077
-0.676249,51,119.393674
-0.81564,51,119.417247
-0.800976,51,119.89293
-0.833211,51,119.917969
-0.789236,51,119.942028
-0.751198,52,119.965665
-0.649514,51,119.989165
-0.720306,51,120.022249
-0.946722,51,120.044203
-0.684103,50,120.066094
-0.734228,51,120.090466
-0.763968,51,120.115549
-0.665702,51,120.137954
-0.729074,51,120.159201
-0.852065,51,120.180539
-0.75032,51,120.20187
-0.817797,51,120.22574
-0.665275,51,120.246661
-0.792964,50,120.279743
-0.689827,52,120.306746
-0.757357,51,120.330273
-0.909782,51,120.353775
-0.752243,51,120.375022
-0.809311,51,120.395663
-0.748544,50,120.41747
-0.829796,51,120.439113
-0.872993,52,120.460203
-0.720767,51,120.481405
-0.788947,51,120.504904
-0.652286,52,120.531999
-0.803247,51,120.565674
-0.821294,52,120.598086
-0.726688,51,120.622749
-0.680533,51,120.646132
-0.814954,51,120.675027
-0.696957,50,120.698594
-0.714375,52,120.72483
-0.724155,51,120.75204
-0.854424,51,120.777122
-0.789388,52,120.806829
-0.860774,51,120.830196
-0.71297,52,120.854054
-0.718465,51,121.107667
-0.767279,51,121.131033
-0.807114,51,121.151958
-0.901253,51,121.17376
-0.705689,51,121.194461
-0.902882,51,121.215354
-0.710851,51,121.236966
-0.778912,51,121.264343
-0.693963,51,121.292516
-0.825346,51,121.317487
-0.803382,51,121.341603
-0.677856,51,121.364766
-0.812179,51,121.389697
-0.744763,51,121.41379
-0.781303,52,121.438412
-0.743935,51,121.463237
-0.778756,51,121.490721
-0.770102,51,121.522817
-0.705712,51,121.551361
-0.852665,51,121.578201
-0.79492,51,121.602134
-0.689898,52,121.626431
-0.754988,52,121.649214
-0.757441,52,121.671556
-0.614195,51,121.692915
-0.712602,51,121.72644
-0.70003,51,121.752103
-0.862983,51,121.775387
-0.733746,51,121.796603
-0.767037,51,121.818099
-0.83797,51,121.839759
-0.791399,51,121.860356
-0.700579,51,121.881353
-0.664495,50,121.905106
-0.807487,51,121.935523
-0.771786,51,121.967468
-0.887117,51,121.992248
-0.814798,51,122.016622
-0.742581,51,122.041261
-0.693198,51,122.066379
-0.705126,51,122.296029
-0.694374,51,122.317806
-0.687553,51,122.341797
-0.723049,51,122.365913
-0.80557,50,122.390824
-0.651299,51,122.412397
-0.700614,51,122.433612
-0.874206,51,122.462696
-0.794347,51,122.483787
-0.757722,51,122.506578
-0.684121,51,122.528661
-0.710319,52,122.559219
-0.718451,51,122.589231
-0.901577,51,122.612276
-0.718178,51,122.63349
-0.683132,51,122.663291
-0.676281,51,122.687435
-0.713636,51,122.708968
-0.809691,51,122.731224
-0.864333,51,122.753066
-0.7104,51,122.774093
-0.701894,51,122.804771
-0.86574,51,122.834344
-0.746802,52,122.865717
-0.865431,51,122.888505
-0.727307,51,122.909575
-0.839657,51,122.939576
-0.659214,51,122.965771
-0.845416,51,122.991209
-0.683978,52,123.012703
-0.718177,51,123.036487
-0.785992,51,123.057951
-0.709772,51,123.078543
-0.949748,51,123.101507
-0.742404,51,123.125101
-0.714245,51,123.146374
-0.972535,51,123.16847
-0.777135,51,123.190763
-0.622981,51,123.212858
-0.690247,50,123.233331
-0.749744,50,123.460228
-0.90944,52,123.480913
-0.804642,51,123.501052
-0.81749,51,123.524202
-0.746519,51,123.54459
-0.656969,51,123.565673
-0.670923,51,123.587173
-0.822779,51,123.608487
-0.756307,51,123.629477
-0.757703,51,123.650187
-0.895353,51,123.674087
-0.791013,52,123.69568
-0.796369,51,123.716634
-0.917955,51,123.738686
-0.795091,51,123.76021
-0.786221,52,123.781488
-0.846999,51,123.802149
-0.63848,51,123.823445
-0.717329,51,123.844383
-0.712212,51,123.870315
-0.892651,51,123.895711
-0.72616,51,123.91667
-0.715367,51,123.938542
-0.672636,51,123.959223
-0.739867,52,123.979786
-0.796137,51,124.000462
-0.759396,52,124.02219
-0.816279,51,124.043033
-0.661442,51,124.063416
-0.743155,51,124.084302
-0.858138,51,124.105526
-0.741999,52,124.126527
-0.804234,52,124.147942
-0.772403,51,124.168017
-0.702642,51,124.189587
-0.799168,51,124.210512
-0.780292,52,124.231149
-0.707687,51,124.260594
-0.861566,51,124.289776
-0.793982,52,124.31813
-0.596116,51,124.55881
-0.748333,51,124.579871
-0.72687,51,124.600379
-0.787764,50,124.628821
-0.719958,50,124.648746
-0.903038,52,124.670258
-0.935619,51,124.690957
-0.770927,52,124.711804
-0.872847,51,124.73225
-0.696338,50,124.753342
-0.761282,51,124.774284
-0.803875,52,124.795624
-0.711021,51,124.816513
-0.787237,51,124.837705
-0.768522,50,124.857801
-0.790417,51,124.878841
-0.884141,51,124.899786
-0.69961,50,124.92084
-0.81622,51,124.942124
-0.846061,51,124.963191
-0.751893,51,124.984242
-0.726565,52,125.009845
-0.779237,51,125.041557
-0.69578,51,125.063164
-0.750076,51,125.084609
-0.74299,51,125.1124
-0.901977,51,125.134064
-0.831997,52,125.156753
-0.717464,51,125.182543
-0.872665,51,125.20395
-0.825198,51,125.225432
-0.753695,50,125.248324
-0.743068,51,125.275012
-0.801164,51,125.296665
-0.707333,51,125.317482
-0.872812,52,125.341685
-0.74391,51,125.365518
-0.739063,51,125.388603
-0.731564,50,125.409022
-0.736954,50,125.429757
-0.821406,51,125.65026
-0.760604,51,125.672528
-0.65832,50,125.693132
-0.682763,51,125.71422
-0.766784,50,125.734561
-0.689424,51,125.755918
-0.799796,51,125.776971
-0.76188,51,125.798026
-0.835815,51,125.818405
-0.858773,51,125.839611
-0.751244,52,125.861118
-0.895614,52,125.882924
-0.869084,51,125.904586
-0.654585,51,125.925753
-0.830644,51,125.94658
-0.735478,51,125.967879
-0.701417,51,125.989678
-0.862958,51,126.012773
-0.787797,52,126.038829
-0.636476,50,126.059186
-0.697921,51,126.079956
-0.727302,51,126.100492
-0.632644,50,126.122076
-0.695816,51,126.142828
-0.757293,51,126.163642
-0.781827,51,126.184304
-0.680726,51,126.207332
-0.725062,51,126.230298
-0.629522,51,126.259303
-0.712814,51,126.290271
-0.643844,50,126.317485
-0.720524,51,126.340309
-0.782559,51,126.361129
-0.767991,51,126.385304
-0.718219,51,126.407345
-0.654615,50,126.427888
-0.67252,51,126.448685
-0.778942,51,126.470927
-0.777503,51,126.494846
-0.727525,52,126.518349
-0.768215,52,126.739035
-0.789611,51,126.759984
-0.78795,51,126.780877
-0.723576,51,126.807271
-0.799791,52,126.82942
-0.765126,52,126.850586
-0.775113,51,126.876141
-0.733363,52,126.905771
-0.816728,51,126.929515
-0.819886,50,126.952704
-0.722701,50,126.974019
-0.824954,51,126.998399
-0.744544,51,127.021301
-0.725426,51,127.042626
-0.762532,51,127.063615
-0.727385,51,127.08502
-0.740207,51,127.108601
-0.733694,51,127.131246
-0.713923,51,127.157584
-0.801842,51,127.17977
-0.790935,51,127.202118
-0.763048,51,127.227895
-0.746189,51,127.249305
-0.754992,51,127.270756
-0.771856,51,127.294491
-0.65073,51,127.31621
-0.707389,51,127.33733
-0.67924,52,127.358373
-0.650031,51,127.379232
-0.851595,51,127.399903
-0.727842,51,127.42376
-0.712114,51,127.445342
-0.772588,51,127.466065
-0.780478,51,127.487026
-0.789869,51,127.508273
-0.73245,51,127.528779
-0.625866,51,127.549356
-0.787482,51,127.571108
-0.78192,51,127.597817
-0.757746,51,127.619809
-0.720866,51,127.837369
-0.718924,51,127.858411
-0.735204,52,127.879516
-0.630026,51,127.900399
-0.719197,52,127.921822
-0.686374,51,127.942708
-0.762975,51,127.963125
-0.820435,51,127.983727
-0.722584,51,128.005366
-0.817927,50,128.025919
-0.711344,51,128.045949
-0.780279,52,128.111977
-0.832875,51,128.13972
-0.652355,50,128.167208
-0.785101,50,128.191665
-0.792121,50,128.212885
-0.717199,50,128.238324
-0.666941,50,128.260037
-0.700305,51,128.280783
-0.707338,52,128.302291
-0.753887,51,128.325098
-0.799261,51,128.348217
-0.757027,51,128.370284
-0.69735,51,128.391026
-0.759157,52,128.412241
-0.735112,52,128.433895
-0.779778,52,128.456291
-0.696259,50,128.476459
-0.73553,51,128.498057
-0.826531,52,128.520307
-0.748802,51,128.543275
-0.676438,51,128.565518
-0.745147,51,128.585996
-0.702937,51,128.607322
-0.617747,51,128.627471
-0.663717,50,128.64735
-0.717403,51,128.669988
-0.677077,51,128.695657
-0.738658,51,128.721482
-0.711422,51,128.742416
-0.761383,50,128.762707
-0.671852,51,128.993758
-0.770669,51,129.015886
-0.681313,52,129.038515
-0.71203,51,129.061953
-0.656209,51,129.084103
-0.665599,51,129.105393
-0.625877,50,129.126486
-0.694049,51,129.149235
-0.748516,51,129.170934
-0.778332,51,129.191543
-0.692895,52,129.212512
-0.701005,51,129.233636
-0.726102,51,129.255058
-0.782658,51,129.276693
-0.851927,51,129.299641
-0.712556,51,129.321308
-0.937335,51,129.342238
-0.798245,51,129.363135
-0.675252,52,129.386299
-0.882464,51,129.407856
-0.806688,51,129.428745
-0.776041,52,129.450354
-0.734685,51,129.472177
-0.66345,51,129.493063
-0.706246,51,129.51445
-0.785277,51,129.534686
-0.778843,51,129.55598
-0.733112,52,129.577767
-0.865041,51,129.598758
-0.69966,51,129.622557
-0.8397,50,129.642638
-0.826236,51,129.663645
-0.701153,51,129.684459
-0.885839,51,129.705828
-0.77766,52,129.726797
-0.74563,50,129.747487
-0.786026,51,129.768262
-0.676917,52,129.789877
-0.72269,51,129.811617
-0.651572,51,129.832351
-0.702343,51,130.070805
-0.729936,50,130.092254
-0.817271,51,130.113033
-0.692037,51,130.13377
-0.671077,51,130.154957
-0.743704,50,130.179798
-0.789992,51,130.208923
-0.662367,51,130.241078
-0.712737,51,130.263885
-0.685489,50,130.28554
-0.744071,51,130.308939
-0.902089,51,130.331966
-0.721445,51,130.354381
-0.728542,51,130.376568
-0.71108,50,130.39792
-0.700788,51,130.420246
-0.680182,52,130.442304
-0.643058,50,130.463805
-0.795827,50,130.485105
-0.713142,51,130.510312
-0.723395,52,130.535184
-0.736732,51,130.557218
-0.715613,51,130.578291
-0.795365,51,130.598984
-0.897874,51,130.621567
-0.710182,51,130.642439
-0.729536,50,130.663166
-0.620536,51,130.683989
-0.79552,51,130.705184
-0.805231,51,130.725732
-0.985554,51,130.751641
-0.717728,51,130.774419
-0.786399,50,130.794452
-0.859178,51,130.816606
-0.668106,51,130.838348
-0.737558,51,130.859201
-0.97823,52,130.881699
-0.7887,50,130.903039
-0.66959,50,130.923799
-0.785404,51,130.944542
-0.715173,51,131.175967
-0.742989,51,131.199722
-0.769626,51,131.223929
-0.689392,51,131.24523
-0.892348,51,131.26559
-0.640137,51,131.287253
-0.741297,51,131.311346
-0.864356,51,131.331903
-0.767616,51,131.352074
-0.70021,51,131.377629
-0.793601,51,131.399509
-0.771524,51,131.421187
-0.767791,52,131.442841
-0.807698,51,131.467408
-0.602496,50,131.491041
-0.708599,50,131.517391
-0.659034,50,131.543205
-0.782325,51,131.565857
-0.85899,52,131.588668
-0.689444,51,131.610467
-0.762648,51,131.633415
-0.730068,51,131.655299
-0.773522,52,131.678287
-0.737869,51,131.699184
-0.709286,51,131.720642
-0.710559,50,131.740859
-0.691686,51,131.77336
-0.651058,50,131.796153
-0.755025,51,131.825129
-0.809211,51,131.85129
-0.725995,52,131.875059
-0.739152,51,131.8958
-0.709254,50,131.916446
-0.853352,51,131.937886
-0.855549,51,131.959012
-0.696683,50,131.9794
-0.687708,50,131.999788
-0.654863,51,132.022365
-0.784586,51,132.045018
-0.777983,52,132.066349
-0.726001,51,132.32152
-0.836797,51,132.346776
-0.683338,51,132.36897
-0.930973,51,132.3929
-0.770961,51,132.417688
-0.725358,51,132.440124
-0.687495,50,132.462182
-0.697344,50,132.483439
-0.790743,52,132.50608
-0.692707,50,132.527924
-0.612275,51,132.548427
-0.792407,51,132.56895
-0.81324,51,132.591456
-0.779215,51,132.613697
-0.745916,52,132.635359
-0.722341,50,132.659801
-0.71446,51,132.683289
-0.740432,51,132.70516
-0.859656,51,132.726229
-0.622513,50,132.749353
-0.675406,50,132.772517
-0.772919,50,132.793042
-0.730666,51,132.817642
-0.738522,51,132.841459
-0.711023,50,132.86446
-0.685761,51,132.890648
-0.700094,52,132.916679
-0.800444,51,132.943251
-0.794639,51,132.96819
-0.700976,51,132.994753
-0.722585,51,133.020535
-0.664454,52,133.048815
-0.736976,51,133.073361
-0.751074,51,133.099749
-0.738709,51,133.126651
-0.792888,52,133.15095
-0.603913,52,133.173719
-0.722454,52,133.194836
-0.699421,51,133.215478
-0.819377,51,133.236477
-0.710953,52,133.497484
-0.684757,51,133.522894
-0.659246,51,133.546014
-0.774893,51,133.567288
-0.732915,51,133.589736
-0.682053,51,133.612053
-0.684169,52,133.636689
-0.705634,50,133.661394
-0.634296,51,133.686543
-0.745261,51,133.710065
-0.807055,51,133.734816
-0.757036,51,133.759648
-0.63608,51,133.783107
-0.757416,51,133.80931
-0.733798,51,133.841383
-0.749012,51,133.866414
-0.704514,51,133.896318
-0.783513,52,133.928983
-0.693599,51,133.954613
-0.777563,51,133.980841
-0.901067,51,134.005646
-0.730129,50,134.027346
-0.706969,51,134.050064
-0.73404,51,134.075957
-0.736211,50,134.096655
-0.748791,51,134.119041
-0.639383,51,134.145546
-0.742167,51,134.166525
-0.769205,52,134.189672
-0.705088,51,134.210115
-0.64098,51,134.230271
-0.846245,51,134.250478
-0.669319,50,134.271882
-0.772237,52,134.29297
-0.721117,51,134.314112
-0.668799,51,134.335475
-0.767732,50,134.358685
-0.769263,51,134.37905
-0.801268,51,134.399256
-0.799224,51,134.420082
-0.693491,50,134.44149
-0.783824,51,134.66133
-0.750204,51,134.682226
-0.755611,51,134.703733
-0.697993,52,134.727689
-0.820469,52,134.748858
-0.631733,52,134.770904
-0.607064,51,134.791816
-0.684245,51,134.812351
-0.799677,51,134.834443
-0.893106,50,134.855521
-0.832583,52,134.876423
-0.801121,51,134.897155
-0.872514,51,134.917551
-0.638198,51,134.939786
-0.867089,52,134.960819
-0.834475,51,134.981716
-0.742132,51,135.002556
-0.778901,50,135.023679
-0.716348,51,135.044636
-0.686643,50,135.066621
-0.840078,51,135.101929
-0.785701,52,135.130534
-0.669718,51,135.151534
-0.699476,51,135.173484
-0.773018,51,135.198084
-0.750605,52,135.223501
-0.822248,51,135.244302
-0.810136,51,135.266116
-0.755508,51,135.287926
-0.664029,51,135.308935
-0.90806,50,135.330556
-0.775424,51,135.351279
-0.763521,52,135.373571
-0.870241,51,135.395971
-0.79719,51,135.416954
-0.743763,52,135.440304
-0.746945,51,135.460748
-0.800771,51,135.481445
-0.789921,52,135.50364
-0.77968,52,135.52603
-0.725817,50,135.747257
-0.802448,51,135.76809
-0.696454,50,135.789779
-0.905128,51,135.81051
-0.75917,51,135.831281
-0.716018,51,135.852425
-0.683448,50,135.873403
-0.720568,52,135.894205
-0.971377,51,135.914295
-0.655381,51,135.934232
-0.709822,50,135.955523
-0.726031,51,135.976453
-0.800943,50,135.99701
-0.693058,51,136.017219
-0.747128,52,136.039169
-0.740483,51,136.060318
-0.68788,52,136.082074
-0.905407,51,136.104076
-0.758405,50,136.124951
-0.650005,51,136.145801
-0.834295,51,136.166119
-0.802913,51,136.187841
-0.778804,51,136.21138
-0.777681,51,136.234043
-0.898811,51,136.256463
-0.761708,50,136.279774
-0.740776,51,136.301785
-0.742965,50,136.32446
-0.795644,51,136.346523
-0.661604,51,136.367103
-0.718047,50,136.387526
-0.699662,50,136.408024
-0.738718,51,136.428517
-0.771047,51,136.449082
-0.715297,51,136.469906
-0.704324,51,136.490664
-0.777527,51,136.513398
-0.78508,51,136.533865
-0.786007,51,136.555106
-0.925056,51,136.575358
-0.874873,51,136.809209
-0.759106,51,136.830224
-0.718704,51,136.851223
-0.721685,51,136.872366
-0.766141,50,136.89258
-0.75699,52,136.91334
-0.697784,51,136.933918
-0.809187,51,136.955673
-0.709596,50,136.975648
-0.726151,51,136.9967
-0.823997,52,137.01805
-0.743603,51,137.040659
-0.712024,52,137.061907
-0.845384,51,137.082572
-0.674441,51,137.104087
-0.749414,51,137.124665
-0.673887,52,137.146496
-0.67259,50,137.167452
-0.712791,51,137.192687
-0.808187,51,137.216269
-0.914449,51,137.238611
-0.82444,50,137.259231
-0.787093,51,137.280397
-0.687198,51,137.300846
-0.738105,51,137.322059
-0.751348,52,137.34357
-0.751045,51,137.364434
-0.679283,51,137.384986
-0.718796,51,137.409136
-0.819331,51,137.445275
-0.716592,51,137.46887
-0.720024,51,137.490185
-0.742806,51,137.511417
-0.866314,51,137.533321
-0.805038,51,137.55617
-0.724024,52,137.578542
-0.874205,51,137.600302
-0.816846,52,137.624082
-0.718618,51,137.646086
-0.713515,51,137.667546
-0.771158,52,137.897557
-0.683104,51,137.918449
-0.723525,51,137.940952
-0.60576,51,137.96162
-0.647015,50,137.982041
-0.707265,50,138.006003
-0.682176,50,138.02788
-0.879975,51,138.050491
-0.773763,52,138.076206
-0.637311,50,138.096851
-0.829359,51,138.117104
-0.855139,51,138.138092
-0.789272,51,138.160421
-0.742084,51,138.183572
-0.679538,51,138.205078
-0.78538,51,138.226
-0.742566,51,138.246605
-0.850004,51,138.273423
-0.603668,51,138.307874
-0.851919,51,138.334645
-0.71943,52,138.358197
-0.7845,51,138.379256
-0.690905,52,138.400345
-0.931444,51,138.423355
-0.793889,51,138.455138
-0.727633,51,138.477388
-0.690595,50,138.497925
-0.759276,51,138.518536
-0.739238,50,138.539736
-0.648415,50,138.560055
-0.629907,51,138.5806
-0.748636,51,138.60286
-0.753191,51,138.627865
-0.630564,50,138.650072
-0.702577,50,138.674021
-0.778871,51,138.698199
-0.907815,51,138.719149
-0.700194,50,138.741636
-0.813938,52,138.762983
-0.726172,51,138.785034
-0.917895,51,139.01116
-0.77616,52,139.034503
-0.736038,52,139.056342
-0.736337,51,139.078984
-0.743143,52,139.106745
-0.997004,51,139.132475
-0.90732,51,139.155562
-0.704022,52,139.177058
-0.750209,51,139.197781
-0.973717,51,139.218764
-0.748504,51,139.241337
-0.788907,51,139.261557
-0.882407,51,139.283047
-0.838616,51,139.313971
-0.67818,51,139.337713
-0.75469,50,139.360456
-0.621636,51,139.381841
-0.737409,51,139.404217
-0.646187,51,139.425674
-0.768956,51,139.446654
-0.64037,52,139.467784
-0.848605,51,139.493417
-0.776279,52,139.527277
-0.83609,51,139.549584
-0.66609,51,139.571552
-0.760082,51,139.592631
-0.717504,51,139.613287
-0.750638,51,139.633846
-0.6885,51,139.655642
-0.677271,51,139.676459
-0.720653,50,139.698453
-0.707584,51,139.72554
-0.651597,52,139.754568
-0.755904,51,139.77932
-0.720581,50,139.799784
-0.753325,51,139.821462
-0.805809,51,139.845948
-0.718676,51,139.867515
-0.791589,51,139.888885
-0.7995,51,139.909898
-0.789137,51,140.134536
-0.819815,51,140.157175
-0.973582,52,140.178142
-0.704796,51,140.198879
-0.730848,51,140.221643
-0.814435,51,140.242745
-0.800428,51,140.262771
-0.620002,50,140.283322
-0.656795,50,140.306302
-0.779472,51,140.329468
-0.739663,51,140.353928
-0.703703,51,140.375179
-0.718277,51,140.396144
-0.834478,51,140.417669
-0.715253,51,140.440021
-0.873927,51,140.46136
-0.76268,51,140.483341
-0.797337,52,140.505364
-0.74797,51,140.526454
-0.690299,51,140.548987
-0.635191,50,140.571763
-0.719601,51,140.593398
-0.845025,51,140.614121
-0.695118,51,140.635626
-0.712198,52,140.657408
-0.688958,52,140.679022
-0.810867,52,140.699899
-0.801897,51,140.720485
-0.715528,51,140.740995
-0.764543,50,140.76204
-0.664896,51,140.785901
-0.712851,51,140.806718
-0.767117,51,140.827772
-0.639855,52,140.849191
-0.708177,52,140.871212
-0.730968,51,140.896279
-0.75102,51,140.920724
-0.785294,52,140.946662
-0.708477,50,140.986872
-0.685184,50,141.016259
-0.794316,52,141.416368
-0.830398,51,141.448545
-0.752573,51,141.478856
-0.600344,50,141.505685
-0.761067,51,141.532633
-0.760253,51,141.561944
-0.806017,51,141.585646
-0.73069,50,141.611592
-0.806454,52,141.639708
-0.643479,51,141.665038
-0.941652,51,141.689136
-0.760914,51,141.715232
-0.779715,52,141.741848
-0.816764,51,141.765777
-0.820224,51,141.793607
-0.648974,51,141.818262
-0.677394,51,141.844178
-0.732035,51,141.872322
-0.720366,51,141.899188
-0.787077,50,141.929815
-0.690253,51,141.968494
-0.718894,51,141.998986
-0.902807,50,142.032668
-0.926775,50,142.061887
-0.808375,51,142.099843
-0.817375,52,142.130364
-0.873914,51,142.161089
-0.728199,51,142.192846
-0.649143,51,142.224784
-0.691725,51,142.259889
-0.779363,52,142.290576
-0.702313,51,142.319269
-0.713165,50,142.355845
-0.715663,51,142.393434
-0.667069,51,142.438001
-0.764137,51,142.475746
-0.750077,51,142.51098
-0.696442,51,142.537557
-0.732239,50,142.558568
-0.792623,51,142.580939
-0.79258,52,142.603881
-0.884862,51,142.851142
-0.6831,52,142.878064
-0.755788,51,142.89951
-0.845668,51,142.920687
-0.716064,51,142.941264
-0.836014,52,142.962238
-0.740634,52,142.983261
-0.747515,50,143.004542
-0.668554,51,143.025215
-0.708919,51,143.045671
-0.69954,51,143.066237
-0.832496,51,143.086996
-0.700938,51,143.107845
-0.696895,51,143.128444
-0.608831,51,143.149403
-0.688885,50,143.171048
-0.741832,51,143.237125
-0.724586,52,143.265383
-0.800999,51,143.29237
-0.746944,52,143.33059
-0.748882,50,143.355162
-0.702189,51,143.376501
-0.791698,51,143.397651
-0.754442,51,143.419362
-0.730695,52,143.442048
-0.802105,51,143.463204
-0.719791,52,143.484036
-0.700247,51,143.506138
-0.709907,51,143.527018
-0.864126,51,143.547486
-0.789662,51,143.567755
-0.704076,51,143.58923
-0.765524,52,143.610104
-0.840484,51,143.631185
-0.878483,51,143.651787
-0.64869,51,143.673308
-0.729481,51,143.694153
-0.722791,51,143.714774
-0.71089,51,143.735791
-0.696224,51,143.75671
-0.775675,51,143.990002
-0.666461,51,144.013668
-0.782852,51,144.036158
-0.720168,51,144.057523
-0.718397,52,144.078166
-0.69129,51,144.099304
-0.739971,50,144.120196
-0.741707,51,144.141198
-0.701369,51,144.162249
-0.772434,52,144.1836
-0.746293,51,144.206981
-0.644109,51,144.228268
-0.625666,50,144.249736
-0.777946,51,144.272358
-0.651221,51,144.293242
-0.75348,51,144.314627
-0.765807,51,144.335267
-0.733345,51,144.357415
-0.76973,51,144.378663
-0.786492,51,144.399716
-0.734045,51,144.422294
-0.73978,51,144.443024
-0.798241,51,144.464136
-0.841659,51,144.485604
-0.71042,52,144.507979
-0.69281,50,144.528578
-0.635083,51,144.5499
-0.725787,51,144.571893
-0.760248,50,144.591982
-0.802667,51,144.612416
-0.762366,51,144.633528
-0.786338,51,144.658861
-0.719148,52,144.6814
-0.770723,51,144.703903
-0.68814,51,144.72557
-0.797521,52,144.746918
-0.608327,50,144.767231
-0.692511,51,144.788863
-0.621896,51,144.809641
-0.707092,50,144.830037
-0.601613,50,145.049153
-0.783219,51,145.07075
-0.702163,51,145.092306
-0.703795,51,145.113588
-0.743202,51,145.134224
-0.612951,51,145.159391
-0.718616,51,145.181972
-0.676003,51,145.204883
-0.961917,51,145.225709
-0.763401,52,145.247189
-0.753502,51,145.267829
-1.001926,51,145.303027
-0.716173,51,145.346756
-0.744018,51,145.395038
-0.783947,51,145.424635
-0.887034,51,145.447267
-0.710884,50,145.469447
-0.83577,51,145.502494
-0.666607,51,145.528936
-0.682743,50,145.555384
-0.684293,52,145.57953
-0.875506,50,145.600868
-0.678395,51,145.642168
-0.655934,51,145.669441
-0.575886,51,145.692503
-0.799228,51,145.717479
-0.647028,50,145.743058
-0.789724,51,145.771876
-0.791664,51,145.795116
-0.726794,50,145.821342
-0.816111,52,145.865974
-0.745431,52,145.894008
-0.692481,51,145.917246
-0.777658,50,145.941259
-0.797087,51,145.965999
-0.738766,51,145.990064
-0.721531,51,146.024525
-0.670196,51,146.050207
-0.71572,51,146.074429
-0.906713,51,146.098969
-0.76837,51,146.346834
-0.818012,51,146.373379
-0.680434,51,146.400831
-0.91057,51,146.428453
-0.840908,51,146.452211
-0.748814,50,146.475045
-0.670627,51,146.497721
-0.692654,51,146.522311
-0.691337,51,146.547283
-0.803139,51,146.571393
-0.622041,52,146.594218
-0.724655,51,146.61642
-0.717819,50,146.638719
-0.680229,51,146.665545
-0.737394,51,146.688936
-0.719792,51,146.737141
-0.682944,51,146.763142
-0.687435,51,146.786731
-0.588257,51,146.808329
-0.646863,51,146.84415
-0.758647,51,146.866411
-0.781236,51,146.889435
-0.880769,52,146.912192
-0.849662,51,146.941696
-0.788802,51,146.972338
-0.731312,51,147.004951
-0.720688,51,147.030278
-0.848922,51,147.059589
-0.725101,51,147.084831
-0.904743,51,147.111498
-0.678091,52,147.137786
-0.788628,51,147.163163
-0.743859,51,147.193666
-0.812465,51,147.220439
-0.813118,51,147.245728
-0.668778,51,147.274365
-0.918671,51,147.299198
-0.852409,51,147.325515
-0.741372,51,147.357136
-0.744834,51,147.393021
-0.721062,51,147.681117
-0.67939,51,147.70665
-0.743491,51,147.729525
-0.885178,51,147.755284
-0.761096,51,147.782414
-0.676282,51,147.807375
-0.61252,52,147.832485
-0.665702,50,147.856673
-0.854594,52,147.88077
-0.914695,51,147.905104
-0.800149,51,147.927686
-0.656414,50,147.947884
-0.806541,51,147.96842
-0.668601,50,147.991781
-0.66252,51,148.01316
-0.747507,50,148.034238
-0.640589,52,148.0562
-0.759933,51,148.077413
-0.64226,51,148.098347
-0.651069,50,148.121037
-0.742059,52,148.143414
-0.698579,50,148.163967
-0.684347,52,148.18601
-0.821397,51,148.206998
-0.672139,50,148.227645
-0.704799,51,148.248438
-0.751861,51,148.269724
-0.664642,51,148.290828
-0.733638,52,148.312121
-0.691158,50,148.33408
-0.71735,51,148.361752
-0.705948,52,148.385936
-0.643329,52,148.407995
-0.643959,51,148.432254
-0.638582,50,148.466452
-0.841102,51,148.499793
-0.741812,52,148.533758
-0.710908,52,148.558911
-0.854066,51,148.581391
-0.890135,50,148.606697
-0.563499,51,148.833258
-0.759831,51,148.855465
-0.675352,51,148.87634
-0.740184,51,148.897328
-0.687454,51,148.917902
-0.821319,51,148.939799
-0.699348,50,148.960168
-0.789196,52,148.981206
-0.723326,51,149.003498
-0.912089,51,149.024509
-0.746051,51,149.045338
-0.846688,51,149.065926
-0.782727,52,149.087308
-0.666256,50,149.107744
-0.726155,51,149.128893
-0.651337,50,149.149299
-0.73695,51,149.171967
-0.783559,52,149.193449
-0.723268,51,149.216997
-0.73077,51,149.239758
-0.714396,51,149.263215
-0.657563,52,149.284888
-0.724755,51,149.307845
-0.709381,51,149.328842
-0.90585,51,149.349888
-0.699629,51,149.37231
-0.749598,51,149.393132
-0.638048,51,149.416645
-0.715418,51,149.439734
-0.774936,52,149.463015
-0.68778,51,149.483878
-0.709883,51,149.505358
-0.755826,51,149.526516
-0.682376,51,149.547285
-0.699872,50,149.568171
-0.767394,51,149.590005
-0.875383,51,149.610511
-0.869873,51,149.631182
-0.75948,50,149.652056
-0.75368,51,149.674634
-0.722405,51,149.69595
-0.687356,50,149.915041
-0.65651,50,149.934943
-0.702946,50,149.958052
-0.729377,51,149.981198
-0.895921,51,150.010504
-0.613203,51,150.041517
-0.869573,51,150.066093
-0.760484,51,150.089131
-0.789679,51,150.112029
-0.618466,52,150.137133
-0.813719,51,150.159983
-0.593408,51,150.184362
-0.604149,51,150.206798
-0.816857,51,150.228971
-0.693423,51,150.249933
-0.737594,51,150.336884
-0.792502,51,150.383789
-0.79714,51,150.419614
-0.744634,50,150.456596
-0.806904,51,150.538964
-0.751046,52,150.610175
-0.719569,51,150.684309
-0.621227,50,150.728417
-0.726534,52,150.804808
-0.731743,50,150.83218
-0.647381,51,150.876405
-0.652699,51,150.904124
-0.733308,51,150.944346
-0.760842,51,150.983806
-0.855558,51,151.02151
-0.612449,51,151.057179
-0.737931,51,151.089308
-0.749773,52,151.117368
-0.887892,51,151.149271
-0.78868,52,151.357622
-0.621265,51,151.395319
-0.77811,50,151.430062
-0.696719,50,151.470853
-0.785852,51,151.503852
-0.687003,51,151.545692
-0.701638,50,151.951357
-0.736558,51,152.003809
-0.729119,50,152.046937
-0.667964,50,152.089798
-0.72639,50,152.12987
-0.748931,51,152.173894
-0.704094,52,152.239419
-0.862135,51,152.289122
-0.662809,51,152.33786
-0.842003,51,152.36726
-0.599228,51,152.39708
-0.777405,52,152.429507
-0.858143,52,152.4717
-0.674514,51,152.509917
-0.630413,51,152.551484
-0.722098,51,152.602472
-0.771765,51,152.637082
-0.689518,52,152.671997
-0.666049,52,152.726022
-0.668474,51,152.762845
-0.71308,51,152.816143
-0.657435,50,152.846689
-0.865976,51,152.875585
-0.689046,52,152.904538
-0.708667,51,152.93198
-0.706006,52,152.965334
-0.729709,50,153.010145
-0.655408,50,153.049758
-0.700623,51,153.091587
-0.699979,52,153.121902
-0.685437,51,153.146553
-0.806035,51,153.172258
-0.693412,50,153.196592
-0.629762,50,153.220882
-0.664577,50,153.243495
-0.716311,51,153.267402
-0.677469,51,153.291339
-0.722377,50,153.314207
-0.77192,51,153.338567
-0.69258,51,153.361821
-0.771782,52,153.605283
-0.728846,51,153.626146
-0.73036,52,153.648474
-0.685856,51,153.670477
-0.665828,51,153.692175
-0.661473,50,153.71367
-0.666752,51,153.736058
-0.741444,51,153.758335
-0.729129,51,153.780068
-0.824017,50,153.801479
-0.683132,51,153.825686
-0.764578,51,153.848859
-0.634697,51,153.871835
-0.731754,51,154.042074
-0.653137,51,154.104837
-0.770834,52,154.159404
-0.806001,51,154.192409
-0.676886,51,154.21869
-0.952371,51,154.24181
-0.815259,50,154.264371
-0.739437,51,154.286098
-0.632451,51,154.308655
-0.670889,52,154.340487
-0.719853,51,154.365057
-0.659969,51,154.391444
-0.718208,50,154.415392
-0.724966,52,154.43771
-0.728756,52,154.459284
-0.829562,51,154.480588
-0.721287,52,154.501479
-0.747847,51,154.524478
-0.779868,52,154.546629
-0.836672,51,154.568104
-0.889927,51,154.592893
-0.610744,51,154.61519
-0.758907,51,154.641384
-0.681627,50,154.664954
-0.80147,51,154.690058
-0.710705,51,154.714039
-0.849581,51,154.737641
-0.804822,52,154.974187
-0.661304,51,154.995787
-0.671866,51,155.016856
-0.734845,51,155.03965
-0.682811,51,155.059794
-0.704406,51,155.081758
-0.604364,51,155.103764
-0.676784,51,155.125193
-0.753318,51,155.14721
-0.757914,51,155.167746
-0.795022,51,155.190845
-0.820226,51,155.211627
-0.690739,51,155.23356
-0.86254,51,155.25532
-0.600798,50,155.27577
-0.801221,51,155.298301
-0.762433,51,155.320695
-0.77732,51,155.342247
-0.791024,51,155.364336
-0.6624,50,155.384982
-0.695477,51,155.407973
-0.79667,52,155.430117
-0.771109,52,155.451438
-0.792638,51,155.474112
-0.741115,50,155.494564
-0.750488,51,155.51518
-0.690378,52,155.537316
-0.661471,51,155.558282
-0.654386,51,155.579561
-0.709837,51,155.603624
-0.884184,51,155.625742
-0.630381,52,155.647153
-0.680779,50,155.668371
-0.685747,51,155.689844
-0.788074,51,155.710591
-0.681104,51,155.731415
-0.705293,51,155.754134
-0.665831,52,155.775165
-0.799471,51,155.797338
-0.680644,52,155.819986
-0.666654,51,156.044941
-0.66947,51,156.065786
-0.672744,51,156.08722
-0.770234,51,156.108717
-0.680623,51,156.130034
-0.821716,51,156.15147
-0.650327,51,156.172595
-0.67862,51,156.194345
-0.837306,51,156.215227
-0.752832,51,156.23695
-0.681611,51,156.25779
-0.754999,51,156.278926
-0.783021,51,156.300479
-0.768558,51,156.322452
-0.874809,51,156.347509
-0.776445,51,156.371779
-0.695349,52,156.392696
-0.812613,51,156.414718
-0.847603,50,156.436667
-0.718716,51,156.458779
-0.846317,51,156.480016
-0.658211,50,156.500179
-0.68753,51,156.522045
-0.750768,51,156.543866
-0.818478,51,156.571015
-0.829562,51,156.595422
-0.716381,51,156.621228
-0.678523,51,156.647515
-0.804302,51,156.671686
-1.006755,52,156.695445
-0.702983,50,156.718157
-0.644258,51,156.740569
-0.708368,51,156.76083
-0.651264,50,156.781568
-0.787468,51,156.803199
-0.679344,52,156.824188
-0.640295,51,156.844971
-0.869824,51,156.866518
-0.697507,51,156.88867
-0.765219,51,156.909241
-0.792458,51,157.13556
-0.775591,51,157.157077
-0.755857,52,157.178385
-0.76923,51,157.198953
-0.667395,51,157.220158
-0.645626,51,157.241316
-0.747862,51,157.261527
-0.738118,52,157.281976
-0.81367,50,157.304693
-0.722149,52,157.328778
-0.677994,51,157.358183
-0.635261,50,157.381895
-0.698596,52,157.410114
-0.695825,51,157.436672
-0.666309,51,157.46222
-0.726343,51,157.488837
-0.920167,52,157.514946
-0.800269,51,157.539741
-0.767928,51,157.564391
-0.764295,51,157.595578
-0.815998,51,157.627453
-0.768049,51,157.655917
-0.785864,51,157.680278
-0.826115,51,157.703907
-0.813633,51,157.727853
-0.782463,51,157.749697
-0.722123,50,157.774331
-0.764858,52,157.797785
-0.80297,51,157.821468
-0.743685,51,157.847578
-0.838297,51,157.872176
-0.671614,51,157.896448
-0.723873,52,157.919481
-0.855816,51,157.942125
-0.83826,51,157.964444
-0.683687,51,157.987411
-0.716408,51,158.009779
-0.842863,51,158.032805
-0.727015,51,158.061995
-0.634378,50,158.086004
-0.667057,52,158.336474
-0.764116,51,158.360991
-0.778379,51,158.383548
-0.813392,51,158.408753
-0.638775,51,158.432629
-0.71086,52,158.454899
-0.654417,51,158.475814
-0.719082,51,158.496271
-0.724319,51,158.516948
-0.820385,51,158.540649
-0.827846,51,158.563207
-0.646879,51,158.589232
-0.784104,51,158.611931
-0.687912,50,158.637677
-0.699129,52,158.662342
-0.764599,51,158.696317
-0.715179,50,158.726007
-0.602425,51,158.750258
-0.78838,51,158.775252
-0.730598,51,158.800289
-0.717752,52,158.828545
-0.703556,52,158.856493
-0.676358,51,158.880141
-0.873158,51,158.906483
-0.710575,51,158.929823
-0.906366,50,158.95178
-0.605788,50,158.973529
-0.651506,51,158.995696
-0.751359,52,159.016906
-0.786208,51,159.040285
-0.775399,51,159.064496
-0.760972,50,159.08982
-0.707933,51,159.113515
-0.78441,50,159.138586
-0.670581,52,159.163065
-0.66916,51,159.187616
-0.714506,51,159.209673
-0.683731,51,159.231886
-0.707003,51,159.254804
-0.902852,51,159.276083
-0.688034,51,159.300659
-0.836789,51,159.562347
-0.677696,52,159.587741
-0.70621,51,159.609828
-0.71195,50,159.631045
-0.759912,51,159.653789
-0.707153,51,159.675955
-0.753419,52,159.699245
-0.720775,51,159.722094
-0.782852,51,159.744407
-0.816141,52,159.769038
-0.709628,51,159.791086
-0.826482,50,159.812866
-0.710895,50,159.834119
-0.654924,51,159.858349
-0.713215,50,159.879487
-0.71114,51,159.903826
-0.665056,51,159.924615
-0.732918,51,159.948399
-0.711914,52,159.972347
-0.679784,52,159.99623
-0.682677,51,160.018775
-0.678515,51,160.041831
-0.744619,52,160.066404
-0.629146,50,160.088523
-0.619031,51,160.110938
-0.749933,51,160.132686
-0.762203,52,160.155698
-0.759913,51,160.177339
-0.78558,51,160.199364
-0.644549,51,160.221841
-0.782876,50,160.242281
-0.850369,51,160.264476
-0.6678,50,160.285271
-0.772012,51,160.30691
-0.797478,52,160.328984
-0.744375,50,160.349255
-0.687724,51,160.372928
-0.66069,52,160.394493
-0.785192,51,160.416278
-0.74917,51,160.437833
-0.649366,52,160.663519
-0.598748,51,160.684556
-0.682972,50,160.706043
-0.762315,51,160.728075
-0.718477,51,160.749391
-0.689769,52,160.770955
-0.709559,51,160.791555
-0.632334,51,160.812345
-0.776352,51,160.83395
-0.652005,51,160.858384
-0.765369,50,160.880725
-0.72071,51,160.903279
-0.64846,51,160.93065
-0.888821,51,160.95828
-0.668993,51,160.983381
-0.874662,51,161.022691
-0.741217,51,161.053857
-0.737183,52,161.080937
-0.736468,51,161.11319
-0.728333,52,161.147537
-0.79525,51,161.178773
-0.678629,51,161.20937
-0.658022,51,161.238063
-0.814644,51,161.261863
-0.645781,50,161.287749
-0.750898,51,161.311371
-0.863878,51,161.334451
-0.664687,51,161.356256
-0.772573,52,161.377553
-0.694324,51,161.402966
-0.820421,51,161.428619
-0.690794,51,161.456872
-0.655714,51,161.480477
-0.84339,51,161.502147
-0.683459,51,161.524683
-0.810178,51,161.545648
-0.969499,51,161.566403
-0.685092,50,161.588559
-0.651425,50,161.610012
-0.818088,51,161.634304
-0.680688,51,161.907781
-0.704694,51,161.93118
-0.705116,51,161.955276
-0.71396,51,161.978633
-0.595593,50,162.002293
-0.69037,50,162.025409
-1.022907,52,162.050485
-0.762167,50,162.071806
-0.84491,51,162.092837
-0.705563,52,162.114235
-0.743503,50,162.134508
-0.739948,51,162.156441
-0.66035,51,162.177302
-0.769646,51,162.199261
-0.652876,50,162.221279
-0.692284,51,162.243045
-0.654644,50,162.263569
-0.696507,52,162.287919
-0.660039,51,162.308883
-0.788707,51,162.329847
-0.80059,51,162.351325
-0.756129,51,162.375053
-0.749822,51,162.396339
-0.681202,51,162.419466
-0.703545,51,162.440679
-0.884485,51,162.462654
-0.760164,50,162.48309
-0.730234,51,162.504643
-0.65435,50,162.524993
-0.678694,51,162.546122
-0.782012,51,162.566791
-0.827999,51,162.589204
-0.739128,51,162.610192
-0.673099,52,162.631522
-0.721976,50,162.652347
-0.755704,51,162.673579
-0.680122,51,162.694458
-0.757117,51,162.716076
-0.754211,50,162.738848
-0.755434,51,162.759872
-0.797978,51,162.981517
-0.658464,51,163.00358
-0.799046,51,163.025513
-0.723135,52,163.046659
-0.835988,51,163.0669
-0.823961,51,163.088697
-0.648862,51,163.109739
-0.873615,52,163.133221
-0.685277,51,163.162342
-0.64335,52,163.18452
-0.70259,51,163.205492
-0.657111,52,163.226444
-0.758544,51,163.247484
-0.757637,51,163.269457
-0.740354,51,163.29221
-0.649199,51,163.31384
-0.677248,51,163.336785
-0.619606,51,163.3597
-0.622987,50,163.389413
-0.860876,51,163.418458
-0.723711,51,163.444931
-0.710087,51,163.466259
-0.798588,51,163.490083
-0.755434,50,163.512436
-0.675228,52,163.538519
-0.782587,51,163.564138
-0.727668,50,163.586209
-0.774059,51,163.607217
-0.668326,50,163.629698
-0.650946,50,163.661111
-0.739523,51,163.682612
-0.674777,51,163.704615
-0.660898,51,163.726275
-0.712911,50,163.746515
-0.712493,51,163.767347
-0.69174,52,163.789576
-0.71323,51,163.810201
-0.670777,51,163.83058
-0.633732,51,163.852814
-0.735799,51,163.873934
-0.768391,51,164.094611
-0.646544,51,164.115065
-0.649871,51,164.138757
-0.713634,51,164.163469
-0.747284,52,164.186854
-0.892081,51,164.208071
-0.743176,51,164.241937
-0.686672,52,164.274576
-0.750302,50,164.301099
-0.797446,51,164.32424
-0.593705,50,164.345494
-0.733195,51,164.368996
-0.618665,51,164.394565
-0.664789,52,164.417075
-0.723535,51,164.439014
-0.718756,52,164.463221
-0.780572,51,164.485699
-0.808344,51,164.506947
-0.903514,51,164.528225
-0.779161,51,164.551161
-0.719076,51,164.573518
-0.747215,52,164.595168
-0.744456,51,164.616272
-0.735143,51,164.637978
-0.682463,51,164.659429
-0.80216,51,164.680793
-0.622423,52,164.702413
-0.653812,51,164.723504
-0.736421,51,164.744513
-0.791507,51,164.765604
-0.760948,51,164.788563
-0.666321,51,164.809159
-0.855322,52,164.83049
-0.827108,51,164.851253
-0.643218,51,164.872708
-0.773373,51,164.893459
-0.729804,52,164.91473
-0.694245,51,164.936379
-0.7545,50,164.956703
-0.673888,50,164.982262
-0.682767,51,165.204647
-0.709634,51,165.225509
-0.661296,52,165.246604
-0.790936,51,165.267287
-0.731676,51,165.299174
-0.746843,51,165.327529
-0.654661,51,165.350195
-0.66714,51,165.37182
-0.700927,51,165.392634
-0.647514,51,165.416845
-0.661215,51,165.439708
-0.690091,51,165.460576
-0.674041,50,165.481883
-0.693741,51,165.50344
-0.691098,51,165.525084
-0.728005,51,165.549794
-0.724375,51,165.572071
-0.751475,51,165.592865
-0.791624,51,165.613948
-0.738653,51,165.636822
-0.662074,51,165.663551
-0.747439,51,165.686715
-0.75339,51,165.708433
-0.628203,50,165.729219
-0.617104,50,165.749507
-0.771564,51,165.770879
-0.674015,51,165.791662
-0.750317,51,165.812451
-0.655329,51,165.833213
-0.702356,51,165.855029
-0.717699,51,165.875701
-0.774681,51,165.896979
-0.778143,51,165.917734
-0.619047,51,165.939277
-0.710482,51,165.959892
-0.897182,51,165.980171
-0.7386,51,166.000211
-0.743677,52,166.022293
-0.769509,51,166.043169
-0.723313,51,166.064024
-0.801645,51,166.085281
-0.848832,51,166.322558
-0.870481,51,166.343429
-0.762578,52,166.364966
-0.683747,51,166.386341
-0.766024,51,166.407154
-0.725499,51,166.427812
-0.813113,51,166.448831
-0.700628,50,166.469786
-0.720074,51,166.490669
-0.924048,51,166.511222
-0.695895,51,166.532134
-0.754069,51,166.555307
-0.701682,50,166.578449
-0.853651,50,166.599281
-0.753392,51,166.624111
-0.770824,51,166.646254
-0.632546,50,166.667835
-0.753224,51,166.69131
-0.846568,51,166.713654
-0.69387,52,166.736194
-0.825901,51,166.761227
-0.615221,50,166.782657
-0.741201,50,166.80457
-0.655863,51,166.825119
-0.789924,51,166.847889
-0.754742,52,166.869852
-0.783812,52,166.891187
-0.675678,51,166.912119
-0.85692,51,166.933265
-0.805335,51,166.954668
-0.860775,51,166.97566
-0.745392,51,166.996391
-0.823429,51,167.016504
-0.631096,51,167.038622
-0.859379,51,167.062057
-0.816939,51,167.083697
-0.739811,51,167.105532
-0.679688,51,167.126236
-0.702078,51,167.147406
-0.616739,51,167.167739
-0.781235,50,167.386463
-0.713845,51,167.409161
-0.658374,50,167.431591
-0.630049,51,167.454637
-0.666688,51,167.475622
-0.696967,51,167.496407
-0.698634,52,167.517557
-0.761797,50,167.538536
-0.631302,50,167.559006
-0.633227,51,167.579152
-0.72698,50,167.599659
-0.717719,51,167.62097
-0.616893,51,167.642945
-0.721011,52,167.665196
-0.91478,51,167.688355
-0.747041,51,167.710156
-0.664319,51,167.731932
-0.653596,50,167.755004
-0.635409,51,167.777335
-0.776578,51,167.798036
-0.780311,51,167.820405
-0.662432,51,167.841897
-0.672433,51,167.862492
-0.699014,50,167.88309
-0.696391,51,167.905037
-0.793091,52,167.926314
-0.602309,50,167.946716
-0.811451,51,167.967335
-0.768733,51,167.988751
-0.591217,50,168.009418
-0.588751,51,168.030387
-0.630855,51,168.051443
-0.723808,52,168.073486
-0.711566,51,168.09432
-0.713658,50,168.114563
-0.725319,52,168.136468
-0.83459,51,168.157542
-0.747146,50,168.178254
-0.621154,51,168.198949
-0.64216,51,168.220205
-0.699132,51,168.439671
-0.730918,51,168.460494
-0.749817,51,168.481315
-0.975172,51,168.503192
-0.715423,50,168.523999
-0.673474,51,168.545148
-0.655294,51,168.565744
-0.68075,51,168.587011
-0.641362,51,168.608003
-0.672004,50,168.628223
-0.646581,51,168.649064
-0.667542,50,168.669595
-0.711262,51,168.690089
-0.696364,52,168.711296
-0.713863,50,168.73168
-0.683362,51,168.753971
-0.753046,51,168.775086
-0.835618,50,168.795719
-0.714499,50,168.816787
-0.6511,51,168.839154
-0.866432,51,168.860097
-0.713093,52,168.881531
-0.711524,52,168.903898
-0.679821,50,168.924662
-0.631113,51,168.945693
-0.655118,52,168.967015
-0.715486,51,168.988996
-0.647994,50,169.008028
-0.64105,51,169.028852
-0.672959,52,169.049921
-0.786419,51,169.071269
-0.682808,52,169.092294
-0.772128,51,169.113109
-0.689596,50,169.133539
-0.736585,51,169.15411
-0.66626,51,169.174635
-0.678978,51,169.195282
-0.798059,51,169.215658
-0.792444,50,169.235596
-0.707322,50,169.256628
-0.671333,51,169.471068
-0.681216,51,169.492758
-0.75016,51,169.516596
-0.615805,52,169.538594
-0.844453,51,169.55924
-1.010995,51,169.579872
-0.600202,51,169.600696
-0.606682,50,169.621917
-0.666837,52,169.642448
-0.794522,51,169.662694
-0.73989,51,169.683206
-0.790022,51,169.703855
-0.684288,51,169.723616
-0.803341,51,169.744354
-0.591112,51,169.765033
-0.784601,51,169.787289
-0.692032,51,169.808126
-0.783821,51,169.828457
-0.778874,51,169.849659
-0.884432,51,169.870826
-0.796993,51,169.891808
-0.687839,51,169.912793
-0.632085,51,169.932683
-0.718545,50,169.953322
-0.642914,52,169.975044
-0.782881,51,169.994903
-0.76344,51,170.015392
-0.685442,51,170.036904
-0.679929,51,170.057727
-0.753403,51,170.078468
-0.825207,51,170.099088
-0.706413,51,170.119304
-0.725693,50,170.140556
-0.765558,51,170.161058
-0.720293,52,170.18224
-0.810066,50,170.202128
-0.770557,51,170.223409
-0.667202,50,170.243618
-0.704784,51,170.263389
-0.693917,50,170.283814
-0.678357,51,170.500017
-0.69961,51,170.521972
-0.825502,51,170.54291
-0.724934,51,170.562523
-0.607425,51,170.583387
-0.614845,52,170.605077
-0.710321,51,170.624496
-0.635981,51,170.645158
-0.662445,52,170.666419
-0.659449,51,170.686877
-0.761038,51,170.707375
-0.673895,51,170.726993
-0.672848,51,170.747594
-0.661374,51,170.76879
-0.701568,52,170.78897
-0.72321,51,170.809975
-0.736562,51,170.830668
-0.769697,52,170.851619
-0.876425,51,170.873276
-0.680146,51,170.893479
-0.788903,51,170.914327
-0.716681,51,170.935515
-0.799817,51,170.956241
-0.880189,50,170.976598
-0.58618,51,170.995731
-0.753246,50,171.016673
-0.652137,51,171.038735
-0.701653,51,171.058119
-0.675181,51,171.078681
-0.673481,52,171.100024
-0.785268,51,171.119879
-0.787763,51,171.140533
-0.690456,51,171.161266
-0.949205,51,171.181642
-0.65751,51,171.201385
-0.727612,51,171.222466
-0.797729,51,171.241948
-0.716324,51,171.262829
-0.707066,50,171.282835
-0.820109,50,171.302987
-0.787951,50,171.323554
-0.693012,51,171.53576
-0.739911,50,171.555989
-0.754554,51,171.576392
-0.706212,51,171.595557
-0.644935,51,171.616004
-0.671157,51,171.637627
-0.672631,51,171.657432
-0.688337,51,171.678191
-0.740622,51,171.698884
-0.736186,51,171.719152
-0.870828,51,171.740291
-0.695169,51,171.759356
-0.654383,51,171.779963
-0.677851,52,171.80038
-0.679655,50,171.821372
-0.782073,50,171.841386
-0.942942,51,171.862787
-0.733692,51,171.883665
-0.699839,51,171.905085
-0.672057,50,171.924589
-0.697161,51,171.944843
-0.703979,52,171.966281
-0.670199,51,171.987435
-0.650872,51,172.008497
-0.729913,52,172.0292
-0.737145,51,172.049729
-0.73032,51,172.071419
-0.748718,51,172.090951
-0.741644,51,172.111343
-0.822234,52,172.131741
-0.651043,50,172.152155
-0.618569,51,172.17267
-0.667358,51,172.192728
-0.697955,50,172.213077
-0.664131,50,172.232445
-0.717929,51,172.253981
-0.75676,51,172.274111
-0.676738,51,172.29427
-0.652818,50,172.314614
-0.719301,51,172.336379
-0.735794,51,172.554404
-0.692987,50,172.573851
-0.764832,51,172.594688
-0.668751,51,172.614831
-0.662193,51,172.634397
-0.672589,51,172.655676
-0.730924,51,172.675388
-0.792887,51,172.69623
-0.657174,51,172.715766
-0.765682,52,172.7375
-0.675139,50,172.757553
-0.743537,51,172.778295
-0.745582,51,172.798303
-0.70555,52,172.82032
-0.733473,51,172.841678
-0.747851,51,172.86389
-0.661624,52,172.884739
-0.833868,51,172.907639
-0.834572,51,172.929812
-0.670865,51,172.950625
-0.698083,50,172.971512
-0.682591,51,172.992157
-0.713442,51,173.013048
-0.700393,51,173.034063
-0.663857,51,173.055095
-0.735907,51,173.075744
-0.714428,51,173.096176
-0.823094,51,173.116216
-0.820817,51,173.13728
-0.716635,52,173.158821
-0.750419,51,173.1808
-0.63746,50,173.202442
-0.725082,51,173.22238
-0.735879,51,173.243626
-0.858293,51,173.264657
-0.695055,51,173.286367
-0.716127,51,173.306201
-0.855342,51,173.326731
-0.672844,52,173.347775
-0.665718,50,173.368615
-0.682803,51,173.588093
-0.794952,51,173.609238
-0.690148,50,173.630878
-0.569651,50,173.654247
-0.643204,51,173.680044
-0.718814,50,173.70669
-0.664813,51,173.729637
-0.752973,51,173.752234
-0.717601,51,173.773561
-0.699262,50,173.793464
-0.715168,51,173.816015
-0.716136,51,173.837334
-0.750605,52,173.858267
-0.648375,51,173.878947
-0.681695,51,173.899574
-0.774138,51,173.921396
-0.88191,51,173.941518
-0.752609,50,173.962272
-0.829437,51,173.983212
-0.731321,51,174.004519
-0.70261,51,174.025802
-0.717866,51,174.046879
-0.679422,51,174.066971
-0.74064,51,174.090036
-0.662868,52,174.114271
-0.949032,51,174.137568
-0.721534,52,174.159415
-0.811974,51,174.181473
-0.621639,51,174.203131
-0.837229,51,174.22416
-0.7095,51,174.245509
-0.806171,51,174.26637
-0.779609,51,174.288646
-0.619723,51,174.309409
-0.628017,51,174.330055
-0.685314,51,174.350472
-0.70965,52,174.372314
-0.790153,51,174.392613
-0.779078,51,174.413348
-0.756057,50,174.435292
-0.831801,52,174.661397
-0.680542,51,174.682708
-0.644645,51,174.704084
-0.760928,51,174.724679
-0.809014,51,174.745684
-0.722695,52,174.766768
-0.721583,51,174.787746
-0.587196,51,174.808402
-0.653023,51,174.828998
-0.769952,51,174.849726
-0.774655,51,174.871152
-0.605415,51,174.892149
-0.713474,52,174.913147
-0.667837,52,174.933626
-0.754143,51,174.955393
-0.890696,51,174.976271
-0.658913,52,174.997661
-0.735204,51,175.02427
-0.898059,52,175.052488
-0.705611,52,175.079201
-0.683268,50,175.103709
-0.716983,52,175.127778
-0.67047,51,175.152026
-0.637521,51,175.173628
-0.648902,50,175.194408
-0.716412,52,175.215537
-0.683315,52,175.237249
-0.774011,51,175.257614
-0.786269,51,175.278417
-0.842169,52,175.299686
-0.70897,51,175.321342
-0.721218,51,175.343279
-0.723567,51,175.364057
-0.766934,51,175.385295
-0.823541,50,175.406294
-0.706873,51,175.427201
-0.709902,51,175.448163
-0.649391,52,175.470543
-0.786591,52,175.492075
-0.81872,51,175.513014
-0.702749,51,175.733482
-0.705285,51,175.755016
-0.616687,51,175.775995
-0.698168,51,175.796758
-0.869447,51,175.817787
-0.821026,51,175.839191
-0.911926,51,175.860027
-0.720314,52,175.881366
-0.797317,51,175.902995
-0.663104,51,175.923463
-0.850964,51,175.944022
-0.750471,51,175.965472
-0.768058,51,175.987076
-0.739301,51,176.008076
-0.668896,51,176.028547
-0.673948,51,176.04927
-0.89197,52,176.071488
-0.80659,51,176.092009
-0.778245,50,176.113174
-0.777049,51,176.134041
-0.619067,50,176.155544
-0.694175,51,176.175819
-0.81363,51,176.196804
-0.648878,51,176.218124
-0.777491,51,176.24005
-0.744755,51,176.26092
-0.764788,51,176.284691
-0.779874,51,176.307219
-0.667191,51,176.328357
-0.747717,51,176.348622
-0.847106,51,176.371051
-0.767724,51,176.392646
-0.759734,52,176.414748
-0.583838,51,176.436425
-0.760908,51,176.459909
-0.631426,52,176.481405
-0.674939,50,176.50186
-0.770237,50,176.522136
-0.673116,51,176.542866
-0.703755,51,176.563618
-0.70423,50,176.785622
-0.766835,52,176.806928
-0.666946,51,176.827235
-0.655981,51,176.847821
-0.590453,50,176.868484
-0.870505,51,176.889511
-0.858965,51,176.910083
-0.752367,51,176.931686
-0.715297,51,176.952567
-0.854603,51,176.973349
-0.703077,51,176.993954
-0.739107,51,177.014722
-0.773147,51,177.035207
-0.695527,50,177.056937
-0.664718,52,177.078142
-0.666711,51,177.09868
-0.691463,50,177.119238
-0.702559,51,177.140567
-0.742186,51,177.164387
-0.663843,51,177.189866
-0.711779,51,177.214662
-0.687911,51,177.242566
-0.730255,52,177.269514
-0.680072,51,177.290721
-0.681933,51,177.311906
-0.743444,51,177.333113
-0.877094,51,177.360523
-0.643334,51,177.389856
-0.647711,52,177.411971
-0.696212,51,177.433185
-0.75524,50,177.457444
-0.833731,52,177.48501
-0.640174,51,177.513736
-0.692235,51,177.538115
-0.748509,50,177.559722
-0.775178,51,177.581412
-0.647469,51,177.605382
-0.718308,51,177.626937
-0.626246,51,177.647031
-0.730076,51,177.670801
-0.696879,52,177.900137
-0.673281,52,177.922169
-0.693759,51,177.943104
-0.790296,52,177.964382
-0.726075,51,177.985475
-0.698934,51,178.006288
-0.711485,51,178.027041
-0.660203,51,178.047794
-0.674239,51,178.069095
-0.893966,51,178.095459
-0.764302,50,178.117163
-0.596834,51,178.138746
-0.740985,51,178.161965
-0.64639,52,178.183313
-0.700213,51,178.204914
-0.743338,51,178.226663
-0.677712,51,178.247556
-0.70773,51,178.268686
-0.699718,51,178.28996
-0.705877,52,178.312385
-0.619433,51,178.337653
-0.693615,51,178.359969
-0.686033,51,178.388634
-0.897437,51,178.410837
-0.606959,52,178.432428
-0.691286,51,178.454558
-0.660445,51,178.476282
-0.800758,51,178.497093
-0.701019,51,178.518048
-0.6687,51,178.539216
-0.80725,51,178.560737
-0.771298,51,178.582119
-0.82619,51,178.60387
-0.686606,51,178.62474
-0.760164,51,178.646967
-0.705316,52,178.669808
-0.750003,51,178.690524
-0.826949,51,178.711269
-0.703478,50,178.731673
-0.738925,51,178.753078
-0.650101,52,178.773754
-0.729165,51,179.009299
-0.656217,52,179.030684
-0.773108,51,179.052602
-0.730502,50,179.077567
-0.784287,51,179.100963
-0.612319,51,179.122972
-0.747326,51,179.143858
-0.677758,50,179.164183
-0.848107,51,179.184827
-0.804165,51,179.206033
-0.870531,51,179.226797
-0.709488,51,179.247698
-0.654331,51,179.27376
-0.76099,51,179.298276
-0.714428,52,179.324515
-0.74946,52,179.348032
-0.702304,50,179.37011
-0.690691,51,179.391552
-0.68694,51,179.412359
-0.656995,51,179.433293
-0.653944,52,179.455033
-0.768672,51,179.475936
-0.730909,51,179.496606
-0.890719,51,179.517115
-0.736887,50,179.538028
-0.71303,51,179.56001
-0.596083,51,179.582019
-0.787684,52,179.60686
-0.618851,51,179.630698
-0.709922,51,179.653096
-0.693069,50,179.676307
-0.781313,52,179.699974
-0.71681,50,179.722617
-0.643897,51,179.747011
-0.731576,50,179.76759
-0.696946,51,179.790133
-0.74785,51,179.810968
-0.610738,50,179.830784
-0.713403,51,179.853001
-0.814488,51,179.877044
-0.70275,50,180.113647
-0.612141,52,180.137057
-0.814835,51,180.159229
-0.674292,51,180.182664
-0.795408,51,180.207069
-0.680111,51,180.230022
-0.696521,52,180.253417
-0.737463,51,180.27549
-0.672127,50,180.295895
-0.67403,51,180.316692
-0.652112,50,180.3376
-0.707388,52,180.360276
-0.645327,51,180.383038
-0.709128,51,180.407733
-0.692775,51,180.429792
-0.650026,52,180.455622
-0.645475,50,180.478134
-0.705229,51,180.500776
-0.675403,51,180.525547
-0.815942,51,180.548209
-0.867845,51,180.569135
-0.698844,52,180.591362
-0.706912,51,180.611916
-0.658251,51,180.636446
-0.7288,51,180.658593
-0.695318,51,180.680339
-0.681826,52,180.703737
-0.772733,51,180.724775
-0.842423,50,180.745258
-0.696886,51,180.765968
-0.639482,51,180.787404
-0.59786,50,180.809046
-0.727563,52,180.875759
-0.648229,51,180.898984
-0.843372,51,180.921939
-0.722282,51,180.943883
-0.66458,51,180.966092
-0.606092,50,180.988036
-0.736963,51,181.010711
-0.736096,52,181.033719
-0.705812,52,181.261188
-0.66969,51,181.282976
-0.60112,50,181.303672
-0.680776,51,181.324474
-0.694351,51,181.346591
-0.711329,51,181.367589
-0.852508,51,181.389009
-0.883112,51,181.409757
-0.753782,51,181.43009
-0.81066,51,181.450741
-0.848611,51,181.507202
-0.656816,50,181.538696
-0.71092,51,181.564165
-0.835201,51,181.590362
-0.667954,51,181.614479
-0.953482,51,181.637572
-0.70818,50,181.659703
-0.696833,51,181.681964
-0.665609,50,181.705653
-0.684024,51,181.726796
-0.692461,51,181.747594
-0.593492,51,181.770978
-0.75553,51,181.792785
-0.670835,50,181.815242
-0.745275,51,181.838147
-0.690054,51,181.85942
-0.716957,51,181.879933
-0.625463,51,181.901751
-0.692043,51,181.923356
-0.633707,52,181.944509
-0.690461,50,181.966235
-0.670079,51,181.988801
-0.675717,51,182.012992
-0.762832,51,182.034027
-0.758772,52,182.057354
-0.664772,51,182.078727
-0.688327,52,182.100103
-0.720152,50,182.121474
-0.915369,51,182.142021
-0.770025,50,182.162111
-0.865955,51,182.402236
-0.704461,51,182.427676
-0.730095,51,182.451846
-0.720642,51,182.474065
-0.713364,50,182.494667
-0.779635,51,182.516408
-0.679474,50,182.538701
-0.652149,51,182.560395
-0.659212,51,182.581346
-0.738462,51,182.60368
-0.732148,52,182.62532
-0.654741,52,182.646827
-0.710641,51,182.668715
-0.710627,51,182.689604
-0.693177,52,182.711545
-0.728096,51,182.733908
-0.777909,51,182.756374
-0.757879,51,182.77925
-0.731418,52,182.800461
-0.803578,51,182.826391
-0.692395,51,182.850572
-0.715075,51,182.872888
-0.729194,51,182.893812
-0.879204,51,182.915209
-0.846575,51,182.937182
-0.841949,52,182.96008
-0.832713,51,182.984874
-0.664738,51,183.011855
-0.65071,51,183.035326
-0.687959,51,183.056236
-0.853302,51,183.077941
-0.74408,51,183.098629
-0.651888,51,183.120041
-0.647293,52,183.141656
-0.739813,51,183.1677
-0.796788,51,183.191211
-0.75477,52,183.212403
-0.724458,51,183.233298
-0.723015,51,183.254483
-0.611174,51,183.274795
-0.695777,51,183.493405
-0.757085,51,183.514207
-0.702724,51,183.536133
-0.786488,51,183.557159
-0.726424,51,183.577971
-0.600361,52,183.598927
-0.785403,51,183.620277
-0.701158,52,183.641469
-0.650213,50,183.662881
-0.752404,52,183.695795
-0.746232,51,183.724233
-0.707237,51,183.751801
-0.700464,50,183.775023
-0.722802,51,183.797597
-0.887493,51,183.821514
-0.639325,51,183.842719
-0.646499,51,183.864973
-0.79461,50,183.88788
-0.645541,51,183.909726
-1.058616,51,183.931824
-0.712234,51,183.955493
-0.725963,51,183.979086
-0.642344,50,184.000739
-0.776117,51,184.023184
-0.719062,51,184.044576
-0.586678,51,184.065565
-0.81636,50,184.087284
-0.70794,51,184.109632
-0.616859,51,184.131307
-0.752814,51,184.155404
-0.794757,52,184.178507
-0.702306,51,184.199547
-0.71821,52,184.222233
-0.66455,50,184.244159
-0.811563,50,184.265598
-0.775756,51,184.288212
-0.702395,51,184.309514
-0.671896,50,184.329991
-0.734874,51,184.351139
-0.788203,50,184.373537
-0.798041,51,184.605959
-0.702502,51,184.631803
-0.764109,51,184.656324
-0.720189,51,184.678447
-0.655006,51,184.699474
-0.732739,51,184.721137
-0.778698,51,184.741866
-0.656587,51,184.763594
-0.644578,50,184.78451
-0.791915,51,184.806322
-0.63965,51,184.831908
-0.698779,51,184.855164
-0.839514,51,184.875906
-0.695818,50,184.895818
-0.741023,51,184.916713
-0.743934,51,184.938046
-0.798035,51,184.959096
-0.649129,51,184.980001
-0.696578,51,185.000596
-0.870985,51,185.027548
-0.647117,51,185.051107
-0.689817,51,185.075644
-0.713821,50,185.099439
-0.841269,51,185.125835
-0.654922,51,185.148879
-0.679221,51,185.171184
-0.664246,51,185.192129
-0.824061,51,185.213048
-0.72017,52,185.234846
-0.661883,51,185.256212
-0.813285,51,185.277211
-0.686245,51,185.299333
-0.841816,51,185.320812
-0.641888,51,185.341561
-0.822195,51,185.362127
-0.722589,52,185.383294
-0.825097,52,185.405462
-0.709074,51,185.426139
-0.763542,50,185.446492
-0.746773,51,185.467232
-0.742113,51,185.491003
-0.663311,52,185.725679
-0.679079,52,185.748143
-0.771183,50,185.769478
-0.714208,52,185.793219
-0.749252,51,185.815125
-0.637346,51,185.838403
-0.708863,51,185.861216
-0.785697,50,185.882896
-0.63795,51,185.906463
-0.626132,51,185.927778
-0.71175,50,185.951245
-0.72822,51,185.972288
-0.724755,51,185.993475
-0.731521,51,186.014356
-0.64065,51,186.036026
-0.746355,51,186.057701
-0.713734,51,186.078587
-0.70329,50,186.100111
-0.782272,51,186.122367
-0.680575,51,186.144111
-0.603079,51,186.16594
-0.771462,52,186.188344
-0.803621,51,186.209905
-0.731243,51,186.231344
-0.79236,51,186.25321
-0.773135,51,186.275323
-0.717125,51,186.296249
-0.696571,51,186.31697
-0.663896,50,186.338041
-0.689867,51,186.359124
-0.787225,50,186.381539
-0.707673,51,186.403422
-0.709284,51,186.424408
-0.669517,52,186.445691
-0.766224,51,186.467133
-0.775025,51,186.490406
-0.643741,51,186.511043
-0.757094,52,186.532282
-0.779534,51,186.553985
-0.807625,51,186.575161
-0.701396,51,186.804019
-0.912165,51,186.825064
-0.76551,51,186.84578
-0.697031,51,186.866144
-0.672953,50,186.887253
-0.657576,51,186.907812
-0.65508,50,186.928284
-0.68575,50,186.94862
-0.631066,51,186.970207
-0.738616,51,186.990975
-0.731829,51,187.011565
-0.825321,52,187.034438
-0.754705,51,187.056201
-0.797508,51,187.07706
-0.786231,52,187.098454
-0.668492,51,187.119869
-0.833121,51,187.140978
-0.910519,51,187.162151
-0.721848,51,187.183769
-0.608825,50,187.205317
-0.727642,51,187.2267
-0.643513,51,187.247824
-0.789227,51,187.270308
-0.599116,51,187.291964
-0.726884,51,187.313083
-0.704162,52,187.333772
-0.670783,51,187.35509
-0.65593,51,187.376106
-0.689433,51,187.396676
-0.681903,51,187.417222
-0.703499,51,187.438346
-0.69018,51,187.459324
-0.65326,51,187.479932
-0.758245,51,187.500696
-0.771518,51,187.52275
-0.61456,51,187.543584
-0.728062,51,187.563756
-0.683025,51,187.584302
-0.671786,51,187.605796
-0.750236,51,187.626497
-0.742004,51,187.844512
-0.729091,52,187.865206
-0.670757,51,187.88653
-0.657859,52,187.907663
-0.792534,51,187.928439
-0.617489,51,187.948806
-0.699307,51,187.970074
-0.792377,51,187.990714
-0.627246,51,188.04292
-0.732385,52,188.109982
-0.816942,52,188.141397
-0.636645,50,188.163795
-0.617089,51,188.18488
-0.653165,51,188.206083
-0.697837,51,188.226865
-0.74481,51,188.247669
-0.671822,52,188.269916
-0.835689,51,188.291227
-0.665661,51,188.312366
-0.693417,51,188.333597
-0.715402,51,188.355284
-0.671202,51,188.376703
-0.711576,50,188.39726
-0.642928,51,188.419664
-0.682637,51,188.441377
-0.696236,51,188.461898
-0.693804,52,188.482888
-0.661848,51,188.503892
-0.799406,51,188.524905
-0.771523,50,188.545849
-0.678919,51,188.566752
-0.656344,51,188.589137
-0.584451,51,188.611567
-0.739018,51,188.633378
-0.702746,51,188.655821
-0.765303,51,188.676373
-0.809674,52,188.697356
-0.77541,51,188.717609
-0.680442,52,188.739933
-0.784066,51,188.760991
-0.68529,52,188.992995
-0.732665,51,189.013767
-0.713723,51,189.035355
-0.583645,51,189.056528
-0.691282,51,189.077474
-0.673767,52,189.098803
-0.733259,51,189.120677
-0.704941,52,189.142583
-0.703208,51,189.163338
-0.60572,51,189.184405
-0.721849,51,189.205093
-0.749516,51,189.225563
-0.653298,50,189.245916
-0.776736,52,189.267075
-0.720408,52,189.288701
-0.659983,51,189.309363
-0.81873,51,189.330323
-0.692914,51,189.352777
-0.754747,51,189.374334
-0.769622,51,189.395912
-0.675891,51,189.416881
-0.660689,50,189.438516
-0.695036,50,189.459058
-0.882545,51,189.480115
-0.64445,51,189.502313
-0.702128,50,189.525281
-0.690095,52,189.547832
-0.656209,51,189.56909
-0.77498,51,189.58999
-0.688392,52,189.611581
-0.798459,51,189.63216
-0.787384,51,189.654151
-0.718389,51,189.675007
-0.761897,51,189.695967
-0.735774,51,189.716671
-0.7509,50,189.737422
-0.631771,50,189.757994
-0.688215,51,189.778763
-0.74605,52,189.800047
-0.661587,51,189.821605
-0.741567,51,190.039495
-0.764461,51,190.060128
-0.857585,51,190.081037
-0.723986,51,190.102412
-0.69036,51,190.123461
-0.868864,51,190.144414
-0.711656,51,190.165078
-0.688053,52,190.18707
-0.781059,51,190.208489
-0.693138,51,190.229234
-0.633104,51,190.249782
-0.682409,51,190.271086
-0.856563,51,190.291735
-0.604413,51,190.312626
-0.767314,51,190.333279
-0.771327,52,190.355175
-0.708904,51,190.376453
-0.637557,51,190.398352
-0.708235,51,190.424715
-0.642279,50,190.446123
-0.801972,51,190.468292
-0.871265,52,190.490132
-0.866944,51,190.511204
-0.653239,51,190.531828
-0.67929,51,190.553634
-0.651134,51,190.575151
-0.755574,50,190.595896
-0.716636,51,190.616548
-0.704112,51,190.638609
-0.720982,51,190.659616
-0.741789,51,190.680494
-0.769566,51,190.701457
-0.732248,52,190.722578
-0.664934,50,190.742394
-0.645326,51,190.763269
-0.700653,51,190.78413
-0.796984,52,190.804846
-0.652422,51,190.825594
-0.827722,51,190.846952
-0.67801,51,190.867314
-0.845713,51,191.088974
-0.654409,52,191.109736
-0.73343,51,191.129165
-0.732291,51,191.149268
-0.630608,51,191.170706
-0.813922,51,191.19093
-0.684615,51,191.210688
-0.867912,51,191.231397
-0.770943,51,191.253736
-0.676955,51,191.274644
-0.709827,51,191.297081
-0.679451,51,191.320356
-0.739272,50,191.344193
-0.594616,51,191.366787
-0.728243,51,191.388793
-0.67183,51,191.409328
-0.694212,51,191.429333
-0.80247,51,191.450536
-0.623949,52,191.472909
-0.707287,51,191.493879
-0.744177,51,191.515153
-0.729636,51,191.537292
-0.625904,51,191.558146
-0.658638,51,191.578713
-0.708253,51,191.599353
-0.698962,50,191.620872
-0.772683,51,191.642415
-0.720102,51,191.661784
-0.712831,51,191.683081
-0.722132,51,191.704817
-0.663288,52,191.724994
-0.786724,51,191.745075
-0.69494,51,191.765016
-0.719915,50,191.786205
-0.650274,51,191.805509
-0.737756,51,191.826364
-0.754853,51,191.847175
-0.685818,50,191.867287
-0.690123,52,191.890781
-0.694059,51,191.91237
-0.805131,51,192.145902
-0.655629,51,192.167029
-0.758907,51,192.187729
-0.709119,52,192.208726
-0.675912,51,192.229644
-0.693323,50,192.249687
-0.741888,51,192.27074
-0.758678,51,192.291351
-0.711732,50,192.31029
-0.642855,51,192.3306
-0.762988,50,192.354494
-0.680794,51,192.376086
-0.674325,51,192.397532
-0.753278,51,192.421065
-0.669565,50,192.441995
-0.656393,51,192.463363
-0.699713,51,192.490445
-0.603777,50,192.512803
-0.803384,51,192.53738
-0.797688,51,192.559983
-0.723432,50,192.582059
-0.69679,50,192.604401
-0.676206,50,192.628915
-0.709918,50,192.651412
-0.681217,51,192.672663
-0.638673,51,192.693498
-0.704429,52,192.714165
-0.716713,51,192.736918
-0.878499,51,192.760186
-0.751178,51,192.781236
-0.711485,52,192.806199
-0.648891,51,192.832914
-0.628137,50,192.859342
-0.754272,51,192.884137
-0.742262,51,192.908742
-0.657566,51,192.932356
-0.583687,51,192.954327
-0.763805,51,192.974946
-0.687091,52,192.996672
-0.629827,51,193.018605
-0.698126,51,193.039273
-0.625373,50,193.262524
-0.770707,51,193.283169
-0.737518,50,193.304198
-0.759226,50,193.32458
-0.77653,51,193.345178
-0.674362,52,193.36646
-0.608543,51,193.388692
-0.847629,51,193.413218
-0.832535,51,193.438683
-0.725376,51,193.460137
-0.677043,50,193.481035
-0.688656,50,193.502302
-0.662176,51,193.525277
-0.829185,51,193.546663
-0.648262,51,193.567893
-0.620959,51,193.589162
-0.594022,50,193.60948
-0.738015,51,193.63053
-0.658071,52,193.652178
-0.627366,51,193.673562
-0.922358,51,193.694338
-0.779203,50,193.714941
-0.765121,51,193.736462
-0.743602,51,193.757767
-0.697806,52,193.778967
-0.676291,51,193.800062
-0.65928,50,193.821492
-0.689139,51,193.841856
-0.825997,51,193.862512
-0.688753,52,193.883781
-0.677554,51,193.905725
-0.776913,51,193.926596
-0.741723,52,193.947944
-0.651955,52,193.970213
-0.678102,51,193.991222
-0.69819,52,194.012397
-0.629825,52,194.03436
-0.692926,51,194.05574
-0.62697,51,194.076057
-0.607524,51,194.09868
-0.811744,51,194.319337
-0.810707,51,194.340483
-0.634971,50,194.361039
-0.616348,50,194.381829
-0.66878,51,194.403409
-0.724054,51,194.424161
-0.692227,52,194.445221
-0.747387,51,194.465427
-0.746229,51,194.487272
-0.636451,51,194.507926
-0.696373,51,194.52872
-0.663129,51,194.549467
-0.694791,52,194.571015
-0.858465,51,194.591627
-0.7525,51,194.612034
-0.689519,51,194.632678
-0.670569,50,194.653814
-0.717173,51,194.674817
-0.766951,51,194.695719
-0.648416,50,194.71662
-0.613769,52,194.739588
-0.856802,51,194.760767
-0.731264,52,194.782476
-0.677876,51,194.803758
-0.731653,52,194.824194
-0.879714,51,194.845054
-0.725258,50,194.864939
-0.623611,50,194.885234
-0.63468,51,194.906002
-0.751502,51,194.925127
-0.700881,51,194.945557
-0.715985,51,194.966245
-0.636576,52,194.988028
-0.723268,51,195.008063
-0.762067,51,195.02869
-0.606539,51,195.049058
-0.6537,50,195.068713
-0.670064,50,195.0888
-0.677511,51,195.10957
-0.64916,52,195.12999
-0.655652,51,195.343394
-0.860722,51,195.364142
-0.656186,51,195.383663
-0.790059,52,195.40549
-0.673059,51,195.426131
-0.828835,51,195.445621
-0.61581,51,195.466481
-0.79839,51,195.488561
-0.710864,51,195.508916
-0.811792,52,195.530889
-0.721498,50,195.552805
-0.697676,50,195.573374
-0.734534,51,195.5939
-0.638423,51,195.61415
-0.712692,51,195.635645
-0.755135,51,195.655695
-0.610085,51,195.676309
-0.727495,51,195.696779
-0.655915,51,195.716478
-0.723683,50,195.737729
-0.647422,51,195.759007
-0.662617,51,195.779221
-0.707614,51,195.799228
-0.627172,51,195.820965
-0.696998,51,195.841358
-0.644434,51,195.861369
-0.681525,52,195.883133
-0.668233,51,195.90486
-0.680472,52,195.925091
-0.639035,51,195.945977
-0.765899,51,195.966857
-0.711364,51,195.986825
-0.729503,52,196.008058
-0.756894,51,196.029098
-0.717952,51,196.049004
-0.68996,50,196.069942
-0.690956,50,196.08914
-0.683192,50,196.10945
-0.798293,51,196.129642
-0.708732,52,196.149694
-0.808536,51,196.36601
-0.629031,51,196.388335
-0.679647,50,196.417711
-0.698133,51,196.443858
-0.721395,51,196.465243
-0.67912,51,196.486851
-0.817836,52,196.508131
-0.768484,51,196.528945
-0.588166,52,196.550134
-0.663275,51,196.571168
-0.703922,51,196.591919
-0.750913,51,196.612363
-0.712305,51,196.634939
-0.77141,51,196.656194
-0.69596,51,196.677085
-0.621452,50,196.699003
-1.000447,51,196.722541
-0.739745,51,196.745708
-0.66439,51,196.769428
-0.645913,51,196.790848
-0.760347,51,196.812163
-0.700629,52,196.833948
-0.739282,51,196.855395
-0.921105,51,196.877371
-0.63218,51,196.899788
-0.798798,51,196.921836
-0.651469,50,196.945704
-0.682632,51,196.966849
-0.700565,51,196.991714
-0.714442,52,197.013167
-0.755343,52,197.035053
-0.739958,51,197.05625
-0.901347,51,197.078478
-0.743894,52,197.103634
-0.828652,52,197.128207
-0.6438,51,197.152821
-0.736844,51,197.176279
-0.620647,51,197.200331
-0.792494,51,197.225686
-0.837811,51,197.24987
-0.625522,50,197.515704
-0.666611,52,197.541462
-0.699958,51,197.565097
-0.641003,51,197.590488
-0.714062,51,197.613909
-0.710238,51,197.638067
-0.719044,51,197.661603
-0.681826,51,197.686092
-0.790944,51,197.710364
-0.636669,51,197.738134
-0.683792,51,197.765488
-0.772237,51,197.789717
-0.676301,51,197.815382
-0.864959,51,197.846876
-0.69552,52,197.873936
-0.767162,51,197.896126
-0.634182,51,197.918775
-0.729786,51,197.945355
-0.677212,52,197.96722
-0.638441,50,197.990605
-0.62756,51,198.016892
-0.668998,51,198.03899
-0.654011,51,198.060883
-0.810716,51,198.082226
-0.627546,50,198.104032
-0.650861,51,198.127381
-0.64677,50,198.148082
-0.793236,51,198.169856
-0.777142,51,198.191144
-0.702396,51,198.211874
-0.654468,51,198.233606
-0.691806,51,198.255175
-0.673506,51,198.277055
-0.740054,51,198.301562
-0.683705,52,198.323124
-0.718371,51,198.347299
-0.685429,50,198.373628
-0.709533,51,198.394917
-0.651528,52,198.416008
-0.692626,51,198.437493
-0.659696,51,198.6727
-0.73845,51,198.694979
-0.750203,50,198.721207
-0.824296,51,198.74338
-0.675727,51,198.763989
-0.726671,50,198.785092
-0.86957,51,198.812578
-0.691609,51,198.836909
-0.728302,51,198.857816
-0.701405,52,198.879343
-0.672291,51,198.90211
-0.740277,51,198.929281
-0.737657,51,198.953327
-0.658069,51,198.974345
-0.712847,52,198.995579
-0.626484,51,199.016287
-0.630119,51,199.037485
-0.78187,51,199.0588
-0.748109,51,199.079544
-0.624516,52,199.101622
-0.748551,51,199.123204
-0.704643,50,199.143999
-0.680727,52,199.165685
-0.630975,51,199.187931
-0.661597,50,199.208902
-0.730028,51,199.230061
-0.655968,50,199.250418
-0.655726,51,199.272253
-0.804247,52,199.293674
-0.629162,51,199.314462
-0.640968,51,199.335991
-0.764656,51,199.356993
-0.718459,51,199.377785
-0.682344,51,199.397833
-0.777391,51,199.418612
-0.855129,51,199.438986
-0.688452,51,199.45966
-0.698719,51,199.481328
-0.799741,51,199.511205
-0.805671,51,199.532624
-0.827664,51,199.554347
-0.653505,51,199.772459
-0.733751,51,199.79328
-0.845403,51,199.813905
-0.651401,51,199.835367
-0.797931,51,199.85622
-0.707094,51,199.877131
-0.700239,50,199.897702
-0.68533,51,199.918777
-0.661648,51,199.939631
-0.629196,51,199.960643
-0.783244,51,199.981442
-0.691152,51,200.002583
-0.660739,50,200.02277
-0.595865,50,200.042909
-0.667113,50,200.063298
-0.678993,51,200.08415
-0.768373,51,200.105486
-0.68663,51,200.125882
-0.660621,51,200.147083
-0.741547,52,200.169999
-0.72884,52,200.191851
-0.569659,51,200.213086
-0.655462,51,200.234826
-0.725531,52,200.256619
-0.708008,51,200.277715
-0.7712,50,200.297871
-0.655007,52,200.320751
-0.703761,51,200.341988
-0.716964,51,200.362877
-0.68401,52,200.38462
-0.765096,51,200.40587
-0.741205,51,200.426078
-0.706574,51,200.445915
-0.682688,51,200.466657
-0.850287,51,200.487871
-0.788207,51,200.507852
-0.669889,51,200.528691
-0.676457,52,200.55014
-0.627022,51,200.571047
-0.616509,51,200.591798
-0.61565,52,200.807657
-0.614026,51,200.827625
-0.619583,51,200.848332
-0.658398,51,200.870047
-0.713164,51,200.890127
-0.663634,50,200.910456
-0.692341,51,200.93085
-0.715899,51,200.951374
-0.635793,51,200.973099
-0.652129,52,200.993921
-0.800437,51,201.013882
-0.658593,51,201.034814
-0.702122,52,201.056027
-0.672853,51,201.075485
-0.67602,50,201.095751
-0.85731,51,201.115913
-0.648937,50,201.137053
-0.730132,51,201.15667
-0.695738,50,201.176776
-0.857536,51,201.19772
-0.789322,50,201.219907
-0.782988,51,201.240029
-0.639425,51,201.26098
-0.67034,51,201.281153
-0.804672,51,201.309737
-0.72829,51,201.332966
-0.709767,51,201.356549
-0.818378,51,201.377749
-0.707012,51,201.400377
-0.779126,51,201.424066
-0.697793,52,201.445476
-0.717478,50,201.466081
-0.720588,52,201.488246
-0.593158,51,201.508649
-0.661333,51,201.529288
-0.861455,51,201.550092
-0.750937,51,201.571457
-0.609938,50,201.591899
-0.63429,51,201.612756
-0.705496,51,201.633697
-0.649936,52,201.860734
-0.693928,52,201.881891
-0.770234,50,201.903501
-0.761509,51,201.92465
-0.766071,52,201.945192
-0.724915,51,201.966542
-0.714946,51,201.988692
-0.73786,50,202.008796
-0.700798,51,202.031393
-0.666765,50,202.055453
-0.803112,51,202.076332
-0.781626,51,202.096953
-0.794248,51,202.11792
-0.585861,50,202.140547
-0.698674,51,202.161857
-0.647691,50,202.182202
-0.625842,51,202.203963
-0.697413,51,202.224685
-0.694646,51,202.245216
-0.742458,51,202.27077
-0.97682,51,202.295478
-0.668705,51,202.320001
-0.674212,50,202.34475
-0.898989,51,202.370784
-0.693374,52,202.393354
-0.684942,51,202.421137
-0.68321,51,202.448121
-0.687829,51,202.477462
-0.678617,51,202.499074
-0.972226,51,202.52375
-0.715226,52,202.547128
-0.584286,51,202.56892
-0.671014,50,202.589754
-0.676209,52,202.610489
-0.684452,50,202.630697
-0.696788,51,202.651926
-0.768139,51,202.673198
-0.746848,51,202.694006
-0.770248,51,202.714428
-0.667474,51,202.735445
-0.76277,51,202.952522
-0.62833,50,202.972806
-0.778146,51,202.993579
-0.716503,51,203.014715
-0.651147,51,203.036012
-0.740044,50,203.05647
-0.774707,51,203.077253
-0.803662,51,203.09753
-0.7199,52,203.119675
-0.821205,52,203.140537
-0.704921,50,203.161145
-0.668431,51,203.181979
-0.6571,51,203.203452
-0.723903,51,203.22734
-0.764943,52,203.248455
-0.771767,51,203.272123
-0.833961,51,203.293068
-0.64674,51,203.315179
-0.74654,51,203.338125
-0.727173,51,203.362974
-0.746192,51,203.38825
-0.676538,50,203.415515
-0.814063,51,203.440748
-0.775331,51,203.464995
-0.737396,52,203.488345
-0.704666,51,203.51039
-0.688698,50,203.532737
-0.642001,51,203.559844
-0.730728,51,203.582966
-0.619336,51,203.608514
-0.607449,51,203.632463
-0.682385,50,203.656697
-0.66456,51,203.680081
-0.673923,51,203.704763
-0.657687,52,203.728475
-0.631101,51,203.752385
-0.756417,51,203.775738
-0.701083,51,203.799018
-0.679443,51,203.823677
-0.660279,52,203.847529
-0.627533,50,204.122134
-0.887751,51,204.145575
-0.982051,51,204.16984
-0.62465,52,204.193836
-0.659114,50,204.21643
-0.819481,51,204.244656
-0.671954,51,204.271815
-0.661856,51,204.296389
-0.731718,51,204.321282
-0.743353,51,204.344863
-0.740651,51,204.369418
-0.761477,51,204.39459
-0.66774,51,204.419487
-0.664055,52,204.443988
-0.649983,51,204.4692
-0.619461,51,204.492975
-0.854671,51,204.518398
-0.652807,51,204.542262
-0.817977,51,204.564862
-0.628214,51,204.590277
-0.739056,51,204.614136
-0.585858,51,204.638976
-0.821355,51,204.662449
-0.743338,51,204.690822
-0.737941,52,204.714836
-0.712238,51,204.743786
-0.75115,51,204.777185
-0.745762,51,204.802865
-0.657373,51,204.826461
-0.673269,50,204.849172
-0.70041,51,204.873121
-0.675516,51,204.896472
-0.680464,50,204.920317
-0.62973,51,204.947852
-0.773834,51,204.971985
-0.852015,51,204.996505
-0.857937,51,205.028763
-0.729287,51,205.057932
-0.680999,51,205.089943
-0.638891,51,205.114626
-0.785842,51,205.377688
-0.642819,51,205.400783
-0.612073,51,205.427418
-0.695894,50,205.451499
-0.66047,51,205.47655
-0.721628,52,205.501445
-0.886925,51,205.525305
-0.752181,51,205.548176
-0.617891,51,205.572114
-0.722025,51,205.594942
-0.613029,50,205.617424
-0.69676,50,205.640341
-0.701779,51,205.663522
-0.603776,51,205.687191
-0.704619,51,205.710384
-0.803248,51,205.733418
-0.716436,51,205.757326
-0.701662,51,205.780433
-0.605854,51,205.804255
-0.716361,51,205.830145
-0.644026,51,205.855748
-0.678226,51,205.879232
-0.670506,51,205.902661
-0.725101,50,205.925937
-0.681671,50,205.950315
-0.709503,51,205.97568
-0.796117,51,205.999271
-0.741138,52,206.023828
-0.603663,51,206.046994
-0.649287,50,206.070794
-0.732737,52,206.094126
-0.826271,51,206.116938
-0.660168,50,206.140767
-0.726271,51,206.163473
-0.695491,51,206.187284
-0.727239,51,206.207868
-0.706889,51,206.229463
-0.74583,51,206.252373
-0.749787,51,206.273206
-0.654795,51,206.294035
-0.853707,51,206.316033
-0.70366,51,206.550316
-0.628014,51,206.578274
-0.764085,51,206.607792
-0.673925,51,206.632308
-0.615382,51,206.658598
-0.696969,51,206.681684
-0.646967,51,206.705446
-0.712053,51,206.727732
-0.645662,51,206.749287
-0.732451,51,206.771197
-0.639847,50,206.793736
-0.856673,51,206.822049
-0.71208,51,206.850185
-0.692495,51,206.879736
-0.747868,51,206.903931
-0.806752,51,206.927799
-0.734768,51,206.951402
-0.70135,51,206.973464
-0.76486,50,206.994968
-0.703743,51,207.018038
-0.807284,51,207.042384
-0.657815,51,207.065323
-0.642719,50,207.085875
-0.633543,52,207.108543
-0.626278,52,207.131346
-0.851662,51,207.153204
-0.632458,51,207.174591
-0.761456,51,207.196626
-0.694467,51,207.219937
-0.656994,51,207.241471
-0.635995,50,207.26236
-0.889609,51,207.283281
-0.757873,52,207.305646
-0.694127,50,207.326145
-0.685368,51,207.348589
-0.655123,51,207.373495
-0.68742,51,207.398948
-0.678477,51,207.424062
-0.683801,51,207.44653
-0.65508,51,207.471992
-0.621997,51,207.699699
-0.757776,51,207.72109
-0.803683,51,207.741915
-0.666635,51,207.762475
-0.603896,51,207.783037
-0.691815,51,207.804491
-0.665903,51,207.825203
-0.702448,51,207.846194
-0.668175,52,207.867755
-0.669794,51,207.888676
-0.717085,50,207.909131
-0.768832,51,207.929775
-0.701096,51,207.951008
-0.727257,52,207.972209
-0.716563,51,207.992844
-0.673545,51,208.013525
-0.695732,51,208.035247
-0.722966,51,208.056235
-0.693591,51,208.076712
-0.621502,51,208.097818
-0.797391,51,208.119115
-0.698409,51,208.140578
-0.607016,50,208.160788
-0.685667,51,208.182067
-0.785676,51,208.204553
-0.788664,52,208.226096
-0.779867,51,208.246665
-0.854354,51,208.269235
-0.616876,51,208.29026
-0.725137,51,208.311016
-0.658382,52,208.333857
-0.617201,51,208.355474
-0.597338,50,208.375882
-0.692562,52,208.39726
-0.636959,51,208.418333
-0.818784,51,208.439684
-0.729709,51,208.460959
-0.906427,51,208.481775
-0.661299,51,208.503382
-0.796396,51,208.523986
-0.715941,51,208.742579
-0.728654,51,208.763504
-0.670766,51,208.784828
-0.683169,52,208.806004
-0.855594,51,208.826508
-0.806161,51,208.84708
-0.680257,51,208.869521
-0.722752,51,208.890451
-0.777488,51,208.911416
-0.628281,51,208.93232
-0.589139,51,208.956008
-0.67502,51,208.978658
-0.720481,52,209.001875
-0.6835,52,209.022975
-0.715248,51,209.043716
-0.776073,50,209.064129
-0.658831,50,209.084761
-0.737733,51,209.105894
-0.704283,50,209.12616
-0.727845,51,209.146562
-0.683468,51,209.168757
-0.619434,51,209.190064
-0.643025,51,209.211419
-0.695937,51,209.232671
-0.688066,50,209.253857
-0.798305,51,209.275095
-0.709181,51,209.295963
-0.680367,51,209.316574
-0.630476,50,209.338204
-0.73065,51,209.358979
-0.679629,52,209.379827
-0.684973,51,209.401157
-0.71071,51,209.422599
-0.741086,51,209.443325
-0.652157,51,209.464009
-0.694174,50,209.485978
-0.891115,51,209.510315
-0.650052,51,209.533407
-0.633354,51,209.558867
-0.952801,51,209.581668
-0.70464,52,209.807111
-0.783942,51,209.828144
-0.66756,51,209.848264
-0.836967,51,209.870068
-0.645131,51,209.891214
-0.700737,51,209.912041
-0.708529,51,209.932731
-0.711078,51,209.954171
-0.640585,51,209.974798
-0.63144,51,209.995785
-0.747718,51,210.016772
-0.68945,51,210.038445
-0.647499,51,210.058734
-0.642584,51,210.079244
-0.706884,52,210.099767
-0.761291,51,210.12167
-0.623706,52,210.14277
-0.6398,51,210.163082
-0.741127,51,210.185948
-0.693969,50,210.206584
-0.717426,52,210.238051
-0.818519,51,210.263001
-0.685633,51,210.285438
-0.623805,50,210.306355
-0.774217,51,210.328381
-0.673302,51,210.34929
-0.67743,50,210.371784
-0.761064,51,210.393952
-0.715249,52,210.41544
-0.648396,51,210.437275
-0.659966,51,210.458151
-0.679298,51,210.549092
-0.705611,52,210.581119
-0.648967,51,210.613615
-0.800661,51,210.644541
-0.649981,51,210.713766
-0.723196,51,210.826665
-0.680036,50,210.864156
-0.772498,51,210.896594
-0.72962,51,210.932072
-0.688786,51,211.225049
-0.65163,51,211.249317
-0.724947,50,211.276575
-0.785692,51,211.304253
-0.796223,51,211.3448
-0.658851,51,211.389282
-0.746474,51,211.436208
-0.61307,51,211.469852
-0.712985,51,211.494571
-0.697026,52,211.517507
-0.695273,51,211.542747
-0.738936,51,211.564571
-0.676564,51,211.586426
-0.641964,51,211.607089
-0.704593,51,211.628763
-0.610211,51,211.649987
-0.630691,51,211.671884
-0.64607,51,211.693575
-0.665077,51,211.715928
-0.732211,51,211.743659
-0.754179,52,211.773669
-0.718081,50,211.797004
-0.768904,51,211.820743
-0.651432,51,211.843222
-0.667491,50,211.864071
-0.630428,51,211.886094
-0.728526,51,211.906928
-0.66016,50,211.92794
-0.736315,51,211.949078
-0.77476,51,211.972876
-0.670826,50,211.993601
-0.632767,51,212.014638
-0.741313,51,212.036292
-0.698562,51,212.057527
-0.741157,51,212.078313
-0.740144,51,212.098604
-0.579653,50,212.119726
-0.692752,52,212.1411
-0.743779,51,212.161954
-0.840875,51,212.182132
-0.66942,51,212.445831
-0.705328,51,212.47599
-0.712586,51,212.506795
-0.773701,51,212.531329
-0.616832,51,212.558922
-0.603676,51,212.585942
-0.684293,51,212.615034
-0.717072,51,212.650487
-0.778242,51,212.677231
-0.705539,51,212.703357
-0.728194,51,212.724966
-0.71815,51,212.745606
-0.809775,51,212.768739
-0.821292,50,212.791075
-0.611171,51,212.812143
-0.689769,51,212.836332
-0.643347,51,212.860495
-0.708978,51,212.88353
-0.72637,50,212.906046
-0.741614,51,212.928187
-0.700114,51,212.950754
-0.681472,51,212.97269
-0.683,51,212.993729
-0.797791,52,213.021055
-0.751586,51,213.045271
-0.646854,51,213.073254
-0.752698,52,213.098044
-0.68528,51,213.124581
-0.63498,51,213.157087
-0.604376,51,213.189436
-0.705385,51,213.249
-0.768642,50,213.312439
-0.695437,51,213.352588
-0.864181,51,213.381671
-0.612018,51,213.411553
-0.630556,52,213.448922
-0.672756,51,213.488544
-0.718555,52,213.526417
-0.661518,51,213.563235
-0.727925,52,213.609868
-0.836418,51,213.64448
-0.613345,51,214.189006
-0.702151,51,214.223143
-0.782033,51,214.24925
-0.625022,51,214.276063
-0.701531,50,214.303543
-0.813338,51,214.328011
-0.607483,50,214.354418
-0.812894,51,214.382559
-0.788427,52,214.410701
-0.853555,51,214.439621
-0.718525,51,214.471371
-0.712925,51,214.506793
-0.702166,51,214.537068
-0.631948,50,214.564202
-0.71308,50,214.589979
-0.623426,50,214.613609
-0.658442,52,214.638729
-0.738614,51,214.66222
-0.643612,50,214.695012
-0.820353,51,214.720987
-0.619404,50,214.746446
-0.664963,50,214.783968
-0.735068,51,214.818552
-0.685783,51,214.862677
-0.839003,51,214.908078
-0.786996,51,214.941053
-0.77261,51,214.982828
-0.805677,52,215.032436
-0.764965,51,215.074969
-0.70993,52,215.105385
-0.655428,51,215.142186
-0.787432,51,215.180125
-0.643265,51,215.212902
-0.774983,51,215.237302
-0.709272,51,215.260646
-0.667662,51,215.286019
-0.731916,52,215.31043
-0.704276,51,215.339153
-0.623548,51,215.361486
-0.766402,51,215.3894
-0.797211,51,215.622478
-0.743177,51,215.644394
-0.659061,51,215.665749
-0.716987,51,215.687026
-0.653213,50,215.709248
-0.741103,50,215.729967
-0.628516,51,215.750943
-0.741134,51,215.77338
-0.675018,50,215.793727
-0.714693,50,215.81371
-0.691279,50,215.836022
-0.827211,51,215.856801
-0.827034,52,215.87752
-0.584876,52,215.899737
-0.582243,50,215.922227
-0.707906,51,215.943852
-0.727197,50,215.964596
-0.704309,51,215.987968
-0.67038,51,216.009877
-0.68167,50,216.034643
-0.721056,51,216.057662
-0.64828,52,216.080036
-0.671563,51,216.102914
-0.717465,50,216.125226
-0.75304,51,216.154641
-0.642682,51,216.183612
-0.76359,51,216.210256
-0.607797,51,216.232988
-0.935875,51,216.255996
-0.847163,51,216.276701
-0.825878,51,216.298628
-0.739036,51,216.320537
-0.722797,52,216.341855
-0.763208,51,216.36241
-0.722546,51,216.384739
-0.707286,51,216.407902
-0.673608,51,216.430074
-0.730515,51,216.452236
-0.74582,51,216.483474
-0.579467,50,216.507621
-0.621543,51,216.888348
-0.72929,52,216.93594
-0.680045,51,216.971833
-0.765782,51,217.029486
-0.699673,51,217.065345
-0.76883,51,217.107369
-0.718245,51,217.142317
-0.702697,52,217.17318
-0.619822,51,217.205934
-0.741492,51,217.26568
-0.792864,51,217.310022
-0.734258,51,217.357882
-0.641546,50,217.39554
-0.724235,51,217.446682
-0.651488,51,217.474591
-0.716298,52,217.498821
-0.709273,51,217.525458
-0.636854,51,217.556538
-0.75327,51,217.57955
-0.700759,51,217.605093
-0.688968,51,217.628675
-0.744122,51,217.652539
-0.695642,51,217.678665
-0.684492,51,217.705806
-0.561155,50,217.732747
-0.600677,51,217.76907
-0.758742,51,217.792893
-0.62229,52,217.817314
-0.613133,51,217.840923
-0.802554,51,217.864714
-0.779254,50,217.890661
-0.674639,50,217.91633
-0.625784,52,217.944484
-0.632949,50,217.966757
-0.731526,51,217.990403
-0.708211,51,218.019072
-0.641028,52,218.049732
-0.698588,51,218.098789
-0.686848,51,218.126975
-0.78319,51,218.150732
-0.787674,51,218.503207
-0.70167,51,218.600806
-0.700359,50,218.675616
-0.865968,51,218.755874
-0.683168,51,218.827417
-0.711634,51,218.87262
-0.626899,51,218.919174
-0.866228,51,219.005691
-0.755062,50,219.109343
-0.701798,51,219.169941
-0.68265,50,219.222534
-0.684594,52,219.273508
-0.774599,51,219.344057
-0.776215,51,219.388968
-0.685808,51,219.41381
-0.704634,51,219.447227
-0.748883,51,219.476762
-0.739564,51,219.512443
-0.698434,52,219.558676
-0.686146,52,219.605575
-0.697902,51,219.645017
-0.86601,51,219.673935
-0.654297,52,219.703125
-0.678851,51,219.728107
-0.656715,51,219.755563
-0.66129,51,219.781455
-0.66267,51,219.809303
-0.701307,51,219.847295
-0.663102,51,219.881153
-0.660074,51,219.919312
-0.691332,52,219.96145
-0.791891,51,219.991856
-0.71473,52,220.027705
-0.786051,51,220.06243
-0.736752,51,220.090938
-0.744458,51,220.120749
-0.701166,51,220.14802
-0.729665,51,220.175116
-0.75793,51,220.240439
-0.748467,51,220.273016
-0.711189,50,220.611016
-0.943523,51,220.636986
-0.623604,51,220.661616
-0.801169,51,220.686883
-0.707477,51,220.711192
-0.685526,50,220.734512
-0.671595,51,220.757536
-0.654919,52,220.779544
-0.784508,51,220.804541
-0.616401,51,220.827943
-0.737201,52,220.854987
-0.614028,51,220.878701
-0.795674,51,220.904951
-0.684136,51,220.928788
-0.751333,51,220.954076
-0.687049,52,220.982438
-0.723987,51,221.010314
-0.668526,50,221.040451
-0.837445,51,221.076667
-0.771463,51,221.125586
-0.609167,52,221.163157
-0.674799,51,221.196144
-0.764689,51,221.245797
-0.826963,51,221.27975
-0.689665,52,221.307986
-0.690973,51,221.33832
-0.673548,51,221.361753
-0.661711,51,221.390831
-0.695715,52,221.430875
-0.641324,51,221.469729
-0.69562,50,221.496248
-0.73179,51,221.522191
-0.644013,51,221.545597
-0.743756,51,221.571775
-0.67495,51,221.595585
-0.615195,50,221.62278
-0.648749,52,221.65438
-0.907377,51,221.686031
-0.653638,50,221.714311
-0.689712,51,221.74394
-0.650987,51,222.033017
-0.761248,51,222.060748
-0.844711,52,222.098646
-0.639203,52,222.138075
-0.738898,51,222.169361
-0.724229,51,222.200385
-0.650585,51,222.232515
-0.814005,52,222.263164
-0.624835,51,222.296541
-0.693393,51,222.330207
-0.635815,51,222.379152
-0.674343,51,222.619801
-0.649967,51,222.77639
-0.683957,51,222.828083
-0.779468,52,222.862351
-0.614306,50,222.896141
-0.664852,51,222.935476
-0.748505,50,222.965972
-0.68879,51,223.007345
-0.677652,52,223.060626
-0.748294,51,223.089709
-0.684177,51,223.115975
-0.761506,51,223.147239
-0.692727,51,223.186673
-0.716923,51,223.219676
-0.758809,51,223.246116
-0.963009,51,223.278207
-0.710668,51,223.307378
-0.594393,51,223.338596
-0.73468,51,223.369354
-0.674628,51,223.397649
-0.704077,51,223.426711
-0.607325,51,223.455885
-0.761815,51,223.481453
-0.733581,51,223.50805
-0.724504,50,223.531807
-0.739853,51,223.557748
-0.69084,50,223.57846
-0.669796,52,223.599868
-0.672857,50,223.621919
-0.857148,51,223.647145
-0.702439,51,224.213916
-0.632575,50,224.24786
-0.713178,51,224.29931
-0.711536,52,224.339349
-0.809073,51,224.375367
-0.78384,51,224.425828
-0.670895,51,224.477094
-0.583287,50,224.514953
-0.686068,52,224.548857
-0.716849,52,224.58414
-0.641445,52,224.623666
-0.73154,52,224.667032
-0.736447,52,224.711713
-0.822623,51,224.756125
-0.79476,51,224.79242
-0.622558,51,224.825387
-0.678928,51,224.870276
-0.732989,51,224.902133
-0.754653,51,224.933171
-0.654197,51,224.967659
-0.720669,50,225.011653
-0.749245,51,225.045825
-0.723697,51,225.079459
-0.770257,51,225.111971
-0.68357,52,225.145949
-0.67028,50,225.191994
-0.68189,51,225.252058
-0.599729,51,225.330784
-0.654133,50,225.376883
-0.594994,51,225.476357
-0.681381,51,225.65752
-0.666471,50,225.727994
-0.751395,51,225.810228
-0.719219,51,225.961275
-0.705438,51,226.008612
-0.579019,51,226.069238
-0.638363,51,226.111453
-0.660786,51,226.157285
-0.745742,51,226.199482
-0.658359,51,226.238819
-0.658594,51,226.78318
-0.676698,51,226.839601
-0.687813,52,226.909857
-0.723425,52,226.960967
-0.628027,50,227.005412
-0.717068,51,227.036738
-0.582441,52,227.07042
-0.688441,51,227.112771
-0.653947,51,227.175926
-0.743865,51,227.216513
-0.799158,51,227.249752
-0.733402,51,227.281574
-0.70257,51,227.311185
-0.758558,52,227.340875
-0.64683,51,227.371915
-0.773745,51,227.403765
-0.650642,51,227.432534
-0.684815,51,227.461404
-0.718604,50,227.492653
-0.897144,51,227.527404
-0.668115,51,227.556415
-0.879521,51,227.587081
-0.731403,50,227.616142
-0.746538,50,227.64475
-0.676194,50,227.671494
-0.675185,51,227.701746
-0.816492,51,227.730089
-0.667499,50,227.758565
-0.665723,51,227.789242
-0.689057,51,227.819215
-0.658552,51,227.847403
-0.686235,51,227.874585
-0.701226,51,227.909153
-0.880045,51,227.938146
-0.752733,51,227.964548
-0.594629,51,227.992853
-0.700106,51,228.021181
-0.685827,50,228.047267
-0.8177,52,228.072511
-0.779733,51,228.095403
-0.75213,52,228.445001
-0.697465,50,228.532707
-0.72371,52,228.589314
-0.708797,51,228.628264
-0.839633,51,228.673483
-0.735255,51,228.699002
-0.669935,51,228.72462
-0.669389,51,228.748277
-0.683813,52,228.774567
-0.772567,52,228.799603
-0.707099,51,228.825556
-0.630921,51,228.851474
-0.633702,50,228.876451
-0.653575,50,228.905425
-0.616454,51,228.957572
-0.659007,50,229.022656
-0.64984,50,229.079591
-0.749854,51,229.108917
-0.731379,52,229.136791
-0.598555,51,229.160093
-0.73272,52,229.185288
-0.70456,52,229.207985
-0.671739,50,229.229638
-0.881068,51,229.254704
-0.671155,51,229.288714
-0.699705,50,229.314629
-0.634079,51,229.338913
-0.634582,51,229.362092
-0.664994,52,229.386587
-0.727144,52,229.412085
-0.691519,50,229.44066
-0.7246,51,229.463042
-0.644595,51,229.485651
-0.62079,51,229.510079
-0.760962,51,229.531133
-0.681263,50,229.553226
-0.627233,51,229.578806
-0.727074,51,229.611665
-0.667852,52,229.646849
-0.644969,51,229.678209
-0.757495,51,229.999487
-0.739895,51,230.021172
-0.640079,51,230.041941
-0.703105,51,230.061152
-0.644954,51,230.084007
-0.679246,51,230.105241
-0.672443,52,230.125528
-0.638519,51,230.144486
-0.763212,51,230.163236
-0.601713,52,230.182832
-0.63465,50,230.201073
-0.686614,51,230.217916
-0.659684,51,230.235047
-0.762225,51,230.251879
-0.694943,51,230.268854
-0.652466,51,230.285464
-0.620715,51,230.301902
-0.669381,52,230.317694
-0.667158,51,230.333406
-0.737386,51,230.352663
-0.931548,51,230.369589
-0.739103,51,230.385573
-0.630256,51,230.40109
-0.724857,51,230.416765
-0.612422,51,230.432808
-0.662807,51,230.451813
-0.818388,51,230.467725
-0.734329,51,230.483542
-0.669802,51,230.501898
-0.637138,51,230.522582
-0.695159,51,230.541139
-0.609048,52,230.561488
-0.627236,51,230.581017
-0.698551,51,230.599353
-0.728744,51,230.618672
-0.655824,51,230.641641
-0.70172,51,230.664145
-0.685457,52,230.690121
-0.727788,52,230.709626
-0.654222,51,230.727672
